kappa,h,p,estimator,comparison,budget,equal_CNOT_shots_completed,zero_CNOT_control,actual_G,actual_shots,archive,sha256,scientific_fingerprint,disposition
0.0,0.2,0,raw,equal_shots,100000,False,False,3100000,100000,results/stage6_followup_v1/measurements/7014a69dce46344d6722e730795869c1e4bd1f8928a750be2b8efdce77b41ffd.npz,17ddddf460fd4b56ce2c6f0ff2930cdc3b37b1026c50c666c5149cee3dd59abb,7014a69dce46344d6722e730795869c1e4bd1f8928a750be2b8efdce77b41ffd,historical_reused
0.0,0.2,0,zne_quadratic,equal_shots,100000,False,False,9299938,100000,results/stage6_followup_v1/measurements/6599cc5271ebd1b0401caab5e50b5609d0f25356a3df17b66a8f0edfef5367bc.npz,a0657faa8bc9edc041ebe8aead8be75319c12d303778e9b0bb8e75f018cf14a4,6599cc5271ebd1b0401caab5e50b5609d0f25356a3df17b66a8f0edfef5367bc,historical_reused
0.0,0.2,0,sv,equal_shots,100000,False,False,3100000,100000,results/stage6_followup_v1/measurements/b51788fe9f9514dee9da07fbe6f3e42892f649c0c2b23aa6d2c2ec80c536d152.npz,a3a84f5223c7c986c1fef2b6c1eb0006ae8209bd327745858e40274f4fcf29fd,b51788fe9f9514dee9da07fbe6f3e42892f649c0c2b23aa6d2c2ec80c536d152,historical_reused
0.0,0.2,0.01,raw,equal_shots,100000,False,False,3100000,100000,results/stage6_followup_v1/measurements/3978c3c577e44e0e9cecae86d31ae5620d2d1eeb53b435ea6ff814c49ac2d353.npz,8ae5d861e742a894b09f242e5005716777c629ec5b535a4887fbf3179a80c46f,3978c3c577e44e0e9cecae86d31ae5620d2d1eeb53b435ea6ff814c49ac2d353,historical_reused
0.0,0.2,0.01,zne_quadratic,equal_shots,100000,False,False,9299938,100000,results/stage6_followup_v1/measurements/d92512e059ddea9d15064afa8695d7913ac48bd40ea6848cf747fe3bf295f211.npz,371939e381d86bd3c8a79fafc5e6c4a71305c482d9b5a07474027ad07c9fce56,d92512e059ddea9d15064afa8695d7913ac48bd40ea6848cf747fe3bf295f211,historical_reused
0.0,0.2,0.01,sv,equal_shots,100000,False,False,3100000,100000,results/stage6_followup_v1/measurements/846a7c634a9707e4457f52cdb29c96936d09462ad2001a8f0b204c65d3c288fe.npz,61cc20380d046fdc2acf57016ca1263fac06fa1dc35a894284ea7d43603a8a33,846a7c634a9707e4457f52cdb29c96936d09462ad2001a8f0b204c65d3c288fe,historical_reused
0.0,0.2,0.05,raw,equal_shots,100000,False,False,3100000,100000,results/stage6_followup_v1/measurements/97f5c619e6a42a2da83c573f045e70bcd87b950c0cadeadcb002f25888ceb251.npz,bbe3caab01bbe634566abbce544be63f4909a8d49c451861f3de5b2ff2ea9db8,97f5c619e6a42a2da83c573f045e70bcd87b950c0cadeadcb002f25888ceb251,historical_reused
0.0,0.2,0.05,zne_quadratic,equal_shots,100000,False,False,9299938,100000,results/stage6_followup_v1/measurements/9f517f1d5ed8399fd23a9ad9a3c04ae7bb044a6cab5116b4d33f00a09dee69e1.npz,62e118209173979219ea8864b42f230ad863ba4c6191f642d20608c941c2c22d,9f517f1d5ed8399fd23a9ad9a3c04ae7bb044a6cab5116b4d33f00a09dee69e1,historical_reused
0.0,0.2,0.05,sv,equal_shots,100000,False,False,3100000,100000,results/stage6_followup_v1/measurements/332481e42ae42c99a30fe68edacb708b4f16236c0cc803d7177846f9ce2a4670.npz,336abf035b7a748de18356e36b60cc8573c2e318c7d88598c4a825282c15ba42,332481e42ae42c99a30fe68edacb708b4f16236c0cc803d7177846f9ce2a4670,historical_reused
0.0,0.2,0,raw,equal_gate,100000,True,False,3100000,100000,results/stage6_followup_v1/measurements/4df9cdd6484441ea9df5bea1a11d1da917bb8555f04287c17ae7661b92b0ab72.npz,65e769e2eb63c854eb5bd2dcff133f5f6602dda405e25a83b79bbfc8983553af,4df9cdd6484441ea9df5bea1a11d1da917bb8555f04287c17ae7661b92b0ab72,newly_executed
0.0,0.2,0,zne_quadratic,equal_gate,100000,True,False,3100000,33334,results/stage6_followup_v1/measurements/7a01361417b09d618f9df2e4c27475499226beceefded6cf8b659b6cd07f7413.npz,ed65140a6b2681093f5494fabe7378099902e4b479ff4e65308f941e550eedae,7a01361417b09d618f9df2e4c27475499226beceefded6cf8b659b6cd07f7413,newly_executed
0.0,0.2,0,sv,equal_gate,100000,True,False,3100000,100000,results/stage6_followup_v1/measurements/2910261844ecb89700a453e986c6af142d7add306f428271f9b2dfec2d3b6894.npz,0aecb275059f973887be0c667e56dfec9994f2fde50a2a60383ce6cbf218fa20,2910261844ecb89700a453e986c6af142d7add306f428271f9b2dfec2d3b6894,newly_executed
0.0,0.2,0.01,raw,equal_gate,100000,True,False,3100000,100000,results/stage6_followup_v1/measurements/15a99055a38b930d72c358a52602fc57a6b926a08060f7a1671bc0d3afbafd31.npz,c830cdd70fa2116ab533ea3ba9aba9c3021dfeeb85de824e6a613fed0b741a08,15a99055a38b930d72c358a52602fc57a6b926a08060f7a1671bc0d3afbafd31,newly_executed
0.0,0.2,0.01,zne_quadratic,equal_gate,100000,True,False,3100000,33334,results/stage6_followup_v1/measurements/a3443c543d4712a2dd401437f9bd4c3ae90d4207e67c08084aed1deeb1ee82aa.npz,de40d7ce27928152b7f188f0d9f9dbae0e1a8ccf2621a20cf7b5ac752c353e6c,a3443c543d4712a2dd401437f9bd4c3ae90d4207e67c08084aed1deeb1ee82aa,newly_executed
0.0,0.2,0.01,sv,equal_gate,100000,True,False,3100000,100000,results/stage6_followup_v1/measurements/4959180082645801af978c69cac535a16baac836112e7d4541ae40c5acded83d.npz,6aefd61132dea265a5875e8556fdbfdd3a22c2bfbc002f7b6d092c969f6161e1,4959180082645801af978c69cac535a16baac836112e7d4541ae40c5acded83d,newly_executed
0.0,0.2,0.05,raw,equal_gate,100000,True,False,3100000,100000,results/stage6_followup_v1/measurements/1c622413fc898defdcb1205b6808d814767d7d911713e4632fc3e010fc24fce3.npz,bc04dd48e509223d53369c0e27eca4e54742c788b0ffc6d83d1c070c6f7d5873,1c622413fc898defdcb1205b6808d814767d7d911713e4632fc3e010fc24fce3,newly_executed
0.0,0.2,0.05,zne_quadratic,equal_gate,100000,True,False,3100000,33334,results/stage6_followup_v1/measurements/5d87d2776f5637a4a536cee039c3b8c7f3dd3adf49ee2a4120d557047cf54b8b.npz,ef2383abf35203fd32d146fd301b027a2da464669f2cfa35cb5de3e30f53cd3a,5d87d2776f5637a4a536cee039c3b8c7f3dd3adf49ee2a4120d557047cf54b8b,newly_executed
0.0,0.2,0.05,sv,equal_gate,100000,True,False,3100000,100000,results/stage6_followup_v1/measurements/0f0068e6b0d23c44c857c87884eac609dc36dd50322add07fb611d87e5feee38.npz,5673fb13b22b1e91a5afc720438b94233ceb6cf52fb6fd2f8081d5cb8ac7c658,0f0068e6b0d23c44c857c87884eac609dc36dd50322add07fb611d87e5feee38,newly_executed
0.0,0.2,0,raw,equal_gate,300000,True,False,9299938,299998,results/stage6_followup_v1/measurements/c2335cce01892bc424c2d71d37340b7abd9eee2951453b24f7ae3bfb6852d8f2.npz,90d91b65077e0c2f630409698a0047f63215245c764b253ec4c9f6c0ec93f694,c2335cce01892bc424c2d71d37340b7abd9eee2951453b24f7ae3bfb6852d8f2,newly_executed
0.0,0.2,0,zne_quadratic,equal_gate,300000,True,False,9299938,100000,results/stage6_followup_v1/measurements/ec90ec8b88d3db20d6080a26b8bc5633558baba93ff63e7423e5c03eb1decda3.npz,585c0c3518641f2685020120cad4d78cbaac5c3c63f5355d7216a78e33678891,ec90ec8b88d3db20d6080a26b8bc5633558baba93ff63e7423e5c03eb1decda3,newly_executed
0.0,0.2,0,sv,equal_gate,300000,True,False,9299938,299998,results/stage6_followup_v1/measurements/352285a60a87f96c7995350599a9acb9b9cb283f53fa3e4a97cefa5a5d295406.npz,41f97e0aeb1d9b478ea9486a17d0bfb886b8ee978feb5fd463e05f44ed0bf3f7,352285a60a87f96c7995350599a9acb9b9cb283f53fa3e4a97cefa5a5d295406,newly_executed
0.0,0.2,0.01,raw,equal_gate,300000,True,False,9299938,299998,results/stage6_followup_v1/measurements/bc2963c8fbbf81d86380f48ec7990b59a8645f0becead73eabf95e7f1f4a28f9.npz,e206f4673efa59d461b2dba8690c9a3c2456e3137c013cc0cbee3932ad35538d,bc2963c8fbbf81d86380f48ec7990b59a8645f0becead73eabf95e7f1f4a28f9,newly_executed
0.0,0.2,0.01,zne_quadratic,equal_gate,300000,True,False,9299938,100000,results/stage6_followup_v1/measurements/d1c53911b1f880d8ad251dfa58da9a3d3a716ab99767b2d2520de3f1dad80ce5.npz,5f9171871f7970cc56a0b5a60ccac34d78b6c78b239f653f881440f27cbb0dca,d1c53911b1f880d8ad251dfa58da9a3d3a716ab99767b2d2520de3f1dad80ce5,newly_executed
0.0,0.2,0.01,sv,equal_gate,300000,True,False,9299938,299998,results/stage6_followup_v1/measurements/8543c4073417111b0f9b3e603045715340d93e8691c603223507475105cc65df.npz,bfb3084afe8d2871cc3d9e317560d3735406e5e6c82932e1933445df78b38b5a,8543c4073417111b0f9b3e603045715340d93e8691c603223507475105cc65df,newly_executed
0.0,0.2,0.05,raw,equal_gate,300000,True,False,9299938,299998,results/stage6_followup_v1/measurements/523e8dcf6c098cc236220075434759a7b24c7b30acf3894637ed0daa5f535f37.npz,fd6760650103d55f3f0936a45a6303d65cb1a35a1753307bf757b69448760f33,523e8dcf6c098cc236220075434759a7b24c7b30acf3894637ed0daa5f535f37,newly_executed
0.0,0.2,0.05,zne_quadratic,equal_gate,300000,True,False,9299938,100000,results/stage6_followup_v1/measurements/c84816059af0e1ad1faac45354c8c08dca59d529e637e8a86c65744fcc7a023d.npz,303ac8e986b457af8b2f9791ec98a6b3c130d9a940da5b6d106ff4b446523410,c84816059af0e1ad1faac45354c8c08dca59d529e637e8a86c65744fcc7a023d,newly_executed
0.0,0.2,0.05,sv,equal_gate,300000,True,False,9299938,299998,results/stage6_followup_v1/measurements/c653ac1278048c035cb86fc638f6b601b23bf220df4e8c769ce42f8505465022.npz,ae537a118893213642049b8d3ca3181a17ada28d82f1ec1599a7d9a4016c9dc8,c653ac1278048c035cb86fc638f6b601b23bf220df4e8c769ce42f8505465022,newly_executed
0.0,0.875,0,raw,equal_shots,100000,False,False,9600000,100000,results/stage6_followup_v1/measurements/80d537d2344f61f84e2f106ced334f01204f7f741cc63cc82ec5e21443a33dce.npz,e4e0c49e967ca2f46bd5f34447a263c60287f5a68145d02dbdb7ab3c9ff4b2f6,80d537d2344f61f84e2f106ced334f01204f7f741cc63cc82ec5e21443a33dce,newly_executed
0.0,0.875,0,zne_quadratic,equal_shots,100000,False,False,28799808,100000,results/stage6_followup_v1/measurements/d82746a0ee6222e4c471ac9eb218220490c579d6e8d84c0c980315ff0b24ed59.npz,31341ab7d8b1276447b67add8eabad073df6f98001b13f3d919e3f494f2a48b4,d82746a0ee6222e4c471ac9eb218220490c579d6e8d84c0c980315ff0b24ed59,newly_executed
0.0,0.875,0,sv,equal_shots,100000,False,False,9600000,100000,results/stage6_followup_v1/measurements/75d40ba50127b5e4329b044a91a29b4c640c7fb6a8c2fe066b9885d75dcd4ba5.npz,04b6d1f06602c0f6d9d22a2ba6dc456dc92bce9eeeba2e47f2e27646e034283e,75d40ba50127b5e4329b044a91a29b4c640c7fb6a8c2fe066b9885d75dcd4ba5,newly_executed
0.0,0.875,0.01,raw,equal_shots,100000,False,False,9600000,100000,results/stage6_followup_v1/measurements/333c962cdecb511c8794a510fcf862fe364dec750ef3adc2026331ef0ebe0928.npz,e0a36d3641b3d9e94c284688c729bdea65fe9ef931179536adacb8e65fa8b3af,333c962cdecb511c8794a510fcf862fe364dec750ef3adc2026331ef0ebe0928,newly_executed
0.0,0.875,0.01,zne_quadratic,equal_shots,100000,False,False,28799808,100000,results/stage6_followup_v1/measurements/aefab40aa15add116a1ce1cd61db86b7961e7a63f49c8e1d91dd3619e7159873.npz,94ddac7069205b18f616d8a757ba58eda515c7101ee1a8103b56f94af54376cc,aefab40aa15add116a1ce1cd61db86b7961e7a63f49c8e1d91dd3619e7159873,newly_executed
0.0,0.875,0.01,sv,equal_shots,100000,False,False,9600000,100000,results/stage6_followup_v1/measurements/301d0bcf835e74aaa6143606c50ecb0a15d4d9e8d50422d155a3c3d00e27a6de.npz,2e8f12612b77b81c012d8c5b57e2048e85c9b9e45c4eebe4f5870262ee79f8f8,301d0bcf835e74aaa6143606c50ecb0a15d4d9e8d50422d155a3c3d00e27a6de,newly_executed
0.0,0.875,0.05,raw,equal_shots,100000,False,False,9600000,100000,results/stage6_followup_v1/measurements/bec45d03657cd45414b7a10c11ab8266e9573b82fe3a0471a1076fce5193b78b.npz,e0e0072ba9464e3cd8e5c86fc56b54965a91b491e05a713ed694e684d96edefb,bec45d03657cd45414b7a10c11ab8266e9573b82fe3a0471a1076fce5193b78b,newly_executed
0.0,0.875,0.05,zne_quadratic,equal_shots,100000,False,False,28799808,100000,results/stage6_followup_v1/measurements/dda3079e4314860d851ddde831b1e461b541d831a56f7dc3b8eeac0bd10e481b.npz,07e4f2c3149aaba6f8fb9dc18ecc460788cab6ce276b2284760a1b84d5d9ed92,dda3079e4314860d851ddde831b1e461b541d831a56f7dc3b8eeac0bd10e481b,newly_executed
0.0,0.875,0.05,sv,equal_shots,100000,False,False,9600000,100000,results/stage6_followup_v1/measurements/f1345fc88e6e040790381a7caba7396f2bd440d3b7aa53c9ed74d296bf63406d.npz,a0a76bbf0c69a4e6157b393fa873263cf147d415dc3132b7837e7c0629891065,f1345fc88e6e040790381a7caba7396f2bd440d3b7aa53c9ed74d296bf63406d,newly_executed
0.0,0.875,0,raw,equal_gate,100000,True,False,9600000,100000,results/stage6_followup_v1/measurements/67fac51398106d447f8a89c5974be92ca917dbb76e1b0b7b2a612350c0e054d8.npz,3b63f56d3edccf04a915bb31f58e41f1a54f81dc238d6f7a596fedb94d98d660,67fac51398106d447f8a89c5974be92ca917dbb76e1b0b7b2a612350c0e054d8,newly_executed
0.0,0.875,0,zne_quadratic,equal_gate,100000,True,False,9600000,33334,results/stage6_followup_v1/measurements/817db380ff20e07fb7ec2438578d121fa00998b440a9d8d1811254125b5c6b4c.npz,71c9e13f63038fc239e44baae6ac2e00a5b64f2eb9d66bdd6310f218c7114388,817db380ff20e07fb7ec2438578d121fa00998b440a9d8d1811254125b5c6b4c,newly_executed
0.0,0.875,0,sv,equal_gate,100000,True,False,9600000,100000,results/stage6_followup_v1/measurements/5fdfcd676c47b6b2ee67c78682521b5649564768449960ae12d4e44e0797a76c.npz,1082d1c99428e7df6364861262362a1aca0169c01f79d72381cd1907b979d6bc,5fdfcd676c47b6b2ee67c78682521b5649564768449960ae12d4e44e0797a76c,newly_executed
0.0,0.875,0.01,raw,equal_gate,100000,True,False,9600000,100000,results/stage6_followup_v1/measurements/43963caab829488b60d476f17ec4ecd72360cb57ad7a5b229529a65f30f35557.npz,b8bbc1cd4f8c64fef0d9e9629366f01171be09d0e5b520f85eeb8ffe889964b9,43963caab829488b60d476f17ec4ecd72360cb57ad7a5b229529a65f30f35557,newly_executed
0.0,0.875,0.01,zne_quadratic,equal_gate,100000,True,False,9600000,33334,results/stage6_followup_v1/measurements/26a1f2ab7ab66ece46872960330ad16d4b5f2c2ec6b86f0d299c996a1d78d639.npz,06ec99f3485336008324b469bc4ac83b35fb3d06fa299f8bef9bf23bbead7ad1,26a1f2ab7ab66ece46872960330ad16d4b5f2c2ec6b86f0d299c996a1d78d639,newly_executed
0.0,0.875,0.01,sv,equal_gate,100000,True,False,9600000,100000,results/stage6_followup_v1/measurements/35e1502cc3c3dd3665a4c5aa0be5528f39de464000f8c03d4d78473df75fb1e7.npz,a265cfa420fdf60573893437ee41f85dcd4bfc382ceaa0bd9b7d1d2c35802e9c,35e1502cc3c3dd3665a4c5aa0be5528f39de464000f8c03d4d78473df75fb1e7,newly_executed
0.0,0.875,0.05,raw,equal_gate,100000,True,False,9600000,100000,results/stage6_followup_v1/measurements/7563b7b142e1da5b01f4a4bb90048621454cc20360da5bc90cdc10da2ea7a7f1.npz,8f7f0e1ac72da826e986ad2dcf2f16652b8ad29c518684a433aaa6464bf4f58b,7563b7b142e1da5b01f4a4bb90048621454cc20360da5bc90cdc10da2ea7a7f1,newly_executed
0.0,0.875,0.05,zne_quadratic,equal_gate,100000,True,False,9600000,33334,results/stage6_followup_v1/measurements/d9765771208f4b334194ba5f197066927a77a7abd1ac13ae708968ae90ad8ead.npz,1b8dfc6a58f75571d04a9097cbc30f48849ecb69a2eb778980d0a70c00d8ba5e,d9765771208f4b334194ba5f197066927a77a7abd1ac13ae708968ae90ad8ead,newly_executed
0.0,0.875,0.05,sv,equal_gate,100000,True,False,9600000,100000,results/stage6_followup_v1/measurements/0a4ece8c8895e7077ee5de092d3f387f8e3fcc6a9a1e4d9515ed0a4925e3d627.npz,387ac2caa0f0a30a522113a1555d414cd87abd2bdd0b0fd51585d9117fc42f45,0a4ece8c8895e7077ee5de092d3f387f8e3fcc6a9a1e4d9515ed0a4925e3d627,newly_executed
0.0,0.875,0,raw,equal_gate,300000,True,False,28799808,299998,results/stage6_followup_v1/measurements/9617d7d1a41931832f269d94828bcf3207394fadd6e96d8058ebad67832a4acf.npz,782a4be0b4a85b0ea7ea53f0567f5b813d3d48d2b26a073659233991dbf19e96,9617d7d1a41931832f269d94828bcf3207394fadd6e96d8058ebad67832a4acf,newly_executed
0.0,0.875,0,zne_quadratic,equal_gate,300000,True,False,28799808,100000,results/stage6_followup_v1/measurements/39ba384a07bece3ff9bcef310b5e0bd638cc07c3f959f1c8e72bc1b7b7a536a4.npz,58e735763f8afd8ddec5e4932542836dac566f75b9ec18a6864286e8387bbc65,39ba384a07bece3ff9bcef310b5e0bd638cc07c3f959f1c8e72bc1b7b7a536a4,newly_executed
0.0,0.875,0,sv,equal_gate,300000,True,False,28799808,299998,results/stage6_followup_v1/measurements/3db9e766c69229e83e433d9d036849398d86654893b4a6addda8823b32370e5d.npz,c7d1ee632c5bf64d7345d8238e71aea381ad2981aacbaff215a653b8def82934,3db9e766c69229e83e433d9d036849398d86654893b4a6addda8823b32370e5d,newly_executed
0.0,0.875,0.01,raw,equal_gate,300000,True,False,28799808,299998,results/stage6_followup_v1/measurements/9f1b215f920d4110455465bd189808868ed18f87618314dcc0b789f64c7f02bc.npz,63e63037ee71d9f855d2c581d54333ed4740ed7b5c263061e71003d985b53f58,9f1b215f920d4110455465bd189808868ed18f87618314dcc0b789f64c7f02bc,newly_executed
0.0,0.875,0.01,zne_quadratic,equal_gate,300000,True,False,28799808,100000,results/stage6_followup_v1/measurements/370491567f98e2c5a791d2e16629f1352a4dfc731ae4fa708ec137bd662e4875.npz,8cdd72893dca2dc75ede1c2340b1311c8b93d3b42bc81ccadf9d9178041cdbfa,370491567f98e2c5a791d2e16629f1352a4dfc731ae4fa708ec137bd662e4875,newly_executed
0.0,0.875,0.01,sv,equal_gate,300000,True,False,28799808,299998,results/stage6_followup_v1/measurements/b8a527ebe23a725c1b9901ec387b4752f1f3a6fcdbc01c0ea95fa523b179606f.npz,a3ac897f7e097a8ee218936068e0c2dc721deee329622d0aacf410e9a0ff2591,b8a527ebe23a725c1b9901ec387b4752f1f3a6fcdbc01c0ea95fa523b179606f,newly_executed
0.0,0.875,0.05,raw,equal_gate,300000,True,False,28799808,299998,results/stage6_followup_v1/measurements/f3576af3da366fcf5bcf9859f1d122b63298c8c3fbc35f390eb49972bf97ec8e.npz,420eb357ed2ac491f6d1cad05e1482972452492cc5a9868d4d6a700f16c05479,f3576af3da366fcf5bcf9859f1d122b63298c8c3fbc35f390eb49972bf97ec8e,newly_executed
0.0,0.875,0.05,zne_quadratic,equal_gate,300000,True,False,28799808,100000,results/stage6_followup_v1/measurements/5ecfbfa84df12da7d1976235227743f84feced0814c2fd5be4a05cafd6b06dc9.npz,0734c3d569d08b165a1598633d04241717bfa978b3356bf324e57defb83fd0cc,5ecfbfa84df12da7d1976235227743f84feced0814c2fd5be4a05cafd6b06dc9,newly_executed
0.0,0.875,0.05,sv,equal_gate,300000,True,False,28799808,299998,results/stage6_followup_v1/measurements/0d0832fcc0ca353b9f5c079c5565008e2b7dc793a72048c15577d199280b0801.npz,50690f560d2dfefe5a2e360226ba8b118a6985f573093ce387ce0b3243fc83b1,0d0832fcc0ca353b9f5c079c5565008e2b7dc793a72048c15577d199280b0801,newly_executed
0.0,0.8875,0,raw,equal_shots,100000,False,False,9600000,100000,results/stage6_followup_v1/measurements/75e580cd8c898efc1a0980549dc7386db1b5ef9500fa0d15089068279cc09384.npz,1bba5ae628b4856cdd8bd9f70354fc3c710f3f61557c0097460a3b8790dfe4bf,75e580cd8c898efc1a0980549dc7386db1b5ef9500fa0d15089068279cc09384,newly_executed
0.0,0.8875,0,zne_quadratic,equal_shots,100000,False,False,28799808,100000,results/stage6_followup_v1/measurements/9d3ca8806a8c5f8e81eb850744d272d113de445d89dbeb869e45fee227095d72.npz,6e20d9ce435aefdda9985ea1cde54cd32de8aa6bdf6ff32ff9461a4419aa1970,9d3ca8806a8c5f8e81eb850744d272d113de445d89dbeb869e45fee227095d72,newly_executed
0.0,0.8875,0,sv,equal_shots,100000,False,False,9600000,100000,results/stage6_followup_v1/measurements/e6925e3d48503da425f8538b24f5e5515560699cf3ea8537e1009b0afef209dc.npz,016a06dc12e512c1ce9da04df67e4614298801b170f3ee78099088ea5bc8baeb,e6925e3d48503da425f8538b24f5e5515560699cf3ea8537e1009b0afef209dc,newly_executed
0.0,0.8875,0.01,raw,equal_shots,100000,False,False,9600000,100000,results/stage6_followup_v1/measurements/2fd1736c9c79008cee5d1ae26ae4faefdc975490e5b2b30b3e1368bf9db3bc71.npz,0a5513b5b508cc05c1438c38fd72e95556e99d62dd294923863ff776daa2d228,2fd1736c9c79008cee5d1ae26ae4faefdc975490e5b2b30b3e1368bf9db3bc71,newly_executed
0.0,0.8875,0.01,zne_quadratic,equal_shots,100000,False,False,28799808,100000,results/stage6_followup_v1/measurements/68b5fed4164a5e286743e341fcc9bd5aa17b342e0046023e01b132ff4022188d.npz,97883e2e16004bf259be0516b06a09dd106bfaddbad5541e1bdf96192d509c27,68b5fed4164a5e286743e341fcc9bd5aa17b342e0046023e01b132ff4022188d,newly_executed
0.0,0.8875,0.01,sv,equal_shots,100000,False,False,9600000,100000,results/stage6_followup_v1/measurements/b5aa85a8d1b8638187549564e1369000273557afe408c59bb9e64e075c5edad6.npz,ff2dbc4afe8c373842e6e06c12f95f0f94b63f575e1fad5f24b9efd166708000,b5aa85a8d1b8638187549564e1369000273557afe408c59bb9e64e075c5edad6,newly_executed
0.0,0.8875,0.05,raw,equal_shots,100000,False,False,9600000,100000,results/stage6_followup_v1/measurements/501fb06dc1096e6d8cedc9f3d821fee3f71861cd0b64d4ac8e01897aaf057c82.npz,156d53297a4f6ea4b008d77d2710383d4ab3f2bd8d3a4be64d09913e351f76ef,501fb06dc1096e6d8cedc9f3d821fee3f71861cd0b64d4ac8e01897aaf057c82,newly_executed
0.0,0.8875,0.05,zne_quadratic,equal_shots,100000,False,False,28799808,100000,results/stage6_followup_v1/measurements/84f6adb0f5aa32d7207297761755076d79380c81fa3c553060e4032bfa2e2f22.npz,e2fa89f16eb3c510470102f48cb58fa38e26cc054c432572a11acf17b2b60423,84f6adb0f5aa32d7207297761755076d79380c81fa3c553060e4032bfa2e2f22,newly_executed
0.0,0.8875,0.05,sv,equal_shots,100000,False,False,9600000,100000,results/stage6_followup_v1/measurements/a010d4a9cb17ffa7c3b48c6f7ca1ead7891dc2c169bbadc08d7bc21f7c97b0ef.npz,a559a4c20a3bc1ca165b97a6fbbe577ff349e83160ee4b3d0437135033e3c245,a010d4a9cb17ffa7c3b48c6f7ca1ead7891dc2c169bbadc08d7bc21f7c97b0ef,newly_executed
0.0,0.8875,0,raw,equal_gate,100000,True,False,9600000,100000,results/stage6_followup_v1/measurements/95170e97c66f14617393b7f841dfd6acee95821c73db7bac16754aadc170d7ab.npz,abe97410c847f6ea0d68b9fa81ed740390674f7f2df9d25aca2335e393d456ec,95170e97c66f14617393b7f841dfd6acee95821c73db7bac16754aadc170d7ab,newly_executed
0.0,0.8875,0,zne_quadratic,equal_gate,100000,True,False,9600000,33334,results/stage6_followup_v1/measurements/ba1588a56bbac6f73323b145e8193def0ef8e91d1f3f773aba3ffe93d566bbd8.npz,b2f66d96f9e9c7dac735380f22b95511315e9f4761b4bced59d694f2f6758a73,ba1588a56bbac6f73323b145e8193def0ef8e91d1f3f773aba3ffe93d566bbd8,newly_executed
0.0,0.8875,0,sv,equal_gate,100000,True,False,9600000,100000,results/stage6_followup_v1/measurements/e82d0c8c4dc9256c70857c4653ad5bb6be8191a412f47cdbe3f3cac60c421078.npz,528d564ec46e7ac0eea9d99ae5056286ebe65494025c309963f4be0e90d2da09,e82d0c8c4dc9256c70857c4653ad5bb6be8191a412f47cdbe3f3cac60c421078,newly_executed
0.0,0.8875,0.01,raw,equal_gate,100000,True,False,9600000,100000,results/stage6_followup_v1/measurements/8422061fa5e25392218618b54e7f263e39a67bd1847ceeeb1f37a1237edb2af7.npz,16ec7ea784e4910b5f8246aa59e79842c0f2fde663a4cfe4250e1513ee1a2f4a,8422061fa5e25392218618b54e7f263e39a67bd1847ceeeb1f37a1237edb2af7,newly_executed
0.0,0.8875,0.01,zne_quadratic,equal_gate,100000,True,False,9600000,33334,results/stage6_followup_v1/measurements/1a0936eb65832ccc6ee7abc7d5461b3e86e9f1efb466c44a2ea59996bcf7faf5.npz,9a5de3f22c14b01203de75b961ca070aa3f6ced636e0f2ba595a900792a371cd,1a0936eb65832ccc6ee7abc7d5461b3e86e9f1efb466c44a2ea59996bcf7faf5,newly_executed
0.0,0.8875,0.01,sv,equal_gate,100000,True,False,9600000,100000,results/stage6_followup_v1/measurements/e37d7893271d3742be726ebe6e97516295531f9f0dae98aac134a6376d7722e9.npz,e0c825c43df04afc5f9882b83eb51001e5e49cdf262c4c04557a832b2be2b140,e37d7893271d3742be726ebe6e97516295531f9f0dae98aac134a6376d7722e9,newly_executed
0.0,0.8875,0.05,raw,equal_gate,100000,True,False,9600000,100000,results/stage6_followup_v1/measurements/52f2a8737a574b58a7fe94e053a82920cb5e73eaf5d26babac5ed06227fbdec9.npz,6c5c52f82d705c878f563279ce002697a67e97e136f9e60947820b0261347e68,52f2a8737a574b58a7fe94e053a82920cb5e73eaf5d26babac5ed06227fbdec9,newly_executed
0.0,0.8875,0.05,zne_quadratic,equal_gate,100000,True,False,9600000,33334,results/stage6_followup_v1/measurements/8ac6f5024945016cc1f8c0fb95169802c4ec9dc3c6fda0b0bd68774bc1b713ec.npz,284fe9a9c8c90761a19ebd566509f544741ee4b6f2494c1e3a62cbec0f2b0274,8ac6f5024945016cc1f8c0fb95169802c4ec9dc3c6fda0b0bd68774bc1b713ec,newly_executed
0.0,0.8875,0.05,sv,equal_gate,100000,True,False,9600000,100000,results/stage6_followup_v1/measurements/1ce42cd47f5938d2511fd788d0c009fbac3cdb07bf3feab3874f340099e7da45.npz,8f05dbec658cdec4ba26a215a06b280b102eba20ee5aaab4c173482eb47f99c4,1ce42cd47f5938d2511fd788d0c009fbac3cdb07bf3feab3874f340099e7da45,newly_executed
0.0,0.8875,0,raw,equal_gate,300000,True,False,28799808,299998,results/stage6_followup_v1/measurements/940288e21b61213042b1377aa51fe7b166bc03f321b2e946279cf9fb3a559886.npz,e35b73dbe1ef0e24cdbced95fcb7101f430e0d72e6a1e29965041106d9fba724,940288e21b61213042b1377aa51fe7b166bc03f321b2e946279cf9fb3a559886,newly_executed
0.0,0.8875,0,zne_quadratic,equal_gate,300000,True,False,28799808,100000,results/stage6_followup_v1/measurements/f217433cc19612ea97e8dd86d4c8f916fc74c5ae545afaa762bb7c0d0aaf35ab.npz,59790aa1e73f81aee472f0de50d807300a235cab1dadcc55202d1a879e04062a,f217433cc19612ea97e8dd86d4c8f916fc74c5ae545afaa762bb7c0d0aaf35ab,newly_executed
0.0,0.8875,0,sv,equal_gate,300000,True,False,28799808,299998,results/stage6_followup_v1/measurements/14ab3b24f1c846b82befb94df2b046d62397d956130044c883f24dc6793188c0.npz,11d3b6d6f1c1bef15c088f7b9be5da2dbb78ff697c88ddeeb3203d8c094cbed2,14ab3b24f1c846b82befb94df2b046d62397d956130044c883f24dc6793188c0,newly_executed
0.0,0.8875,0.01,raw,equal_gate,300000,True,False,28799808,299998,results/stage6_followup_v1/measurements/f7bc34a794c34786463ae868729792cb412ba00bbe2879790ce1e203bce1487e.npz,683ce5a294e8ab270cd0df6dc8961ea203058c86131b64e8a07755d8384d3f7c,f7bc34a794c34786463ae868729792cb412ba00bbe2879790ce1e203bce1487e,newly_executed
0.0,0.8875,0.01,zne_quadratic,equal_gate,300000,True,False,28799808,100000,results/stage6_followup_v1/measurements/45f965edcfe209cb0e6bb3ff8b8d641c25f8d077fbb6a017ac2c1825cb3c1111.npz,6c6a6b7510e418e578a74fce82f53cbbfa2335c450d32dbed7ee8a8bc1cb95bf,45f965edcfe209cb0e6bb3ff8b8d641c25f8d077fbb6a017ac2c1825cb3c1111,newly_executed
0.0,0.8875,0.01,sv,equal_gate,300000,True,False,28799808,299998,results/stage6_followup_v1/measurements/f2a862dda292686f50e727bc6dcea1344d1b9edb09d73c544683c8b40051ef03.npz,92448ade45bf5543dbf935aa67e2bd8a7abba4229fffd91c1681bcd4da7fe4ff,f2a862dda292686f50e727bc6dcea1344d1b9edb09d73c544683c8b40051ef03,newly_executed
0.0,0.8875,0.05,raw,equal_gate,300000,True,False,28799808,299998,results/stage6_followup_v1/measurements/ca633b44b45d584c75f023db3ef71bd0a8885e88884d4ee576e4d5a692f66000.npz,b856e1e6e4a60f4b29a097e85f8203f0d2966838a08165f38fc915eb369d0383,ca633b44b45d584c75f023db3ef71bd0a8885e88884d4ee576e4d5a692f66000,newly_executed
0.0,0.8875,0.05,zne_quadratic,equal_gate,300000,True,False,28799808,100000,results/stage6_followup_v1/measurements/43d299fc1d66dc2c22cd0cf47071754e153f5a58f5e412979e710394f058b746.npz,65cc5b270eaf516d43a113d243e4eb2826e9287073cd2b23318e4b3edf70a20e,43d299fc1d66dc2c22cd0cf47071754e153f5a58f5e412979e710394f058b746,newly_executed
0.0,0.8875,0.05,sv,equal_gate,300000,True,False,28799808,299998,results/stage6_followup_v1/measurements/42d3f9ba5ddbda677a3b3ae747a45edfc71e914e19bb3f9f0f8250528c5a7952.npz,40449af1cb26a2e5b635ac80de49949c6c6d75e92438da28ca673247df7c5ad1,42d3f9ba5ddbda677a3b3ae747a45edfc71e914e19bb3f9f0f8250528c5a7952,newly_executed
0.0,0.9,0,raw,equal_shots,100000,False,False,9500000,100000,results/stage6_followup_v1/measurements/32403d3df4be1224e6af24085006c0a66da99ca41fe26a358bb9a168fca56bfa.npz,92162bdc4f4eea23857593ac753abcefc5334ba32c54b3d98b58e095e39cb320,32403d3df4be1224e6af24085006c0a66da99ca41fe26a358bb9a168fca56bfa,newly_executed
0.0,0.9,0,zne_quadratic,equal_shots,100000,False,False,28499810,100000,results/stage6_followup_v1/measurements/d07c81ec2f2e44bbbb2eb2864b2764bcea16b7efa20dcf141e90656a23c72e01.npz,d0d700702f3599d01882ea36e7f9d101ea646a930e953a486d6a55320e664d33,d07c81ec2f2e44bbbb2eb2864b2764bcea16b7efa20dcf141e90656a23c72e01,newly_executed
0.0,0.9,0,sv,equal_shots,100000,False,False,9500000,100000,results/stage6_followup_v1/measurements/3c6a942a2a233d6b54ccd7823c7c762ce5424b00b3bb6584364cdf686094c048.npz,d79f33c30e929a580e75b3dc77cc715abb0ea075269180160c0cd88c897954e6,3c6a942a2a233d6b54ccd7823c7c762ce5424b00b3bb6584364cdf686094c048,newly_executed
0.0,0.9,0.01,raw,equal_shots,100000,False,False,9500000,100000,results/stage6_followup_v1/measurements/c76b16bcddd7f419233050ae755811b69a36aa15ed1bbc80d063c659739a5e91.npz,5cd4a59ad8e48375270b199ab09ceaa7f7a359d284aa5096d81dc103d261285b,c76b16bcddd7f419233050ae755811b69a36aa15ed1bbc80d063c659739a5e91,newly_executed
0.0,0.9,0.01,zne_quadratic,equal_shots,100000,False,False,28499810,100000,results/stage6_followup_v1/measurements/f7c7f654c2413a8dab722c96645e0caed9881b9b1f4a7fc62e3702c1e5b8bd0a.npz,b00aec8363ba8f27559242f0295f76c3612cf5692cb67f46041d300aeb9fe721,f7c7f654c2413a8dab722c96645e0caed9881b9b1f4a7fc62e3702c1e5b8bd0a,newly_executed
0.0,0.9,0.01,sv,equal_shots,100000,False,False,9500000,100000,results/stage6_followup_v1/measurements/911d34e40985c977c26bde78110384b9ce2bd0bc8f8dafa856d09d4498890e0f.npz,a9a99666514e7811da7b488ea04058e0129b281c42e3b6a780665452248ae3e1,911d34e40985c977c26bde78110384b9ce2bd0bc8f8dafa856d09d4498890e0f,newly_executed
0.0,0.9,0.05,raw,equal_shots,100000,False,False,9500000,100000,results/stage6_followup_v1/measurements/ec2773d91639d40bb1de8550a9b6939aabcaac832834398840bc64420b4c3ad8.npz,041eab0d3efd8b4543ede438e5c8313ad608a0ed5314b3db6b22887a3601d43d,ec2773d91639d40bb1de8550a9b6939aabcaac832834398840bc64420b4c3ad8,newly_executed
0.0,0.9,0.05,zne_quadratic,equal_shots,100000,False,False,28499810,100000,results/stage6_followup_v1/measurements/132b78912d1de21ad4c53b1a70e80c3bb56b9520720eab0007708217945b6f4c.npz,58f79ab32d98e19c991faf07432f596e997a7c4ce32eca812a929cf0eedb22c5,132b78912d1de21ad4c53b1a70e80c3bb56b9520720eab0007708217945b6f4c,newly_executed
0.0,0.9,0.05,sv,equal_shots,100000,False,False,9500000,100000,results/stage6_followup_v1/measurements/9c4abf1e02076de237c2dc71bd2b1958e87b6da9a515c6c25b66459f470093c7.npz,4f2ae101bebbca041ad9c82a55004fa94cb82d9b11b43b7cc5c627c1343482be,9c4abf1e02076de237c2dc71bd2b1958e87b6da9a515c6c25b66459f470093c7,newly_executed
0.0,0.9,0,raw,equal_gate,100000,True,False,9500000,100000,results/stage6_followup_v1/measurements/ad2ebf17d4e8b2a1b597f2fd948c940f5b1cdf830e81610526e4cdda3b41a78d.npz,b52fd772637fb4952f5d42931bba13e9d9508a3449718afde07862fbb9a78256,ad2ebf17d4e8b2a1b597f2fd948c940f5b1cdf830e81610526e4cdda3b41a78d,newly_executed
0.0,0.9,0,zne_quadratic,equal_gate,100000,True,False,9500000,33334,results/stage6_followup_v1/measurements/69f4ed10bbc1c4ee66ab8a24e62438201f96215799a26fb2d2ac9d954ffda6af.npz,c7e76484fd8555918a10e60c675ac4ad2225650d53b6bf97394bfb22ac8a709c,69f4ed10bbc1c4ee66ab8a24e62438201f96215799a26fb2d2ac9d954ffda6af,newly_executed
0.0,0.9,0,sv,equal_gate,100000,True,False,9500000,100000,results/stage6_followup_v1/measurements/a09cabfb5659ee9963af613b3e5131d83d71129fed42630abd679a931a5e4c27.npz,788a7e31c956c51e9513bc61c34ffdec1269fc8acc2fbb02ea4655f4c1dd30d1,a09cabfb5659ee9963af613b3e5131d83d71129fed42630abd679a931a5e4c27,newly_executed
0.0,0.9,0.01,raw,equal_gate,100000,True,False,9500000,100000,results/stage6_followup_v1/measurements/1c3e33fd68184b3c6be33c6e9f2457e0f07dfb4cc70e762641defab8ddf1f170.npz,a604cbf1de74703b8a9833f6a0ba03003ba645a1293920d3a430f3693eac1e87,1c3e33fd68184b3c6be33c6e9f2457e0f07dfb4cc70e762641defab8ddf1f170,newly_executed
0.0,0.9,0.01,zne_quadratic,equal_gate,100000,True,False,9500000,33334,results/stage6_followup_v1/measurements/353d8ad87d0802eb919bf8eb29fba4ca3116504a6ee620f345563868be7a9000.npz,ed656e2502fef91df6528c4e1b5f0dc26ba68fe61830fe03aeb29762bbb6c5e8,353d8ad87d0802eb919bf8eb29fba4ca3116504a6ee620f345563868be7a9000,newly_executed
0.0,0.9,0.01,sv,equal_gate,100000,True,False,9500000,100000,results/stage6_followup_v1/measurements/ee420572970ccfc2b231a6861b6dce5d2b3ea17b89ad52590ef72b51442c1fd1.npz,ae5d3e023a22c28f5965c1cc2e17666a48ec6c12a74bce015b486cfb9bbbc2ed,ee420572970ccfc2b231a6861b6dce5d2b3ea17b89ad52590ef72b51442c1fd1,newly_executed
0.0,0.9,0.05,raw,equal_gate,100000,True,False,9500000,100000,results/stage6_followup_v1/measurements/af2f9f1f7da669efc53719cd6427533adf5e7bf4826a8df7f2bd85c4443a890e.npz,c500cd9af5044798a4225def8732199b89640ab4dcdc077d361b573f593f30cf,af2f9f1f7da669efc53719cd6427533adf5e7bf4826a8df7f2bd85c4443a890e,newly_executed
0.0,0.9,0.05,zne_quadratic,equal_gate,100000,True,False,9500000,33334,results/stage6_followup_v1/measurements/a0af3f0c5c47adc0d7b1a988087c8d484561e69f6ec08b5cdaede0bc1f9dc0fe.npz,de446247e6136ca482b231cc43354c2c4b6b2bea36b67ce1d67f5e3bda8087ff,a0af3f0c5c47adc0d7b1a988087c8d484561e69f6ec08b5cdaede0bc1f9dc0fe,newly_executed
0.0,0.9,0.05,sv,equal_gate,100000,True,False,9500000,100000,results/stage6_followup_v1/measurements/1681aab5d642a5605b60e923f768c08b5eb7956053011394cc86b02ce72c10e0.npz,9034fc02922eb7c493a5686aa1cafc30d99e15cc6088263889418683053d5f2b,1681aab5d642a5605b60e923f768c08b5eb7956053011394cc86b02ce72c10e0,newly_executed
0.0,0.9,0,raw,equal_gate,300000,True,False,28499810,299998,results/stage6_followup_v1/measurements/55085eb93b906eb4aed10d7485a4610053f0f470a5019b0877357a658d398b57.npz,061b5498e3974b28b7677c48851e8fc05d77078a60324c489e8124aa4b9d05cd,55085eb93b906eb4aed10d7485a4610053f0f470a5019b0877357a658d398b57,newly_executed
0.0,0.9,0,zne_quadratic,equal_gate,300000,True,False,28499810,100000,results/stage6_followup_v1/measurements/64281ac1e5f9efe394fe6e9cc5be92683cff78d6b37024594ff29182ad828a15.npz,4942a7381026f720d664a2da994ebcdbd4e3123cc99fe06a9d03d9e45b39d081,64281ac1e5f9efe394fe6e9cc5be92683cff78d6b37024594ff29182ad828a15,newly_executed
0.0,0.9,0,sv,equal_gate,300000,True,False,28499810,299998,results/stage6_followup_v1/measurements/b750410e31173091cdfbabbda8ab69472d6bdfef6034b4e4e2b5570e8945ec89.npz,760483e8114971896f9d7fcde50e824f399b7bc40e9200c0dfb882ce1a89d04b,b750410e31173091cdfbabbda8ab69472d6bdfef6034b4e4e2b5570e8945ec89,newly_executed
0.0,0.9,0.01,raw,equal_gate,300000,True,False,28499810,299998,results/stage6_followup_v1/measurements/60d41d0b4ad09716642c0c2f21f7fffe772a3a6ab3a1e4e9c3266b3961999547.npz,2a6f97fcbbb21d3dd34038368cf9a157c1a5bbbf0eaa5f4068e5b04efc94bbf6,60d41d0b4ad09716642c0c2f21f7fffe772a3a6ab3a1e4e9c3266b3961999547,newly_executed
0.0,0.9,0.01,zne_quadratic,equal_gate,300000,True,False,28499810,100000,results/stage6_followup_v1/measurements/8bb7b476c29f7babd2b411aff975b626832d7f9330f6752be59bcd3353a23857.npz,7124a036fd6f5473ae9e97f8062f43167ad265deeb15d1bbc48c03416b14c62f,8bb7b476c29f7babd2b411aff975b626832d7f9330f6752be59bcd3353a23857,newly_executed
0.0,0.9,0.01,sv,equal_gate,300000,True,False,28499810,299998,results/stage6_followup_v1/measurements/a1e8139e6ed8c636591fae0775eaf25f14e12559fe93022393fa8b53e651a2ca.npz,7880ada6fce4ef38e51e320fd6822ec84dd5b4a671a83519f4a2a3dd2c395e04,a1e8139e6ed8c636591fae0775eaf25f14e12559fe93022393fa8b53e651a2ca,newly_executed
0.0,0.9,0.05,raw,equal_gate,300000,True,False,28499810,299998,results/stage6_followup_v1/measurements/8434b04b5a0d246bf2bf48a4535977c3daf6734762b7b4b21fa5950988da879b.npz,db70235a01d2b9134c82106b390afb44ade047ae4438e900e02d3999f9be8205,8434b04b5a0d246bf2bf48a4535977c3daf6734762b7b4b21fa5950988da879b,newly_executed
0.0,0.9,0.05,zne_quadratic,equal_gate,300000,True,False,28499810,100000,results/stage6_followup_v1/measurements/98e56811fc79a2df61ed0655b8190cb268aeebd327d18405a0267bbc41bdce30.npz,a5c6db6a409c04953a6417554b7a4b14d83dfb68eb8b61bbdf49b0e0a2611956,98e56811fc79a2df61ed0655b8190cb268aeebd327d18405a0267bbc41bdce30,newly_executed
0.0,0.9,0.05,sv,equal_gate,300000,True,False,28499810,299998,results/stage6_followup_v1/measurements/03393f4aeda4df2df54d83679d37e1d761ede9399ef58691f99bb890426bbb19.npz,a66575ab4ec02158f29cfb0b5c66136b476f1da6b734e8f90eb9271614f25976,03393f4aeda4df2df54d83679d37e1d761ede9399ef58691f99bb890426bbb19,newly_executed
0.0,0.9125,0,raw,equal_shots,100000,False,False,9600000,100000,results/stage6_followup_v1/measurements/5385df59817970511d37ba5831b8b7269640bd876f42bc005e1d7149c90763fa.npz,bfd9270b9079f36ca074725d7bd676f0c3920a045c19bc5b1ff27524a7d19c59,5385df59817970511d37ba5831b8b7269640bd876f42bc005e1d7149c90763fa,newly_executed
0.0,0.9125,0,zne_quadratic,equal_shots,100000,False,False,28799808,100000,results/stage6_followup_v1/measurements/7f31e96d7399d5794cdc2210d58debd52b5fee3ef02d6988f8f31737f4e35d54.npz,320b96d027643d42dffa6de4d8d0ccace973a52266e65ad923e8520891bbd7d3,7f31e96d7399d5794cdc2210d58debd52b5fee3ef02d6988f8f31737f4e35d54,newly_executed
0.0,0.9125,0,sv,equal_shots,100000,False,False,9600000,100000,results/stage6_followup_v1/measurements/273673b9ded1acf0fd8c9d4e18eafec7f289efb50fcde8f11c382080978be700.npz,07e263b262355417cac926e86b400bc20b9849a06a84781eb22aae43e6f865ea,273673b9ded1acf0fd8c9d4e18eafec7f289efb50fcde8f11c382080978be700,newly_executed
0.0,0.9125,0.01,raw,equal_shots,100000,False,False,9600000,100000,results/stage6_followup_v1/measurements/3547f661d0ab0c5d6b0a018e206dc10055b360b28232ba7d1f6c544411774a16.npz,c451b6adadbc3e251477190cd65bd44069eed9b8ffae101e4cdac5d9244164a3,3547f661d0ab0c5d6b0a018e206dc10055b360b28232ba7d1f6c544411774a16,newly_executed
0.0,0.9125,0.01,zne_quadratic,equal_shots,100000,False,False,28799808,100000,results/stage6_followup_v1/measurements/036bd2820dd7f7a83a7195918b0cf381aacc4715ed3a6ffb135198adcab908fa.npz,ffd63596349bec658c88834ea93f39621e9b5f524dcf97207aa91eced68d7063,036bd2820dd7f7a83a7195918b0cf381aacc4715ed3a6ffb135198adcab908fa,newly_executed
0.0,0.9125,0.01,sv,equal_shots,100000,False,False,9600000,100000,results/stage6_followup_v1/measurements/7fa3454afecf9d3ae2c625754f373127e4545dbf5fb82ea224f7bb10ec70f782.npz,1480645b1e1b93ddfbcc4039e09ad3e1cb969eb0664f4bbe665b4ce3a31d839e,7fa3454afecf9d3ae2c625754f373127e4545dbf5fb82ea224f7bb10ec70f782,newly_executed
0.0,0.9125,0.05,raw,equal_shots,100000,False,False,9600000,100000,results/stage6_followup_v1/measurements/86f3a58796018e32ebcbdf87f5e5588121c244498596df1482f787d42640216d.npz,faa6cb1dca0065f72648e9b1f217d6c0e4133bdff7b0fc7feffa23261a628360,86f3a58796018e32ebcbdf87f5e5588121c244498596df1482f787d42640216d,newly_executed
0.0,0.9125,0.05,zne_quadratic,equal_shots,100000,False,False,28799808,100000,results/stage6_followup_v1/measurements/b61b3db34afa9c0e71ca769f4c3321e05f2cc231e5f5993036b419322ce4961d.npz,d008bf32d762cb8e3cf8284abd0eac36f4f5334a4d2dcaa793a07c7741eb8532,b61b3db34afa9c0e71ca769f4c3321e05f2cc231e5f5993036b419322ce4961d,newly_executed
0.0,0.9125,0.05,sv,equal_shots,100000,False,False,9600000,100000,results/stage6_followup_v1/measurements/f291e20895e85e8e277446911ee932ca448a71b14bd9fcca314a6885b9f22ad5.npz,e2f8c66df8a738109c11829bf0f70c279801abd958b9a9979f10a73a7efd7fce,f291e20895e85e8e277446911ee932ca448a71b14bd9fcca314a6885b9f22ad5,newly_executed
0.0,0.9125,0,raw,equal_gate,100000,True,False,9600000,100000,results/stage6_followup_v1/measurements/a1044a67e64db48e43d041e027195cd2a2ca2bb3cdb421504bd6035a9abde240.npz,d323c07561d784996da2cea1f2bab980420b377b8deb98f7096a9b7a1951ce41,a1044a67e64db48e43d041e027195cd2a2ca2bb3cdb421504bd6035a9abde240,newly_executed
0.0,0.9125,0,zne_quadratic,equal_gate,100000,True,False,9600000,33334,results/stage6_followup_v1/measurements/16cb4285d9ee8c3be04ba60f5354f5a5ea00dcaa6caa2c58571982f053129d47.npz,57588f0e343586eb89b5a2d0eddc82f6fca6e76ba6dc8a3d3e421fbeb9497151,16cb4285d9ee8c3be04ba60f5354f5a5ea00dcaa6caa2c58571982f053129d47,newly_executed
0.0,0.9125,0,sv,equal_gate,100000,True,False,9600000,100000,results/stage6_followup_v1/measurements/bcf4ec3fb053e53ad81135ac5cab6877aa5e86062f32b1ac2d2c601b249b955c.npz,71e2611d17f3fd79476092bf1dfffd57fb46fac33d0a07200107be0fcd6c2d28,bcf4ec3fb053e53ad81135ac5cab6877aa5e86062f32b1ac2d2c601b249b955c,newly_executed
0.0,0.9125,0.01,raw,equal_gate,100000,True,False,9600000,100000,results/stage6_followup_v1/measurements/d992f4c929f8c765769f91c6902819055a530f8a3845bf6f05191941c078ba65.npz,aa2dfea37502d5ee9eb5620a86b2c95cc868550c89837c550001f88c3fc746cb,d992f4c929f8c765769f91c6902819055a530f8a3845bf6f05191941c078ba65,newly_executed
0.0,0.9125,0.01,zne_quadratic,equal_gate,100000,True,False,9600000,33334,results/stage6_followup_v1/measurements/f8839f81c3c1593ddb9a0c355edfc06f64f70557f2b09cb8c64aa962b3d7ac4f.npz,5bea7afe714768b6f9af1cdaf7e8e375d3d02c968510bbebc95ba02d100d245d,f8839f81c3c1593ddb9a0c355edfc06f64f70557f2b09cb8c64aa962b3d7ac4f,newly_executed
0.0,0.9125,0.01,sv,equal_gate,100000,True,False,9600000,100000,results/stage6_followup_v1/measurements/aa0baa2d40f09ad48271f9363ca78585673a4fc6440b3388ee48672e1a4a907f.npz,feca2002b433d51e4be18b1941cfe9602059dc8c832e7b084891103206c28236,aa0baa2d40f09ad48271f9363ca78585673a4fc6440b3388ee48672e1a4a907f,newly_executed
0.0,0.9125,0.05,raw,equal_gate,100000,True,False,9600000,100000,results/stage6_followup_v1/measurements/eedcc676aa09a47b82b58a58ffe35c66feea77c9f257b4142f06504713aef55d.npz,b3bc95fa916ae81ad8b7722820b0c232391c460345ef2fe14ac15c53f1ee86c4,eedcc676aa09a47b82b58a58ffe35c66feea77c9f257b4142f06504713aef55d,newly_executed
0.0,0.9125,0.05,zne_quadratic,equal_gate,100000,True,False,9600000,33334,results/stage6_followup_v1/measurements/000f23ce13b7cfb26af3a6b3015bd132240d4a6255b40813c6269798e6178875.npz,d186a63df69f24d2c74598f6ae290cd5f4a3c62e6712739298b8e49a94735600,000f23ce13b7cfb26af3a6b3015bd132240d4a6255b40813c6269798e6178875,newly_executed
0.0,0.9125,0.05,sv,equal_gate,100000,True,False,9600000,100000,results/stage6_followup_v1/measurements/7aec4554bad1c2f65d330bbbdc727f59a5a440ed5faa37a22459d967bd9c4429.npz,cdd8c8d44f5d7719fb419b0c63be06e60913360968fa4542d5577615bfe65777,7aec4554bad1c2f65d330bbbdc727f59a5a440ed5faa37a22459d967bd9c4429,newly_executed
0.0,0.9125,0,raw,equal_gate,300000,True,False,28799808,299998,results/stage6_followup_v1/measurements/78ff3b5aaa5e020a7cb32fa1f5c2457fb64f760c3bb49ab480bd7ce80d04acd9.npz,14a6ff8e1332e190924cd7602be6411c95f3271b24a5457b4cd47db75fd5f743,78ff3b5aaa5e020a7cb32fa1f5c2457fb64f760c3bb49ab480bd7ce80d04acd9,newly_executed
0.0,0.9125,0,zne_quadratic,equal_gate,300000,True,False,28799808,100000,results/stage6_followup_v1/measurements/26e9f921b38d2fe1e2ab0064c8808d25c28fcce450980bbf9c31cdde2abe147c.npz,f2d9e234529303f5955cf285268b6a7ca169290d4cea27a761fab3a0aebeebda,26e9f921b38d2fe1e2ab0064c8808d25c28fcce450980bbf9c31cdde2abe147c,newly_executed
0.0,0.9125,0,sv,equal_gate,300000,True,False,28799808,299998,results/stage6_followup_v1/measurements/a0f582787e6207c790e91ce46869a9826a87441fb4e3194ab1e37f4e64a6593d.npz,688a17c737d924fbaab189cba157aea96b7c3f69f56cce0cee602e52f227cda8,a0f582787e6207c790e91ce46869a9826a87441fb4e3194ab1e37f4e64a6593d,newly_executed
0.0,0.9125,0.01,raw,equal_gate,300000,True,False,28799808,299998,results/stage6_followup_v1/measurements/d5021a9dee7da45d1fb2dd917fdfacbc012b9397585f4d48b21e5c4cd81da0b2.npz,1e35a8870ac440bb7e1233c4a76243eb13cc4fb255893a5a53f83363437c12a4,d5021a9dee7da45d1fb2dd917fdfacbc012b9397585f4d48b21e5c4cd81da0b2,newly_executed
0.0,0.9125,0.01,zne_quadratic,equal_gate,300000,True,False,28799808,100000,results/stage6_followup_v1/measurements/5060cd078fb5d8b9ff56e56236eabe69ff925dbfd06ba3ef8cdf2ec2d9b9ece4.npz,9396dd2e075ca56f9af3fc7cca9c534557985979a1c28d865d225477162c52f9,5060cd078fb5d8b9ff56e56236eabe69ff925dbfd06ba3ef8cdf2ec2d9b9ece4,newly_executed
0.0,0.9125,0.01,sv,equal_gate,300000,True,False,28799808,299998,results/stage6_followup_v1/measurements/aef5de2159600dc937e720aef5737cfdb2681456f576ccef058c37a454e1700a.npz,f8642859c967af41a6247faf73ea5dd3aab92e67af9bc7d788ed033315f12e40,aef5de2159600dc937e720aef5737cfdb2681456f576ccef058c37a454e1700a,newly_executed
0.0,0.9125,0.05,raw,equal_gate,300000,True,False,28799808,299998,results/stage6_followup_v1/measurements/d691dd1c885d662fa7200a7101955b0627b6af6505cbb2f3cee13ea2de3f1f51.npz,52580f07ca5003700dfb9cc78e5faf2b591f921a534cffa14dfcc474afae2eb1,d691dd1c885d662fa7200a7101955b0627b6af6505cbb2f3cee13ea2de3f1f51,newly_executed
0.0,0.9125,0.05,zne_quadratic,equal_gate,300000,True,False,28799808,100000,results/stage6_followup_v1/measurements/0ec28e1591f1fb48c87d8b43e609aa8c355e66ab403c0a67456f4cd3e4daf544.npz,af465aed137730f2558b692249ef16feb58921d1f4a2cffc5407e617c3246996,0ec28e1591f1fb48c87d8b43e609aa8c355e66ab403c0a67456f4cd3e4daf544,newly_executed
0.0,0.9125,0.05,sv,equal_gate,300000,True,False,28799808,299998,results/stage6_followup_v1/measurements/564cca6574b7d504620f01021c949f0e3fcc52cfb5a42ab9670ada2e2352de64.npz,2f34e5745b23ec017a73b79dbf134ad4508d03285f1d9be9b7320addee5bad52,564cca6574b7d504620f01021c949f0e3fcc52cfb5a42ab9670ada2e2352de64,newly_executed
0.0,0.925,0,raw,equal_shots,100000,False,False,9500000,100000,results/stage6_followup_v1/measurements/3bcaebc5369298ee9ad0913a07a78d50dd4f768d1d79f575ad74f939526a3e72.npz,069dbc452a95a57d81688940af4ae21f63f54ea2e5ec2289781948a4dc715920,3bcaebc5369298ee9ad0913a07a78d50dd4f768d1d79f575ad74f939526a3e72,newly_executed
0.0,0.925,0,zne_quadratic,equal_shots,100000,False,False,28499810,100000,results/stage6_followup_v1/measurements/f98c1aa523f66e000ee5de44e075f98740618bfcf45c224b834f5cdab29d6c00.npz,b2055afbbd842cd104a108db1206524999f1e13c4f7fe1486bcb3545344eaeb4,f98c1aa523f66e000ee5de44e075f98740618bfcf45c224b834f5cdab29d6c00,newly_executed
0.0,0.925,0,sv,equal_shots,100000,False,False,9500000,100000,results/stage6_followup_v1/measurements/4fd3eb475f0a2b70389cfdcc6ac8a93bd58e27c3146b1db9e208d36fc2a0492e.npz,cac9cd5ab109350bc22ae17b8c744d58578bbea0d73cf07d24ea709a9611b296,4fd3eb475f0a2b70389cfdcc6ac8a93bd58e27c3146b1db9e208d36fc2a0492e,newly_executed
0.0,0.925,0.01,raw,equal_shots,100000,False,False,9500000,100000,results/stage6_followup_v1/measurements/1e9fa8832c4abb51d0ac4ae51b26d9e3d1e62ab70263bee8532777aa5e0a92ba.npz,77a14ada6267a99cc84953754f9ab8d2b09d80e3f218be4b01eff6c03a4dca36,1e9fa8832c4abb51d0ac4ae51b26d9e3d1e62ab70263bee8532777aa5e0a92ba,newly_executed
0.0,0.925,0.01,zne_quadratic,equal_shots,100000,False,False,28499810,100000,results/stage6_followup_v1/measurements/04ae7a97410d3d9ec8929e97368289f1b81ea2850e986a9901a92a4ae4819bf5.npz,b965e1573d6cb2ca78cb3866fcae28dfea76695ca36561c74996aad257821698,04ae7a97410d3d9ec8929e97368289f1b81ea2850e986a9901a92a4ae4819bf5,newly_executed
0.0,0.925,0.01,sv,equal_shots,100000,False,False,9500000,100000,results/stage6_followup_v1/measurements/ee8c14b0e7918ab27467afac6f4e2fb88b2f83ab1d39c60ef1c34571827ec3ce.npz,7a9182dd459af5e27c4d5ca3d772b76af98d1a4b3f8921deabb61d5e1e2a9f3f,ee8c14b0e7918ab27467afac6f4e2fb88b2f83ab1d39c60ef1c34571827ec3ce,newly_executed
0.0,0.925,0.05,raw,equal_shots,100000,False,False,9500000,100000,results/stage6_followup_v1/measurements/d53338779d481ef789d0a70f013c1430589eb9c6db505421026c441a992d03e2.npz,7261c4ae0087de9811b91e269bf51bb35a93b14536df59dbbbb0ad9cb5ed08a2,d53338779d481ef789d0a70f013c1430589eb9c6db505421026c441a992d03e2,newly_executed
0.0,0.925,0.05,zne_quadratic,equal_shots,100000,False,False,28499810,100000,results/stage6_followup_v1/measurements/8530b4592b794179b9577188a2f0e44109c0d42048c999efaeb010d3ba8d4a05.npz,b678efae3828e74795ea5fe877071c2da2bafeb8ddce77af1498f6657c8cc524,8530b4592b794179b9577188a2f0e44109c0d42048c999efaeb010d3ba8d4a05,newly_executed
0.0,0.925,0.05,sv,equal_shots,100000,False,False,9500000,100000,results/stage6_followup_v1/measurements/793db8adfbefe429a67504c674a77b0802831549bd06020b386bd2dc8e26e2fa.npz,f3596c7ae25ef55def22ea03067e45dc819a032a4284f7b711ff8795b2adf477,793db8adfbefe429a67504c674a77b0802831549bd06020b386bd2dc8e26e2fa,newly_executed
0.0,0.925,0,raw,equal_gate,100000,True,False,9500000,100000,results/stage6_followup_v1/measurements/9f4522caf8456f31be222e538215eb813f646dab4dd80e21413a68774518b214.npz,bf5f12024f999b8afd26fbd08c2cdee433a6033a2e8c14edacc915de85541fc7,9f4522caf8456f31be222e538215eb813f646dab4dd80e21413a68774518b214,newly_executed
0.0,0.925,0,zne_quadratic,equal_gate,100000,True,False,9500000,33334,results/stage6_followup_v1/measurements/7a9cabe2f835089d96fed6edec9232e2f897636d05eff0112a3070ab58ed924c.npz,b8034269a42f10e8bac46862764ddb7b9d13af3ad3903d838436e4d03dc95050,7a9cabe2f835089d96fed6edec9232e2f897636d05eff0112a3070ab58ed924c,newly_executed
0.0,0.925,0,sv,equal_gate,100000,True,False,9500000,100000,results/stage6_followup_v1/measurements/73483289c38535e252c5d42d68ab117895017e4148d89c2af2a718b8cc403abf.npz,03646bdcd6f344fe045652152e146629d9252e90e9e1acfcbce3e743009eba8a,73483289c38535e252c5d42d68ab117895017e4148d89c2af2a718b8cc403abf,newly_executed
0.0,0.925,0.01,raw,equal_gate,100000,True,False,9500000,100000,results/stage6_followup_v1/measurements/4492df28550494eb405bb4e45230e77b2a2eb602d1663640f762b9b3d4bd66d4.npz,b1d1a42003252e1bc60d45492c358770dddde6f3e41be2698cdbf8cbba683b12,4492df28550494eb405bb4e45230e77b2a2eb602d1663640f762b9b3d4bd66d4,newly_executed
0.0,0.925,0.01,zne_quadratic,equal_gate,100000,True,False,9500000,33334,results/stage6_followup_v1/measurements/f4774e577013c5b255ae5d6e45283e548bd71fd1035a931c8302a1fadfadee10.npz,6e7f61216ac95943905396c90d3051ea82aa0c9a5d140a9c83865cb9810e6fca,f4774e577013c5b255ae5d6e45283e548bd71fd1035a931c8302a1fadfadee10,newly_executed
0.0,0.925,0.01,sv,equal_gate,100000,True,False,9500000,100000,results/stage6_followup_v1/measurements/7f31a38f366025d6c11c10e027b91f98e3f76160d837e65a89ca018365deef4b.npz,bfc4de8840d1749bc42e6c80dc59ac45724f299cd99b492810461dbfdcdad8db,7f31a38f366025d6c11c10e027b91f98e3f76160d837e65a89ca018365deef4b,newly_executed
0.0,0.925,0.05,raw,equal_gate,100000,True,False,9500000,100000,results/stage6_followup_v1/measurements/802e43e5fac860d228054da45ac45e2c3e6413aa515b490144d9b1b10fece7b1.npz,96149788cac90cf31eb54035a558f88722bc5be8eb98bfab40e1463282f5b7d1,802e43e5fac860d228054da45ac45e2c3e6413aa515b490144d9b1b10fece7b1,newly_executed
0.0,0.925,0.05,zne_quadratic,equal_gate,100000,True,False,9500000,33334,results/stage6_followup_v1/measurements/1f22ca17b786f71cc6a7018464c0b901dcada9b052f9565bf2b5d16a5a45f881.npz,38a759171a0a5c04497f692cefb2a5c4e93417a361b348de08d936ce225782d5,1f22ca17b786f71cc6a7018464c0b901dcada9b052f9565bf2b5d16a5a45f881,newly_executed
0.0,0.925,0.05,sv,equal_gate,100000,True,False,9500000,100000,results/stage6_followup_v1/measurements/648c78125b8467dc76a8369380897b47d9997411876c2c21b68fda4f047700ff.npz,f6410c5e7d17b3e116ef9a35b02aa8ebccfd26c570da6000cb719774005fb566,648c78125b8467dc76a8369380897b47d9997411876c2c21b68fda4f047700ff,newly_executed
0.0,0.925,0,raw,equal_gate,300000,True,False,28499810,299998,results/stage6_followup_v1/measurements/c46813cfe5b72320ccfb10f939308a4148e93c4b3bd9a708b2474b4c41142270.npz,772577996d7626a65b61f5906b74378cde300d6f94e10381a2552f18f95da8cf,c46813cfe5b72320ccfb10f939308a4148e93c4b3bd9a708b2474b4c41142270,newly_executed
0.0,0.925,0,zne_quadratic,equal_gate,300000,True,False,28499810,100000,results/stage6_followup_v1/measurements/9d2bd783a673a0818f9f0b0797b68aed930c755408c0a848bf95036d84779b7b.npz,3a1679e4e6d970d3c3b82d7ab50be392f65b2f22cd7b0ccd03b610605f1f1078,9d2bd783a673a0818f9f0b0797b68aed930c755408c0a848bf95036d84779b7b,newly_executed
0.0,0.925,0,sv,equal_gate,300000,True,False,28499810,299998,results/stage6_followup_v1/measurements/e65fb0437a125d6c72db6f31bf0fb8ee04aa5ebc5304b5ea548279016306cf15.npz,2bd7c375d0b50f1be4c389439deb82a1296ef015a6e23b6b4ee825edf096d53f,e65fb0437a125d6c72db6f31bf0fb8ee04aa5ebc5304b5ea548279016306cf15,newly_executed
0.0,0.925,0.01,raw,equal_gate,300000,True,False,28499810,299998,results/stage6_followup_v1/measurements/49cf70128fa3ea32721555d079ddb95a3bd654ed0d0611ca4add143b032be6f0.npz,9241f59db3a84c16d04d5090f9bf62d1b38fb1097eda60e380d32eae02d72a72,49cf70128fa3ea32721555d079ddb95a3bd654ed0d0611ca4add143b032be6f0,newly_executed
0.0,0.925,0.01,zne_quadratic,equal_gate,300000,True,False,28499810,100000,results/stage6_followup_v1/measurements/a38c84661cde41d18c47ed04feb441d9b8cb3b05e4bcab5b02aa53d6d4d77f17.npz,cdfc7407181f4090f9471ac03d0887ae973987ee568c5380f4ba0d9264d8aed3,a38c84661cde41d18c47ed04feb441d9b8cb3b05e4bcab5b02aa53d6d4d77f17,newly_executed
0.0,0.925,0.01,sv,equal_gate,300000,True,False,28499810,299998,results/stage6_followup_v1/measurements/367b6ce9e48418c6f797160b1de46eb7b854dc82112d659b63b31d1a0840a2ed.npz,26d9039ae637c6daf22f6e27940c5d5496eb3f5cac78eb59642d819bd890142a,367b6ce9e48418c6f797160b1de46eb7b854dc82112d659b63b31d1a0840a2ed,newly_executed
0.0,0.925,0.05,raw,equal_gate,300000,True,False,28499810,299998,results/stage6_followup_v1/measurements/ba2a73a4ce3f6847b08dbe3def9f61a706ffd2d1c7a9734ad4ed884bcaae9de9.npz,b32ee67004a0d20bfa2b151aa542cf139395ebfd1bb933b39fc0ec6a8b747e9d,ba2a73a4ce3f6847b08dbe3def9f61a706ffd2d1c7a9734ad4ed884bcaae9de9,newly_executed
0.0,0.925,0.05,zne_quadratic,equal_gate,300000,True,False,28499810,100000,results/stage6_followup_v1/measurements/91de6e3bb9c56a3d948ccc8c9a1c1178076d7be75adee07816685a49d4e93657.npz,2da77b23b1fcd724ee88dc107fd7389db3fe70ed33e7673b7d70e018d4dd1f01,91de6e3bb9c56a3d948ccc8c9a1c1178076d7be75adee07816685a49d4e93657,newly_executed
0.0,0.925,0.05,sv,equal_gate,300000,True,False,28499810,299998,results/stage6_followup_v1/measurements/4d9a55a523d9869227a7573beecc0510a455140735d307deaebf811701aa0baf.npz,96ce8b6a5e2e6d48b883194eddab64727e53c8e414df6a6b7c075fa5b4a4788b,4d9a55a523d9869227a7573beecc0510a455140735d307deaebf811701aa0baf,newly_executed
0.0,0.9375,0,raw,equal_shots,100000,False,False,9500000,100000,results/stage6_followup_v1/measurements/baf35d5cc25c2f70daeda2bdd54f54e0f09c6bae5cd510037be2180533f80355.npz,d1804fde8bc4fa073563fc1525ffdee6ad908dee1eb0cbdb3eaf64a313e94a7a,baf35d5cc25c2f70daeda2bdd54f54e0f09c6bae5cd510037be2180533f80355,newly_executed
0.0,0.9375,0,zne_quadratic,equal_shots,100000,False,False,28499810,100000,results/stage6_followup_v1/measurements/3ec304d8967d4a428208009b42608c3d9cb3cacaad2980a4c3d5ca386ea608db.npz,7965fe830adb81e4cb70bbac505221558cf6def9e502e1c880eeb2b614712ff9,3ec304d8967d4a428208009b42608c3d9cb3cacaad2980a4c3d5ca386ea608db,newly_executed
0.0,0.9375,0,sv,equal_shots,100000,False,False,9500000,100000,results/stage6_followup_v1/measurements/29763846cd7cf359c2a8909d858e792882a0d1cbf32067c9692bff32b13abbf6.npz,793dcb85c4f34e21aa0ddb2c96ce84de389fa0e2075513bb0ffe179be3e73ef0,29763846cd7cf359c2a8909d858e792882a0d1cbf32067c9692bff32b13abbf6,newly_executed
0.0,0.9375,0.01,raw,equal_shots,100000,False,False,9500000,100000,results/stage6_followup_v1/measurements/39c73010aed29a6ea40785d9d4aaf9c2fac1e9429b3133593ce01849bd3bee57.npz,949ec4751ba9a77cf03bee5222e76a91da7b45b297c693cac0a42291e51bc785,39c73010aed29a6ea40785d9d4aaf9c2fac1e9429b3133593ce01849bd3bee57,newly_executed
0.0,0.9375,0.01,zne_quadratic,equal_shots,100000,False,False,28499810,100000,results/stage6_followup_v1/measurements/d692fb03f1d1b0fcbe19a383717066dab39ff40361535cab89b2400674a4a9c2.npz,2d5b1d30673c51514e83aead38107f5874973f3314bcd228e399edda16db1e5a,d692fb03f1d1b0fcbe19a383717066dab39ff40361535cab89b2400674a4a9c2,newly_executed
0.0,0.9375,0.01,sv,equal_shots,100000,False,False,9500000,100000,results/stage6_followup_v1/measurements/f086480567f441be0213f0e38e8d67fbbb8fb122e9cb6ec0707211a4222c360e.npz,6fe84c6dce9141533f71a5d2fe205964f157057aee8cb4c0802a71554ceb6c1e,f086480567f441be0213f0e38e8d67fbbb8fb122e9cb6ec0707211a4222c360e,newly_executed
0.0,0.9375,0.05,raw,equal_shots,100000,False,False,9500000,100000,results/stage6_followup_v1/measurements/1c0968cfc83b08c01acdb8269406b56f8e87f2ee78197721dd0edbaeaefca2ca.npz,a780a6635f57f2fb867b48c3c266f8f11a6f32a1e5b3e1887fc333174ddb2801,1c0968cfc83b08c01acdb8269406b56f8e87f2ee78197721dd0edbaeaefca2ca,newly_executed
0.0,0.9375,0.05,zne_quadratic,equal_shots,100000,False,False,28499810,100000,results/stage6_followup_v1/measurements/f60b3a3819cc58f2d110951f0615d5d8b54defaa367a24de3a4263eefc51e855.npz,380dded03537bc343e10d3bce8dd39305335b6386d4594404a03761813c52f31,f60b3a3819cc58f2d110951f0615d5d8b54defaa367a24de3a4263eefc51e855,newly_executed
0.0,0.9375,0.05,sv,equal_shots,100000,False,False,9500000,100000,results/stage6_followup_v1/measurements/a9b577090dc4ba0bb27a8b80b78d41ad730393012aefc918e239ea136c756b0e.npz,8c5ef79921854760aae5d5e5443950cb28bda78c87a36b5dd7607d87a0d796c2,a9b577090dc4ba0bb27a8b80b78d41ad730393012aefc918e239ea136c756b0e,newly_executed
0.0,0.9375,0,raw,equal_gate,100000,True,False,9500000,100000,results/stage6_followup_v1/measurements/c48d4563610f4aa2db3549615453bc70abc65b9cf44c1064c7f2cb0518bcb3a3.npz,2c9986628651d1155dbef7aa4611d31768de1d58d634c6f5b5ae0c7842dfa34a,c48d4563610f4aa2db3549615453bc70abc65b9cf44c1064c7f2cb0518bcb3a3,newly_executed
0.0,0.9375,0,zne_quadratic,equal_gate,100000,True,False,9500000,33334,results/stage6_followup_v1/measurements/b2e8d233ea361d0aa77f6ab111d22167cbba32092fa66839cab8767db7149770.npz,d01e5bcbc9aaef52bca43c6cbd67b9d2ec0119a6569499373ce2a94843980940,b2e8d233ea361d0aa77f6ab111d22167cbba32092fa66839cab8767db7149770,newly_executed
0.0,0.9375,0,sv,equal_gate,100000,True,False,9500000,100000,results/stage6_followup_v1/measurements/ca41a4b0ac94769bd624d0f0eef3a26526ebd14aa17478ec3d085667d0597b7c.npz,4952d61e67cf050f622774af69c11359a37ccd4de12ba5c65444ce3eb90767b2,ca41a4b0ac94769bd624d0f0eef3a26526ebd14aa17478ec3d085667d0597b7c,newly_executed
0.0,0.9375,0.01,raw,equal_gate,100000,True,False,9500000,100000,results/stage6_followup_v1/measurements/37dc61bb35f22a113d33770d28d43be6a831a7fd822fa7b74e8f0e744d7d7c98.npz,0025acf1831821633d4f59aa8bebdfaf89dfaf37e5415a66ec54df68ba94ca45,37dc61bb35f22a113d33770d28d43be6a831a7fd822fa7b74e8f0e744d7d7c98,newly_executed
0.0,0.9375,0.01,zne_quadratic,equal_gate,100000,True,False,9500000,33334,results/stage6_followup_v1/measurements/e9e3c8c3f1bbc293484f2e384762ac3b7d61b6ce6fa8ae1383c9c132a12258fa.npz,7f8d5f4a842e92777a3e186357e37c490942988eae8c0cc006dcbee252b73410,e9e3c8c3f1bbc293484f2e384762ac3b7d61b6ce6fa8ae1383c9c132a12258fa,newly_executed
0.0,0.9375,0.01,sv,equal_gate,100000,True,False,9500000,100000,results/stage6_followup_v1/measurements/81d6ac68ccb0db844af4fe1bc1cd0a7ba1b393b4bc7151b9148808be0b405ea8.npz,45c24f01ac94df3085be36f50ea1cbdd6dbc9a7573068b9f293b05cd23906fc4,81d6ac68ccb0db844af4fe1bc1cd0a7ba1b393b4bc7151b9148808be0b405ea8,newly_executed
0.0,0.9375,0.05,raw,equal_gate,100000,True,False,9500000,100000,results/stage6_followup_v1/measurements/134e819321a42e704561a7275b7bbdbc015825b7eba8c57daab8fa77da659f62.npz,dbfb40f5963efa686b30c599b7efbef75ed93413f9a4baf1a49e22bcdc2ba410,134e819321a42e704561a7275b7bbdbc015825b7eba8c57daab8fa77da659f62,newly_executed
0.0,0.9375,0.05,zne_quadratic,equal_gate,100000,True,False,9500000,33334,results/stage6_followup_v1/measurements/e1f2572ddf2620aefd25ddc40900f23169715b799bafed89a539455a269a95e2.npz,223560997821617079998f8dcbcc6297965d5e39ac238cd05db2b84dd365c6a0,e1f2572ddf2620aefd25ddc40900f23169715b799bafed89a539455a269a95e2,newly_executed
0.0,0.9375,0.05,sv,equal_gate,100000,True,False,9500000,100000,results/stage6_followup_v1/measurements/dff0656c953c37f5f4b670319756b1ee3ef26381308863479055ce4416eef4af.npz,f76f91e5903b8cfc556ba30a9492190bf40cafd7fa7649d8b1045237ddf92d5e,dff0656c953c37f5f4b670319756b1ee3ef26381308863479055ce4416eef4af,newly_executed
0.0,0.9375,0,raw,equal_gate,300000,True,False,28499810,299998,results/stage6_followup_v1/measurements/f7324f2f2e8001661e9e7f062c86776fd70697640e49377ede0d2f6f4a108e38.npz,60cbfc282ef33e6a22b04050a4dcc988bcec270762b13425ebfec5f1312b3bd0,f7324f2f2e8001661e9e7f062c86776fd70697640e49377ede0d2f6f4a108e38,newly_executed
0.0,0.9375,0,zne_quadratic,equal_gate,300000,True,False,28499810,100000,results/stage6_followup_v1/measurements/015df30fac122ff803e499d5f456ff97769f66123d2e062679fca0eda64f7983.npz,4ebf78497faf14c0abd9f7d245074371169874f730912e934f2670fdaa54c0b6,015df30fac122ff803e499d5f456ff97769f66123d2e062679fca0eda64f7983,newly_executed
0.0,0.9375,0,sv,equal_gate,300000,True,False,28499810,299998,results/stage6_followup_v1/measurements/8ed7f2bf14152ecf683f22af28a00c18caab0d2d201c8054996841df759fc24a.npz,9930eabf392c0b857d4d16c33dc3b429b2a905afaed125233a8fce0dcc1b2d10,8ed7f2bf14152ecf683f22af28a00c18caab0d2d201c8054996841df759fc24a,newly_executed
0.0,0.9375,0.01,raw,equal_gate,300000,True,False,28499810,299998,results/stage6_followup_v1/measurements/74fce1320f04c20819076b7b1fc6de8b222b7952268837a01e9822702d9740cd.npz,a5f989103122850f96268281e42d8d7e8a93973d0cc06ca77237fd4e106ce1f6,74fce1320f04c20819076b7b1fc6de8b222b7952268837a01e9822702d9740cd,newly_executed
0.0,0.9375,0.01,zne_quadratic,equal_gate,300000,True,False,28499810,100000,results/stage6_followup_v1/measurements/8113ba7c9f3c1e8db4c6c8f176db115d98ca067e72949e7a1496ba65367a4ad4.npz,79f8e6cc9216c5e8b4e9c1549df44916c26cac87fbf8d68d8fe2cb56b1b8d16c,8113ba7c9f3c1e8db4c6c8f176db115d98ca067e72949e7a1496ba65367a4ad4,newly_executed
0.0,0.9375,0.01,sv,equal_gate,300000,True,False,28499810,299998,results/stage6_followup_v1/measurements/1326a6dbd2f489cc9b917d0d345a363270e287fa4a2303328dffa217f0de7c07.npz,c4cafef4dbf1d545a564b439af8d1e4b4946dfd5a5be6c7dfd588d5d0a6474db,1326a6dbd2f489cc9b917d0d345a363270e287fa4a2303328dffa217f0de7c07,newly_executed
0.0,0.9375,0.05,raw,equal_gate,300000,True,False,28499810,299998,results/stage6_followup_v1/measurements/9ebdd6f69d42f11f044bda5b8d87ab7552546eed91ca208d19e68cd23fce6e8a.npz,08c4d21e90f919b6e6f498d49940ec3883e355652fda93269876c6a567fbde7f,9ebdd6f69d42f11f044bda5b8d87ab7552546eed91ca208d19e68cd23fce6e8a,newly_executed
0.0,0.9375,0.05,zne_quadratic,equal_gate,300000,True,False,28499810,100000,results/stage6_followup_v1/measurements/0b86ecb7bf1608377f8ca4218e302a5c3ed3dbf5d36f07558788c79f27e50782.npz,3607d492f9156bfe2129fb34335b3895c7613cece8aaf030e6afb1d8a12c9072,0b86ecb7bf1608377f8ca4218e302a5c3ed3dbf5d36f07558788c79f27e50782,newly_executed
0.0,0.9375,0.05,sv,equal_gate,300000,True,False,28499810,299998,results/stage6_followup_v1/measurements/8d46d4dbd2f21dceb6df80ad3c6161339a5796b8e7fa36ddeb255cb3cd0012fb.npz,7a84146b8422c7e2112034b77f6fcc4f78df981d645ed0351681d93a03e64833,8d46d4dbd2f21dceb6df80ad3c6161339a5796b8e7fa36ddeb255cb3cd0012fb,newly_executed
0.0,0.95,0,raw,equal_shots,100000,False,False,9600000,100000,results/stage6_followup_v1/measurements/030a112166e32dec3ca42c8a906079b41b2d6fee7ed2661cf4b5ab320c0d6bed.npz,2d0b3eb1bdd482d9c29ac84f8c21aa91bf149dbe423997b10821cc3cc1ee1903,030a112166e32dec3ca42c8a906079b41b2d6fee7ed2661cf4b5ab320c0d6bed,newly_executed
0.0,0.95,0,zne_quadratic,equal_shots,100000,False,False,28799808,100000,results/stage6_followup_v1/measurements/7a771c31322683777378cb4bde4969f504e771a55f5f582405822a4c35f155f9.npz,f3851f78e6237efbb8d7b2b827249d7232ddcdf6324c84821c49ffd0e1853088,7a771c31322683777378cb4bde4969f504e771a55f5f582405822a4c35f155f9,newly_executed
0.0,0.95,0,sv,equal_shots,100000,False,False,9600000,100000,results/stage6_followup_v1/measurements/92800c9f8511e489856e9186a09e4a02854018b040e64f77e796c10e67a29a80.npz,cde7cbc5ea942fe5a0b8f88015effc64180793be711bd856ea624d0cacebf168,92800c9f8511e489856e9186a09e4a02854018b040e64f77e796c10e67a29a80,newly_executed
0.0,0.95,0.01,raw,equal_shots,100000,False,False,9600000,100000,results/stage6_followup_v1/measurements/2567cf72e816c54e614ef3f308dc7b19ffa7527ba2f7f053b2ab25585d299311.npz,0c1b8e70adaa3e47edfbfa8e07c703f9a1e78b2636b448340a78404893b6e76c,2567cf72e816c54e614ef3f308dc7b19ffa7527ba2f7f053b2ab25585d299311,newly_executed
0.0,0.95,0.01,zne_quadratic,equal_shots,100000,False,False,28799808,100000,results/stage6_followup_v1/measurements/5f45f098b4bb83a28e8f37fc4ffa9b5105174d1e8bc9837525b650445bf0b6b6.npz,07c9cd81d484fceb0f474353d70621b6bca57e14085899bf87312e13e2e26946,5f45f098b4bb83a28e8f37fc4ffa9b5105174d1e8bc9837525b650445bf0b6b6,newly_executed
0.0,0.95,0.01,sv,equal_shots,100000,False,False,9600000,100000,results/stage6_followup_v1/measurements/0f7799e59c1d4047d574f979b7e5f974ec9add6cb5d6050cc1f749873290f8c5.npz,241696a992ad470ec6fb7f9b9698d593200c4784bbcd5cb9fced07ad3c52ec74,0f7799e59c1d4047d574f979b7e5f974ec9add6cb5d6050cc1f749873290f8c5,newly_executed
0.0,0.95,0.05,raw,equal_shots,100000,False,False,9600000,100000,results/stage6_followup_v1/measurements/d87562ee29e3e2bab4fd5d047619bb4504cfc37373d96ece47bb96e96e62912f.npz,6db0fef6eb071fbc10c8714f279c2058e172c47681d380a2771003f76d5ea9d0,d87562ee29e3e2bab4fd5d047619bb4504cfc37373d96ece47bb96e96e62912f,newly_executed
0.0,0.95,0.05,zne_quadratic,equal_shots,100000,False,False,28799808,100000,results/stage6_followup_v1/measurements/b7fd6184ab5d25eb7e09e78701d7c00290a99fabe622519047b28f2c165e0f22.npz,d05befa68d29464fa76a60b4772053a456d651303db6dd62817e89258c0fc6c7,b7fd6184ab5d25eb7e09e78701d7c00290a99fabe622519047b28f2c165e0f22,newly_executed
0.0,0.95,0.05,sv,equal_shots,100000,False,False,9600000,100000,results/stage6_followup_v1/measurements/25abe54061e0dde73541260ca65c4cab4206137627553abef7679679fb3605eb.npz,8af59e16b88a0ca33d5d3fd67d76177243d6e1a5d22a2182b192cf1bac9f78f6,25abe54061e0dde73541260ca65c4cab4206137627553abef7679679fb3605eb,newly_executed
0.0,0.95,0,raw,equal_gate,100000,True,False,9600000,100000,results/stage6_followup_v1/measurements/e0047c263b9f5f27c8971b89929cb3c0495c84950a050c86bcb969c8ddafdb4a.npz,d086a9f946f6e71d4cb39879e71571fadeab0df1998c9c415d9a061972245ea0,e0047c263b9f5f27c8971b89929cb3c0495c84950a050c86bcb969c8ddafdb4a,newly_executed
0.0,0.95,0,zne_quadratic,equal_gate,100000,True,False,9600000,33334,results/stage6_followup_v1/measurements/68845121eb17f4ae63cb576e4fa9d90b18651a98bd11dd160d645d6f52e68d05.npz,31e8ab3cdb5350cbb0b95fbb1c088a7ab2b8de2744c4e18f63119a82b9c50f80,68845121eb17f4ae63cb576e4fa9d90b18651a98bd11dd160d645d6f52e68d05,newly_executed
0.0,0.95,0,sv,equal_gate,100000,True,False,9600000,100000,results/stage6_followup_v1/measurements/d622cb98f324b97d4bb051eea1a4dae928865f2b92513b025bba2e76770c8c36.npz,ec13b7b81beb0dd6b95c6477769cd0b0e78604e00da40d0ee6a2d53c5996069b,d622cb98f324b97d4bb051eea1a4dae928865f2b92513b025bba2e76770c8c36,newly_executed
0.0,0.95,0.01,raw,equal_gate,100000,True,False,9600000,100000,results/stage6_followup_v1/measurements/c264c04686e446d7c6a46bf4c03ea8c3bc95c57b4708980495402cbb73d390e2.npz,8f3e250cede22065d09c368da48f93d5a7bfcbdeedf6e09c769bb04a7b4a1f02,c264c04686e446d7c6a46bf4c03ea8c3bc95c57b4708980495402cbb73d390e2,newly_executed
0.0,0.95,0.01,zne_quadratic,equal_gate,100000,True,False,9600000,33334,results/stage6_followup_v1/measurements/d5eddc0030efff61172f74638c24fe266a43d5f5e3d51183bd689014a398acbf.npz,2e58c95d6992433b171b4cf9dec65af0200985addb925b2c983f311adcb2cfb1,d5eddc0030efff61172f74638c24fe266a43d5f5e3d51183bd689014a398acbf,newly_executed
0.0,0.95,0.01,sv,equal_gate,100000,True,False,9600000,100000,results/stage6_followup_v1/measurements/7f7ca4717dfc94c094a127e18e7ac2c93114869a73fddb4593165f66f9fd30dd.npz,cf5139faa4081bd3bcb01d7e99cff3fc490dffb591f3405c1abf9c4c43780cfd,7f7ca4717dfc94c094a127e18e7ac2c93114869a73fddb4593165f66f9fd30dd,newly_executed
0.0,0.95,0.05,raw,equal_gate,100000,True,False,9600000,100000,results/stage6_followup_v1/measurements/16021088f1227e42e287d60a432b03f99bc010f4cd585ba7f962014633263e7c.npz,90cb34c7e816c9b44822ebe50a1d1897c26dfcfda339637a1f5d47d83b6e4232,16021088f1227e42e287d60a432b03f99bc010f4cd585ba7f962014633263e7c,newly_executed
0.0,0.95,0.05,zne_quadratic,equal_gate,100000,True,False,9600000,33334,results/stage6_followup_v1/measurements/009cc64603a84a10976101e876bc537f85d2efbd84a2a77e130132f98af1aec4.npz,633701d276a5683dca6494b152f5f6b67bce2e84a385bb4b8c5fbf1bd1c6452e,009cc64603a84a10976101e876bc537f85d2efbd84a2a77e130132f98af1aec4,newly_executed
0.0,0.95,0.05,sv,equal_gate,100000,True,False,9600000,100000,results/stage6_followup_v1/measurements/ed49a428754d8af0d4b486a7213a53346494deb9d8ce270e1e2d0736b69d1448.npz,9a7800169f051e546c259ac3075ce023df1d9ff1f1ceb7dde7ef24ad365c6fea,ed49a428754d8af0d4b486a7213a53346494deb9d8ce270e1e2d0736b69d1448,newly_executed
0.0,0.95,0,raw,equal_gate,300000,True,False,28799808,299998,results/stage6_followup_v1/measurements/4cb0a0c03b0d0556d69608aa190db970921ebc9bab12493e3d2123a38deb1285.npz,4d28e8a3a94722bdcb7c29e35a0778c820ccd75173508b663651f7f54e49be24,4cb0a0c03b0d0556d69608aa190db970921ebc9bab12493e3d2123a38deb1285,newly_executed
0.0,0.95,0,zne_quadratic,equal_gate,300000,True,False,28799808,100000,results/stage6_followup_v1/measurements/7f1f150c10d2ebb5bfb77a62970a978e180d0687ffc7f597aeaf3bb098f8718f.npz,52af7909f6997747471f3cb68b2a2e46feb9f192f92f6ba43d4f4390e521b76a,7f1f150c10d2ebb5bfb77a62970a978e180d0687ffc7f597aeaf3bb098f8718f,newly_executed
0.0,0.95,0,sv,equal_gate,300000,True,False,28799808,299998,results/stage6_followup_v1/measurements/8289b9c292c651d6a3620178167e7a1cd9e02375b4b60e9d0aa32d5bba939439.npz,b277223cd468ba3fe3d2ac94c155ccf93670f3160d926aeeb81c392a339497d1,8289b9c292c651d6a3620178167e7a1cd9e02375b4b60e9d0aa32d5bba939439,newly_executed
0.0,0.95,0.01,raw,equal_gate,300000,True,False,28799808,299998,results/stage6_followup_v1/measurements/edb06f8f6177d1296097b24894d525b8adee89b0499204d5de123ca0357ec47c.npz,5a5f7fb3ff824a9482fc67eb3b9f6b6016f33d63fdbf0933b26a068948adedec,edb06f8f6177d1296097b24894d525b8adee89b0499204d5de123ca0357ec47c,newly_executed
0.0,0.95,0.01,zne_quadratic,equal_gate,300000,True,False,28799808,100000,results/stage6_followup_v1/measurements/5a5fe46a01b898e7038ade7e1710604387b77a4b99ad9b8e2363d09e2865b426.npz,8d8022acc21e81f6b795b522464d0a04eb5190ba3b67b6838d623ad0a647168c,5a5fe46a01b898e7038ade7e1710604387b77a4b99ad9b8e2363d09e2865b426,newly_executed
0.0,0.95,0.01,sv,equal_gate,300000,True,False,28799808,299998,results/stage6_followup_v1/measurements/5322cab7309fa9c58c55cd6b316e8ecbd1af7da4f70e72b17eabee17abb50d2e.npz,ddfa51ff8be58885ebc779bb1478f0d92bade6686ddd41ab1249e7f26092d0ef,5322cab7309fa9c58c55cd6b316e8ecbd1af7da4f70e72b17eabee17abb50d2e,newly_executed
0.0,0.95,0.05,raw,equal_gate,300000,True,False,28799808,299998,results/stage6_followup_v1/measurements/fd0f246ee965861bc3b8447bfad337f0e21f7c62806059728858d6f0f4c0894a.npz,48355d4c8c03abce5cbbe65df82311e6270755523949ca3520b70ae10fc39a2f,fd0f246ee965861bc3b8447bfad337f0e21f7c62806059728858d6f0f4c0894a,newly_executed
0.0,0.95,0.05,zne_quadratic,equal_gate,300000,True,False,28799808,100000,results/stage6_followup_v1/measurements/e11c2bdb05857d50aa2e5cbd4f5b060cc4b7ba62e186d6f08f5df677d0a54c00.npz,c5c0b48dc6d692fb8a2bd20053ba8f86e579bf0d1d174b5d1cc5b6b6d7fec844,e11c2bdb05857d50aa2e5cbd4f5b060cc4b7ba62e186d6f08f5df677d0a54c00,newly_executed
0.0,0.95,0.05,sv,equal_gate,300000,True,False,28799808,299998,results/stage6_followup_v1/measurements/f5ef1a7d01a559feb79ba99dd386d2683e7e21637933a8a20ae56ec5bcdae614.npz,a8233349adb0a789c91365703c343d7ab8a230ed1db0bface02de6bd4b670917,f5ef1a7d01a559feb79ba99dd386d2683e7e21637933a8a20ae56ec5bcdae614,newly_executed
0.0,0.9625,0,raw,equal_shots,100000,False,False,9500000,100000,results/stage6_followup_v1/measurements/cd46fe40ad4f4912f0a31bdc7f55fa82a9345760fc94eaf739b48acb28555ea4.npz,fcd78e64324e9692b06acfacac8666564c1af908a72361b0ac2b293a363e217e,cd46fe40ad4f4912f0a31bdc7f55fa82a9345760fc94eaf739b48acb28555ea4,newly_executed
0.0,0.9625,0,zne_quadratic,equal_shots,100000,False,False,28499810,100000,results/stage6_followup_v1/measurements/74637f9352e5637ac7eb99d66f9dee31c0bdb7eddd0a6d16f7867ef4d4ac9ec0.npz,7cbc88cd9a4b78dd02f76e4b35a6b852923d289895577b01a05715d1aac95724,74637f9352e5637ac7eb99d66f9dee31c0bdb7eddd0a6d16f7867ef4d4ac9ec0,newly_executed
0.0,0.9625,0,sv,equal_shots,100000,False,False,9500000,100000,results/stage6_followup_v1/measurements/bebd49c6f0d22f0be4b8a03a33801e0a002edabdf4033dc082cd00c4752053e0.npz,c6f3ea6d04d31086e22af7f50ed0fa5acc650141a672bacd872c50106c8e48f2,bebd49c6f0d22f0be4b8a03a33801e0a002edabdf4033dc082cd00c4752053e0,newly_executed
0.0,0.9625,0.01,raw,equal_shots,100000,False,False,9500000,100000,results/stage6_followup_v1/measurements/0f8e1fd9ad97bac24c9231f47505aa98c15b478f639115955c95b5af56b21eb5.npz,fc2cf2af9251faf55de838b9c7e5643bd14e90e58616de11a999e916e89e2ad7,0f8e1fd9ad97bac24c9231f47505aa98c15b478f639115955c95b5af56b21eb5,newly_executed
0.0,0.9625,0.01,zne_quadratic,equal_shots,100000,False,False,28499810,100000,results/stage6_followup_v1/measurements/c707f856680e82c1fd46cecb9e56b507ea1c1c8b1fe228fd41a0c8e2b034ee7c.npz,45d2b75fb1f1e6c1b90878aa5e10b966978809f666018262072be60c9d436906,c707f856680e82c1fd46cecb9e56b507ea1c1c8b1fe228fd41a0c8e2b034ee7c,newly_executed
0.0,0.9625,0.01,sv,equal_shots,100000,False,False,9500000,100000,results/stage6_followup_v1/measurements/7c9095de36581a4ea55dc33e6fe100c0c989be3a570d77dafc86cb5faa9dcc47.npz,3f9658a4184049e9e8eb3072cb49ba2295e959e9a41de3a11328af74845f5305,7c9095de36581a4ea55dc33e6fe100c0c989be3a570d77dafc86cb5faa9dcc47,newly_executed
0.0,0.9625,0.05,raw,equal_shots,100000,False,False,9500000,100000,results/stage6_followup_v1/measurements/f2bff428332214d70aa29ff0adbade333faaf64859965640ea83f2e836c0bc40.npz,314c66b4d316e273fd75e9ad510bf88b4354c0061d941b5ced6510f577c1893e,f2bff428332214d70aa29ff0adbade333faaf64859965640ea83f2e836c0bc40,newly_executed
0.0,0.9625,0.05,zne_quadratic,equal_shots,100000,False,False,28499810,100000,results/stage6_followup_v1/measurements/3acf33d114954d58d26c4de669eb347888a8147597cb41bc76af1c9e70a7b996.npz,aadebb0c6267cab4f0bd07e027f99b0a18cf5787034d2bca0b687205a7a4d7c0,3acf33d114954d58d26c4de669eb347888a8147597cb41bc76af1c9e70a7b996,newly_executed
0.0,0.9625,0.05,sv,equal_shots,100000,False,False,9500000,100000,results/stage6_followup_v1/measurements/0ea2925713f3ba5a8cb7f764b64577975be0ace90623f50504a011abb4f12e43.npz,76b29f05575b57ece788a24a9ffbea4664d2493e30355988d48ff256c2804839,0ea2925713f3ba5a8cb7f764b64577975be0ace90623f50504a011abb4f12e43,newly_executed
0.0,0.9625,0,raw,equal_gate,100000,True,False,9500000,100000,results/stage6_followup_v1/measurements/21e7bde739ba4f9fc53e83b7eb5d96aa32200ff1b0eb1dfb6b04de6e18c8525b.npz,621b21753c2957764620e9ee009db712935a29b036b8c0918de7afc385974e8b,21e7bde739ba4f9fc53e83b7eb5d96aa32200ff1b0eb1dfb6b04de6e18c8525b,newly_executed
0.0,0.9625,0,zne_quadratic,equal_gate,100000,True,False,9500000,33334,results/stage6_followup_v1/measurements/135bb8f62da039a1f63020fe0b5b13881d7afdc1d04987feadb747eab0f3864e.npz,854ed8aae0853634404a4dc0b399be2dbc5f55d7376fac6aeff2730fc6c63c67,135bb8f62da039a1f63020fe0b5b13881d7afdc1d04987feadb747eab0f3864e,newly_executed
0.0,0.9625,0,sv,equal_gate,100000,True,False,9500000,100000,results/stage6_followup_v1/measurements/72c26717be8516becf0da988644d7e25481f3355bd4fb97e92cfc94ccaec6647.npz,53fd2b4b0aed3f396265fcd42b7104fd89bf2b0ae796acc80e6b7b227e8609e8,72c26717be8516becf0da988644d7e25481f3355bd4fb97e92cfc94ccaec6647,newly_executed
0.0,0.9625,0.01,raw,equal_gate,100000,True,False,9500000,100000,results/stage6_followup_v1/measurements/984d0b6a752fcfc32d16a5f006d482a1a83f56e05ab9d5d4f29b7138103d4da0.npz,70c4a9288d143cc6ecab12ccdffda96150721f413bb0b032a74430f8e5f033c4,984d0b6a752fcfc32d16a5f006d482a1a83f56e05ab9d5d4f29b7138103d4da0,newly_executed
0.0,0.9625,0.01,zne_quadratic,equal_gate,100000,True,False,9500000,33334,results/stage6_followup_v1/measurements/658035ffb7b4a67a97c33867e942ad33c2c4aa1189c284eb21861ec43c30fcfa.npz,5e3a514474c1e20df5bed4399c8b4aa4b9e629024d3f6b82b7773b9897a217e9,658035ffb7b4a67a97c33867e942ad33c2c4aa1189c284eb21861ec43c30fcfa,newly_executed
0.0,0.9625,0.01,sv,equal_gate,100000,True,False,9500000,100000,results/stage6_followup_v1/measurements/03d1fafa94b8f23e6f98180065b972246037d3dcaddfd62b043c6831cce6e564.npz,51f533bb20ea3328d80eadc35896311b4be9714fb75d5e42ebebd410d4f94214,03d1fafa94b8f23e6f98180065b972246037d3dcaddfd62b043c6831cce6e564,newly_executed
0.0,0.9625,0.05,raw,equal_gate,100000,True,False,9500000,100000,results/stage6_followup_v1/measurements/794c66b8ca302dea959bf31c5e39ba1b4f14741d69154a9b84a001c48f5485aa.npz,3020b01e6aa8f6cf23d1057b50b430c42400df8bbf61f20de22b4bcb333a69cf,794c66b8ca302dea959bf31c5e39ba1b4f14741d69154a9b84a001c48f5485aa,newly_executed
0.0,0.9625,0.05,zne_quadratic,equal_gate,100000,True,False,9500000,33334,results/stage6_followup_v1/measurements/e74f478ed67500b6c76a883597f3bf578e3df2f1e1bd5527ec61691b33840a16.npz,383c47b548ba18a6b9586c4c5aa0d2bf5b9771441ca98364f220d9c543f03ea9,e74f478ed67500b6c76a883597f3bf578e3df2f1e1bd5527ec61691b33840a16,newly_executed
0.0,0.9625,0.05,sv,equal_gate,100000,True,False,9500000,100000,results/stage6_followup_v1/measurements/2368782d9e0274ea0c0f59b9fcf0afb9289e0f1333a53397200ed8b3adc2b954.npz,c64689ebea22525987810118987d3b4053bf2fcbef7cf45269253276797681f6,2368782d9e0274ea0c0f59b9fcf0afb9289e0f1333a53397200ed8b3adc2b954,newly_executed
0.0,0.9625,0,raw,equal_gate,300000,True,False,28499810,299998,results/stage6_followup_v1/measurements/170a061c11cfb1762ee93cadd03f3e72504ed9150f72f32e9787acb7a30bdc3b.npz,d4d082306fbcebe7358b7f20e31f1c169c721bb75e64c2bc222856ad59f4ed75,170a061c11cfb1762ee93cadd03f3e72504ed9150f72f32e9787acb7a30bdc3b,newly_executed
0.0,0.9625,0,zne_quadratic,equal_gate,300000,True,False,28499810,100000,results/stage6_followup_v1/measurements/dc1e582f82e2d8c9d19d8ed0a41028f987df041fb0b932fb0d8f098cf59dee4c.npz,ab822d60bb10c7c066b8f1031a5303e6e0a29d602f477037bab0f4035bdfb9c0,dc1e582f82e2d8c9d19d8ed0a41028f987df041fb0b932fb0d8f098cf59dee4c,newly_executed
0.0,0.9625,0,sv,equal_gate,300000,True,False,28499810,299998,results/stage6_followup_v1/measurements/80fda8aed8581291314e9248c03ee859d4f93e67b895c5fc58454c6bdadf94cd.npz,a969bde349d73d57b4920c9a0566235041a9901d5f7e5139127bd094b8993f15,80fda8aed8581291314e9248c03ee859d4f93e67b895c5fc58454c6bdadf94cd,newly_executed
0.0,0.9625,0.01,raw,equal_gate,300000,True,False,28499810,299998,results/stage6_followup_v1/measurements/bc61b2ec58827c95986ab76a5f220b024f7ebaab1d9cbf066c51b682efe88696.npz,ecbaf991900d7d944e849e95567a835c88fe5ec8e22076f950e2f8d93774ed8e,bc61b2ec58827c95986ab76a5f220b024f7ebaab1d9cbf066c51b682efe88696,newly_executed
0.0,0.9625,0.01,zne_quadratic,equal_gate,300000,True,False,28499810,100000,results/stage6_followup_v1/measurements/fabb4d958c513f4fee3613d28255b024732b14f385a45cecf72d25bed0942bd9.npz,674debc4f9625b17a0001a521b6ec1238272f07b9e396e367ff4e7e6a7178250,fabb4d958c513f4fee3613d28255b024732b14f385a45cecf72d25bed0942bd9,newly_executed
0.0,0.9625,0.01,sv,equal_gate,300000,True,False,28499810,299998,results/stage6_followup_v1/measurements/117a0b967c3dfb831ea804d5c901775a0bb6dd7b8337b54c42ccd3c4e7c45bb7.npz,b702e4ddc9bf39fd2acea2b38f0ecaeaae6993ca5bd079c9d4c24c90fcec34c2,117a0b967c3dfb831ea804d5c901775a0bb6dd7b8337b54c42ccd3c4e7c45bb7,newly_executed
0.0,0.9625,0.05,raw,equal_gate,300000,True,False,28499810,299998,results/stage6_followup_v1/measurements/d9d703c4e3c3dd0b4c5fb9b32437a431cdfaa0269cff65b2630405dbab541c38.npz,740e138c585f096dcf6e0a0a80d2113cc617ee1dae00f30fb29c2f57f100037b,d9d703c4e3c3dd0b4c5fb9b32437a431cdfaa0269cff65b2630405dbab541c38,newly_executed
0.0,0.9625,0.05,zne_quadratic,equal_gate,300000,True,False,28499810,100000,results/stage6_followup_v1/measurements/a441209c87ffc3d8821193f1c7e20452da77a3d03df0b9786d27e2622061cdac.npz,fb50ca49f2d51a3fcd9ad455985c455a1ee8576961f48bd0abb03eaa13323176,a441209c87ffc3d8821193f1c7e20452da77a3d03df0b9786d27e2622061cdac,newly_executed
0.0,0.9625,0.05,sv,equal_gate,300000,True,False,28499810,299998,results/stage6_followup_v1/measurements/74f1257af5c0a6a3591506c169e48cf487366e9324b4a4258fa52260e655977e.npz,e265a711068fef05ecb0cbde8c24916d95f0035de7b3e0de598db4470e7b4223,74f1257af5c0a6a3591506c169e48cf487366e9324b4a4258fa52260e655977e,newly_executed
0.0,0.975,0,raw,equal_shots,100000,False,False,9500000,100000,results/stage6_followup_v1/measurements/93049747d074ac51b4a1e1b2592599c50d71954002cb57adc5d7a9ab1ee0219d.npz,48287d4a581def0f42ff1367697a8dbaa0ba10270279cc81c6b212758e73a3c0,93049747d074ac51b4a1e1b2592599c50d71954002cb57adc5d7a9ab1ee0219d,newly_executed
0.0,0.975,0,zne_quadratic,equal_shots,100000,False,False,28499810,100000,results/stage6_followup_v1/measurements/600264a4b94e86ef711b3258daea6fe5986754c7d1caa2ca681c0d03420f83c5.npz,5d758e1ef1e7e6f2e55aca96281c755cb5f2ee2b9e6d3c07b2288f2a04db6005,600264a4b94e86ef711b3258daea6fe5986754c7d1caa2ca681c0d03420f83c5,newly_executed
0.0,0.975,0,sv,equal_shots,100000,False,False,9500000,100000,results/stage6_followup_v1/measurements/fea86d1aa300a2c5c248dfbd2f6b75d7d7ff874f31c8e0c4d3ffd616f0b519db.npz,61cbbd9aec61a0f8e98827d9f5c4c420d2dc746c680a9d9d5df00e496e751cb4,fea86d1aa300a2c5c248dfbd2f6b75d7d7ff874f31c8e0c4d3ffd616f0b519db,newly_executed
0.0,0.975,0.01,raw,equal_shots,100000,False,False,9500000,100000,results/stage6_followup_v1/measurements/3a9c66df16e55c42aa451255e5f2397e5cf5cee6433b4ceaa0b5ea1a4493ec95.npz,0cada36f8f30e5eccd4644bc71883dd2bcdd67c8a39a3bb75f30c6cc9f163ead,3a9c66df16e55c42aa451255e5f2397e5cf5cee6433b4ceaa0b5ea1a4493ec95,newly_executed
0.0,0.975,0.01,zne_quadratic,equal_shots,100000,False,False,28499810,100000,results/stage6_followup_v1/measurements/6eacca67f38522070c71dd91e78e9af122047ee4d9132342afb3920bd110c7b3.npz,bc10e7d49caac11ffe0af9fab2e0bb63b35d70fa8edd9ea45e1b7344aa69e208,6eacca67f38522070c71dd91e78e9af122047ee4d9132342afb3920bd110c7b3,newly_executed
0.0,0.975,0.01,sv,equal_shots,100000,False,False,9500000,100000,results/stage6_followup_v1/measurements/48274accf1bcaeda14d4f85ece1b9c58dc3efcf27cbd231fa0d47ed627a22a95.npz,08de10ec41a5de20d748e332b6589c61f6983711ec29c0daa628abe2cd60feba,48274accf1bcaeda14d4f85ece1b9c58dc3efcf27cbd231fa0d47ed627a22a95,newly_executed
0.0,0.975,0.05,raw,equal_shots,100000,False,False,9500000,100000,results/stage6_followup_v1/measurements/e96d990d698ea2c639ac3562478e264bbc1624886613a5c45d41f5dea1413caf.npz,cd301c629e56ef40fc4f47995267dbb2873518115cd01bb8e044b277c6296ace,e96d990d698ea2c639ac3562478e264bbc1624886613a5c45d41f5dea1413caf,newly_executed
0.0,0.975,0.05,zne_quadratic,equal_shots,100000,False,False,28499810,100000,results/stage6_followup_v1/measurements/f4468d5bcdd6bbca2a3c342d82f448f01f63ff1c5ea2e5812c91096e680a25a9.npz,f4c4f5228b7bf11ce056a290461a703ec6b80855dbef0d0060227f2f842ca292,f4468d5bcdd6bbca2a3c342d82f448f01f63ff1c5ea2e5812c91096e680a25a9,newly_executed
0.0,0.975,0.05,sv,equal_shots,100000,False,False,9500000,100000,results/stage6_followup_v1/measurements/44ec5131245f316c975a8c648ba3ad449c8daf85ab82420eb063585d6517d6b4.npz,de73db9a21c8314b8120ab742901c0e48c5cecd087b2c69642139313c89590f1,44ec5131245f316c975a8c648ba3ad449c8daf85ab82420eb063585d6517d6b4,newly_executed
0.0,0.975,0,raw,equal_gate,100000,True,False,9500000,100000,results/stage6_followup_v1/measurements/28bb31ea19ccdf2e44e1943952a338a6f52038cb12e7eb7e44dc1e200c453c85.npz,110600c6b72bca06dc1b24540db6f6db3b7412cdf37d76a80a5c0cf77a06bd45,28bb31ea19ccdf2e44e1943952a338a6f52038cb12e7eb7e44dc1e200c453c85,newly_executed
0.0,0.975,0,zne_quadratic,equal_gate,100000,True,False,9500000,33334,results/stage6_followup_v1/measurements/8ca6ae980d3140351afbc813948397e52ef785da44a8f35fb535184fcaaedc5e.npz,13b46161a789976b4fc47683d7b9d9c1946484fb266815990027f7901200c9a6,8ca6ae980d3140351afbc813948397e52ef785da44a8f35fb535184fcaaedc5e,newly_executed
0.0,0.975,0,sv,equal_gate,100000,True,False,9500000,100000,results/stage6_followup_v1/measurements/469aaf092ec6d81a7bdc760ecf2236baef0177ea24edb86b6054bf6959459599.npz,e6aee2aaa7c64714358f9c89ac621368ec95edbcfab4bc5ab78da509e8d6a2e5,469aaf092ec6d81a7bdc760ecf2236baef0177ea24edb86b6054bf6959459599,newly_executed
0.0,0.975,0.01,raw,equal_gate,100000,True,False,9500000,100000,results/stage6_followup_v1/measurements/bc7026ab2bb41152a209b8d581186cdc7855e0d7305f8bb00a6426a2ece213b5.npz,7b1b2063bc02f0b2ac91ade7a40187e072d6eb8a6caf3203161c79ec097bfe03,bc7026ab2bb41152a209b8d581186cdc7855e0d7305f8bb00a6426a2ece213b5,newly_executed
0.0,0.975,0.01,zne_quadratic,equal_gate,100000,True,False,9500000,33334,results/stage6_followup_v1/measurements/b4b1148cd37b9afd6a4bcc085474726504eedc7df3db4c4965fc1a65f0ab92d3.npz,e523f1ba22339b13141cbfcc4fd09f36f5e3997cc98390e2a9840bfc62332708,b4b1148cd37b9afd6a4bcc085474726504eedc7df3db4c4965fc1a65f0ab92d3,newly_executed
0.0,0.975,0.01,sv,equal_gate,100000,True,False,9500000,100000,results/stage6_followup_v1/measurements/c1a49873b40b5f1e7275575244ecbe20077754f7c99f292ceb465d7f86f9e34f.npz,f7a763dd430a80fc9ff401dc7f89b8b966af0cab79213451ceedc7f3d2013f21,c1a49873b40b5f1e7275575244ecbe20077754f7c99f292ceb465d7f86f9e34f,newly_executed
0.0,0.975,0.05,raw,equal_gate,100000,True,False,9500000,100000,results/stage6_followup_v1/measurements/23a4faead5572957e5597e7efda09ea5bf303907189c554f778772781601e554.npz,c5b705d41832f7b4f0da83121e38e339e9e272b269aa60d15563f238be66db38,23a4faead5572957e5597e7efda09ea5bf303907189c554f778772781601e554,newly_executed
0.0,0.975,0.05,zne_quadratic,equal_gate,100000,True,False,9500000,33334,results/stage6_followup_v1/measurements/7c7962acbe3071651157952076c0738648da1fa605fd9f3e567d6b64d56f7e1a.npz,e3152ef7c475dbce76cda8be1a88499242ab0a8dcd74e7628f0bd30f408e86a9,7c7962acbe3071651157952076c0738648da1fa605fd9f3e567d6b64d56f7e1a,newly_executed
0.0,0.975,0.05,sv,equal_gate,100000,True,False,9500000,100000,results/stage6_followup_v1/measurements/02043a98a83b6091ae53108de39c5f7c2ff13419dc9d0fcf530c4c0e93c4524c.npz,23697f7f70c0c9b0d42a77538a03c479a5c546ac5c93fa12abdbe2082f98d150,02043a98a83b6091ae53108de39c5f7c2ff13419dc9d0fcf530c4c0e93c4524c,newly_executed
0.0,0.975,0,raw,equal_gate,300000,True,False,28499810,299998,results/stage6_followup_v1/measurements/c8369e02b130c7d040a6ac0289595b4c49714bc858a2b37dbf75ebdca593bf00.npz,eeba84bd42ed9b57962e1343239817684bc4a292db5125170aa55713c97dd073,c8369e02b130c7d040a6ac0289595b4c49714bc858a2b37dbf75ebdca593bf00,newly_executed
0.0,0.975,0,zne_quadratic,equal_gate,300000,True,False,28499810,100000,results/stage6_followup_v1/measurements/a93daed865c5c6ed443c281c87e8637818750a550fb55fa30bd5c4ecc307c477.npz,f9ec94b7519a194dff6c9815399c9a9399284f5d2e9de1db2e48f23da4c96fda,a93daed865c5c6ed443c281c87e8637818750a550fb55fa30bd5c4ecc307c477,newly_executed
0.0,0.975,0,sv,equal_gate,300000,True,False,28499810,299998,results/stage6_followup_v1/measurements/025b9b42d7d14aa7da5bdf27a037b9529047840aba52bbf36143a6e909c64565.npz,de9dc3b39439ebf7a091ddcb5c66b21c5fd9e3fdc8b2eff4d4f65543e007eeff,025b9b42d7d14aa7da5bdf27a037b9529047840aba52bbf36143a6e909c64565,newly_executed
0.0,0.975,0.01,raw,equal_gate,300000,True,False,28499810,299998,results/stage6_followup_v1/measurements/2520b984be8aef6312ffa5f91b229d1e14d1aafd9609e39f288cdbe3dbee9d9d.npz,75523b63d58fd8367a6a10827961ed407270577d420ba34e4c92e3b6fd8384af,2520b984be8aef6312ffa5f91b229d1e14d1aafd9609e39f288cdbe3dbee9d9d,newly_executed
0.0,0.975,0.01,zne_quadratic,equal_gate,300000,True,False,28499810,100000,results/stage6_followup_v1/measurements/e5175ce407b25ab9c0cf90fb44cc09ea1cb09dba8ced5250b36a579bf51de183.npz,a1ef2109e78c6fcf2b26f84b25c68f315047e7229ea867311f7b13bbb031ce4b,e5175ce407b25ab9c0cf90fb44cc09ea1cb09dba8ced5250b36a579bf51de183,newly_executed
0.0,0.975,0.01,sv,equal_gate,300000,True,False,28499810,299998,results/stage6_followup_v1/measurements/876cc888398c71213de5186834356878579181b6ea97f3270a89d529c7eadad4.npz,009444bceb44066aa97212ca31f46312823c700b256f5ce7143fb3e706e13d01,876cc888398c71213de5186834356878579181b6ea97f3270a89d529c7eadad4,newly_executed
0.0,0.975,0.05,raw,equal_gate,300000,True,False,28499810,299998,results/stage6_followup_v1/measurements/1721c2133d90bd94d7f32d6f7c8e4ada95bb23a655d5793be08402fcc72fdca0.npz,de7ff0bcff30e8c1cbf14463fec611be77424f8284a7bccf9d71bc7965aa803b,1721c2133d90bd94d7f32d6f7c8e4ada95bb23a655d5793be08402fcc72fdca0,newly_executed
0.0,0.975,0.05,zne_quadratic,equal_gate,300000,True,False,28499810,100000,results/stage6_followup_v1/measurements/9a382c9c0ab85c733911cf97b174e4899c699e1dcc9b266011a990b27ba5a709.npz,24371afd88a694185351e66a7a3a64fc9e576da481558ebeb1cd1858f3733ece,9a382c9c0ab85c733911cf97b174e4899c699e1dcc9b266011a990b27ba5a709,newly_executed
0.0,0.975,0.05,sv,equal_gate,300000,True,False,28499810,299998,results/stage6_followup_v1/measurements/f1ba6a039cf6bde24c73ba3d9b17756a72105f1f0c130cef523a1cda26f3f0b2.npz,a4b1e079b36b9ffcdf4bd72c8a20c2d02d3104c183d5ae8ae8a96bb28e3ea12f,f1ba6a039cf6bde24c73ba3d9b17756a72105f1f0c130cef523a1cda26f3f0b2,newly_executed
0.0,0.9875,0,raw,equal_shots,100000,False,False,9600000,100000,results/stage6_followup_v1/measurements/4807fdaf240c0706478a6dc61a9f7ccc18d8ad6f032c763986e99651dccdd5c8.npz,7d27ad23d6ec058a55c81f3bcb4836d091ca5f416dd9d67f4946b37601f96ee5,4807fdaf240c0706478a6dc61a9f7ccc18d8ad6f032c763986e99651dccdd5c8,newly_executed
0.0,0.9875,0,zne_quadratic,equal_shots,100000,False,False,28799808,100000,results/stage6_followup_v1/measurements/eeeed7e397bfa504aea81655be5dd1184f97b477ef58200c1d903a801fa2fdae.npz,1d9dd4a4811f7496d3f5245b6c9ee69e40064ac767f32d8e6a717b7852a0b7d4,eeeed7e397bfa504aea81655be5dd1184f97b477ef58200c1d903a801fa2fdae,newly_executed
0.0,0.9875,0,sv,equal_shots,100000,False,False,9600000,100000,results/stage6_followup_v1/measurements/40827bd305f1883b9dcc0d5401e59359f3ef77988c61eae0386b895c18572d7d.npz,1e29848ce9fd44110840fa35bf905f1cc7316d8873a8b828b3dded1adb6d0f6b,40827bd305f1883b9dcc0d5401e59359f3ef77988c61eae0386b895c18572d7d,newly_executed
0.0,0.9875,0.01,raw,equal_shots,100000,False,False,9600000,100000,results/stage6_followup_v1/measurements/aabc512c0be00ebc0c3090e662fa2833fdf2a60b1918ff0cd2107ecc2a55bf26.npz,d178a0bb978476dfaeb49c27a1410632147f55879f5d92ad2a32dfc4b6ed7a51,aabc512c0be00ebc0c3090e662fa2833fdf2a60b1918ff0cd2107ecc2a55bf26,newly_executed
0.0,0.9875,0.01,zne_quadratic,equal_shots,100000,False,False,28799808,100000,results/stage6_followup_v1/measurements/e8622576e3a5ba1d17126b6b026fd964996487a9f98e175a4a614093061cfffe.npz,c734643933ab1c870a5f4de34c1d848141724077a61d89f4ca51ead6af285a62,e8622576e3a5ba1d17126b6b026fd964996487a9f98e175a4a614093061cfffe,newly_executed
0.0,0.9875,0.01,sv,equal_shots,100000,False,False,9600000,100000,results/stage6_followup_v1/measurements/d2c1b7222a706ccf835d69b501bed95d0c2af6039ad71cd233d782e02f34094b.npz,90ab94075c3e8493fe4a585cd69b6fe8e2db7c65f2cb4bb200b58b399e2b8879,d2c1b7222a706ccf835d69b501bed95d0c2af6039ad71cd233d782e02f34094b,newly_executed
0.0,0.9875,0.05,raw,equal_shots,100000,False,False,9600000,100000,results/stage6_followup_v1/measurements/cf4e934bb40b8462497cbb5255d71a8db99bb1bd5d597c5d1f55dfd1a6bb6514.npz,b4135b4e93757782527f600f9142ff9a11301bbf2ccb295a23793732fdeea14e,cf4e934bb40b8462497cbb5255d71a8db99bb1bd5d597c5d1f55dfd1a6bb6514,newly_executed
0.0,0.9875,0.05,zne_quadratic,equal_shots,100000,False,False,28799808,100000,results/stage6_followup_v1/measurements/9c1847ed7df7829e0c62c86fa5f86ef64022801ea56e96ae39609f424c8d7eb3.npz,f9f8401b1ad41eda80ee22d75738d02b9be53f9a6c4dd8b31d32dada9c075bf1,9c1847ed7df7829e0c62c86fa5f86ef64022801ea56e96ae39609f424c8d7eb3,newly_executed
0.0,0.9875,0.05,sv,equal_shots,100000,False,False,9600000,100000,results/stage6_followup_v1/measurements/0d446d129a2a6fad70221dc7fb43588f17e5cad837a450aee7e1d6174bf03f0f.npz,e3363ae48252d0f5c499639b5df794a47b9ddab846c0032297cb9d9f2c6e1cfa,0d446d129a2a6fad70221dc7fb43588f17e5cad837a450aee7e1d6174bf03f0f,newly_executed
0.0,0.9875,0,raw,equal_gate,100000,True,False,9600000,100000,results/stage6_followup_v1/measurements/69b068cd3e9468d396d9f74db05d2136ac94fd71f00db83668666a477fc38456.npz,8f715569a3cf0ce62139adcb520ddc7cb390bd4c328eedbb1abc11d578953909,69b068cd3e9468d396d9f74db05d2136ac94fd71f00db83668666a477fc38456,newly_executed
0.0,0.9875,0,zne_quadratic,equal_gate,100000,True,False,9600000,33334,results/stage6_followup_v1/measurements/280be5ba1a8c25da5c3fbb0fe67e3a0892b4cdf2057979826de657cf055e1c3f.npz,34480d3e8028780b2295d491b9dc649a6ea3b4534d5dc96f508d2cd1d0cdb1bd,280be5ba1a8c25da5c3fbb0fe67e3a0892b4cdf2057979826de657cf055e1c3f,newly_executed
0.0,0.9875,0,sv,equal_gate,100000,True,False,9600000,100000,results/stage6_followup_v1/measurements/db1edac19d87c73c502f24fdf268157285ee282a62978f8dda1d283ea4c2a25b.npz,9c7f73f26e201732b0026f5010b60f143c0d16992794541eb363dbd61d88b3fa,db1edac19d87c73c502f24fdf268157285ee282a62978f8dda1d283ea4c2a25b,newly_executed
0.0,0.9875,0.01,raw,equal_gate,100000,True,False,9600000,100000,results/stage6_followup_v1/measurements/fd41f23046504d30761e80776fbb3568d92b4114fd6636b37b1fa3b152ea4217.npz,eb9f1fc760f21942f177a60ae94c16f70cf198eb6ea5c09495037e67d7bcecb3,fd41f23046504d30761e80776fbb3568d92b4114fd6636b37b1fa3b152ea4217,newly_executed
0.0,0.9875,0.01,zne_quadratic,equal_gate,100000,True,False,9600000,33334,results/stage6_followup_v1/measurements/8938232002371397b23e4ca6fafa0a72e3cce7cf28e3943d64252f08acc784d2.npz,a0f1efaed5ca972c7151f464a11b275c06d1ebb6deca9848912a593d4ca33f25,8938232002371397b23e4ca6fafa0a72e3cce7cf28e3943d64252f08acc784d2,newly_executed
0.0,0.9875,0.01,sv,equal_gate,100000,True,False,9600000,100000,results/stage6_followup_v1/measurements/f3fb3c0a16d7bb533a4ff964915a9ee497e0e2179a55dade3fd7cef5ad0dff1f.npz,db753f30e47017518b68f9823f4dcdbc9bd5932850b89a27cdcdc721c371d8ee,f3fb3c0a16d7bb533a4ff964915a9ee497e0e2179a55dade3fd7cef5ad0dff1f,newly_executed
0.0,0.9875,0.05,raw,equal_gate,100000,True,False,9600000,100000,results/stage6_followup_v1/measurements/c1a0f306363b18930d0e79b9ed0919a9243ae799baab5b6064647f4ef42ae19a.npz,985d466ca5d60b4f60233c179c2b2305f3b5226a68ad675ae8e02db18b8bacae,c1a0f306363b18930d0e79b9ed0919a9243ae799baab5b6064647f4ef42ae19a,newly_executed
0.0,0.9875,0.05,zne_quadratic,equal_gate,100000,True,False,9600000,33334,results/stage6_followup_v1/measurements/35e5e8632d458eaa6a31e526fb2d62c4749610dcafbbf048e93fe0866cc0f5e5.npz,903e8efb5953801922fadb741318c08a8719dc2acc23f46e81ad4cf5158c2f66,35e5e8632d458eaa6a31e526fb2d62c4749610dcafbbf048e93fe0866cc0f5e5,newly_executed
0.0,0.9875,0.05,sv,equal_gate,100000,True,False,9600000,100000,results/stage6_followup_v1/measurements/13f92934800ae9b6858b8d26689dc2cb3d6db67ff6b52d0f5bc30bcf8edc90eb.npz,117512257bf48ef3ee9a8c698b6a9fa445655d1a19a18a64d6d58b5d75e4d505,13f92934800ae9b6858b8d26689dc2cb3d6db67ff6b52d0f5bc30bcf8edc90eb,newly_executed
0.0,0.9875,0,raw,equal_gate,300000,True,False,28799808,299998,results/stage6_followup_v1/measurements/2a435cdd38736e13dd212f78c39997e7eda6f6f23e51ddab84dd5feae297bdd8.npz,b5386d42cde15d08afe35270a4dc817bdc048ec835e17a6652d09ab391738f4a,2a435cdd38736e13dd212f78c39997e7eda6f6f23e51ddab84dd5feae297bdd8,newly_executed
0.0,0.9875,0,zne_quadratic,equal_gate,300000,True,False,28799808,100000,results/stage6_followup_v1/measurements/e8136eef06018a492a99a808c7d1e2c523450cbc075bd85f2dbd7b8b9348d96f.npz,34d4644d80cb6279182f78f32ab9b656f02599c5e23778fe24ba05cdcd26d949,e8136eef06018a492a99a808c7d1e2c523450cbc075bd85f2dbd7b8b9348d96f,newly_executed
0.0,0.9875,0,sv,equal_gate,300000,True,False,28799808,299998,results/stage6_followup_v1/measurements/b658df9107175a108c44321989aa00f4f290385e197455f4a33ad779bdd8070f.npz,4feb249633c1489c48c202e6fb7913d7c2f75b100872714d4edc103a015348be,b658df9107175a108c44321989aa00f4f290385e197455f4a33ad779bdd8070f,newly_executed
0.0,0.9875,0.01,raw,equal_gate,300000,True,False,28799808,299998,results/stage6_followup_v1/measurements/1effb9eef4da99c845458bbc4fa0aed554c4a3ec2232cb74886e3c484ff22fa6.npz,10acf3626cbf816bcdc08b2691f1cbf0fe5a56dd95914d8f85b37eb1bdf293f6,1effb9eef4da99c845458bbc4fa0aed554c4a3ec2232cb74886e3c484ff22fa6,newly_executed
0.0,0.9875,0.01,zne_quadratic,equal_gate,300000,True,False,28799808,100000,results/stage6_followup_v1/measurements/4d519c13393ebafd8012a44d610464e17e21e8c4b36f2abddf47d44c372a965b.npz,474354f0d000fdd6df90abd3a26bcc75b87d4ca4ff7170e64160cfc66a5051c8,4d519c13393ebafd8012a44d610464e17e21e8c4b36f2abddf47d44c372a965b,newly_executed
0.0,0.9875,0.01,sv,equal_gate,300000,True,False,28799808,299998,results/stage6_followup_v1/measurements/e07882b19cc6015223ab0b45a6ac21d32fd9c53206279c7c6ed5a6a175fd1eda.npz,366736e1c0c56c11f2344349cac7360ecd7e09a2e2bcf01e7fd28fb9d004b15a,e07882b19cc6015223ab0b45a6ac21d32fd9c53206279c7c6ed5a6a175fd1eda,newly_executed
0.0,0.9875,0.05,raw,equal_gate,300000,True,False,28799808,299998,results/stage6_followup_v1/measurements/594b40c17f6be4813b75adbfb47820d32e568eae64f3af5d65e4ff7e63274e8c.npz,4a7823925826f28898b90d72f936ed7c5dc6228b30291c7fb37addc2abe09baf,594b40c17f6be4813b75adbfb47820d32e568eae64f3af5d65e4ff7e63274e8c,newly_executed
0.0,0.9875,0.05,zne_quadratic,equal_gate,300000,True,False,28799808,100000,results/stage6_followup_v1/measurements/a7dff634cf910653dd45d74d2350ccb8a6833152baf6e9dfbb8ed6d9961aebb7.npz,4a19ae996b0cdf9074c047dabe3d7bebc440c14410aa0bb5a68b17354c21df9b,a7dff634cf910653dd45d74d2350ccb8a6833152baf6e9dfbb8ed6d9961aebb7,newly_executed
0.0,0.9875,0.05,sv,equal_gate,300000,True,False,28799808,299998,results/stage6_followup_v1/measurements/7d02fe0a6d6fd66887a05459c474614ee648bf2c205a19819ac560b3ed120c46.npz,9d8e33421c27d04e635d96086e53075dbb8b8af936e4046c1ab9710f0790de95,7d02fe0a6d6fd66887a05459c474614ee648bf2c205a19819ac560b3ed120c46,newly_executed
0.0,1.0,0,raw,equal_shots,100000,False,False,9600000,100000,results/stage6_followup_v1/measurements/7d0b61d0ac3364f8901f3afef79c79b027cd80be111873fdb9d2b578efe1875b.npz,30f189f23bed4c80328d62715c2436bd87e1f65b7d85fa378ee879d7d7ca3954,7d0b61d0ac3364f8901f3afef79c79b027cd80be111873fdb9d2b578efe1875b,newly_executed
0.0,1.0,0,zne_quadratic,equal_shots,100000,False,False,28799808,100000,results/stage6_followup_v1/measurements/989060c91fffcac03913e6559fdab2cfaf43d2b4226025bcdb0d6191b1b7582f.npz,702ef55fa7eb0f8c0e6d93c1c1851e1f33bfd6faa77a6f02ba98da2d79ac78e2,989060c91fffcac03913e6559fdab2cfaf43d2b4226025bcdb0d6191b1b7582f,newly_executed
0.0,1.0,0,sv,equal_shots,100000,False,False,9600000,100000,results/stage6_followup_v1/measurements/55e5cf508f392bb3558cfef2efffbfb8944394765b7d9d153ecdc74f508ba611.npz,d82dd7b18ab6c2b28e7f604e204ddd10d288f73641e28b69774ee0e578a09da7,55e5cf508f392bb3558cfef2efffbfb8944394765b7d9d153ecdc74f508ba611,newly_executed
0.0,1.0,0.01,raw,equal_shots,100000,False,False,9600000,100000,results/stage6_followup_v1/measurements/fa8106e7382400bc1928ca7682e7edb247b65ca345a6094366779a69405253ad.npz,0bb4a3788ab6969cc870b88a021a318ed88cdd48a2374131adca6ae7ea1432e8,fa8106e7382400bc1928ca7682e7edb247b65ca345a6094366779a69405253ad,newly_executed
0.0,1.0,0.01,zne_quadratic,equal_shots,100000,False,False,28799808,100000,results/stage6_followup_v1/measurements/5546b8409dfdafd8e5c7f7f62d9a9d07d5af2e25e51b900f2e6614d8c301e7b1.npz,f6eb845d45167499d6229a9d95303bafd32814fdbe36ff131c1b8ebd680c5bbf,5546b8409dfdafd8e5c7f7f62d9a9d07d5af2e25e51b900f2e6614d8c301e7b1,newly_executed
0.0,1.0,0.01,sv,equal_shots,100000,False,False,9600000,100000,results/stage6_followup_v1/measurements/df67299b4d2dd4baf170826ac28f6d85f86cd3713a3f712399cd9e59b01fd753.npz,285cb681ded9e130274e0be7550592f7dd79c883eda9d6c93794203b75c82ac9,df67299b4d2dd4baf170826ac28f6d85f86cd3713a3f712399cd9e59b01fd753,newly_executed
0.0,1.0,0.05,raw,equal_shots,100000,False,False,9600000,100000,results/stage6_followup_v1/measurements/ff4bf85dc5e1043382af21f31320885bcbbdfb7dafca0e82b9180ff090f3a5fc.npz,98df8bd2015049a25be2d644911553ab3ddb45dcae7f66f1d9b1a467b96ed35f,ff4bf85dc5e1043382af21f31320885bcbbdfb7dafca0e82b9180ff090f3a5fc,newly_executed
0.0,1.0,0.05,zne_quadratic,equal_shots,100000,False,False,28799808,100000,results/stage6_followup_v1/measurements/8db10641d65fcbcdf0e9e69f85c1ad6c3048d499df0aa7cf838cd28882e949cb.npz,a7a5c3b31976db66fae1d6742f1d59b088ede4c2cbc04ed117d75e48b89f1036,8db10641d65fcbcdf0e9e69f85c1ad6c3048d499df0aa7cf838cd28882e949cb,newly_executed
0.0,1.0,0.05,sv,equal_shots,100000,False,False,9600000,100000,results/stage6_followup_v1/measurements/534c0dae25802e04e257b68af78689e7be59082d28d56952fa31923006433102.npz,7be8e2753b15146f85fc14506bff39af18496ee96c525bd214ee9f1b88d6b991,534c0dae25802e04e257b68af78689e7be59082d28d56952fa31923006433102,newly_executed
0.0,1.0,0,raw,equal_gate,100000,True,False,9600000,100000,results/stage6_followup_v1/measurements/981485eb18e54e0fcdb81c50a23aafb9266527e633101a043d86154f04372120.npz,53f4d1153f062e684f2aecc6b1d881b716760e189866da84298c1ac79bf4e7a9,981485eb18e54e0fcdb81c50a23aafb9266527e633101a043d86154f04372120,newly_executed
0.0,1.0,0,zne_quadratic,equal_gate,100000,True,False,9600000,33334,results/stage6_followup_v1/measurements/6ed9b5f241510332ba19559400320969bafec5d4ae34f32cd946cb2eed054fda.npz,fdd65c9e879c3154c095d843aaaafd499bd2fb3e36a8ebc90d31c6567814fee6,6ed9b5f241510332ba19559400320969bafec5d4ae34f32cd946cb2eed054fda,newly_executed
0.0,1.0,0,sv,equal_gate,100000,True,False,9600000,100000,results/stage6_followup_v1/measurements/8dcf809b3fb594039e2de980b0ab33dab3dd81f1e63417daac7ef1a919361492.npz,83a6fbee6b9bcabd2a4eae0334bbd457c98cedade11a1e7cee429a35bdf0ce05,8dcf809b3fb594039e2de980b0ab33dab3dd81f1e63417daac7ef1a919361492,newly_executed
0.0,1.0,0.01,raw,equal_gate,100000,True,False,9600000,100000,results/stage6_followup_v1/measurements/e861c115e71916488552708f7dd791aa8411dd432c6086f8d4962811fa5e2290.npz,2d268eef9e4afec125b8620acd5f1b4b67666e592a15c7cf62971ebe12735e0e,e861c115e71916488552708f7dd791aa8411dd432c6086f8d4962811fa5e2290,newly_executed
0.0,1.0,0.01,zne_quadratic,equal_gate,100000,True,False,9600000,33334,results/stage6_followup_v1/measurements/be4145465fafe724ab6fe8f8700e989785c2d6dd9ff530957711189578ba1b9f.npz,383b88c21048aea51616e62c12beeb4e4f25c212439e6573bed36c7d5a214bc2,be4145465fafe724ab6fe8f8700e989785c2d6dd9ff530957711189578ba1b9f,newly_executed
0.0,1.0,0.01,sv,equal_gate,100000,True,False,9600000,100000,results/stage6_followup_v1/measurements/2a2217d5759ab41f6589fd8b68db3f8398869eeeb3eddd7c7b55a6e46a6a7cc9.npz,1a4cc507b30b3482dc914e7fad61b73e200ca187acd7f778d879c8ae9480b299,2a2217d5759ab41f6589fd8b68db3f8398869eeeb3eddd7c7b55a6e46a6a7cc9,newly_executed
0.0,1.0,0.05,raw,equal_gate,100000,True,False,9600000,100000,results/stage6_followup_v1/measurements/e852cb46f4c95a99d910e6648cfb8f47ce01e39cdb6e33abee9ebc62db04f3f8.npz,797c3ba032a1a4181ba5b8bd8a18f93954e56e5c4c2a2487defb1277202fdb70,e852cb46f4c95a99d910e6648cfb8f47ce01e39cdb6e33abee9ebc62db04f3f8,newly_executed
0.0,1.0,0.05,zne_quadratic,equal_gate,100000,True,False,9600000,33334,results/stage6_followup_v1/measurements/6549f56192880c631a1a9d3192644b995a4f99ba4fee5f1c9e500667ac070706.npz,9f81edfa3c95e474b0002745cd8c23984b882cee9af4e1c45eaa238dd59c055f,6549f56192880c631a1a9d3192644b995a4f99ba4fee5f1c9e500667ac070706,newly_executed
0.0,1.0,0.05,sv,equal_gate,100000,True,False,9600000,100000,results/stage6_followup_v1/measurements/f80b9958ab9f8638b4d1410635fafddd0e7c6925fce619e6dbf61687c69c5104.npz,8de2085b9f039ce578818bc5b4835eb39c618a51dc37b59dbee6af70693fe6e6,f80b9958ab9f8638b4d1410635fafddd0e7c6925fce619e6dbf61687c69c5104,newly_executed
0.0,1.0,0,raw,equal_gate,300000,True,False,28799808,299998,results/stage6_followup_v1/measurements/072cc9fd3e1a53b9a8ebdd90cf69056e7b98227250bfa789729471f47df8f6e1.npz,f1bb08a7efc9373e0da31f3acb4c40760e986c3c01d455e5c04f71da04cf06da,072cc9fd3e1a53b9a8ebdd90cf69056e7b98227250bfa789729471f47df8f6e1,newly_executed
0.0,1.0,0,zne_quadratic,equal_gate,300000,True,False,28799808,100000,results/stage6_followup_v1/measurements/52f7f90f0ae5d0bdd65417dc1f3c6f12d845a6434af5200e836ce14b856792b8.npz,d4a27385848e86b39fbb9de4b0ab697ce35f47b400e21aa572758df355b97fcb,52f7f90f0ae5d0bdd65417dc1f3c6f12d845a6434af5200e836ce14b856792b8,newly_executed
0.0,1.0,0,sv,equal_gate,300000,True,False,28799808,299998,results/stage6_followup_v1/measurements/826d574e363be39dd94bc7f9e0ec9ae082752ee78397c40343bfb70cbcbf4155.npz,6fbcc7fa9bd2a9766bc3a992a29e0c6664c797f50986468c65f7e90f9a2665cc,826d574e363be39dd94bc7f9e0ec9ae082752ee78397c40343bfb70cbcbf4155,newly_executed
0.0,1.0,0.01,raw,equal_gate,300000,True,False,28799808,299998,results/stage6_followup_v1/measurements/9636700f6a3e6035daa8fb650978371fea74be88aeaa823f5ae409d9ef79055f.npz,e6e3da906cf943f855b23c9115a9a402b7aa2b8a9b330f5b6bfe4679c8c4a018,9636700f6a3e6035daa8fb650978371fea74be88aeaa823f5ae409d9ef79055f,newly_executed
0.0,1.0,0.01,zne_quadratic,equal_gate,300000,True,False,28799808,100000,results/stage6_followup_v1/measurements/1452b3ace4709f0aa8011555a357761d15f9ccbc1e2728816ac78c9ab32eab24.npz,546919d4defd62d9e0640ae26f7dfb732832d55999e407122c23541cb2e7404f,1452b3ace4709f0aa8011555a357761d15f9ccbc1e2728816ac78c9ab32eab24,newly_executed
0.0,1.0,0.01,sv,equal_gate,300000,True,False,28799808,299998,results/stage6_followup_v1/measurements/b9da4bcff3eb270c902d906989fa5d832b47d9c63ef190dbe7109d7cb3bc634a.npz,5ac4d339dab525743c6c63db30fda8cf6f4423a3c33acec26fd4c8ce2945cd17,b9da4bcff3eb270c902d906989fa5d832b47d9c63ef190dbe7109d7cb3bc634a,newly_executed
0.0,1.0,0.05,raw,equal_gate,300000,True,False,28799808,299998,results/stage6_followup_v1/measurements/17104911e796635871847f3489b9b86d04e7996d0f9d73548b4e27ce8d70e281.npz,95915290fb64d1d10523faa56a2232ada88bb2925f46864dc42ff54a42a44c87,17104911e796635871847f3489b9b86d04e7996d0f9d73548b4e27ce8d70e281,newly_executed
0.0,1.0,0.05,zne_quadratic,equal_gate,300000,True,False,28799808,100000,results/stage6_followup_v1/measurements/eada14c7455648d4410a4d452fe344233e450e1b55c201d82a80c27b78dc2286.npz,9d536d15e5c81e40bb3ef1af06ac3b31740bf11d2e587e8aaf7da3022c59df72,eada14c7455648d4410a4d452fe344233e450e1b55c201d82a80c27b78dc2286,newly_executed
0.0,1.0,0.05,sv,equal_gate,300000,True,False,28799808,299998,results/stage6_followup_v1/measurements/11909ab11f9fad89c93e47945a10290b17804f82aa320faa7a8071141f5f5a8d.npz,921972775b8676208e4a86a3da9e4c2c3fe7add72cb8c4a5c22c8de40b9cede3,11909ab11f9fad89c93e47945a10290b17804f82aa320faa7a8071141f5f5a8d,newly_executed
0.0,1.0125,0,raw,equal_shots,100000,False,False,9500000,100000,results/stage6_followup_v1/measurements/cbbdace40a15d7c4e2185f3fc96432ad3e52a1fd729a1b414c54f8a71661039c.npz,d34cd7d47518885abcd6adaf1b7d76a5d0591ebda06fd7c8356a70eb0bc6db6a,cbbdace40a15d7c4e2185f3fc96432ad3e52a1fd729a1b414c54f8a71661039c,newly_executed
0.0,1.0125,0,zne_quadratic,equal_shots,100000,False,False,28499810,100000,results/stage6_followup_v1/measurements/840948a13f20793dd639c16f80836e5c2a3feaa17e355c635ca2e23845e8f558.npz,641ddb82521d14d657f51ffc7c7e8a509c620f92442e82cdf6f866793a3824ef,840948a13f20793dd639c16f80836e5c2a3feaa17e355c635ca2e23845e8f558,newly_executed
0.0,1.0125,0,sv,equal_shots,100000,False,False,9500000,100000,results/stage6_followup_v1/measurements/6f6cf846b35460aed3802c6cc13732f64fcc37582772b8b9e4eea708c1b80379.npz,c76aa14e58fa5ee790df9a9086561df702645a5d1ad35f122b07df07ea16497b,6f6cf846b35460aed3802c6cc13732f64fcc37582772b8b9e4eea708c1b80379,newly_executed
0.0,1.0125,0.01,raw,equal_shots,100000,False,False,9500000,100000,results/stage6_followup_v1/measurements/a4ef27fd72c872b18d0ca7718561bc05e23ad6eadf50a32f07dc19138226d75e.npz,f482be6f4d7984c83c5d23aa83616e503d72d9e52ddd4b81375b7559089db341,a4ef27fd72c872b18d0ca7718561bc05e23ad6eadf50a32f07dc19138226d75e,newly_executed
0.0,1.0125,0.01,zne_quadratic,equal_shots,100000,False,False,28499810,100000,results/stage6_followup_v1/measurements/b2d605390bbcdc170f24b1d21d07808f4936743e34e0c808c168f418894da49e.npz,ed5f3252d308778d7ec4f8c3aa832ca0f504042870f2cb2d27449d0e4d568c1a,b2d605390bbcdc170f24b1d21d07808f4936743e34e0c808c168f418894da49e,newly_executed
0.0,1.0125,0.01,sv,equal_shots,100000,False,False,9500000,100000,results/stage6_followup_v1/measurements/44bd9fdbe3a8c8ea6809990d658745e9f390edfcf76d0ad8c3e5508daa49fc93.npz,4ef86b83173c9704f192ce6cc6b34ec7504636d40d0569c6f6037a59be623578,44bd9fdbe3a8c8ea6809990d658745e9f390edfcf76d0ad8c3e5508daa49fc93,newly_executed
0.0,1.0125,0.05,raw,equal_shots,100000,False,False,9500000,100000,results/stage6_followup_v1/measurements/f6123926a1e9e33583f6635aaf6805f1b3bfcc37d18ef5f9a441e67c55da83cb.npz,b2268cf4962a56f60c0edc375362fd7be2d60a17f767ab2eb12987d870829e79,f6123926a1e9e33583f6635aaf6805f1b3bfcc37d18ef5f9a441e67c55da83cb,newly_executed
0.0,1.0125,0.05,zne_quadratic,equal_shots,100000,False,False,28499810,100000,results/stage6_followup_v1/measurements/b53abe36b34535878a2c050140c89c7109e9162d1fb7de7604ec7cf5184cf571.npz,524ed3baf3314eb3c6c7182b4c00d20e09e5a2c226b76fc3082db2ed99a2c287,b53abe36b34535878a2c050140c89c7109e9162d1fb7de7604ec7cf5184cf571,newly_executed
0.0,1.0125,0.05,sv,equal_shots,100000,False,False,9500000,100000,results/stage6_followup_v1/measurements/d47a18154977b7b0894852444e88282d16ce49e845426bbd10a8981e1524a2f0.npz,623466eeb21a6ada46565a52ea4a3afe556fdd0a325bded1110c0bc40024304d,d47a18154977b7b0894852444e88282d16ce49e845426bbd10a8981e1524a2f0,newly_executed
0.0,1.0125,0,raw,equal_gate,100000,True,False,9500000,100000,results/stage6_followup_v1/measurements/52c5ba185233331ccf84433ba944e080d52bd938c1c8f349283dc1acb6c00103.npz,ae7de4e43fd04a3ae8baee64a6a2676fc1b6479ca34f64ec4dbb712abe13ad53,52c5ba185233331ccf84433ba944e080d52bd938c1c8f349283dc1acb6c00103,newly_executed
0.0,1.0125,0,zne_quadratic,equal_gate,100000,True,False,9500000,33334,results/stage6_followup_v1/measurements/f0418e01571bcd91ac664e85d6feafdb8586897184c19f266e246ac40a062e46.npz,de5cfd13e9e68b884b3b041f070a924cbce65eb32ea5397caca49a7dc11f2c56,f0418e01571bcd91ac664e85d6feafdb8586897184c19f266e246ac40a062e46,newly_executed
0.0,1.0125,0,sv,equal_gate,100000,True,False,9500000,100000,results/stage6_followup_v1/measurements/7b3025057c105656ec2659feaf1be4c492e664dced5052dd302c8a58710b31f9.npz,cad652c606315e349231275916a0ae08bac67c58e7f0ef07864bcd2f86934eba,7b3025057c105656ec2659feaf1be4c492e664dced5052dd302c8a58710b31f9,newly_executed
0.0,1.0125,0.01,raw,equal_gate,100000,True,False,9500000,100000,results/stage6_followup_v1/measurements/83af4b0f2071261a9978a4de9a25080b30cdc5d9ea1683969dcbee9ad8b161b1.npz,39413cb15debdf516647b3b09169c10ac0cd674e29d3c005b710457d477a96be,83af4b0f2071261a9978a4de9a25080b30cdc5d9ea1683969dcbee9ad8b161b1,newly_executed
0.0,1.0125,0.01,zne_quadratic,equal_gate,100000,True,False,9500000,33334,results/stage6_followup_v1/measurements/c9b04b801506a5ef233a09f69ecd435610111f0135fb97e2b4e17838097a3ae9.npz,24705967b25c632f002c9f4bb4ca7846ccecf01732a471b1dac4e4fc320db327,c9b04b801506a5ef233a09f69ecd435610111f0135fb97e2b4e17838097a3ae9,newly_executed
0.0,1.0125,0.01,sv,equal_gate,100000,True,False,9500000,100000,results/stage6_followup_v1/measurements/cd017b14432f812230a1d6d8a4b9e062a420d5489c7759d98190b06a3af3749d.npz,b5aa0c783df4aa8a2f35e5c2ecd538f0b7f3904aa853fc0e9833c607f1d743f9,cd017b14432f812230a1d6d8a4b9e062a420d5489c7759d98190b06a3af3749d,newly_executed
0.0,1.0125,0.05,raw,equal_gate,100000,True,False,9500000,100000,results/stage6_followup_v1/measurements/a1b72e76627a7af8c9b0af6aa513f69718c2be9c943fc14554e4a438c6d568be.npz,0254a34b40a012d1842625562d200d7947ffb347b2de0d7269a580c4848de214,a1b72e76627a7af8c9b0af6aa513f69718c2be9c943fc14554e4a438c6d568be,newly_executed
0.0,1.0125,0.05,zne_quadratic,equal_gate,100000,True,False,9500000,33334,results/stage6_followup_v1/measurements/cace8a0c57a9cecc218ff1741bc4e4da477bb930a3a2db26cb78eeaef6240d7c.npz,b95963acffccd607851b703b14ee9434c4a2101f1f53ede38b420e2f44181411,cace8a0c57a9cecc218ff1741bc4e4da477bb930a3a2db26cb78eeaef6240d7c,newly_executed
0.0,1.0125,0.05,sv,equal_gate,100000,True,False,9500000,100000,results/stage6_followup_v1/measurements/94d30e142b043cc5f38e3a3f306254de12a9303b0972b6a1c4ec8f19d2712735.npz,22573504c428534d5c43ce70acf4873dbdc45967372b71ae77ac4b77fe140203,94d30e142b043cc5f38e3a3f306254de12a9303b0972b6a1c4ec8f19d2712735,newly_executed
0.0,1.0125,0,raw,equal_gate,300000,True,False,28499810,299998,results/stage6_followup_v1/measurements/9ce555927b7a103ce016a2bfedd6f076db6f2a3fb288b3bd858237d00c3d0500.npz,b85080eb109831d435a8a1bcbc667906a6c82a721ef9cca82f39a9bdd998c2fe,9ce555927b7a103ce016a2bfedd6f076db6f2a3fb288b3bd858237d00c3d0500,newly_executed
0.0,1.0125,0,zne_quadratic,equal_gate,300000,True,False,28499810,100000,results/stage6_followup_v1/measurements/8463983a62a7b5ea8e198ad007e8253ee7be665882b32220f2fd8e63020746db.npz,595646bdec553af9f6c5fec6657ed7c6dc69a3f602b00e769ced84a92158d2fd,8463983a62a7b5ea8e198ad007e8253ee7be665882b32220f2fd8e63020746db,newly_executed
0.0,1.0125,0,sv,equal_gate,300000,True,False,28499810,299998,results/stage6_followup_v1/measurements/f0ae7053e1c136ff57efd5ae41b715bc10294a086fd3826684e0eb38261224e5.npz,7b7295b040bbbeaa8bd7370a4d1c4e9e412865eeac202b7d52a8c172af61cf84,f0ae7053e1c136ff57efd5ae41b715bc10294a086fd3826684e0eb38261224e5,newly_executed
0.0,1.0125,0.01,raw,equal_gate,300000,True,False,28499810,299998,results/stage6_followup_v1/measurements/245e725bb1e1ab8a073880372be7fb23a0eb27a57661acfd7bcbb52fd9b84f39.npz,d91486339fc1c16fda03f1c3f56200fb352f47f858f8bc127a3f37ed68563922,245e725bb1e1ab8a073880372be7fb23a0eb27a57661acfd7bcbb52fd9b84f39,newly_executed
0.0,1.0125,0.01,zne_quadratic,equal_gate,300000,True,False,28499810,100000,results/stage6_followup_v1/measurements/3763b8fa756f4cdcd262c408f10f59539cb1f433f97865c7eceeda2472348511.npz,48c99f41e0105215b7082c9e819872621acf63f33f8db07fc72cdfb25ed91864,3763b8fa756f4cdcd262c408f10f59539cb1f433f97865c7eceeda2472348511,newly_executed
0.0,1.0125,0.01,sv,equal_gate,300000,True,False,28499810,299998,results/stage6_followup_v1/measurements/567548234ee281149e866c91cdf72418944b7db11e2513c695d9f7639c823216.npz,a574173e291177877e0c312b4a6dc2e4bac7adc9301b527ddb1dd454446780b3,567548234ee281149e866c91cdf72418944b7db11e2513c695d9f7639c823216,newly_executed
0.0,1.0125,0.05,raw,equal_gate,300000,True,False,28499810,299998,results/stage6_followup_v1/measurements/d7a51e6249d3299b5dff842467ed809f738cdc3b33a6806df2adf2b35b40d760.npz,7655a952bfe02999c7548777028d6488d1db05d8f120dc88172fa98e76369127,d7a51e6249d3299b5dff842467ed809f738cdc3b33a6806df2adf2b35b40d760,newly_executed
0.0,1.0125,0.05,zne_quadratic,equal_gate,300000,True,False,28499810,100000,results/stage6_followup_v1/measurements/0e4e470aceef6f0be689a7175c567b3c483a0d5e9efcdabe436ed8cc32ff728f.npz,8b58e05df4449666d5a77d9fc614c05ae1fd691b2a1cd620eae25fb0c6d8719a,0e4e470aceef6f0be689a7175c567b3c483a0d5e9efcdabe436ed8cc32ff728f,newly_executed
0.0,1.0125,0.05,sv,equal_gate,300000,True,False,28499810,299998,results/stage6_followup_v1/measurements/2fc342debe92095eb879f299c57e4b1840e18898b9ce97365957602c6b5bef12.npz,e60ca19fcceab58ac09dc77e3f9644d4ebae62366c67574729da2bc72c57ea73,2fc342debe92095eb879f299c57e4b1840e18898b9ce97365957602c6b5bef12,newly_executed
0.0,1.025,0,raw,equal_shots,100000,False,False,9600000,100000,results/stage6_followup_v1/measurements/b033a2754d252e1d14262c7a4f71302f276bc4919ab712dbfa6747995616c77e.npz,5a9cb3cb32fef7ec8c3a6e6bb8786594e9c1897d76111286eae0cc8236003118,b033a2754d252e1d14262c7a4f71302f276bc4919ab712dbfa6747995616c77e,newly_executed
0.0,1.025,0,zne_quadratic,equal_shots,100000,False,False,28799808,100000,results/stage6_followup_v1/measurements/787abd3c496aaae0b34bd1f8f7267fa3bcd66c492fc596889418cbb91f35f4de.npz,1aa32959807421a87a9144196bc896deafc6ee907f536bbae3499868f15ca690,787abd3c496aaae0b34bd1f8f7267fa3bcd66c492fc596889418cbb91f35f4de,newly_executed
0.0,1.025,0,sv,equal_shots,100000,False,False,9600000,100000,results/stage6_followup_v1/measurements/0728fc9adf50de1145b5bfa4e2f9bc5c587272c17a5db5b3622de274675f5ff8.npz,0930e7f1387bbe2d17ed7f37511c191a0b7537dca698bce1ed3adf644a056810,0728fc9adf50de1145b5bfa4e2f9bc5c587272c17a5db5b3622de274675f5ff8,newly_executed
0.0,1.025,0.01,raw,equal_shots,100000,False,False,9600000,100000,results/stage6_followup_v1/measurements/4f3df4ed373568f1367ac832c0592ac53bf045078ce4311654bae90abb6dff1e.npz,267cf66cc825031cc4b4e453661036fd4339ce8bcae914e883c6023d2505e76a,4f3df4ed373568f1367ac832c0592ac53bf045078ce4311654bae90abb6dff1e,newly_executed
0.0,1.025,0.01,zne_quadratic,equal_shots,100000,False,False,28799808,100000,results/stage6_followup_v1/measurements/56e2dc1aeedbe5aee9153f7f72418059ff3ab9155cf0c7b4bd729d55794f52ed.npz,de32dce39deaf9f412be4a5f0ec388334633f673d04b7b13d774431b50479d22,56e2dc1aeedbe5aee9153f7f72418059ff3ab9155cf0c7b4bd729d55794f52ed,newly_executed
0.0,1.025,0.01,sv,equal_shots,100000,False,False,9600000,100000,results/stage6_followup_v1/measurements/598155980c5217e63a8dc225a9a7299aa6ae572e1bd1424b56f6eb236c53c653.npz,1e308a06bd8e328c7e55eadc2eb7c785d71984fa103bbdc6318a27737e527472,598155980c5217e63a8dc225a9a7299aa6ae572e1bd1424b56f6eb236c53c653,newly_executed
0.0,1.025,0.05,raw,equal_shots,100000,False,False,9600000,100000,results/stage6_followup_v1/measurements/0da047c55f1c0a16a3dec93394fe87087daa081739ea8308d9942fab388f4bf1.npz,f1be050266077aee71cb62bdd3bd51f4739fa3b320ac0ef3c31a7fbe8db81c73,0da047c55f1c0a16a3dec93394fe87087daa081739ea8308d9942fab388f4bf1,newly_executed
0.0,1.025,0.05,zne_quadratic,equal_shots,100000,False,False,28799808,100000,results/stage6_followup_v1/measurements/5cd9659f421dc53459df4a007fffe70925d363d980683ab52c754c678f558452.npz,8aea9ec70419c2e4f389b57e2fa69a2c21ebcd5aaccc4852879e7d8897a43c23,5cd9659f421dc53459df4a007fffe70925d363d980683ab52c754c678f558452,newly_executed
0.0,1.025,0.05,sv,equal_shots,100000,False,False,9600000,100000,results/stage6_followup_v1/measurements/fcdf823a8dc9d6c26bacebf0fb7b1f0989bf6ad9fe52ecf3d4de9342d65f9043.npz,c9636f798ddcddc26a75f27874e4744bdf991db0041ef4d305139b0ba4f24e1d,fcdf823a8dc9d6c26bacebf0fb7b1f0989bf6ad9fe52ecf3d4de9342d65f9043,newly_executed
0.0,1.025,0,raw,equal_gate,100000,True,False,9600000,100000,results/stage6_followup_v1/measurements/94c1ed40af1ece4ba1d6d91288280cbdc5f26b76ccccf91c2dd8e7e4faaf0975.npz,54880ab49d986c333f8d67b914e4d6e8352086c4c67b5baffe0beabc2413ecb7,94c1ed40af1ece4ba1d6d91288280cbdc5f26b76ccccf91c2dd8e7e4faaf0975,newly_executed
0.0,1.025,0,zne_quadratic,equal_gate,100000,True,False,9600000,33334,results/stage6_followup_v1/measurements/e8e47d6364fc9a3dc4d5e810d7333e9ba02e7cfa3dbbccd1f380ef99fd0235f5.npz,e3bfe1ab13af9772c6805a4c708de7b027ea61d728e5861de197c9179744daed,e8e47d6364fc9a3dc4d5e810d7333e9ba02e7cfa3dbbccd1f380ef99fd0235f5,newly_executed
0.0,1.025,0,sv,equal_gate,100000,True,False,9600000,100000,results/stage6_followup_v1/measurements/ed6e07c298eca1dfc274288d41d4038010a831ee7f5de16d52abda4c435871ee.npz,5bac2721ce57bd8d89d841c8b0b28a512e27e95839d08506f129562e8d73c7b8,ed6e07c298eca1dfc274288d41d4038010a831ee7f5de16d52abda4c435871ee,newly_executed
0.0,1.025,0.01,raw,equal_gate,100000,True,False,9600000,100000,results/stage6_followup_v1/measurements/d78df96872aec1adf104200db973d8cdd639bfb09c5ffe2d60702032e8107feb.npz,130c119034d40994f47dfc25647c76433a684900f9faadcc0b7b91094e1e96d8,d78df96872aec1adf104200db973d8cdd639bfb09c5ffe2d60702032e8107feb,newly_executed
0.0,1.025,0.01,zne_quadratic,equal_gate,100000,True,False,9600000,33334,results/stage6_followup_v1/measurements/2f90d8e7020fabf01d9e91dee47744da5b313a14f49ca1cf74f76e9fa9bd839a.npz,72fe7516e16f9967080034a5285f58c36d7635266b0608d4c29d0f98abdf9d12,2f90d8e7020fabf01d9e91dee47744da5b313a14f49ca1cf74f76e9fa9bd839a,newly_executed
0.0,1.025,0.01,sv,equal_gate,100000,True,False,9600000,100000,results/stage6_followup_v1/measurements/5fa0dfe3d9d703b248803e8e204c8626294631d5921dab7d6a9aba81bfb8a5ac.npz,0e581132fc24cfeec743430ad093c02e98b1d4519debba0f5d49acdecb1d9f8b,5fa0dfe3d9d703b248803e8e204c8626294631d5921dab7d6a9aba81bfb8a5ac,newly_executed
0.0,1.025,0.05,raw,equal_gate,100000,True,False,9600000,100000,results/stage6_followup_v1/measurements/2550562b263694d176f42732b8c74348478fa2a92c9ff3a986843b8eef5b6fe9.npz,80a89eae9720d808f1ad25ddd660e853296b86ad631261c116cc5cd007b544cc,2550562b263694d176f42732b8c74348478fa2a92c9ff3a986843b8eef5b6fe9,newly_executed
0.0,1.025,0.05,zne_quadratic,equal_gate,100000,True,False,9600000,33334,results/stage6_followup_v1/measurements/783ca262f1a0d993a4716dd4918a4772891e661d544dec901ba9d903e16d1e62.npz,22c5368f51fe97004f4b6ab8dc1d18d1eeec54d51ded6713d1bfaba114e95f80,783ca262f1a0d993a4716dd4918a4772891e661d544dec901ba9d903e16d1e62,newly_executed
0.0,1.025,0.05,sv,equal_gate,100000,True,False,9600000,100000,results/stage6_followup_v1/measurements/e89e91f22a1d5d11a32bfe955d696b80fa851341958feef5b3345198015fc941.npz,efb505fc68e2aaf52e1c03bb5e57bdff49a394ae6088b686a895c974526e6207,e89e91f22a1d5d11a32bfe955d696b80fa851341958feef5b3345198015fc941,newly_executed
0.0,1.025,0,raw,equal_gate,300000,True,False,28799808,299998,results/stage6_followup_v1/measurements/72f0660ebe13abb1a224f50b350c9cb3606a03758a24e9d7cd9a1245d832abd7.npz,cc2e3008f8c01b4adcd6a33ef07ff02b347d1adb8f86c50fe73506f2f6aab0c4,72f0660ebe13abb1a224f50b350c9cb3606a03758a24e9d7cd9a1245d832abd7,newly_executed
0.0,1.025,0,zne_quadratic,equal_gate,300000,True,False,28799808,100000,results/stage6_followup_v1/measurements/822797965a0be202d0c8c55e99a60b16108be950c244d1f43b4577e41d1cb5e6.npz,ea21a47180b0eb96e10f49ec5c1012230d34473e79a2fd53aaa7f283c8dd338f,822797965a0be202d0c8c55e99a60b16108be950c244d1f43b4577e41d1cb5e6,newly_executed
0.0,1.025,0,sv,equal_gate,300000,True,False,28799808,299998,results/stage6_followup_v1/measurements/56ce9453a780e7c19bec398026f2296c1acfdce2ef6a512c94ca42b63c2c3d30.npz,3e1e6a2708ebffd54cc97342e16fbd67c203cac8c7ccc5afa3a477eb96450ab8,56ce9453a780e7c19bec398026f2296c1acfdce2ef6a512c94ca42b63c2c3d30,newly_executed
0.0,1.025,0.01,raw,equal_gate,300000,True,False,28799808,299998,results/stage6_followup_v1/measurements/2797147ad2086533fe01fbb603b9f016df18abd6ea293da0c7b494643dbde778.npz,03d7d061e4f6cb2167800d8a799f6aabc7f095dfc91502c1d6641203f1abc9c4,2797147ad2086533fe01fbb603b9f016df18abd6ea293da0c7b494643dbde778,newly_executed
0.0,1.025,0.01,zne_quadratic,equal_gate,300000,True,False,28799808,100000,results/stage6_followup_v1/measurements/1872fd33d36f1860047312bd1b1232f6c133717aba149c407e33a706b7560109.npz,5c7ebd239ad15170c99723b10650c7e7ee28c46635379aea20de066941732e40,1872fd33d36f1860047312bd1b1232f6c133717aba149c407e33a706b7560109,newly_executed
0.0,1.025,0.01,sv,equal_gate,300000,True,False,28799808,299998,results/stage6_followup_v1/measurements/3149037da8057e5d4f0e09aa84ac6d92647c6d0fca906c9e4efbd31291d529f9.npz,887d8d15eee05b543ece38f3b74b8e1874d6867bcc2ee47ef227ad2ba42bdbbd,3149037da8057e5d4f0e09aa84ac6d92647c6d0fca906c9e4efbd31291d529f9,newly_executed
0.0,1.025,0.05,raw,equal_gate,300000,True,False,28799808,299998,results/stage6_followup_v1/measurements/128231e43f8e6156daa6cd5d52a8e0adfe65019f703752ce7b8556ed53712482.npz,cfce46cd62a342ae69b88929225cf0a88af2d95f063af83e9e9e12aaf6222b63,128231e43f8e6156daa6cd5d52a8e0adfe65019f703752ce7b8556ed53712482,newly_executed
0.0,1.025,0.05,zne_quadratic,equal_gate,300000,True,False,28799808,100000,results/stage6_followup_v1/measurements/daa8959eea11c957551644f27538ca25c7bc30c54a42e8edb827d484402d1351.npz,00d8ef89c8330cd551461d26f89fa0d8c6546dae0025f805972a2558c494f1e2,daa8959eea11c957551644f27538ca25c7bc30c54a42e8edb827d484402d1351,newly_executed
0.0,1.025,0.05,sv,equal_gate,300000,True,False,28799808,299998,results/stage6_followup_v1/measurements/1dd8429b585a8bf45bc103eed9d46794ad11e8d50f66acdf16f6860e57637dde.npz,ea8e16cb4332d062ec017cdb48c1de5b580fdca55ce172e7439e393927cda1f7,1dd8429b585a8bf45bc103eed9d46794ad11e8d50f66acdf16f6860e57637dde,newly_executed
0.0,1.0375,0,raw,equal_shots,100000,False,False,9600000,100000,results/stage6_followup_v1/measurements/0d419671582de7f7041a16042a25831ef45fcc623dca98b18d93cdf64fec043f.npz,cf8bb0ad9f38bd9b0936201b5370783fc4f66c560b8b4da5666e80661c2497ac,0d419671582de7f7041a16042a25831ef45fcc623dca98b18d93cdf64fec043f,newly_executed
0.0,1.0375,0,zne_quadratic,equal_shots,100000,False,False,28799808,100000,results/stage6_followup_v1/measurements/16eeae9fc4a3736f430439dee6ada9f764b248a2646d5404df61cc542a62a519.npz,d24e7ec76c71bdf16733bbbc7f4cbb421b44ca754e4bf6167ca150efa9071fd2,16eeae9fc4a3736f430439dee6ada9f764b248a2646d5404df61cc542a62a519,newly_executed
0.0,1.0375,0,sv,equal_shots,100000,False,False,9600000,100000,results/stage6_followup_v1/measurements/7d34debc82f2122746e48e0753b6b8173c086676dc88c3f10968416150b3f257.npz,4f4e97d1a4dad25de1e4783f1258cff28a0d21f9014c1170a1c8988e85f615f7,7d34debc82f2122746e48e0753b6b8173c086676dc88c3f10968416150b3f257,newly_executed
0.0,1.0375,0.01,raw,equal_shots,100000,False,False,9600000,100000,results/stage6_followup_v1/measurements/518f4b1ea8f3010e413897922a975ac3051cf1e277bfd20b679339c7e2d07794.npz,8ea5e2d7b6666c60493c30b37e935eedb24a51ed920255f99d36f929dcf39758,518f4b1ea8f3010e413897922a975ac3051cf1e277bfd20b679339c7e2d07794,newly_executed
0.0,1.0375,0.01,zne_quadratic,equal_shots,100000,False,False,28799808,100000,results/stage6_followup_v1/measurements/87b9ea99b4d2ad0944ffa78cbef3284fe0e7ef6ed9c66996c641896bf92eaaaa.npz,17ff3453870df0f169b10fca75bbab2f3c4077dcb2f4403b56a38269cc7ac8be,87b9ea99b4d2ad0944ffa78cbef3284fe0e7ef6ed9c66996c641896bf92eaaaa,newly_executed
0.0,1.0375,0.01,sv,equal_shots,100000,False,False,9600000,100000,results/stage6_followup_v1/measurements/8c6aefe65ec2e13ad9b2f9c818e7de5c9cc0253dd97260e8fa95a34b168396eb.npz,f69688b5ff722a4188ab6e083843640ed0d2b60d9fd99155ef6b71ce39439b77,8c6aefe65ec2e13ad9b2f9c818e7de5c9cc0253dd97260e8fa95a34b168396eb,newly_executed
0.0,1.0375,0.05,raw,equal_shots,100000,False,False,9600000,100000,results/stage6_followup_v1/measurements/a6211c63981743ee82e773864f14c1c920021ce604aa4b1119f1039e5981c994.npz,b8653b70af24c580b1c108eb6570988418853d2d7db8afae5633a2f0a72d05dd,a6211c63981743ee82e773864f14c1c920021ce604aa4b1119f1039e5981c994,newly_executed
0.0,1.0375,0.05,zne_quadratic,equal_shots,100000,False,False,28799808,100000,results/stage6_followup_v1/measurements/e01fb0df60d11df284c71a1d5b2dec6ce761071470784af6bf501e8e92a4a4ea.npz,8c0d41aa3818795b745e0ba6419b41a05acda2905f5615da73cfa2c4d93e5f16,e01fb0df60d11df284c71a1d5b2dec6ce761071470784af6bf501e8e92a4a4ea,newly_executed
0.0,1.0375,0.05,sv,equal_shots,100000,False,False,9600000,100000,results/stage6_followup_v1/measurements/8fe189a062271fd5209a0f51b8fe1d958aa7192e2251ccf752a5459020896756.npz,525dce9440552b6a558828a32ef5576e58d50455a8cb5df302182f2c77f55518,8fe189a062271fd5209a0f51b8fe1d958aa7192e2251ccf752a5459020896756,newly_executed
0.0,1.0375,0,raw,equal_gate,100000,True,False,9600000,100000,results/stage6_followup_v1/measurements/989c0cb9983e7ca5fa44968c88ca1b728cdc2be7ec08b7a127be713b22ff3b0f.npz,f46ba7639481c78bde10a5b21be57411d696526427229a8c6aed002db3db6411,989c0cb9983e7ca5fa44968c88ca1b728cdc2be7ec08b7a127be713b22ff3b0f,newly_executed
0.0,1.0375,0,zne_quadratic,equal_gate,100000,True,False,9600000,33334,results/stage6_followup_v1/measurements/11103f152a76c747981d974cb6f096e6b003f998e8332d80a93aee97386cc751.npz,eab7cb5df41d4405ab2afaf4d7a21d0a6104e12f5a58c29f4a845303d13280fa,11103f152a76c747981d974cb6f096e6b003f998e8332d80a93aee97386cc751,newly_executed
0.0,1.0375,0,sv,equal_gate,100000,True,False,9600000,100000,results/stage6_followup_v1/measurements/a016442acabd1e4d88a52759c77b2d1959b414113adc634ba723b60bef6bd0c0.npz,7e531f3757f9331f8c398692135aa2f54f142a775d50fa00ad09424e77e2a1d4,a016442acabd1e4d88a52759c77b2d1959b414113adc634ba723b60bef6bd0c0,newly_executed
0.0,1.0375,0.01,raw,equal_gate,100000,True,False,9600000,100000,results/stage6_followup_v1/measurements/603e8a9869b0708dfa180648b458ed3fe36d646d7b8865ab0830d89f477a96b0.npz,a31d13ab4b3a58358477667592ad9da11eb693ffa4f3931ed985b64379cac394,603e8a9869b0708dfa180648b458ed3fe36d646d7b8865ab0830d89f477a96b0,newly_executed
0.0,1.0375,0.01,zne_quadratic,equal_gate,100000,True,False,9600000,33334,results/stage6_followup_v1/measurements/9d9069d5f3a06e285716b42b0e53da7aa44a2ddf5c6f91c0e20ec5d62a89de63.npz,3937c25970b1b0ba439502406fc34e16d3013f2a34136de159af110ea6f8f30b,9d9069d5f3a06e285716b42b0e53da7aa44a2ddf5c6f91c0e20ec5d62a89de63,newly_executed
0.0,1.0375,0.01,sv,equal_gate,100000,True,False,9600000,100000,results/stage6_followup_v1/measurements/4c6bba370ccadd84c7379b4a4fd7c799773d78a6549d5944ef43bd03be9d69c2.npz,9ea66d095630557dd9f3546e9c2dc1e72d9cfdb491b6f61d68853ba5bfe1b083,4c6bba370ccadd84c7379b4a4fd7c799773d78a6549d5944ef43bd03be9d69c2,newly_executed
0.0,1.0375,0.05,raw,equal_gate,100000,True,False,9600000,100000,results/stage6_followup_v1/measurements/971fd8739ad6870c38929f9a341d75f87186667b70f1026dd6f2671c53e6f717.npz,cc747a818a6901d8987d05ac8c763a2063dbf56e1b59aa4c8e2847ae03c01840,971fd8739ad6870c38929f9a341d75f87186667b70f1026dd6f2671c53e6f717,newly_executed
0.0,1.0375,0.05,zne_quadratic,equal_gate,100000,True,False,9600000,33334,results/stage6_followup_v1/measurements/444a1d6801910f6bd89ba1862601117b98ef9e7d3a18dd61c9a501b43eee3ecf.npz,5c603b5f07f7d5605e43d73bd2d013d8631310d8a78d9d610fb853e21d216bec,444a1d6801910f6bd89ba1862601117b98ef9e7d3a18dd61c9a501b43eee3ecf,newly_executed
0.0,1.0375,0.05,sv,equal_gate,100000,True,False,9600000,100000,results/stage6_followup_v1/measurements/61d1d5112b0a49ef19176d4ed21a3500f4d2f373bce7690bfad10763e7548793.npz,bbaa89844b0d5205ff2671024f122e4915306a672fe5ff3edc41302789b2350f,61d1d5112b0a49ef19176d4ed21a3500f4d2f373bce7690bfad10763e7548793,newly_executed
0.0,1.0375,0,raw,equal_gate,300000,True,False,28799808,299998,results/stage6_followup_v1/measurements/bf90d93ad358c9e0759645d36db10e8a1ace546364780f694641eb2eee34e70c.npz,31c149166fbe5435c3db3472945dd216f152e4abb529ddff09fdcf47c9460017,bf90d93ad358c9e0759645d36db10e8a1ace546364780f694641eb2eee34e70c,newly_executed
0.0,1.0375,0,zne_quadratic,equal_gate,300000,True,False,28799808,100000,results/stage6_followup_v1/measurements/21d33e413ff3cdd6736969ee99b669768a53ab094bc77034d737505571a7cd80.npz,29f679480cbb4de7abf574be0c29851bb7210e5a5c0274ad8998cfa61db608f0,21d33e413ff3cdd6736969ee99b669768a53ab094bc77034d737505571a7cd80,newly_executed
0.0,1.0375,0,sv,equal_gate,300000,True,False,28799808,299998,results/stage6_followup_v1/measurements/a33bc9c0cd9999eb039ff8bd5597325ac958b30ffc11d5a0ace572233b7e008f.npz,2e5acd1374a6ac869f9375ef18e9c6278e58f4833af9d20d569ee1e0dcdba2bf,a33bc9c0cd9999eb039ff8bd5597325ac958b30ffc11d5a0ace572233b7e008f,newly_executed
0.0,1.0375,0.01,raw,equal_gate,300000,True,False,28799808,299998,results/stage6_followup_v1/measurements/bc7c0f5b52b992f44bbbe3b3dfd62721d8a9d64b5d935bf3e256da6b31b413fa.npz,194f07c0cb195fc440582372f22c78bbc8d0de2ba59d04e62ebcd8b8f9aaa119,bc7c0f5b52b992f44bbbe3b3dfd62721d8a9d64b5d935bf3e256da6b31b413fa,newly_executed
0.0,1.0375,0.01,zne_quadratic,equal_gate,300000,True,False,28799808,100000,results/stage6_followup_v1/measurements/b9cba9e428372de3d4763a7af6be3a36d5e57c8d2eb91b8e2b2c161fbc26f633.npz,569d75b1f742119ac277d740cda406c6aeff96ef6f08694cc563cc3a0f597d38,b9cba9e428372de3d4763a7af6be3a36d5e57c8d2eb91b8e2b2c161fbc26f633,newly_executed
0.0,1.0375,0.01,sv,equal_gate,300000,True,False,28799808,299998,results/stage6_followup_v1/measurements/dac7c36c8794893d197c6243852fa6b4956eecfd21266eabff05c96d52831f61.npz,7f0cc0f3365000cd946614dafc542c3a0b877542d05d123ece593e57814b09ae,dac7c36c8794893d197c6243852fa6b4956eecfd21266eabff05c96d52831f61,newly_executed
0.0,1.0375,0.05,raw,equal_gate,300000,True,False,28799808,299998,results/stage6_followup_v1/measurements/7c2017c9760a529b81ca79fff11e8803a0526df7d7c6bc8eb823fecdd70acdea.npz,47133b39beef40681541d0648293506c8b871073e5af4e50bcbcc92d215719bb,7c2017c9760a529b81ca79fff11e8803a0526df7d7c6bc8eb823fecdd70acdea,newly_executed
0.0,1.0375,0.05,zne_quadratic,equal_gate,300000,True,False,28799808,100000,results/stage6_followup_v1/measurements/2a1601a45b2c21a77cde9d75169d9ce93567c4123ed2f88466a70225064e52b8.npz,7f4ca9057ea685494b125a149d48e1c628b5f3abf62772a8a782539f1303c673,2a1601a45b2c21a77cde9d75169d9ce93567c4123ed2f88466a70225064e52b8,newly_executed
0.0,1.0375,0.05,sv,equal_gate,300000,True,False,28799808,299998,results/stage6_followup_v1/measurements/18b46f2b8385a62a610b18811bfb3ae6f10a7ef47ec5674e74cb8d08aa6f30b9.npz,3351784153a6b333d61f856c49a9c5001b2c90606400bfc0b1221990e652403f,18b46f2b8385a62a610b18811bfb3ae6f10a7ef47ec5674e74cb8d08aa6f30b9,newly_executed
0.0,1.05,0,raw,equal_shots,100000,False,False,12800000,100000,results/stage6_followup_v1/measurements/2ce1d1e8791e5b727b91fc93e52445e639f3a8525d9ef817b72687c8b1a42c80.npz,324b602f0d89bc5be106b46c1faa8d4243fbb93b762d463695c319571fd6b5e4,2ce1d1e8791e5b727b91fc93e52445e639f3a8525d9ef817b72687c8b1a42c80,newly_executed
0.0,1.05,0,zne_quadratic,equal_shots,100000,False,False,38399744,100000,results/stage6_followup_v1/measurements/1924a57b93abb393a90a8f6f230a940cfbfed00e5595335a08741fbe777fe26f.npz,eb50eee5a085fc6eafa40f588ad6f7b77763e231f74744129115fef83d9dc573,1924a57b93abb393a90a8f6f230a940cfbfed00e5595335a08741fbe777fe26f,newly_executed
0.0,1.05,0,sv,equal_shots,100000,False,False,12800000,100000,results/stage6_followup_v1/measurements/5dd5ec2cf4b6053893178bfa91f72a7a7037da02337c922b40c2488f19fdc7c3.npz,b563ba24990ae1ce01706d93b5c0b18dec9579c52bba829049b0f138695eb4b1,5dd5ec2cf4b6053893178bfa91f72a7a7037da02337c922b40c2488f19fdc7c3,newly_executed
0.0,1.05,0.01,raw,equal_shots,100000,False,False,12800000,100000,results/stage6_followup_v1/measurements/690d0e8be10fd3003563695af530d9619010d32956ae0c33308df6fc67d10d7c.npz,9477703e9e441f195d72f273783be3fcd38a30afe5ab8b64670b1e6ff7ff39d9,690d0e8be10fd3003563695af530d9619010d32956ae0c33308df6fc67d10d7c,newly_executed
0.0,1.05,0.01,zne_quadratic,equal_shots,100000,False,False,38399744,100000,results/stage6_followup_v1/measurements/662f430581a742481763cb54aa58469a94bf5725b1718acd215446c05973b626.npz,5dae61ff79984f4536a951c39219a3dc9015cb1bad92741b9623c83ca79be467,662f430581a742481763cb54aa58469a94bf5725b1718acd215446c05973b626,newly_executed
0.0,1.05,0.01,sv,equal_shots,100000,False,False,12800000,100000,results/stage6_followup_v1/measurements/0a8f7bced16fca26df49cc75abe042eb9ddd11db1c4a30bdf93ad10610588f86.npz,31064842924c830b62331dac29648984258fd84dbb5022dba17b2eeb3b959572,0a8f7bced16fca26df49cc75abe042eb9ddd11db1c4a30bdf93ad10610588f86,newly_executed
0.0,1.05,0.05,raw,equal_shots,100000,False,False,12800000,100000,results/stage6_followup_v1/measurements/25f2e646f94aba103a221a8f9f0eaeaf04a0aa407e067c365890a6c53ecfc3b4.npz,69491202ba08bcaf0a222c3520296132bf560535396e71c2615f5104bb16f4c4,25f2e646f94aba103a221a8f9f0eaeaf04a0aa407e067c365890a6c53ecfc3b4,newly_executed
0.0,1.05,0.05,zne_quadratic,equal_shots,100000,False,False,38399744,100000,results/stage6_followup_v1/measurements/179c114811583fadbea8b6129836422250d2e0478a30dc92c5cca4c45a0aafcc.npz,4d4313ebaea10e7d4ef3f59b07285b08e5403b302bb4989438bd522a6b9cebb3,179c114811583fadbea8b6129836422250d2e0478a30dc92c5cca4c45a0aafcc,newly_executed
0.0,1.05,0.05,sv,equal_shots,100000,False,False,12800000,100000,results/stage6_followup_v1/measurements/5edd4d6a5880ac1b769d3d14183503f33ee642c38ec332f455b8d7875c4580cc.npz,5b0968987a1309cacbc9b4d9a3106d4b4814a36ead765e22242d3221e8d25943,5edd4d6a5880ac1b769d3d14183503f33ee642c38ec332f455b8d7875c4580cc,newly_executed
0.0,1.05,0,raw,equal_gate,100000,True,False,12800000,100000,results/stage6_followup_v1/measurements/e11cc392706ed35c2a5dcf1f06c4d52e4960ecf4cb471b27e16c0c29c65fbff5.npz,2ab8abd02a21f0991b6fa6f4eefc73c1b35ff36f64265a1367228f4935e91ada,e11cc392706ed35c2a5dcf1f06c4d52e4960ecf4cb471b27e16c0c29c65fbff5,newly_executed
0.0,1.05,0,zne_quadratic,equal_gate,100000,True,False,12800000,33334,results/stage6_followup_v1/measurements/0213ff4a1f41b835ea6e0334e49dc8543fb22ed88c97d7fb7dd2847f32a07b3a.npz,e6670a53082281696c435e32f4b1679bb6a29091a5dba505a307ad49cf806d85,0213ff4a1f41b835ea6e0334e49dc8543fb22ed88c97d7fb7dd2847f32a07b3a,newly_executed
0.0,1.05,0,sv,equal_gate,100000,True,False,12800000,100000,results/stage6_followup_v1/measurements/364a3ddaf1bd2ba460d9e1bb1f6c8ea1483afdb6fabfb07a647d0b10e264609e.npz,e2d226757938302fc72fcccea6ac161d839906fbcde45249836ab6cebed5210a,364a3ddaf1bd2ba460d9e1bb1f6c8ea1483afdb6fabfb07a647d0b10e264609e,newly_executed
0.0,1.05,0.01,raw,equal_gate,100000,True,False,12800000,100000,results/stage6_followup_v1/measurements/c98cbebe10ac11cbd3818a63fac3a2dd9dc3170ca8ceca52b692a25ee8e9ea30.npz,1bfb592f1add47a0521d11233f8f5d052358d75b17607b93066ff09b2701478b,c98cbebe10ac11cbd3818a63fac3a2dd9dc3170ca8ceca52b692a25ee8e9ea30,newly_executed
0.0,1.05,0.01,zne_quadratic,equal_gate,100000,True,False,12800000,33334,results/stage6_followup_v1/measurements/e5a67949b1d9eb22d59d7b29a9a7dbf35188e48b61cfa4fcd8ead1265a8b4d97.npz,d1dea48340c11798e3a006335509a24843a7394bb2186870f50bad8a55d552f2,e5a67949b1d9eb22d59d7b29a9a7dbf35188e48b61cfa4fcd8ead1265a8b4d97,newly_executed
0.0,1.05,0.01,sv,equal_gate,100000,True,False,12800000,100000,results/stage6_followup_v1/measurements/462057574c685737362ff9119152c2faee13293316cadbe0ba7fda15da2151e2.npz,290c9ee84bfbb66f3c128cf81cebacf06d7460eb39382f566c06c8c013530594,462057574c685737362ff9119152c2faee13293316cadbe0ba7fda15da2151e2,newly_executed
0.0,1.05,0.05,raw,equal_gate,100000,True,False,12800000,100000,results/stage6_followup_v1/measurements/c66bf346403db9f15d587531ffe5b6774983773c289cbd379c76b9d65ec4d2ae.npz,de76f396c8a6cf8df7c354bd99eff55cbd6ba9a881ee988899d1329313cc4f56,c66bf346403db9f15d587531ffe5b6774983773c289cbd379c76b9d65ec4d2ae,newly_executed
0.0,1.05,0.05,zne_quadratic,equal_gate,100000,True,False,12800000,33334,results/stage6_followup_v1/measurements/1bb6f6be4ec0e40ea40ac271905848f10ef296fcf52282aa75d45814d9f9ba45.npz,60c470da6859c762d974b1feab3cf2f3d9dc63b384adcade51afc077de9861a8,1bb6f6be4ec0e40ea40ac271905848f10ef296fcf52282aa75d45814d9f9ba45,newly_executed
0.0,1.05,0.05,sv,equal_gate,100000,True,False,12800000,100000,results/stage6_followup_v1/measurements/77be9e99d9d576e9af0d154753de2027c972183f50d26217476d0b7aac4ec41d.npz,3af2afe921bdf833bdb1db3abef2e45e7b2fc81a968ced482f1b54a87409995f,77be9e99d9d576e9af0d154753de2027c972183f50d26217476d0b7aac4ec41d,newly_executed
0.0,1.05,0,raw,equal_gate,300000,True,False,38399744,299998,results/stage6_followup_v1/measurements/34a4f80ea93f915b89a1fae77bd926aded43122dcb38bfd72938d133f3c91105.npz,1250084fbbef9f271d6b27af92005974f221f00fe51c3ee8551aa3ce88a64cf8,34a4f80ea93f915b89a1fae77bd926aded43122dcb38bfd72938d133f3c91105,newly_executed
0.0,1.05,0,zne_quadratic,equal_gate,300000,True,False,38399744,100000,results/stage6_followup_v1/measurements/122c96b2817b12377f69c4c3b911370bec010e363be27a1d583409f75b4e2609.npz,239ba63d93b073dcf2b21613cb74ad0227e54016571e4e6efdb52d39a1d75bd3,122c96b2817b12377f69c4c3b911370bec010e363be27a1d583409f75b4e2609,newly_executed
0.0,1.05,0,sv,equal_gate,300000,True,False,38399744,299998,results/stage6_followup_v1/measurements/9ca7f4778dfb45c26afff5405bd0b7beabbb4479df900cab597bf28a07c43dea.npz,cf0dd3a8fbfc6376df1ce7907946b98830e858437ca54ebea7169b6143bcfc1f,9ca7f4778dfb45c26afff5405bd0b7beabbb4479df900cab597bf28a07c43dea,newly_executed
0.0,1.05,0.01,raw,equal_gate,300000,True,False,38399744,299998,results/stage6_followup_v1/measurements/a8d1cb688defd05535b26b568bc16efeafe8072e9cf89b5494f149d1858afc4d.npz,1ff0a7a3f87d43d062196a26c6cadd4ecf955c302794e0a1def683afc20faa8f,a8d1cb688defd05535b26b568bc16efeafe8072e9cf89b5494f149d1858afc4d,newly_executed
0.0,1.05,0.01,zne_quadratic,equal_gate,300000,True,False,38399744,100000,results/stage6_followup_v1/measurements/b6fe656e227eeae6d4a01cd9baedcef1ffc937fd828119b178aaef83114fee7f.npz,46e80a68d7cffac2b6680b9b7055b18c6fdb3f885bb9a49bc06d7c1530706632,b6fe656e227eeae6d4a01cd9baedcef1ffc937fd828119b178aaef83114fee7f,newly_executed
0.0,1.05,0.01,sv,equal_gate,300000,True,False,38399744,299998,results/stage6_followup_v1/measurements/dfd1bed90eed8b5b06a13aaff04fc553fb6c5959dd7af037030ddbdf6e0a9c79.npz,bfc30b73c379defac88703f0b673c883c93249fcc4d91c27680d6b487c163a54,dfd1bed90eed8b5b06a13aaff04fc553fb6c5959dd7af037030ddbdf6e0a9c79,newly_executed
0.0,1.05,0.05,raw,equal_gate,300000,True,False,38399744,299998,results/stage6_followup_v1/measurements/5aa4f9b87de947b24e1b1eef91a3117d241c2d75fa230cd36ef54207c5a927ff.npz,8a5f6ac4476988a9757b46a7374ffa228e121cc98a03229fd80513add91cbacd,5aa4f9b87de947b24e1b1eef91a3117d241c2d75fa230cd36ef54207c5a927ff,newly_executed
0.0,1.05,0.05,zne_quadratic,equal_gate,300000,True,False,38399744,100000,results/stage6_followup_v1/measurements/6205f0f0a67cb2eacf943370837faf4e0128b6c4fe3f4b0594dd10c65d2fc6df.npz,ea8dac8dd3b337383088e05b40041d57c5b1d3d75851cded035d46ab6337859d,6205f0f0a67cb2eacf943370837faf4e0128b6c4fe3f4b0594dd10c65d2fc6df,newly_executed
0.0,1.05,0.05,sv,equal_gate,300000,True,False,38399744,299998,results/stage6_followup_v1/measurements/e1d3ac528294dcaac324fd7d5f79dbad3a073c39317c10de486890b8ebf3b587.npz,3980e73ce405153cf2356a9a9a1ce37d4d7c0cec9041dfdaaecae24a5b224f7d,e1d3ac528294dcaac324fd7d5f79dbad3a073c39317c10de486890b8ebf3b587,newly_executed
0.0,1.0625,0,raw,equal_shots,100000,False,False,9600000,100000,results/stage6_followup_v1/measurements/3f828ee2ab4832faddae5a93829b7eb854bd43b71198babf648769e03f217ccc.npz,12d2e19002eb62cade87b2aa330668434d2e506b88d08257624fd46bcb936a64,3f828ee2ab4832faddae5a93829b7eb854bd43b71198babf648769e03f217ccc,newly_executed
0.0,1.0625,0,zne_quadratic,equal_shots,100000,False,False,28799808,100000,results/stage6_followup_v1/measurements/c516ebb5bd843758169691f22af891e739ff0cb8e34b91fb998f767f48e785bb.npz,e7e9c07b57442922e6ad450bdc53f91ee036e5933db007719a96ad82a818ea99,c516ebb5bd843758169691f22af891e739ff0cb8e34b91fb998f767f48e785bb,newly_executed
0.0,1.0625,0,sv,equal_shots,100000,False,False,9600000,100000,results/stage6_followup_v1/measurements/1e131c21a647a599cc6a0f7db5f0d168e7927fcc719ec3f58a085e4b5a256e9d.npz,041513bb71ea076064a4b686c81a67663f92de558d07f80b5f167b18d7893e0e,1e131c21a647a599cc6a0f7db5f0d168e7927fcc719ec3f58a085e4b5a256e9d,newly_executed
0.0,1.0625,0.01,raw,equal_shots,100000,False,False,9600000,100000,results/stage6_followup_v1/measurements/6aff0e538fb3998bd00e8ff3cd4a444c679fb1a0a9870fa9eb8b29acc468c1f4.npz,768656a8083601f2bf0bd106c1a3f226f7d894e68f35e564d662cd70a2fa4c11,6aff0e538fb3998bd00e8ff3cd4a444c679fb1a0a9870fa9eb8b29acc468c1f4,newly_executed
0.0,1.0625,0.01,zne_quadratic,equal_shots,100000,False,False,28799808,100000,results/stage6_followup_v1/measurements/e8844ac46753147ecb9a0ac9de577e4aa62bd1255b40daf60a5caee5cffc918c.npz,2c782743ea4c63f8023da9c98693908fbada90d71cea4437c41dd4334b7f72e5,e8844ac46753147ecb9a0ac9de577e4aa62bd1255b40daf60a5caee5cffc918c,newly_executed
0.0,1.0625,0.01,sv,equal_shots,100000,False,False,9600000,100000,results/stage6_followup_v1/measurements/92dde17123af555c653de4478c71909dc6829a894b7e9bb8ef237df99e2a4f96.npz,6021a93ddd126dd9e72b9656f9f4bff92e9dbd10851d534b2b86a809ac860793,92dde17123af555c653de4478c71909dc6829a894b7e9bb8ef237df99e2a4f96,newly_executed
0.0,1.0625,0.05,raw,equal_shots,100000,False,False,9600000,100000,results/stage6_followup_v1/measurements/3ca62f5aefdba98e2fdcf8b1d9a8842fd96470111c0b520ba8b584c520079a2b.npz,f321e6ecc09a4221b07d1c3eb464a22535785f6b761ad8ea4d2bbc9084e8cb38,3ca62f5aefdba98e2fdcf8b1d9a8842fd96470111c0b520ba8b584c520079a2b,newly_executed
0.0,1.0625,0.05,zne_quadratic,equal_shots,100000,False,False,28799808,100000,results/stage6_followup_v1/measurements/5d1fc6a909f5a2df424035e96fe04aa94f8d3580edcef805bb67d1269e819a29.npz,9188fbfa3069749e903856f3c48bd686480e61d2c05e2ff2871514c14b140d38,5d1fc6a909f5a2df424035e96fe04aa94f8d3580edcef805bb67d1269e819a29,newly_executed
0.0,1.0625,0.05,sv,equal_shots,100000,False,False,9600000,100000,results/stage6_followup_v1/measurements/a89bcbe5c37725f4e20a76e08ee2a948d28b2ed2267e093dc72ee1be931a4e7f.npz,3930c69bbc20e6a9545a9e27d5745ef9976b02a58be9f59c172692e03c153a8a,a89bcbe5c37725f4e20a76e08ee2a948d28b2ed2267e093dc72ee1be931a4e7f,newly_executed
0.0,1.0625,0,raw,equal_gate,100000,True,False,9600000,100000,results/stage6_followup_v1/measurements/aae62c34a418153f5ae3944ff0c81c823e75e6be5ae837f9d2f284c7e4eee0c8.npz,d27345869170a8da1746ab2392b653cbd910153f9dcb1ee47b1de9411c40cef4,aae62c34a418153f5ae3944ff0c81c823e75e6be5ae837f9d2f284c7e4eee0c8,newly_executed
0.0,1.0625,0,zne_quadratic,equal_gate,100000,True,False,9600000,33334,results/stage6_followup_v1/measurements/5940def04b93f232f098642b9837fedc205c538d7e03687bd5772c012b6ec78c.npz,67f3588f9624198224f6f0d99b0b7d0be205eb0373bb195954701bc8bfb05ddd,5940def04b93f232f098642b9837fedc205c538d7e03687bd5772c012b6ec78c,newly_executed
0.0,1.0625,0,sv,equal_gate,100000,True,False,9600000,100000,results/stage6_followup_v1/measurements/404f06f1da9eb24dca3c3e20f0363f0ac3aaeca602f44409a61d016b0d24a97c.npz,d94d39a56e9998f358853400ce9114f198a80377083bb2e88505293f3886fd91,404f06f1da9eb24dca3c3e20f0363f0ac3aaeca602f44409a61d016b0d24a97c,newly_executed
0.0,1.0625,0.01,raw,equal_gate,100000,True,False,9600000,100000,results/stage6_followup_v1/measurements/2d410cb7c2c518dc6e98eca45b537e21cd3e41db7556faef6448f41cda715701.npz,4f13f156f7831f2ec2120fbcc1fe89496fe23010a0c336058d8b18e22e1075e1,2d410cb7c2c518dc6e98eca45b537e21cd3e41db7556faef6448f41cda715701,newly_executed
0.0,1.0625,0.01,zne_quadratic,equal_gate,100000,True,False,9600000,33334,results/stage6_followup_v1/measurements/ce6ff5d751727158653a82d4bf6ac5a69d76af4d02ede3b1f3d0dd0799a8b1dc.npz,41793004871e087107e60d5a0a34049b4e34fc624b591cafa5953b6cc35b51f3,ce6ff5d751727158653a82d4bf6ac5a69d76af4d02ede3b1f3d0dd0799a8b1dc,newly_executed
0.0,1.0625,0.01,sv,equal_gate,100000,True,False,9600000,100000,results/stage6_followup_v1/measurements/cd824e5f553df94e35f4775f83b79d910e3a176ba701d840f7fcc7ce7c6fd0fc.npz,27676d6da022a46fc9ef089984cbcca78f7f798a065bafd2c0c8d2adc91b95ed,cd824e5f553df94e35f4775f83b79d910e3a176ba701d840f7fcc7ce7c6fd0fc,newly_executed
0.0,1.0625,0.05,raw,equal_gate,100000,True,False,9600000,100000,results/stage6_followup_v1/measurements/296026b557578f3babbf4978a4abf8b9eed9bd4e9265f4d8be09018be4f99638.npz,4a1c419dccfd1347de316f49875320b93cd6a0017c996d89f1cd0f4388d95fc2,296026b557578f3babbf4978a4abf8b9eed9bd4e9265f4d8be09018be4f99638,newly_executed
0.0,1.0625,0.05,zne_quadratic,equal_gate,100000,True,False,9600000,33334,results/stage6_followup_v1/measurements/aa7d527a003cf5f3bdac1062d1f5423094901960638efa1fedbed4b4840f1d70.npz,77e1eb34ebdd4648d98d02ce53d526ec6bd33972f554cdaad585ef96853aa745,aa7d527a003cf5f3bdac1062d1f5423094901960638efa1fedbed4b4840f1d70,newly_executed
0.0,1.0625,0.05,sv,equal_gate,100000,True,False,9600000,100000,results/stage6_followup_v1/measurements/56fb1bab65471899780f2e8d7b131ec2a7d612642dd53e7f45e4d9dd8753aff8.npz,b0d6c5f2e408b6d73a34f45156fd37eacb054309d8269f504ce4013560af5735,56fb1bab65471899780f2e8d7b131ec2a7d612642dd53e7f45e4d9dd8753aff8,newly_executed
0.0,1.0625,0,raw,equal_gate,300000,True,False,28799808,299998,results/stage6_followup_v1/measurements/b07bcacd6f09dbf0f6676949c8c092bf25f9a40808ac0250f35c3dba1348cede.npz,0068f537e87821775708e525112ac1b7b4a23aaeaa21caa1ef41097982c09c41,b07bcacd6f09dbf0f6676949c8c092bf25f9a40808ac0250f35c3dba1348cede,newly_executed
0.0,1.0625,0,zne_quadratic,equal_gate,300000,True,False,28799808,100000,results/stage6_followup_v1/measurements/18dea39825ffb067e4a53f9fb80b5a2695095609e08b82e23c81db7e1a587e61.npz,0913d3effb3ba6323f10a7445bee3d93d0c1ffd3a71c510af38de1bfaa8872a9,18dea39825ffb067e4a53f9fb80b5a2695095609e08b82e23c81db7e1a587e61,newly_executed
0.0,1.0625,0,sv,equal_gate,300000,True,False,28799808,299998,results/stage6_followup_v1/measurements/a6fce218a500ad03e82cb3a36dc3bfd5573686fa11fc34be1f8320b7a552138e.npz,f9db5654592b1250ce94e825f0c97e570b42f79f224829303cef03000fde574a,a6fce218a500ad03e82cb3a36dc3bfd5573686fa11fc34be1f8320b7a552138e,newly_executed
0.0,1.0625,0.01,raw,equal_gate,300000,True,False,28799808,299998,results/stage6_followup_v1/measurements/ba06fdee9cca0283e883480a7600819e78b0ff2031c740361eb85afa95406eb5.npz,5a71e778df4f4e22c49d1279099e97939392bb60d0018012967659969a36032b,ba06fdee9cca0283e883480a7600819e78b0ff2031c740361eb85afa95406eb5,newly_executed
0.0,1.0625,0.01,zne_quadratic,equal_gate,300000,True,False,28799808,100000,results/stage6_followup_v1/measurements/1bf54859bf93d34be7b822e7e441a877106c7d665771835e8043f07361ccb2c9.npz,e9d98c52495fdb5a6ebbd07ba12c6855190b6af954f2a26e4baf80e8b77de24b,1bf54859bf93d34be7b822e7e441a877106c7d665771835e8043f07361ccb2c9,newly_executed
0.0,1.0625,0.01,sv,equal_gate,300000,True,False,28799808,299998,results/stage6_followup_v1/measurements/79996ca8ec87aad41f111201099c6de415bd7047f10c5c99a36432fa85fe5a71.npz,4924ead5ec8f59b89db8fb8e36d328427be0460fda97651435f71650ccc123fd,79996ca8ec87aad41f111201099c6de415bd7047f10c5c99a36432fa85fe5a71,newly_executed
0.0,1.0625,0.05,raw,equal_gate,300000,True,False,28799808,299998,results/stage6_followup_v1/measurements/413dd259979e73f60f0cafaa2b4c8d186422d66ebfc40fe1ff3544d5dd62576b.npz,e298f42f22fedb7fca8f6f56c2d614044518b4a666c88d70662a59f86858d081,413dd259979e73f60f0cafaa2b4c8d186422d66ebfc40fe1ff3544d5dd62576b,newly_executed
0.0,1.0625,0.05,zne_quadratic,equal_gate,300000,True,False,28799808,100000,results/stage6_followup_v1/measurements/6cb7054ff47247ce29e83d66e84f3a8551579db9569d72e2ec8c9bda4e1ed332.npz,eaa1115f027faa60e3f10679e2e25a28d49e77cae833bb33afd8f763cfa60746,6cb7054ff47247ce29e83d66e84f3a8551579db9569d72e2ec8c9bda4e1ed332,newly_executed
0.0,1.0625,0.05,sv,equal_gate,300000,True,False,28799808,299998,results/stage6_followup_v1/measurements/53b631f727260876e9d05c5d312a48f37bdc4f6e07f7c7ea57fa902d47547ba8.npz,f371687572c665aefa499e905117c1fc379cbf81d1bcd93fc091c8c38be4035a,53b631f727260876e9d05c5d312a48f37bdc4f6e07f7c7ea57fa902d47547ba8,newly_executed
0.0,1.075,0,raw,equal_shots,100000,False,False,9600000,100000,results/stage6_followup_v1/measurements/4d14295d021d73cc16d0eb737cad3a5f694a7e6533e63cc51f8dc4cdad22b21b.npz,4a5472d72e273f9af41e32a9f3a3598f94bb0b10c2efe0b2150afc3aab2fd67c,4d14295d021d73cc16d0eb737cad3a5f694a7e6533e63cc51f8dc4cdad22b21b,newly_executed
0.0,1.075,0,zne_quadratic,equal_shots,100000,False,False,28799808,100000,results/stage6_followup_v1/measurements/c73a22581eb73025ea0de889ab99a7db229bcd33089ac8735cd92bda9f375808.npz,5f63fd0d7cfbc5685d31541781bca0faed8e374473fbc583f303e1cbe6e267fc,c73a22581eb73025ea0de889ab99a7db229bcd33089ac8735cd92bda9f375808,newly_executed
0.0,1.075,0,sv,equal_shots,100000,False,False,9600000,100000,results/stage6_followup_v1/measurements/1050f2ac07ce8cd425c1e1aad946c3d9eb5d6f582fda11e46862f4b7af3d9d64.npz,39d1e50d78dbb94b43ddb2e7ef73e138b3526b35819eeb26713b053739ec4e96,1050f2ac07ce8cd425c1e1aad946c3d9eb5d6f582fda11e46862f4b7af3d9d64,newly_executed
0.0,1.075,0.01,raw,equal_shots,100000,False,False,9600000,100000,results/stage6_followup_v1/measurements/f5342f134d3cd82b3180e076f7dbd93d98588055b6039f5aa612b054d4c8ad26.npz,8a8b6f46248e9f331804b02f104572a779c37a50df66e0775bc32e271398cfe9,f5342f134d3cd82b3180e076f7dbd93d98588055b6039f5aa612b054d4c8ad26,newly_executed
0.0,1.075,0.01,zne_quadratic,equal_shots,100000,False,False,28799808,100000,results/stage6_followup_v1/measurements/727604545d2ea84989eb1a5ea50932b69d0c47baeeb9ff75dcfd5b7321d1be28.npz,a16b41203eaa2502440a2c5ff3b88802f6f72787a92d0e0c341170e49675d31d,727604545d2ea84989eb1a5ea50932b69d0c47baeeb9ff75dcfd5b7321d1be28,newly_executed
0.0,1.075,0.01,sv,equal_shots,100000,False,False,9600000,100000,results/stage6_followup_v1/measurements/87a2773826a2d67e91e24cd0dd82dba6191513d7ff8c157478ef41924c063857.npz,50d8b33dc116ffdfb9e83162b3f86c87d33c9f1fdd11075bdc44974ccd5a533a,87a2773826a2d67e91e24cd0dd82dba6191513d7ff8c157478ef41924c063857,newly_executed
0.0,1.075,0.05,raw,equal_shots,100000,False,False,9600000,100000,results/stage6_followup_v1/measurements/7fa0a58272f423f33c2561b70286f9d33ef4c835e36a270961977814d9249a5a.npz,d2255222d3fe1836bb4b58032dcd99063ee96c9dbece39c20b29614881d86c84,7fa0a58272f423f33c2561b70286f9d33ef4c835e36a270961977814d9249a5a,newly_executed
0.0,1.075,0.05,zne_quadratic,equal_shots,100000,False,False,28799808,100000,results/stage6_followup_v1/measurements/b298ed1c4f31d6f7d98f2948cf5d26e9fede2d433a849396e9ad3a1237380ab2.npz,ede7f2925b7fc1d2987c0cf4f5d0321643da454a09b16aefb1ec400e0b2357b8,b298ed1c4f31d6f7d98f2948cf5d26e9fede2d433a849396e9ad3a1237380ab2,newly_executed
0.0,1.075,0.05,sv,equal_shots,100000,False,False,9600000,100000,results/stage6_followup_v1/measurements/5e8bf4fa760892f6c7c0b303afa5f7c7cbe75a870e10f05b981f9f16c0272891.npz,257e5e71a0b328f3d601cfa4fbdec597c8a24e0b86f55d44fcbaa319f346ec3e,5e8bf4fa760892f6c7c0b303afa5f7c7cbe75a870e10f05b981f9f16c0272891,newly_executed
0.0,1.075,0,raw,equal_gate,100000,True,False,9600000,100000,results/stage6_followup_v1/measurements/d4d568b7a0c294608766967b379c66b3e979b28ff0cb183bd458058f5610580b.npz,ad4e8ee37cfb01717a4f2d36fe365d13630410371df2013cf83cc35d5770afe6,d4d568b7a0c294608766967b379c66b3e979b28ff0cb183bd458058f5610580b,newly_executed
0.0,1.075,0,zne_quadratic,equal_gate,100000,True,False,9600000,33334,results/stage6_followup_v1/measurements/c5e00fd627824bfed9800c9c22c71adc8ad126f47b09f4e8242c5499bcbbf029.npz,d07609436ee5dcb0aad4b24696923b775e156167ecc83639c99027379f63f3ba,c5e00fd627824bfed9800c9c22c71adc8ad126f47b09f4e8242c5499bcbbf029,newly_executed
0.0,1.075,0,sv,equal_gate,100000,True,False,9600000,100000,results/stage6_followup_v1/measurements/15c3c97c3d7677bb4dcb2c26d4f20cd9b36d77d5e3d7be22faed1bd68ca895ec.npz,d2efe0d826ef71b279353339bb4759705e73089bb6fc1cda7ca7159ea76d180a,15c3c97c3d7677bb4dcb2c26d4f20cd9b36d77d5e3d7be22faed1bd68ca895ec,newly_executed
0.0,1.075,0.01,raw,equal_gate,100000,True,False,9600000,100000,results/stage6_followup_v1/measurements/c661cbcea4472ee4e1c80d9ae89e6c16842601acd72f41bd21114a4a0d0401e5.npz,a451acb056d10ea0c8406676b84fe60d1e3de8e0d359fd8d1197943c64afc12b,c661cbcea4472ee4e1c80d9ae89e6c16842601acd72f41bd21114a4a0d0401e5,newly_executed
0.0,1.075,0.01,zne_quadratic,equal_gate,100000,True,False,9600000,33334,results/stage6_followup_v1/measurements/bdbfccc1bdde41ee3cb6b6cb7327491876509fd9872889cef080228149917586.npz,96cc298f9ec804cf73c48bfabadab1f56bc270768252325957ce0ddac4d9b80a,bdbfccc1bdde41ee3cb6b6cb7327491876509fd9872889cef080228149917586,newly_executed
0.0,1.075,0.01,sv,equal_gate,100000,True,False,9600000,100000,results/stage6_followup_v1/measurements/6410b59013d6722f11ac1b0ec4f187af75f78f5c005e17c42ff81b2aee21d9f6.npz,6e5f1c69274ff727ffd69b915dda8acab21fcba6e19bce37baff92e9ec922a84,6410b59013d6722f11ac1b0ec4f187af75f78f5c005e17c42ff81b2aee21d9f6,newly_executed
0.0,1.075,0.05,raw,equal_gate,100000,True,False,9600000,100000,results/stage6_followup_v1/measurements/45768d2f6a026d26645852812a7dcbcfe820cd3b7798cd7be3886ce2fe24439b.npz,c37f39035c1c169b616df2c0c802c2816e2241375dee1b25e59e71a04bdc059d,45768d2f6a026d26645852812a7dcbcfe820cd3b7798cd7be3886ce2fe24439b,newly_executed
0.0,1.075,0.05,zne_quadratic,equal_gate,100000,True,False,9600000,33334,results/stage6_followup_v1/measurements/1340ddf95228be8da45b903ea5bf698b5150a4f9729295b81f68375935a9e231.npz,7d63a48e79ba09b3698aa40d0a327b4b473b2f3dd77f1df3d84c1edcdee12f3c,1340ddf95228be8da45b903ea5bf698b5150a4f9729295b81f68375935a9e231,newly_executed
0.0,1.075,0.05,sv,equal_gate,100000,True,False,9600000,100000,results/stage6_followup_v1/measurements/16bef225b79dd0d542db771ae1723483790c0c1a495e717c0c1c77e670af7665.npz,266639669d785188d633c5b5ce97bf371372c2afad508070cdeda322db972f0b,16bef225b79dd0d542db771ae1723483790c0c1a495e717c0c1c77e670af7665,newly_executed
0.0,1.075,0,raw,equal_gate,300000,True,False,28799808,299998,results/stage6_followup_v1/measurements/62cf11de338da57159312a0101750da1240edd65ba41d560e4305651e36f49ee.npz,7cd5c8f84b7de3d2386acf8de1c6e5a65021d6b9141daaa6b12c87075c470727,62cf11de338da57159312a0101750da1240edd65ba41d560e4305651e36f49ee,newly_executed
0.0,1.075,0,zne_quadratic,equal_gate,300000,True,False,28799808,100000,results/stage6_followup_v1/measurements/01a7284e1a8f71a712ecdd6aa22f4ccce2e0011d1c5a0e5231b9b6a665b88e4a.npz,7fbd9014b5f62bdc4f545f101a07625075750d82a1cd5ddb09bfafc6c9ae3097,01a7284e1a8f71a712ecdd6aa22f4ccce2e0011d1c5a0e5231b9b6a665b88e4a,newly_executed
0.0,1.075,0,sv,equal_gate,300000,True,False,28799808,299998,results/stage6_followup_v1/measurements/a8dfe337b633db1aa9ac278be41b9ebe3662bb62b79a7e13949a30e2246199af.npz,e1206e809348f3f50c12156b87569f374dbff633774400d7515631ebdf4ebba2,a8dfe337b633db1aa9ac278be41b9ebe3662bb62b79a7e13949a30e2246199af,newly_executed
0.0,1.075,0.01,raw,equal_gate,300000,True,False,28799808,299998,results/stage6_followup_v1/measurements/3b74fea39659733ae2c85b3e92ed72d9dce059f5a48a88d3885d9f8263ad5fe8.npz,bd86c8362398680404762151f8683319fb2933b1cc035c900e2f796648bab441,3b74fea39659733ae2c85b3e92ed72d9dce059f5a48a88d3885d9f8263ad5fe8,newly_executed
0.0,1.075,0.01,zne_quadratic,equal_gate,300000,True,False,28799808,100000,results/stage6_followup_v1/measurements/dbc82521194a85127d3f3af6615ba562de9b9175c664bcd999e04abf29f53d08.npz,995e539b57dbd2282ae75cb29c655c9dcd8d37cfff2ab788374012607a9f143d,dbc82521194a85127d3f3af6615ba562de9b9175c664bcd999e04abf29f53d08,newly_executed
0.0,1.075,0.01,sv,equal_gate,300000,True,False,28799808,299998,results/stage6_followup_v1/measurements/3dca6fbc1da702903ab9e5dcac5809b81acc1201237d1b7936137141d1ec24e3.npz,05b73246be8d7ce6e42e16a0dec710a0ecf1a4e7cd33f2e5a4efccc27dda9657,3dca6fbc1da702903ab9e5dcac5809b81acc1201237d1b7936137141d1ec24e3,newly_executed
0.0,1.075,0.05,raw,equal_gate,300000,True,False,28799808,299998,results/stage6_followup_v1/measurements/9e7f75e88bae2134f95bd4edcaf29e7a5308474f074d04639dc04f04dc00287d.npz,419b182127b599f56c1838cd3efa93ab3e1f060f56a25d3fb72b1a30f9225acb,9e7f75e88bae2134f95bd4edcaf29e7a5308474f074d04639dc04f04dc00287d,newly_executed
0.0,1.075,0.05,zne_quadratic,equal_gate,300000,True,False,28799808,100000,results/stage6_followup_v1/measurements/f4fe67ff80f1b84c2b551c0f885ea2c2a595d9ab3e798acdae2854058099bcec.npz,c7f9fdf4c077493901c25a883a5299d0371aa872ec8bf3c715c34169fb773b72,f4fe67ff80f1b84c2b551c0f885ea2c2a595d9ab3e798acdae2854058099bcec,newly_executed
0.0,1.075,0.05,sv,equal_gate,300000,True,False,28799808,299998,results/stage6_followup_v1/measurements/8ea3e5e882514b7ccfe9b63efa350bd8bccba8bc968c5e046f3b3f9fafb4a21c.npz,b21ff40282219926e2623b9589ec465932d152a05a228a63fbfa001656d02519,8ea3e5e882514b7ccfe9b63efa350bd8bccba8bc968c5e046f3b3f9fafb4a21c,newly_executed
0.1,0.2,0,raw,equal_shots,100000,False,False,3100000,100000,results/stage6_followup_v1/measurements/3310f2b58d2b8042db8246a140cf348c4e8e6738d80713374d0656e1f5ea9c9b.npz,8b44d93064927cc2791c4e03fbf720a1d3a42bc71bf6e2029bbc403c92b7bde6,3310f2b58d2b8042db8246a140cf348c4e8e6738d80713374d0656e1f5ea9c9b,historical_reused
0.1,0.2,0,zne_quadratic,equal_shots,100000,False,False,9299938,100000,results/stage6_followup_v1/measurements/6b5a0cbb95457c9bc564712233b0effc5ae54108bddefed0047b953aa52eb127.npz,a6f4fd0c93e2685ee59b0d509b3768618e6a86a7243da81a4097edab30fc0692,6b5a0cbb95457c9bc564712233b0effc5ae54108bddefed0047b953aa52eb127,historical_reused
0.1,0.2,0,sv,equal_shots,100000,False,False,3100000,100000,results/stage6_followup_v1/measurements/1b0d4d6a47d72dd2662f00f487e5bab0c316d65587fc22cf0271619b459d4319.npz,85d88c721e44756f8ea6f0701a6b920565d001e6d559545415a7e417b7d9f7c1,1b0d4d6a47d72dd2662f00f487e5bab0c316d65587fc22cf0271619b459d4319,historical_reused
0.1,0.2,0.01,raw,equal_shots,100000,False,False,3100000,100000,results/stage6_followup_v1/measurements/9a37388c5c3c90b74a57241844e99da01879d65c5658265218c29ea79f13746c.npz,040184f6c1ab021a307586d6a71c78fdee598422f21420ab41e36468cb42cb6e,9a37388c5c3c90b74a57241844e99da01879d65c5658265218c29ea79f13746c,historical_reused
0.1,0.2,0.01,zne_quadratic,equal_shots,100000,False,False,9299938,100000,results/stage6_followup_v1/measurements/6db806a5c376d7a8b6c6d1d031d93e617709fb8997dfec8ae20773f857bd496b.npz,f86dff389af0671791a85c5b0cf9f0fe7c12f89a99317b1e109cdbaead04f1c3,6db806a5c376d7a8b6c6d1d031d93e617709fb8997dfec8ae20773f857bd496b,historical_reused
0.1,0.2,0.01,sv,equal_shots,100000,False,False,3100000,100000,results/stage6_followup_v1/measurements/4b0c56d8ecd13573cf642ff5c071dfa288b0cce5ebcd2c18f3d75df9dd6f31de.npz,15abe6a72b6fff6b3a5c5e36caa0c95c9aa903cb251c5f9b6a4447c302a561f5,4b0c56d8ecd13573cf642ff5c071dfa288b0cce5ebcd2c18f3d75df9dd6f31de,historical_reused
0.1,0.2,0.05,raw,equal_shots,100000,False,False,3100000,100000,results/stage6_followup_v1/measurements/f30eb71eb10fd2d12b6eb43c6e02d10caf41bedfd39e0af21b2c80e045496299.npz,365e1d526540ae96ccdf15b17760cb255c320d9b196fed486db411735e380c73,f30eb71eb10fd2d12b6eb43c6e02d10caf41bedfd39e0af21b2c80e045496299,historical_reused
0.1,0.2,0.05,zne_quadratic,equal_shots,100000,False,False,9299938,100000,results/stage6_followup_v1/measurements/e528d2ba86689a31d63d983c8cdaa1a36bad64e7a601c5d9420ddc9679f85b63.npz,37070ec6bf641619901c752c4bb6699c3267ce3a83a18976af75cc1c9c1b9c69,e528d2ba86689a31d63d983c8cdaa1a36bad64e7a601c5d9420ddc9679f85b63,historical_reused
0.1,0.2,0.05,sv,equal_shots,100000,False,False,3100000,100000,results/stage6_followup_v1/measurements/f3088f9924f04a9af683521040fb64d7cb9f83c8246a1e675c190e21fbbcaa67.npz,182b6ddbdb60fa5b18681d982ee4ece62de358d253de2a6582d98f1beec06049,f3088f9924f04a9af683521040fb64d7cb9f83c8246a1e675c190e21fbbcaa67,historical_reused
0.1,0.2,0,raw,equal_gate,100000,True,False,3100000,100000,results/stage6_followup_v1/measurements/87095f4fb3c8a67b26aad36c963b8d20065a04cffab0de2786b486aa4cb04ce0.npz,ad03955bece221a4550f89133c7daf0328c8e4bb3faaa7a09661c6b23a1c116a,87095f4fb3c8a67b26aad36c963b8d20065a04cffab0de2786b486aa4cb04ce0,newly_executed
0.1,0.2,0,zne_quadratic,equal_gate,100000,True,False,3100000,33334,results/stage6_followup_v1/measurements/d3255b10c4d19ab5910e4274046d3e1f912846a4ee3ebac9fed9b9c987734a5b.npz,8d47fc95bbe8557b78b805406db66c829d81d81cafff4669fecf1e66756e472a,d3255b10c4d19ab5910e4274046d3e1f912846a4ee3ebac9fed9b9c987734a5b,newly_executed
0.1,0.2,0,sv,equal_gate,100000,True,False,3100000,100000,results/stage6_followup_v1/measurements/326b45e27a646c313bdf93463e3d24621dd2d958d06c084fc4efa38caf2eb276.npz,96682b3780fff7ca0f95e554f53df801a8cd71ab7ddb142b289b1f5eb5cb96fd,326b45e27a646c313bdf93463e3d24621dd2d958d06c084fc4efa38caf2eb276,newly_executed
0.1,0.2,0.01,raw,equal_gate,100000,True,False,3100000,100000,results/stage6_followup_v1/measurements/d7046c7872c7b861ada3c69f6ba6c004643cac0dd4afd3634c0b7974a62773b7.npz,2f7a79d4e4576e02d8ab2e81a9f6a1e2cd396c88468309b3b60a6b75269df9bf,d7046c7872c7b861ada3c69f6ba6c004643cac0dd4afd3634c0b7974a62773b7,newly_executed
0.1,0.2,0.01,zne_quadratic,equal_gate,100000,True,False,3100000,33334,results/stage6_followup_v1/measurements/1cdfe00fad56ccb02780bca14f9c1e3c0db9397ad5d6b5dde84aa9d36d404b0f.npz,b59e225d4013692c62e705d14782606d6defb29e4d8e0f18200fc22ba5b63fbf,1cdfe00fad56ccb02780bca14f9c1e3c0db9397ad5d6b5dde84aa9d36d404b0f,newly_executed
0.1,0.2,0.01,sv,equal_gate,100000,True,False,3100000,100000,results/stage6_followup_v1/measurements/5dedf3c0794dc17b528a3cc625872d51ceeb7052de6f197dca31e3ab3601f143.npz,2028f6b11bc168b7e128424f5de77ccad0638f9794ad3a14ad1423dc44dc40ed,5dedf3c0794dc17b528a3cc625872d51ceeb7052de6f197dca31e3ab3601f143,newly_executed
0.1,0.2,0.05,raw,equal_gate,100000,True,False,3100000,100000,results/stage6_followup_v1/measurements/083cc06007f71addbbbdedb676002966b01bccd234da2a3dfac0bdb338a353c5.npz,4c377e3a0f8633a49c366d23fc19f5c23cd0abfd4fdc599bbe5002db48565daf,083cc06007f71addbbbdedb676002966b01bccd234da2a3dfac0bdb338a353c5,newly_executed
0.1,0.2,0.05,zne_quadratic,equal_gate,100000,True,False,3100000,33334,results/stage6_followup_v1/measurements/efd27e16d66ecbd850f6655e3103fe2a0b7933139d52b0790fa3c458580d2dd4.npz,8c226585e9307d72e99a1b1f690a83beb40181e2cb540c0689115264ee69e311,efd27e16d66ecbd850f6655e3103fe2a0b7933139d52b0790fa3c458580d2dd4,newly_executed
0.1,0.2,0.05,sv,equal_gate,100000,True,False,3100000,100000,results/stage6_followup_v1/measurements/5e6a8dab48561657149fe6a194c87ce8f30c3e9ba2fc5b653959ca7c1f734366.npz,af6bcc78528b62756bccec9b391c43ea96af27f7ee09052b4e474d25e265484c,5e6a8dab48561657149fe6a194c87ce8f30c3e9ba2fc5b653959ca7c1f734366,newly_executed
0.1,0.2,0,raw,equal_gate,300000,True,False,9299938,299998,results/stage6_followup_v1/measurements/a5f68c9a4bfb3e417d0c280bdd856b538f448c013d4b7b61382b7317f86146a9.npz,172b18db0cea6dee1e3946d2a26f197623e5bbebd754d2cd99c79f479d94a82b,a5f68c9a4bfb3e417d0c280bdd856b538f448c013d4b7b61382b7317f86146a9,newly_executed
0.1,0.2,0,zne_quadratic,equal_gate,300000,True,False,9299938,100000,results/stage6_followup_v1/measurements/8e546e478a0763871ff1e98ac6fccae111dc0ca5e2e11383963601e051fa1e61.npz,94aef564c85c9f52ef85c093aef82e8e740cab0a3670a01ab2cc2e997d2caf33,8e546e478a0763871ff1e98ac6fccae111dc0ca5e2e11383963601e051fa1e61,newly_executed
0.1,0.2,0,sv,equal_gate,300000,True,False,9299938,299998,results/stage6_followup_v1/measurements/384ff5bfe17424670f869ad987b4fb7ea729f966fb31cf1d24b72e7dd707fc85.npz,3a82aa59ca9ad3dcdf4300d44883b049600e76f4876a34f9fc3a7ed55615d5ff,384ff5bfe17424670f869ad987b4fb7ea729f966fb31cf1d24b72e7dd707fc85,newly_executed
0.1,0.2,0.01,raw,equal_gate,300000,True,False,9299938,299998,results/stage6_followup_v1/measurements/50f4bc23a436287e0640a4683b3478b8b0ab3ad204b8e69526b1616525be088e.npz,71af006da25b7556e96cc6f34be563d1201d03b813c79a50e37648d2a0f57aa2,50f4bc23a436287e0640a4683b3478b8b0ab3ad204b8e69526b1616525be088e,newly_executed
0.1,0.2,0.01,zne_quadratic,equal_gate,300000,True,False,9299938,100000,results/stage6_followup_v1/measurements/34ae0f58506cd1d1eb176bea00892f67cd1fc145c811ca64abf2e66b6ac90499.npz,7888da75171e85898bb52abc848f14a9b7fad8c41f36d14ba71ca056cfb75e51,34ae0f58506cd1d1eb176bea00892f67cd1fc145c811ca64abf2e66b6ac90499,newly_executed
0.1,0.2,0.01,sv,equal_gate,300000,True,False,9299938,299998,results/stage6_followup_v1/measurements/ce84718eefa92f77c3f3f7d9a8fc64835655892afe9da8a8bf349c3f4e4843f4.npz,76a2db0699eeb4aa0e40de7c5e7b16feddf57aa94df191c660afa2dfee624ffb,ce84718eefa92f77c3f3f7d9a8fc64835655892afe9da8a8bf349c3f4e4843f4,newly_executed
0.1,0.2,0.05,raw,equal_gate,300000,True,False,9299938,299998,results/stage6_followup_v1/measurements/f7c4599ee28151e6e544dcaf00c9bdb0e931dd1a828dcac888b673cf0a090081.npz,bab02b33622dba6b9aacecf38f2273ff59c0248cad2aad297a14e53c4b31a73c,f7c4599ee28151e6e544dcaf00c9bdb0e931dd1a828dcac888b673cf0a090081,newly_executed
0.1,0.2,0.05,zne_quadratic,equal_gate,300000,True,False,9299938,100000,results/stage6_followup_v1/measurements/66e878802c44e8ca6df8e3fd124b790cfaf34934102e573840484f167a13303a.npz,8bc56b358cbd4550b7cb2a566ddb0936c99f455ac97125408ef5dc2b5338dcf7,66e878802c44e8ca6df8e3fd124b790cfaf34934102e573840484f167a13303a,newly_executed
0.1,0.2,0.05,sv,equal_gate,300000,True,False,9299938,299998,results/stage6_followup_v1/measurements/a5ba28c51130184a6ea9ac50bdd7d135e01b9035b5211832753d9a73e7ac4725.npz,dcae371315fa8df239f3da74c14b2debc0af569e15b8bc210d827982ac260627,a5ba28c51130184a6ea9ac50bdd7d135e01b9035b5211832753d9a73e7ac4725,newly_executed
0.3,0.1,0,raw,equal_shots,100000,False,False,3100000,100000,results/stage6_followup_v1/measurements/76828833913397805465f3a337744794f6d525b5df1914c33f55e0eac9a0efe6.npz,d34a3ff8ea6c566088f95076e429c83f4bfc4299dbf87a675fccc2b2ea30042f,76828833913397805465f3a337744794f6d525b5df1914c33f55e0eac9a0efe6,historical_reused
0.3,0.1,0,zne_quadratic,equal_shots,100000,False,False,9299938,100000,results/stage6_followup_v1/measurements/26f65abbfeec1fb939172b36eb07f3504ebf2814cd60bd618a855559f9426428.npz,04a530dff2611001c5ccc1603df7e9954de684a4516ea604950ac194cfb48cfc,26f65abbfeec1fb939172b36eb07f3504ebf2814cd60bd618a855559f9426428,historical_reused
0.3,0.1,0,sv,equal_shots,100000,False,False,3100000,100000,results/stage6_followup_v1/measurements/f111dd510f4d9786e1ba34b4eaa0160f669b7c4181d0f8c045890f4ff8d89792.npz,c3f4898922315d09d93a07d83e8374d13a859e7fab0ba3627d1c2d992eb85147,f111dd510f4d9786e1ba34b4eaa0160f669b7c4181d0f8c045890f4ff8d89792,historical_reused
0.3,0.1,0.01,raw,equal_shots,100000,False,False,3100000,100000,results/stage6_followup_v1/measurements/d7000b236a7dad5d25247a507c2f3b47139ab876bea596fa577c55de41d93498.npz,036be4caa98193f86e6a124e8ae2b7adff8aa1ef57625ff556f38601fd7fcc8a,d7000b236a7dad5d25247a507c2f3b47139ab876bea596fa577c55de41d93498,historical_reused
0.3,0.1,0.01,zne_quadratic,equal_shots,100000,False,False,9299938,100000,results/stage6_followup_v1/measurements/97884e36d28718d4ae62b6c1f61df47e86fa4e38108c5d05fc97574cac9c232b.npz,e8804337cbd54aecb8adaf206001376049e11bcda9df2e2e9382eb3adc6603d8,97884e36d28718d4ae62b6c1f61df47e86fa4e38108c5d05fc97574cac9c232b,historical_reused
0.3,0.1,0.01,sv,equal_shots,100000,False,False,3100000,100000,results/stage6_followup_v1/measurements/29989958c9cb0d5503a3b21da108ef57028ba2a7b5ff2784ceed4456806e50f1.npz,edaccf10c5f172047f576012d2d1c80dd77bb71247e27b388b69d1a474140873,29989958c9cb0d5503a3b21da108ef57028ba2a7b5ff2784ceed4456806e50f1,historical_reused
0.3,0.1,0.05,raw,equal_shots,100000,False,False,3100000,100000,results/stage6_followup_v1/measurements/a110a6737f87dd300eb14a363a523c31c2bdf4fe77e0b803c5f220e325526b64.npz,db4f4e91f9d1da8f237ecb2cb7628fc73e8ada67e1ec7b89dac9f7ff068289b4,a110a6737f87dd300eb14a363a523c31c2bdf4fe77e0b803c5f220e325526b64,historical_reused
0.3,0.1,0.05,zne_quadratic,equal_shots,100000,False,False,9299938,100000,results/stage6_followup_v1/measurements/1978f91129bfea1bf28b469fc1d31aed7e51d37967253032aef47afe33d9a53d.npz,9be5024f6dd78e6d1735f508772ea4d11952f16bc7fc02d6b069fd9b4ede3182,1978f91129bfea1bf28b469fc1d31aed7e51d37967253032aef47afe33d9a53d,historical_reused
0.3,0.1,0.05,sv,equal_shots,100000,False,False,3100000,100000,results/stage6_followup_v1/measurements/0134a494ba5a9e53f41c02d5f4a437980050c87b9e3078fe534165741ce1b170.npz,68169c0927f8bb472ae936b37a62be8924cbbef191431a6fba35e1ccfa15f071,0134a494ba5a9e53f41c02d5f4a437980050c87b9e3078fe534165741ce1b170,historical_reused
0.3,0.1,0,raw,equal_gate,100000,True,False,3100000,100000,results/stage6_followup_v1/measurements/9c4cec955e27c8bd16235524b51a957b562e414a3c053ec62ba8758d7292615f.npz,e603fff0a478fad0733ed5a67fc170dd74661781a23d784ecce9129ee3c275ea,9c4cec955e27c8bd16235524b51a957b562e414a3c053ec62ba8758d7292615f,newly_executed
0.3,0.1,0,zne_quadratic,equal_gate,100000,True,False,3100000,33334,results/stage6_followup_v1/measurements/6a86e8f8a58de716e3218222bc685565c95f7081140a7a45ac4069fdc4639fe3.npz,8a861b10c2a36971090adcb271e7741052ae18e7e72d63cfb3b36e51d9349c0e,6a86e8f8a58de716e3218222bc685565c95f7081140a7a45ac4069fdc4639fe3,newly_executed
0.3,0.1,0,sv,equal_gate,100000,True,False,3100000,100000,results/stage6_followup_v1/measurements/7ec1bd0b537aa794021bc62aeb81f341e6790121876c895586ff234b0f6591ff.npz,32b77ced262f9556567f3f724c1738db2338ed55a160185f3df65c74c20ae7a5,7ec1bd0b537aa794021bc62aeb81f341e6790121876c895586ff234b0f6591ff,newly_executed
0.3,0.1,0.01,raw,equal_gate,100000,True,False,3100000,100000,results/stage6_followup_v1/measurements/7789463b01dc5f7fc3262db350ef6f6fa5473bec4708f66ee747507b9072439a.npz,1fd286f5c4442e478fcf6475312e79e2f1af46af768f847c18b8c53dcd0891a4,7789463b01dc5f7fc3262db350ef6f6fa5473bec4708f66ee747507b9072439a,newly_executed
0.3,0.1,0.01,zne_quadratic,equal_gate,100000,True,False,3100000,33334,results/stage6_followup_v1/measurements/164a0384caec1540ea24843526f054055d45fc94e836bb65ba7c5d8ae2ed4850.npz,b425a39e6e61e4bfe2bd36bcea250212039d443749fb3de34c8b87c5caaf4730,164a0384caec1540ea24843526f054055d45fc94e836bb65ba7c5d8ae2ed4850,newly_executed
0.3,0.1,0.01,sv,equal_gate,100000,True,False,3100000,100000,results/stage6_followup_v1/measurements/9a2622ebd5c6804d22e3adcc6a812c77ccebd4ac760f8f76c1d53859d08a1cac.npz,4faa8b01b425670cf5498131b34209f08a0b318f723a0893ff501ebb00983f54,9a2622ebd5c6804d22e3adcc6a812c77ccebd4ac760f8f76c1d53859d08a1cac,newly_executed
0.3,0.1,0.05,raw,equal_gate,100000,True,False,3100000,100000,results/stage6_followup_v1/measurements/5c77b061a223d0b572e45a0f44b4d4794930c47d72fa506d05d945dd78d1c347.npz,cdc6cc25e8f51c51169d5dfeead02dba3ea496a26af03449c331c71584efbd76,5c77b061a223d0b572e45a0f44b4d4794930c47d72fa506d05d945dd78d1c347,newly_executed
0.3,0.1,0.05,zne_quadratic,equal_gate,100000,True,False,3100000,33334,results/stage6_followup_v1/measurements/9e26148f71a8be5234be8470811264d1ed4c49661e1697323e79a95aa28d2f95.npz,2853837438222bbbaf4d0c9ad0e19326c5fe5bfb4b0b135cf93a4c29b8e8d7b8,9e26148f71a8be5234be8470811264d1ed4c49661e1697323e79a95aa28d2f95,newly_executed
0.3,0.1,0.05,sv,equal_gate,100000,True,False,3100000,100000,results/stage6_followup_v1/measurements/bac4bbfffccf1ba5000069ae8800199a9056f2473ed87a9b7da006978dfb0e01.npz,6cabe042aecf0ff788b4b9910d6dbc0ce43ed9fcb495614bb70b462b57876ffe,bac4bbfffccf1ba5000069ae8800199a9056f2473ed87a9b7da006978dfb0e01,newly_executed
0.3,0.1,0,raw,equal_gate,300000,True,False,9299938,299998,results/stage6_followup_v1/measurements/5ed4c3d6f1c25dd93382f3e43740509ff5663ff02d70a7833701e3c871ac5039.npz,37da6ff18b4dead22929ad0614c74a2975bb41cc71b79e97b8390a2f81c2ad29,5ed4c3d6f1c25dd93382f3e43740509ff5663ff02d70a7833701e3c871ac5039,newly_executed
0.3,0.1,0,zne_quadratic,equal_gate,300000,True,False,9299938,100000,results/stage6_followup_v1/measurements/ec8f392286dcda2110cccb16b3882331c4cb8b9e22b6112a394ac530ec006f70.npz,6db197b257672e0ca247aa9a92cc7a67b46239893aaa5f5ed0e3d3794da22fc9,ec8f392286dcda2110cccb16b3882331c4cb8b9e22b6112a394ac530ec006f70,newly_executed
0.3,0.1,0,sv,equal_gate,300000,True,False,9299938,299998,results/stage6_followup_v1/measurements/33137377f14dc5c569782c615e77e3077ee4c7bf10bfe60a9066bda2864fd3d9.npz,cf20542b1dbf4aa9b2c262c719f7263005c8c9c001a30fd4a4d0c5833a1da81a,33137377f14dc5c569782c615e77e3077ee4c7bf10bfe60a9066bda2864fd3d9,newly_executed
0.3,0.1,0.01,raw,equal_gate,300000,True,False,9299938,299998,results/stage6_followup_v1/measurements/38798023629db012e689e63b8c8dadfa9f4b1c3b4a9e3b7228e96d52db16a201.npz,7f7e1bb04e654af6922c03bb561b755572625a7ce2d4fef0685358fc8786d471,38798023629db012e689e63b8c8dadfa9f4b1c3b4a9e3b7228e96d52db16a201,newly_executed
0.3,0.1,0.01,zne_quadratic,equal_gate,300000,True,False,9299938,100000,results/stage6_followup_v1/measurements/03f6475a7cce6f1c4c80b5239fa88a58288ad4fe7fd54bfa8ef7147dc9f1b199.npz,b69d59e7b9ca7c4c74bb51fc23a799ba84cf9b3c706818f0aa3bce08628ffe6b,03f6475a7cce6f1c4c80b5239fa88a58288ad4fe7fd54bfa8ef7147dc9f1b199,newly_executed
0.3,0.1,0.01,sv,equal_gate,300000,True,False,9299938,299998,results/stage6_followup_v1/measurements/b07f12d437353e15eff60693dde11c4f1c74123767b5d40a7bbbd851d7750681.npz,ec5bfdf9a339ef82e32f50283da6320ff983e8ccf23eb75ac7f28ce68949efad,b07f12d437353e15eff60693dde11c4f1c74123767b5d40a7bbbd851d7750681,newly_executed
0.3,0.1,0.05,raw,equal_gate,300000,True,False,9299938,299998,results/stage6_followup_v1/measurements/0cc91263d333e2ebc2f7145a0792266617913276814bfbe0262a45f1184c26d7.npz,98adbe994acc244b5abd0f352499784cc424e1656bcc2ecaacbc5f08a97e6c8f,0cc91263d333e2ebc2f7145a0792266617913276814bfbe0262a45f1184c26d7,newly_executed
0.3,0.1,0.05,zne_quadratic,equal_gate,300000,True,False,9299938,100000,results/stage6_followup_v1/measurements/a4e6218a269a9f7bb2d5960ff357fd88918e7566c3c8ebcebb09952b2ba3b0f8.npz,55ef090f45377c284eae4d624ff45c16827ec47834c3d017c06fe60e174378f5,a4e6218a269a9f7bb2d5960ff357fd88918e7566c3c8ebcebb09952b2ba3b0f8,newly_executed
0.3,0.1,0.05,sv,equal_gate,300000,True,False,9299938,299998,results/stage6_followup_v1/measurements/8bea06c648b151d7afd1185acb67bc6aa034a94ccd54cae51ea3f390e7ba8fe8.npz,5b26ecfb3f0cf43927e18c5debd63b942d8572dfc63644553fe14e4336c518ab,8bea06c648b151d7afd1185acb67bc6aa034a94ccd54cae51ea3f390e7ba8fe8,newly_executed
0.4,1.8,0,raw,equal_shots,100000,False,False,9500000,100000,results/stage6_followup_v1/measurements/67c31d37f633a8b28d20e99f1a31e7cf357ed14c0d7d1b21e624392c7c34427a.npz,6e748063d1dc2a04e2927f885e5e07139ae5fcb6239377afdb0085d7e154e68d,67c31d37f633a8b28d20e99f1a31e7cf357ed14c0d7d1b21e624392c7c34427a,historical_reused
0.4,1.8,0,zne_quadratic,equal_shots,100000,False,False,28499810,100000,results/stage6_followup_v1/measurements/5362b9caa2fafa8e439b74844eb12b725afdb996cdbbb30610d611cb10591a70.npz,8ecdf4ce549b47ca9f728b41a3c56c3d0f4592b892273171b8a6cc47c0295684,5362b9caa2fafa8e439b74844eb12b725afdb996cdbbb30610d611cb10591a70,historical_reused
0.4,1.8,0,sv,equal_shots,100000,False,False,9500000,100000,results/stage6_followup_v1/measurements/cf000f1dae9694396d86488bd8005bd20207f6de6b6bf90be3d4d7feafc10f4c.npz,adda2e0cf5b82712fd80f8913405f89d6235fea04fcf7717a3815dc1095a9305,cf000f1dae9694396d86488bd8005bd20207f6de6b6bf90be3d4d7feafc10f4c,historical_reused
0.4,1.8,0.01,raw,equal_shots,100000,False,False,9500000,100000,results/stage6_followup_v1/measurements/345739ef76c225e233381bda7e4f417fca2079b0c9b5c02f275cded3fdb20989.npz,8c8becb3ed8a90dc4424d6313a0bdf8eefd3898219fe9b349eeaf37b2add5de2,345739ef76c225e233381bda7e4f417fca2079b0c9b5c02f275cded3fdb20989,historical_reused
0.4,1.8,0.01,zne_quadratic,equal_shots,100000,False,False,28499810,100000,results/stage6_followup_v1/measurements/ec66fd0ad109422080369aff90618e44e11dc2849363f98dd4d49347c41d768a.npz,e0e2a71f967a7dffe231e9ffd09f68447bf5a2d15bad5e4ac090c5b2dfd7509a,ec66fd0ad109422080369aff90618e44e11dc2849363f98dd4d49347c41d768a,historical_reused
0.4,1.8,0.01,sv,equal_shots,100000,False,False,9500000,100000,results/stage6_followup_v1/measurements/57d2349f78c781580d8f967e2bc6cfcfdeec6284bd604d249d4b49e9001cdfee.npz,8e24c15a46f40cc73a5b24bc2c53185de983ffb2c8ebace8370f774bef392fb1,57d2349f78c781580d8f967e2bc6cfcfdeec6284bd604d249d4b49e9001cdfee,historical_reused
0.4,1.8,0.05,raw,equal_shots,100000,False,False,9500000,100000,results/stage6_followup_v1/measurements/63a4953873a054e142abe873cfeac60e60938e161c66d10b820573171f95e0fd.npz,3d584f7738765dda51e86c077555a733ea81f3bc397665ab3be2f7df39735e11,63a4953873a054e142abe873cfeac60e60938e161c66d10b820573171f95e0fd,historical_reused
0.4,1.8,0.05,zne_quadratic,equal_shots,100000,False,False,28499810,100000,results/stage6_followup_v1/measurements/656a26bb135c4c2838724b5936e545a63ddffe757a26b7eb2f89542c74987be3.npz,e7454c195e6d10c53954b91f6a9e627341a9129cc2591fa505371f546007cfe0,656a26bb135c4c2838724b5936e545a63ddffe757a26b7eb2f89542c74987be3,historical_reused
0.4,1.8,0.05,sv,equal_shots,100000,False,False,9500000,100000,results/stage6_followup_v1/measurements/57fc9b538851fc1055a87575f937e67fff0bec2723a0fb9ae68aec5c481e423a.npz,5831f7f844a6ed1b28b6e52bd3e0ca4fdd84723f48d62a9c7711dcdf7335370e,57fc9b538851fc1055a87575f937e67fff0bec2723a0fb9ae68aec5c481e423a,historical_reused
0.4,1.8,0,raw,equal_gate,100000,True,False,9500000,100000,results/stage6_followup_v1/measurements/dca7089c3c23eaea190107527daea5fe33b00d1da1e0d4f7aae3f8c4ae858c73.npz,8dd54527de7ac6ebdc5525fd252bcdde50648a13173c7d5ae3668da4a5608b65,dca7089c3c23eaea190107527daea5fe33b00d1da1e0d4f7aae3f8c4ae858c73,newly_executed
0.4,1.8,0,zne_quadratic,equal_gate,100000,True,False,9500000,33334,results/stage6_followup_v1/measurements/0ba8c4b312417362a3b3629beeba09952f03686982b99a99fac8e760952d0ffd.npz,7bb0cb95eb7f1e66535d2a5c64412caa5eba4f665d4255cb8bbec5422192d28f,0ba8c4b312417362a3b3629beeba09952f03686982b99a99fac8e760952d0ffd,newly_executed
0.4,1.8,0,sv,equal_gate,100000,True,False,9500000,100000,results/stage6_followup_v1/measurements/36fce3ad30b3a8dee39387e4e27a485ae2cdbc04df46c0637681ae1623d70d10.npz,03b36c0df6d09884af8f8b2ae5d60e4b94d9724d3e47bbce233559f795ce9d13,36fce3ad30b3a8dee39387e4e27a485ae2cdbc04df46c0637681ae1623d70d10,newly_executed
0.4,1.8,0.01,raw,equal_gate,100000,True,False,9500000,100000,results/stage6_followup_v1/measurements/a48bcfa73db9c65a58e416e54325097e19661e3c1c59f22bdfc4e429aefd5d50.npz,f2fc3972a0022094836939bb770afc1453ceb75e4c9d3fb9748fe84acf5ae88a,a48bcfa73db9c65a58e416e54325097e19661e3c1c59f22bdfc4e429aefd5d50,newly_executed
0.4,1.8,0.01,zne_quadratic,equal_gate,100000,True,False,9500000,33334,results/stage6_followup_v1/measurements/1bedf078b0e2662a97e976a400434980e89074f9191a054825e9c5c0572a5e76.npz,222ceaed0b2ee5dd049ec12d6dbf9c91480e4e911b2239adc2d8e571e130946e,1bedf078b0e2662a97e976a400434980e89074f9191a054825e9c5c0572a5e76,newly_executed
0.4,1.8,0.01,sv,equal_gate,100000,True,False,9500000,100000,results/stage6_followup_v1/measurements/17a680fac166a6057dc82e54f4d947a74ba6226ca4eda5945536c383fd4835d3.npz,a55043a3bd3542c4deca0f7c59a82168ee0bd09b775f260f24b6439483e6a4de,17a680fac166a6057dc82e54f4d947a74ba6226ca4eda5945536c383fd4835d3,newly_executed
0.4,1.8,0.05,raw,equal_gate,100000,True,False,9500000,100000,results/stage6_followup_v1/measurements/23490bc8d4746d815eb825299300e71d7a27bec8198f475545743b8d11b5d852.npz,94a17f801caf36aa88d9a50388776224c9960656099681f5f764079ce2992a51,23490bc8d4746d815eb825299300e71d7a27bec8198f475545743b8d11b5d852,newly_executed
0.4,1.8,0.05,zne_quadratic,equal_gate,100000,True,False,9500000,33334,results/stage6_followup_v1/measurements/06d766eca8c4f1abd2b88d053dae23803db2302851da8fb0b4d988e34b1f4851.npz,b29a95a2d457176d0c4e2f04e9e7f124e25af7b520d93268a4757925c3551f0f,06d766eca8c4f1abd2b88d053dae23803db2302851da8fb0b4d988e34b1f4851,newly_executed
0.4,1.8,0.05,sv,equal_gate,100000,True,False,9500000,100000,results/stage6_followup_v1/measurements/ec5da8d057539ac281c9aaee117b5cb308644dc461e244bd7b2eba83ea66ad6c.npz,df7bea863a1d5d0136e00ff88b4b80bdcbc991d394411652feaad637b3e3c966,ec5da8d057539ac281c9aaee117b5cb308644dc461e244bd7b2eba83ea66ad6c,newly_executed
0.4,1.8,0,raw,equal_gate,300000,True,False,28499810,299998,results/stage6_followup_v1/measurements/683e347e9042c803c6c569580856892452d5afdad4b32ee3218b072e9502a6cc.npz,3b92f44b75b195fe10160068b24ddfee3c83208c43fceab6cd7ab97176eebb21,683e347e9042c803c6c569580856892452d5afdad4b32ee3218b072e9502a6cc,newly_executed
0.4,1.8,0,zne_quadratic,equal_gate,300000,True,False,28499810,100000,results/stage6_followup_v1/measurements/732855c2cbcfb445b4f55976b9a83a40e652c757e500a0fd1771441c9063f903.npz,5d6b7c9f8c4097fe1a7bea23199962154ada23243c6d5b57ed3881cd9de0e92a,732855c2cbcfb445b4f55976b9a83a40e652c757e500a0fd1771441c9063f903,newly_executed
0.4,1.8,0,sv,equal_gate,300000,True,False,28499810,299998,results/stage6_followup_v1/measurements/9a62452e17f6142e2c712b5490bf07ab8f89da2237cdfef10dad6551a5f92b42.npz,cd33212e2fba64b7d58486522a3e1f7bf8e916f04565d453a0bf8817200734fa,9a62452e17f6142e2c712b5490bf07ab8f89da2237cdfef10dad6551a5f92b42,newly_executed
0.4,1.8,0.01,raw,equal_gate,300000,True,False,28499810,299998,results/stage6_followup_v1/measurements/ae6fd1a2eb7e7df3ea43019e36022f66ae5f469021670de68adffad5d986b0d2.npz,e596d02dd894cd3fd2a49aee7e6895c64f707745a88f7369431fbcfd3378bd5b,ae6fd1a2eb7e7df3ea43019e36022f66ae5f469021670de68adffad5d986b0d2,newly_executed
0.4,1.8,0.01,zne_quadratic,equal_gate,300000,True,False,28499810,100000,results/stage6_followup_v1/measurements/4615f638a96f302775f92437b63e8af0f6cbcde799b37e76b626588f12bef091.npz,541c0d03bc08836ee559474aa41bb7d6f9aebb9b6a3fce153edd810c6fbea350,4615f638a96f302775f92437b63e8af0f6cbcde799b37e76b626588f12bef091,newly_executed
0.4,1.8,0.01,sv,equal_gate,300000,True,False,28499810,299998,results/stage6_followup_v1/measurements/b93762a981bbfc4f430add1e45f6a60c87c64fe9a82a7b737612e6295f01e0a6.npz,e3a5c8ec6f582e03fd30c0510644c999fb87813f8e60768e6035f0db2b93f96d,b93762a981bbfc4f430add1e45f6a60c87c64fe9a82a7b737612e6295f01e0a6,newly_executed
0.4,1.8,0.05,raw,equal_gate,300000,True,False,28499810,299998,results/stage6_followup_v1/measurements/256ecdae5f7505ad8ae9fd6d76eebda6e6385cab0566b32da7329fe553acbc51.npz,3cbe6b4db06f7a424a9d40f041ee676240fd29df310f1853ca865db1d50bfd58,256ecdae5f7505ad8ae9fd6d76eebda6e6385cab0566b32da7329fe553acbc51,newly_executed
0.4,1.8,0.05,zne_quadratic,equal_gate,300000,True,False,28499810,100000,results/stage6_followup_v1/measurements/af80a15891ad26e5adb8d2cbf06bee53e6e30ba99488664363e20e299b3bf922.npz,487bd8f0ede5be5793f11ea3fa25185d0d623708b6b45b5cddef38b2d9419179,af80a15891ad26e5adb8d2cbf06bee53e6e30ba99488664363e20e299b3bf922,newly_executed
0.4,1.8,0.05,sv,equal_gate,300000,True,False,28499810,299998,results/stage6_followup_v1/measurements/c54a724872eaa1123e42025c0303a85065674200416cf4afd1e0e3d4ad1db7c1.npz,9bc7114188b17206b2c21c17030cc4a8256f772862b9d40ea605bfc8fdecb638,c54a724872eaa1123e42025c0303a85065674200416cf4afd1e0e3d4ad1db7c1,newly_executed
0.425,0.02,0,raw,equal_shots,100000,False,False,1500000,100000,results/stage6_followup_v1/measurements/36b4e3c9843469dda613658672bff7199e2c21ead7fd4c0ee877d26677d85da1.npz,11121f9c6b23a8e5b77d9eca7d3d14732d7282195a6b6b97132c88db4694c0b7,36b4e3c9843469dda613658672bff7199e2c21ead7fd4c0ee877d26677d85da1,historical_reused
0.425,0.02,0,zne_quadratic,equal_shots,100000,False,False,4499970,100000,results/stage6_followup_v1/measurements/a227529419c1e50a0a1d577b3d9894b6e9a27997735e43958e0db77ecb67bef1.npz,7ea31d71d5801969f575dd98db802d09e04159d73e9563d1fdf315fb40b03886,a227529419c1e50a0a1d577b3d9894b6e9a27997735e43958e0db77ecb67bef1,historical_reused
0.425,0.02,0,sv,equal_shots,100000,False,False,1500000,100000,results/stage6_followup_v1/measurements/74a0b8ef2b1f5309609e8c3307950b575b136d7aeb214ea2124bf22e143f56a8.npz,be3e86255c82f2f3a1ca222acaf265c69a4da533629fe82b03d18da00f5cabac,74a0b8ef2b1f5309609e8c3307950b575b136d7aeb214ea2124bf22e143f56a8,historical_reused
0.425,0.02,0.01,raw,equal_shots,100000,False,False,1500000,100000,results/stage6_followup_v1/measurements/8a03667e3a4ab0e2d8654be7a44089a549fb03c10f59f50cbdc07bcdf712b3a9.npz,e823f4063a1fa3dee062dfa6a02eefb69d133d7592d84fa75fd640179bcc6892,8a03667e3a4ab0e2d8654be7a44089a549fb03c10f59f50cbdc07bcdf712b3a9,historical_reused
0.425,0.02,0.01,zne_quadratic,equal_shots,100000,False,False,4499970,100000,results/stage6_followup_v1/measurements/235698b3c40199ad7f165f96f6555aafb552c8baab39e5b148488214b4df65c6.npz,f5acb50e73bb538f3c20b90de89545d0bd5b28fe6ddfd9067cebb18168257248,235698b3c40199ad7f165f96f6555aafb552c8baab39e5b148488214b4df65c6,historical_reused
0.425,0.02,0.01,sv,equal_shots,100000,False,False,1500000,100000,results/stage6_followup_v1/measurements/61f9295935b5a09e9ac6166499a8e7f07d518299edbd9bac2ebf82a7ef0edcd3.npz,0a936845fc8c24dda5e651f29840bc20e81d02d2a3fa7a1b9aa827013ed553ce,61f9295935b5a09e9ac6166499a8e7f07d518299edbd9bac2ebf82a7ef0edcd3,historical_reused
0.425,0.02,0.05,raw,equal_shots,100000,False,False,1500000,100000,results/stage6_followup_v1/measurements/a900342f685a7683c7ad34ca82ab055f2a8eab1e004d32da690f1831b5b73491.npz,ffac14946873f14049c6b6be5b4b879f04a4d9bd521a7aea0a50334be21d931f,a900342f685a7683c7ad34ca82ab055f2a8eab1e004d32da690f1831b5b73491,historical_reused
0.425,0.02,0.05,zne_quadratic,equal_shots,100000,False,False,4499970,100000,results/stage6_followup_v1/measurements/54e4a73ac8ca97d50b658ba47dab69f9cc93be524abb86252b8def45fbbd10fd.npz,eb4d7fc22c7bd44f57559b4485051dd8a6c6bd27f495af068258d795e72cdebc,54e4a73ac8ca97d50b658ba47dab69f9cc93be524abb86252b8def45fbbd10fd,historical_reused
0.425,0.02,0.05,sv,equal_shots,100000,False,False,1500000,100000,results/stage6_followup_v1/measurements/db4b7a9a80790a4386abb029c1c5e3eafd4580a79696141f445d634896108cbf.npz,c015d13aada34be42e104e4d57f38bd11b4f0a292ac412b3af5530f072fd18ea,db4b7a9a80790a4386abb029c1c5e3eafd4580a79696141f445d634896108cbf,historical_reused
0.425,0.02,0,raw,equal_gate,100000,True,False,1500000,100000,results/stage6_followup_v1/measurements/65932ade849a455f5309a25d9ebadca37272c12cd4c2ad9ac7c6868fcccbc387.npz,f2ec1a72935abceead737b884aefd248a5b44f94a85d136db975723780e0bdb5,65932ade849a455f5309a25d9ebadca37272c12cd4c2ad9ac7c6868fcccbc387,newly_executed
0.425,0.02,0,zne_quadratic,equal_gate,100000,True,False,1500000,33334,results/stage6_followup_v1/measurements/4b2b9ce18ff08382b8fd9c5b09c968662f485ba0d28524577e01ba4277349c5f.npz,4e24a2f6769d0aaec10ec1c691dc4d84e7bc77371e383657e901472fce1f9817,4b2b9ce18ff08382b8fd9c5b09c968662f485ba0d28524577e01ba4277349c5f,newly_executed
0.425,0.02,0,sv,equal_gate,100000,True,False,1500000,100000,results/stage6_followup_v1/measurements/280da55f8be04008022b27784806f9557d64b877625014f543f0ad6ef2c75628.npz,ca5cc732148119bd17126336692e68e0a038c6086d96e2e7eb312b868bb35040,280da55f8be04008022b27784806f9557d64b877625014f543f0ad6ef2c75628,newly_executed
0.425,0.02,0.01,raw,equal_gate,100000,True,False,1500000,100000,results/stage6_followup_v1/measurements/643c2098169c47f08a3d0bd66677fdc2d4dc383b39a3138dbd4e7c3e06243d37.npz,cc4632ae6cdfa64362b2f99c005d51fde6088f98b8e1ae64583fb0ca4edd61f9,643c2098169c47f08a3d0bd66677fdc2d4dc383b39a3138dbd4e7c3e06243d37,newly_executed
0.425,0.02,0.01,zne_quadratic,equal_gate,100000,True,False,1500000,33334,results/stage6_followup_v1/measurements/fe67c8a3b93e60ca8f3f980e8d21d82c7845d64464517fabe8dd22df2b98027c.npz,69c7e9dca6fece8fafe82f7eb9f114e73106b6a30b2ff1cbce8780a141db1e2b,fe67c8a3b93e60ca8f3f980e8d21d82c7845d64464517fabe8dd22df2b98027c,newly_executed
0.425,0.02,0.01,sv,equal_gate,100000,True,False,1500000,100000,results/stage6_followup_v1/measurements/f0725f561aa3f80c35e5659555abad26696b5c8d89e6b50981fc6d63f8541ca4.npz,bad0b57d14fdf3a405c51a5c839ef7285c64094541eb9a5bb974ca913c8a98e2,f0725f561aa3f80c35e5659555abad26696b5c8d89e6b50981fc6d63f8541ca4,newly_executed
0.425,0.02,0.05,raw,equal_gate,100000,True,False,1500000,100000,results/stage6_followup_v1/measurements/5eca091a14dd9d58d2cac42d6da7c837581702aa0fba32e2f4a57d1683423f9f.npz,bbe2c3b0ae682db97d1e419c0adfb0ec043694302d68f579745ea7eb571691fc,5eca091a14dd9d58d2cac42d6da7c837581702aa0fba32e2f4a57d1683423f9f,newly_executed
0.425,0.02,0.05,zne_quadratic,equal_gate,100000,True,False,1500000,33334,results/stage6_followup_v1/measurements/44d10b032e62c526887f35ec827969410980f8bed128d96e8e0ac490eec42fc4.npz,8978616737e34406c4bfcd0a812bb7d94fc169bc0994d3c08f0e68849704bbfb,44d10b032e62c526887f35ec827969410980f8bed128d96e8e0ac490eec42fc4,newly_executed
0.425,0.02,0.05,sv,equal_gate,100000,True,False,1500000,100000,results/stage6_followup_v1/measurements/27290a849a8e75a94644be423af7f821db21d6f90e38b8f011479541aea11cb2.npz,5a7e3a80e98ae5035fba4a69dd9bb7cb960f2669419cc763a055f7ffc7da6863,27290a849a8e75a94644be423af7f821db21d6f90e38b8f011479541aea11cb2,newly_executed
0.425,0.02,0,raw,equal_gate,300000,True,False,4499970,299998,results/stage6_followup_v1/measurements/6ea5f76e12d4eb68fb97b0de4d77c57a82d9f06db1486c35437621289a044957.npz,7c87520c78fd9b87ac250350d9b4e2c720c59065b28de9876e6f8e7d1a581a9b,6ea5f76e12d4eb68fb97b0de4d77c57a82d9f06db1486c35437621289a044957,newly_executed
0.425,0.02,0,zne_quadratic,equal_gate,300000,True,False,4499970,100000,results/stage6_followup_v1/measurements/ee316a2a7dbd3c12b01e6bf89e1dc6c9709e0c1bb6db1eec5cc4bbce7140aeb3.npz,22ffcc977bde6f4fd2434a69705b789d3359bda27d64900eaf8757692ef7c5e4,ee316a2a7dbd3c12b01e6bf89e1dc6c9709e0c1bb6db1eec5cc4bbce7140aeb3,newly_executed
0.425,0.02,0,sv,equal_gate,300000,True,False,4499970,299998,results/stage6_followup_v1/measurements/3ad889dcce8ae4bb678f91701ef2a9bc1b9fb5820fe4fa14ef6320e86f8517e1.npz,c736be3db7b3f3706ffc2da94fc452aa5893fd8a9f068f38565594e79823374b,3ad889dcce8ae4bb678f91701ef2a9bc1b9fb5820fe4fa14ef6320e86f8517e1,newly_executed
0.425,0.02,0.01,raw,equal_gate,300000,True,False,4499970,299998,results/stage6_followup_v1/measurements/ba40f8bfea3200ed79b9c2a90e9241b25c7f6e85664c126e24df71a23f0fd013.npz,5626e63321dd5a7196f2e234edd5158d12f2e21340dceb24a0d3fe6a4cb7842a,ba40f8bfea3200ed79b9c2a90e9241b25c7f6e85664c126e24df71a23f0fd013,newly_executed
0.425,0.02,0.01,zne_quadratic,equal_gate,300000,True,False,4499970,100000,results/stage6_followup_v1/measurements/88ba69121a849ae78b86fac7b0b27422fd8f298d0c21fe32a464ec4201e522fd.npz,7c84b9d60b1d8a1ae3e5645359a60f70a3f52e6f7c19e20d53c969d2d0c28a2a,88ba69121a849ae78b86fac7b0b27422fd8f298d0c21fe32a464ec4201e522fd,newly_executed
0.425,0.02,0.01,sv,equal_gate,300000,True,False,4499970,299998,results/stage6_followup_v1/measurements/f8d8afa845ffcb5f116dca0198b167b682d2026dd1cb5f3bb566ba207e6160e0.npz,c054cff8a1384a8753bd1fdde042ea990f06811e94aa656a45fb93375aaa997a,f8d8afa845ffcb5f116dca0198b167b682d2026dd1cb5f3bb566ba207e6160e0,newly_executed
0.425,0.02,0.05,raw,equal_gate,300000,True,False,4499970,299998,results/stage6_followup_v1/measurements/7fcc0ea5858e53b828cf11cd83d7391b8b5bf1692255a7087acd95cd3254f355.npz,4059ec68e9af770ad32bbd0fa2a7933a132d345ab2e9d552c7f1a2516b50b98b,7fcc0ea5858e53b828cf11cd83d7391b8b5bf1692255a7087acd95cd3254f355,newly_executed
0.425,0.02,0.05,zne_quadratic,equal_gate,300000,True,False,4499970,100000,results/stage6_followup_v1/measurements/237dc6059b41e5b5a4dbf4db13535bc96b2d1f74c3ff73e8be76f538e7414019.npz,e70c48534deef7d6abef8e592bcf722b029d65a24cf014147d396c4df04c556f,237dc6059b41e5b5a4dbf4db13535bc96b2d1f74c3ff73e8be76f538e7414019,newly_executed
0.425,0.02,0.05,sv,equal_gate,300000,True,False,4499970,299998,results/stage6_followup_v1/measurements/5c8091fd0d5ddb2e604247b1e1ccc5ad4e88203f91c2331cc39659509996d02d.npz,cced67d5845ac981144ccf4c77b046b9375d4c0729b7f0a6fe30d9c83b924b86,5c8091fd0d5ddb2e604247b1e1ccc5ad4e88203f91c2331cc39659509996d02d,newly_executed
0.45,0.15,0,raw,equal_shots,100000,False,False,12800000,100000,results/stage6_followup_v1/measurements/f514cc8ad20fd3a48099ec0fd5f13adbff43316892e3d444e2aecfbc12ff23e5.npz,a0e10d3b8c0f67eb8df12832f13f1691dfa3d1d62db92aeb88cc16baa2b13381,f514cc8ad20fd3a48099ec0fd5f13adbff43316892e3d444e2aecfbc12ff23e5,historical_reused
0.45,0.15,0,zne_quadratic,equal_shots,100000,False,False,38399744,100000,results/stage6_followup_v1/measurements/51eec6a7bcac92c093b7dcab15b38fc76b5e5ec18678fc1ac33c784496be3cdb.npz,118ed5f2b90ffffe78b5f3eb4f7263cf10d4234f65ab847174c3036cdcc0d0c2,51eec6a7bcac92c093b7dcab15b38fc76b5e5ec18678fc1ac33c784496be3cdb,historical_reused
0.45,0.15,0,sv,equal_shots,100000,False,False,12800000,100000,results/stage6_followup_v1/measurements/c632a47b7c78ea1e79ab0d77e38a8cdaab99f0642c008dfd1ede282ee7e314f7.npz,c689a3aaef4f84186b0ae4578303ea0a3d5de0fd940b88c54fb3c6bb5c59ff92,c632a47b7c78ea1e79ab0d77e38a8cdaab99f0642c008dfd1ede282ee7e314f7,historical_reused
0.45,0.15,0.01,raw,equal_shots,100000,False,False,12800000,100000,results/stage6_followup_v1/measurements/11811368573db1eda2c9cb1decc1a4caff1153fc552090373e2c2c52c76ea801.npz,192ab9ed8e6eb85bd8375feafec0183594c07b83b9d94271345934a70ec0d711,11811368573db1eda2c9cb1decc1a4caff1153fc552090373e2c2c52c76ea801,historical_reused
0.45,0.15,0.01,zne_quadratic,equal_shots,100000,False,False,38399744,100000,results/stage6_followup_v1/measurements/91b63d47c2cc41a25ce053d6762558b5e2f735196ad0245cd6e546ff57aac9f0.npz,20bbd1dbeaa6bd4b5edaa23eff72277802ed94aecfde7339e2b356bd7827aafd,91b63d47c2cc41a25ce053d6762558b5e2f735196ad0245cd6e546ff57aac9f0,historical_reused
0.45,0.15,0.01,sv,equal_shots,100000,False,False,12800000,100000,results/stage6_followup_v1/measurements/ce751dbc2dd51281a7d6ba7c7c96b0f1baa396904943c1645fdb593e0fe5fcd1.npz,cbe8447bbd5b53880e030b6befb01d91556b122892f9f968cebf52984e45ea08,ce751dbc2dd51281a7d6ba7c7c96b0f1baa396904943c1645fdb593e0fe5fcd1,historical_reused
0.45,0.15,0.05,raw,equal_shots,100000,False,False,12800000,100000,results/stage6_followup_v1/measurements/993f923a5bfaebb0b2e369629f6b0d04a1362aea5dd7d57b6b4ab56f9218e20c.npz,8f4fb8502e222581b5553922401d70723f0d4bce9d929f30428c5ce8eb6e5fac,993f923a5bfaebb0b2e369629f6b0d04a1362aea5dd7d57b6b4ab56f9218e20c,historical_reused
0.45,0.15,0.05,zne_quadratic,equal_shots,100000,False,False,38399744,100000,results/stage6_followup_v1/measurements/e4b73a2e7197a39fb84fa4e2ef2e0e09a30adb6b8399a2c6c3749f3cbb784d62.npz,6bc2dbd75c7dd46eb50d102cb9137a1f326a2c28890b36eb545b780826300465,e4b73a2e7197a39fb84fa4e2ef2e0e09a30adb6b8399a2c6c3749f3cbb784d62,historical_reused
0.45,0.15,0.05,sv,equal_shots,100000,False,False,12800000,100000,results/stage6_followup_v1/measurements/5e69c21ca279650d24aa0a52c879fdbff650d1b0010a1c3eba9dfbf58e38e120.npz,94d1762a96642f3d0741570acdf06e5a7b47a01e02b0652ce8f33e4bb5c0613f,5e69c21ca279650d24aa0a52c879fdbff650d1b0010a1c3eba9dfbf58e38e120,historical_reused
0.45,0.15,0,raw,equal_gate,100000,True,False,12800000,100000,results/stage6_followup_v1/measurements/bb3472b6cbcb549b0908725fe1908fcdb0d991c435e92400823db09fb1750d20.npz,e2453ac211c6c48ca4e273f0413150f6e9e47e401eff19c6f4c80e7a94616cd6,bb3472b6cbcb549b0908725fe1908fcdb0d991c435e92400823db09fb1750d20,newly_executed
0.45,0.15,0,zne_quadratic,equal_gate,100000,True,False,12800000,33334,results/stage6_followup_v1/measurements/1ed6ea706890345d53bf4b6345828c5ad8e9885c42f21af88fc1e8250390db39.npz,4229d88ddc51ed75c7f6e2058372dec85cbc30a4101443448cce8bad86eb46d5,1ed6ea706890345d53bf4b6345828c5ad8e9885c42f21af88fc1e8250390db39,newly_executed
0.45,0.15,0,sv,equal_gate,100000,True,False,12800000,100000,results/stage6_followup_v1/measurements/50a9917df571930c071f3c444a3f56e0776d1e46ce004f665ceafb7efecc6a9f.npz,ae2c1f5963f9eb5e08d20d6d73ba2dadde60ac42266c68dfa6126cffb12caf68,50a9917df571930c071f3c444a3f56e0776d1e46ce004f665ceafb7efecc6a9f,newly_executed
0.45,0.15,0.01,raw,equal_gate,100000,True,False,12800000,100000,results/stage6_followup_v1/measurements/fc0c3dbace8ff044545c8ce39209beb0ae0ecd2bb83c3e18ce3fcd4c9738550c.npz,710fc61cd6f6c0753590aa36a5215cccfda8db37d6c682ef6648ebdcfc0f8dae,fc0c3dbace8ff044545c8ce39209beb0ae0ecd2bb83c3e18ce3fcd4c9738550c,newly_executed
0.45,0.15,0.01,zne_quadratic,equal_gate,100000,True,False,12800000,33334,results/stage6_followup_v1/measurements/fecf533f73951cb3846052a5b5e5595338266c20d773f9a640ccb47066ab463f.npz,e937be163cbb43e49f1a41e817b587aaa6af1d1c8677101f1bfa1fd1afae4258,fecf533f73951cb3846052a5b5e5595338266c20d773f9a640ccb47066ab463f,newly_executed
0.45,0.15,0.01,sv,equal_gate,100000,True,False,12800000,100000,results/stage6_followup_v1/measurements/334739f504a66ec447d7c63a03d88d862c27f7ead142f05a63c4a9b025353c57.npz,6808ae5dfdd138e1986adaf8f67030cb944b4e8a340e29769e8595348c9de958,334739f504a66ec447d7c63a03d88d862c27f7ead142f05a63c4a9b025353c57,newly_executed
0.45,0.15,0.05,raw,equal_gate,100000,True,False,12800000,100000,results/stage6_followup_v1/measurements/5c59969f93b24937b97d6e0d013958bd39caede36cb432291230276866b331d1.npz,70c95585d3b94a47ffb044d11c1e6f8c9d586ffe38ce28028bf6fc9c7d79388e,5c59969f93b24937b97d6e0d013958bd39caede36cb432291230276866b331d1,newly_executed
0.45,0.15,0.05,zne_quadratic,equal_gate,100000,True,False,12800000,33334,results/stage6_followup_v1/measurements/900bbdaa3b78ae876f59aab74c6702eab8315eb5861e515e507f47c604f45f63.npz,a3fb9011b5ee471027a0d5fcb89bec44c22c4af020024d4fff81d0a2ee74255a,900bbdaa3b78ae876f59aab74c6702eab8315eb5861e515e507f47c604f45f63,newly_executed
0.45,0.15,0.05,sv,equal_gate,100000,True,False,12800000,100000,results/stage6_followup_v1/measurements/406222e313a2ad9bef47fe2691b447ac642a9822901bdae1565a0cb14742c4e2.npz,30e011c294f2aa1aa583c11d308ce4da24583dda12e25407ca7ee27554f0eaf5,406222e313a2ad9bef47fe2691b447ac642a9822901bdae1565a0cb14742c4e2,newly_executed
0.45,0.15,0,raw,equal_gate,300000,True,False,38399744,299998,results/stage6_followup_v1/measurements/81057d60f64332723588952e2b942f9ffa2f0de37a8b77334ea0aeb035c6b42f.npz,749b2072cc3b5f94594df6411be8daffe685c70a81687a3520f46c291fdb3f20,81057d60f64332723588952e2b942f9ffa2f0de37a8b77334ea0aeb035c6b42f,newly_executed
0.45,0.15,0,zne_quadratic,equal_gate,300000,True,False,38399744,100000,results/stage6_followup_v1/measurements/1e44b67bffdc729495075828a2eb845b64b9ac3fd7196889b4f7104328bfa283.npz,81833364145509fa18c10384ff688be145c9e89886e03f4347289029fd7a38dd,1e44b67bffdc729495075828a2eb845b64b9ac3fd7196889b4f7104328bfa283,newly_executed
0.45,0.15,0,sv,equal_gate,300000,True,False,38399744,299998,results/stage6_followup_v1/measurements/c9d1aca216fc8bb7ddabb3c39c97f88d502d232d8f9b2d9216939064196e8577.npz,e43eb70590ebbecc895d25804ef31db5e6714fb07bb5d270db808be8950a0a0f,c9d1aca216fc8bb7ddabb3c39c97f88d502d232d8f9b2d9216939064196e8577,newly_executed
0.45,0.15,0.01,raw,equal_gate,300000,True,False,38399744,299998,results/stage6_followup_v1/measurements/6ae412f4fa09cccdecc8236adce054a44093a46c3bf2a90fa4035c7591c548c2.npz,850d8e8cfc1a1d4662ddb5edc45a8db1696ac61a6f24e4f92d5ebc792032a574,6ae412f4fa09cccdecc8236adce054a44093a46c3bf2a90fa4035c7591c548c2,newly_executed
0.45,0.15,0.01,zne_quadratic,equal_gate,300000,True,False,38399744,100000,results/stage6_followup_v1/measurements/21c0cf95ddab1297c8e220476ba5a74622bdf58f89c9478535613e7bb096b6fe.npz,5c720d05a3a3880fc8a68cbfa88405a32e42028e933a3e1bef9796046bb99d55,21c0cf95ddab1297c8e220476ba5a74622bdf58f89c9478535613e7bb096b6fe,newly_executed
0.45,0.15,0.01,sv,equal_gate,300000,True,False,38399744,299998,results/stage6_followup_v1/measurements/cc0ec6bcb16bb1e091f42537b3ffdd2b8a4326b23c86d13ceeb382a0382547a1.npz,39edbc88f49fa4cdacc8798c264a566b8b7a3ab8fbaca824edd011cf00be2423,cc0ec6bcb16bb1e091f42537b3ffdd2b8a4326b23c86d13ceeb382a0382547a1,newly_executed
0.45,0.15,0.05,raw,equal_gate,300000,True,False,38399744,299998,results/stage6_followup_v1/measurements/716eb2e28d8af947c0add56f1debba6edb916d3e8266ff88df1c2649400a231d.npz,c48c11c10d6804085145e1188cc4371626922486b926bac174648a84b57a0f14,716eb2e28d8af947c0add56f1debba6edb916d3e8266ff88df1c2649400a231d,newly_executed
0.45,0.15,0.05,zne_quadratic,equal_gate,300000,True,False,38399744,100000,results/stage6_followup_v1/measurements/aa6ad70de9c01ea60c987f07fd340aa34e8c6f6b368bac9b8421cafc12fa84e5.npz,8be3348c7798c415167f79aeec3375275026acab94603fb07bf4760f6c9ce488,aa6ad70de9c01ea60c987f07fd340aa34e8c6f6b368bac9b8421cafc12fa84e5,newly_executed
0.45,0.15,0.05,sv,equal_gate,300000,True,False,38399744,299998,results/stage6_followup_v1/measurements/0cc1886cca812900a27a52d09d0fa8181685d184f466f57112d0fe2d148296ae.npz,3558b07df1fd7f33630a3df8c6489dba4e465a94199e055feab02c789393b8a4,0cc1886cca812900a27a52d09d0fa8181685d184f466f57112d0fe2d148296ae,newly_executed
0.5,0.15,0,raw,equal_shots,100000,False,False,12800000,100000,results/stage6_followup_v1/measurements/324fd64d10b9808a0147f94ed9946b4029b84726e747bcd21b7792723a57cf34.npz,c8cde8db4f455ad6ad2a3b1de0152bc5263e276c49a9c99f30b08e6efcce7a1e,324fd64d10b9808a0147f94ed9946b4029b84726e747bcd21b7792723a57cf34,newly_executed
0.5,0.15,0,zne_quadratic,equal_shots,100000,False,False,38399744,100000,results/stage6_followup_v1/measurements/b42ad175aea946dd840ca31148f20c54b72dc1b5cb0594a34db713d61437cc81.npz,eac3f6271a9204273cd09fd4f04e9a89675ebb270d7f1720ede8477037d7d692,b42ad175aea946dd840ca31148f20c54b72dc1b5cb0594a34db713d61437cc81,newly_executed
0.5,0.15,0,sv,equal_shots,100000,False,False,12800000,100000,results/stage6_followup_v1/measurements/40664694739b37d77f92163900a53aa948b5205e8ff9d8a9902646cf38c77512.npz,16172e29f17c4b89d6f763604f6bbed6bd25e8a4bfc3084fa78ffc26215b5bf4,40664694739b37d77f92163900a53aa948b5205e8ff9d8a9902646cf38c77512,newly_executed
0.5,0.15,0.01,raw,equal_shots,100000,False,False,12800000,100000,results/stage6_followup_v1/measurements/28a21707e8f48b5eb4c09f14d143ad590515337e5a5f628cffee25f185e8eae0.npz,57e52a1b27f215d128d8698618fbcdd2240c01906536a8447c5d092a3f39f1ff,28a21707e8f48b5eb4c09f14d143ad590515337e5a5f628cffee25f185e8eae0,newly_executed
0.5,0.15,0.01,zne_quadratic,equal_shots,100000,False,False,38399744,100000,results/stage6_followup_v1/measurements/7c5aae59e45ec9c94094d977fa0957b0314a7473441bdd09cf37c53e1757abf4.npz,e999222fd66baed01d2c02fe40090f551d81351c5b88bcdd4514404688b67d8f,7c5aae59e45ec9c94094d977fa0957b0314a7473441bdd09cf37c53e1757abf4,newly_executed
0.5,0.15,0.01,sv,equal_shots,100000,False,False,12800000,100000,results/stage6_followup_v1/measurements/a485b9f95394f028d5b33b0b784335937ad55355e13656222b9a051a09069924.npz,952fa941f8d53b8ac1368cc5d702ebbf9ce6f84469af9af9aa9c3d0175460f9a,a485b9f95394f028d5b33b0b784335937ad55355e13656222b9a051a09069924,newly_executed
0.5,0.15,0.05,raw,equal_shots,100000,False,False,12800000,100000,results/stage6_followup_v1/measurements/282a4501f24d604fbf54d78b28bed13b1955c57a98af8af19197cdce8d2e52f1.npz,80879d5131751b820f974f6863a43d38607c7e3c12cb69fa65488a2d17220735,282a4501f24d604fbf54d78b28bed13b1955c57a98af8af19197cdce8d2e52f1,newly_executed
0.5,0.15,0.05,zne_quadratic,equal_shots,100000,False,False,38399744,100000,results/stage6_followup_v1/measurements/0206ae79f842007f2f5541997bdd8d60a87675d80bfb4a0f631476ea064fb50f.npz,8229c7e04f623316d967ee3fe61c33eb4e25251c8b6fb594afd80bc7c54ce5d5,0206ae79f842007f2f5541997bdd8d60a87675d80bfb4a0f631476ea064fb50f,newly_executed
0.5,0.15,0.05,sv,equal_shots,100000,False,False,12800000,100000,results/stage6_followup_v1/measurements/3e412bcd5329aceb6592782f49c8f3620e12ce54a7509c86971c65e20f0db1d3.npz,3f26aa085b4872f92c306f6f00fa9060f7cbcf7ba7daa4a7478bc17f658a3a4d,3e412bcd5329aceb6592782f49c8f3620e12ce54a7509c86971c65e20f0db1d3,newly_executed
0.5,0.15,0,raw,equal_gate,100000,True,False,12800000,100000,results/stage6_followup_v1/measurements/09f4cfc1397881792fd7d2fca333b3c2dc699ee501ada1cf0d17eaf160285218.npz,e9fd25f4dec59fc751a5a0dfe104fc919f3295fbfd50591146d3fd9d1696e765,09f4cfc1397881792fd7d2fca333b3c2dc699ee501ada1cf0d17eaf160285218,newly_executed
0.5,0.15,0,zne_quadratic,equal_gate,100000,True,False,12800000,33334,results/stage6_followup_v1/measurements/cad4f3705ebb00c3098451d67da774b2397048ff4c04de9aed78e66515c8caeb.npz,b1cb65f92e92b8cb55438845c19e221eba10e6ffaf74f8b31e2a4529b44595aa,cad4f3705ebb00c3098451d67da774b2397048ff4c04de9aed78e66515c8caeb,newly_executed
0.5,0.15,0,sv,equal_gate,100000,True,False,12800000,100000,results/stage6_followup_v1/measurements/d0241713b18f84394efa4df09509ab2456a32e69e2c4268c8c87b86c077d6cb2.npz,e2acd2b526d3db2659d44bb41cff7a11147dd5a379ebadafa9c3e74f4afffa76,d0241713b18f84394efa4df09509ab2456a32e69e2c4268c8c87b86c077d6cb2,newly_executed
0.5,0.15,0.01,raw,equal_gate,100000,True,False,12800000,100000,results/stage6_followup_v1/measurements/8cbb6e9803efdf08012835478d4285a80c5f04dfd08dae285ca58ab00d7d5b63.npz,4a58f0c7654a71cae2add6144e41a8d20c5006afffd87de437aabfa04e51c869,8cbb6e9803efdf08012835478d4285a80c5f04dfd08dae285ca58ab00d7d5b63,newly_executed
0.5,0.15,0.01,zne_quadratic,equal_gate,100000,True,False,12800000,33334,results/stage6_followup_v1/measurements/a6c22b58d4c6835a33f709a0168f00596eb93f04e616972785a668f85025c0ab.npz,e9a4f263550f962aae9e04206088e465e70cc90e31df5143265b2b354f148f94,a6c22b58d4c6835a33f709a0168f00596eb93f04e616972785a668f85025c0ab,newly_executed
0.5,0.15,0.01,sv,equal_gate,100000,True,False,12800000,100000,results/stage6_followup_v1/measurements/06c85df70dd5bc477653f4420850b9a64a8df9004e1a9cdfbc33e5f5e73541c8.npz,214a3c6b18cc56a9d0ec19912b52380d58f7c2fa39241ab3c0c6f078e24b623a,06c85df70dd5bc477653f4420850b9a64a8df9004e1a9cdfbc33e5f5e73541c8,newly_executed
0.5,0.15,0.05,raw,equal_gate,100000,True,False,12800000,100000,results/stage6_followup_v1/measurements/d68d8aa8777ea9fd57b573623e99f3dbe6744a1887d54dd87a4481b77bdcb360.npz,04fc0eb91610da08c00bd23fea48bc3552e1ab56bee37c79f6d63e8dc43d78a2,d68d8aa8777ea9fd57b573623e99f3dbe6744a1887d54dd87a4481b77bdcb360,newly_executed
0.5,0.15,0.05,zne_quadratic,equal_gate,100000,True,False,12800000,33334,results/stage6_followup_v1/measurements/614e52efebc5a49eca8903cfeb850835f4c8b24a3f182c4a2f7c9481d0978f2c.npz,d1e12c20cf11f114425bc1840389ec78dbdd97d2518870bdf0be258a6a3d40e3,614e52efebc5a49eca8903cfeb850835f4c8b24a3f182c4a2f7c9481d0978f2c,newly_executed
0.5,0.15,0.05,sv,equal_gate,100000,True,False,12800000,100000,results/stage6_followup_v1/measurements/053c6109cb1d0352130a15ea46700644bd0db951b080d7cf4802b7f76e4d0333.npz,7bcd355f2d632346bc49b21fd1b91f7a825a764ebb1e161c83ca35dab9516499,053c6109cb1d0352130a15ea46700644bd0db951b080d7cf4802b7f76e4d0333,newly_executed
0.5,0.15,0,raw,equal_gate,300000,True,False,38399744,299998,results/stage6_followup_v1/measurements/2f32285e6315c2bfa2455313d4c107a2b9933924ff683d7e25c6291a9354db83.npz,b4f62aebe292038bf601b9449cf043470d6d68c3c3b1c6e412008f3d2607c84a,2f32285e6315c2bfa2455313d4c107a2b9933924ff683d7e25c6291a9354db83,newly_executed
0.5,0.15,0,zne_quadratic,equal_gate,300000,True,False,38399744,100000,results/stage6_followup_v1/measurements/acff3f68add910c8fbbfce8718e981e8833e00e687dd6718c844a43e2189deff.npz,86b7441c239ef1a2e229d90b51b292eb325354c27c35c481e83dd895b958c758,acff3f68add910c8fbbfce8718e981e8833e00e687dd6718c844a43e2189deff,newly_executed
0.5,0.15,0,sv,equal_gate,300000,True,False,38399744,299998,results/stage6_followup_v1/measurements/f56035ccbe70f51c4c9e3e48b03714ad40467b24a8302d5387abfe1e3de10719.npz,4ab02e1759f1448f8e715186389ad4cfd4787b8193d52d292d7d479f8e11dd23,f56035ccbe70f51c4c9e3e48b03714ad40467b24a8302d5387abfe1e3de10719,newly_executed
0.5,0.15,0.01,raw,equal_gate,300000,True,False,38399744,299998,results/stage6_followup_v1/measurements/7553b2bd8efb6dffaa13519d180716e92f74554508b98f7eacb7b043aa505277.npz,3be2fa5352acbf0bbe102d53eb790d887768d4af6bc5d4c8c4bd7a81eff96839,7553b2bd8efb6dffaa13519d180716e92f74554508b98f7eacb7b043aa505277,newly_executed
0.5,0.15,0.01,zne_quadratic,equal_gate,300000,True,False,38399744,100000,results/stage6_followup_v1/measurements/92a4cc9b7aa30637336f296f3a226589dfc92f6e41859e931cdacb2884cb3650.npz,0d24053aba6b42561f32c54b05c3bbc7622f7de15b9efd55c1de3cffad6dcf20,92a4cc9b7aa30637336f296f3a226589dfc92f6e41859e931cdacb2884cb3650,newly_executed
0.5,0.15,0.01,sv,equal_gate,300000,True,False,38399744,299998,results/stage6_followup_v1/measurements/ef125f159630ff53a9afc4de6b58346243d0a7db8a16833460ba3aa60c64474e.npz,1f7c8ae200f72302867a0fa58f1fe4dacf6987432bbd44a7871fb45048cfccf1,ef125f159630ff53a9afc4de6b58346243d0a7db8a16833460ba3aa60c64474e,newly_executed
0.5,0.15,0.05,raw,equal_gate,300000,True,False,38399744,299998,results/stage6_followup_v1/measurements/15441efbe32cb8923bc20557a0f4ab616777f5799ea6574b736d688fec74494a.npz,e12ebc575317538ec9ca5bda43914e0cf7f1b7e1cd13827fc312fa7c7071abd0,15441efbe32cb8923bc20557a0f4ab616777f5799ea6574b736d688fec74494a,newly_executed
0.5,0.15,0.05,zne_quadratic,equal_gate,300000,True,False,38399744,100000,results/stage6_followup_v1/measurements/c5ef529a50761adbb36ca772dddda13e5b14d51b9170eae8ccb20aba5eae68ee.npz,2b106c49bc99e2e113e286fb829205e1bb28e9180c462ae2d4bb911f07dde522,c5ef529a50761adbb36ca772dddda13e5b14d51b9170eae8ccb20aba5eae68ee,newly_executed
0.5,0.15,0.05,sv,equal_gate,300000,True,False,38399744,299998,results/stage6_followup_v1/measurements/39c1d12f45ba83257a1ce45b2133542739fede9fe28ac7744acd71e4361907be.npz,066ce634b7e5fdd439441a09b31481040eef43f08b7aeb2b6ad4c85fc9e02dce,39c1d12f45ba83257a1ce45b2133542739fede9fe28ac7744acd71e4361907be,newly_executed
0.55,0.15,0,raw,equal_shots,100000,False,False,12700000,100000,results/stage6_followup_v1/measurements/db175e9665d6a56a692c9a8061eec8a9f49b95c1c08aa669bbf9a7036b6ea14a.npz,e02385ea2c665baf46e065c6a78d36387c8daf13af402eea119ac1909d19a22d,db175e9665d6a56a692c9a8061eec8a9f49b95c1c08aa669bbf9a7036b6ea14a,historical_reused
0.55,0.15,0,zne_quadratic,equal_shots,100000,False,False,38099746,100000,results/stage6_followup_v1/measurements/1cd6c0f77dc216d0cde9c1e97f4eda73befa5f0c018fb246f58e61facbd167f1.npz,df78642481564138aae5d8ed64909166903c6445236d8241959da075be2b4d30,1cd6c0f77dc216d0cde9c1e97f4eda73befa5f0c018fb246f58e61facbd167f1,historical_reused
0.55,0.15,0,sv,equal_shots,100000,False,False,12700000,100000,results/stage6_followup_v1/measurements/0b3936fe634e6e0e6c1fb01c563679693767c6b8c3901e710283daa0214d5bff.npz,dad464849ea0a118f39e7ab810ba679ac9889714a97ed93a099db954013c8bbc,0b3936fe634e6e0e6c1fb01c563679693767c6b8c3901e710283daa0214d5bff,historical_reused
0.55,0.15,0.01,raw,equal_shots,100000,False,False,12700000,100000,results/stage6_followup_v1/measurements/c023165e9892fcb291030d8bee86c1297586840497035ba3a95e0c1bf4c720c6.npz,77b1d2b86bf2f4eec6dd4fff1e8f4c620d99d0d9a8fcd0e53734a7198521fa49,c023165e9892fcb291030d8bee86c1297586840497035ba3a95e0c1bf4c720c6,historical_reused
0.55,0.15,0.01,zne_quadratic,equal_shots,100000,False,False,38099746,100000,results/stage6_followup_v1/measurements/ae05bec73665b92b55ab01e8344926be17ed4666c23e25901e6a3a8ff4a14077.npz,0d7ef1748ad9cedff0698ec35191ba628d7083c9c03f875361a726e11e84b474,ae05bec73665b92b55ab01e8344926be17ed4666c23e25901e6a3a8ff4a14077,historical_reused
0.55,0.15,0.01,sv,equal_shots,100000,False,False,12700000,100000,results/stage6_followup_v1/measurements/18b802fc9e3e94a3ae87b7ac0db83947b9358ca39daad0f6cdf4a51d7af3174d.npz,63d73896c5cd058ef4c37adceb062feb5545163903e9a6d2f304a98ff142b139,18b802fc9e3e94a3ae87b7ac0db83947b9358ca39daad0f6cdf4a51d7af3174d,historical_reused
0.55,0.15,0.05,raw,equal_shots,100000,False,False,12700000,100000,results/stage6_followup_v1/measurements/8f4be75cbdae0d6b20d91caaeb5da8e515ab4eab84794f08cb650acd871b6964.npz,00773ffd0ea2781f2db54ca6278be5d8b962daf581a11389e60b24087cdf8400,8f4be75cbdae0d6b20d91caaeb5da8e515ab4eab84794f08cb650acd871b6964,historical_reused
0.55,0.15,0.05,zne_quadratic,equal_shots,100000,False,False,38099746,100000,results/stage6_followup_v1/measurements/1924f20b5c166d0218a8070240282190b1dc111f7f16f80227fe6eb3e6e0c26a.npz,787a03f00f09b381e16a0845e31abe229fffc697e1b6679f4c2200deec75a4cf,1924f20b5c166d0218a8070240282190b1dc111f7f16f80227fe6eb3e6e0c26a,historical_reused
0.55,0.15,0.05,sv,equal_shots,100000,False,False,12700000,100000,results/stage6_followup_v1/measurements/264624c735a3bdfa83a61dae375708ed52e05c6e82f39ed54c0edc1757369b50.npz,160bfb06845c0318e3f120a196673437ea2cdf21a6833839425d9a9f52fdecae,264624c735a3bdfa83a61dae375708ed52e05c6e82f39ed54c0edc1757369b50,historical_reused
0.55,0.15,0,raw,equal_gate,100000,True,False,12700000,100000,results/stage6_followup_v1/measurements/124683f6b39ed6bfb577ee4fc7af23522ded1661e68115a327235fa91ad7697f.npz,11f4a13035f531a887846bb3df4fa0440ddb13b9236564d819f135d8d2d618e8,124683f6b39ed6bfb577ee4fc7af23522ded1661e68115a327235fa91ad7697f,newly_executed
0.55,0.15,0,zne_quadratic,equal_gate,100000,True,False,12700000,33334,results/stage6_followup_v1/measurements/0d27d3deb060606819bbd88cc81b3621312455a4fed83f5b9d7223682108635c.npz,ab8cea2d7d6d8d3a5aed9b8821fdae20a0928a3ce1aa8df542074368a61e7e48,0d27d3deb060606819bbd88cc81b3621312455a4fed83f5b9d7223682108635c,newly_executed
0.55,0.15,0,sv,equal_gate,100000,True,False,12700000,100000,results/stage6_followup_v1/measurements/26ac1141190f32ba2315bcc7b330c64886af426e6990c5451821e693a8085a00.npz,4b91f13767155982dace66a5143c01f4b41de8252051dc23fa7b9521c0bd5d55,26ac1141190f32ba2315bcc7b330c64886af426e6990c5451821e693a8085a00,newly_executed
0.55,0.15,0.01,raw,equal_gate,100000,True,False,12700000,100000,results/stage6_followup_v1/measurements/9b463483021e59f122fd8bf8c22d7e0d6acd7126ec2f81cf027c556692fe009a.npz,6c23cddba48a0da11d6bf21fc83886443cbb4fca493cae8cfdb3177bf8405c0f,9b463483021e59f122fd8bf8c22d7e0d6acd7126ec2f81cf027c556692fe009a,newly_executed
0.55,0.15,0.01,zne_quadratic,equal_gate,100000,True,False,12700000,33334,results/stage6_followup_v1/measurements/e52e64a4984d3802793bdf11922a9489f53650af550c2b13e2c00a918598aace.npz,b857939901472a163f9f1a0291f01d49de99c69e99a7156eea56b5a8fd0aa086,e52e64a4984d3802793bdf11922a9489f53650af550c2b13e2c00a918598aace,newly_executed
0.55,0.15,0.01,sv,equal_gate,100000,True,False,12700000,100000,results/stage6_followup_v1/measurements/ee61c3ea88b6c2a2a942f5e3b22a67fe723f20cfd511821da0df6ab397825b34.npz,a80ae0e3b2f349296a24a31c343198a9a999aa4054a2efc42ca73cf3ca5d0c5c,ee61c3ea88b6c2a2a942f5e3b22a67fe723f20cfd511821da0df6ab397825b34,newly_executed
0.55,0.15,0.05,raw,equal_gate,100000,True,False,12700000,100000,results/stage6_followup_v1/measurements/58da807058863381ba917381c8e0d10f1c778d9a0bc837f4088de77bd34cfed8.npz,f482295635c32afbd5d4dfd18420c42dc3c9364e216de8de595c5a5c7f9eb093,58da807058863381ba917381c8e0d10f1c778d9a0bc837f4088de77bd34cfed8,newly_executed
0.55,0.15,0.05,zne_quadratic,equal_gate,100000,True,False,12700000,33334,results/stage6_followup_v1/measurements/b56998299c343996115b9dd45507b9ace9ed013cfe48dfc806f9adbf3fd4d860.npz,d34a831af0483e516bc4c7540144f3182e89f51d5f643bf9b59ef04c507c30d0,b56998299c343996115b9dd45507b9ace9ed013cfe48dfc806f9adbf3fd4d860,newly_executed
0.55,0.15,0.05,sv,equal_gate,100000,True,False,12700000,100000,results/stage6_followup_v1/measurements/d6b674d8731b66ed02beafc6987068db091709bb85a21fa1ed72d13dac502c18.npz,b67feb2c2cd62589fb57b2b90b311821f1dfa13a57c3f28d719092d9da088743,d6b674d8731b66ed02beafc6987068db091709bb85a21fa1ed72d13dac502c18,newly_executed
0.55,0.15,0,raw,equal_gate,300000,True,False,38099746,299998,results/stage6_followup_v1/measurements/bea1e8ef90ae7b60c5648e24f8f6c00dbe28a468ba7139a79e2bd93472b54141.npz,163b563eb98548809817562fa0d8dcf9d579a0a42682f1ad225ef03d258aad00,bea1e8ef90ae7b60c5648e24f8f6c00dbe28a468ba7139a79e2bd93472b54141,newly_executed
0.55,0.15,0,zne_quadratic,equal_gate,300000,True,False,38099746,100000,results/stage6_followup_v1/measurements/273c3af8a6802c845e9fed217fdcacd86742d75e9e9c626f12b1380b4089eb8c.npz,29af068fb5a923fa555ad209df925acd45e3d373475becabe23e4d130b084891,273c3af8a6802c845e9fed217fdcacd86742d75e9e9c626f12b1380b4089eb8c,newly_executed
0.55,0.15,0,sv,equal_gate,300000,True,False,38099746,299998,results/stage6_followup_v1/measurements/d51289605d74c1c0a3d5e3d9a25a719134703ab986bbb9ff020c5f7242202671.npz,dd5ee275d2504d5ee958fcec890adf03e7081bb1dc68ff9a2383a5a3fa94974e,d51289605d74c1c0a3d5e3d9a25a719134703ab986bbb9ff020c5f7242202671,newly_executed
0.55,0.15,0.01,raw,equal_gate,300000,True,False,38099746,299998,results/stage6_followup_v1/measurements/3ea20e22f0ffb179cfab78d17d879d076961585b7b66b41cba4bca99794ae708.npz,648dcf128200cce01cdff8f4c793b018020d4ba7e03fa145beb736ba051eee93,3ea20e22f0ffb179cfab78d17d879d076961585b7b66b41cba4bca99794ae708,newly_executed
0.55,0.15,0.01,zne_quadratic,equal_gate,300000,True,False,38099746,100000,results/stage6_followup_v1/measurements/93c6e21f2a30f10e3c64e6d8072d19eb4bfbf70adf818871dc34d5a339d893ee.npz,b86ef54c9edc79528afd6b0449952b1e936d97ce90de4bf32caa45a52e8255ff,93c6e21f2a30f10e3c64e6d8072d19eb4bfbf70adf818871dc34d5a339d893ee,newly_executed
0.55,0.15,0.01,sv,equal_gate,300000,True,False,38099746,299998,results/stage6_followup_v1/measurements/1089314bb59da5774ab2b55b38bca4b66093f683e7ccadd7ada129ea1d552ac0.npz,cf9c34de689c97002725810b8a7b9e9db5785dab845f36cc1b30bd2fd62748b3,1089314bb59da5774ab2b55b38bca4b66093f683e7ccadd7ada129ea1d552ac0,newly_executed
0.55,0.15,0.05,raw,equal_gate,300000,True,False,38099746,299998,results/stage6_followup_v1/measurements/178ce38dab20b899feaa308344ae3b7191d81aa8f0202daef68c8b8deb5a97c6.npz,0c2cdde839060b54e70799f2ddc2e73a6d6077fe46a3b83b818a2b2533393a9a,178ce38dab20b899feaa308344ae3b7191d81aa8f0202daef68c8b8deb5a97c6,newly_executed
0.55,0.15,0.05,zne_quadratic,equal_gate,300000,True,False,38099746,100000,results/stage6_followup_v1/measurements/010e67b6e4da7cbda6303e2140ed3b7bc659f2c6cf2d44ec503ac0f52a037ef8.npz,77c912227b8015f77f37f71829212cbd54242a53b36d2c72a6c8f65221cccb50,010e67b6e4da7cbda6303e2140ed3b7bc659f2c6cf2d44ec503ac0f52a037ef8,newly_executed
0.55,0.15,0.05,sv,equal_gate,300000,True,False,38099746,299998,results/stage6_followup_v1/measurements/a2f87208f2738d2e967952b9549d24fe9a7ecd5b20518a88972a0c0b1fc9e1b2.npz,8ee8fb7087eb8edfa56992d98f0de15c5be84ae30e49a3f08e5b73ef1db78d55,a2f87208f2738d2e967952b9549d24fe9a7ecd5b20518a88972a0c0b1fc9e1b2,newly_executed
0.8,0.1,0,raw,equal_shots,100000,False,False,3200000,100000,results/stage6_followup_v1/measurements/8512e09d450f778d10c2f4d909184e3a187a7430d2c62eb57d5582a65925596b.npz,26496bb7cdad165845e402ba0958012abd5cff5db617c0366b382a4d0bdf4cbf,8512e09d450f778d10c2f4d909184e3a187a7430d2c62eb57d5582a65925596b,historical_reused
0.8,0.1,0,zne_quadratic,equal_shots,100000,False,False,9599936,100000,results/stage6_followup_v1/measurements/cb659ab6fd924c8353ccfd88c8a4da97b4a9bc6be698e5b6727264cccc141d30.npz,2df3c4b5ee372264176d8d3ee534d2f456b52e13032ccc64a2acf2aa2303762c,cb659ab6fd924c8353ccfd88c8a4da97b4a9bc6be698e5b6727264cccc141d30,historical_reused
0.8,0.1,0,sv,equal_shots,100000,False,False,3200000,100000,results/stage6_followup_v1/measurements/c97f3ef0e3c0f7ebd4d914f4ce958295cea6bddd679834407428be8c61934d25.npz,1ca939e4589ffe68454d66c60740026eda0a71296c5793664b7b9fe6a651817f,c97f3ef0e3c0f7ebd4d914f4ce958295cea6bddd679834407428be8c61934d25,historical_reused
0.8,0.1,0.01,raw,equal_shots,100000,False,False,3200000,100000,results/stage6_followup_v1/measurements/3e1ad313212f6fd18743129e3dafdd1c3c72d9081ef5e5b4261af32374b08c76.npz,a27780ec5bf3f1eaab4a8080bb8d25e1ffc63cb199fd3f7bb512d8da3a7ba725,3e1ad313212f6fd18743129e3dafdd1c3c72d9081ef5e5b4261af32374b08c76,historical_reused
0.8,0.1,0.01,zne_quadratic,equal_shots,100000,False,False,9599936,100000,results/stage6_followup_v1/measurements/c001aa90e4a75933018bf94672a340bf905d407e8135f54877d67d405f0330e2.npz,4fed71c5350c9a7034b049da45e2d708293cb0a35fb1f6072ab4f6eaae1b79e3,c001aa90e4a75933018bf94672a340bf905d407e8135f54877d67d405f0330e2,historical_reused
0.8,0.1,0.01,sv,equal_shots,100000,False,False,3200000,100000,results/stage6_followup_v1/measurements/4842449d70494c8a1eac79fc21a3fbc660f71c5c60280dcddf2d7d1cc16f52cd.npz,ab9d52cf0aa373b3f13cc66369f05d8e077eded62d1e21b41cdef3c04bdd669e,4842449d70494c8a1eac79fc21a3fbc660f71c5c60280dcddf2d7d1cc16f52cd,historical_reused
0.8,0.1,0.05,raw,equal_shots,100000,False,False,3200000,100000,results/stage6_followup_v1/measurements/44003a1f1b45b26fa87f98c91df20e5c86c45535aa2d4b9962d14d74e7ef79c5.npz,aa110dfd2ca8df62da40ee406a5ec2ee49967d4f3613811687d8f469088b66b4,44003a1f1b45b26fa87f98c91df20e5c86c45535aa2d4b9962d14d74e7ef79c5,historical_reused
0.8,0.1,0.05,zne_quadratic,equal_shots,100000,False,False,9599936,100000,results/stage6_followup_v1/measurements/9d48703451f645d05400e9800d07baf82fae1ae81f9c92b39bc62d2e8e70e1c0.npz,669bc9cd04098483f3db8849b5057efaf3215489d9411f60b9169b1a4789287f,9d48703451f645d05400e9800d07baf82fae1ae81f9c92b39bc62d2e8e70e1c0,historical_reused
0.8,0.1,0.05,sv,equal_shots,100000,False,False,3200000,100000,results/stage6_followup_v1/measurements/dff82da729846a0157494441a6f1243cb3cfecf18e97b44fe08bf31add7813bf.npz,3ef3ae3baed7cadbe0003c285a4e7a1776f029701e340ff0764f378fdef78594,dff82da729846a0157494441a6f1243cb3cfecf18e97b44fe08bf31add7813bf,historical_reused
0.8,0.1,0,raw,equal_gate,100000,True,False,3200000,100000,results/stage6_followup_v1/measurements/1a5861156e56d72b9b6a1625d80d6cd066f5f10df7f4082c9b5e4a044c28d10b.npz,2c5d4b6b45848435681bc8e6da5e91ba9df8632defc78327ddb1f37b5e1e6341,1a5861156e56d72b9b6a1625d80d6cd066f5f10df7f4082c9b5e4a044c28d10b,newly_executed
0.8,0.1,0,zne_quadratic,equal_gate,100000,True,False,3200000,33334,results/stage6_followup_v1/measurements/96c5ed317c1dc652955f66d9a35917e5c4198d8d42498eadee36c06ffba2e47b.npz,cdafc1175e7af2a5c34de38c1b6013265eb75e8ff32d64d09ad77fda79e4aa9a,96c5ed317c1dc652955f66d9a35917e5c4198d8d42498eadee36c06ffba2e47b,newly_executed
0.8,0.1,0,sv,equal_gate,100000,True,False,3200000,100000,results/stage6_followup_v1/measurements/2f3639ae3e344ae2d3eb2ba4c4ea0f418a0330c98f9df63d9829a3bce8fc2b8f.npz,1dc036e338cfc8d0ebb7db730598a00d6bb0bbb813232436673761bef072592b,2f3639ae3e344ae2d3eb2ba4c4ea0f418a0330c98f9df63d9829a3bce8fc2b8f,newly_executed
0.8,0.1,0.01,raw,equal_gate,100000,True,False,3200000,100000,results/stage6_followup_v1/measurements/1d081e3b6ca0541d19010ba1f7d11cd94bfbbb67906d0aa87a30eb5b2403a287.npz,6e1f094f1ba6bfacff069922f6f850dcc88662be55682d6339c4ada30b880585,1d081e3b6ca0541d19010ba1f7d11cd94bfbbb67906d0aa87a30eb5b2403a287,newly_executed
0.8,0.1,0.01,zne_quadratic,equal_gate,100000,True,False,3200000,33334,results/stage6_followup_v1/measurements/adda180e3dd4a5850522a8a13cc2056abca2771f44e295463a4d4f671356b549.npz,306bfbdb1869486dbe7dbbf628b596af66deaf8190aa73b6e2c8a67d0ae8da75,adda180e3dd4a5850522a8a13cc2056abca2771f44e295463a4d4f671356b549,newly_executed
0.8,0.1,0.01,sv,equal_gate,100000,True,False,3200000,100000,results/stage6_followup_v1/measurements/efbef9184b711659d5c1b52563edd38800a1d73cff254085f5e675ccfb373fce.npz,ea37fee0f311f51685cf2ac2e02eb5ae90566d2ca650f9580454758ceaecde54,efbef9184b711659d5c1b52563edd38800a1d73cff254085f5e675ccfb373fce,newly_executed
0.8,0.1,0.05,raw,equal_gate,100000,True,False,3200000,100000,results/stage6_followup_v1/measurements/beb93cfaf7ccecf74806ac2abe206c6fe583db776ce83e0415668d7a35b67f4c.npz,cc8ffcb0b09f908b59b8c1ecb4b80548b612334be15f361224ff41567dd98e6c,beb93cfaf7ccecf74806ac2abe206c6fe583db776ce83e0415668d7a35b67f4c,newly_executed
0.8,0.1,0.05,zne_quadratic,equal_gate,100000,True,False,3200000,33334,results/stage6_followup_v1/measurements/e4f2b497c5276f877ff9f69851069ced78dfdc0e93278bbb39531e55efd0779a.npz,f29d185a57cd55bd02302bdd4f736ffb4c3c0a984f411031bd79874693ac89cc,e4f2b497c5276f877ff9f69851069ced78dfdc0e93278bbb39531e55efd0779a,newly_executed
0.8,0.1,0.05,sv,equal_gate,100000,True,False,3200000,100000,results/stage6_followup_v1/measurements/4ffbe5852f95ac3e3ff4ddf573f20893f96480dc9c46132486101a204fce1fbc.npz,6e00ab936ba2c829cdbdb5532ffbd08f2db5dfd9e6bfd83eb33a947088e15c83,4ffbe5852f95ac3e3ff4ddf573f20893f96480dc9c46132486101a204fce1fbc,newly_executed
0.8,0.1,0,raw,equal_gate,300000,True,False,9599936,299998,results/stage6_followup_v1/measurements/d77b5f6bee5604a1bcb9434db0ac119c79161e2e5444aeea7164bf44edeb8a0b.npz,66f630b268a9b0caa058f926be82f62d8c6bb034b0db1e4b03bcc42992a1d683,d77b5f6bee5604a1bcb9434db0ac119c79161e2e5444aeea7164bf44edeb8a0b,newly_executed
0.8,0.1,0,zne_quadratic,equal_gate,300000,True,False,9599936,100000,results/stage6_followup_v1/measurements/c83c93f86c30a184da91669b9dc0fadfdd1857da7c2af7d7464359752b8f91dc.npz,4fa0edbd9025a6ccdf2d014a41b5a9b3cdecb1c11b3dff354c26b9b6795cba3c,c83c93f86c30a184da91669b9dc0fadfdd1857da7c2af7d7464359752b8f91dc,newly_executed
0.8,0.1,0,sv,equal_gate,300000,True,False,9599936,299998,results/stage6_followup_v1/measurements/409d923867869167bc93e070b41b89195051ee61ece91feed123afc82c58fa68.npz,87520604b79d210fc70d71d2b6378f0e9198f77e12eebae079df5fae2f96953b,409d923867869167bc93e070b41b89195051ee61ece91feed123afc82c58fa68,newly_executed
0.8,0.1,0.01,raw,equal_gate,300000,True,False,9599936,299998,results/stage6_followup_v1/measurements/4775530ea350caadff570d807c0a3fe9c14e0530e1638169d8727f23198df830.npz,7c60f6e0066ebb61637cfd4dc9d7c22b65e30edfb374619cb54978c57e7627c4,4775530ea350caadff570d807c0a3fe9c14e0530e1638169d8727f23198df830,newly_executed
0.8,0.1,0.01,zne_quadratic,equal_gate,300000,True,False,9599936,100000,results/stage6_followup_v1/measurements/7a25b5e968369ba55431ed2a1f8eb5c1b679cfb27e303b5a38102bc213a88405.npz,c661cf4b9ab1aeec47ec27d61a62adcec58afbe8181255938321e45d8e338fd3,7a25b5e968369ba55431ed2a1f8eb5c1b679cfb27e303b5a38102bc213a88405,newly_executed
0.8,0.1,0.01,sv,equal_gate,300000,True,False,9599936,299998,results/stage6_followup_v1/measurements/7ca3d788a412c7b3285470a0f0b2b420d82e1d4cb0bf9aca30baf4fc0426f58a.npz,b3d3113039969e81f074b571c80e361a0b8f9e63e2631f88cd8daf74b99adda0,7ca3d788a412c7b3285470a0f0b2b420d82e1d4cb0bf9aca30baf4fc0426f58a,newly_executed
0.8,0.1,0.05,raw,equal_gate,300000,True,False,9599936,299998,results/stage6_followup_v1/measurements/0129f5ec19f734974c1083067b76fa04029f550475e877e59ff531b09fb788c1.npz,e82edf407285186cd8d941ef1300f5f5a046a398ac54108ef00630e72560b88c,0129f5ec19f734974c1083067b76fa04029f550475e877e59ff531b09fb788c1,newly_executed
0.8,0.1,0.05,zne_quadratic,equal_gate,300000,True,False,9599936,100000,results/stage6_followup_v1/measurements/763f58b998c6c3a6bd6eee569dfeba6415ea2ac87ebbd598622b3f8b2ce63bdf.npz,0001fdc74edc2e702cfddde95054ed3c259422395d22ebe27f91c28d865190e1,763f58b998c6c3a6bd6eee569dfeba6415ea2ac87ebbd598622b3f8b2ce63bdf,newly_executed
0.8,0.1,0.05,sv,equal_gate,300000,True,False,9599936,299998,results/stage6_followup_v1/measurements/d04294a76efa017110737970ec701f93834a3effdaa70c0a6205b56d04782ff5.npz,8a9ff1312cbb41d1a7104dd83073bb1a9ddd9a111a5d3c91f91f64a8300088ed,d04294a76efa017110737970ec701f93834a3effdaa70c0a6205b56d04782ff5,newly_executed
0.8,0.475,0,raw,equal_shots,100000,False,False,12800000,100000,results/stage6_followup_v1/measurements/2815695949094c5b76cf36175b874c605bb368eb29f3768cd5cac913630053d1.npz,6324d6e77b1caa5c1c7c273681e002762faf9bda85e44f1a80a2b202311aec67,2815695949094c5b76cf36175b874c605bb368eb29f3768cd5cac913630053d1,historical_reused
0.8,0.475,0,zne_quadratic,equal_shots,100000,False,False,38399744,100000,results/stage6_followup_v1/measurements/fc4f7aae0f45d0bc522549d5cd4844fc90e23df3cd47a0b1e8e4f29ad197ac52.npz,e1d32c4af356c52c2761e6219ec69311226ba8e82ac07a015f768ec848389f2d,fc4f7aae0f45d0bc522549d5cd4844fc90e23df3cd47a0b1e8e4f29ad197ac52,historical_reused
0.8,0.475,0,sv,equal_shots,100000,False,False,12800000,100000,results/stage6_followup_v1/measurements/b941060d70b172966b472e3dcc0f6b9c06a8a9ebb7570c70022435e061ef77d7.npz,ee0b8c6a3652f8569718a0ef8eec881e766e7f63afd8773f0d48dc723e512cfd,b941060d70b172966b472e3dcc0f6b9c06a8a9ebb7570c70022435e061ef77d7,historical_reused
0.8,0.475,0.01,raw,equal_shots,100000,False,False,12800000,100000,results/stage6_followup_v1/measurements/8fda25d077b548c3a8128383be911f0556a3c68314772b44adae9c9f9b909aeb.npz,e369a1be6e9d9eaf3770f436ba53764735253f77f3a6a107aa6406cb9ba22d21,8fda25d077b548c3a8128383be911f0556a3c68314772b44adae9c9f9b909aeb,historical_reused
0.8,0.475,0.01,zne_quadratic,equal_shots,100000,False,False,38399744,100000,results/stage6_followup_v1/measurements/00f2b767a704e6a6f835a0c6d4d6b676c8c3fa4aca627df4d8b94a1bdcd38712.npz,55927e80807066f4dad27167d6ae5943a31f12285d3f73ff2402e4c8d1f647e3,00f2b767a704e6a6f835a0c6d4d6b676c8c3fa4aca627df4d8b94a1bdcd38712,historical_reused
0.8,0.475,0.01,sv,equal_shots,100000,False,False,12800000,100000,results/stage6_followup_v1/measurements/b8596233b211b7bd3fa64586dda31925adf2b9ac0e926da8b1f0c945dc64fe28.npz,d8bd8612e4bb6d2e7dd36a10c048e9ed673929def9592bea6592ebcd11837ef2,b8596233b211b7bd3fa64586dda31925adf2b9ac0e926da8b1f0c945dc64fe28,historical_reused
0.8,0.475,0.05,raw,equal_shots,100000,False,False,12800000,100000,results/stage6_followup_v1/measurements/77488347637b2c5d81995a4e5f98cd0060826bb3489569cefb952a0618bd4f14.npz,8fd23839149f68a790f8e6883a28684f2afda6f2ad442197638aa5e3563af2cc,77488347637b2c5d81995a4e5f98cd0060826bb3489569cefb952a0618bd4f14,historical_reused
0.8,0.475,0.05,zne_quadratic,equal_shots,100000,False,False,38399744,100000,results/stage6_followup_v1/measurements/959f41406bc345cfdf0e874ce3f38ee96e751db2fdb801ad7624fb2314ca865e.npz,1f62468b39bdad8ac22f69574d18b8416894c35d94974b54c7ec3b9687f3e4d1,959f41406bc345cfdf0e874ce3f38ee96e751db2fdb801ad7624fb2314ca865e,historical_reused
0.8,0.475,0.05,sv,equal_shots,100000,False,False,12800000,100000,results/stage6_followup_v1/measurements/4f7e7d10274903b5801ff777e8fe18964b38f2e8db359d1521f29b1aed9b84b7.npz,a9e2a74df847f49371159c1b1391bb5bf29999be1d0cbb8a93676f68f67d0f77,4f7e7d10274903b5801ff777e8fe18964b38f2e8db359d1521f29b1aed9b84b7,historical_reused
0.8,0.475,0,raw,equal_gate,100000,True,False,12800000,100000,results/stage6_followup_v1/measurements/7f763949d5968f873cd0fd3fe2fd6c9a22e57df5a01c79e9b2d58408db501a31.npz,5b9176f8123c7419619e6d693c32b9d90bce7f7de983c6292a73965720b7b26d,7f763949d5968f873cd0fd3fe2fd6c9a22e57df5a01c79e9b2d58408db501a31,newly_executed
0.8,0.475,0,zne_quadratic,equal_gate,100000,True,False,12800000,33334,results/stage6_followup_v1/measurements/454f491f715a59bf6660326b6a437dbc763649002fbe6c64eaf3e6cd11082eac.npz,b8402bc01876d87d0c0a19c3f1a1487c644b2e84d8d7a2e15adce1e34d447df2,454f491f715a59bf6660326b6a437dbc763649002fbe6c64eaf3e6cd11082eac,newly_executed
0.8,0.475,0,sv,equal_gate,100000,True,False,12800000,100000,results/stage6_followup_v1/measurements/3c428fab4ba7a1ce0400a3d9e08069451e4760ddae56728bcaf3de59b4e91836.npz,f0c630bb442b8465e41b3aa8a76fecbf2de54df8f5010dff1c1afcbfc77b3547,3c428fab4ba7a1ce0400a3d9e08069451e4760ddae56728bcaf3de59b4e91836,newly_executed
0.8,0.475,0.01,raw,equal_gate,100000,True,False,12800000,100000,results/stage6_followup_v1/measurements/42caa5f4acd97aedf52b1b8a9b2e08fa619607e41f16742fcdc6537d2cd82303.npz,00a94eb1f98f855048f1d2ccd996b4c163d97c2a58215fd45c8cb947e79438a1,42caa5f4acd97aedf52b1b8a9b2e08fa619607e41f16742fcdc6537d2cd82303,newly_executed
0.8,0.475,0.01,zne_quadratic,equal_gate,100000,True,False,12800000,33334,results/stage6_followup_v1/measurements/c1d17a544f1e667945136ce30e1a668ef9d65e1b77a9480d184077e4c87ed7d5.npz,c8bfe10fef346bb75d12f94cd5d40a9cda40d3a5b3626b78f5ed7c2dff12ba34,c1d17a544f1e667945136ce30e1a668ef9d65e1b77a9480d184077e4c87ed7d5,newly_executed
0.8,0.475,0.01,sv,equal_gate,100000,True,False,12800000,100000,results/stage6_followup_v1/measurements/7dfbf1c8f0cd12a7d9797e5659449b089e5d46b1674c622c3b9728311e2a18f4.npz,499da58178cb77093447daf82686293c706b4c2a5be5eb747647f3de531b72ed,7dfbf1c8f0cd12a7d9797e5659449b089e5d46b1674c622c3b9728311e2a18f4,newly_executed
0.8,0.475,0.05,raw,equal_gate,100000,True,False,12800000,100000,results/stage6_followup_v1/measurements/0dbe7267c7932614927a35df4630f9aee26f7eba0add6f1f75d77e18864b4fa7.npz,33dec61dc64d6816fc21b04746f12d78124f533ab15c6d6d1bff7a585d55824a,0dbe7267c7932614927a35df4630f9aee26f7eba0add6f1f75d77e18864b4fa7,newly_executed
0.8,0.475,0.05,zne_quadratic,equal_gate,100000,True,False,12800000,33334,results/stage6_followup_v1/measurements/627f193fc505c65fcaedb6462d7fe7aab7677ecb74b360c667e678642dff0152.npz,336c721773310859d187d9d2daca89d1c3a7ab91b12df416bedfea22926e9c55,627f193fc505c65fcaedb6462d7fe7aab7677ecb74b360c667e678642dff0152,newly_executed
0.8,0.475,0.05,sv,equal_gate,100000,True,False,12800000,100000,results/stage6_followup_v1/measurements/5239fa00f57e8a8464eb708e8da6e7b356222876a967c525592c38b5c3b90da3.npz,3749e907c4cdeee8d7266ccf804b82183a059470669019ef62a74258ae863276,5239fa00f57e8a8464eb708e8da6e7b356222876a967c525592c38b5c3b90da3,newly_executed
0.8,0.475,0,raw,equal_gate,300000,True,False,38399744,299998,results/stage6_followup_v1/measurements/05691a93f18a49f2acf40da8aac0c58e83284b26b2253d71d79b463b33132aa8.npz,c114b480ba8a1ddda120ea778c233cf890c790fc8ecc60d5812f70c1b392c1f6,05691a93f18a49f2acf40da8aac0c58e83284b26b2253d71d79b463b33132aa8,newly_executed
0.8,0.475,0,zne_quadratic,equal_gate,300000,True,False,38399744,100000,results/stage6_followup_v1/measurements/b6e120d9b94e7a32a2a340bfad7ca7f76c88cdbe73df13a4e09a8be889ab5a77.npz,6647cb2b88413870d55ca0f4a199a431e5217f0c1d696bdf15c8298c82632d0a,b6e120d9b94e7a32a2a340bfad7ca7f76c88cdbe73df13a4e09a8be889ab5a77,newly_executed
0.8,0.475,0,sv,equal_gate,300000,True,False,38399744,299998,results/stage6_followup_v1/measurements/50eae7809e380222369531a958f233330ccd5c4bb9680c316222e9141120de3f.npz,8da2827a5a24ef715799ea9088d59206b94905460329fecf70f5dc37900258cd,50eae7809e380222369531a958f233330ccd5c4bb9680c316222e9141120de3f,newly_executed
0.8,0.475,0.01,raw,equal_gate,300000,True,False,38399744,299998,results/stage6_followup_v1/measurements/919c09ec617cd4fe8e9648f31471a2e266fd435c514deece919da1291c67cd20.npz,2e4207097e471b0dcab4ff11c68a7c860c9726c1fc79440b11d38c31375aac99,919c09ec617cd4fe8e9648f31471a2e266fd435c514deece919da1291c67cd20,newly_executed
0.8,0.475,0.01,zne_quadratic,equal_gate,300000,True,False,38399744,100000,results/stage6_followup_v1/measurements/39bbc8e49d8369aa26b40f1f16595484bd25a6bfd8dabf45531536e12eb7eccd.npz,0cca67e5a43a1656302f34c3d0fda806138b83ecbe8bab1368f21ca150c56437,39bbc8e49d8369aa26b40f1f16595484bd25a6bfd8dabf45531536e12eb7eccd,newly_executed
0.8,0.475,0.01,sv,equal_gate,300000,True,False,38399744,299998,results/stage6_followup_v1/measurements/19ebc933eb23ba43d8580f6737acbe3c800cf533faf16e8e4c17682f661263d4.npz,27903aaf2124d15cc98cad9c6303a29c08efe8722861823706200c4816fe5403,19ebc933eb23ba43d8580f6737acbe3c800cf533faf16e8e4c17682f661263d4,newly_executed
0.8,0.475,0.05,raw,equal_gate,300000,True,False,38399744,299998,results/stage6_followup_v1/measurements/c6ea29a56b7fa0312b04fd43b2ad15b4ab4cc0f8b6a0581bcbd2039982c2f14e.npz,4691100d6e87a3d7fe389e1cb33cd200a9ad68df1678a480c627e34d408c9918,c6ea29a56b7fa0312b04fd43b2ad15b4ab4cc0f8b6a0581bcbd2039982c2f14e,newly_executed
0.8,0.475,0.05,zne_quadratic,equal_gate,300000,True,False,38399744,100000,results/stage6_followup_v1/measurements/5de95c93f36a5df6a629d2a43dc0eff9f0f555fc972266bc3127deaac376690e.npz,3002aa9a2d280ab44fed606c5f51b06694d16478bf94dfd15177565d9c559947,5de95c93f36a5df6a629d2a43dc0eff9f0f555fc972266bc3127deaac376690e,newly_executed
0.8,0.475,0.05,sv,equal_gate,300000,True,False,38399744,299998,results/stage6_followup_v1/measurements/bd8721e84b793d112ddb01044fe8971dd01dcde5aec519df77a07acc8fd86f83.npz,fbe752d90b0d8096273536667104c3da222510018365f3285c025371fb93c339,bd8721e84b793d112ddb01044fe8971dd01dcde5aec519df77a07acc8fd86f83,newly_executed
0.8,0.4875,0,raw,equal_shots,100000,False,False,12800000,100000,results/stage6_followup_v1/measurements/5115a19477458bff22abe73e3185376df1f35de0802a327f0aef4e6dc7dac90b.npz,807a190f18d6cd10f900d49f9a938a3d87e9755605ff20a32f4a6757d95e3c25,5115a19477458bff22abe73e3185376df1f35de0802a327f0aef4e6dc7dac90b,historical_reused
0.8,0.4875,0,zne_quadratic,equal_shots,100000,False,False,38399744,100000,results/stage6_followup_v1/measurements/ff652192a7496b81db4c6756a91a35591771393ef1a4eb237a36828e93a63467.npz,8ce2738cf387e13d0b70b3d60c4e4acf833640fc6d2334463ac12581947d5a5c,ff652192a7496b81db4c6756a91a35591771393ef1a4eb237a36828e93a63467,historical_reused
0.8,0.4875,0,sv,equal_shots,100000,False,False,12800000,100000,results/stage6_followup_v1/measurements/b0ac70ad5f9153ac3423551248700b4b8920fc5cc54dafa5505ad76bfa1bdc2a.npz,95f78a925ab9ae51b700190617860ec59d6f951fbf5c38d49c137c3f79109931,b0ac70ad5f9153ac3423551248700b4b8920fc5cc54dafa5505ad76bfa1bdc2a,historical_reused
0.8,0.4875,0.01,raw,equal_shots,100000,False,False,12800000,100000,results/stage6_followup_v1/measurements/f96a175c5a2a3c04d2c2060f1ecf87ff93e7f702a96bb1449e2fa5f82cbf58b6.npz,13e52b8909db88e72377cf675fc120c0f1f25632674bc7f5bb37fba6ca323607,f96a175c5a2a3c04d2c2060f1ecf87ff93e7f702a96bb1449e2fa5f82cbf58b6,historical_reused
0.8,0.4875,0.01,zne_quadratic,equal_shots,100000,False,False,38399744,100000,results/stage6_followup_v1/measurements/50f48dcc38d324b25906ee6228573365bd52ea0b51e49f24030a5ccf37a5a7a0.npz,638531c8632d0cb8d5319de653f3f8166fa25e005503022166510331a756d453,50f48dcc38d324b25906ee6228573365bd52ea0b51e49f24030a5ccf37a5a7a0,historical_reused
0.8,0.4875,0.01,sv,equal_shots,100000,False,False,12800000,100000,results/stage6_followup_v1/measurements/f15dfa0d7ee2a42658498d8dbad0a6542dcd9c89276bb3c87ec2601b8a00657b.npz,d9ced6f243d16cd4013d3cc1adb3c6404f2c133d73969354894581ded0914e19,f15dfa0d7ee2a42658498d8dbad0a6542dcd9c89276bb3c87ec2601b8a00657b,historical_reused
0.8,0.4875,0.05,raw,equal_shots,100000,False,False,12800000,100000,results/stage6_followup_v1/measurements/430f519fd78dd4fdb540fc8c85042bc7349b2510b4e4ac09d710602d5169ec45.npz,9a91d5ed38953bd0576667dabe55b70270ff5e575d377fa7cf8f85ba7d7f4af2,430f519fd78dd4fdb540fc8c85042bc7349b2510b4e4ac09d710602d5169ec45,historical_reused
0.8,0.4875,0.05,zne_quadratic,equal_shots,100000,False,False,38399744,100000,results/stage6_followup_v1/measurements/42a0305f0d68f9ee83293ff320291badb0073ba7fef140123aaac696e631e80d.npz,43116141604a0c420fb9d529b86d72f41ec8dac387624aaeca1f4f33c21a944b,42a0305f0d68f9ee83293ff320291badb0073ba7fef140123aaac696e631e80d,historical_reused
0.8,0.4875,0.05,sv,equal_shots,100000,False,False,12800000,100000,results/stage6_followup_v1/measurements/d0a580284fc1c80e1e1cada0f747f0af832de8927a97857b9302f75bd0507c6e.npz,08373655c0971cf837654477084e0c38116224b68f7d2103261657c3e857e926,d0a580284fc1c80e1e1cada0f747f0af832de8927a97857b9302f75bd0507c6e,historical_reused
0.8,0.4875,0,raw,equal_gate,100000,True,False,12800000,100000,results/stage6_followup_v1/measurements/6f68c6fb9acafee266dd0b76731d50191bd37f65a2f08bc172e409c418ae48fc.npz,bce3dde0d6d268d1493f1733ac20b8261f9aa758872cd5a8f020ed0923b61954,6f68c6fb9acafee266dd0b76731d50191bd37f65a2f08bc172e409c418ae48fc,newly_executed
0.8,0.4875,0,zne_quadratic,equal_gate,100000,True,False,12800000,33334,results/stage6_followup_v1/measurements/a036f1ee772bfd3492b181c97966017aa1b0cd633b5f9c9f9d852fdb0d2f91ec.npz,5d3629d3bf98162d7c427393b1effd3fe56f4847fe9c10f8fab02d97a0482e23,a036f1ee772bfd3492b181c97966017aa1b0cd633b5f9c9f9d852fdb0d2f91ec,newly_executed
0.8,0.4875,0,sv,equal_gate,100000,True,False,12800000,100000,results/stage6_followup_v1/measurements/e4f77b51a50fd42a43668d47c2a9e415abefb48b492252af468e6e7c46a07069.npz,5ac471390a19cc56f2ea668b22b071051606c7cff3f0983ab3c42d886ddd68ae,e4f77b51a50fd42a43668d47c2a9e415abefb48b492252af468e6e7c46a07069,newly_executed
0.8,0.4875,0.01,raw,equal_gate,100000,True,False,12800000,100000,results/stage6_followup_v1/measurements/ccb0ab4a16bbd20e8fc9d66a8e490bf986fffc2e70e268af9f967a499c896710.npz,161f43e3e3b9ab5b582cc0f6ae258a2a20bf368226e241796b7eedfbbb9a806c,ccb0ab4a16bbd20e8fc9d66a8e490bf986fffc2e70e268af9f967a499c896710,newly_executed
0.8,0.4875,0.01,zne_quadratic,equal_gate,100000,True,False,12800000,33334,results/stage6_followup_v1/measurements/bdbb45232344a080d00fbd12b58d80d0b5fcb3d9c5b86aa612a6110ad5d061bb.npz,2aabbebf64d2add57c1783619133a0a42a770815d27a864ba8b7168c854b1ccb,bdbb45232344a080d00fbd12b58d80d0b5fcb3d9c5b86aa612a6110ad5d061bb,newly_executed
0.8,0.4875,0.01,sv,equal_gate,100000,True,False,12800000,100000,results/stage6_followup_v1/measurements/9540d87877537ff466a184981278465ecde61d19cf7e801a8fd16ac871abb438.npz,92ba7344ade95e13b10169be8bb02ab898c6521494f0e6b495ec37b7a868168c,9540d87877537ff466a184981278465ecde61d19cf7e801a8fd16ac871abb438,newly_executed
0.8,0.4875,0.05,raw,equal_gate,100000,True,False,12800000,100000,results/stage6_followup_v1/measurements/83a34a708e475d272b692a756fb01a92dce5c56eb7f8cb06d1b9b0a53eb85a33.npz,26b32cc8da6ba588d50bbc37ec8711cd30084c0a7efdb66ef639f42dfc4c8cce,83a34a708e475d272b692a756fb01a92dce5c56eb7f8cb06d1b9b0a53eb85a33,newly_executed
0.8,0.4875,0.05,zne_quadratic,equal_gate,100000,True,False,12800000,33334,results/stage6_followup_v1/measurements/a21a27cf1e628ea57850b0a7aa04981bf2039f69eda078db504fbfea63ce81a5.npz,a46c0d2d389026813425a19a7a25495bcbbd43636410c5b5934c84aa47f01914,a21a27cf1e628ea57850b0a7aa04981bf2039f69eda078db504fbfea63ce81a5,newly_executed
0.8,0.4875,0.05,sv,equal_gate,100000,True,False,12800000,100000,results/stage6_followup_v1/measurements/b12b3195213bf6fba294e2a55835421d290bf972610a65a0b695728b12a2902e.npz,b41d718db23f434c10ea55dc1825a25b474403a0cf0b769cc304787219911295,b12b3195213bf6fba294e2a55835421d290bf972610a65a0b695728b12a2902e,newly_executed
0.8,0.4875,0,raw,equal_gate,300000,True,False,38399744,299998,results/stage6_followup_v1/measurements/01b010bbd2350eb4f8a9eecb0707b90e3a566aaf4ad7372cead5d41abfef4c84.npz,f88f206ce443e4c92d5a4d17db1c2bc91dbb796f308048ac13f2e529f2ddf475,01b010bbd2350eb4f8a9eecb0707b90e3a566aaf4ad7372cead5d41abfef4c84,newly_executed
0.8,0.4875,0,zne_quadratic,equal_gate,300000,True,False,38399744,100000,results/stage6_followup_v1/measurements/a3669c62433e18e434327105f7dd81ad1481d119fdd723f9eeb3c0e384879886.npz,a78c7654601f693d1fc842dda9ae12362de526d274ab40e82cebf24c8c787c0a,a3669c62433e18e434327105f7dd81ad1481d119fdd723f9eeb3c0e384879886,newly_executed
0.8,0.4875,0,sv,equal_gate,300000,True,False,38399744,299998,results/stage6_followup_v1/measurements/283cdce9b25f623275b411f0ea939ba4e5130a6c281915c25114ba96ba4c8834.npz,d8ff4f66f954e3500cd7976ba59cecd7099d9be710365db6ef7d16b974f1f1ff,283cdce9b25f623275b411f0ea939ba4e5130a6c281915c25114ba96ba4c8834,newly_executed
0.8,0.4875,0.01,raw,equal_gate,300000,True,False,38399744,299998,results/stage6_followup_v1/measurements/4fc1941c2723fe5e121f4b957fe1b75d35a401bcfbeb79c5902d94487a707ea3.npz,4037acefad827479b2efb8f6cf0c458d1e6eac00efe0cf05cd426f7cea3fbd7c,4fc1941c2723fe5e121f4b957fe1b75d35a401bcfbeb79c5902d94487a707ea3,newly_executed
0.8,0.4875,0.01,zne_quadratic,equal_gate,300000,True,False,38399744,100000,results/stage6_followup_v1/measurements/57dbe7301692fcbc8e3e82b7a40c8caaf7b6fac8650af05c9af185eda6d5802a.npz,dcdef47f8e9d06f2e20be8408ae0960f6f377a3b6064edcab228adf969803574,57dbe7301692fcbc8e3e82b7a40c8caaf7b6fac8650af05c9af185eda6d5802a,newly_executed
0.8,0.4875,0.01,sv,equal_gate,300000,True,False,38399744,299998,results/stage6_followup_v1/measurements/19f18f9a57899b783eae6744b81c0694bd2f0518413aee35b369115b07cf82e4.npz,96e8badd69858031088ae45479fe475d4e56cf06c14d93a3904684415c373928,19f18f9a57899b783eae6744b81c0694bd2f0518413aee35b369115b07cf82e4,newly_executed
0.8,0.4875,0.05,raw,equal_gate,300000,True,False,38399744,299998,results/stage6_followup_v1/measurements/44aad1acd35734bb4902c56f3a0045f8816d41344d22c5c2280f971589cd9551.npz,01ef47c16075d4e55126b7960e0812a976bc0cb090365040bff659a3b1f50997,44aad1acd35734bb4902c56f3a0045f8816d41344d22c5c2280f971589cd9551,newly_executed
0.8,0.4875,0.05,zne_quadratic,equal_gate,300000,True,False,38399744,100000,results/stage6_followup_v1/measurements/10e6d9429cb6e5a4147b866ce34fb7218a2e9ecc551d4a646c197c5b69adbf01.npz,c8388d301a7132e069afd3ebd2f4daabb44bb0ff54b4ad59f7a1db751c649ebe,10e6d9429cb6e5a4147b866ce34fb7218a2e9ecc551d4a646c197c5b69adbf01,newly_executed
0.8,0.4875,0.05,sv,equal_gate,300000,True,False,38399744,299998,results/stage6_followup_v1/measurements/6d0ee2ea3797c2bb3a29578e960f7d9ceaa1b6d6959f6b55eeff946f874820b7.npz,f4f9361fa2c51b041f3af6567cb39fbdbe0938375f85648c851740ba89949e1f,6d0ee2ea3797c2bb3a29578e960f7d9ceaa1b6d6959f6b55eeff946f874820b7,newly_executed
0.8,0.5,0,raw,equal_shots,100000,False,False,12800000,100000,results/stage6_followup_v1/measurements/b2e2fac0eee1976cc41753a2a550d9ce27c2902da38ce0632ea3cfbdc71f7f78.npz,45827a07390cd5aa4b2ef87a77614a50b2cac6a3fa0767784a790a92b54c03c8,b2e2fac0eee1976cc41753a2a550d9ce27c2902da38ce0632ea3cfbdc71f7f78,historical_reused
0.8,0.5,0,zne_quadratic,equal_shots,100000,False,False,38399744,100000,results/stage6_followup_v1/measurements/37d687269fc23efee6d5b55658c171fead10d38796ce8d58f0c84a717ba624c5.npz,7042a9a83472bc7130a5911092ec88b425757dcdcf7b33f525c9f7ebc3e7f044,37d687269fc23efee6d5b55658c171fead10d38796ce8d58f0c84a717ba624c5,historical_reused
0.8,0.5,0,sv,equal_shots,100000,False,False,12800000,100000,results/stage6_followup_v1/measurements/9556b4c3094ed20df6877ff299246ad7bb35c3f21341e86db901426e6def7f5f.npz,08727487d2852d5784dda24a21f03886d8cb48bda73ac553af398d50ca0a620f,9556b4c3094ed20df6877ff299246ad7bb35c3f21341e86db901426e6def7f5f,historical_reused
0.8,0.5,0.01,raw,equal_shots,100000,False,False,12800000,100000,results/stage6_followup_v1/measurements/29daff7434583b021fa635e575446022ed700fc08f39c66ab02c1764e194ac0c.npz,42b2aebb8a9d658b32b9d50cbdc1110f78e84f29162248af51292dd8d428ea70,29daff7434583b021fa635e575446022ed700fc08f39c66ab02c1764e194ac0c,historical_reused
0.8,0.5,0.01,zne_quadratic,equal_shots,100000,False,False,38399744,100000,results/stage6_followup_v1/measurements/b7f0f3096c9692468f60d8f74cadaa0facb94a6494e786da6c16c1763371d402.npz,2fa4be9fc28c6551cb17a886483c1f1595b42185565deff06480ff83a969cb22,b7f0f3096c9692468f60d8f74cadaa0facb94a6494e786da6c16c1763371d402,historical_reused
0.8,0.5,0.01,sv,equal_shots,100000,False,False,12800000,100000,results/stage6_followup_v1/measurements/964321da95a2e89b33482eb56b6c962a207f8a67cfe88103220d1be5d298b8f4.npz,8099976fd193d33a2af4501ddd7ffae8c5021ae568f344e376bba1da01b7bf62,964321da95a2e89b33482eb56b6c962a207f8a67cfe88103220d1be5d298b8f4,historical_reused
0.8,0.5,0.05,raw,equal_shots,100000,False,False,12800000,100000,results/stage6_followup_v1/measurements/dabb06bc777302531e701228331cd9389d0f9c02a317e7efed9ab2f2e33ee8b1.npz,4852764549dd78a9274cfbab4bd4a379c1e59a2add1449115e52509aee9c2c97,dabb06bc777302531e701228331cd9389d0f9c02a317e7efed9ab2f2e33ee8b1,historical_reused
0.8,0.5,0.05,zne_quadratic,equal_shots,100000,False,False,38399744,100000,results/stage6_followup_v1/measurements/5b4aa1777d812e45ba783defe6840645273d89c5582a87ec5f994621ce813496.npz,bf2c3601cb9909bea04232f1761e2db62e81bae883e9036f876eebad56dcd542,5b4aa1777d812e45ba783defe6840645273d89c5582a87ec5f994621ce813496,historical_reused
0.8,0.5,0.05,sv,equal_shots,100000,False,False,12800000,100000,results/stage6_followup_v1/measurements/84e4f2f2cf24470fb2bd1f3164cb5c499501f22e3c7c3b6e6da0c85e86e30983.npz,b8ed0dc8e9fb6111dce6d35734c4fb517d0ec502441459010906557486cb34c1,84e4f2f2cf24470fb2bd1f3164cb5c499501f22e3c7c3b6e6da0c85e86e30983,historical_reused
0.8,0.5,0,raw,equal_gate,100000,True,False,12800000,100000,results/stage6_followup_v1/measurements/2cac86f1ed283da7a2736a5f0fd3c8adf55a4a559b45cb8ecdb570aea132f3a9.npz,ac3a98dbe3f52372a91398e44f27a430fa616470dea4d064cf63b496fea7e698,2cac86f1ed283da7a2736a5f0fd3c8adf55a4a559b45cb8ecdb570aea132f3a9,newly_executed
0.8,0.5,0,zne_quadratic,equal_gate,100000,True,False,12800000,33334,results/stage6_followup_v1/measurements/ba7af5a7e7b4f057af60b0d1f78d68d5125173a4293a47252aca6968bc719371.npz,13a5fc962d7db204155ea09b2bcf5809dfde8e901c0b07e505d999ae41de4dfc,ba7af5a7e7b4f057af60b0d1f78d68d5125173a4293a47252aca6968bc719371,newly_executed
0.8,0.5,0,sv,equal_gate,100000,True,False,12800000,100000,results/stage6_followup_v1/measurements/010273a339d90b5c3e2d3e569d8bd8b0460ecbee508d4d6487f9be58a8f3de5f.npz,66f1a561b0a445d9ebe7b10ad0fb1f1c81510866b570df9e82446a801f374b82,010273a339d90b5c3e2d3e569d8bd8b0460ecbee508d4d6487f9be58a8f3de5f,newly_executed
0.8,0.5,0.01,raw,equal_gate,100000,True,False,12800000,100000,results/stage6_followup_v1/measurements/8a6d373de04b33a1f817e373b50c41451661c8c4cba93d054d6cf7ffe8a82e67.npz,57fea2430ce17f6a5388aa3ceda29cd4982838edb30480e7f0708e9d3df43375,8a6d373de04b33a1f817e373b50c41451661c8c4cba93d054d6cf7ffe8a82e67,newly_executed
0.8,0.5,0.01,zne_quadratic,equal_gate,100000,True,False,12800000,33334,results/stage6_followup_v1/measurements/0fa78988635b1113eef48ba8e98ae259c8b07f0705500dc35e93c3e011068708.npz,1558fe4e39f7c754fc9493168b38470a142a953e03c4cca0b9a18638c266c795,0fa78988635b1113eef48ba8e98ae259c8b07f0705500dc35e93c3e011068708,newly_executed
0.8,0.5,0.01,sv,equal_gate,100000,True,False,12800000,100000,results/stage6_followup_v1/measurements/2215385f4be37d858de2c44284215087a88e92e6e9c0b3a26ddf4a5a78588fce.npz,06f987fc95865d946f82e985aca4dc653cd45966c61a08826f2d4b8ce0bba0c0,2215385f4be37d858de2c44284215087a88e92e6e9c0b3a26ddf4a5a78588fce,newly_executed
0.8,0.5,0.05,raw,equal_gate,100000,True,False,12800000,100000,results/stage6_followup_v1/measurements/f711127d86051c7237757df6a918300ade6bd19a37899779bf08b5084bb53906.npz,b820c02878add68b12e6a0fe26edb5addfdea24289ffeb328389653b92d18eb8,f711127d86051c7237757df6a918300ade6bd19a37899779bf08b5084bb53906,newly_executed
0.8,0.5,0.05,zne_quadratic,equal_gate,100000,True,False,12800000,33334,results/stage6_followup_v1/measurements/d10e87c7537e12546b39cf9a46c9b3bef387f5d607a74ded71b8ec0183266b81.npz,6d73c3252e2da91ab03586e206a52f0878fae91b2090e6073d7042c7235a11e4,d10e87c7537e12546b39cf9a46c9b3bef387f5d607a74ded71b8ec0183266b81,newly_executed
0.8,0.5,0.05,sv,equal_gate,100000,True,False,12800000,100000,results/stage6_followup_v1/measurements/a54e3f3b39539da1b66f8c81e504e8f92dcea9f6e38302545106aa2fc6b89bf3.npz,fc3aab3fd47c8bb41a950a2c95c8e579989a07552e3d2b48965a9c40426e084e,a54e3f3b39539da1b66f8c81e504e8f92dcea9f6e38302545106aa2fc6b89bf3,newly_executed
0.8,0.5,0,raw,equal_gate,300000,True,False,38399744,299998,results/stage6_followup_v1/measurements/7ec7a4aa9c743933d105e4495c8c52c6106bd6be96b1e4425d1082a34eee36da.npz,370ed7a68a2ecd1bfcb76ef270f1ef8adb457ed93038c9bc2d88324c8a70f27e,7ec7a4aa9c743933d105e4495c8c52c6106bd6be96b1e4425d1082a34eee36da,newly_executed
0.8,0.5,0,zne_quadratic,equal_gate,300000,True,False,38399744,100000,results/stage6_followup_v1/measurements/64c379f7a49560ec07f81c7e55b050311f8d1f07c061b0c3aa8c6ed441cff2d6.npz,0e4b248ed60acc43bd72b429b64615e8e11e1936033dede46f5b6833582e161b,64c379f7a49560ec07f81c7e55b050311f8d1f07c061b0c3aa8c6ed441cff2d6,newly_executed
0.8,0.5,0,sv,equal_gate,300000,True,False,38399744,299998,results/stage6_followup_v1/measurements/1ca4fd8a8c23f6e67110c13e0e8be225ec3cc5606618b35d34bf139cf92b228d.npz,21d47d9ac3789ea99f05ed476526566ddb96f372551e79e740ba67dc2b917c08,1ca4fd8a8c23f6e67110c13e0e8be225ec3cc5606618b35d34bf139cf92b228d,newly_executed
0.8,0.5,0.01,raw,equal_gate,300000,True,False,38399744,299998,results/stage6_followup_v1/measurements/6f640d70f3a2591bb0abf85533b22d23ddb779d06441f5a62ff11e10b83ec2e0.npz,47885da87daa650edb983ddcac2b80650f96cbd5ce442db69a9e773e38c92e73,6f640d70f3a2591bb0abf85533b22d23ddb779d06441f5a62ff11e10b83ec2e0,newly_executed
0.8,0.5,0.01,zne_quadratic,equal_gate,300000,True,False,38399744,100000,results/stage6_followup_v1/measurements/1feca296edde8bf74a37f7e1001510826eba4f0ec171d1f800a945944a57a122.npz,a1e5f1c38586a6f387c2135ceb11c8777c7ccf294a7ce446c6746a51ba0c9270,1feca296edde8bf74a37f7e1001510826eba4f0ec171d1f800a945944a57a122,newly_executed
0.8,0.5,0.01,sv,equal_gate,300000,True,False,38399744,299998,results/stage6_followup_v1/measurements/e261e852132554c360eb22b41ddee8330a6a3dc65708174fccf51abbc8346aba.npz,ba22ff31166103d899845cd1d2a0d75437666095e27d4fbe42422f179f109964,e261e852132554c360eb22b41ddee8330a6a3dc65708174fccf51abbc8346aba,newly_executed
0.8,0.5,0.05,raw,equal_gate,300000,True,False,38399744,299998,results/stage6_followup_v1/measurements/facb33d21fd8dab5795060680ad4da7bcb6c7ab9e9fe4f7490f2c7479190d7ba.npz,34be18ed6e1520939beb590eb1c4707e4ed8f54f42db4328a61e977a68ffbffe,facb33d21fd8dab5795060680ad4da7bcb6c7ab9e9fe4f7490f2c7479190d7ba,newly_executed
0.8,0.5,0.05,zne_quadratic,equal_gate,300000,True,False,38399744,100000,results/stage6_followup_v1/measurements/ef1574656bd3810c27a9b4992ec4c754e0c375ffc5c4d401ffe2f61886aedac2.npz,1c10570a1ddaeaabe68b62c760de787c56821772084573c4904db4f02bc847b7,ef1574656bd3810c27a9b4992ec4c754e0c375ffc5c4d401ffe2f61886aedac2,newly_executed
0.8,0.5,0.05,sv,equal_gate,300000,True,False,38399744,299998,results/stage6_followup_v1/measurements/f1de4fdefe12a8cc4d0ed20ba6b7adf740cfd271896a705ac2bdcd8f84755927.npz,791c8288e954456240be74582ea3fbc35775f1e1e4449d05bc4556c04786b93c,f1de4fdefe12a8cc4d0ed20ba6b7adf740cfd271896a705ac2bdcd8f84755927,newly_executed
0.8,0.5125,0,raw,equal_shots,100000,False,False,12800000,100000,results/stage6_followup_v1/measurements/40aa63b2d03f3d6c33d3f51be364735b203ffd680ec7a3d8be467e87f44ec66b.npz,bda21d12ab763f5d00d86c18d13af738fa360cf161b64f0970a9d85f0406ad66,40aa63b2d03f3d6c33d3f51be364735b203ffd680ec7a3d8be467e87f44ec66b,historical_reused
0.8,0.5125,0,zne_quadratic,equal_shots,100000,False,False,38399744,100000,results/stage6_followup_v1/measurements/5ebeed78a61137f60cb0a478b45aebf0fddf6bda286d0ce83e4345c6a039069c.npz,48e2e2908979e184faba81c202678e4d5af314a0c0100bfa9c1c41f964be72a8,5ebeed78a61137f60cb0a478b45aebf0fddf6bda286d0ce83e4345c6a039069c,historical_reused
0.8,0.5125,0,sv,equal_shots,100000,False,False,12800000,100000,results/stage6_followup_v1/measurements/f5a515a98e675d87d4bfff6e20f7767bac21b51a6576c2e0d9f9f737a97142ac.npz,c20ebe48953e9a7aa76efbccb1efa4379d63bcfbd8124ecbcb3d34be8f27c0f3,f5a515a98e675d87d4bfff6e20f7767bac21b51a6576c2e0d9f9f737a97142ac,historical_reused
0.8,0.5125,0.01,raw,equal_shots,100000,False,False,12800000,100000,results/stage6_followup_v1/measurements/eb90e4543ad7eb5508cbfd367a9898474487fd56995afdc52198881b921a1bdf.npz,1a460e0fbe79a87fe25bc70dd9393e569b742e113bb85a43ddac7d4dc992c042,eb90e4543ad7eb5508cbfd367a9898474487fd56995afdc52198881b921a1bdf,historical_reused
0.8,0.5125,0.01,zne_quadratic,equal_shots,100000,False,False,38399744,100000,results/stage6_followup_v1/measurements/ac61e69aff040a8718f9dbf1e6dc6fe03650ae123daa56c909605fea77a82119.npz,28e156b52aced40305e7540c521ebcf6866108486770c41c68ba497e45269d6c,ac61e69aff040a8718f9dbf1e6dc6fe03650ae123daa56c909605fea77a82119,historical_reused
0.8,0.5125,0.01,sv,equal_shots,100000,False,False,12800000,100000,results/stage6_followup_v1/measurements/5da80698fe962ec19d99f643dbb724ca44bee9ab625374cfbe6f435b2e71b622.npz,26a76ef95424e404b69a6a164295e9ab37b6704ebf50c39915889db515f1b1fc,5da80698fe962ec19d99f643dbb724ca44bee9ab625374cfbe6f435b2e71b622,historical_reused
0.8,0.5125,0.05,raw,equal_shots,100000,False,False,12800000,100000,results/stage6_followup_v1/measurements/1f2dfaa67841f5790036b5e76f1ae91c1a2457e921d82e13beb57458db728702.npz,9ce6252ae68072cadc0e0393ba25776e2be0d70a40df443e6262f61cb6002566,1f2dfaa67841f5790036b5e76f1ae91c1a2457e921d82e13beb57458db728702,historical_reused
0.8,0.5125,0.05,zne_quadratic,equal_shots,100000,False,False,38399744,100000,results/stage6_followup_v1/measurements/a3b30093c34dd00734a15649f9260e6a8ceb0af38f5d60ec9b84c1686cfea117.npz,b1b00b4fa1cee13e78f6a9e0e0958315064642571248537a2ad0c686e6372257,a3b30093c34dd00734a15649f9260e6a8ceb0af38f5d60ec9b84c1686cfea117,historical_reused
0.8,0.5125,0.05,sv,equal_shots,100000,False,False,12800000,100000,results/stage6_followup_v1/measurements/abf8141fd71c6e7c0998e9cdaecc06ab30eb33f882f8a26861010fd0be729e76.npz,29d4908db52c0022cb567741d85fd439022bb4c3a220e65bbbc5e7726994f8ef,abf8141fd71c6e7c0998e9cdaecc06ab30eb33f882f8a26861010fd0be729e76,historical_reused
0.8,0.5125,0,raw,equal_gate,100000,True,False,12800000,100000,results/stage6_followup_v1/measurements/5e10b3e6e732c4874ae1834e830558b4fed3e8ab40a1becc655c661274afb5cf.npz,1b4508fe06bd4f3d945195722d95e7a33dba8ee188358030fee6c3de98f2efcc,5e10b3e6e732c4874ae1834e830558b4fed3e8ab40a1becc655c661274afb5cf,newly_executed
0.8,0.5125,0,zne_quadratic,equal_gate,100000,True,False,12800000,33334,results/stage6_followup_v1/measurements/ce109ccd81ec20a0472e0b64dc08787d0c20126f77cf43e8d402abb151df0b06.npz,4004d87ec1b928ec2ccdb51ff6055a06b96462938e80ffc4e840b3f713c3da4c,ce109ccd81ec20a0472e0b64dc08787d0c20126f77cf43e8d402abb151df0b06,newly_executed
0.8,0.5125,0,sv,equal_gate,100000,True,False,12800000,100000,results/stage6_followup_v1/measurements/466d51bb573d25e179c980437672c2077ba671c8d63eec4a60e0f108904a0085.npz,4837b177764b9c8d47cf49a1963177a178d4350c5668dc883cae712faeab2f79,466d51bb573d25e179c980437672c2077ba671c8d63eec4a60e0f108904a0085,newly_executed
0.8,0.5125,0.01,raw,equal_gate,100000,True,False,12800000,100000,results/stage6_followup_v1/measurements/384125a9d53bf6fd835f431d0be04d60f5265a5c57de6f59d594b7efa3d299f0.npz,87b393b1146a9eeb87a5e21ac252b7b5e6e7f7fffab9d14134e63eb1879bd249,384125a9d53bf6fd835f431d0be04d60f5265a5c57de6f59d594b7efa3d299f0,newly_executed
0.8,0.5125,0.01,zne_quadratic,equal_gate,100000,True,False,12800000,33334,results/stage6_followup_v1/measurements/e25936c46b67fa9f05aceb7b4209140762d94e64b9f5957b731d4da94faea04d.npz,6ddade3f776d15c9a35d3e4b4b4e0802434825d40a9091daaea2e05a19ec9c9e,e25936c46b67fa9f05aceb7b4209140762d94e64b9f5957b731d4da94faea04d,newly_executed
0.8,0.5125,0.01,sv,equal_gate,100000,True,False,12800000,100000,results/stage6_followup_v1/measurements/bb62c3856020fdf87b4b552d8d15e89e1e5cb73044de9df206c8f789a34d0747.npz,a6b71542c34fb381bcb8247e5294614904a289dd8ed3729f087e588ef0a2d1e1,bb62c3856020fdf87b4b552d8d15e89e1e5cb73044de9df206c8f789a34d0747,newly_executed
0.8,0.5125,0.05,raw,equal_gate,100000,True,False,12800000,100000,results/stage6_followup_v1/measurements/5511eae4cd778e59f40c379a23dbc5bd70d14de2e6055f1f60797a50b6b5bd9e.npz,ad22c6dd1692bf2316ccb85241bdee2d9a55c7c6f682641e135312323ec91a2e,5511eae4cd778e59f40c379a23dbc5bd70d14de2e6055f1f60797a50b6b5bd9e,newly_executed
0.8,0.5125,0.05,zne_quadratic,equal_gate,100000,True,False,12800000,33334,results/stage6_followup_v1/measurements/aa576839e46470c4e5b77836d49afd20e7f06ac50a4b32d9354d74bc2daf03f5.npz,fabb09422c10deb5db4c4bc3cc42365d14f1e2c5c51eb766a5208de50656fbdf,aa576839e46470c4e5b77836d49afd20e7f06ac50a4b32d9354d74bc2daf03f5,newly_executed
0.8,0.5125,0.05,sv,equal_gate,100000,True,False,12800000,100000,results/stage6_followup_v1/measurements/b0ff96d4c1c29de70c2c991f0fbc86e4dfc42b4d19a07c41d21fbec435249578.npz,7de894a70132c693558ccd7ac17615eb9dffef98a6b89bc50c2f68b525a4df6e,b0ff96d4c1c29de70c2c991f0fbc86e4dfc42b4d19a07c41d21fbec435249578,newly_executed
0.8,0.5125,0,raw,equal_gate,300000,True,False,38399744,299998,results/stage6_followup_v1/measurements/ed2c7ae1c239576b377557a34e890e0758472a38b8d39d0439a9360d74377c6b.npz,594883235ba665208dcb82506441925a1c9cf137d3535111a97499db01854a08,ed2c7ae1c239576b377557a34e890e0758472a38b8d39d0439a9360d74377c6b,newly_executed
0.8,0.5125,0,zne_quadratic,equal_gate,300000,True,False,38399744,100000,results/stage6_followup_v1/measurements/c9a1aec748ed37508601aff08267d2122c48be06d2a3a70f165dddc32fc27474.npz,e8e96b6ef3306798a903379262529290231febc203f2fd556c9ee8156d3d72a1,c9a1aec748ed37508601aff08267d2122c48be06d2a3a70f165dddc32fc27474,newly_executed
0.8,0.5125,0,sv,equal_gate,300000,True,False,38399744,299998,results/stage6_followup_v1/measurements/6491bf52ce6376ae92947182345e7b111140d12b7c68b89bdedf882d3aff5093.npz,750f2c79b51d6ce66b1434cf33fa3cabc9ee4e6e9b905fbcb7b623501a37e79a,6491bf52ce6376ae92947182345e7b111140d12b7c68b89bdedf882d3aff5093,newly_executed
0.8,0.5125,0.01,raw,equal_gate,300000,True,False,38399744,299998,results/stage6_followup_v1/measurements/3fed74ac618687743f55489f1f4366c30ba92e9b34318920985315d552992b08.npz,8bbe88b53614e5f2b6b53854c5af6dd0403211fd01b264c78897466d1e8c0384,3fed74ac618687743f55489f1f4366c30ba92e9b34318920985315d552992b08,newly_executed
0.8,0.5125,0.01,zne_quadratic,equal_gate,300000,True,False,38399744,100000,results/stage6_followup_v1/measurements/4635873dc48091aa4f2fa0f6a0bcd6376650115a35e686a9f501ee2988371f31.npz,0da3cd356a4d157688f2f024a925ba96adcb9676413a277227546ae9139414ac,4635873dc48091aa4f2fa0f6a0bcd6376650115a35e686a9f501ee2988371f31,newly_executed
0.8,0.5125,0.01,sv,equal_gate,300000,True,False,38399744,299998,results/stage6_followup_v1/measurements/95f0fb15f2d43b881da39a703e30a5c5e698804a89fda0870e950980383d2e57.npz,53717112e66157ba9faee85aa04b65bc1e5c952cc4abdb7ddaf0dc41c9d3a531,95f0fb15f2d43b881da39a703e30a5c5e698804a89fda0870e950980383d2e57,newly_executed
0.8,0.5125,0.05,raw,equal_gate,300000,True,False,38399744,299998,results/stage6_followup_v1/measurements/ba7e82d2724336334afc8b5b663c47fee0dda28b4ce8c617b99bbd0613ee5a5b.npz,9c647a8d5e1b60d97029274e1b6e10e548205375ebc21b0cccd4d97d0f4ed01a,ba7e82d2724336334afc8b5b663c47fee0dda28b4ce8c617b99bbd0613ee5a5b,newly_executed
0.8,0.5125,0.05,zne_quadratic,equal_gate,300000,True,False,38399744,100000,results/stage6_followup_v1/measurements/6d7984761b97f0229623735a9adf364a40c4b27ee3f9e03ef1ce25d2ebfda771.npz,793d4df493b576c2a9ac7bd8af9cfdb7c7abf7b4600f21e5268914ad2b6f1ec5,6d7984761b97f0229623735a9adf364a40c4b27ee3f9e03ef1ce25d2ebfda771,newly_executed
0.8,0.5125,0.05,sv,equal_gate,300000,True,False,38399744,299998,results/stage6_followup_v1/measurements/2af4d6b1f35306e14782d31fc6910859fcac24b62b5e9b48a5427fcfe25fb8b9.npz,4d6bcce732b7b1385fb798f4e8dcc4b1efcc0e64d6872d3160ac1542b0cbae1c,2af4d6b1f35306e14782d31fc6910859fcac24b62b5e9b48a5427fcfe25fb8b9,newly_executed
0.8,0.525,0,raw,equal_shots,100000,False,False,12800000,100000,results/stage6_followup_v1/measurements/f4efdf93741c7f79d4e324b0649d0eabd05c009cb9657b24986efc326b38506e.npz,eab9d6f8709bc351cde37ce37b23b371df02bf5e6be5e376bb57e71bb22dd93a,f4efdf93741c7f79d4e324b0649d0eabd05c009cb9657b24986efc326b38506e,historical_reused
0.8,0.525,0,zne_quadratic,equal_shots,100000,False,False,38399744,100000,results/stage6_followup_v1/measurements/380b304f3edbefaf729581e8d01e001d847ceb8986d943798e62f092c03a4308.npz,cc4b7c49b475c41d109e3aa41e59e14a30fc947fe9914bd991dd4e9cc0c3ae95,380b304f3edbefaf729581e8d01e001d847ceb8986d943798e62f092c03a4308,historical_reused
0.8,0.525,0,sv,equal_shots,100000,False,False,12800000,100000,results/stage6_followup_v1/measurements/bae40c27c24ef93ebfdb1a6681de1129e29a9695c250727155ae8226badcbb08.npz,7bf9fc504ea21d017a7675309b0e9a3f2d0cea9f9e5b17fb6dd0b989b96ba8a7,bae40c27c24ef93ebfdb1a6681de1129e29a9695c250727155ae8226badcbb08,historical_reused
0.8,0.525,0.01,raw,equal_shots,100000,False,False,12800000,100000,results/stage6_followup_v1/measurements/1a22b1aadfc3d20fa6b70d428f381c08860cd5986369109b049c733d9d7656cc.npz,67f789454d69da793c337533a4e14dcf0ff09dc98bcf87d6fe2020df0c576572,1a22b1aadfc3d20fa6b70d428f381c08860cd5986369109b049c733d9d7656cc,historical_reused
0.8,0.525,0.01,zne_quadratic,equal_shots,100000,False,False,38399744,100000,results/stage6_followup_v1/measurements/c18a2fa580014ddec6165f500fde5845aaeca3a8ae21d0c23f768d7fbf491923.npz,697d12f33bf6b4b0299c693900d05efacc69237c521c41429d4a8320210da888,c18a2fa580014ddec6165f500fde5845aaeca3a8ae21d0c23f768d7fbf491923,historical_reused
0.8,0.525,0.01,sv,equal_shots,100000,False,False,12800000,100000,results/stage6_followup_v1/measurements/599e7e6128e1a82666002cf242f43068ba4f9fc6abd81f2933f0fd4a3ff69561.npz,d5b1bdc9b876f5de65a552a95c7653341bff60e0631134098bc7a839367d5f26,599e7e6128e1a82666002cf242f43068ba4f9fc6abd81f2933f0fd4a3ff69561,historical_reused
0.8,0.525,0.05,raw,equal_shots,100000,False,False,12800000,100000,results/stage6_followup_v1/measurements/72e6117f9c345853aab2777117ad8c3187ad273fa11d67ad7fea303cf0c5a23c.npz,9249405368637c0d286e0a4f62a75e29e9db03a5e454ab7270ff8fbe954eb330,72e6117f9c345853aab2777117ad8c3187ad273fa11d67ad7fea303cf0c5a23c,historical_reused
0.8,0.525,0.05,zne_quadratic,equal_shots,100000,False,False,38399744,100000,results/stage6_followup_v1/measurements/885012e539a42609e00b9d1208a97645eaa9b2d4d1548c2b04bf23ad5ceccb57.npz,0fb27e42f6bc9d558184480354b11c68bab03fac67d3ea4b93a02d7e87c964ab,885012e539a42609e00b9d1208a97645eaa9b2d4d1548c2b04bf23ad5ceccb57,historical_reused
0.8,0.525,0.05,sv,equal_shots,100000,False,False,12800000,100000,results/stage6_followup_v1/measurements/ff37f4d424746ba62bf6515cd71940ac34d59a330284c8b350bd01688c5f8f31.npz,651ca5754d68b2be28ba4d6a81119f5b3352b8e03f8d9b3fd8af186459aa59bc,ff37f4d424746ba62bf6515cd71940ac34d59a330284c8b350bd01688c5f8f31,historical_reused
0.8,0.525,0,raw,equal_gate,100000,True,False,12800000,100000,results/stage6_followup_v1/measurements/9f5a2f660ee2f6b0dce348691da8418a3d2aa0a5291c13b554d605fb66985b8d.npz,e86029bf37090db5309f1df9b68fdbed25cac03f2f48c28d8916f6ccdb117f36,9f5a2f660ee2f6b0dce348691da8418a3d2aa0a5291c13b554d605fb66985b8d,newly_executed
0.8,0.525,0,zne_quadratic,equal_gate,100000,True,False,12800000,33334,results/stage6_followup_v1/measurements/a8acacd26d46d92e8eba869a79c37aae29c31db5d2825b07a0738effb60800ef.npz,9b08a4f269a85a0fc9095603ae7443454568baacf476a35e98ade566f9c1ea06,a8acacd26d46d92e8eba869a79c37aae29c31db5d2825b07a0738effb60800ef,newly_executed
0.8,0.525,0,sv,equal_gate,100000,True,False,12800000,100000,results/stage6_followup_v1/measurements/f2f1969ff234a313485c79a70a7089bd6d5ec96e7db0f5902aaac3950c36d660.npz,a1257ee8322bed325d6f3baff431c93e332f62c549121b02321e9c54c943fa0a,f2f1969ff234a313485c79a70a7089bd6d5ec96e7db0f5902aaac3950c36d660,newly_executed
0.8,0.525,0.01,raw,equal_gate,100000,True,False,12800000,100000,results/stage6_followup_v1/measurements/2c868e3cf62b6573e70373f049e223fe1d55770bdbfb4fa1c5ebc1d507190a1b.npz,3fc842680d3325b8303545750fd7fab362b99027803b0dcba135482494490bd2,2c868e3cf62b6573e70373f049e223fe1d55770bdbfb4fa1c5ebc1d507190a1b,newly_executed
0.8,0.525,0.01,zne_quadratic,equal_gate,100000,True,False,12800000,33334,results/stage6_followup_v1/measurements/cca0965453e74d5b429d44a3d2ee003a0aeae7052b6a3b16de2f5035bcab551b.npz,989a0a5d27d4e7b4faef8f8069bf1ed1d42d2a49e6c2686734bc8296acfd7492,cca0965453e74d5b429d44a3d2ee003a0aeae7052b6a3b16de2f5035bcab551b,newly_executed
0.8,0.525,0.01,sv,equal_gate,100000,True,False,12800000,100000,results/stage6_followup_v1/measurements/df0b79f3b3651fa15ec7dd18a86f550817e1654a97069bb2beb3f586ec6b512d.npz,724679f68cec9952084641d0a93b932a63bdbb8d736cd2eb873d26b7b1bf3cd6,df0b79f3b3651fa15ec7dd18a86f550817e1654a97069bb2beb3f586ec6b512d,newly_executed
0.8,0.525,0.05,raw,equal_gate,100000,True,False,12800000,100000,results/stage6_followup_v1/measurements/ec0bc860431e8f8832b486f611f875ea524824ad4c90a736c3d89be031f8fb56.npz,81797051b1dfb4d0f91cc59fa25427a3241273509fae8b08a680a13f663f11f9,ec0bc860431e8f8832b486f611f875ea524824ad4c90a736c3d89be031f8fb56,newly_executed
0.8,0.525,0.05,zne_quadratic,equal_gate,100000,True,False,12800000,33334,results/stage6_followup_v1/measurements/1992a2cdb95838e51df10ca32fd99fc6f402f22774cedf176a64bcf3a7ca877b.npz,0ed170a179f1a2d663b09e12ffd8362046f1422b70082ba776bc1bc6ee616291,1992a2cdb95838e51df10ca32fd99fc6f402f22774cedf176a64bcf3a7ca877b,newly_executed
0.8,0.525,0.05,sv,equal_gate,100000,True,False,12800000,100000,results/stage6_followup_v1/measurements/77562a83f3eda5762dd086dfdc356a4657c5b1ee7a42b0b168f7b03d9c39bfab.npz,a7757c93281c5f324c2271e721984b19410ce7f53dd7f9e82b70c75081a1b187,77562a83f3eda5762dd086dfdc356a4657c5b1ee7a42b0b168f7b03d9c39bfab,newly_executed
0.8,0.525,0,raw,equal_gate,300000,True,False,38399744,299998,results/stage6_followup_v1/measurements/c0b15baedae95bb70cf4c0f7149fd59900975ba62d5471dad39d96b99107ef30.npz,4c3deb7c3442b4501bfdb9311bb9e841347c8e892e1dac2093927b6827b9d4f0,c0b15baedae95bb70cf4c0f7149fd59900975ba62d5471dad39d96b99107ef30,newly_executed
0.8,0.525,0,zne_quadratic,equal_gate,300000,True,False,38399744,100000,results/stage6_followup_v1/measurements/349c97578961b3c25d6b1dcee5abd004b3f76cf41c6561b994c67ee0b11a24e1.npz,2dbe3a6d959e9421a46f51d0eab9a77b9e096df4185301e5185fdfe34c154577,349c97578961b3c25d6b1dcee5abd004b3f76cf41c6561b994c67ee0b11a24e1,newly_executed
0.8,0.525,0,sv,equal_gate,300000,True,False,38399744,299998,results/stage6_followup_v1/measurements/d8d60b013e641858ca1637ff5677a1f255a98685ea723fedb1f755e1db06e51e.npz,08313bd286afc57cbab7beab8dc0455ec9d19d0f2b5a1c18d1daa346cd583151,d8d60b013e641858ca1637ff5677a1f255a98685ea723fedb1f755e1db06e51e,newly_executed
0.8,0.525,0.01,raw,equal_gate,300000,True,False,38399744,299998,results/stage6_followup_v1/measurements/ad875741709f666efa6810cd2da4db7ec11357594b124abe2ab5b26aaf875ee1.npz,2b1b3d4f47c68c45a88530ab417c26d34ea2251e1e4cd18f78fd762bb278d905,ad875741709f666efa6810cd2da4db7ec11357594b124abe2ab5b26aaf875ee1,newly_executed
0.8,0.525,0.01,zne_quadratic,equal_gate,300000,True,False,38399744,100000,results/stage6_followup_v1/measurements/7d9c992c2b3eb577f53fd6dd3b84b27aa87d46fd097710e90a4bef5634c4fb80.npz,aa3574f2eb078bd43e316096b06aeba061e1bb7b300e930da382bffffe5c6245,7d9c992c2b3eb577f53fd6dd3b84b27aa87d46fd097710e90a4bef5634c4fb80,newly_executed
0.8,0.525,0.01,sv,equal_gate,300000,True,False,38399744,299998,results/stage6_followup_v1/measurements/80adeadcae629fe8f5b47877fad516a9456120d87e793c4a700d9555e5a74267.npz,e455f7f296629d78a982f7ee36c65130b478c27df2a0ba29f0a68ab7e898fe01,80adeadcae629fe8f5b47877fad516a9456120d87e793c4a700d9555e5a74267,newly_executed
0.8,0.525,0.05,raw,equal_gate,300000,True,False,38399744,299998,results/stage6_followup_v1/measurements/183869b7638135b1c15b4d8ddf7ef7c1a154d596aab4568e785fbd9dc838847e.npz,499f7f045a79983f1d26955cc953717814f9c832fae5408d284bf633094764b2,183869b7638135b1c15b4d8ddf7ef7c1a154d596aab4568e785fbd9dc838847e,newly_executed
0.8,0.525,0.05,zne_quadratic,equal_gate,300000,True,False,38399744,100000,results/stage6_followup_v1/measurements/78875065c8e365b33559f09c4a8e483fd30abfcff82faced15289921dfd5421b.npz,78d1c41c8a043f8e36701ecd77015c76f7a455b69b400f9fd483e9516d366933,78875065c8e365b33559f09c4a8e483fd30abfcff82faced15289921dfd5421b,newly_executed
0.8,0.525,0.05,sv,equal_gate,300000,True,False,38399744,299998,results/stage6_followup_v1/measurements/8e249f6eee8249726603c5fb6526ef151c6eb4390fd5c0edf12166ff3137eb2d.npz,98bd190b668beca67d724c7471b246ce213116d414750ce6cf06bd153e4da63f,8e249f6eee8249726603c5fb6526ef151c6eb4390fd5c0edf12166ff3137eb2d,newly_executed
0.8,0.5375,0,raw,equal_shots,100000,False,False,12800000,100000,results/stage6_followup_v1/measurements/0439f9d74e4940b5e717eb802e3ad0fb803dadcfdb9bac5411a0e68c00ae8b30.npz,93c8ac55e048103e59738f5ec20543bca647502aaefb6d4e057dfb2db7ef7ec2,0439f9d74e4940b5e717eb802e3ad0fb803dadcfdb9bac5411a0e68c00ae8b30,historical_reused
0.8,0.5375,0,zne_quadratic,equal_shots,100000,False,False,38399744,100000,results/stage6_followup_v1/measurements/2b08d509db9f6f3b486a373d05272fedf64cffde4d9c2ff3b0aaba5ccadd6ed0.npz,e80ca302eab84bf47902eeac59db83caa33d490cee6ae654ef87f83c83ab9c2e,2b08d509db9f6f3b486a373d05272fedf64cffde4d9c2ff3b0aaba5ccadd6ed0,historical_reused
0.8,0.5375,0,sv,equal_shots,100000,False,False,12800000,100000,results/stage6_followup_v1/measurements/6ea91f4124438270c3a1d6950727357f2ca74eb42513c01af71e7e69f05ad09a.npz,a15906f2a68ee44e2657295081044f07c9bc2ba7c41beb770eee7b1c9ec6b6ad,6ea91f4124438270c3a1d6950727357f2ca74eb42513c01af71e7e69f05ad09a,historical_reused
0.8,0.5375,0.01,raw,equal_shots,100000,False,False,12800000,100000,results/stage6_followup_v1/measurements/811e961e5a4fc419554f908aaf768d6558cf9c3248a735c58c6b8f33703a970e.npz,1b11b559d721a369b40dfa9c2a6b1d0b1c93277ba6c6416f8dacc8c1b28b1184,811e961e5a4fc419554f908aaf768d6558cf9c3248a735c58c6b8f33703a970e,historical_reused
0.8,0.5375,0.01,zne_quadratic,equal_shots,100000,False,False,38399744,100000,results/stage6_followup_v1/measurements/b87f01cd1103f6dd1770e06c367bfed9caa5fba83d8b9068b9d6cd4b36ffba5d.npz,d1ba464bf514b42aec3b8c9cc265081d1aea93f623c44c883fdd9672eccce218,b87f01cd1103f6dd1770e06c367bfed9caa5fba83d8b9068b9d6cd4b36ffba5d,historical_reused
0.8,0.5375,0.01,sv,equal_shots,100000,False,False,12800000,100000,results/stage6_followup_v1/measurements/f6d9d84f64fe8bb34f9d5ccf59896d45907676bcf979a424bffa15a3c8d2b0d3.npz,35b15b1b1a6a17b56802acb5fa884e96dc34a6ca130674cff609697ab3b2e262,f6d9d84f64fe8bb34f9d5ccf59896d45907676bcf979a424bffa15a3c8d2b0d3,historical_reused
0.8,0.5375,0.05,raw,equal_shots,100000,False,False,12800000,100000,results/stage6_followup_v1/measurements/10e8ab435309e3820c23e34db0d074cebfde4de76f6b756aee537fa070a696f4.npz,2c3ad3f473d654fad294e6c84361d71cf0debfbf71b93e77e349781d4d6ba8ee,10e8ab435309e3820c23e34db0d074cebfde4de76f6b756aee537fa070a696f4,historical_reused
0.8,0.5375,0.05,zne_quadratic,equal_shots,100000,False,False,38399744,100000,results/stage6_followup_v1/measurements/30c2cc0ab8df804eb96ea568054e2e08be20035fc8b0836c3cd4d46f2a7ac51f.npz,9fce2dd41879e40ce03d0fd1406fc780bd8467ec24e8aab28b86426e0b9fb6a8,30c2cc0ab8df804eb96ea568054e2e08be20035fc8b0836c3cd4d46f2a7ac51f,historical_reused
0.8,0.5375,0.05,sv,equal_shots,100000,False,False,12800000,100000,results/stage6_followup_v1/measurements/3cfd554fc46e87177e94d2041b52ce0db9397c4341de118d8bd1c08d68c1499d.npz,f2d55b3e5c7608f5e073b6fd01eb790841814dd5c63047b85dc2928599de5705,3cfd554fc46e87177e94d2041b52ce0db9397c4341de118d8bd1c08d68c1499d,historical_reused
0.8,0.5375,0,raw,equal_gate,100000,True,False,12800000,100000,results/stage6_followup_v1/measurements/030ad69810ddd5eacf581ecd2ff15fab04a1ad78b7233fcc950fd36b0ee0a9b0.npz,4f3049587eb8d526bfd1cff929790809142658738e15c9015a5be2bbf5a2d2e9,030ad69810ddd5eacf581ecd2ff15fab04a1ad78b7233fcc950fd36b0ee0a9b0,newly_executed
0.8,0.5375,0,zne_quadratic,equal_gate,100000,True,False,12800000,33334,results/stage6_followup_v1/measurements/08bd938ef3534d607ada9c708997d6ea79cbd4c2b81d31ab90cc7edb0c7ce556.npz,e144aa6f92470529e2c256892e104fd4586fdcce773e9e8cf742c715477b323d,08bd938ef3534d607ada9c708997d6ea79cbd4c2b81d31ab90cc7edb0c7ce556,newly_executed
0.8,0.5375,0,sv,equal_gate,100000,True,False,12800000,100000,results/stage6_followup_v1/measurements/f5c67127f780c96000857004e32ebd43677abe4c80278a9562856d870a72b660.npz,4e182625da5473d83aeea240efc19067f468685a0e7b4dc86143a6cd4ed4253a,f5c67127f780c96000857004e32ebd43677abe4c80278a9562856d870a72b660,newly_executed
0.8,0.5375,0.01,raw,equal_gate,100000,True,False,12800000,100000,results/stage6_followup_v1/measurements/99037bf754d124377a0831a23dcc4017ab8bed3ca0c978aae25e492407384804.npz,fde57644e301d607566eb8c3d7f356d124fe9cd2500af690b9ebf1bbacbbe6dc,99037bf754d124377a0831a23dcc4017ab8bed3ca0c978aae25e492407384804,newly_executed
0.8,0.5375,0.01,zne_quadratic,equal_gate,100000,True,False,12800000,33334,results/stage6_followup_v1/measurements/daf5d8a6b7072e5b062ef1bc516cbe2f82caa5c9dd30a50086089660cb7a5589.npz,3b089ccce4013dc1a39f7a43b791332fa7d03a1877a9cea4152b44d4debd8398,daf5d8a6b7072e5b062ef1bc516cbe2f82caa5c9dd30a50086089660cb7a5589,newly_executed
0.8,0.5375,0.01,sv,equal_gate,100000,True,False,12800000,100000,results/stage6_followup_v1/measurements/c02a0dd31436370afefc7a1ad6822ea0584d2bd29e0353f6e29cc17fe7ed91b3.npz,231aa5f692302f34927a38f1f82558c9cb0e3bf3f7e997d4fd111b468079a141,c02a0dd31436370afefc7a1ad6822ea0584d2bd29e0353f6e29cc17fe7ed91b3,newly_executed
0.8,0.5375,0.05,raw,equal_gate,100000,True,False,12800000,100000,results/stage6_followup_v1/measurements/1ead7830a526cb89546f900d78d5f77e6284a9d7272c93457e0d23b2b5da730c.npz,7ddf82bd503dee972d495b04f5c3fb4cf68047619f929afff972565775c90d56,1ead7830a526cb89546f900d78d5f77e6284a9d7272c93457e0d23b2b5da730c,newly_executed
0.8,0.5375,0.05,zne_quadratic,equal_gate,100000,True,False,12800000,33334,results/stage6_followup_v1/measurements/f856bf031e7377fe116ff7b2163cabcdc8a95caadf355d22ee341bc1c1cbe27b.npz,468fc310cc46cf52a0ccfe94716ce37518fe3572e324aa9f7ee9616ab8b39245,f856bf031e7377fe116ff7b2163cabcdc8a95caadf355d22ee341bc1c1cbe27b,newly_executed
0.8,0.5375,0.05,sv,equal_gate,100000,True,False,12800000,100000,results/stage6_followup_v1/measurements/5be741323bca6e6f5dcccdb335dec7af42fbc76de6066641a40443902e6e56b0.npz,6de1713b8fad4a69570964a7740a2800f0b06daa1a5b9d62d7f505cb9bf27666,5be741323bca6e6f5dcccdb335dec7af42fbc76de6066641a40443902e6e56b0,newly_executed
0.8,0.5375,0,raw,equal_gate,300000,True,False,38399744,299998,results/stage6_followup_v1/measurements/f698be418ba284fad0e5672bdc9d70210e9cecd370a93bca06dffc6d3cc3acee.npz,5fb55cf00685a77d3d736e6a2265b84bf478094047547a7e27e7df6d2605f206,f698be418ba284fad0e5672bdc9d70210e9cecd370a93bca06dffc6d3cc3acee,newly_executed
0.8,0.5375,0,zne_quadratic,equal_gate,300000,True,False,38399744,100000,results/stage6_followup_v1/measurements/b24afc460d9ab0a317839be089369ceab0c8220e86e1dea2c3bf1e82ee03b746.npz,e6664b70c626a6e082872d068abec7266c53ec7841db28c344079375149a76df,b24afc460d9ab0a317839be089369ceab0c8220e86e1dea2c3bf1e82ee03b746,newly_executed
0.8,0.5375,0,sv,equal_gate,300000,True,False,38399744,299998,results/stage6_followup_v1/measurements/d692dc167106b124284c48937fc51833f07634e571669952ab5a4e940197d377.npz,1caa7e461629b11d804eb486cfea00f3480b50d7e9af7c5f27103d0f7e82b9ca,d692dc167106b124284c48937fc51833f07634e571669952ab5a4e940197d377,newly_executed
0.8,0.5375,0.01,raw,equal_gate,300000,True,False,38399744,299998,results/stage6_followup_v1/measurements/99355126ca5b5eea3b2431990c2f23731e311efc505c3ebc160788cee2d65143.npz,de172d4c0daefe4dd9b5701404ddd8f778e3752c72eedd6f45c177f57c1458c4,99355126ca5b5eea3b2431990c2f23731e311efc505c3ebc160788cee2d65143,newly_executed
0.8,0.5375,0.01,zne_quadratic,equal_gate,300000,True,False,38399744,100000,results/stage6_followup_v1/measurements/ddb833a75481651bae4915f8facffca9ceacf8111107caa12f7a411be8d5f6ff.npz,53c43756bd9867c47e8f1d418b80b0ebbe8433961ad7b46cca7c6b398758523b,ddb833a75481651bae4915f8facffca9ceacf8111107caa12f7a411be8d5f6ff,newly_executed
0.8,0.5375,0.01,sv,equal_gate,300000,True,False,38399744,299998,results/stage6_followup_v1/measurements/1110cc819c9c336e8884acc93c2d8512d304046a854e9002fb307b340a3e0883.npz,4784e2128e54899433f9b5e5110c4bf42f900ff3a84e37ffaeecb4a0a66a01e4,1110cc819c9c336e8884acc93c2d8512d304046a854e9002fb307b340a3e0883,newly_executed
0.8,0.5375,0.05,raw,equal_gate,300000,True,False,38399744,299998,results/stage6_followup_v1/measurements/074f555bd4334dbfcb02c3177bf5eb00020b48d5066da9f39a699f3d8660afd1.npz,ab7b065acd1455b2fcc89d58c62835a7b214d0b83988512c22a1321f8e7c2214,074f555bd4334dbfcb02c3177bf5eb00020b48d5066da9f39a699f3d8660afd1,newly_executed
0.8,0.5375,0.05,zne_quadratic,equal_gate,300000,True,False,38399744,100000,results/stage6_followup_v1/measurements/486c8c0784c1d6faa2cd9dc0af29ebdf9b48412edabd2e4a369efb7525949793.npz,80f8ae5684a304f0a339773e52b3facedb1eb4a128b0fb73a265d12a1d40478a,486c8c0784c1d6faa2cd9dc0af29ebdf9b48412edabd2e4a369efb7525949793,newly_executed
0.8,0.5375,0.05,sv,equal_gate,300000,True,False,38399744,299998,results/stage6_followup_v1/measurements/737aeb5f2893ff5b45d8c441d7650d2e227d974a03e809e2e818b3cf38002949.npz,beaa73d7cb4368efdd79974d1d66d343392033978bed9898b06001438cd3fb66,737aeb5f2893ff5b45d8c441d7650d2e227d974a03e809e2e818b3cf38002949,newly_executed
0.8,0.55,0,raw,equal_shots,100000,False,False,12700000,100000,results/stage6_followup_v1/measurements/26a15f7b2e072fdb7b55f386351f4982e424726c76221fb4ad22641afe443615.npz,37a3ff4e38cb147755534b578883b227b7b5be05ff705a180533315cb84fa99d,26a15f7b2e072fdb7b55f386351f4982e424726c76221fb4ad22641afe443615,historical_reused
0.8,0.55,0,zne_quadratic,equal_shots,100000,False,False,38099746,100000,results/stage6_followup_v1/measurements/fafa5e41545ea2ad6e87cf8bf582bc1741b3d58544aff83136402335b4d1c639.npz,6d31f0d2b2354c6393bd064bdc2ad025e39d988c9bd3fa970760fbd3fe843b0b,fafa5e41545ea2ad6e87cf8bf582bc1741b3d58544aff83136402335b4d1c639,historical_reused
0.8,0.55,0,sv,equal_shots,100000,False,False,12700000,100000,results/stage6_followup_v1/measurements/4f476d19a8b3bfb24ad5492ac84b31209a16b26b236bef1cd707ae117fe474b0.npz,92f69648079002ddcf4ca3403cbbc48550ad5d6cd3596fabefcd5ecbe7f061cb,4f476d19a8b3bfb24ad5492ac84b31209a16b26b236bef1cd707ae117fe474b0,historical_reused
0.8,0.55,0.01,raw,equal_shots,100000,False,False,12700000,100000,results/stage6_followup_v1/measurements/7a5117aed3a42232c688addc429b6e9e40b532f9d8514e202240652618a3db15.npz,93c300288aa5e6c0ea2217813ec0cf2615abbbf91e52d6d229301cc58aea405f,7a5117aed3a42232c688addc429b6e9e40b532f9d8514e202240652618a3db15,historical_reused
0.8,0.55,0.01,zne_quadratic,equal_shots,100000,False,False,38099746,100000,results/stage6_followup_v1/measurements/ae9ba9d2baefe5a46911426ef05dcad7728d372b2619739d2cd14f2d63aae709.npz,2cd24c09bdab40c9e4929e6d667ecf289cb72f7a75a7a0078e98cb518a6812bb,ae9ba9d2baefe5a46911426ef05dcad7728d372b2619739d2cd14f2d63aae709,historical_reused
0.8,0.55,0.01,sv,equal_shots,100000,False,False,12700000,100000,results/stage6_followup_v1/measurements/35863d3f545bb2d906621e515e22af06c0a1ab5272699e814a8cd0e1a9fb8af3.npz,01e0c67f78b86455800ecd7f498fa918ddd9ca4f195e2d8ef10ea58b79fa903a,35863d3f545bb2d906621e515e22af06c0a1ab5272699e814a8cd0e1a9fb8af3,historical_reused
0.8,0.55,0.05,raw,equal_shots,100000,False,False,12700000,100000,results/stage6_followup_v1/measurements/a133c14b425d0721b73a6431fc8ab1869f20d8f33d97e23cabdb519cd0de8646.npz,47e23952abf8e68d80dbfda7cfa01c5813356251178dda7ac9d7f3b27f12f7fd,a133c14b425d0721b73a6431fc8ab1869f20d8f33d97e23cabdb519cd0de8646,historical_reused
0.8,0.55,0.05,zne_quadratic,equal_shots,100000,False,False,38099746,100000,results/stage6_followup_v1/measurements/3b333bf54a9d2c0ba1922110467105629abb5fee5619a4dbfe839b0caebaf175.npz,42c5454106ccd7ed760234997ac8876cbece839e3bcc14aa84eed480671133c8,3b333bf54a9d2c0ba1922110467105629abb5fee5619a4dbfe839b0caebaf175,historical_reused
0.8,0.55,0.05,sv,equal_shots,100000,False,False,12700000,100000,results/stage6_followup_v1/measurements/9a8d55a956d705ef2cb7641632fbd775179f892798c81980da80d14f909cde17.npz,7dda1c55fd42d95a1be4990dcf9e232e88b24e01e311cd4cf44462d952d310e0,9a8d55a956d705ef2cb7641632fbd775179f892798c81980da80d14f909cde17,historical_reused
0.8,0.55,0,raw,equal_gate,100000,True,False,12700000,100000,results/stage6_followup_v1/measurements/0313cb61af0cadeb4fc6b51e1625891ad2d6d6dfcd97b42c19008db74d692803.npz,65129c6bb0547d22385397cd1525b0bcd3df12cc7bbe2f91b734667eb6e7316a,0313cb61af0cadeb4fc6b51e1625891ad2d6d6dfcd97b42c19008db74d692803,newly_executed
0.8,0.55,0,zne_quadratic,equal_gate,100000,True,False,12700000,33334,results/stage6_followup_v1/measurements/9d12146c8197a0effa623f4b6effa3291796d0dd24eec4173a7889a542726002.npz,b4a0a7df07b700462de8fd738effcb50cf097762322fe90ac9a3c3e9b4d9e23f,9d12146c8197a0effa623f4b6effa3291796d0dd24eec4173a7889a542726002,newly_executed
0.8,0.55,0,sv,equal_gate,100000,True,False,12700000,100000,results/stage6_followup_v1/measurements/e7e38179b9a4f45719c13ff9e6707e4eb0cad42c7b110c579491bb5820fd1fad.npz,1d62431f8c3c12493b8e4ef60344e26ad2d25a16a89d8c502a13e798915dd376,e7e38179b9a4f45719c13ff9e6707e4eb0cad42c7b110c579491bb5820fd1fad,newly_executed
0.8,0.55,0.01,raw,equal_gate,100000,True,False,12700000,100000,results/stage6_followup_v1/measurements/1006963da22ed199c0170b0d8e743e7c19a1c8433e02999e0a670b7481439632.npz,25ee6eb8a879c059281f41e2e86f5a56a6f0a5b5b5dad90eebc599edbd119356,1006963da22ed199c0170b0d8e743e7c19a1c8433e02999e0a670b7481439632,newly_executed
0.8,0.55,0.01,zne_quadratic,equal_gate,100000,True,False,12700000,33334,results/stage6_followup_v1/measurements/633cd923ff3652941ea9e21e6d3e855e3409244e6b5cc31633e0b1e37a3c7b40.npz,95a31e710f0548f1314d262ddfa4cb6f49257affc3ee6621cf94a2e4edf68755,633cd923ff3652941ea9e21e6d3e855e3409244e6b5cc31633e0b1e37a3c7b40,newly_executed
0.8,0.55,0.01,sv,equal_gate,100000,True,False,12700000,100000,results/stage6_followup_v1/measurements/2b2d5314876cf5b2e9c8f5144441dd14eb37bc895ed6170f622fd5e0c68438d1.npz,9af1699acef366276283cd06f3767625467fa6437a74182167b7a055ec7e070e,2b2d5314876cf5b2e9c8f5144441dd14eb37bc895ed6170f622fd5e0c68438d1,newly_executed
0.8,0.55,0.05,raw,equal_gate,100000,True,False,12700000,100000,results/stage6_followup_v1/measurements/19baec64966a4f017f9ef669a5259111557ce5ac01833c0c106b3b3cf07ebd8f.npz,26592ec075911b0b6f428b69470dc49e914d2423c0819269caf3de6febbcfd37,19baec64966a4f017f9ef669a5259111557ce5ac01833c0c106b3b3cf07ebd8f,newly_executed
0.8,0.55,0.05,zne_quadratic,equal_gate,100000,True,False,12700000,33334,results/stage6_followup_v1/measurements/2d28e4671fb9277c6e3e915ce062886a63c9335b2ef54eb1bc56764d8e2e9df1.npz,4a57c94256d0dbb33968a5af81bbe112c5fa51b8b56dab152f9edbfc526b0ca9,2d28e4671fb9277c6e3e915ce062886a63c9335b2ef54eb1bc56764d8e2e9df1,newly_executed
0.8,0.55,0.05,sv,equal_gate,100000,True,False,12700000,100000,results/stage6_followup_v1/measurements/038c2c9d991a6d322585009cf3bec61b1e6bfc19eb07dd76eb63225f60e279cd.npz,8ed7c1147565f56d34e080ace5efcdd888666fa271f5f0c0f21b409111656a3e,038c2c9d991a6d322585009cf3bec61b1e6bfc19eb07dd76eb63225f60e279cd,newly_executed
0.8,0.55,0,raw,equal_gate,300000,True,False,38099746,299998,results/stage6_followup_v1/measurements/696a1e4cc16bdfe12b070f2cebabe0a6cc060e06046bcd61163f34559c482b0e.npz,e87cf012c9075558ea259221f61c5807e4d1e4de9a4daabd54544f6c9949e23a,696a1e4cc16bdfe12b070f2cebabe0a6cc060e06046bcd61163f34559c482b0e,newly_executed
0.8,0.55,0,zne_quadratic,equal_gate,300000,True,False,38099746,100000,results/stage6_followup_v1/measurements/b9407cc18210e496e22e34fe01f0c8fa2b305b0e5f7f92148a1f9ca500332994.npz,035796142ce059937a9d3ea99f91cf3b8374c6dfbc760d48eb1985204ab8fa37,b9407cc18210e496e22e34fe01f0c8fa2b305b0e5f7f92148a1f9ca500332994,newly_executed
0.8,0.55,0,sv,equal_gate,300000,True,False,38099746,299998,results/stage6_followup_v1/measurements/909a2a536ccac81b3339b46c9c1ae727c08cb1d91ffbba1a998c06d53712e734.npz,c26a2cc405f59b5de27eda3f6777331cdd83ba46b021263f29e8dff2e63a7c46,909a2a536ccac81b3339b46c9c1ae727c08cb1d91ffbba1a998c06d53712e734,newly_executed
0.8,0.55,0.01,raw,equal_gate,300000,True,False,38099746,299998,results/stage6_followup_v1/measurements/3edb19117220a63d8ef776bcaae6e43250bd2cda2dacefa11f3e4fbc73eb18ca.npz,d3fa621ac2fe926c4fe2a2c1826689a0f83c19939e8500d669ecc2d124ea1ce0,3edb19117220a63d8ef776bcaae6e43250bd2cda2dacefa11f3e4fbc73eb18ca,newly_executed
0.8,0.55,0.01,zne_quadratic,equal_gate,300000,True,False,38099746,100000,results/stage6_followup_v1/measurements/64f6a5639121ce7482663b87b0fd63d4db59ddc68b1927f4f622ceaae39cea4a.npz,b329b167c822fba8f385fbc93ed698573415971409502bccfaabe7610cbf3a55,64f6a5639121ce7482663b87b0fd63d4db59ddc68b1927f4f622ceaae39cea4a,newly_executed
0.8,0.55,0.01,sv,equal_gate,300000,True,False,38099746,299998,results/stage6_followup_v1/measurements/1e3c62df1886b25175da40b9f4fc5e655d3388eb3edd7bb9fac2d36078b8251b.npz,94da712e67c966daf721a3857888842af6527c956b92dfd018dc5e2e718c22d7,1e3c62df1886b25175da40b9f4fc5e655d3388eb3edd7bb9fac2d36078b8251b,newly_executed
0.8,0.55,0.05,raw,equal_gate,300000,True,False,38099746,299998,results/stage6_followup_v1/measurements/ef2655cc8eeb6e8a5f39e6152825762b56de6d0060ab644a5634372d095c6287.npz,0a9b3c2799bc1a3ebf497570d6b3ba9c2ec215aa3916de813483fd2e0f0f4f6e,ef2655cc8eeb6e8a5f39e6152825762b56de6d0060ab644a5634372d095c6287,newly_executed
0.8,0.55,0.05,zne_quadratic,equal_gate,300000,True,False,38099746,100000,results/stage6_followup_v1/measurements/ec812fc797286a4e7a456e963c328e16aee6652be74c9849c7ebd3b16fa9bb7b.npz,86b0086535f2466dc9d9e5b7b3333d9783fe33c1b38014a6a99f7806f687860c,ec812fc797286a4e7a456e963c328e16aee6652be74c9849c7ebd3b16fa9bb7b,newly_executed
0.8,0.55,0.05,sv,equal_gate,300000,True,False,38099746,299998,results/stage6_followup_v1/measurements/5c1ea12acbfe1b803f0c0e0a42ef706a2a05c4317402963ce8edf42b91fc0a19.npz,5806adae582d92f01ea4db8b97bf731f5860c9586b230ecb998de6562d852545,5c1ea12acbfe1b803f0c0e0a42ef706a2a05c4317402963ce8edf42b91fc0a19,newly_executed
0.8,0.5625,0,raw,equal_shots,100000,False,False,12800000,100000,results/stage6_followup_v1/measurements/94e6a386490b3393639c990b4ffd326e62e2aefcc0a2cebd54fd67f4ae04e070.npz,a01ca2ed5d25cebc1bdd7620508668de363649205d0be8be7cdc0a2bd5b5d6a1,94e6a386490b3393639c990b4ffd326e62e2aefcc0a2cebd54fd67f4ae04e070,historical_reused
0.8,0.5625,0,zne_quadratic,equal_shots,100000,False,False,38399744,100000,results/stage6_followup_v1/measurements/9e020fcc92111d1efca42d31bbabbe7f2e6f06511c7d02a547435964f8c3d7f1.npz,80d2c2cdd7636bd01da815938ad8ff4b4e6b907b4fc917dacb490030da4d4d33,9e020fcc92111d1efca42d31bbabbe7f2e6f06511c7d02a547435964f8c3d7f1,historical_reused
0.8,0.5625,0,sv,equal_shots,100000,False,False,12800000,100000,results/stage6_followup_v1/measurements/2838875af27e4d5b55eae0b77f084eee936804b38f5a76a83344e96479b9813e.npz,208717a88991917728a67b2c19d71066274be6af55088816d51d32976616a43f,2838875af27e4d5b55eae0b77f084eee936804b38f5a76a83344e96479b9813e,historical_reused
0.8,0.5625,0.01,raw,equal_shots,100000,False,False,12800000,100000,results/stage6_followup_v1/measurements/f5f57e474cb321974d5c533ab3a9535cfcae3d6eaaaed50368ea7066a95d5475.npz,b1e27726b8e1bd718cd4118d484b48bfd3c8f4d1f20b4a76e193f32f5308a385,f5f57e474cb321974d5c533ab3a9535cfcae3d6eaaaed50368ea7066a95d5475,historical_reused
0.8,0.5625,0.01,zne_quadratic,equal_shots,100000,False,False,38399744,100000,results/stage6_followup_v1/measurements/22fb89427f51b6338bd6e5fa3b4e56a78d2cb4a4636cb0c3d6b9e9b0ffbab8b2.npz,191032e113548a419eb7924e63a56248d82a72ad9b4fd671e503e1796742a31e,22fb89427f51b6338bd6e5fa3b4e56a78d2cb4a4636cb0c3d6b9e9b0ffbab8b2,historical_reused
0.8,0.5625,0.01,sv,equal_shots,100000,False,False,12800000,100000,results/stage6_followup_v1/measurements/4215eec02d14a979ee07d6ef44c43b72413ec0060f2a0044ecc2707d9d51fbea.npz,e58bd58c59467f5ef611b9b4440f114bfd93fd1c19e6006d88964d4786401c78,4215eec02d14a979ee07d6ef44c43b72413ec0060f2a0044ecc2707d9d51fbea,historical_reused
0.8,0.5625,0.05,raw,equal_shots,100000,False,False,12800000,100000,results/stage6_followup_v1/measurements/f5b987030054db17a8797da1c95db693dff5786c0c8291483b23ca1e11c6618e.npz,f2bddfaa8aef246f7ff643e2cda6e11f63bbf83a7c8c13eab74196603f11559e,f5b987030054db17a8797da1c95db693dff5786c0c8291483b23ca1e11c6618e,historical_reused
0.8,0.5625,0.05,zne_quadratic,equal_shots,100000,False,False,38399744,100000,results/stage6_followup_v1/measurements/5bd6b5aea4c00159c42915d39c35de68493a1bc52d5a546b15be65aa684283e3.npz,8d5fe942eecc5af1c525e1eed37c3a8d838465b6a5417a7e72087836190001ee,5bd6b5aea4c00159c42915d39c35de68493a1bc52d5a546b15be65aa684283e3,historical_reused
0.8,0.5625,0.05,sv,equal_shots,100000,False,False,12800000,100000,results/stage6_followup_v1/measurements/78a54336e3cc9bd5c6a10b3c245a268d80534d9440a78b77709a5638ef9c84b4.npz,100cc23657e5cbb9825e9ad0b8fcff364b2955356f159b9b54e738f8fa7ee72b,78a54336e3cc9bd5c6a10b3c245a268d80534d9440a78b77709a5638ef9c84b4,historical_reused
0.8,0.5625,0,raw,equal_gate,100000,True,False,12800000,100000,results/stage6_followup_v1/measurements/647a355b85ba829d7bc4723d44b71955da615189dc40b1c7b6e9fb642fa4efca.npz,e61c8995a99b3c919b6a867b48974c943b454105db5e9be0d5a3197915e53750,647a355b85ba829d7bc4723d44b71955da615189dc40b1c7b6e9fb642fa4efca,newly_executed
0.8,0.5625,0,zne_quadratic,equal_gate,100000,True,False,12800000,33334,results/stage6_followup_v1/measurements/78fc9139ea20719dd237bdde7eeaaa43bb59f825fe9e7036090a186f45bc6ba5.npz,bd6ed7eedbb2675707e5f49621f05613bd2e691e8b0e76dfac1186d2c0b77475,78fc9139ea20719dd237bdde7eeaaa43bb59f825fe9e7036090a186f45bc6ba5,newly_executed
0.8,0.5625,0,sv,equal_gate,100000,True,False,12800000,100000,results/stage6_followup_v1/measurements/df0d82261693df931fae424ea9e91edfe5a51841d29bd36664145eb99a902e71.npz,117ab8d6efbd731db4969e99b525d4183b7a5e4900cfbb6ccc961f86af169c41,df0d82261693df931fae424ea9e91edfe5a51841d29bd36664145eb99a902e71,newly_executed
0.8,0.5625,0.01,raw,equal_gate,100000,True,False,12800000,100000,results/stage6_followup_v1/measurements/9a470945281d6bbd7de8a862a02b5fb6ab525afd194ba95a3b4f0b81580e280f.npz,65f23c241e16a215a21d222efd506588f49086eb33054e9604d8763726308761,9a470945281d6bbd7de8a862a02b5fb6ab525afd194ba95a3b4f0b81580e280f,newly_executed
0.8,0.5625,0.01,zne_quadratic,equal_gate,100000,True,False,12800000,33334,results/stage6_followup_v1/measurements/6af66e7b65bbcc54a7683bf25e4261a46c6e55b71f0a57b7cf5821f1b5497d44.npz,c5396aa456476dd3b49c6c904a42a81889b643c121f74a2a1c209235a4f90738,6af66e7b65bbcc54a7683bf25e4261a46c6e55b71f0a57b7cf5821f1b5497d44,newly_executed
0.8,0.5625,0.01,sv,equal_gate,100000,True,False,12800000,100000,results/stage6_followup_v1/measurements/39876c717aa08eb6be17a3f973cbd4a0dc06bdd2964c91cd8b26a758a253326e.npz,96adb2fe4f5cc5c801ae3cd3d3d9d9d980d9b8a315acfe416b166daca05d48cc,39876c717aa08eb6be17a3f973cbd4a0dc06bdd2964c91cd8b26a758a253326e,newly_executed
0.8,0.5625,0.05,raw,equal_gate,100000,True,False,12800000,100000,results/stage6_followup_v1/measurements/24c67d5eca72a17fc12d06c407a0050d13cea9a9eb5cf99db8df9cb459e9af9b.npz,f465db4776831c5561fc884ae8151f5b25f2109aa72250f73d0fa8e350de3315,24c67d5eca72a17fc12d06c407a0050d13cea9a9eb5cf99db8df9cb459e9af9b,newly_executed
0.8,0.5625,0.05,zne_quadratic,equal_gate,100000,True,False,12800000,33334,results/stage6_followup_v1/measurements/8143c3e5a0be2048effad5d1a30b224ef31cc6768cdf727df8112fd5e04b6b0f.npz,37f506be396e6a97434a1ed012e5803e67a1a007c1d0ece94ecc7616790e20d1,8143c3e5a0be2048effad5d1a30b224ef31cc6768cdf727df8112fd5e04b6b0f,newly_executed
0.8,0.5625,0.05,sv,equal_gate,100000,True,False,12800000,100000,results/stage6_followup_v1/measurements/a8a69f4622ff0557d6788f9e7fa69cad3562d697ec93555d680b3ea6db0b6608.npz,e40092dff6165568f1a9622ced5540eae5eef55ff2bec10559f1397ede646a14,a8a69f4622ff0557d6788f9e7fa69cad3562d697ec93555d680b3ea6db0b6608,newly_executed
0.8,0.5625,0,raw,equal_gate,300000,True,False,38399744,299998,results/stage6_followup_v1/measurements/3fee037642e0285cee8f2e13073bda5fb96f608ac578110a428f090b1d8f0bc5.npz,4a10b5247efb43d947f09e52608e56db2205699c95d77b8a3e07063a671ba9d4,3fee037642e0285cee8f2e13073bda5fb96f608ac578110a428f090b1d8f0bc5,newly_executed
0.8,0.5625,0,zne_quadratic,equal_gate,300000,True,False,38399744,100000,results/stage6_followup_v1/measurements/220395dfc53dc5a6df6cee5e09c1c4cfdd1a72a9d42bb9282c24506826306dee.npz,cf46a8266d458451dffc80452dc26ced8e3df4180e6e269d38ba1644834c0fe3,220395dfc53dc5a6df6cee5e09c1c4cfdd1a72a9d42bb9282c24506826306dee,newly_executed
0.8,0.5625,0,sv,equal_gate,300000,True,False,38399744,299998,results/stage6_followup_v1/measurements/0ed76bd8b1b32e7ab023af9303752743dabdef0463c51da6e46529cff8739c6d.npz,e51e2f05adc94041d6f00ef2768b19df2fd559a3aeede2c85d36f31d9b43d527,0ed76bd8b1b32e7ab023af9303752743dabdef0463c51da6e46529cff8739c6d,newly_executed
0.8,0.5625,0.01,raw,equal_gate,300000,True,False,38399744,299998,results/stage6_followup_v1/measurements/2c8b073bd188974e9ac2149a84fb7fdc2800cd322c97efcd8954e7965ba6295d.npz,e335f117b53046a5b00e423cc6d81a58c06ca086a434e68dfd3b0611d730f7f2,2c8b073bd188974e9ac2149a84fb7fdc2800cd322c97efcd8954e7965ba6295d,newly_executed
0.8,0.5625,0.01,zne_quadratic,equal_gate,300000,True,False,38399744,100000,results/stage6_followup_v1/measurements/82e1c2ef9231dfe27c0a3219e4443a11b0d505a2a59487eebb8e622ced5eaef1.npz,41bbd8b9d255a4f2b6f838565ac6c6006ce477b6d485fe87f5dc52ceb7faf5cc,82e1c2ef9231dfe27c0a3219e4443a11b0d505a2a59487eebb8e622ced5eaef1,newly_executed
0.8,0.5625,0.01,sv,equal_gate,300000,True,False,38399744,299998,results/stage6_followup_v1/measurements/d94c799950245957dfdbdeb98b4ab0cb58666520571c1fca97b767c499a22eca.npz,dc20c17a16719d5120e94f96329e0b20e6b2f062f34d85c6f59378895ba7c530,d94c799950245957dfdbdeb98b4ab0cb58666520571c1fca97b767c499a22eca,newly_executed
0.8,0.5625,0.05,raw,equal_gate,300000,True,False,38399744,299998,results/stage6_followup_v1/measurements/19bbd40d975f8d3d7233fc80fd5b736b71fffb8fe94e8b87a286f6360d9ae96c.npz,cfbb6c39f59fd592c4f9854e41f72b825b9e77748c9d281e8d55c945360792b9,19bbd40d975f8d3d7233fc80fd5b736b71fffb8fe94e8b87a286f6360d9ae96c,newly_executed
0.8,0.5625,0.05,zne_quadratic,equal_gate,300000,True,False,38399744,100000,results/stage6_followup_v1/measurements/520101e4f47e02f812178049c600f7e8ab836786c8e787e6e296e0eec8c96654.npz,86f5ff258103d38b5d4fc1ee7cb1d051f2ba63e463dcc872a8acb02d290d0f77,520101e4f47e02f812178049c600f7e8ab836786c8e787e6e296e0eec8c96654,newly_executed
0.8,0.5625,0.05,sv,equal_gate,300000,True,False,38399744,299998,results/stage6_followup_v1/measurements/0db3428dffc2e3376d8df0cc6bea85d6d18f0ed5c6f35e38670e909fb703550d.npz,ac6cecd555bf959c1cc678a35c11264545fdede9e38cb8ee1811d060be2d501f,0db3428dffc2e3376d8df0cc6bea85d6d18f0ed5c6f35e38670e909fb703550d,newly_executed
0.8,0.575,0,raw,equal_shots,100000,False,False,12800000,100000,results/stage6_followup_v1/measurements/8ed3f6f02fb16bdac97c5bf3a0abd9a2221a601455c6076a8acbe8fb8c6980b8.npz,6132a2616c67681d39adcad8ab177ba6ef4a98768a9e17b950a87525d1b37b63,8ed3f6f02fb16bdac97c5bf3a0abd9a2221a601455c6076a8acbe8fb8c6980b8,historical_reused
0.8,0.575,0,zne_quadratic,equal_shots,100000,False,False,38399744,100000,results/stage6_followup_v1/measurements/d53a67a2f585fa2e9864730e9b2ba47839a4aa3b0f7cbe19b7ed94e8a1167919.npz,6b81e5bba6a9930ac433dd1289b13ecfdf62441031b364ef379b7b71986d1a4b,d53a67a2f585fa2e9864730e9b2ba47839a4aa3b0f7cbe19b7ed94e8a1167919,historical_reused
0.8,0.575,0,sv,equal_shots,100000,False,False,12800000,100000,results/stage6_followup_v1/measurements/0f52db5a23599a0862adf6db330b920d0e147ce694e42b2780891aa7b07f718c.npz,3c1fdd0bcfe5cd9374ad3cda3e238997813ca8cc3570dced2c913a68413b4956,0f52db5a23599a0862adf6db330b920d0e147ce694e42b2780891aa7b07f718c,historical_reused
0.8,0.575,0.01,raw,equal_shots,100000,False,False,12800000,100000,results/stage6_followup_v1/measurements/fcca6e5d036567a37aa2716fb495e7425a6e2c7288c880c37db63c50611eb88b.npz,35520fa32e187d61a6f4b139783b9aa14d8193c19ac8abeed5097946f19a988a,fcca6e5d036567a37aa2716fb495e7425a6e2c7288c880c37db63c50611eb88b,historical_reused
0.8,0.575,0.01,zne_quadratic,equal_shots,100000,False,False,38399744,100000,results/stage6_followup_v1/measurements/eed2ca2c69272a4c455ee2a7e85bf73ad425589cca311ba28627838afcf58913.npz,bdd543abc1b32e319e64e8d3f66fbd3e67f2cdbe72ff6736bd17c4107a1a27d0,eed2ca2c69272a4c455ee2a7e85bf73ad425589cca311ba28627838afcf58913,historical_reused
0.8,0.575,0.01,sv,equal_shots,100000,False,False,12800000,100000,results/stage6_followup_v1/measurements/ed4da4de2418e3f79f5f2608a2f4324b1ed487fc2c8717afbce53828dd8296a0.npz,d965487421bb144353c0ff251d93cf15f97bdbf1473caf60f0c951665851baa0,ed4da4de2418e3f79f5f2608a2f4324b1ed487fc2c8717afbce53828dd8296a0,historical_reused
0.8,0.575,0.05,raw,equal_shots,100000,False,False,12800000,100000,results/stage6_followup_v1/measurements/00fca6d2d13bf004964218581484e1ff6a492e39dec7b96ceff51ff7b51e71ca.npz,a10d28dce6ef858fab0ab4182e528131640618a3282b704f80a8586764b29217,00fca6d2d13bf004964218581484e1ff6a492e39dec7b96ceff51ff7b51e71ca,historical_reused
0.8,0.575,0.05,zne_quadratic,equal_shots,100000,False,False,38399744,100000,results/stage6_followup_v1/measurements/ee7455c7de356b8ca8d8a42adaa23938153c996b65649edd9524b7a735f0d061.npz,bc62e3f9195accd12b8aadf6154c714aef9a0f98fe08653e52a17c5d99d84b5c,ee7455c7de356b8ca8d8a42adaa23938153c996b65649edd9524b7a735f0d061,historical_reused
0.8,0.575,0.05,sv,equal_shots,100000,False,False,12800000,100000,results/stage6_followup_v1/measurements/7df0fc4c477937d5e70b4bf9093334eea8284e4080958043a7aa45fd333c6872.npz,24cc64ddad770aa491c56d80a18573d37c869b7262d1cfd322d8bd3cb17cbe24,7df0fc4c477937d5e70b4bf9093334eea8284e4080958043a7aa45fd333c6872,historical_reused
0.8,0.575,0,raw,equal_gate,100000,True,False,12800000,100000,results/stage6_followup_v1/measurements/ecf5b757d012db225dd3147d3a86bb2ffc973cf230d3839ccf9d4f2b811085b8.npz,13c83bf7a7083c7db4f67ca6d0e939b4343bc04840809310d017ab7a0968de12,ecf5b757d012db225dd3147d3a86bb2ffc973cf230d3839ccf9d4f2b811085b8,newly_executed
0.8,0.575,0,zne_quadratic,equal_gate,100000,True,False,12800000,33334,results/stage6_followup_v1/measurements/ae7ec9d9fb915556520df681ab5b5f668558f229bb207b7bb64bd8c5b8628c6e.npz,0e674b7c0f88d91a65eba261bc79874842e235f563606196a810d1a1d48e1c8c,ae7ec9d9fb915556520df681ab5b5f668558f229bb207b7bb64bd8c5b8628c6e,newly_executed
0.8,0.575,0,sv,equal_gate,100000,True,False,12800000,100000,results/stage6_followup_v1/measurements/e4418aad8cc509b17409916802729c5cfef8ee2fceb55ad632596998134af9bb.npz,123b34afb34251d4384872a6f982953f2bd96f71ec00d478dcddf358bd4963ce,e4418aad8cc509b17409916802729c5cfef8ee2fceb55ad632596998134af9bb,newly_executed
0.8,0.575,0.01,raw,equal_gate,100000,True,False,12800000,100000,results/stage6_followup_v1/measurements/ee56d4af63431036c9fbd80521713425960bc62c1dba55b2346ddbe559181993.npz,0c4f35ebe0525769bee9c01a335cc9b4beac669881e80f8cd693824581d719a3,ee56d4af63431036c9fbd80521713425960bc62c1dba55b2346ddbe559181993,newly_executed
0.8,0.575,0.01,zne_quadratic,equal_gate,100000,True,False,12800000,33334,results/stage6_followup_v1/measurements/fb60da0a57984495b0a46cdb0b0e4e184185c64c6cc10f6920d634284cb741ec.npz,cc23ded15a06c862dff4a0f7b83d1bd468951808815d56731296e92e6b23a6e4,fb60da0a57984495b0a46cdb0b0e4e184185c64c6cc10f6920d634284cb741ec,newly_executed
0.8,0.575,0.01,sv,equal_gate,100000,True,False,12800000,100000,results/stage6_followup_v1/measurements/2c93f107d4506cf67aaf6bf8984b84a705398e27af4be54cc9047e7002f978ac.npz,f2325c2b4941201f18b04a68fc38f62e8de8d842a9e9c5fce701ff80bfbc113c,2c93f107d4506cf67aaf6bf8984b84a705398e27af4be54cc9047e7002f978ac,newly_executed
0.8,0.575,0.05,raw,equal_gate,100000,True,False,12800000,100000,results/stage6_followup_v1/measurements/bbb7fa23db2eab5b2ce066a4c4a52778c31a0fe9060a6c8c8fec467327947a17.npz,e7184ecb76a32f46ce4a175639fa4f1143d2e57971ca1536545cc08d6e956636,bbb7fa23db2eab5b2ce066a4c4a52778c31a0fe9060a6c8c8fec467327947a17,newly_executed
0.8,0.575,0.05,zne_quadratic,equal_gate,100000,True,False,12800000,33334,results/stage6_followup_v1/measurements/42aff17baf58e59a366b0d277b29529c02112db1f4446cebcc7d30540e688b61.npz,bbbff99b9815392746b119783968e7b68d0deceef627573a69f590eea6117bcc,42aff17baf58e59a366b0d277b29529c02112db1f4446cebcc7d30540e688b61,newly_executed
0.8,0.575,0.05,sv,equal_gate,100000,True,False,12800000,100000,results/stage6_followup_v1/measurements/e60b9679e271fa7089a5da0ae17d5383b105143590c032f5a494ff3d483d9b00.npz,6018a33bebc3e757b7b4ad6c5917f8417183d9379bb68de713fea95ac74bca64,e60b9679e271fa7089a5da0ae17d5383b105143590c032f5a494ff3d483d9b00,newly_executed
0.8,0.575,0,raw,equal_gate,300000,True,False,38399744,299998,results/stage6_followup_v1/measurements/f11ed47ca4f61e33b68fc8ce7958bcb2ad98e976773a01f5f50962905c3dacb6.npz,95182cd7ef7c9c3b49f1a28f46e65fec32e69ce7fbbeb73a999054e4b2a8e670,f11ed47ca4f61e33b68fc8ce7958bcb2ad98e976773a01f5f50962905c3dacb6,newly_executed
0.8,0.575,0,zne_quadratic,equal_gate,300000,True,False,38399744,100000,results/stage6_followup_v1/measurements/67a0e428579182c48be7e18736499515c8f989a2e36622b7c0722b7d06b19468.npz,c2eb4263f675385ccb0d4823a1971e559c9cfe296f75ada973876ee88c654aec,67a0e428579182c48be7e18736499515c8f989a2e36622b7c0722b7d06b19468,newly_executed
0.8,0.575,0,sv,equal_gate,300000,True,False,38399744,299998,results/stage6_followup_v1/measurements/1ea6ba5605ac8aea23d4226c3476400f64c8e10c523c756ba6d5b96e0d01e8fe.npz,597bbc17ed81c47d25863aec2a5dedf62207d97e0e663ef407c6a3baf44c83e4,1ea6ba5605ac8aea23d4226c3476400f64c8e10c523c756ba6d5b96e0d01e8fe,newly_executed
0.8,0.575,0.01,raw,equal_gate,300000,True,False,38399744,299998,results/stage6_followup_v1/measurements/ee39d5ef9a3b9116bb9407a921a177ee179d6cd90869accce6f3421b017e7d65.npz,6c80d3dedaf673e7d3e9edc846c709b3be3e367c590549f9ec17bda9fb6b55d7,ee39d5ef9a3b9116bb9407a921a177ee179d6cd90869accce6f3421b017e7d65,newly_executed
0.8,0.575,0.01,zne_quadratic,equal_gate,300000,True,False,38399744,100000,results/stage6_followup_v1/measurements/0041c667072d1c4faa3daaf01aee1e8209b0dcdfa3ea18aa2330dd09ef4b5c7f.npz,77563556f723750dac8b9b0eaf96199cb30e4a985f65bcef4b2201e939f190c9,0041c667072d1c4faa3daaf01aee1e8209b0dcdfa3ea18aa2330dd09ef4b5c7f,newly_executed
0.8,0.575,0.01,sv,equal_gate,300000,True,False,38399744,299998,results/stage6_followup_v1/measurements/466ba54cec8695b376eb97b5c80e9e301c974e360495900b8161bae3b110812b.npz,cd603031c47a120fd83a27144d4c82a83f54b7aa00500f3dc6d7840215233dae,466ba54cec8695b376eb97b5c80e9e301c974e360495900b8161bae3b110812b,newly_executed
0.8,0.575,0.05,raw,equal_gate,300000,True,False,38399744,299998,results/stage6_followup_v1/measurements/7758c821db7fbbe9c1c30ce086263ce57f1529bc4675556d39369cdd66de19a8.npz,2906b99f3be42cf5cc7db741f91e7a4519cd88f525f6e5a0d3e26c223ee315ad,7758c821db7fbbe9c1c30ce086263ce57f1529bc4675556d39369cdd66de19a8,newly_executed
0.8,0.575,0.05,zne_quadratic,equal_gate,300000,True,False,38399744,100000,results/stage6_followup_v1/measurements/22014b09abfddbd86fc1bf44fbff40f2b91268b00e551eca3accd55983f7b115.npz,60b48223e0a237d1a3af36edd1d17bd33d1480443258425d56a3032807c93b1e,22014b09abfddbd86fc1bf44fbff40f2b91268b00e551eca3accd55983f7b115,newly_executed
0.8,0.575,0.05,sv,equal_gate,300000,True,False,38399744,299998,results/stage6_followup_v1/measurements/cbeda0f365e73c18f183a96b356b3779151ec4473799f21274399d98d2f4133a.npz,7e71cb9cafa38261d35daec317754b23c0abfc4edd6a7fb7f57b17f543f31ae9,cbeda0f365e73c18f183a96b356b3779151ec4473799f21274399d98d2f4133a,newly_executed
0.8,0.5875,0,raw,equal_shots,100000,False,False,12800000,100000,results/stage6_followup_v1/measurements/87077404e78b078abf6059ebf6ef463ed3bad0be33260820d1739ec664a0af1f.npz,39c1271a1bde63e2f8a0a6014cbf082f3b81bd2ac75a72edb12c6d8c67448066,87077404e78b078abf6059ebf6ef463ed3bad0be33260820d1739ec664a0af1f,historical_reused
0.8,0.5875,0,zne_quadratic,equal_shots,100000,False,False,38399744,100000,results/stage6_followup_v1/measurements/94ada8a78c534c315db781cd555b2db1a9995652e663cb794705f76aea67167b.npz,fc8f766c26b8e185d83953e0a9eef3f8a9fd607dadbcf24e63943066cb381f92,94ada8a78c534c315db781cd555b2db1a9995652e663cb794705f76aea67167b,historical_reused
0.8,0.5875,0,sv,equal_shots,100000,False,False,12800000,100000,results/stage6_followup_v1/measurements/092068fdb5ea25700b0346d78299739b0467e89cf758285676ffe4ad16b2817f.npz,7e4fcab9e4c384e2fa8275b93b4967be7d952ecbad68dba1b1f5f8efa9d3a98b,092068fdb5ea25700b0346d78299739b0467e89cf758285676ffe4ad16b2817f,historical_reused
0.8,0.5875,0.01,raw,equal_shots,100000,False,False,12800000,100000,results/stage6_followup_v1/measurements/f4a7a3484978ae72b3e67e92f5fb91c8c3dd2ad76f3d1ea3059bc3ad2c4e061e.npz,81911424c14d0c842eb81f176f347360231effd9591203ff6e5416d1bcc43bbd,f4a7a3484978ae72b3e67e92f5fb91c8c3dd2ad76f3d1ea3059bc3ad2c4e061e,historical_reused
0.8,0.5875,0.01,zne_quadratic,equal_shots,100000,False,False,38399744,100000,results/stage6_followup_v1/measurements/71ff09668f20682203adb0e07d5b33f3a2870af3832826ef7c9daa20af5a90e7.npz,b61768db8f9330a3ca86937eef95e9081d54f64ab033b4fb5bbc12429760caaf,71ff09668f20682203adb0e07d5b33f3a2870af3832826ef7c9daa20af5a90e7,historical_reused
0.8,0.5875,0.01,sv,equal_shots,100000,False,False,12800000,100000,results/stage6_followup_v1/measurements/172e5beae42e5a62121eb489a32c16a9014d5f67f2993ad283401d1ca9dc1a85.npz,7ea4584b3cd2553871b87bb9884f4cf575746e2e4f90620ba99384194b1ba0ca,172e5beae42e5a62121eb489a32c16a9014d5f67f2993ad283401d1ca9dc1a85,historical_reused
0.8,0.5875,0.05,raw,equal_shots,100000,False,False,12800000,100000,results/stage6_followup_v1/measurements/841b34ff280b0315bed54a8995c7a1dea20b0b58818a1578d369cb7f12fddc5d.npz,22c05a8c2dbba72d071c303add0fd249b58485914c171943aa082e33eeb244cf,841b34ff280b0315bed54a8995c7a1dea20b0b58818a1578d369cb7f12fddc5d,historical_reused
0.8,0.5875,0.05,zne_quadratic,equal_shots,100000,False,False,38399744,100000,results/stage6_followup_v1/measurements/42e0209b08ddb31940da9635450b0fcc665fcdafb02b78f2f2cd37028d973c64.npz,ac5a7a5a267eef1a4444e36aabf293375eac939b9bf0f3da637d70da36d4ac3d,42e0209b08ddb31940da9635450b0fcc665fcdafb02b78f2f2cd37028d973c64,historical_reused
0.8,0.5875,0.05,sv,equal_shots,100000,False,False,12800000,100000,results/stage6_followup_v1/measurements/491c18025015425e9142a0e55699c5dd6a9f7bbd9e6454fdb2365f5ab1340669.npz,fd4e8802242674a7a111d6636e2e8c8c5c7c9c3dbde467ba4a5b2d32ab9ee5d2,491c18025015425e9142a0e55699c5dd6a9f7bbd9e6454fdb2365f5ab1340669,historical_reused
0.8,0.5875,0,raw,equal_gate,100000,True,False,12800000,100000,results/stage6_followup_v1/measurements/4785fb8cf9a3cca9b81bf83d15d02b0b2c7b6714ab8ee6c21dabbfd307278f2a.npz,25978a414c16194589cbb86d0aa405ab71be70d7259964bd3a259b209675acf3,4785fb8cf9a3cca9b81bf83d15d02b0b2c7b6714ab8ee6c21dabbfd307278f2a,newly_executed
0.8,0.5875,0,zne_quadratic,equal_gate,100000,True,False,12800000,33334,results/stage6_followup_v1/measurements/bb97565651db482ba2b57f072c5ceb1c2b06af5bb26b6704cf501e1683c8e403.npz,f211c143372c08c16678b8253830673a43e901ee08453544b1642dc743b7fcb9,bb97565651db482ba2b57f072c5ceb1c2b06af5bb26b6704cf501e1683c8e403,newly_executed
0.8,0.5875,0,sv,equal_gate,100000,True,False,12800000,100000,results/stage6_followup_v1/measurements/49ff28024814050508f166c5fb2fad8a1a620d5a0305b258166d389b194b9eb4.npz,60651752189a860a772012e125d67ee4e2d15b3b663eb9d53242c40703828a24,49ff28024814050508f166c5fb2fad8a1a620d5a0305b258166d389b194b9eb4,newly_executed
0.8,0.5875,0.01,raw,equal_gate,100000,True,False,12800000,100000,results/stage6_followup_v1/measurements/6a7b6c344806d6a2cc313d4e20ec037a8e4e1f77c34718c6b2a69151798e8c6a.npz,fce6f4a460e78e85814285a67f88ec51b8a100915a335b82127368cc7d9aef5d,6a7b6c344806d6a2cc313d4e20ec037a8e4e1f77c34718c6b2a69151798e8c6a,newly_executed
0.8,0.5875,0.01,zne_quadratic,equal_gate,100000,True,False,12800000,33334,results/stage6_followup_v1/measurements/23d73cd2c31a9a997692aaaabc3fd90ef347749e324c00a28699b45fc15b2633.npz,ddd4f901fee490589c069d0df1e4821b9ca0022ff3fde8d529a0294766592093,23d73cd2c31a9a997692aaaabc3fd90ef347749e324c00a28699b45fc15b2633,newly_executed
0.8,0.5875,0.01,sv,equal_gate,100000,True,False,12800000,100000,results/stage6_followup_v1/measurements/ec266b37914222e679cd4b316416e6566a6a5ee7574fe49116e95653c82322f6.npz,f04e18a490b8c4910343bf6ce89ed97297cda110a95a792ed41f0a5dfa3a1178,ec266b37914222e679cd4b316416e6566a6a5ee7574fe49116e95653c82322f6,newly_executed
0.8,0.5875,0.05,raw,equal_gate,100000,True,False,12800000,100000,results/stage6_followup_v1/measurements/e40c2e16c7a54c7f03a0bf9be6b7a82a8648c2c3340ee40d096570ccd69f45d5.npz,73f39fa4b37a5632c10c11e719cc590ad3759d94a14a222e4b9fd4dae4c9f982,e40c2e16c7a54c7f03a0bf9be6b7a82a8648c2c3340ee40d096570ccd69f45d5,newly_executed
0.8,0.5875,0.05,zne_quadratic,equal_gate,100000,True,False,12800000,33334,results/stage6_followup_v1/measurements/4fd4dd54252c9f2570eeae8c99052cba8bffb5725a47d335aa73cc675179c26c.npz,d7e3a10ed026e3b86fd0551a3d61bfceb3bdd0c8a956f41bbec1aaf1bcc5b143,4fd4dd54252c9f2570eeae8c99052cba8bffb5725a47d335aa73cc675179c26c,newly_executed
0.8,0.5875,0.05,sv,equal_gate,100000,True,False,12800000,100000,results/stage6_followup_v1/measurements/1fea5ac2c7fc2bfa3bf8aac8459426de1dbcdcb0c63eafdd6405a3b6c3d702bf.npz,2fbf48c91eb6c35895aa5979fccd2272f8d1dc26f9033c7a49667a2f854a4a48,1fea5ac2c7fc2bfa3bf8aac8459426de1dbcdcb0c63eafdd6405a3b6c3d702bf,newly_executed
0.8,0.5875,0,raw,equal_gate,300000,True,False,38399744,299998,results/stage6_followup_v1/measurements/03be11bdcd5b88f3cb1fcd844922ea51094adc75341c92536fe190d7ef8a294d.npz,9918ec9cac40502c6eb5055ef937d964f2d931d2e9912c6669f162081a590130,03be11bdcd5b88f3cb1fcd844922ea51094adc75341c92536fe190d7ef8a294d,newly_executed
0.8,0.5875,0,zne_quadratic,equal_gate,300000,True,False,38399744,100000,results/stage6_followup_v1/measurements/ef2e5ebfc4116a4d7b8abc00625abaa7c9142541ea7d4706eb37dbee99655120.npz,b9172cb85ca89ee41f3290aebb808e057be6b11395c7a5b1a32581ab59c572b3,ef2e5ebfc4116a4d7b8abc00625abaa7c9142541ea7d4706eb37dbee99655120,newly_executed
0.8,0.5875,0,sv,equal_gate,300000,True,False,38399744,299998,results/stage6_followup_v1/measurements/a57c1af7c351a916380cd9bbcd80e16f07f54a694597623d948f889ab6cb9451.npz,8f737570c7379b5a2ae27c6cf953ba112c5b1c11d6e991bcdb87197b78fb7da1,a57c1af7c351a916380cd9bbcd80e16f07f54a694597623d948f889ab6cb9451,newly_executed
0.8,0.5875,0.01,raw,equal_gate,300000,True,False,38399744,299998,results/stage6_followup_v1/measurements/76d2a6aa3e188b7513c3d8701e219a474cf316689e52e51929f6a57ad17a8736.npz,ad4e0171d883403547c1711aa7c7acaee9b99fafd27981ce3bc98888bce0a614,76d2a6aa3e188b7513c3d8701e219a474cf316689e52e51929f6a57ad17a8736,newly_executed
0.8,0.5875,0.01,zne_quadratic,equal_gate,300000,True,False,38399744,100000,results/stage6_followup_v1/measurements/8afcf145db7c9016f0bf17bbff0b1d6260551eeba1cc1e6d1b37d13d683e8c3c.npz,6da77463e92f46c2022fa01883375ed2aaa3387a1c7c79f0f8b5372398f77f4a,8afcf145db7c9016f0bf17bbff0b1d6260551eeba1cc1e6d1b37d13d683e8c3c,newly_executed
0.8,0.5875,0.01,sv,equal_gate,300000,True,False,38399744,299998,results/stage6_followup_v1/measurements/e5844ac7afa570198d83d2dd573f759ca9a92a7c8bc0020e07da1ae469d0c425.npz,bbb4a601b79e359a07ad488728cfb7efd91842f5204897d1a36b2797665961f0,e5844ac7afa570198d83d2dd573f759ca9a92a7c8bc0020e07da1ae469d0c425,newly_executed
0.8,0.5875,0.05,raw,equal_gate,300000,True,False,38399744,299998,results/stage6_followup_v1/measurements/d7c47bb5f115b39a106ae98e81cd707d58c5d06102cfd1dfe00b746d1473ebd6.npz,b4ddee1608507f003a58ec85a502c642a6affccb47c01d97b9d7af645c60131c,d7c47bb5f115b39a106ae98e81cd707d58c5d06102cfd1dfe00b746d1473ebd6,newly_executed
0.8,0.5875,0.05,zne_quadratic,equal_gate,300000,True,False,38399744,100000,results/stage6_followup_v1/measurements/2e2facb420b4c59226997807b6674d367de546dd675afe10aac6af10c4de5ab6.npz,d82a3576e24d472cd2e1cfd2a56601aae3d4948e91caa7c74faa350889250fd7,2e2facb420b4c59226997807b6674d367de546dd675afe10aac6af10c4de5ab6,newly_executed
0.8,0.5875,0.05,sv,equal_gate,300000,True,False,38399744,299998,results/stage6_followup_v1/measurements/dfa6eeca623802c91682173396952b726deca65b328a297dfbf4483b4e0ea7c9.npz,7346c42428c4b58a19497684b3aff968544a5725c5a193d863095fd3dd39a228,dfa6eeca623802c91682173396952b726deca65b328a297dfbf4483b4e0ea7c9,newly_executed
0.8,0.6,0,raw,equal_shots,100000,False,False,12800000,100000,results/stage6_followup_v1/measurements/0e25802eee4d136da1f164ece71b3423b15a389d6a7996b7580d90884ef4446b.npz,c1a0f139b914b71192d509c336b41ca63ef9a0a06b7bddef0e3fe79db4ff27fa,0e25802eee4d136da1f164ece71b3423b15a389d6a7996b7580d90884ef4446b,historical_reused
0.8,0.6,0,zne_quadratic,equal_shots,100000,False,False,38399744,100000,results/stage6_followup_v1/measurements/6af11d18f8e39250fd48d590fd481196069a40b58058265d5000b6cf7887cb00.npz,8bf2e314d7f755832a0e1bedb375d2befec43895d2fce0e847ce3b29f40d7f67,6af11d18f8e39250fd48d590fd481196069a40b58058265d5000b6cf7887cb00,historical_reused
0.8,0.6,0,sv,equal_shots,100000,False,False,12800000,100000,results/stage6_followup_v1/measurements/7a79b553d4ce52bc4e66956a895e544e20a867611aff22bf0cebe9f02c1224bb.npz,bba8882be0f6bce86476781b90124f350ff0baa6e4624d37f939c0e900c5a2dc,7a79b553d4ce52bc4e66956a895e544e20a867611aff22bf0cebe9f02c1224bb,historical_reused
0.8,0.6,0.01,raw,equal_shots,100000,False,False,12800000,100000,results/stage6_followup_v1/measurements/f186c69990e40e5f1830b4e24bb4a990fe21c76902d3a6d7036e9d0dd4d2d098.npz,625308b492027b621151eca9400ad8bf68c88b2b2c96c6f46085f9ac9ceb4208,f186c69990e40e5f1830b4e24bb4a990fe21c76902d3a6d7036e9d0dd4d2d098,historical_reused
0.8,0.6,0.01,zne_quadratic,equal_shots,100000,False,False,38399744,100000,results/stage6_followup_v1/measurements/c398ca56d15d08f577438c948e8a062a5651d7aec418a3e0cb9b06bc8a5da6ca.npz,4112f81dc14eb7088a1620637f5a51292af248dd9dd7d81bc621b1ff5ac29a0a,c398ca56d15d08f577438c948e8a062a5651d7aec418a3e0cb9b06bc8a5da6ca,historical_reused
0.8,0.6,0.01,sv,equal_shots,100000,False,False,12800000,100000,results/stage6_followup_v1/measurements/1f18b803a5ba9e2dd4a92b30c580d4c562dc2173d5831c510ef507a9425b4751.npz,e7a59ce03f2075f6d5b27aba094596a3df439a04f615b4ea137d39fa9fce704e,1f18b803a5ba9e2dd4a92b30c580d4c562dc2173d5831c510ef507a9425b4751,historical_reused
0.8,0.6,0.05,raw,equal_shots,100000,False,False,12800000,100000,results/stage6_followup_v1/measurements/ca00c43df6b07e8a19e55385e6fc7e1bd5bcce0caed0a836e79c247ef0c5763b.npz,88ce619887a907f89d905d17cc8fc3271c48310d2c69ba5de8762337ca22501d,ca00c43df6b07e8a19e55385e6fc7e1bd5bcce0caed0a836e79c247ef0c5763b,historical_reused
0.8,0.6,0.05,zne_quadratic,equal_shots,100000,False,False,38399744,100000,results/stage6_followup_v1/measurements/8027cb6b219cd52a0babb7bb837ecae16204f632f2fd60910ad2addcbc135e68.npz,b74841994a3eaf3727cbf2eacd0716de3903bdbbf8462855fbc811f67953ce02,8027cb6b219cd52a0babb7bb837ecae16204f632f2fd60910ad2addcbc135e68,historical_reused
0.8,0.6,0.05,sv,equal_shots,100000,False,False,12800000,100000,results/stage6_followup_v1/measurements/0e5af5d7836ddbdcd13c7414796bc8ac25b4d80b212e37860f9940c34dd520d1.npz,575e4213738a0a41d40eed6704980bc713098af760e382c2fe12db6462b67690,0e5af5d7836ddbdcd13c7414796bc8ac25b4d80b212e37860f9940c34dd520d1,historical_reused
0.8,0.6,0,raw,equal_gate,100000,True,False,12800000,100000,results/stage6_followup_v1/measurements/4170852f45f8a61d6c28c1fc6445d6f4873d50cb641a04cac840ea8c70f25efb.npz,ee2f9c2b24fd258a6fff23d443decbcd5672257afb3360eeb7965c370c81d39f,4170852f45f8a61d6c28c1fc6445d6f4873d50cb641a04cac840ea8c70f25efb,newly_executed
0.8,0.6,0,zne_quadratic,equal_gate,100000,True,False,12800000,33334,results/stage6_followup_v1/measurements/52ffc465af0e0f12474c712f6ef67ac57eba74b4f40dc9ff8574d83570b8f21c.npz,c8598552ecc766380847640a180543c1033c0373c8da6790f122e778fdcc8b08,52ffc465af0e0f12474c712f6ef67ac57eba74b4f40dc9ff8574d83570b8f21c,newly_executed
0.8,0.6,0,sv,equal_gate,100000,True,False,12800000,100000,results/stage6_followup_v1/measurements/07809406c8654e85bad2526cbce411e6718007012698f1c99952c5b384a71087.npz,85cc620d8150d71794feffd4f74f73eb07d0f3da2c481c7cc2edd3089b809d16,07809406c8654e85bad2526cbce411e6718007012698f1c99952c5b384a71087,newly_executed
0.8,0.6,0.01,raw,equal_gate,100000,True,False,12800000,100000,results/stage6_followup_v1/measurements/fcb8dd2912c7ca26c1ee9a3b6b7b279b89b89a1bee3168d31e2b35c9179590d6.npz,3cebafdce578e1bd1c4e451a7d9fabf803386fe4e585a97bd3d0edc88d36b258,fcb8dd2912c7ca26c1ee9a3b6b7b279b89b89a1bee3168d31e2b35c9179590d6,newly_executed
0.8,0.6,0.01,zne_quadratic,equal_gate,100000,True,False,12800000,33334,results/stage6_followup_v1/measurements/e0cba6b18d19f36a94b6f9776c527acc5129cda5de0e607ebabb1b71ad9649aa.npz,09488ea1fd07778afea9c3f68f8d05b74e8d5966aece1a18dd91324729fa3983,e0cba6b18d19f36a94b6f9776c527acc5129cda5de0e607ebabb1b71ad9649aa,newly_executed
0.8,0.6,0.01,sv,equal_gate,100000,True,False,12800000,100000,results/stage6_followup_v1/measurements/e042eab1266ca3dd9958b072f591ce4fd2549e09354b0d641a991b88b250ae90.npz,63edd68fedb024aa1e2c1c6e4e677711a65b5b64390a4c790dd3c3532f66c979,e042eab1266ca3dd9958b072f591ce4fd2549e09354b0d641a991b88b250ae90,newly_executed
0.8,0.6,0.05,raw,equal_gate,100000,True,False,12800000,100000,results/stage6_followup_v1/measurements/5b8e97e6fe856aba42a51797547e8c8884caa291119a43fa0f0a6556e034f78f.npz,3b22ac1a2e92fc1ae89bb21be120f318aebdd833462f7c3a8df6e5f254177129,5b8e97e6fe856aba42a51797547e8c8884caa291119a43fa0f0a6556e034f78f,newly_executed
0.8,0.6,0.05,zne_quadratic,equal_gate,100000,True,False,12800000,33334,results/stage6_followup_v1/measurements/c0ce7c952e2637add07ea69ac89273f2a4f31163517fee042b74381a01696323.npz,709f7145c0949c6b23fc76581b52780d6b28d7b3ea567e4bd35ed57571f7e5dc,c0ce7c952e2637add07ea69ac89273f2a4f31163517fee042b74381a01696323,newly_executed
0.8,0.6,0.05,sv,equal_gate,100000,True,False,12800000,100000,results/stage6_followup_v1/measurements/a7fe3fdecc69f4a5499d54ee2928ded947ab399f752044f84841c7e28eb9d92d.npz,0d4a826aba3cfee04b1eb914fc44b475b329c4e783d545e37bb85d61479e0872,a7fe3fdecc69f4a5499d54ee2928ded947ab399f752044f84841c7e28eb9d92d,newly_executed
0.8,0.6,0,raw,equal_gate,300000,True,False,38399744,299998,results/stage6_followup_v1/measurements/0a3e1bce54ae569e1835b70500b20ad7938dcef6f8b442c425251e43c810f617.npz,46d1349cc07223bf8a1dfcf0c7d5a0c05a67d80185cddd7c01b5c2088e9d39b1,0a3e1bce54ae569e1835b70500b20ad7938dcef6f8b442c425251e43c810f617,newly_executed
0.8,0.6,0,zne_quadratic,equal_gate,300000,True,False,38399744,100000,results/stage6_followup_v1/measurements/68022c0b5414835da516db0ca362154b9bf048fe68e998dada25d6a51e065683.npz,54eb0ea0beebeb993d9725d6e16ec31bb1359a8cc4c76370ce6ea4783415bed6,68022c0b5414835da516db0ca362154b9bf048fe68e998dada25d6a51e065683,newly_executed
0.8,0.6,0,sv,equal_gate,300000,True,False,38399744,299998,results/stage6_followup_v1/measurements/f4b71e1b67fdfda4398387f09124a745837ca2439f556263b8777d192abcf1f6.npz,5ecd1ba848dfc984829cd7b03cd13e4651acc86b1abd29fe4ba040ab06348cfc,f4b71e1b67fdfda4398387f09124a745837ca2439f556263b8777d192abcf1f6,newly_executed
0.8,0.6,0.01,raw,equal_gate,300000,True,False,38399744,299998,results/stage6_followup_v1/measurements/cf0ab0931eb2ce0123e16e388074d63784ea27efd4f9aef460a26c6c8df68b9b.npz,1d1aa10e778138a32ebc8915b9d28374aeee4d5cbf46438822a3ab7700c75e35,cf0ab0931eb2ce0123e16e388074d63784ea27efd4f9aef460a26c6c8df68b9b,newly_executed
0.8,0.6,0.01,zne_quadratic,equal_gate,300000,True,False,38399744,100000,results/stage6_followup_v1/measurements/0189438fc9524d331761f16f955bd4732f8ebb241a8f01da5a4786418470e472.npz,e4e010d2af37905e8cca7f91b170d2a25d14200795168563bd96c152b5801ff6,0189438fc9524d331761f16f955bd4732f8ebb241a8f01da5a4786418470e472,newly_executed
0.8,0.6,0.01,sv,equal_gate,300000,True,False,38399744,299998,results/stage6_followup_v1/measurements/e9eb36ce7ef2036e97232be1222708a6e17ecf219bf0e55433bd27558b5d356a.npz,4a0a3e24d6c60a9814edea2706b8a4662b1cc194d17caed8cdac1aab55bac49b,e9eb36ce7ef2036e97232be1222708a6e17ecf219bf0e55433bd27558b5d356a,newly_executed
0.8,0.6,0.05,raw,equal_gate,300000,True,False,38399744,299998,results/stage6_followup_v1/measurements/55f680ea44457946f2b42c990a2f34af026ab2f1545a1b57a6124171d74e6c2d.npz,7687681ef3e52294d44e48d626aad733fe8f1954e8ba09b7ae2afa45eeda5a01,55f680ea44457946f2b42c990a2f34af026ab2f1545a1b57a6124171d74e6c2d,newly_executed
0.8,0.6,0.05,zne_quadratic,equal_gate,300000,True,False,38399744,100000,results/stage6_followup_v1/measurements/984b2bd4529e76247577e23ca30e73c814a3e2d93f196c48ebb74457997b8b10.npz,76588189080337782cd121377ef14356ea4f032924a4f02104b2874eaa72c5b1,984b2bd4529e76247577e23ca30e73c814a3e2d93f196c48ebb74457997b8b10,newly_executed
0.8,0.6,0.05,sv,equal_gate,300000,True,False,38399744,299998,results/stage6_followup_v1/measurements/6bd84337815331708639c17bc62b0792ff3f30974cd4ca20b5efd727097bc9fe.npz,4a8d0bbd76a637bba582f009b0bf8c1035a820cb18cfa322a7bfbc0fe69b9c5a,6bd84337815331708639c17bc62b0792ff3f30974cd4ca20b5efd727097bc9fe,newly_executed
0.8,0.6125,0,raw,equal_shots,100000,False,False,12800000,100000,results/stage6_followup_v1/measurements/26a42cddcf7b16bd8ed0eb6b949b50b4584b558f12d89ce8734d50c5ee35ea87.npz,da421b20978c97587e419c1eae145dacb1d795bffbf6218c640e148e5fb992d6,26a42cddcf7b16bd8ed0eb6b949b50b4584b558f12d89ce8734d50c5ee35ea87,historical_reused
0.8,0.6125,0,zne_quadratic,equal_shots,100000,False,False,38399744,100000,results/stage6_followup_v1/measurements/db694323691cfc0c5b0c6a834cb9aad790736e4b60e51fc787c5b579de167363.npz,8b918984c7bd54edb9e6530beda9b52d1b424f497ad285683306348b4e5ef635,db694323691cfc0c5b0c6a834cb9aad790736e4b60e51fc787c5b579de167363,historical_reused
0.8,0.6125,0,sv,equal_shots,100000,False,False,12800000,100000,results/stage6_followup_v1/measurements/fced42b4be94cd6bdaa905f2a2ef64b5ab16334815489390552cf7b79c31f350.npz,950d904775466a1107dd95b52f4faad6ad55d78ca120cf8a36c437edb84a018d,fced42b4be94cd6bdaa905f2a2ef64b5ab16334815489390552cf7b79c31f350,historical_reused
0.8,0.6125,0.01,raw,equal_shots,100000,False,False,12800000,100000,results/stage6_followup_v1/measurements/51e6385ec20450e4da9b1bdc981296ebc2e5111ff72834c480affe66305d9284.npz,d5da361b31e7735328e7947a444f6037f871ca1de761c18491691a6d6f7f337e,51e6385ec20450e4da9b1bdc981296ebc2e5111ff72834c480affe66305d9284,historical_reused
0.8,0.6125,0.01,zne_quadratic,equal_shots,100000,False,False,38399744,100000,results/stage6_followup_v1/measurements/6404d9ffd10a02d50d0f44fee9715d215cb4cd60721e87a279e19c91266c3cd0.npz,b7043182f1f73e0a575c9d22e63366c1ccc57b610aca434c4a41c47669959764,6404d9ffd10a02d50d0f44fee9715d215cb4cd60721e87a279e19c91266c3cd0,historical_reused
0.8,0.6125,0.01,sv,equal_shots,100000,False,False,12800000,100000,results/stage6_followup_v1/measurements/453f5f1e62165da45e0d46b5b0f4ffc41cd5c89e4773b28b1329f56dcd876529.npz,f9aedd5924bfdf216fa429fbbd8bc6915e81d3af0b62c0bdaf568d6b3420ce15,453f5f1e62165da45e0d46b5b0f4ffc41cd5c89e4773b28b1329f56dcd876529,historical_reused
0.8,0.6125,0.05,raw,equal_shots,100000,False,False,12800000,100000,results/stage6_followup_v1/measurements/423061541be9edc6edb6be40c87d4ddfcb27594989f31e51fe8fd194ef695dce.npz,be70b43b111f8a0f4883ac9c5bb8d2e3df7e0f8f3c99614b8256d13caddcb8e0,423061541be9edc6edb6be40c87d4ddfcb27594989f31e51fe8fd194ef695dce,historical_reused
0.8,0.6125,0.05,zne_quadratic,equal_shots,100000,False,False,38399744,100000,results/stage6_followup_v1/measurements/d23f4ebd6418e817539fecfc689aa30728acc9a0d99fc1b15f7648d2cac0c6a8.npz,4978cd3fd4588c9a32fd19b12a470e2b7b6c145d48aa0532e61ff66a64ff52fa,d23f4ebd6418e817539fecfc689aa30728acc9a0d99fc1b15f7648d2cac0c6a8,historical_reused
0.8,0.6125,0.05,sv,equal_shots,100000,False,False,12800000,100000,results/stage6_followup_v1/measurements/ce630af81be0e4704f787d4de95d0d6604b4ed6e3baf589b57057fa1d3afb9a9.npz,cf52e404607f67a01e371ab5afa83cc54a1fd202ab834eed8ef8dcecd6d00bcb,ce630af81be0e4704f787d4de95d0d6604b4ed6e3baf589b57057fa1d3afb9a9,historical_reused
0.8,0.6125,0,raw,equal_gate,100000,True,False,12800000,100000,results/stage6_followup_v1/measurements/ed50eed05cdd223f659cb8364e83b2d9d1659a4d9cefd07f43743129d0b08e79.npz,5f5aa27ade8844468e86bbf3943b903460e0eaada6519e70378ed0d88adde00a,ed50eed05cdd223f659cb8364e83b2d9d1659a4d9cefd07f43743129d0b08e79,newly_executed
0.8,0.6125,0,zne_quadratic,equal_gate,100000,True,False,12800000,33334,results/stage6_followup_v1/measurements/b4e2189eb4440fbf3f6e0f38d2d4fcb16ef102e41f2c90527cb897d78f9ec11d.npz,b7a1184890a3dae221979c704749fcc8a78c77d298c7e30666286c010aa46d01,b4e2189eb4440fbf3f6e0f38d2d4fcb16ef102e41f2c90527cb897d78f9ec11d,newly_executed
0.8,0.6125,0,sv,equal_gate,100000,True,False,12800000,100000,results/stage6_followup_v1/measurements/cf24d5ef55d87e38500c09ae652e70307143d68be5043c1369c59aff3bbc1e80.npz,618d30904aa830d42476a78ceaa8fc3bc45bfd3eb957459515824dbf91a1782c,cf24d5ef55d87e38500c09ae652e70307143d68be5043c1369c59aff3bbc1e80,newly_executed
0.8,0.6125,0.01,raw,equal_gate,100000,True,False,12800000,100000,results/stage6_followup_v1/measurements/be7c3df2cc5610f240427224097d40385820159b46dfa0c73eb72a5f750af212.npz,5539f915b6f42b6fb37cb716b912c9926f40b283e21427f6b744b7aa295ba324,be7c3df2cc5610f240427224097d40385820159b46dfa0c73eb72a5f750af212,newly_executed
0.8,0.6125,0.01,zne_quadratic,equal_gate,100000,True,False,12800000,33334,results/stage6_followup_v1/measurements/1f5f5880cfa41f0bf8cbf709eecee5cbfb11fc9b18626f2bbfa09f103a5ea69c.npz,0d221cac847b86a32f82f05a3c1ee4f9ca216b9e9faf37b076f56c2475243f8a,1f5f5880cfa41f0bf8cbf709eecee5cbfb11fc9b18626f2bbfa09f103a5ea69c,newly_executed
0.8,0.6125,0.01,sv,equal_gate,100000,True,False,12800000,100000,results/stage6_followup_v1/measurements/31242db03abd6e4119e9a59ac2a00c97fc255ca3341d00d7a659c3ba5be95bd1.npz,a78eb46840ec889d2025bd34c1f441a6f609d9b2a3f898cb360757b12b2b1abc,31242db03abd6e4119e9a59ac2a00c97fc255ca3341d00d7a659c3ba5be95bd1,newly_executed
0.8,0.6125,0.05,raw,equal_gate,100000,True,False,12800000,100000,results/stage6_followup_v1/measurements/c5139c31ccfefeeb6efae3e2d2bafb62c03598b2f629d1ec00aa10749096a28a.npz,ebcad081ee560cbe1499d0981f083f60b6cead007eb399219c0b05763bd0c65f,c5139c31ccfefeeb6efae3e2d2bafb62c03598b2f629d1ec00aa10749096a28a,newly_executed
0.8,0.6125,0.05,zne_quadratic,equal_gate,100000,True,False,12800000,33334,results/stage6_followup_v1/measurements/d84dfaa92dfb760b61bfdafe3cc95440292d46aec7b2144f03898e0234009844.npz,9409f4419b9df243486612daf517c7714c2678573056520f1d125e1a8ec920be,d84dfaa92dfb760b61bfdafe3cc95440292d46aec7b2144f03898e0234009844,newly_executed
0.8,0.6125,0.05,sv,equal_gate,100000,True,False,12800000,100000,results/stage6_followup_v1/measurements/6210223b395aa900d1c1b3adcda18e712896ae2dc94b1964ff8b1e8fbc830859.npz,668d8bd30e5b7fc94e976e6829c163cb69dc82205e8fa50560f29de15532b5a5,6210223b395aa900d1c1b3adcda18e712896ae2dc94b1964ff8b1e8fbc830859,newly_executed
0.8,0.6125,0,raw,equal_gate,300000,True,False,38399744,299998,results/stage6_followup_v1/measurements/c4f2277ef31519a4c13a74a34ff6bc85233a1c11816063a8e01c4971d8cdd829.npz,d51d96125fa6f70b68332965810dd255768d349badac222314e699c7328a0d51,c4f2277ef31519a4c13a74a34ff6bc85233a1c11816063a8e01c4971d8cdd829,newly_executed
0.8,0.6125,0,zne_quadratic,equal_gate,300000,True,False,38399744,100000,results/stage6_followup_v1/measurements/a2178ac1685fc94a5aeb9f38cabb3973798ab4d1b4fe13602ffc71f22f3172f8.npz,796b112b3d0d77cd635753ac9040d05e9ce480c297b08185b52ba02a183513ae,a2178ac1685fc94a5aeb9f38cabb3973798ab4d1b4fe13602ffc71f22f3172f8,newly_executed
0.8,0.6125,0,sv,equal_gate,300000,True,False,38399744,299998,results/stage6_followup_v1/measurements/eb3e66339e6f2ae949a9f89b0b72d9aa7846ccd2c49f622f1d8ac653f572e215.npz,963f1814e952a95e6392d6f382d4ad0179560ec1a2f4e6a17d55b082b06de1e7,eb3e66339e6f2ae949a9f89b0b72d9aa7846ccd2c49f622f1d8ac653f572e215,newly_executed
0.8,0.6125,0.01,raw,equal_gate,300000,True,False,38399744,299998,results/stage6_followup_v1/measurements/358c8007bfb74c54fade9b22e0d7eeede472b35ef1665073475c05ec8e34cba4.npz,8b3847ba4c157614b60ddaeea9a8b42c3eb6bd987a305b25792bb6c77547046c,358c8007bfb74c54fade9b22e0d7eeede472b35ef1665073475c05ec8e34cba4,newly_executed
0.8,0.6125,0.01,zne_quadratic,equal_gate,300000,True,False,38399744,100000,results/stage6_followup_v1/measurements/390f328cf0c8ac460dee15f8118f3226c3b1f678730005caf9b9b6fedd4def97.npz,280977de8c3d760d753d94fc11b0770b2a46968bc518980a062593818518a830,390f328cf0c8ac460dee15f8118f3226c3b1f678730005caf9b9b6fedd4def97,newly_executed
0.8,0.6125,0.01,sv,equal_gate,300000,True,False,38399744,299998,results/stage6_followup_v1/measurements/06d9b9775c01458edf99eb09ac71f81908f54e3e187d1d8de13d92fd96f1e064.npz,f9432986dd2dd61b7c0882ea3a87eba32f78d0e2a914b4a8ca0ba34d329b9789,06d9b9775c01458edf99eb09ac71f81908f54e3e187d1d8de13d92fd96f1e064,newly_executed
0.8,0.6125,0.05,raw,equal_gate,300000,True,False,38399744,299998,results/stage6_followup_v1/measurements/eb9d4264fdd8daaac99d60baaf20025175a48860800e4b5d4356838f5abc63e5.npz,454d570dd6a71668d1cced1185390cd739cbb51572abdeef4b1c78b8eee2f827,eb9d4264fdd8daaac99d60baaf20025175a48860800e4b5d4356838f5abc63e5,newly_executed
0.8,0.6125,0.05,zne_quadratic,equal_gate,300000,True,False,38399744,100000,results/stage6_followup_v1/measurements/5a8d102faf249031de60792a6b290451762dc118d221c4b6c7e039b07e3aeb45.npz,9a17a8499a066d196a823d5f90592d4953640b1b25c2e5b6669ec47d7041e96d,5a8d102faf249031de60792a6b290451762dc118d221c4b6c7e039b07e3aeb45,newly_executed
0.8,0.6125,0.05,sv,equal_gate,300000,True,False,38399744,299998,results/stage6_followup_v1/measurements/fc4948b13e090051b935afd02b1e7463cc9f00262c7bef15c8657038f5d8efd6.npz,1155026ab020b00e32b167646f642a041ad74f7a56d07e73dc3350d0ba25e139,fc4948b13e090051b935afd02b1e7463cc9f00262c7bef15c8657038f5d8efd6,newly_executed
0.8,0.625,0,raw,equal_shots,100000,False,False,12800000,100000,results/stage6_followup_v1/measurements/c04ff776234213765518cae53d3a8fb634bbf563c63c3da1e37c8f7776a37a62.npz,1a23923e41cf2f360b9906041a873200fadcedf9e7832da380da0d8ad5fc4e12,c04ff776234213765518cae53d3a8fb634bbf563c63c3da1e37c8f7776a37a62,historical_reused
0.8,0.625,0,zne_quadratic,equal_shots,100000,False,False,38399744,100000,results/stage6_followup_v1/measurements/9dbb7c93a53f3d4b9f6e05b1630ac4c7a4b7d71938d58b90975f2de3e3b4b68f.npz,2a760e28ef36850a0c928d29a5c0e3545b54daf80c6417332d9b431811331730,9dbb7c93a53f3d4b9f6e05b1630ac4c7a4b7d71938d58b90975f2de3e3b4b68f,historical_reused
0.8,0.625,0,sv,equal_shots,100000,False,False,12800000,100000,results/stage6_followup_v1/measurements/2fe9a684d2cc58f3d5648d279056e7d62e539b05fa25296d351d1b1a123c63ea.npz,1f3fa412f00c01323cf753e7020b65ae6b4d5a32fcbf91f971da52b739c76e41,2fe9a684d2cc58f3d5648d279056e7d62e539b05fa25296d351d1b1a123c63ea,historical_reused
0.8,0.625,0.01,raw,equal_shots,100000,False,False,12800000,100000,results/stage6_followup_v1/measurements/e6b25fe4ce8bf918c45a31dfd1330725e1fa1671f150da8bafce8e0722199a3d.npz,fdd1b54d626d2bda669c1f2ef4b19fd9573f6878f1e8e0c3c1b7720b30b82915,e6b25fe4ce8bf918c45a31dfd1330725e1fa1671f150da8bafce8e0722199a3d,historical_reused
0.8,0.625,0.01,zne_quadratic,equal_shots,100000,False,False,38399744,100000,results/stage6_followup_v1/measurements/5fd9b204267a04265ddbeee72d2d90dded3f5c714521dda0a0ec46e66e039a78.npz,621f43fd309800927c40b75d8db93080d8f308cef0a869f6f2c367727d38f6c8,5fd9b204267a04265ddbeee72d2d90dded3f5c714521dda0a0ec46e66e039a78,historical_reused
0.8,0.625,0.01,sv,equal_shots,100000,False,False,12800000,100000,results/stage6_followup_v1/measurements/fffae8fa4c87f7c786526bc4f9f88cdf996b951f8d3b50be91ff84b84e7fcd0e.npz,91a78f654cb0a0f4b5c9713ad9f9efbffe080ddc3c4248ccc6bd972cfa432da0,fffae8fa4c87f7c786526bc4f9f88cdf996b951f8d3b50be91ff84b84e7fcd0e,historical_reused
0.8,0.625,0.05,raw,equal_shots,100000,False,False,12800000,100000,results/stage6_followup_v1/measurements/7d6ca1cce1a408b65fcd578f38ae238004223c432066a7f4bb3b41c9e9cb0a01.npz,6b6903707887145f434880354588fbf70dfe556672f5a0f58b1b829d662fd5af,7d6ca1cce1a408b65fcd578f38ae238004223c432066a7f4bb3b41c9e9cb0a01,historical_reused
0.8,0.625,0.05,zne_quadratic,equal_shots,100000,False,False,38399744,100000,results/stage6_followup_v1/measurements/984ac6752b02a1217bf59b2908a933d151fecd7ceabb84c0845b4780690ef6b5.npz,b846975fb562bb44b30b6f241347ada5d817d52f922a9b93318814f681939559,984ac6752b02a1217bf59b2908a933d151fecd7ceabb84c0845b4780690ef6b5,historical_reused
0.8,0.625,0.05,sv,equal_shots,100000,False,False,12800000,100000,results/stage6_followup_v1/measurements/633686b05d17011a34a9ac7ca58d05f6b80976ef2a9ad2928908429be2f0e601.npz,da1824c5a3c0bf2a0ee6920e6f6c35dcff9d7f66920e95e8aaede8e6e05577ca,633686b05d17011a34a9ac7ca58d05f6b80976ef2a9ad2928908429be2f0e601,historical_reused
0.8,0.625,0,raw,equal_gate,100000,True,False,12800000,100000,results/stage6_followup_v1/measurements/f161dc8996348c735503f15bb99b73b17698f5c655f72fc0e8ce74766182fedd.npz,f5e1b428de182d778b52d6dbce7c75ad4b4c8df734e38e9bebca33cbc9e55bae,f161dc8996348c735503f15bb99b73b17698f5c655f72fc0e8ce74766182fedd,newly_executed
0.8,0.625,0,zne_quadratic,equal_gate,100000,True,False,12800000,33334,results/stage6_followup_v1/measurements/34cafde13c3637c3110fd8dd54a3ed9d6c328bd004244177586da6323e35b4ae.npz,7468d251c9e594642f6bf9f7d7be40c9b40bb5a042836ccb2dcd18a618c332c2,34cafde13c3637c3110fd8dd54a3ed9d6c328bd004244177586da6323e35b4ae,newly_executed
0.8,0.625,0,sv,equal_gate,100000,True,False,12800000,100000,results/stage6_followup_v1/measurements/9d915f5ba4b883d000069bc319ed225fd5a257c480bd5545291598d1717ad90f.npz,50a5bc61fcd928ec2358d8c91dc33af834a451e8d54acf6923f49df413daacac,9d915f5ba4b883d000069bc319ed225fd5a257c480bd5545291598d1717ad90f,newly_executed
0.8,0.625,0.01,raw,equal_gate,100000,True,False,12800000,100000,results/stage6_followup_v1/measurements/69140fea528d42f4633d0927b94a7590a9f804b5b24ce890dbd9ee5c7619c6fb.npz,7086d858beaa792fd2d639eee80bca71b8482566e9e85e8958b1a191b2ca1dd9,69140fea528d42f4633d0927b94a7590a9f804b5b24ce890dbd9ee5c7619c6fb,newly_executed
0.8,0.625,0.01,zne_quadratic,equal_gate,100000,True,False,12800000,33334,results/stage6_followup_v1/measurements/da64a02bc4a43cc118973bd015e1081ccc46aac6400d930b5763e134f11d505a.npz,56f45eebf8714efbecb5d0792e2bf4f76062feb8655d389e2156c6cdfa98446e,da64a02bc4a43cc118973bd015e1081ccc46aac6400d930b5763e134f11d505a,newly_executed
0.8,0.625,0.01,sv,equal_gate,100000,True,False,12800000,100000,results/stage6_followup_v1/measurements/593fe99bfb951e0978be412b884d6ffac2a8c0dadc40432b450d17b9bc0e9ef6.npz,22b262218832d4f60f32b0b9c06dec5a2102aafff6756792131bafd34885fcb0,593fe99bfb951e0978be412b884d6ffac2a8c0dadc40432b450d17b9bc0e9ef6,newly_executed
0.8,0.625,0.05,raw,equal_gate,100000,True,False,12800000,100000,results/stage6_followup_v1/measurements/8d7940214aa9720c4f95a0ef8df62ece8f96dc598fd1824c03f6cf2523e4a836.npz,94cf74fd95a39778e29be788d95bf62d3832f8306f48e4f48d6ce3a8b8e62fb9,8d7940214aa9720c4f95a0ef8df62ece8f96dc598fd1824c03f6cf2523e4a836,newly_executed
0.8,0.625,0.05,zne_quadratic,equal_gate,100000,True,False,12800000,33334,results/stage6_followup_v1/measurements/26ed5aad53e734b0be15d2234a89b06aef80dfe70d7016cac376ba82e1e676d7.npz,5019e9259c7e39da07ba83bf020ddd5f9b41609200115692df46038891b4bdac,26ed5aad53e734b0be15d2234a89b06aef80dfe70d7016cac376ba82e1e676d7,newly_executed
0.8,0.625,0.05,sv,equal_gate,100000,True,False,12800000,100000,results/stage6_followup_v1/measurements/0f139e7e98a67e9816921aac6dc631f45050b024324ad32525c5a735521d5af6.npz,bf04d8890a51ad2d4b470872a60976fffc783ce109ff896c6fda43b9e0385785,0f139e7e98a67e9816921aac6dc631f45050b024324ad32525c5a735521d5af6,newly_executed
0.8,0.625,0,raw,equal_gate,300000,True,False,38399744,299998,results/stage6_followup_v1/measurements/1a39a673ba2eb315376dc292d88b9128064c689a8c65cccd905cc9a793d0fff6.npz,cccba360d6cedab91b4cbd897126284fef04ffe639bf737685b974e4ec565479,1a39a673ba2eb315376dc292d88b9128064c689a8c65cccd905cc9a793d0fff6,newly_executed
0.8,0.625,0,zne_quadratic,equal_gate,300000,True,False,38399744,100000,results/stage6_followup_v1/measurements/0908d6d3fabd936118b1a36337bad9b100ed616e8e9dd6fafbcfbe1c73ee954b.npz,254efc70fecd2e5d586d23b33635d695051a2d3f27d400e6922bc02476c1491e,0908d6d3fabd936118b1a36337bad9b100ed616e8e9dd6fafbcfbe1c73ee954b,newly_executed
0.8,0.625,0,sv,equal_gate,300000,True,False,38399744,299998,results/stage6_followup_v1/measurements/df3d9a91b6433157f861259496b2a7b4e02df5c22be44aa96b8f71a861c07b55.npz,1943889f436e387fb4534ec35b585c8b7cc7ea9df50ea8d838f8de00fb6269a6,df3d9a91b6433157f861259496b2a7b4e02df5c22be44aa96b8f71a861c07b55,newly_executed
0.8,0.625,0.01,raw,equal_gate,300000,True,False,38399744,299998,results/stage6_followup_v1/measurements/776631f44f14501e5d80e037ba89a8eeece74d28d04a71fcb9aa5b8e870e71fe.npz,22f13b224a38f6634a6983ccae36dc23144a99888a8df67e8925fc889d688e4b,776631f44f14501e5d80e037ba89a8eeece74d28d04a71fcb9aa5b8e870e71fe,newly_executed
0.8,0.625,0.01,zne_quadratic,equal_gate,300000,True,False,38399744,100000,results/stage6_followup_v1/measurements/c51807e8adbde35c41dcc3f74ec08f27d6fd388b21718ad46ba9ff2332b25311.npz,68469745368d4dc3c1f7efe15749ae12fa242a0e205e16d127fbd73cefa821ff,c51807e8adbde35c41dcc3f74ec08f27d6fd388b21718ad46ba9ff2332b25311,newly_executed
0.8,0.625,0.01,sv,equal_gate,300000,True,False,38399744,299998,results/stage6_followup_v1/measurements/9de41e033a323d42ef94b3732f7bfd913130f0ed38b5102e948ba519de076da2.npz,618a462476c963ba14ef30ee68d16e57248288334832ed0f47c429d71d152b6b,9de41e033a323d42ef94b3732f7bfd913130f0ed38b5102e948ba519de076da2,newly_executed
0.8,0.625,0.05,raw,equal_gate,300000,True,False,38399744,299998,results/stage6_followup_v1/measurements/9dc2b50dba77682793f7fb6f4fd8c0f0247bb6f580b504387af5e42fc8694037.npz,bbfc73bae4b936450733e89485b5988bc5dbc8997543620a3ac772f94754cd18,9dc2b50dba77682793f7fb6f4fd8c0f0247bb6f580b504387af5e42fc8694037,newly_executed
0.8,0.625,0.05,zne_quadratic,equal_gate,300000,True,False,38399744,100000,results/stage6_followup_v1/measurements/271befb4d5d77ef0fb51a3555eee9f1f91546a39eb667e3ec6edef21e0983773.npz,bb36948eb0859de0b01452be6ae12e04fcaad22963343825611dad4af11d1e6f,271befb4d5d77ef0fb51a3555eee9f1f91546a39eb667e3ec6edef21e0983773,newly_executed
0.8,0.625,0.05,sv,equal_gate,300000,True,False,38399744,299998,results/stage6_followup_v1/measurements/ea285ca3ba648eda878bf85c3755e3ea95a3ac098be6b146c3ed0e8c139dc680.npz,a4cd9ba493602671ca911fb60d9cd4147bdc7f0e265ad8a9e9681641bcacdac9,ea285ca3ba648eda878bf85c3755e3ea95a3ac098be6b146c3ed0e8c139dc680,newly_executed
0.8,0.6375,0,raw,equal_shots,100000,False,False,12800000,100000,results/stage6_followup_v1/measurements/d2692cc47a4f7df47eadca1adc6cf72be6f4d90d5a1ab4756a21ad955b80972f.npz,53bd71a9e7d99a14b9149caa6c3ac8bd04776f3bb30a174d9ef590cb4b2e8cac,d2692cc47a4f7df47eadca1adc6cf72be6f4d90d5a1ab4756a21ad955b80972f,historical_reused
0.8,0.6375,0,zne_quadratic,equal_shots,100000,False,False,38399744,100000,results/stage6_followup_v1/measurements/f7a5ec2631c7cb2ee582cfed85e85aaa50253bfb0dc7df5a93025e57fffb5a98.npz,394e5437a4939a6d7032668920a9c908d51b444c9b6915087d2de5a2886d8a3c,f7a5ec2631c7cb2ee582cfed85e85aaa50253bfb0dc7df5a93025e57fffb5a98,historical_reused
0.8,0.6375,0,sv,equal_shots,100000,False,False,12800000,100000,results/stage6_followup_v1/measurements/4d7b9dc50e23842604b9d728bc29ae0482aefbb0284a1871da5b501b1e73d18b.npz,4917c6f3726850f5777c98f8db8675c62ce145a3b19832cf1b29a706baedc440,4d7b9dc50e23842604b9d728bc29ae0482aefbb0284a1871da5b501b1e73d18b,historical_reused
0.8,0.6375,0.01,raw,equal_shots,100000,False,False,12800000,100000,results/stage6_followup_v1/measurements/a4a9d71cdcfbbc9131fb7a4273f0d8b8f49f8e5e8afa1aa004ee22d9428d4205.npz,38a7820cf29a66482bf00ba82f9ec16320858368f49155b7a48f170916948182,a4a9d71cdcfbbc9131fb7a4273f0d8b8f49f8e5e8afa1aa004ee22d9428d4205,historical_reused
0.8,0.6375,0.01,zne_quadratic,equal_shots,100000,False,False,38399744,100000,results/stage6_followup_v1/measurements/c5785e7f4c768faccd3aa8b603a43b08e29679830954de8aa1c60979db3489d6.npz,4edc65c0109e21a33fbde410213a051627abb65d33e426440719597d36a19e4f,c5785e7f4c768faccd3aa8b603a43b08e29679830954de8aa1c60979db3489d6,historical_reused
0.8,0.6375,0.01,sv,equal_shots,100000,False,False,12800000,100000,results/stage6_followup_v1/measurements/f06a94497870e58962f18a4a1da95e5469acc3351f7a852106380c89837f768c.npz,d685c849a9057efad3d8d187a5f885663bb450ca7556bbbabedfc69b0a6745c0,f06a94497870e58962f18a4a1da95e5469acc3351f7a852106380c89837f768c,historical_reused
0.8,0.6375,0.05,raw,equal_shots,100000,False,False,12800000,100000,results/stage6_followup_v1/measurements/cef79b504d1ff249f3b50bd31444a778828369387ded1129fdaf929cc4f386ae.npz,201d558389616905dfb0599dd755cf63fcaae74f98168d888430e34ce97d53ba,cef79b504d1ff249f3b50bd31444a778828369387ded1129fdaf929cc4f386ae,historical_reused
0.8,0.6375,0.05,zne_quadratic,equal_shots,100000,False,False,38399744,100000,results/stage6_followup_v1/measurements/584033c71e6ffcc763e71f603ec83744df84a1041ea0d3b2b6225df02201c61f.npz,a0df51a6eb3211013bc6fff4ba65e4059d1539f059d4be1479910e46842b2978,584033c71e6ffcc763e71f603ec83744df84a1041ea0d3b2b6225df02201c61f,historical_reused
0.8,0.6375,0.05,sv,equal_shots,100000,False,False,12800000,100000,results/stage6_followup_v1/measurements/231702aaa1dfad4dddfc9a7e4e45949103ebc2d039e7f903496a8fd77dc639de.npz,8108df6ae1848b64e7e29ebc96b3cb19e7edad70eccff331e2034070658af30e,231702aaa1dfad4dddfc9a7e4e45949103ebc2d039e7f903496a8fd77dc639de,historical_reused
0.8,0.6375,0,raw,equal_gate,100000,True,False,12800000,100000,results/stage6_followup_v1/measurements/8b029d5080a4d122324770a21da447603de30c471a5f8ab00a36d29156450093.npz,84fd6902cb7922a03e39550530d1414193043fdc288577c4eb4268ed89b7120c,8b029d5080a4d122324770a21da447603de30c471a5f8ab00a36d29156450093,newly_executed
0.8,0.6375,0,zne_quadratic,equal_gate,100000,True,False,12800000,33334,results/stage6_followup_v1/measurements/097d29153a4b24f5560fa450ad9164ed26bbf1e5ee114b20c8d51842233169cb.npz,cdfba6c99fd403b5cbf0729c41302c5f738e11ae9bf3ff0d10ae12d99573e8cd,097d29153a4b24f5560fa450ad9164ed26bbf1e5ee114b20c8d51842233169cb,newly_executed
0.8,0.6375,0,sv,equal_gate,100000,True,False,12800000,100000,results/stage6_followup_v1/measurements/25f294244f729fb08396e59cbe2999e369f68dc326178c516c259d42f77d129d.npz,2d6ca25161e3981c5467194fc433d188bc4df3c54175f3573f7e4939ed02efee,25f294244f729fb08396e59cbe2999e369f68dc326178c516c259d42f77d129d,newly_executed
0.8,0.6375,0.01,raw,equal_gate,100000,True,False,12800000,100000,results/stage6_followup_v1/measurements/2360612a7e416ae22da36161f6bd4ce17b6d0c14c8f9bf382c581540c5c26c69.npz,e7dc8703af6fe3e38f1434005576f0de237ab136826fed4aa79cb41ff53a8a2c,2360612a7e416ae22da36161f6bd4ce17b6d0c14c8f9bf382c581540c5c26c69,newly_executed
0.8,0.6375,0.01,zne_quadratic,equal_gate,100000,True,False,12800000,33334,results/stage6_followup_v1/measurements/1b8cd08a1cdcc31ce64a3abac51941bc2b4a39a009e457b59770acbf35008642.npz,66c77c13d070c03496b9141b2cb496cd608240d61e9359407a34a77299c37ac2,1b8cd08a1cdcc31ce64a3abac51941bc2b4a39a009e457b59770acbf35008642,newly_executed
0.8,0.6375,0.01,sv,equal_gate,100000,True,False,12800000,100000,results/stage6_followup_v1/measurements/260306c67508a3b9e2d76a2bd6225e06be63e3c3fa1699082da081f44e2487d5.npz,bdd0ea92e8f81f40f747573bee84fde1a518a02c082e7295f0ffed082cab8a42,260306c67508a3b9e2d76a2bd6225e06be63e3c3fa1699082da081f44e2487d5,newly_executed
0.8,0.6375,0.05,raw,equal_gate,100000,True,False,12800000,100000,results/stage6_followup_v1/measurements/2fc1b76bdd2f9214dbaf3aa84294bb11db725cec90004ad35cb9e03205b172c7.npz,fc038cb141c76835614c6c6b3d1988210a16e211202ea21f2bfc2bb2972aabd9,2fc1b76bdd2f9214dbaf3aa84294bb11db725cec90004ad35cb9e03205b172c7,newly_executed
0.8,0.6375,0.05,zne_quadratic,equal_gate,100000,True,False,12800000,33334,results/stage6_followup_v1/measurements/cb104d3ec367c0ca04ac59d3a789e926d7b1a64f8e80e31c95c152942b1996d6.npz,45c95122a007e20d57a1afc710f68c1472f4caf4c9c19a50fcda1764223b9e58,cb104d3ec367c0ca04ac59d3a789e926d7b1a64f8e80e31c95c152942b1996d6,newly_executed
0.8,0.6375,0.05,sv,equal_gate,100000,True,False,12800000,100000,results/stage6_followup_v1/measurements/7856a7da4e10e51a334ed0eaae35526bd100ccecb56c35c67467968cfc3c1180.npz,aa5c3049e06910e74e11a88a97ea74472cc419065dc902480b0cb2d15a82cfb1,7856a7da4e10e51a334ed0eaae35526bd100ccecb56c35c67467968cfc3c1180,newly_executed
0.8,0.6375,0,raw,equal_gate,300000,True,False,38399744,299998,results/stage6_followup_v1/measurements/ced5f93124bb73cd58999cd1f52c6a8b9d2b9ca7423503bc332653780351ce85.npz,503105d6f9174ff2dc014c54c77624306a4255a7ea0a84cdea5c4976b17f9193,ced5f93124bb73cd58999cd1f52c6a8b9d2b9ca7423503bc332653780351ce85,newly_executed
0.8,0.6375,0,zne_quadratic,equal_gate,300000,True,False,38399744,100000,results/stage6_followup_v1/measurements/cdc2fc11c5d059abf5ec177a5b81d98bf3b635850c238f8be6c49c667c22e335.npz,d53ac6bdc7b02a545cc8ae1dd40c7d661b09be837061d23f88fdd28c075fc1d1,cdc2fc11c5d059abf5ec177a5b81d98bf3b635850c238f8be6c49c667c22e335,newly_executed
0.8,0.6375,0,sv,equal_gate,300000,True,False,38399744,299998,results/stage6_followup_v1/measurements/674abdbf53b6dc53be06336eda8502035da36f595fe4ff35255811334d831330.npz,26aca7a3bdaf46e0343479f7f574da13371c420166d90dc9b8cdd43e8be1c79e,674abdbf53b6dc53be06336eda8502035da36f595fe4ff35255811334d831330,newly_executed
0.8,0.6375,0.01,raw,equal_gate,300000,True,False,38399744,299998,results/stage6_followup_v1/measurements/2bf4a674fb466ede8308f6705c1912229cf37dc02b64d84b1522e2d8f7b94958.npz,a8579a7fbfecc6705da62b97d541dfbd28c3e21948b8e3c622f420969dc19ad9,2bf4a674fb466ede8308f6705c1912229cf37dc02b64d84b1522e2d8f7b94958,newly_executed
0.8,0.6375,0.01,zne_quadratic,equal_gate,300000,True,False,38399744,100000,results/stage6_followup_v1/measurements/d3f0602745c73135934237348d033be2bd5e11a0f8884b44f112844c30116240.npz,6aeb965a049dcbbce33240ca46b3130c0380bc20647fc8f258b14e46265375aa,d3f0602745c73135934237348d033be2bd5e11a0f8884b44f112844c30116240,newly_executed
0.8,0.6375,0.01,sv,equal_gate,300000,True,False,38399744,299998,results/stage6_followup_v1/measurements/a57030e3a4aeee82baff139b916d6928407eb059d8ce95d76db6501ffa91318e.npz,ff6cc536a1059d7249a5f75a43302daf3f80874e19548d37838522a0476b5e5f,a57030e3a4aeee82baff139b916d6928407eb059d8ce95d76db6501ffa91318e,newly_executed
0.8,0.6375,0.05,raw,equal_gate,300000,True,False,38399744,299998,results/stage6_followup_v1/measurements/5684d4a050fc520fcf12c6426508ac1ea8c2df3c16a95eae33a9aaa42bc3dc47.npz,f2f379de8cb54c166b0452214698aad648a87b2c4f4d9ddcb8f8c9f41c512194,5684d4a050fc520fcf12c6426508ac1ea8c2df3c16a95eae33a9aaa42bc3dc47,newly_executed
0.8,0.6375,0.05,zne_quadratic,equal_gate,300000,True,False,38399744,100000,results/stage6_followup_v1/measurements/237e691172954498e5b00f6e5c43bf14abf5699d9287d4365ae4f2696a8a1ddb.npz,aa4cbe1fc5386ae9730c486398a11bcc8b749854e4e31c06d2a61e5ffc6a24d6,237e691172954498e5b00f6e5c43bf14abf5699d9287d4365ae4f2696a8a1ddb,newly_executed
0.8,0.6375,0.05,sv,equal_gate,300000,True,False,38399744,299998,results/stage6_followup_v1/measurements/910826c098eb3709a7375436a1b8298c276c9385445bf2518d9bf58d92d810eb.npz,8452744646e3b641b775fa13a4d43a45940639a90b2da3383ddb6fd44a6ac7ed,910826c098eb3709a7375436a1b8298c276c9385445bf2518d9bf58d92d810eb,newly_executed
0.8,0.65,0,raw,equal_shots,100000,False,False,12800000,100000,results/stage6_followup_v1/measurements/04fd0eacd38b8d85742a738eadd6ed9755bdca2240fe93eeab920187f779b18d.npz,3ba94be924274a383702a36979e57d26551c06e5987d62e6fd8a5b08066c7e85,04fd0eacd38b8d85742a738eadd6ed9755bdca2240fe93eeab920187f779b18d,historical_reused
0.8,0.65,0,zne_quadratic,equal_shots,100000,False,False,38399744,100000,results/stage6_followup_v1/measurements/e6ab250aeaeaab72b435357cc69155605def667ae8e0bdeb64aa8913f377414f.npz,d1a5dd6549724ab55e8efa15e0a500e6a237abe51f96367cab1e5cd513874e75,e6ab250aeaeaab72b435357cc69155605def667ae8e0bdeb64aa8913f377414f,historical_reused
0.8,0.65,0,sv,equal_shots,100000,False,False,12800000,100000,results/stage6_followup_v1/measurements/717fdf0e0734f936267789e4703238af4cab111bd802030415de1af28b894d5e.npz,23b02599ceba3fdf895f389d0f0aab5bcf862f4183a786cde41479f5c6fe412d,717fdf0e0734f936267789e4703238af4cab111bd802030415de1af28b894d5e,historical_reused
0.8,0.65,0.01,raw,equal_shots,100000,False,False,12800000,100000,results/stage6_followup_v1/measurements/d1de9bc5a649ecfe7fac88e81e2d309fb80c351c1532bd8a53f4f902f4ae92c7.npz,76e40ab2609e75617773f42809b831eda39b7d72a4686e2e40ac2bb3cc5115b1,d1de9bc5a649ecfe7fac88e81e2d309fb80c351c1532bd8a53f4f902f4ae92c7,historical_reused
0.8,0.65,0.01,zne_quadratic,equal_shots,100000,False,False,38399744,100000,results/stage6_followup_v1/measurements/cfd577c1aff92654ce6db83b6d1a2bdcf9b33986431a64f755f344044bf5b0c2.npz,d72fced800af002b1491bf043972f31ff16453faa62fe9a72047c0a19fad0518,cfd577c1aff92654ce6db83b6d1a2bdcf9b33986431a64f755f344044bf5b0c2,historical_reused
0.8,0.65,0.01,sv,equal_shots,100000,False,False,12800000,100000,results/stage6_followup_v1/measurements/62d6b22906db430ae0def912d233afbdf2769a26c8729a12e0c7da9aa42fa039.npz,d763666b71ec4bc9c24965fdf32bb2f7788f08de775fa6b7e95073d846cddb2c,62d6b22906db430ae0def912d233afbdf2769a26c8729a12e0c7da9aa42fa039,historical_reused
0.8,0.65,0.05,raw,equal_shots,100000,False,False,12800000,100000,results/stage6_followup_v1/measurements/5d57996245a23421ccb7f108b6950735245ecc2508d49abc72ee74c17f2e392e.npz,ddb5a672c01b63f4b7bd44fa8f4034e11d897198d6eecf92d419c550a785b99e,5d57996245a23421ccb7f108b6950735245ecc2508d49abc72ee74c17f2e392e,historical_reused
0.8,0.65,0.05,zne_quadratic,equal_shots,100000,False,False,38399744,100000,results/stage6_followup_v1/measurements/21de2b860bbca7ca74be430aa7138bbc1ad629c0dfb513ee1de78c441cb9c52a.npz,b5d909ec5291954650102cda4bb4e0b64d22f31055dc9ac02d8f92146a415b5a,21de2b860bbca7ca74be430aa7138bbc1ad629c0dfb513ee1de78c441cb9c52a,historical_reused
0.8,0.65,0.05,sv,equal_shots,100000,False,False,12800000,100000,results/stage6_followup_v1/measurements/b8a40828926a5ee8d0d721c7b81862e76bfd86b0be4533610ec7a08a4d8e6b9d.npz,9693049aea1edebe9639f7b78ff0222743e547d4177d3e4f50d80e368cf8650b,b8a40828926a5ee8d0d721c7b81862e76bfd86b0be4533610ec7a08a4d8e6b9d,historical_reused
0.8,0.65,0,raw,equal_gate,100000,True,False,12800000,100000,results/stage6_followup_v1/measurements/d65471cea38b2dd2cd7d5c30cc3b74780195eb9307d15c0204748a35f6bd747f.npz,c4f7ddbbef0fc30e7e9c794c60b0e36cbb0c761a00b4d08e14f603cccc96c332,d65471cea38b2dd2cd7d5c30cc3b74780195eb9307d15c0204748a35f6bd747f,newly_executed
0.8,0.65,0,zne_quadratic,equal_gate,100000,True,False,12800000,33334,results/stage6_followup_v1/measurements/b9b61a266f0b130009c23bd5c2ff5fc08e74e8a8cade6a43fb4f62fd7f677377.npz,79f7025bb7855d0970d0616486c369c8f6ad965f693ddad127059723a9fcde28,b9b61a266f0b130009c23bd5c2ff5fc08e74e8a8cade6a43fb4f62fd7f677377,newly_executed
0.8,0.65,0,sv,equal_gate,100000,True,False,12800000,100000,results/stage6_followup_v1/measurements/908f090695f8c20ac77e34bca7b7fe406cae16c12610b22059067c5d524205f3.npz,3ba1fbe075655125905abe03f9a65564048db9739e061715801f45719d007b34,908f090695f8c20ac77e34bca7b7fe406cae16c12610b22059067c5d524205f3,newly_executed
0.8,0.65,0.01,raw,equal_gate,100000,True,False,12800000,100000,results/stage6_followup_v1/measurements/5326fc1eda1ce41e1e23d84f0b4973a3fa6a5a4e24c310dc41739b26e335e6be.npz,04435668f34c3d31aab1c59a06849314f62d7a12e89de8280a25246bcde1d039,5326fc1eda1ce41e1e23d84f0b4973a3fa6a5a4e24c310dc41739b26e335e6be,newly_executed
0.8,0.65,0.01,zne_quadratic,equal_gate,100000,True,False,12800000,33334,results/stage6_followup_v1/measurements/c7a5c9b40b0b773dd5ceeb87a625370752ef6f4fe8f51a8bf4000caa71c2b496.npz,9d62bc666e9615bce57fea7a324653240ca495f3615ba0985b4afd47cc1614e2,c7a5c9b40b0b773dd5ceeb87a625370752ef6f4fe8f51a8bf4000caa71c2b496,newly_executed
0.8,0.65,0.01,sv,equal_gate,100000,True,False,12800000,100000,results/stage6_followup_v1/measurements/4526aad45eab3aeed82fc98d57b4cc8a7a9637e39e07badda8e73e300789c16b.npz,4801e6e7dca9df3b6a2f266825a3dd93fec7b56ca1b7b7da10a27cbe4f135ca2,4526aad45eab3aeed82fc98d57b4cc8a7a9637e39e07badda8e73e300789c16b,newly_executed
0.8,0.65,0.05,raw,equal_gate,100000,True,False,12800000,100000,results/stage6_followup_v1/measurements/0fe3f0f2a0aaa309fde391bbbd3fb7a609af9a88acd87ae8cc633a4e09bb75ad.npz,17baff9dc21eb18ebeee95b061f701ed9c24f2deec8e510e737f51d266858424,0fe3f0f2a0aaa309fde391bbbd3fb7a609af9a88acd87ae8cc633a4e09bb75ad,newly_executed
0.8,0.65,0.05,zne_quadratic,equal_gate,100000,True,False,12800000,33334,results/stage6_followup_v1/measurements/edd92817b1e3bd1f307e109c92765490678abf14f659fc2bd7278542b69907b3.npz,d8146b68ff899ceed46d8da3ca4cb5c718d8616606843ac06cda44a4873ed2b2,edd92817b1e3bd1f307e109c92765490678abf14f659fc2bd7278542b69907b3,newly_executed
0.8,0.65,0.05,sv,equal_gate,100000,True,False,12800000,100000,results/stage6_followup_v1/measurements/59a0ec227f99df86ccb4c4a0b7d1f78a6df07be6350e10ebae75fef48234beee.npz,7058b0dabcce21057b04b919c153832292f6316d943fc2fb58b3053ea08599c4,59a0ec227f99df86ccb4c4a0b7d1f78a6df07be6350e10ebae75fef48234beee,newly_executed
0.8,0.65,0,raw,equal_gate,300000,True,False,38399744,299998,results/stage6_followup_v1/measurements/63dee0d91de20b2e2254cd7e1ff3c9999cbe244f362f30d46a35b0de99a2bd44.npz,0f70b65ff09aa132be5aa95f95e307a64b0a56761f062e499c96d1cc129f56f4,63dee0d91de20b2e2254cd7e1ff3c9999cbe244f362f30d46a35b0de99a2bd44,newly_executed
0.8,0.65,0,zne_quadratic,equal_gate,300000,True,False,38399744,100000,results/stage6_followup_v1/measurements/fd13b16f2f71357c69797b8bd07cd26b56dc1b573251560fa0783f1bed05e738.npz,ccbf91e2c5c4aedc1926743a3cd4b73d9379f9e2c36174a48b632c0347699890,fd13b16f2f71357c69797b8bd07cd26b56dc1b573251560fa0783f1bed05e738,newly_executed
0.8,0.65,0,sv,equal_gate,300000,True,False,38399744,299998,results/stage6_followup_v1/measurements/2f69829654248bfc79603a55bdbf6f3ace4bca2e426b2140fd9f54f310fa41d8.npz,e281c19365cdf64a094e8540be18a24232325997dd6e8628941621f57257cb55,2f69829654248bfc79603a55bdbf6f3ace4bca2e426b2140fd9f54f310fa41d8,newly_executed
0.8,0.65,0.01,raw,equal_gate,300000,True,False,38399744,299998,results/stage6_followup_v1/measurements/e8519be7e0829e5d1529d97f716d48a134b4c6ecfc2b064bf801759166b6bc95.npz,1538a49f28df64003f821c814e171b2cec1855b845b1182d0a2a43e92cef837f,e8519be7e0829e5d1529d97f716d48a134b4c6ecfc2b064bf801759166b6bc95,newly_executed
0.8,0.65,0.01,zne_quadratic,equal_gate,300000,True,False,38399744,100000,results/stage6_followup_v1/measurements/52805ff48e17f8a2e034c5745a55e43dbe744e8a37309c734c0b073e04b92f3b.npz,6a74d788c1336984f6f91d41ffd9c949e13d9c022a935c3ed8111e2daa999624,52805ff48e17f8a2e034c5745a55e43dbe744e8a37309c734c0b073e04b92f3b,newly_executed
0.8,0.65,0.01,sv,equal_gate,300000,True,False,38399744,299998,results/stage6_followup_v1/measurements/d3e39730a64d1459600d531baa5f9da9ffe72ff6c7b41242b7aaaaf3d8e523de.npz,0141400fbb7817c3f1362deeb7328795ae6ce071494d2a2106fdf597f1d4c172,d3e39730a64d1459600d531baa5f9da9ffe72ff6c7b41242b7aaaaf3d8e523de,newly_executed
0.8,0.65,0.05,raw,equal_gate,300000,True,False,38399744,299998,results/stage6_followup_v1/measurements/a233e197f3e95ab669626b3bcfdef15ba8d4b6c64bf82cd30a62fb76dd4917a2.npz,7d45212ee6b2e70ae4302ff5eca67a9878dc99235586f0d0d510fddffb7ed11a,a233e197f3e95ab669626b3bcfdef15ba8d4b6c64bf82cd30a62fb76dd4917a2,newly_executed
0.8,0.65,0.05,zne_quadratic,equal_gate,300000,True,False,38399744,100000,results/stage6_followup_v1/measurements/47dcdb759375d1a7d9f4de935990aad0e42d95e87672a18b5aa79f9ff7b13b8d.npz,40b6ffa9158dcfc817c6c8106d6a87853d2117d0cee42bfddbbdcb610fd4a485,47dcdb759375d1a7d9f4de935990aad0e42d95e87672a18b5aa79f9ff7b13b8d,newly_executed
0.8,0.65,0.05,sv,equal_gate,300000,True,False,38399744,299998,results/stage6_followup_v1/measurements/f435e8a43b95d9afe2135fab8adf3c52e72d0b2126fb8fe83ac002318b4154b1.npz,ccec52e0fdf535b7fcfc16419229ef2deca73fb52436ea5719904e9dddc94cc9,f435e8a43b95d9afe2135fab8adf3c52e72d0b2126fb8fe83ac002318b4154b1,newly_executed
0.8,0.6625,0,raw,equal_shots,100000,False,False,12800000,100000,results/stage6_followup_v1/measurements/0619d34223fbd7703056405627c5a2f18e76748db697c8a2d28dff88fc288590.npz,99de677b48f79774e91f53cf4b80f7f6fa8450c5fea831e4924dcbfd1355df2a,0619d34223fbd7703056405627c5a2f18e76748db697c8a2d28dff88fc288590,historical_reused
0.8,0.6625,0,zne_quadratic,equal_shots,100000,False,False,38399744,100000,results/stage6_followup_v1/measurements/92d6a52d86d255ef15ac89c226696c6558ff93a629780e5d60ed44c837acb86e.npz,48c28a7b9928bda8839b011775aa554609c279c0d72faeb0542f2e7bb49442aa,92d6a52d86d255ef15ac89c226696c6558ff93a629780e5d60ed44c837acb86e,historical_reused
0.8,0.6625,0,sv,equal_shots,100000,False,False,12800000,100000,results/stage6_followup_v1/measurements/5087c4f3f4907e5016e3fbb8d988fa28abaf4053eece510b688212a336cfa30c.npz,cad8ae7d6e425d5a47e83d5c328c9dce553bc4e52600d2a971bfb297255eee0c,5087c4f3f4907e5016e3fbb8d988fa28abaf4053eece510b688212a336cfa30c,historical_reused
0.8,0.6625,0.01,raw,equal_shots,100000,False,False,12800000,100000,results/stage6_followup_v1/measurements/3d567220e91b9405dea808f4f9a2dfd6edab4d48581a8a8bcf71664bd32723cd.npz,f364d5a69e559a281edefed3a4b6e1d0f9a3f000ba93baa218845fc47a693a4e,3d567220e91b9405dea808f4f9a2dfd6edab4d48581a8a8bcf71664bd32723cd,historical_reused
0.8,0.6625,0.01,zne_quadratic,equal_shots,100000,False,False,38399744,100000,results/stage6_followup_v1/measurements/449fdc5f564270c8409fb697d5ab3117aed67ddf80e38b6b400cd576a3ce8894.npz,f256ccdce2e5f532c03affc36ae0afad3f5e07355880e65ab149c8f0a6257db3,449fdc5f564270c8409fb697d5ab3117aed67ddf80e38b6b400cd576a3ce8894,historical_reused
0.8,0.6625,0.01,sv,equal_shots,100000,False,False,12800000,100000,results/stage6_followup_v1/measurements/e8f5fa564889518e5ca0e5179371aeeef4586ffdba19c15971329501c464d1f4.npz,45658988425ebc3bc52cd7a7262457a7ab644c3045af08dc6c28a53324c64138,e8f5fa564889518e5ca0e5179371aeeef4586ffdba19c15971329501c464d1f4,historical_reused
0.8,0.6625,0.05,raw,equal_shots,100000,False,False,12800000,100000,results/stage6_followup_v1/measurements/a0a781e7b14b5940a003f867cd5fc0488aff0f4897a4c18428a2d695bc0114db.npz,e06424d99c53afdd4d12670421a95b7d9a20fef3fdf7f4ed065805cca88701cc,a0a781e7b14b5940a003f867cd5fc0488aff0f4897a4c18428a2d695bc0114db,historical_reused
0.8,0.6625,0.05,zne_quadratic,equal_shots,100000,False,False,38399744,100000,results/stage6_followup_v1/measurements/79d93af350b7fa01a7e2717bf9751b8bb5a44c79b07540b245591dea93886104.npz,fda9ee362d25f13cbcc3c3ad632f1e63a458c86349e6aa4c3fc93509c9bc9288,79d93af350b7fa01a7e2717bf9751b8bb5a44c79b07540b245591dea93886104,historical_reused
0.8,0.6625,0.05,sv,equal_shots,100000,False,False,12800000,100000,results/stage6_followup_v1/measurements/1913e0638afefa00f4f2a3774e4daa24d7afc6f7104d07743f6bb736f19508d9.npz,96d1e6d5e6be0f669b138d8a1942cae220bda18d4995044d017b70141ef56f27,1913e0638afefa00f4f2a3774e4daa24d7afc6f7104d07743f6bb736f19508d9,historical_reused
0.8,0.6625,0,raw,equal_gate,100000,True,False,12800000,100000,results/stage6_followup_v1/measurements/5594d0892ac985598ee608deecbfdfb893fa50d5014be8797f2f0d01181ff435.npz,223e1e586e4940edcb43f29838c6f11fb9a1ee49bf212c1fc0ec3ea05d68b723,5594d0892ac985598ee608deecbfdfb893fa50d5014be8797f2f0d01181ff435,newly_executed
0.8,0.6625,0,zne_quadratic,equal_gate,100000,True,False,12800000,33334,results/stage6_followup_v1/measurements/36089c2cc3e8cb52a611795093300d7b39322818ee8eedd4de395dd8f58ff981.npz,81a6b866f2f214341241f23b4ce84fc3c11689f24a81f8b5f8524068398b9786,36089c2cc3e8cb52a611795093300d7b39322818ee8eedd4de395dd8f58ff981,newly_executed
0.8,0.6625,0,sv,equal_gate,100000,True,False,12800000,100000,results/stage6_followup_v1/measurements/538ada1190df1e8b12d97d8052edd98c16b18bdf937d88c422e7ad34fe7e2711.npz,46538883cdd8a83e92550fb2b1b4a8f1e78b3aee6de168ad08612065259c63a7,538ada1190df1e8b12d97d8052edd98c16b18bdf937d88c422e7ad34fe7e2711,newly_executed
0.8,0.6625,0.01,raw,equal_gate,100000,True,False,12800000,100000,results/stage6_followup_v1/measurements/54a7e3fecf994cdfcfa714ba12eaf6b286ba60bec1cb237b04b55438c3f944d5.npz,7b59945429bd839c4fa665b20ebbefb59699f1352fc2e5d4371d5f62e8a0946a,54a7e3fecf994cdfcfa714ba12eaf6b286ba60bec1cb237b04b55438c3f944d5,newly_executed
0.8,0.6625,0.01,zne_quadratic,equal_gate,100000,True,False,12800000,33334,results/stage6_followup_v1/measurements/7f8beccc7a7416f8a2fa8ec7f51b3836beec3f02fb666269ee9f4a0d8cd2405b.npz,029c8f617283c671f61d8ccf59879d0c2f42f2e2601728903f59462bdb798c02,7f8beccc7a7416f8a2fa8ec7f51b3836beec3f02fb666269ee9f4a0d8cd2405b,newly_executed
0.8,0.6625,0.01,sv,equal_gate,100000,True,False,12800000,100000,results/stage6_followup_v1/measurements/47c52950ef0b5b600d419a464a5863c604fac127b50ae006774524ec65f8e80a.npz,a7fa87e5c90cef60a9cbeee2afdca248a4c9aa9c270695e114e02aed85bad088,47c52950ef0b5b600d419a464a5863c604fac127b50ae006774524ec65f8e80a,newly_executed
0.8,0.6625,0.05,raw,equal_gate,100000,True,False,12800000,100000,results/stage6_followup_v1/measurements/17513d96e7ed68a93c20a3b7bf57a241f99f26598c6c29e4695d9bd8fb406217.npz,4a978d1448594f143838d58ec093e5fe0335f3de8682b278a81a19716f007a0b,17513d96e7ed68a93c20a3b7bf57a241f99f26598c6c29e4695d9bd8fb406217,newly_executed
0.8,0.6625,0.05,zne_quadratic,equal_gate,100000,True,False,12800000,33334,results/stage6_followup_v1/measurements/4e39b24892abc5fd48a4b2f9a5aa21d987c13dd12a1f222aab3020e9f682d657.npz,c5c3aeea2cc04487ec66844f4fd83957fb2a46506c9e2fa0a0db10c37ec4b988,4e39b24892abc5fd48a4b2f9a5aa21d987c13dd12a1f222aab3020e9f682d657,newly_executed
0.8,0.6625,0.05,sv,equal_gate,100000,True,False,12800000,100000,results/stage6_followup_v1/measurements/3174a465790b072b9c429355fea9b1d4d748b4883d1967ac86286eea384d997f.npz,0d28807eef30dd43dd5f8ca0457860572ac690da283e9b995070e0ad6cafddb1,3174a465790b072b9c429355fea9b1d4d748b4883d1967ac86286eea384d997f,newly_executed
0.8,0.6625,0,raw,equal_gate,300000,True,False,38399744,299998,results/stage6_followup_v1/measurements/c8363b09362a3caddeddca984abd452c07e947271751abdb3f5d89da205ca99e.npz,b37d99f683242bdf1b5c55cac20bf4c948c3b3be30f01b690f3b7a43e7f0dfe9,c8363b09362a3caddeddca984abd452c07e947271751abdb3f5d89da205ca99e,newly_executed
0.8,0.6625,0,zne_quadratic,equal_gate,300000,True,False,38399744,100000,results/stage6_followup_v1/measurements/330f9d3e6d358add0545b2ac16f5c5af8f8a81d3a33f586201718d2d58c749d2.npz,ff47fd4d4a329e533acef671da596e0472a8052c005e3e71e7d2b23453ce0612,330f9d3e6d358add0545b2ac16f5c5af8f8a81d3a33f586201718d2d58c749d2,newly_executed
0.8,0.6625,0,sv,equal_gate,300000,True,False,38399744,299998,results/stage6_followup_v1/measurements/d8ecbc86f5635c1c6bb82347643c177621de156b6149400b8f71098d57c56764.npz,cc9866869c3eea67b224fb77def9842b0753b17ef0e7002930e75f2c26a629f4,d8ecbc86f5635c1c6bb82347643c177621de156b6149400b8f71098d57c56764,newly_executed
0.8,0.6625,0.01,raw,equal_gate,300000,True,False,38399744,299998,results/stage6_followup_v1/measurements/68c344d274482a974397393f86c42c414c22b606e6c2cd76fb7f5e775b4163b6.npz,b7255812b6f998c2353021002a40df84839dd7b4d2dda8a8b295925f381406d8,68c344d274482a974397393f86c42c414c22b606e6c2cd76fb7f5e775b4163b6,newly_executed
0.8,0.6625,0.01,zne_quadratic,equal_gate,300000,True,False,38399744,100000,results/stage6_followup_v1/measurements/706b89317a859eaf2f62f2ba988e828fb1571562fb0d3662d98abb06a90d4732.npz,bf4b37c4ab377d39df7a3b736f7825c9341ee1964ee9c10983e87d3e4608de5d,706b89317a859eaf2f62f2ba988e828fb1571562fb0d3662d98abb06a90d4732,newly_executed
0.8,0.6625,0.01,sv,equal_gate,300000,True,False,38399744,299998,results/stage6_followup_v1/measurements/ed6b86472d1d20a3e5b1beff91b320ca2f96144aeedef70ee8ec248083d956db.npz,a19b6cf436da78e617e539ef8139c4786b1162e3414c1699f23f83c837775539,ed6b86472d1d20a3e5b1beff91b320ca2f96144aeedef70ee8ec248083d956db,newly_executed
0.8,0.6625,0.05,raw,equal_gate,300000,True,False,38399744,299998,results/stage6_followup_v1/measurements/bc08b54a4daa25346893f22b073f4c31be0c1a55a5ad2bc223072e1f7e9c6cc2.npz,a794f8f6150067aebedf2212cce45a17f4ece23b0e3fef201fa89e570e3b9f3d,bc08b54a4daa25346893f22b073f4c31be0c1a55a5ad2bc223072e1f7e9c6cc2,newly_executed
0.8,0.6625,0.05,zne_quadratic,equal_gate,300000,True,False,38399744,100000,results/stage6_followup_v1/measurements/780c10a2841d9a47c93f78e4489c1e5aba73b7149e002854a844b7edd833f692.npz,e961a05acbf6c4a11c14051ec55c02ace60aff5573ec54da2398916a463c1dd9,780c10a2841d9a47c93f78e4489c1e5aba73b7149e002854a844b7edd833f692,newly_executed
0.8,0.6625,0.05,sv,equal_gate,300000,True,False,38399744,299998,results/stage6_followup_v1/measurements/164709c7f085860f9775c5a27f675eb43162234cc2f12f3cd088f3d3f2cb2f9b.npz,5a203507f21068b4accf7c53acb300f8670b8c4cf98ca45c6d3233c621cbfcff,164709c7f085860f9775c5a27f675eb43162234cc2f12f3cd088f3d3f2cb2f9b,newly_executed
0.8,0.675,0,raw,equal_shots,100000,False,False,12800000,100000,results/stage6_followup_v1/measurements/fce8304d9687c9020c16276013994593a0dcbcf7b2e76679bd5c2ab935c8a131.npz,3129ed1ad8be68fed4d2090be7ef1e022ada5b937d0d3644e34cbd107e5e7771,fce8304d9687c9020c16276013994593a0dcbcf7b2e76679bd5c2ab935c8a131,historical_reused
0.8,0.675,0,zne_quadratic,equal_shots,100000,False,False,38399744,100000,results/stage6_followup_v1/measurements/8b4833ba912c2ff8673aec53d878051c5d989504e0cd01bcb43907f42b030eed.npz,6367d0eb8e7dbfec74aaad76683de8f8fbc5c343f2373f30f42af7ab580329be,8b4833ba912c2ff8673aec53d878051c5d989504e0cd01bcb43907f42b030eed,historical_reused
0.8,0.675,0,sv,equal_shots,100000,False,False,12800000,100000,results/stage6_followup_v1/measurements/6ec9468d34bb53927d3352bfb5174dde6e40f4dcac70adf171e816b1b013688a.npz,41cf179fe90875ab3cb9d0cb2768b177ad8f98edb605f5f33f1ae2fec2ef9f30,6ec9468d34bb53927d3352bfb5174dde6e40f4dcac70adf171e816b1b013688a,historical_reused
0.8,0.675,0.01,raw,equal_shots,100000,False,False,12800000,100000,results/stage6_followup_v1/measurements/f27051c824a7650f762189e5d013573ea2dd8a344cc9965961eb4a6231e2ef70.npz,7c62adf31d6a145ab4202561255ea08ac9618388267e6bc2f2c1b5e9f542f9cf,f27051c824a7650f762189e5d013573ea2dd8a344cc9965961eb4a6231e2ef70,historical_reused
0.8,0.675,0.01,zne_quadratic,equal_shots,100000,False,False,38399744,100000,results/stage6_followup_v1/measurements/938f258ee84335852e5044d3b1b4a7f9de7903df2632ff7c573d42ce141b01ce.npz,e4f0922ef28d0e4eb1ce38a86b8461e11b916b791e2acc2579ed79d0b27f329a,938f258ee84335852e5044d3b1b4a7f9de7903df2632ff7c573d42ce141b01ce,historical_reused
0.8,0.675,0.01,sv,equal_shots,100000,False,False,12800000,100000,results/stage6_followup_v1/measurements/c8b6d88eb093471a49195d64e9f8bf779f84cd314bc61130e46a4fe2609488d3.npz,da7c619f053c2b1f478efc47cefa095c12a94a67f8783beace669bf05a38159a,c8b6d88eb093471a49195d64e9f8bf779f84cd314bc61130e46a4fe2609488d3,historical_reused
0.8,0.675,0.05,raw,equal_shots,100000,False,False,12800000,100000,results/stage6_followup_v1/measurements/e88fc41171d1553527c3cf50aee5c2e95bdcd6f0ebb9344f1b0580ad2737a29f.npz,3e67c79c12401ad4f6781a4c5f07c9fe5bc03dc7b15c675e89c203a0cb2ab13f,e88fc41171d1553527c3cf50aee5c2e95bdcd6f0ebb9344f1b0580ad2737a29f,historical_reused
0.8,0.675,0.05,zne_quadratic,equal_shots,100000,False,False,38399744,100000,results/stage6_followup_v1/measurements/e36f78533e3682a8ef69ed41b5cfe78d7ae953fbf4ff54c6aa5db72096223551.npz,ef778187d32ef73f00c56fb8111df1d625a99242a2b047626ba3deadd24dbe9b,e36f78533e3682a8ef69ed41b5cfe78d7ae953fbf4ff54c6aa5db72096223551,historical_reused
0.8,0.675,0.05,sv,equal_shots,100000,False,False,12800000,100000,results/stage6_followup_v1/measurements/9fe725da43a722150620072bc66a03ade97ce48c9022d83274f666d423370ede.npz,a9ea0033bdc908a7cf291797234e4629f3c4287d52d972fa31dbe28027798e97,9fe725da43a722150620072bc66a03ade97ce48c9022d83274f666d423370ede,historical_reused
0.8,0.675,0,raw,equal_gate,100000,True,False,12800000,100000,results/stage6_followup_v1/measurements/ac259eca716bd7a7a275d79fb6d75ba6924dcf134fa9e4ae75dffa00a07561eb.npz,c4d8822615c7e6868eb129a54b469321bbee06a6a35b94ed64aa4829819f74aa,ac259eca716bd7a7a275d79fb6d75ba6924dcf134fa9e4ae75dffa00a07561eb,newly_executed
0.8,0.675,0,zne_quadratic,equal_gate,100000,True,False,12800000,33334,results/stage6_followup_v1/measurements/e5d261b22937106e1d4729c8a156130e8f91895e3ecf04c2360a67026cb9834d.npz,a09917bcfc541b4054e2013d82c5e10142b57978f343fb1de6ba5920e92b4155,e5d261b22937106e1d4729c8a156130e8f91895e3ecf04c2360a67026cb9834d,newly_executed
0.8,0.675,0,sv,equal_gate,100000,True,False,12800000,100000,results/stage6_followup_v1/measurements/c3bb5db9f92541046957026b2f11e3dc8976550fbcfd7dbe3e76a1d7c7d5424e.npz,69cd64596f032b889e15ba8ca1dacfb101d5b22451a991ee659899b7a1a95119,c3bb5db9f92541046957026b2f11e3dc8976550fbcfd7dbe3e76a1d7c7d5424e,newly_executed
0.8,0.675,0.01,raw,equal_gate,100000,True,False,12800000,100000,results/stage6_followup_v1/measurements/9124ef8d2d59a2d7c1451946126a47422d9833f8049171d0089e41cdf96cecb6.npz,760ce7872fb57a661062cfbe7814fd5083bd23ff897451d293fcd37fd8b7435a,9124ef8d2d59a2d7c1451946126a47422d9833f8049171d0089e41cdf96cecb6,newly_executed
0.8,0.675,0.01,zne_quadratic,equal_gate,100000,True,False,12800000,33334,results/stage6_followup_v1/measurements/1a67f4f1bf1155f91b08ce2a57f16110e9675c47ce26d2582b700cfac9e4bc6b.npz,22f6a96fa8d50b98f68cb32bee9844c23e40dedb79b16081012b17adaba65faa,1a67f4f1bf1155f91b08ce2a57f16110e9675c47ce26d2582b700cfac9e4bc6b,newly_executed
0.8,0.675,0.01,sv,equal_gate,100000,True,False,12800000,100000,results/stage6_followup_v1/measurements/5477f385df753421a0fed667f6b934e8bb78d24c69cf6184292e18d6053da498.npz,16ccece1dd6fe9517d2b062373a92452494a9af84aee0603a4237436361a87fc,5477f385df753421a0fed667f6b934e8bb78d24c69cf6184292e18d6053da498,newly_executed
0.8,0.675,0.05,raw,equal_gate,100000,True,False,12800000,100000,results/stage6_followup_v1/measurements/a129ff67696eaa187d70fd9c010b4d9d25371d7b2277f9c6b06d0235102d9899.npz,1e195f483283d071eafc8ce12a1ae930625dcedf3645849ae914c36070f86f97,a129ff67696eaa187d70fd9c010b4d9d25371d7b2277f9c6b06d0235102d9899,newly_executed
0.8,0.675,0.05,zne_quadratic,equal_gate,100000,True,False,12800000,33334,results/stage6_followup_v1/measurements/2daae2f0a7002ee06c7dcebb01e2eb5c08dcee1a8de1a4d5c0cbc451d19b0a49.npz,9034d45911dfcdba39fa6667caa7ccc8e0f129c1e18dd11864814b6ec05ffacb,2daae2f0a7002ee06c7dcebb01e2eb5c08dcee1a8de1a4d5c0cbc451d19b0a49,newly_executed
0.8,0.675,0.05,sv,equal_gate,100000,True,False,12800000,100000,results/stage6_followup_v1/measurements/2e07e4eca3331aa1b8d55e08027794703442aa6fff8551d15d598b68cb58e038.npz,3b9412127f7defc033f6ec845b5be4f9da14fefdaf769ee30a2c2c366382c19d,2e07e4eca3331aa1b8d55e08027794703442aa6fff8551d15d598b68cb58e038,newly_executed
0.8,0.675,0,raw,equal_gate,300000,True,False,38399744,299998,results/stage6_followup_v1/measurements/544c1ff180af8e616246d00a1e348dc6a62e431c53693a61e888c543d98d6a38.npz,2e8b19ce3c29e2a66ce23e656213ca91f7deb047b416ab7fbbc4109a08fd28d4,544c1ff180af8e616246d00a1e348dc6a62e431c53693a61e888c543d98d6a38,newly_executed
0.8,0.675,0,zne_quadratic,equal_gate,300000,True,False,38399744,100000,results/stage6_followup_v1/measurements/84aa378ddd0c439f18fa23679a072d813344ae1798c8df5babe4e02ead216dc0.npz,81d44ff59aa3f61743c53d898b87d72a5b73837e94597c2b91885864912e1cf8,84aa378ddd0c439f18fa23679a072d813344ae1798c8df5babe4e02ead216dc0,newly_executed
0.8,0.675,0,sv,equal_gate,300000,True,False,38399744,299998,results/stage6_followup_v1/measurements/23662f7b93bf044e1d1a3abc86b0a25b9723f237ca3a4adaecca8d88cfbfe72b.npz,2a4c3cb5785b65a270523c7b3688cdc5e66a86004a2a9c5960c0dff72010d9a5,23662f7b93bf044e1d1a3abc86b0a25b9723f237ca3a4adaecca8d88cfbfe72b,newly_executed
0.8,0.675,0.01,raw,equal_gate,300000,True,False,38399744,299998,results/stage6_followup_v1/measurements/57922c6117732ca74d6a3e0a369ace17ce620f86b623e9bce9c47aaf4084574a.npz,ebc6f4f67f544ae17c17abc553b2c383cf4b1066bb2bfff375e18dc52b3a9281,57922c6117732ca74d6a3e0a369ace17ce620f86b623e9bce9c47aaf4084574a,newly_executed
0.8,0.675,0.01,zne_quadratic,equal_gate,300000,True,False,38399744,100000,results/stage6_followup_v1/measurements/be644328c12870439226017edd24bc73134cba741db80bceb3ecf6122a68ac6c.npz,3091d7811c36a7d3690b6d479f963036c15f2925ed55243cb3e29ea5af14820b,be644328c12870439226017edd24bc73134cba741db80bceb3ecf6122a68ac6c,newly_executed
0.8,0.675,0.01,sv,equal_gate,300000,True,False,38399744,299998,results/stage6_followup_v1/measurements/a0e1cddbda1337561c30568591b3e22d4af10a8424db28d57107d4030ad60b1b.npz,5d462bb47a84d699f6a190a52669f554e3c31d7ac505e7741d6cdc38cc52ee9c,a0e1cddbda1337561c30568591b3e22d4af10a8424db28d57107d4030ad60b1b,newly_executed
0.8,0.675,0.05,raw,equal_gate,300000,True,False,38399744,299998,results/stage6_followup_v1/measurements/04627fcb51c082ab363f370faacbd3384fdfb660fa992b2e310a1e5854814f12.npz,8ba7863cbfebc2aaf1d71519c85d906e58d0ba7fa7732f33f23293fe03b6ba0d,04627fcb51c082ab363f370faacbd3384fdfb660fa992b2e310a1e5854814f12,newly_executed
0.8,0.675,0.05,zne_quadratic,equal_gate,300000,True,False,38399744,100000,results/stage6_followup_v1/measurements/c0dd2045048c585931a9cec0fb2cbc16e12ae54f1d254fbd06634220f95e6642.npz,4dfa3fa475c7a247cc4eadbbb76b04d9e4fc3a5f3210e6ab3ce570d8bb92b625,c0dd2045048c585931a9cec0fb2cbc16e12ae54f1d254fbd06634220f95e6642,newly_executed
0.8,0.675,0.05,sv,equal_gate,300000,True,False,38399744,299998,results/stage6_followup_v1/measurements/8d67ed40c60afe531b4197eb92085b0c7e84afdd043d71edd73e6b9c736175d0.npz,46b53abf8a0487f23b60996202d7d06c68923fd60ccf91e0c28a8c96d2e51268,8d67ed40c60afe531b4197eb92085b0c7e84afdd043d71edd73e6b9c736175d0,newly_executed
0.8,0.8,0,raw,equal_shots,100000,False,False,12800000,100000,results/stage6_followup_v1/measurements/95cb6ff980059e98c54c1608b0bdea43fc5d93f5ee94b3eb07afecca9187525e.npz,c619a7b61868da208513e910d6821aab5e89abdb747d6a2f12aa2968babc5948,95cb6ff980059e98c54c1608b0bdea43fc5d93f5ee94b3eb07afecca9187525e,historical_reused
0.8,0.8,0,zne_quadratic,equal_shots,100000,False,False,38399744,100000,results/stage6_followup_v1/measurements/21ba7413cf421745625d087730b7449182938436f125cdda6d9f49e867ca840b.npz,230585be91da8f3dbd805fc68169edadde1bd4189e7821fe9f2462f27a09fefd,21ba7413cf421745625d087730b7449182938436f125cdda6d9f49e867ca840b,historical_reused
0.8,0.8,0,sv,equal_shots,100000,False,False,12800000,100000,results/stage6_followup_v1/measurements/abab34af60fa15f0490030a7c90091e66c6c23d284f39005d7a0ca7e567ac694.npz,4c6681dafd8737ab4151f961942fbf778879f3249d5bf0fb9ee5facf81ee6dc5,abab34af60fa15f0490030a7c90091e66c6c23d284f39005d7a0ca7e567ac694,historical_reused
0.8,0.8,0.01,raw,equal_shots,100000,False,False,12800000,100000,results/stage6_followup_v1/measurements/7eacd2cfccd613aafecebf47b06e1c65ef0aa8a88d5299f2ef0ba9129a9eaa8f.npz,6339db50ebbc2f7aa71af3dedbe7f94e427081a3671b19691131e9cd7f7e10d5,7eacd2cfccd613aafecebf47b06e1c65ef0aa8a88d5299f2ef0ba9129a9eaa8f,historical_reused
0.8,0.8,0.01,zne_quadratic,equal_shots,100000,False,False,38399744,100000,results/stage6_followup_v1/measurements/eed76e50ef321224de49c42ef7b8786ee3cde1493a3050a942cace5391df72de.npz,8d45c0083a827d6879f6c4e9aabb53705712d0d767f45248134576e128a99754,eed76e50ef321224de49c42ef7b8786ee3cde1493a3050a942cace5391df72de,historical_reused
0.8,0.8,0.01,sv,equal_shots,100000,False,False,12800000,100000,results/stage6_followup_v1/measurements/5f7cab33aff4eeebf1745f3d7535ebbfbc61be65d5a52418175a4412513c8039.npz,c1ade0c574510afd4beeb938e4c83d2a279e2710806888875a5634dfedb3a1b8,5f7cab33aff4eeebf1745f3d7535ebbfbc61be65d5a52418175a4412513c8039,historical_reused
0.8,0.8,0.05,raw,equal_shots,100000,False,False,12800000,100000,results/stage6_followup_v1/measurements/d79b81557c3b4a71b42bf20c755d05bd869ef377de46f5ac5bf1d8defbb758a3.npz,b1848ea297d953863fc2153255a069c1f7e1cf1407d9d1c715e4a92edc147803,d79b81557c3b4a71b42bf20c755d05bd869ef377de46f5ac5bf1d8defbb758a3,historical_reused
0.8,0.8,0.05,zne_quadratic,equal_shots,100000,False,False,38399744,100000,results/stage6_followup_v1/measurements/179c689c27a29b8d243244c253d9d2c5aa5b22b0b969a56574454bbb1733963b.npz,d0015f99cacd554f3e1ae895546d7e8cc83c09f169c07163d1a0009373d4dfc7,179c689c27a29b8d243244c253d9d2c5aa5b22b0b969a56574454bbb1733963b,historical_reused
0.8,0.8,0.05,sv,equal_shots,100000,False,False,12800000,100000,results/stage6_followup_v1/measurements/ab0b61b4dd7b8736414cba9b46cf134a6c08a11e9eb35cc1f341bfe0a92daeb2.npz,2adb3a4ffba10a6563d8a0fa70ab8915104a1924db6d6bb3cf6156b186582541,ab0b61b4dd7b8736414cba9b46cf134a6c08a11e9eb35cc1f341bfe0a92daeb2,historical_reused
0.8,0.8,0,raw,equal_gate,100000,True,False,12800000,100000,results/stage6_followup_v1/measurements/4f3d09e3c06c2f98e297235a2799a8a478004963891286a083fcc21c3a42827a.npz,885692b1e83161343d5dc5e291ffd977d262256a7c609876fd42d8bae266d635,4f3d09e3c06c2f98e297235a2799a8a478004963891286a083fcc21c3a42827a,newly_executed
0.8,0.8,0,zne_quadratic,equal_gate,100000,True,False,12800000,33334,results/stage6_followup_v1/measurements/1baf80e3598edfea5c4118467aeb10401dedc242c3cad99b1aa7c2b4e0c71358.npz,77fd57ca60f849b86b06a1e06bc17136a63cae127dfb496a4d77f91ddec4698d,1baf80e3598edfea5c4118467aeb10401dedc242c3cad99b1aa7c2b4e0c71358,newly_executed
0.8,0.8,0,sv,equal_gate,100000,True,False,12800000,100000,results/stage6_followup_v1/measurements/35c382a886eab131f5c02eefe8069962268d2cdd91551b789a8bfb1284952669.npz,afc302bbaf82ddc4f1f69c23f2a2cf4fead163ecc3eb19306723c3d74ba704e7,35c382a886eab131f5c02eefe8069962268d2cdd91551b789a8bfb1284952669,newly_executed
0.8,0.8,0.01,raw,equal_gate,100000,True,False,12800000,100000,results/stage6_followup_v1/measurements/d6393c297b26be8363ed9a3f5dd1f1dbb44faec93e1463d90d58452dfd403b75.npz,d972a74fb1e965f17d48fc8c89c461079da2c00526a494475f8e7108de05a9b6,d6393c297b26be8363ed9a3f5dd1f1dbb44faec93e1463d90d58452dfd403b75,newly_executed
0.8,0.8,0.01,zne_quadratic,equal_gate,100000,True,False,12800000,33334,results/stage6_followup_v1/measurements/4e522d361dcbd0e20a832be7d00ebd0f439a697921de8b44ee1584a6676b97f4.npz,66780bfa28c7681730dc11e670d7ae33a0cfa0afd2027cd4f4ef757d06ef42d1,4e522d361dcbd0e20a832be7d00ebd0f439a697921de8b44ee1584a6676b97f4,newly_executed
0.8,0.8,0.01,sv,equal_gate,100000,True,False,12800000,100000,results/stage6_followup_v1/measurements/ebde31904a915a4b69a1a1648a357d338c8faa8294b52eac03f9220a66c08d67.npz,62a2532a69e2f178def3a3c8ae8e7cfda7a128288a897d51a42e230866c6ce7d,ebde31904a915a4b69a1a1648a357d338c8faa8294b52eac03f9220a66c08d67,newly_executed
0.8,0.8,0.05,raw,equal_gate,100000,True,False,12800000,100000,results/stage6_followup_v1/measurements/b6765e44177a606472e9244c59747ac9f99174b650e2a49e1636021774ff3764.npz,1f59f0305b4af344fd024a9a2d9a97b94e72080b0f4b2c6eed080ae1d65e3658,b6765e44177a606472e9244c59747ac9f99174b650e2a49e1636021774ff3764,newly_executed
0.8,0.8,0.05,zne_quadratic,equal_gate,100000,True,False,12800000,33334,results/stage6_followup_v1/measurements/291c443745d6f6097620d4b08f159a1da3a0e2c7e61a68c642117df1e2e8fc8c.npz,e12854b491b0265c16a459d906407a84ca42d51a86fe7ee345c49964d7297352,291c443745d6f6097620d4b08f159a1da3a0e2c7e61a68c642117df1e2e8fc8c,newly_executed
0.8,0.8,0.05,sv,equal_gate,100000,True,False,12800000,100000,results/stage6_followup_v1/measurements/1524d8863a1adf60922943f5bd5506cb8eca1a9440b745820ee52246f165be6c.npz,fabc0b1a2eca3ba115f7ab065ca01a1ed9fc716ba74c75e3ae9fa8e25d548823,1524d8863a1adf60922943f5bd5506cb8eca1a9440b745820ee52246f165be6c,newly_executed
0.8,0.8,0,raw,equal_gate,300000,True,False,38399744,299998,results/stage6_followup_v1/measurements/cb0a07b49688d34cc64ef34eb76385266f133a951e2c6f3cd6e403db1e757ffd.npz,85a32a6167e4b860739c18656cea1e49a910c83e37e6a725c0f2a919185b7549,cb0a07b49688d34cc64ef34eb76385266f133a951e2c6f3cd6e403db1e757ffd,newly_executed
0.8,0.8,0,zne_quadratic,equal_gate,300000,True,False,38399744,100000,results/stage6_followup_v1/measurements/eb4315fc7a36ec78e563f422bbc3220dac395fbcb6f51f6e4f37fd2f9bc81ac7.npz,5753aa1062a99c5a3818d6a0aca6609984a8bcc9b5e75da75dde54c6f5fc0bd9,eb4315fc7a36ec78e563f422bbc3220dac395fbcb6f51f6e4f37fd2f9bc81ac7,newly_executed
0.8,0.8,0,sv,equal_gate,300000,True,False,38399744,299998,results/stage6_followup_v1/measurements/2c3390b7e35a4e365f809ea7d7a53d5e7a0c338614a7840047bd3db50e22992f.npz,abddcecb7ca01c456a5c908f391af0bfb4066e4a3ce472c8ea093a11bdfca682,2c3390b7e35a4e365f809ea7d7a53d5e7a0c338614a7840047bd3db50e22992f,newly_executed
0.8,0.8,0.01,raw,equal_gate,300000,True,False,38399744,299998,results/stage6_followup_v1/measurements/c2ec3c7edfd29ecab769710dce9a9a46b2c8a9f68c0b47cd8988ca966d541336.npz,ac21429c519481709d51a36c5ed7f4a31df6e28e9577436ca5e7fa4729500d55,c2ec3c7edfd29ecab769710dce9a9a46b2c8a9f68c0b47cd8988ca966d541336,newly_executed
0.8,0.8,0.01,zne_quadratic,equal_gate,300000,True,False,38399744,100000,results/stage6_followup_v1/measurements/6ab0f74459770f6d991daf08d0bbd1f5e958c9c0ec04e6fe299b6ca58f9e2489.npz,e7e71eb9885133381212de8c24c580106d0365c6c736ac4c2f00ab4fec3f56e4,6ab0f74459770f6d991daf08d0bbd1f5e958c9c0ec04e6fe299b6ca58f9e2489,newly_executed
0.8,0.8,0.01,sv,equal_gate,300000,True,False,38399744,299998,results/stage6_followup_v1/measurements/a66d35a23642735aab3108ce0ce41bddb2771262fe1285a25f22444de457cace.npz,cda7bb9e68022c3413ad5f5aa2bdaac34facf47d8cd35e3b92f63e4cc76bd9af,a66d35a23642735aab3108ce0ce41bddb2771262fe1285a25f22444de457cace,newly_executed
0.8,0.8,0.05,raw,equal_gate,300000,True,False,38399744,299998,results/stage6_followup_v1/measurements/a1c8b1fd86538c744f0531265ed68ad7093b68e0201dbae25e22d93ddb4fb364.npz,d5e37f087a98a081f0625bf3dd793a65ce410b9cf4257e2ace7c6f8b885d4297,a1c8b1fd86538c744f0531265ed68ad7093b68e0201dbae25e22d93ddb4fb364,newly_executed
0.8,0.8,0.05,zne_quadratic,equal_gate,300000,True,False,38399744,100000,results/stage6_followup_v1/measurements/bee859da1defc840bde161572fdbaaf83e606d54e076800fa4bba902ce81b2e8.npz,8f46e75ad1a4c2a4ff1a3bc6de126f4b98a46085e2353f29c64bfe3f9e290a43,bee859da1defc840bde161572fdbaaf83e606d54e076800fa4bba902ce81b2e8,newly_executed
0.8,0.8,0.05,sv,equal_gate,300000,True,False,38399744,299998,results/stage6_followup_v1/measurements/5e182fa47607837eecae88fe4014b7b1aa6ed76e398f986dcc9f991d710f86b5.npz,7166119d8843b53eaec72db9410b86d6f75ec2fbb67bf83207129d977a558d1c,5e182fa47607837eecae88fe4014b7b1aa6ed76e398f986dcc9f991d710f86b5,newly_executed
0.9,1.8,0,raw,equal_shots,100000,False,False,12800000,100000,results/stage6_followup_v1/measurements/82f1082b617079e431b4bc60e9311089f5e2bc034a07c4d90b426d0c1b219c58.npz,cd8829a153bf0d7db0498ae76f3e84c78ca81ff870ac80a25167646e014e8b15,82f1082b617079e431b4bc60e9311089f5e2bc034a07c4d90b426d0c1b219c58,historical_reused
0.9,1.8,0,zne_quadratic,equal_shots,100000,False,False,38399744,100000,results/stage6_followup_v1/measurements/33164d744230cc07a1080e9329c748c453f328af3cae9ee22e67e8a73152f1ef.npz,f82e639a79aeb4927e8fa842360d4ee8016e719c6f3bdfade0a84e889680e1ab,33164d744230cc07a1080e9329c748c453f328af3cae9ee22e67e8a73152f1ef,historical_reused
0.9,1.8,0,sv,equal_shots,100000,False,False,12800000,100000,results/stage6_followup_v1/measurements/33d1f2b5e586cf33dd9d2653c8d3595e9925a5cd81b1ae9593723e8a32e9ee6d.npz,d891309679b4a8bf06190f2de0acef91fb121a7c2cc9376a03eff86c6e078c91,33d1f2b5e586cf33dd9d2653c8d3595e9925a5cd81b1ae9593723e8a32e9ee6d,historical_reused
0.9,1.8,0.01,raw,equal_shots,100000,False,False,12800000,100000,results/stage6_followup_v1/measurements/05ffa2d39a8df8f621c198c9a365dc1b735496330c7fd191d395ae58a0700469.npz,513ae875d78a1697bb8e3d0c7a8b9ead9c27b31730624a3ad4b30799b2c779be,05ffa2d39a8df8f621c198c9a365dc1b735496330c7fd191d395ae58a0700469,historical_reused
0.9,1.8,0.01,zne_quadratic,equal_shots,100000,False,False,38399744,100000,results/stage6_followup_v1/measurements/10ccfe037fc1ff8b0f757d16b2555df9a2b999390d7407980443e8cbf9450b3a.npz,c4bbbc8c200233d48f1486c13d6173a7e1987711c70e9896be6e640d87ff6fd2,10ccfe037fc1ff8b0f757d16b2555df9a2b999390d7407980443e8cbf9450b3a,historical_reused
0.9,1.8,0.01,sv,equal_shots,100000,False,False,12800000,100000,results/stage6_followup_v1/measurements/4645a672ba1e5ef6b866ff4426817da1d6bb485a3e6f01ff9abc5a3c833b1eeb.npz,f963a39c5c4eb6ccf07b889985973554a4571859774e7dc4caf89903721dbf00,4645a672ba1e5ef6b866ff4426817da1d6bb485a3e6f01ff9abc5a3c833b1eeb,historical_reused
0.9,1.8,0.05,raw,equal_shots,100000,False,False,12800000,100000,results/stage6_followup_v1/measurements/940836aa71cfaa842fc64a4a50f8301cdde0603762ed4448848e34934acd8846.npz,2200024058ace95e450283f9082d5fa489a7698990cc044374f6d8a334b588bd,940836aa71cfaa842fc64a4a50f8301cdde0603762ed4448848e34934acd8846,historical_reused
0.9,1.8,0.05,zne_quadratic,equal_shots,100000,False,False,38399744,100000,results/stage6_followup_v1/measurements/cd8955433f92a738b449f504ce708d397fcc93eeea11300382100b8867460034.npz,4f6d8d68287155f95c9085ee5c1f286e0e19fa6db918e452c54d7a8214fdd952,cd8955433f92a738b449f504ce708d397fcc93eeea11300382100b8867460034,historical_reused
0.9,1.8,0.05,sv,equal_shots,100000,False,False,12800000,100000,results/stage6_followup_v1/measurements/ba303cd11e1dcac4ab13d2c383206c68932ca2e5a681518a9b6e16519bff6f63.npz,6f6a95ddac1a1707e51abbf4a96a717aeb0c58ed610d831df29bd68e43f19f84,ba303cd11e1dcac4ab13d2c383206c68932ca2e5a681518a9b6e16519bff6f63,historical_reused
0.9,1.8,0,raw,equal_gate,100000,True,False,12800000,100000,results/stage6_followup_v1/measurements/49de15a0e71a427330aa3b8800c24da47a02c62083db0598453d68dd973aea56.npz,d9a0b238306c199be93cfc17ba9ebb72be658d64fd4ec249624ef27b89878cf1,49de15a0e71a427330aa3b8800c24da47a02c62083db0598453d68dd973aea56,newly_executed
0.9,1.8,0,zne_quadratic,equal_gate,100000,True,False,12800000,33334,results/stage6_followup_v1/measurements/e42ab055d9744b86cfc9f08ba8e1dc04b4435e98b61ec087d7439224a3eea76c.npz,04fc9d48a840e2100640e5a0a9dc9db47eea35101269c9beb959b3bc92432afe,e42ab055d9744b86cfc9f08ba8e1dc04b4435e98b61ec087d7439224a3eea76c,newly_executed
0.9,1.8,0,sv,equal_gate,100000,True,False,12800000,100000,results/stage6_followup_v1/measurements/b58206a350fda831765cb0b93ab701d7165d74f354f4dc4de3d3a3755a9737e4.npz,0580b8350aff4a0d247fdf3632ea2bc05cbae45685b60b8c25ba3f1eb7c88753,b58206a350fda831765cb0b93ab701d7165d74f354f4dc4de3d3a3755a9737e4,newly_executed
0.9,1.8,0.01,raw,equal_gate,100000,True,False,12800000,100000,results/stage6_followup_v1/measurements/5a44b988bb912c36056797d1687386ae66dcfffe8cda1b5ce5588ea0ab465202.npz,3910462ac73bf2defd9352407f4ac3a2a2ce5edfc8ea143db6fb78ac2717a55f,5a44b988bb912c36056797d1687386ae66dcfffe8cda1b5ce5588ea0ab465202,newly_executed
0.9,1.8,0.01,zne_quadratic,equal_gate,100000,True,False,12800000,33334,results/stage6_followup_v1/measurements/f990af99c24f321886c7fb4d4e67f6d76dd8d7f78068fd35cb84fc0dee8e23b3.npz,12fd6d473dde2a4b800b31a6f9733fa00093df2a98b605560014110854ec0447,f990af99c24f321886c7fb4d4e67f6d76dd8d7f78068fd35cb84fc0dee8e23b3,newly_executed
0.9,1.8,0.01,sv,equal_gate,100000,True,False,12800000,100000,results/stage6_followup_v1/measurements/92987917276736027cbc4ccbbf7bfcf1e1820a9ec7db5462cc8dd6d91b62cd6c.npz,1e6e818a89a26bdd5d08b16eb2a087df0120b9cc35c8f0b875c28acfc8697da3,92987917276736027cbc4ccbbf7bfcf1e1820a9ec7db5462cc8dd6d91b62cd6c,newly_executed
0.9,1.8,0.05,raw,equal_gate,100000,True,False,12800000,100000,results/stage6_followup_v1/measurements/2957f8eecc4b3dacdaaa3c1b50c1742d6dbfef2bab31079d27444c50f55231c4.npz,1666b8bf7dacff20aeef36f49cc943d5ba85a692b7444036d47ff6c4d14c9576,2957f8eecc4b3dacdaaa3c1b50c1742d6dbfef2bab31079d27444c50f55231c4,newly_executed
0.9,1.8,0.05,zne_quadratic,equal_gate,100000,True,False,12800000,33334,results/stage6_followup_v1/measurements/c38b8a5103445767026dcce391d24c2235954ba95d9dd6b0fc98f4323d68945a.npz,da21cf8347e735149a8927b30924b81b4c14395e80869f96e29e4fc3fe13e6ac,c38b8a5103445767026dcce391d24c2235954ba95d9dd6b0fc98f4323d68945a,newly_executed
0.9,1.8,0.05,sv,equal_gate,100000,True,False,12800000,100000,results/stage6_followup_v1/measurements/305edd4a5c27f1ddde1afc30d781bb8708ccc929dba816e5197022ac14eaf75f.npz,cac32173c0eeb7e0a3e43d89b250ac29230d16293573618e2216d0ca87bef746,305edd4a5c27f1ddde1afc30d781bb8708ccc929dba816e5197022ac14eaf75f,newly_executed
0.9,1.8,0,raw,equal_gate,300000,True,False,38399744,299998,results/stage6_followup_v1/measurements/38cd3fd316f585a63474fa5c02db24ae0b9a48b92b1ad1889c4379a4d7fa74ee.npz,cf50d428dbc8f458fbdcb239594f454d98d45f13cb05601597bca36453ffcb71,38cd3fd316f585a63474fa5c02db24ae0b9a48b92b1ad1889c4379a4d7fa74ee,newly_executed
0.9,1.8,0,zne_quadratic,equal_gate,300000,True,False,38399744,100000,results/stage6_followup_v1/measurements/83479e6370f5b2d377f382c2bb35966229292d9a4210bb2f8b74ef2221ff8238.npz,5c625464dfd3fb0254f7ce1744cb8952510db19deea6c9e7ff1c2d0f2092ccba,83479e6370f5b2d377f382c2bb35966229292d9a4210bb2f8b74ef2221ff8238,newly_executed
0.9,1.8,0,sv,equal_gate,300000,True,False,38399744,299998,results/stage6_followup_v1/measurements/b227ddf5685c298befc26cecc2a55fb5b043b38022dc450421f780306d53926c.npz,f2dd68aa3ed435dd3d77c15799eda0321ea4c0bc9d9093378150c615f2671c96,b227ddf5685c298befc26cecc2a55fb5b043b38022dc450421f780306d53926c,newly_executed
0.9,1.8,0.01,raw,equal_gate,300000,True,False,38399744,299998,results/stage6_followup_v1/measurements/b783121647573a1f035611cac4e6ab8fffbd2272ba3b9d6cb19264d926d720da.npz,02bda66c20c74e549fc4d6fa6156dcc03ded098e8e10485a507473cd7848ee4a,b783121647573a1f035611cac4e6ab8fffbd2272ba3b9d6cb19264d926d720da,newly_executed
0.9,1.8,0.01,zne_quadratic,equal_gate,300000,True,False,38399744,100000,results/stage6_followup_v1/measurements/05ad6830d7ce0b5ea02a405f625d81aedb91a385696581f2f3c37ec73bd5db50.npz,7165967f0d22ab6c7d622565b95b62f1737ec6fb6914c97f8223b26785abb5cb,05ad6830d7ce0b5ea02a405f625d81aedb91a385696581f2f3c37ec73bd5db50,newly_executed
0.9,1.8,0.01,sv,equal_gate,300000,True,False,38399744,299998,results/stage6_followup_v1/measurements/0c52b322dc4798ae25fb6ffecd42d1ca222427175009dad96232f1aff9a403af.npz,45a5f0983195bb1f0fbe376385a86f688400543c2e718f98af3fc8c9bb7ff80d,0c52b322dc4798ae25fb6ffecd42d1ca222427175009dad96232f1aff9a403af,newly_executed
0.9,1.8,0.05,raw,equal_gate,300000,True,False,38399744,299998,results/stage6_followup_v1/measurements/d56101b030a0160f308c6d1ecc2bab9b93783eb76d60dd14ae571b11ddbcce9e.npz,a51b459020f31637140bc2e792a9e31a51264ccda2a998ddec72e14649f54274,d56101b030a0160f308c6d1ecc2bab9b93783eb76d60dd14ae571b11ddbcce9e,newly_executed
0.9,1.8,0.05,zne_quadratic,equal_gate,300000,True,False,38399744,100000,results/stage6_followup_v1/measurements/11b034e32d74035786c032b1cb6f2fb1d0c1e7b9897e8b9a8135da38a8231938.npz,e1ede003b99d02bc6b57ed120ee82e73778a885023330a21e184346c772d6761,11b034e32d74035786c032b1cb6f2fb1d0c1e7b9897e8b9a8135da38a8231938,newly_executed
0.9,1.8,0.05,sv,equal_gate,300000,True,False,38399744,299998,results/stage6_followup_v1/measurements/106c2cdccc80250b4be70cf5ad44508357b8510a29cc582854aa49c8e958f493.npz,426540de0d2f3976a41f18086cf54bf18f405c1f8237a0f2bc981ff4ea3537bf,106c2cdccc80250b4be70cf5ad44508357b8510a29cc582854aa49c8e958f493,newly_executed
