window,chain,p,feature,stride,h,value,derivative
W1,W1/ascending/seed307,0,order,4,0.75,0.8321389063563651,0.6403650105674741
W1,W1/ascending/seed307,0,order,4,0.8,0.7975150487964704,0.7445892918283077
W1,W1/ascending/seed307,0,order,4,0.85,0.7576799771735343,0.8419851860448926
W1,W1/ascending/seed307,0,order,4,0.9,0.7133165301919813,0.9176346111983378
W1,W1/ascending/seed307,0,order,4,0.95,0.6659165160537004,0.9579064459915871
W1,W1/ascending/seed307,0,order,4,1.0,0.6175258855928227,0.9561265953725968
W1,W1/ascending/seed307,0,order,4,1.05,0.5703038565164406,0.9150105136081557
W1,W1/ascending/seed307,0,order,4,1.1,0.5260248342320071,0.8451993689372648
W1,W1/ascending/seed307,0,order,4,1.15,0.48578391962271433,0.7596672003708527
W1,W1/ascending/seed307,0,order,4,1.2,0.4500581141949218,0.6697228341212345
W1,W1/ascending/seed307,0,order,4,1.25,0.4188116362105908,0.5801362852520011
W1,W1/ascending/seed307,0,order,2,0.75,0.8321389063563651,0.6392978058565078
W1,W1/ascending/seed307,0,order,2,0.775,0.8154917193931851,0.6924771511978918
W1,W1/ascending/seed307,0,order,2,0.8,0.7975150487964704,0.7453059023622899
W1,W1/ascending/seed307,0,order,2,0.825,0.7782264242750708,0.79670143245872
W1,W1/ascending/seed307,0,order,2,0.85,0.7576799771735343,0.844711911733647
W1,W1/ascending/seed307,0,order,2,0.875,0.7359908286883884,0.8872689396310598
W1,W1/ascending/seed307,0,order,2,0.9,0.7133165301919813,0.9223050871618597
W1,W1/ascending/seed307,0,order,2,0.925,0.6898755743302953,0.9480002827656211
W1,W1/ascending/seed307,0,order,2,0.95,0.6659165160537004,0.9634496404738542
W1,W1/ascending/seed307,0,order,2,0.975,0.6417030923066026,0.9678126092175514
W1,W1/ascending/seed307,0,order,2,1.0,0.6175258855928227,0.9611697821256406
W1,W1/ascending/seed307,0,order,2,1.025,0.5936446032003208,0.9444405815276422
W1,W1/ascending/seed307,0,order,2,1.05,0.5703038565164406,0.9186348935845032
W1,W1/ascending/seed307,0,order,2,1.075,0.5477128585210955,0.8855804456886691
W1,W1/ascending/seed307,0,order,2,1.1,0.5260248342320071,0.8472153751393279
W1,W1/ascending/seed307,0,order,2,1.125,0.505352089764129,0.8048182921858569
W1,W1/ascending/seed307,0,order,2,1.15,0.48578391962271433,0.7599817754222276
W1,W1/ascending/seed307,0,order,2,1.175,0.4673530009930177,0.7145161085558485
W1,W1/ascending/seed307,0,order,2,1.2,0.4500581141949218,0.669255059315665
W1,W1/ascending/seed307,0,order,2,1.225,0.43389024802723447,0.6249295596866187
W1,W1/ascending/seed307,0,order,2,1.25,0.4188116362105908,0.581359385644884
W1,W1/ascending/seed307,0,order,1,0.75,0.8321389063563651,0.6394538126560647
W1,W1/ascending/seed307,0,order,1,0.7625,0.8239805232864698,0.6658874785272033
W1,W1/ascending/seed307,0,order,1,0.775,0.8154917193931851,0.692359104629503
W1,W1/ascending/seed307,0,order,1,0.7875,0.8066715456707323,0.7190668238685873
W1,W1/ascending/seed307,0,order,1,0.8,0.7975150487964704,0.7455835114300449
W1,W1/ascending/seed307,0,order,1,0.8125,0.7880319578849813,0.7715449808559853
W1,W1/ascending/seed307,0,order,1,0.825,0.7782264242750708,0.7970309221240015
W1,W1/ascending/seed307,0,order,1,0.8375,0.7681061848318812,0.8218578840614619
W1,W1/ascending/seed307,0,order,1,0.85,0.7576799771735343,0.8455127942271261
W1,W1/ascending/seed307,0,order,1,0.8625,0.746968364976203,0.8675659394058357
W1,W1/ascending/seed307,0,order,1,0.875,0.7359908286883884,0.8880550517822385
W1,W1/ascending/seed307,0,order,1,0.8875,0.7247669886816471,0.9069719398562803
W1,W1/ascending/seed307,0,order,1,0.9,0.7133165301919813,0.9235852580071118
W1,W1/ascending/seed307,0,order,1,0.9125,0.7016773572314694,0.9376382344674354
W1,W1/ascending/seed307,0,order,1,0.925,0.6898755743302953,0.9493330193616636
W1,W1/ascending/seed307,0,order,1,0.9375,0.6779440317474278,0.9583623310637996
W1,W1/ascending/seed307,0,order,1,0.95,0.6659165160537004,0.9649272860244551
W1,W1/ascending/seed307,0,order,1,0.9625,0.6538208495968164,0.9685369498839123
W1,W1/ascending/seed307,0,order,1,0.975,0.6417030923066026,0.9690790659598818
W1,W1/ascending/seed307,0,order,1,0.9875,0.6295938729478194,0.9670882685511941
W1,W1/ascending/seed307,0,order,1,1.0,0.6175258855928227,0.9623552178689856
W1,W1/ascending/seed307,0,order,1,1.0125,0.6055349925010949,0.9552512957000836
W1,W1/ascending/seed307,0,order,1,1.025,0.5936446032003208,0.9457048012468618
W1,W1/ascending/seed307,0,order,1,1.0375,0.5818923724699232,0.9336298673552044
W1,W1/ascending/seed307,0,order,1,1.05,0.5703038565164406,0.9195976712887202
W1,W1/ascending/seed307,0,order,1,1.0625,0.5589024306877053,0.9036399198138056
W1,W1/ascending/seed307,0,order,1,1.075,0.5477128585210955,0.8862166853473532
W1,W1/ascending/seed307,0,order,1,1.0875,0.5367470135540215,0.8675209715635326
W1,W1/ascending/seed307,0,order,1,1.1,0.5260248342320071,0.847843143583102
W1,W1/ascending/seed307,0,order,1,1.1125,0.5155509349644438,0.8269097787151232
W1,W1/ascending/seed307,0,order,1,1.125,0.505352089764129,0.8049753799554296
W1,W1/ascending/seed307,0,order,1,1.1375,0.49542655046555817,0.7827268056565906
W1,W1/ascending/seed307,0,order,1,1.15,0.48578391962271433,0.7601020307631323
W1,W1/ascending/seed307,0,order,1,1.1625,0.47642399969647975,0.7372367451878645
W1,W1/ascending/seed307,0,order,1,1.175,0.4673530009930177,0.7144569907992775
W1,W1/ascending/seed307,0,order,1,1.1875,0.4585625749264979,0.691795471923836
W1,W1/ascending/seed307,0,order,1,1.2,0.4500581141949218,0.6690392028227699
W1,W1/ascending/seed307,0,order,1,1.2125,0.4418365948559287,0.6467146467074905
W1,W1/ascending/seed307,0,order,1,1.225,0.43389024802723447,0.6247222525901428
W1,W1/ascending/seed307,0,order,1,1.2375,0.4262185385411751,0.6031444726657469
W1,W1/ascending/seed307,0,order,1,1.25,0.4188116362105908,0.5819599002277442
W1,W1/ascending/seed307,0,mx,4,0.75,0.4263863816786277,0.7892514445775989
W1,W1/ascending/seed307,0,mx,4,0.8,0.4669907042360508,0.8349214577193305
W1,W1/ascending/seed307,0,mx,4,0.85,0.5098785274505606,0.871100995038744
W1,W1/ascending/seed307,0,mx,4,0.9,0.5541008037399253,0.8836697169002248
W1,W1/ascending/seed307,0,mx,4,0.95,0.598245499140583,0.8662808965417588
W1,W1/ascending/seed307,0,mx,4,1.0,0.6407288933941013,0.8192294434000251
W1,W1/ascending/seed307,0,mx,4,1.05,0.6801684434805856,0.7493348491757086
W1,W1/ascending/seed307,0,mx,4,1.1,0.7156623783116722,0.6669725247814009
W1,W1/ascending/seed307,0,mx,4,1.15,0.7468656959587258,0.5821093539339266
W1,W1/ascending/seed307,0,mx,4,1.2,0.7738733137050646,0.5019213115371111
W1,W1/ascending/seed307,0,mx,4,1.25,0.7970578271124369,0.4254592247577804
W1,W1/ascending/seed307,0,mx,2,0.75,0.4263863816786277,0.7862059503837262
W1,W1/ascending/seed307,0,mx,2,0.775,0.44636503669778005,0.8120864511484616
W1,W1/ascending/seed307,0,mx,2,0.8,0.4669907042360508,0.8366106312585391
W1,W1/ascending/seed307,0,mx,2,0.825,0.4881955682607071,0.8577564642901994
W1,W1/ascending/seed307,0,mx,2,0.85,0.5098785274505606,0.8741485089046162
W1,W1/ascending/seed307,0,mx,2,0.875,0.531902993705938,0.8844455257872923
W1,W1/ascending/seed307,0,mx,2,0.9,0.5541008037399253,0.8875884860553658
W1,W1/ascending/seed307,0,mx,2,0.925,0.5762824180087063,0.8828939080131519
W1,W1/ascending/seed307,0,mx,2,0.95,0.598245499140583,0.8701542614655562
W1,W1/ascending/seed307,0,mx,2,0.975,0.6197901310819839,0.8496678850703656
W1,W1/ascending/seed307,0,mx,2,1.0,0.6407288933941013,0.8221439880397945
W1,W1/ascending/seed307,0,mx,2,1.025,0.6608973304839737,0.7887910017296846
W1,W1/ascending/seed307,0,mx,2,1.05,0.6801684434805856,0.7508762514355833
W1,W1/ascending/seed307,0,mx,2,1.075,0.6984411430557529,0.7098786966217325
W1,W1/ascending/seed307,0,mx,2,1.1,0.7156623783116722,0.6672326695304243
W1,W1/ascending/seed307,0,mx,2,1.125,0.7318027765322741,0.6240663529410728
W1,W1/ascending/seed307,0,mx,2,1.15,0.7468656959587258,0.5814374016274169
W1,W1/ascending/seed307,0,mx,2,1.175,0.760874646613645,0.5401523549267768
W1,W1/ascending/seed307,0,mx,2,1.2,0.7738733137050646,0.5007996221715505
W1,W1/ascending/seed307,0,mx,2,1.225,0.7859146277222225,0.4636902681474453
W1,W1/ascending/seed307,0,mx,2,1.25,0.7970578271124369,0.4277656830697012
W1,W1/ascending/seed307,0,mx,1,0.75,0.4263863816786277,0.7857024116550129
W1,W1/ascending/seed307,0,mx,1,0.7625,0.4362916855062596,0.7991462007660921
W1,W1/ascending/seed307,0,mx,1,0.775,0.44636503669778005,0.8123226367891618
W1,W1/ascending/seed307,0,mx,1,0.7875,0.4565997514259887,0.825026701530831
W1,W1/ascending/seed307,0,mx,1,0.8,0.4669907042360508,0.8370800787094126
W1,W1/ascending/seed307,0,mx,1,0.8125,0.47752675339372397,0.8481945609862542
W1,W1/ascending/seed307,0,mx,1,0.825,0.4881955682607071,0.8583491876613749
W1,W1/ascending/seed307,0,mx,1,0.8375,0.49898548308525836,0.8673183675941409
W1,W1/ascending/seed307,0,mx,1,0.85,0.5098785274505606,0.8749103032281589
W1,W1/ascending/seed307,0,mx,1,0.8625,0.5208582406659623,0.8809786502150949
W1,W1/ascending/seed307,0,mx,1,0.875,0.531902993705938,0.8853283424998928
W1,W1/ascending/seed307,0,mx,1,0.8875,0.5429914492284595,0.8879124013594932
W1,W1/ascending/seed307,0,mx,1,0.9,0.5541008037399253,0.8885555500823337
W1,W1/ascending/seed307,0,mx,1,0.9125,0.5652053379805179,0.8872645707512383
W1,W1/ascending/seed307,0,mx,1,0.925,0.5762824180087063,0.8839489520205426
W1,W1/ascending/seed307,0,mx,1,0.9375,0.5873040617810315,0.8785232452750726
W1,W1/ascending/seed307,0,mx,1,0.95,0.598245499140583,0.8711348699338686
W1,W1/ascending/seed307,0,mx,1,0.9625,0.6090824335293782,0.8617852776560362
W1,W1/ascending/seed307,0,mx,1,0.975,0.6197901310819839,0.8505248232777909
W1,W1/ascending/seed307,0,mx,1,0.9875,0.630345554111323,0.837550492484695
W1,W1/ascending/seed307,0,mx,1,1.0,0.6407288933941013,0.8228891846194273
W1,W1/ascending/seed307,0,mx,1,1.0125,0.6509177837268086,0.8067374835948975
W1,W1/ascending/seed307,0,mx,1,1.025,0.6608973304839737,0.7893772117462206
W1,W1/ascending/seed307,0,mx,1,1.0375,0.6706522140204643,0.7708445198644718
W1,W1/ascending/seed307,0,mx,1,1.05,0.6801684434805856,0.7512936230761227
W1,W1/ascending/seed307,0,mx,1,1.0625,0.6894345545973672,0.7309079830066949
W1,W1/ascending/seed307,0,mx,1,1.075,0.6984411430557529,0.7100605128385347
W1,W1/ascending/seed307,0,mx,1,1.0875,0.7071860674183306,0.6888494102367702
W1,W1/ascending/seed307,0,mx,1,1.1,0.7156623783116722,0.6673058610891118
W1,W1/ascending/seed307,0,mx,1,1.1125,0.7238687139455584,0.6456159288240748
W1,W1/ascending/seed307,0,mx,1,1.125,0.7318027765322741,0.6239967439498173
W1,W1/ascending/seed307,0,mx,1,1.1375,0.7394686325443037,0.6025167770580708
W1,W1/ascending/seed307,0,mx,1,1.15,0.7468656959587258,0.5812810946365161
W1,W1/ascending/seed307,0,mx,1,1.1625,0.7540006599102167,0.5603580261967629
W1,W1/ascending/seed307,0,mx,1,1.175,0.760874646613645,0.5398346364281572
W1,W1/ascending/seed307,0,mx,1,1.1875,0.7674965258209205,0.5199466836567872
W1,W1/ascending/seed307,0,mx,1,1.2,0.7738733137050646,0.5005196445026883
W1,W1/ascending/seed307,0,mx,1,1.2125,0.7800095169334877,0.4816525606863138
W1,W1/ascending/seed307,0,mx,1,1.225,0.7859146277222225,0.46337539132965233
W1,W1/ascending/seed307,0,mx,1,1.2375,0.791593901716729,0.4457279756085768
W1,W1/ascending/seed307,0,mx,1,1.25,0.7970578271124369,0.42850008770467696
W1,W1/ascending/seed307,0.01,order,4,0.75,0.3388814162900593,0.1288872900893301
W1,W1/ascending/seed307,0.01,order,4,0.8,0.33167497032934495,0.1593705483392398
W1,W1/ascending/seed307,0.01,order,4,0.85,0.32294436145613525,0.18861687373586644
W1,W1/ascending/seed307,0.01,order,4,0.9,0.3128132829557584,0.21736476212846068
W1,W1/ascending/seed307,0.01,order,4,0.95,0.3012078852432891,0.2360372567095963
W1,W1/ascending/seed307,0.01,order,4,1.0,0.28920955728479886,0.2411055659352157
W1,W1/ascending/seed307,0.01,order,4,1.05,0.27709732864976755,0.24087117288847626
W1,W1/ascending/seed307,0.01,order,4,1.1,0.2651224399959512,0.22841463431208542
W1,W1/ascending/seed307,0.01,order,4,1.15,0.2542558652185591,0.20751476185150652
W1,W1/ascending/seed307,0.01,order,4,1.2,0.2443709638108005,0.19043442585639214
W1,W1/ascending/seed307,0.01,order,4,1.25,0.23521242263291986,0.17590722125883307
W1,W1/ascending/seed307,0.01,order,2,0.75,0.3388814162900593,0.14009609111704524
W1,W1/ascending/seed307,0.01,order,2,0.775,0.33532860366091766,0.14412891921428628
W1,W1/ascending/seed307,0.01,order,2,0.8,0.33167497032934495,0.15880902807560293
W1,W1/ascending/seed307,0.01,order,2,0.825,0.3273881522571376,0.17461217746419333
W1,W1/ascending/seed307,0.01,order,2,0.85,0.32294436145613525,0.19001702071190163
W1,W1/ascending/seed307,0.01,order,2,0.875,0.31788730122154246,0.2026215700075369
W1,W1/ascending/seed307,0.01,order,2,0.9,0.3128132829557584,0.2153001614375336
W1,W1/ascending/seed307,0.01,order,2,0.925,0.30712229314966577,0.23210795424938624
W1,W1/ascending/seed307,0.01,order,2,0.95,0.3012078852432891,0.2349916852490237
W1,W1/ascending/seed307,0.01,order,2,0.975,0.29537270888721456,0.23996655916980547
W1,W1/ascending/seed307,0.01,order,2,1.0,0.28920955728479886,0.24235736599361601
W1,W1/ascending/seed307,0.01,order,2,1.025,0.2832548405875338,0.24224457270062594
W1,W1/ascending/seed307,0.01,order,2,1.05,0.27709732864976755,0.2444003459563593
W1,W1/ascending/seed307,0.01,order,2,1.075,0.27103482328971584,0.23949777307632747
W1,W1/ascending/seed307,0.01,order,2,1.1,0.2651224399959512,0.22585449717198447
W1,W1/ascending/seed307,0.01,order,2,1.125,0.2597420984311166,0.21733149554784337
W1,W1/ascending/seed307,0.01,order,2,1.15,0.2542558652185591,0.21469900016223864
W1,W1/ascending/seed307,0.01,order,2,1.175,0.24900714842300464,0.19769802815517146
W1,W1/ascending/seed307,0.01,order,2,1.2,0.2443709638108005,0.18653128736400326
W1,W1/ascending/seed307,0.01,order,2,1.225,0.23968058405480444,0.18317082355761283
W1,W1/ascending/seed307,0.01,order,2,1.25,0.23521242263291986,0.17428209019315766
W1,W1/ascending/seed307,0.01,order,1,0.75,0.3388814162900593,0.13498882382742394
W1,W1/ascending/seed307,0.01,order,1,0.7625,0.3371495329838525,0.14211250516566487
W1,W1/ascending/seed307,0.01,order,1,0.775,0.33532860366091766,0.1493287707596842
W1,W1/ascending/seed307,0.01,order,1,0.7875,0.33341631371486036,0.14614533326290946
W1,W1/ascending/seed307,0.01,order,1,0.8,0.33167497032934495,0.15347349977689895
W1,W1/ascending/seed307,0.01,order,1,0.8125,0.3295794762204379,0.1714727228882964
W1,W1/ascending/seed307,0.01,order,1,0.825,0.3273881522571376,0.1800638273654922
W1,W1/ascending/seed307,0.01,order,1,0.8375,0.3250778805363006,0.17775163204009203
W1,W1/ascending/seed307,0.01,order,1,0.85,0.32294436145613525,0.1840698234071212
W1,W1/ascending/seed307,0.01,order,1,0.8625,0.3204761349511226,0.20228240938371123
W1,W1/ascending/seed307,0.01,order,1,0.875,0.31788730122154246,0.20974870606081808
W1,W1/ascending/seed307,0.01,order,1,0.8875,0.31523241729960216,0.20296073063136255
W1,W1/ascending/seed307,0.01,order,1,0.9,0.3128132829557584,0.2084628885816997
W1,W1/ascending/seed307,0.01,order,1,0.9125,0.31002084508505967,0.22763959224370467
W1,W1/ascending/seed307,0.01,order,1,0.925,0.30712229314966577,0.23321413959021875
W1,W1/ascending/seed307,0.01,order,1,0.9375,0.3041904915953042,0.2365763162550678
W1,W1/ascending/seed307,0.01,order,1,0.95,0.3012078852432891,0.23109002086287056
W1,W1/ascending/seed307,0.01,order,1,0.9625,0.29841324107373246,0.23340705424298136
W1,W1/ascending/seed307,0.01,order,1,0.975,0.29537270888721456,0.24436141026606073
W1,W1/ascending/seed307,0.01,order,1,0.9875,0.29230420581708094,0.24652606409662958
W1,W1/ascending/seed307,0.01,order,1,1.0,0.28920955728479886,0.24796795881009004
W1,W1/ascending/seed307,0.01,order,1,1.0125,0.2861050068468287,0.23818866789060245
W1,W1/ascending/seed307,0.01,order,1,1.025,0.2832548405875338,0.23728029108614557
W1,W1/ascending/seed307,0.01,order,1,1.0375,0.280172999569675,0.24630047751064765
W1,W1/ascending/seed307,0.01,order,1,1.05,0.27709732864976755,0.24492075791827084
W1,W1/ascending/seed307,0.01,order,1,1.0625,0.27404998062171826,0.24250021440206915
W1,W1/ascending/seed307,0.01,order,1,1.075,0.27103482328971584,0.23972113514060567
W1,W1/ascending/seed307,0.01,order,1,1.0875,0.26805695224320314,0.23649533175058401
W1,W1/ascending/seed307,0.01,order,1,1.1,0.2651224399959512,0.21955135378621016
W1,W1/ascending/seed307,0.01,order,1,1.1125,0.26256816839854785,0.21521366259338492
W1,W1/ascending/seed307,0.01,order,1,1.125,0.2597420984311166,0.2238826678100132
W1,W1/ascending/seed307,0.01,order,1,1.1375,0.25697110170329757,0.2194493285023018
W1,W1/ascending/seed307,0.01,order,1,1.15,0.2542558652185591,0.2148364468360171
W1,W1/ascending/seed307,0.01,order,1,1.1625,0.2516001905323971,0.20994867182217725
W1,W1/ascending/seed307,0.01,order,1,1.175,0.24900714842300464,0.19076608648720317
W1,W1/ascending/seed307,0.01,order,1,1.1875,0.24683103837021708,0.18544738448816567
W1,W1/ascending/seed307,0.01,order,1,1.2,0.2443709638108005,0.1942954382108848
W1,W1/ascending/seed307,0.01,order,1,1.2125,0.24197365241494498,0.18761519023984086
W1,W1/ascending/seed307,0.01,order,1,1.225,0.23968058405480444,0.18245884739060259
W1,W1/ascending/seed307,0.01,order,1,1.2375,0.23741218123017993,0.1787264568753848
W1,W1/ascending/seed307,0.01,order,1,1.25,0.23521242263291986,0.1732349186862301
W1,W1/ascending/seed307,0.01,mx,4,0.75,0.2695285879970141,0.3387034589444262
W1,W1/ascending/seed307,0.01,mx,4,0.8,0.2871377765835404,0.36566408451662724
W1,W1/ascending/seed307,0.01,mx,4,0.85,0.3060949964486768,0.3950741789760346
W1,W1/ascending/seed307,0.01,mx,4,0.9,0.3266451944811439,0.39550713540037385
W1,W1/ascending/seed307,0.01,mx,4,0.95,0.3456457099887142,0.3996612162536741
W1,W1/ascending/seed307,0.01,mx,4,1.0,0.3666113161065113,0.41130076578467634
W1,W1/ascending/seed307,0.01,mx,4,1.05,0.38677578656718187,0.3726793803566091
W1,W1/ascending/seed307,0.01,mx,4,1.1,0.4038792541421723,0.34784255067114866
W1,W1/ascending/seed307,0.01,mx,4,1.15,0.4215600416342967,0.33491095080385325
W1,W1/ascending/seed307,0.01,mx,4,1.2,0.43737034922255746,0.2840618522674889
W1,W1/ascending/seed307,0.01,mx,4,1.25,0.44996622686104565,0.21977325327203978
W1,W1/ascending/seed307,0.01,mx,2,0.75,0.2695285879970141,0.2656728030775879
W1,W1/ascending/seed307,0.01,mx,2,0.775,0.27725179518211557,0.35218377173052584
W1,W1/ascending/seed307,0.01,mx,2,0.8,0.2871377765835404,0.3666545382603532
W1,W1/ascending/seed307,0.01,mx,2,0.825,0.29558452209513325,0.37914439730272953
W1,W1/ascending/seed307,0.01,mx,2,0.85,0.3060949964486768,0.3912862006038882
W1,W1/ascending/seed307,0.01,mx,2,0.875,0.3151488321253277,0.4110039606493405
W1,W1/ascending/seed307,0.01,mx,2,0.9,0.3266451944811439,0.41915111513993963
W1,W1/ascending/seed307,0.01,mx,2,0.925,0.33610638788232466,0.3800103101514054
W1,W1/ascending/seed307,0.01,mx,2,0.95,0.3456457099887142,0.42203710718376275
W1,W1/ascending/seed307,0.01,mx,2,0.975,0.35720824324151274,0.41931212235594195
W1,W1/ascending/seed307,0.01,mx,2,1.0,0.3666113161065113,0.41184098881842246
W1,W1/ascending/seed307,0.01,mx,2,1.025,0.37780029268243387,0.4032894092134116
W1,W1/ascending/seed307,0.01,mx,2,1.05,0.38677578656718187,0.35345797852619576
W1,W1/ascending/seed307,0.01,mx,2,1.075,0.39547319160874367,0.3420693514998083
W1,W1/ascending/seed307,0.01,mx,2,1.1,0.4038792541421723,0.36919664630151505
W1,W1/ascending/seed307,0.01,mx,2,1.125,0.4139330239238195,0.3536157498424899
W1,W1/ascending/seed307,0.01,mx,2,1.15,0.4215600416342967,0.2964239823731152
W1,W1/ascending/seed307,0.01,mx,2,1.175,0.42875422304247524,0.3162061517652148
W1,W1/ascending/seed307,0.01,mx,2,1.2,0.43737034922255746,0.30409806005693873
W1,W1/ascending/seed307,0.01,mx,2,1.225,0.4439591260453223,0.251917552769763
W1,W1/ascending/seed307,0.01,mx,2,1.25,0.44996622686104565,0.2286505124881053
W1,W1/ascending/seed307,0.01,mx,1,0.75,0.2695285879970141,0.3013260306876635
W1,W1/ascending/seed307,0.01,mx,1,0.7625,0.27334267748508734,0.30892828740405776
W1,W1/ascending/seed307,0.01,mx,1,0.775,0.27725179518211557,0.31653118430276805
W1,W1/ascending/seed307,0.01,mx,1,0.7875,0.28125595709265655,0.39543925605699215
W1,W1/ascending/seed307,0.01,mx,1,0.8,0.2871377765835404,0.402441570831197
W1,W1/ascending/seed307,0.01,mx,1,0.8125,0.2913169963634365,0.33786982046371605
W1,W1/ascending/seed307,0.01,mx,1,0.825,0.29558452209513325,0.34497748902629866
W1,W1/ascending/seed307,0.01,mx,1,0.8375,0.299941433589094,0.420418974141743
W1,W1/ascending/seed307,0.01,mx,1,0.85,0.3060949964486768,0.4259828243929693
W1,W1/ascending/seed307,0.01,mx,1,0.8625,0.3105910041989182,0.3621534270660334
W1,W1/ascending/seed307,0.01,mx,1,0.875,0.3151488321253277,0.36787568542981575
W1,W1/ascending/seed307,0.01,mx,1,0.8875,0.3197878963346636,0.4598544942326477
W1,W1/ascending/seed307,0.01,mx,1,0.9,0.3266451944811439,0.4620770084307164
W1,W1/ascending/seed307,0.01,mx,1,0.9125,0.3313398215454315,0.3784477360472316
W1,W1/ascending/seed307,0.01,mx,1,0.925,0.33610638788232466,0.38099553964430477
W1,W1/ascending/seed307,0.01,mx,1,0.9375,0.3408647100365391,0.381572884255581
W1,W1/ascending/seed307,0.01,mx,1,0.95,0.3456457099887142,0.4644074566919585
W1,W1/ascending/seed307,0.01,mx,1,0.9625,0.3524748964538381,0.46250133011194094
W1,W1/ascending/seed307,0.01,mx,1,0.975,0.35720824324151274,0.37773102423190785
W1,W1/ascending/seed307,0.01,mx,1,0.9875,0.36191817205963583,0.3761229145999412
W1,W1/ascending/seed307,0.01,mx,1,1.0,0.3666113161065113,0.37416024233937506
W1,W1/ascending/seed307,0.01,mx,1,1.0125,0.3712721781181202,0.44755906303690374
W1,W1/ascending/seed307,0.01,mx,1,1.025,0.37780029268243387,0.4409916286593081
W1,W1/ascending/seed307,0.01,mx,1,1.0375,0.3822969688346029,0.3590197553899177
W1,W1/ascending/seed307,0.01,mx,1,1.05,0.38677578656718187,0.35452911477507776
W1,W1/ascending/seed307,0.01,mx,1,1.0625,0.3911601967039798,0.34789620166247204
W1,W1/ascending/seed307,0.01,mx,1,1.075,0.39547319160874367,0.3421681223127866
W1,W1/ascending/seed307,0.01,mx,1,1.0875,0.39971439976179945,0.33624250133714284
W1,W1/ascending/seed307,0.01,mx,1,1.1,0.4038792541421723,0.41323112856713173
W1,W1/ascending/seed307,0.01,mx,1,1.1125,0.4100451779759778,0.40215079126588904
W1,W1/ascending/seed307,0.01,mx,1,1.125,0.4139330239238195,0.31121840092188435
W1,W1/ascending/seed307,0.01,mx,1,1.1375,0.41782563799902483,0.30508070841909074
W1,W1/ascending/seed307,0.01,mx,1,1.15,0.4215600416342967,0.29513270184978424
W1,W1/ascending/seed307,0.01,mx,1,1.1625,0.4252039555452694,0.2877672563271396
W1,W1/ascending/seed307,0.01,mx,1,1.175,0.42875422304247524,0.3553965542140638
W1,W1/ascending/seed307,0.01,mx,1,1.1875,0.434088869400621,0.34464504720329003
W1,W1/ascending/seed307,0.01,mx,1,1.2,0.43737034922255746,0.2586005329826939
W1,W1/ascending/seed307,0.01,mx,1,1.2125,0.44055388272518836,0.263551072910591
W1,W1/ascending/seed307,0.01,mx,1,1.225,0.4439591260453223,0.2563160169462293
W1,W1/ascending/seed307,0.01,mx,1,1.2375,0.44696178314884416,0.24028403262893505
W1,W1/ascending/seed307,0.01,mx,1,1.25,0.44996622686104565,0.24042696132330832
W1,W1/ascending/seed307,0.05,order,4,0.75,0.13133046627539038,-0.0022184366124360366
W1,W1/ascending/seed307,0.05,order,4,0.8,0.13142754862224465,-0.0016648572617361523
W1,W1/ascending/seed307,0.05,order,4,0.85,0.13149695200156397,-0.001235210484714644
W1,W1/ascending/seed307,0.05,order,4,0.9,0.13155106967071614,7.194893096929e-05
W1,W1/ascending/seed307,0.05,order,4,0.95,0.131489757108467,0.000832482762580522
W1,W1/ascending/seed307,0.05,order,4,1.0,0.13146782139445812,0.0007837528183396447
W1,W1/ascending/seed307,0.05,order,4,1.05,0.13141138182663303,0.002201100643938858
W1,W1/ascending/seed307,0.05,order,4,1.1,0.13124771133006424,0.0024677404745765408
W1,W1/ascending/seed307,0.05,order,4,1.15,0.13116460777917538,0.0018569124637370926
W1,W1/ascending/seed307,0.05,order,4,1.2,0.13106202008369053,0.0028644856498518667
W1,W1/ascending/seed307,0.05,order,4,1.25,0.1308781592141902,0.004489949130161541
W1,W1/ascending/seed307,0.05,order,2,0.75,0.13133046627539038,0.0007457576205176508
W1,W1/ascending/seed307,0.05,order,2,0.775,0.13134541489184748,-0.0019416469370852063
W1,W1/ascending/seed307,0.05,order,2,0.8,0.13142754862224465,-0.0017245372060359365
W1,W1/ascending/seed307,0.05,order,2,0.825,0.1314316417521493,-0.0013880675863870984
W1,W1/ascending/seed307,0.05,order,2,0.85,0.13149695200156397,-0.001108106478893145
W1,W1/ascending/seed307,0.05,order,2,0.875,0.13148704707609396,-0.0010823533830430776
W1,W1/ascending/seed307,0.05,order,2,0.9,0.13155106967071614,-0.0007912116572095229
W1,W1/ascending/seed307,0.05,order,2,0.925,0.13152660765895444,0.001226251244983434
W1,W1/ascending/seed307,0.05,order,2,0.95,0.131489757108467,-7.0183593643413644e-06
W1,W1/ascending/seed307,0.05,order,2,0.975,0.13152695857692262,0.00043871428017761005
W1,W1/ascending/seed307,0.05,order,2,1.0,0.13146782139445812,0.0008628079646455511
W1,W1/ascending/seed307,0.05,order,2,1.025,0.13148381817869037,0.0011287913565016794
W1,W1/ascending/seed307,0.05,order,2,1.05,0.13141138182663303,0.0030326581181414625
W1,W1/ascending/seed307,0.05,order,2,1.075,0.1313321852727833,0.0032734099313755927
W1,W1/ascending/seed307,0.05,order,2,1.1,0.13124771133006424,0.0015916028382969571
W1,W1/ascending/seed307,0.05,order,2,1.125,0.13125260513086845,0.0016620710177770448
W1,W1/ascending/seed307,0.05,order,2,1.15,0.13116460777917538,0.003687859677381944
W1,W1/ascending/seed307,0.05,order,2,1.175,0.13106821214699935,0.0020517539096971404
W1,W1/ascending/seed307,0.05,order,2,1.2,0.13106202008369053,0.001807227973138481
W1,W1/ascending/seed307,0.05,order,2,1.225,0.13097785074834242,0.003677217390007037
W1,W1/ascending/seed307,0.05,order,2,1.25,0.1308781592141902,0.004298105342173564
W1,W1/ascending/seed307,0.05,order,1,0.75,0.13133046627539038,-0.0006922754006764009
W1,W1/ascending/seed307,0.05,order,1,0.7625,0.1313385301507589,-0.0005979446582831116
W1,W1/ascending/seed307,0.05,order,1,0.775,0.13134541489184748,-0.0004978036700888921
W1,W1/ascending/seed307,0.05,order,1,0.7875,0.1313509752425111,-0.003285349215887301
W1,W1/ascending/seed307,0.05,order,1,0.8,0.13142754862224465,-0.0031825959623406064
W1,W1/ascending/seed307,0.05,order,1,0.8125,0.13143054014156963,-0.00016372519618546022
W1,W1/ascending/seed307,0.05,order,1,0.825,0.1314316417521493,-5.642299589236899e-05
W1,W1/ascending/seed307,0.05,order,1,0.8375,0.13143195071646693,-0.00261240997658696
W1,W1/ascending/seed307,0.05,order,1,0.85,0.13149695200156397,-0.00241028568714885
W1,W1/ascending/seed307,0.05,order,1,0.8625,0.13149220785864565,0.0003961970187997821
W1,W1/ascending/seed307,0.05,order,1,0.875,0.13148704707609396,0.0005143638439895071
W1,W1/ascending/seed307,0.05,order,1,0.8875,0.1314793487625459,-0.0025609037848868255
W1,W1/ascending/seed307,0.05,order,1,0.9,0.13155106967071614,-0.0022949261921807462
W1,W1/ascending/seed307,0.05,order,1,0.9125,0.13153672191735044,0.0009784804704686678
W1,W1/ascending/seed307,0.05,order,1,0.925,0.13152660765895444,0.0010979447095209593
W1,W1/ascending/seed307,0.05,order,1,0.9375,0.1315092732996124,0.001474022019497312
W1,W1/ascending/seed307,0.05,order,1,0.95,0.131489757108467,-0.001772641560925159
W1,W1/ascending/seed307,0.05,order,1,0.9625,0.13155358933863553,-0.0014880587382251065
W1,W1/ascending/seed307,0.05,order,1,0.975,0.13152695857692262,0.002245074960171678
W1,W1/ascending/seed307,0.05,order,1,0.9875,0.13149746246463126,0.0023654872985803266
W1,W1/ascending/seed307,0.05,order,1,1.0,0.13146782139445812,0.002428360250996242
W1,W1/ascending/seed307,0.05,order,1,1.0125,0.13143675345835634,-0.0006398713692901126
W1,W1/ascending/seed307,0.05,order,1,1.025,0.13148381817869037,-0.00034119284790801174
W1,W1/ascending/seed307,0.05,order,1,1.0375,0.13144528327955404,0.002897454082292583
W1,W1/ascending/seed307,0.05,order,1,1.05,0.13141138182663303,0.002909715808946167
W1,W1/ascending/seed307,0.05,order,1,1.0625,0.13137254038433038,0.0031678621539894536
W1,W1/ascending/seed307,0.05,order,1,1.075,0.1313321852727833,0.00328466293052454
W1,W1/ascending/seed307,0.05,order,1,1.0875,0.13129042381106729,0.0033789577087617317
W1,W1/ascending/seed307,0.05,order,1,1.1,0.13124771133006424,-0.00045820663140982987
W1,W1/ascending/seed307,0.05,order,1,1.1125,0.13130187897685253,-0.00019575203216870563
W1,W1/ascending/seed307,0.05,order,1,1.125,0.13125260513086845,0.0035957459515572054
W1,W1/ascending/seed307,0.05,order,1,1.1375,0.1312119853280636,0.0035198940677227952
W1,W1/ascending/seed307,0.05,order,1,1.15,0.13116460777917538,0.0038126155726159183
W1,W1/ascending/seed307,0.05,order,1,1.1625,0.1311166699387482,0.0038558252870419807
W1,W1/ascending/seed307,0.05,order,1,1.175,0.13106821214699935,6.374161495514841e-05
W1,W1/ascending/seed307,0.05,order,1,1.1875,0.13111507639837433,0.0002476825323531884
W1,W1/ascending/seed307,0.05,order,1,1.2,0.13106202008369053,0.004262492850937605
W1,W1/ascending/seed307,0.05,order,1,1.2125,0.13100851407710087,0.0033667734139237737
W1,W1/ascending/seed307,0.05,order,1,1.225,0.13097785074834242,0.0033678120160738345
W1,W1/ascending/seed307,0.05,order,1,1.2375,0.13092431877669905,0.003987661366089412
W1,W1/ascending/seed307,0.05,order,1,1.25,0.1308781592141902,0.003397868635328649
W1,W1/ascending/seed307,0.05,mx,4,0.75,0.02415737940566146,0.02641789708320308
W1,W1/ascending/seed307,0.05,mx,4,0.8,0.025551257641441134,0.029337232347984077
W1,W1/ascending/seed307,0.05,mx,4,0.85,0.027091102640459865,0.033818870531745926
W1,W1/ascending/seed307,0.05,mx,4,0.9,0.028933144694615734,0.03242056890534456
W1,W1/ascending/seed307,0.05,mx,4,0.95,0.030333159530994316,0.03498245295732627
W1,W1/ascending/seed307,0.05,mx,4,1.0,0.032431389990348364,0.04267895948451894
W1,W1/ascending/seed307,0.05,mx,4,1.05,0.03460105547944622,0.03755200088298283
W1,W1/ascending/seed307,0.05,mx,4,1.1,0.03618659007864665,0.03883730384757761
W1,W1/ascending/seed307,0.05,mx,4,1.15,0.03848478586420398,0.044755636325584935
W1,W1/ascending/seed307,0.05,mx,4,1.2,0.04066215371120513,0.03699688972070175
W1,W1/ascending/seed307,0.05,mx,4,1.25,0.04218447483627416,0.023895955282059678
W1,W1/ascending/seed307,0.05,mx,2,0.75,0.02415737940566146,0.007358346017522943
W1,W1/ascending/seed307,0.05,mx,2,0.775,0.024597828289825416,0.02787756471559344
W1,W1/ascending/seed307,0.05,mx,2,0.8,0.025551257641441134,0.029292180572298543
W1,W1/ascending/seed307,0.05,mx,2,0.825,0.026062437318440348,0.030796899980374826
W1,W1/ascending/seed307,0.05,mx,2,0.85,0.027091102640459865,0.032524903051731724
W1,W1/ascending/seed307,0.05,mx,2,0.875,0.027688682471026935,0.03684084108311736
W1,W1/ascending/seed307,0.05,mx,2,0.9,0.028933144694615734,0.03870246279956202
W1,W1/ascending/seed307,0.05,mx,2,0.925,0.029623805611005038,0.02800029672757165
W1,W1/ascending/seed307,0.05,mx,2,0.95,0.030333159530994316,0.04140425850652785
W1,W1/ascending/seed307,0.05,mx,2,0.975,0.03169401853633142,0.04196460918708089
W1,W1/ascending/seed307,0.05,mx,2,1.0,0.032431389990348364,0.042586120315777576
W1,W1/ascending/seed307,0.05,mx,2,1.025,0.0338233245521203,0.0433933097819571
W1,W1/ascending/seed307,0.05,mx,2,1.05,0.03460105547944622,0.031306082790593104
W1,W1/ascending/seed307,0.05,mx,2,1.075,0.03538862869164996,0.031710691984008554
W1,W1/ascending/seed307,0.05,mx,2,1.1,0.03618659007864665,0.045858059331075895
W1,W1/ascending/seed307,0.05,mx,2,1.125,0.037681531658203746,0.045963915711146774
W1,W1/ascending/seed307,0.05,mx,2,1.15,0.03848478586420398,0.031231553789697553
W1,W1/ascending/seed307,0.05,mx,2,1.175,0.039243109347688626,0.043547356940023096
W1,W1/ascending/seed307,0.05,mx,2,1.2,0.04066215371120513,0.04484937456337834
W1,W1/ascending/seed307,0.05,mx,2,1.225,0.041485578075857545,0.030446422501380632
W1,W1/ascending/seed307,0.05,mx,2,1.25,0.04218447483627416,0.025465318331948428
W1,W1/ascending/seed307,0.05,mx,1,0.75,0.02415737940566146,0.016948545189753528
W1,W1/ascending/seed307,0.05,mx,1,0.7625,0.024373420034138407,0.01761795536655819
W1,W1/ascending/seed307,0.05,mx,1,0.775,0.024597828289825416,0.018303118389819573
W1,W1/ascending/seed307,0.05,mx,1,0.7875,0.024830997993883896,0.038137174064628465
W1,W1/ascending/seed307,0.05,mx,1,0.8,0.025551257641441134,0.038853749820896955
W1,W1/ascending/seed307,0.05,mx,1,0.8125,0.025802341739406327,0.02044718707996873
W1,W1/ascending/seed307,0.05,mx,1,0.825,0.026062437318440348,0.02158484360008095
W1,W1/ascending/seed307,0.05,mx,1,0.8375,0.02634196282940835,0.0411466128807807
W1,W1/ascending/seed307,0.05,mx,1,0.85,0.027091102640459865,0.04147015965671774
W1,W1/ascending/seed307,0.05,mx,1,0.8625,0.027378716820826286,0.02390319322268253
W1,W1/ascending/seed307,0.05,mx,1,0.875,0.027688682471026935,0.0251152896902731
W1,W1/ascending/seed307,0.05,mx,1,0.8875,0.02800659906308311,0.04977848894355197
W1,W1/ascending/seed307,0.05,mx,1,0.9,0.028933144694615734,0.04990233462819882
W1,W1/ascending/seed307,0.05,mx,1,0.9125,0.02925415742878809,0.027626436655572295
W1,W1/ascending/seed307,0.05,mx,1,0.925,0.029623805611005038,0.028761910063775042
W1,W1/ascending/seed307,0.05,mx,1,0.9375,0.029973205180382472,0.028374156799571226
W1,W1/ascending/seed307,0.05,mx,1,0.95,0.030333159530994316,0.054587509806244494
W1,W1/ascending/seed307,0.05,mx,1,0.9625,0.03133789292553859,0.05443436021348402
W1,W1/ascending/seed307,0.05,mx,1,0.975,0.03169401853633142,0.028637143335992432
W1,W1/ascending/seed307,0.05,mx,1,0.9875,0.0320538215089384,0.02949485816067776
W1,W1/ascending/seed307,0.05,mx,1,1.0,0.032431389990348364,0.030590664861408268
W1,W1/ascending/seed307,0.05,mx,1,1.0125,0.03281858813047361,0.05567738247087761
W1,W1/ascending/seed307,0.05,mx,1,1.025,0.0338233245521203,0.05494659077715358
W1,W1/ascending/seed307,0.05,mx,1,1.0375,0.034192252899902444,0.031109237093036368
W1,W1/ascending/seed307,0.05,mx,1,1.05,0.03460105547944622,0.032052794033220255
W1,W1/ascending/seed307,0.05,mx,1,1.0625,0.03499357275073295,0.03150292848814962
W1,W1/ascending/seed307,0.05,mx,1,1.075,0.03538862869164996,0.0316974002802628
W1,W1/ascending/seed307,0.05,mx,1,1.0875,0.03578600775773951,0.03191845547986749
W1,W1/ascending/seed307,0.05,mx,1,1.1,0.03618659007864665,0.06135638949175726
W1,W1/ascending/seed307,0.05,mx,1,1.1125,0.03731991749503344,0.05979766318228408
W1,W1/ascending/seed307,0.05,mx,1,1.125,0.037681531658203746,0.03133348528009128
W1,W1/ascending/seed307,0.05,mx,1,1.1375,0.03810325462703572,0.03213016824000947
W1,W1/ascending/seed307,0.05,mx,1,1.15,0.03848478586420398,0.030472859674624875
W1,W1/ascending/seed307,0.05,mx,1,1.1625,0.038865076118901346,0.030332939339385634
W1,W1/ascending/seed307,0.05,mx,1,1.175,0.039243109347688626,0.05838508175412205
W1,W1/ascending/seed307,0.05,mx,1,1.1875,0.04032470316275439,0.05676177454066034
W1,W1/ascending/seed307,0.05,mx,1,1.2,0.04066215371120513,0.026758365957194608
W1,W1/ascending/seed307,0.05,mx,1,1.2125,0.040993662311684255,0.032936974586096346
W1,W1/ascending/seed307,0.05,mx,1,1.225,0.041485578075857545,0.03262303572143033
W1,W1/ascending/seed307,0.05,mx,1,1.2375,0.041809238204720024,0.027955870416664697
W1,W1/ascending/seed307,0.05,mx,1,1.25,0.04218447483627416,0.03208199063199668
W1,W1/descending/seed307,0,order,4,0.75,0.8318128046910727,0.6553388805781095
W1,W1/descending/seed307,0,order,4,0.8,0.7955055392881456,0.7969517355389675
W1,W1/descending/seed307,0,order,4,0.85,0.7521176311371759,0.8627084139140893
W1,W1/descending/seed307,0,order,4,0.9,0.7092346978967368,0.9090101955750036
W1,W1/descending/seed307,0,order,4,0.95,0.6612166115796754,0.9490500326282572
W1,W1/descending/seed307,0,order,4,1.0,0.6143296946339112,0.9318092399146858
W1,W1/descending/seed307,0,order,4,1.05,0.5680356875882067,0.8998889498603049
W1,W1/descending/seed307,0,order,4,1.1,0.5243407996478806,0.8348421895879481
W1,W1/descending/seed307,0,order,4,1.15,0.48455146862941195,0.7514981401530489
W1,W1/descending/seed307,0,order,4,1.2,0.44919098563257576,0.6632763975556744
W1,W1/descending/seed307,0,order,4,1.25,0.4182238288738445,0.5754098727935748
W1,W1/descending/seed307,0,order,2,0.75,0.8318128046910727,0.7434828079051545
W1,W1/descending/seed307,0,order,2,0.775,0.8134424532415265,0.7261453080585394
W1,W1/descending/seed307,0,order,2,0.8,0.7955055392881456,0.8266668163871351
W1,W1/descending/seed307,0,order,2,0.825,0.77210911242217,0.8677581630193938
W1,W1/descending/seed307,0,order,2,0.85,0.7521176311371759,0.819356014521281
W1,W1/descending/seed307,0,order,2,0.875,0.7311413116961059,0.8576586648087812
W1,W1/descending/seed307,0,order,2,0.9,0.7092346978967368,0.8921941804048306
W1,W1/descending/seed307,0,order,2,0.925,0.6865316026758643,0.9603617263412332
W1,W1/descending/seed307,0,order,2,0.95,0.6612166115796754,0.973933476123884
W1,W1/descending/seed307,0,order,2,0.975,0.6378349288696701,0.9377383389152829
W1,W1/descending/seed307,0,order,2,1.0,0.6143296946339112,0.937275523705722
W1,W1/descending/seed307,0,order,2,1.025,0.5909711526843842,0.9258801409140904
W1,W1/descending/seed307,0,order,2,1.05,0.5680356875882067,0.9041734533378936
W1,W1/descending/seed307,0,order,2,1.075,0.5457624800174894,0.8738977588065211
W1,W1/descending/seed307,0,order,2,1.1,0.5243407996478806,0.8370385788649983
W1,W1/descending/seed307,0,order,2,1.125,0.5039105510742394,0.7957866203693751
W1,W1/descending/seed307,0,order,2,1.15,0.48455146862941195,0.7520292298190316
W1,W1/descending/seed307,0,order,2,1.175,0.4663090895832878,0.7072096599367228
W1,W1/descending/seed307,0,order,2,1.2,0.44919098563257576,0.6626735478331618
W1,W1/descending/seed307,0,order,2,1.225,0.43317541219162975,0.6193431351746259
W1,W1/descending/seed307,0,order,2,1.25,0.4182238288738445,0.5767835302482034
W1,W1/descending/seed307,0,order,1,0.75,0.8318128046910727,0.5714365984616663
W1,W1/descending/seed307,0,order,1,0.7625,0.8236487380883007,0.7348140579818434
W1,W1/descending/seed307,0,order,1,0.775,0.8134424532415265,0.7608711939893311
W1,W1/descending/seed307,0,order,1,0.7875,0.8046269582385674,0.7174765581352425
W1,W1/descending/seed307,0,order,1,0.8,0.7955055392881456,0.742107755453393
W1,W1/descending/seed307,0,order,1,0.8125,0.7860742643522327,0.9358570746390313
W1,W1/descending/seed307,0,order,1,0.825,0.77210911242217,0.9534866422279933
W1,W1/descending/seed307,0,order,1,0.8375,0.762237098296533,0.7996592513997633
W1,W1/descending/seed307,0,order,1,0.85,0.7521176311371759,0.8194677716438221
W1,W1/descending/seed307,0,order,1,0.8625,0.7417504040054375,0.8390527776427987
W1,W1/descending/seed307,0,order,1,0.875,0.7311413116961059,0.8582111760823246
W1,W1/descending/seed307,0,order,1,0.8875,0.7202951246033794,0.8762645519747636
W1,W1/descending/seed307,0,order,1,0.9,0.7092346978967368,0.8931821682156453
W1,W1/descending/seed307,0,order,1,0.9125,0.6979655703979882,0.9081238088348975
W1,W1/descending/seed307,0,order,1,0.925,0.6865316026758643,1.0075626171345178
W1,W1/descending/seed307,0,order,1,0.9375,0.6727765049696253,1.0125996438475617
W1,W1/descending/seed307,0,order,1,0.95,0.6612166115796754,0.9287337571247498
W1,W1/descending/seed307,0,order,1,0.9625,0.6495581610415065,0.9352673084002099
W1,W1/descending/seed307,0,order,1,0.975,0.6378349288696701,0.9391214358294668
W1,W1/descending/seed307,0,order,1,0.9875,0.6260801251457698,0.9402093694303524
W1,W1/descending/seed307,0,order,1,1.0,0.6143296946339112,0.9388056989460374
W1,W1/descending/seed307,0,order,1,1.0125,0.602609982672119,0.9343416779810845
W1,W1/descending/seed307,0,order,1,1.025,0.5909711526843842,0.9269681619546866
W1,W1/descending/seed307,0,order,1,1.0375,0.5794357786232517,0.9174186038470964
W1,W1/descending/seed307,0,order,1,1.05,0.5680356875882067,0.9053186198694689
W1,W1/descending/seed307,0,order,1,1.0625,0.556802813126515,0.8909283028286943
W1,W1/descending/seed307,0,order,1,1.075,0.5457624800174894,0.8746118828625953
W1,W1/descending/seed307,0,order,1,1.0875,0.5349375160549502,0.8568672147843479
W1,W1/descending/seed307,0,order,1,1.1,0.5243407996478806,0.8377682164237683
W1,W1/descending/seed307,0,order,1,1.1125,0.5139933106443559,0.8172099429456487
W1,W1/descending/seed307,0,order,1,1.125,0.5039105510742394,0.796022672237271
W1,W1/descending/seed307,0,order,1,1.1375,0.4940927438384242,0.7743632977931014
W1,W1/descending/seed307,0,order,1,1.15,0.48455146862941195,0.752133013416465
W1,W1/descending/seed307,0,order,1,1.1625,0.4752894185030125,0.7296951618449619
W1,W1/descending/seed307,0,order,1,1.175,0.4663090895832878,0.7071827841995564
W1,W1/descending/seed307,0,order,1,1.1875,0.45760984889802364,0.6847241580284837
W1,W1/descending/seed307,0,order,1,1.2,0.44919098563257576,0.6625383053049951
W1,W1/descending/seed307,0,order,1,1.2125,0.44104639126539885,0.6406229376378398
W1,W1/descending/seed307,0,order,1,1.225,0.43317541219162975,0.6190712707957466
W1,W1/descending/seed307,0,order,1,1.2375,0.4255696094955051,0.598063332711412
W1,W1/descending/seed307,0,order,1,1.25,0.4182238288738445,0.5772615667542951
W1,W1/descending/seed307,0,mx,4,0.75,0.4268100286955672,0.8101149245025798
W1,W1/descending/seed307,0,mx,4,0.8,0.46882196874847437,0.8703626776137101
W1,W1/descending/seed307,0,mx,4,0.85,0.5138462964569381,0.8783354748410463
W1,W1/descending/seed307,0,mx,4,0.9,0.556655516232579,0.8695953693930578
W1,W1/descending/seed307,0,mx,4,0.95,0.6008058333962438,0.8571017887614936
W1,W1/descending/seed307,0,mx,4,1.0,0.6423656951087285,0.8048054475800921
W1,W1/descending/seed307,0,mx,4,1.05,0.6812863781542531,0.7410959240347745
W1,W1/descending/seed307,0,mx,4,1.1,0.716475287512206,0.6616664390371767
W1,W1/descending/seed307,0,mx,4,1.15,0.7474530220579708,0.5780547576941721
W1,W1/descending/seed307,0,mx,4,1.2,0.774280763281623,0.4987175933542414
W1,W1/descending/seed307,0,mx,4,1.25,0.797324781393395,0.42304313111663916
W1,W1/descending/seed307,0,mx,2,0.75,0.4268100286955672,0.8787888750998505
W1,W1/descending/seed307,0,mx,2,0.775,0.4482978746475421,0.8402388010581419
W1,W1/descending/seed307,0,mx,2,0.8,0.46882196874847437,0.8902353076938336
W1,W1/descending/seed307,0,mx,2,0.825,0.4928096400322339,0.9004865541692784
W1,W1/descending/seed307,0,mx,2,0.85,0.5138462964569381,0.8469193502926924
W1,W1/descending/seed307,0,mx,2,0.875,0.5351556075468685,0.8561843955128161
W1,W1/descending/seed307,0,mx,2,0.9,0.556655516232579,0.8611620284874242
W1,W1/descending/seed307,0,mx,2,0.925,0.5782137089712398,0.8830063432732942
W1,W1/descending/seed307,0,mx,2,0.95,0.6008058333962438,0.8723686497482444
W1,W1/descending/seed307,0,mx,2,0.975,0.6218321414586518,0.8311972342496929
W1,W1/descending/seed307,0,mx,2,1.0,0.6423656951087285,0.8081067343798995
W1,W1/descending/seed307,0,mx,2,1.025,0.6622374781776469,0.7784136609104895
W1,W1/descending/seed307,0,mx,2,1.05,0.6812863781542531,0.7430827296492701
W1,W1/descending/seed307,0,mx,2,1.075,0.6993916146601105,0.7037781871590578
W1,W1/descending/seed307,0,mx,2,1.1,0.716475287512206,0.6620907023617004
W1,W1/descending/seed307,0,mx,2,1.125,0.7324961497781955,0.6195546909152974
W1,W1/descending/seed307,0,mx,2,1.15,0.7474530220579708,0.5774318149120514
W1,W1/descending/seed307,0,mx,2,1.175,0.7613677405237982,0.5365548244730434
W1,W1/descending/seed307,0,mx,2,1.2,0.774280763281623,0.497563950408324
W1,W1/descending/seed307,0,mx,2,1.225,0.7862459380442144,0.46088036223544115
W1,W1/descending/seed307,0,mx,2,1.25,0.797324781393395,0.4254271056990149
W1,W1/descending/seed307,0,mx,1,0.75,0.4268100286955672,0.7232017762116207
W1,W1/descending/seed307,0,mx,1,0.7625,0.43670200128488357,0.8595138380789926
W1,W1/descending/seed307,0,mx,1,0.775,0.4482978746475421,0.8717804479627276
W1,W1/descending/seed307,0,mx,1,0.7875,0.45849651248395185,0.8209637640372911
W1,W1/descending/seed307,0,mx,1,0.8,0.46882196874847437,0.8311663691475992
W1,W1/descending/seed307,0,mx,1,0.8125,0.4792756717126418,0.9595068513503833
W1,W1/descending/seed307,0,mx,1,0.825,0.4928096400322339,0.9606209045426652
W1,W1/descending/seed307,0,mx,1,0.8375,0.5032911943262084,0.8414662569881664
W1,W1/descending/seed307,0,mx,1,0.85,0.5138462964569381,0.8471891087816985
W1,W1/descending/seed307,0,mx,1,0.8625,0.5244709220457509,0.8523724435972149
W1,W1/descending/seed307,0,mx,1,0.875,0.5351556075468685,0.8567862651669635
W1,W1/descending/seed307,0,mx,1,0.8875,0.5458905786749249,0.8599963474284209
W1,W1/descending/seed307,0,mx,1,0.9,0.556655516232579,0.8620087207786753
W1,W1/descending/seed307,0,mx,1,0.9125,0.5674407966943917,0.8623277095464275
W1,W1/descending/seed307,0,mx,1,0.925,0.5782137089712398,0.9086888664672514
W1,W1/descending/seed307,0,mx,1,0.9375,0.5901580183560731,0.9036849770001645
W1,W1/descending/seed307,0,mx,1,0.95,0.6008058333962438,0.848459684792978
W1,W1/descending/seed307,0,mx,1,0.9625,0.6113695104758976,0.8410523224963207
W1,W1/descending/seed307,0,mx,1,0.975,0.6218321414586518,0.8321206987475058
W1,W1/descending/seed307,0,mx,1,0.9875,0.6321725279445853,0.8213421460030688
W1,W1/descending/seed307,0,mx,1,1.0,0.6423656951087285,0.809018895040932
W1,W1/descending/seed307,0,mx,1,1.0125,0.6523980003206086,0.7948713227567374
W1,W1/descending/seed307,0,mx,1,1.025,0.6622374781776469,0.7789817954606981
W1,W1/descending/seed307,0,mx,1,1.0375,0.6718725452071261,0.7619559990642415
W1,W1/descending/seed307,0,mx,1,1.05,0.6812863781542531,0.7436059807125268
W1,W1/descending/seed307,0,mx,1,1.0625,0.6904626947249393,0.7242094602342952
W1,W1/descending/seed307,0,mx,1,1.075,0.6993916146601105,0.7040629796500042
W1,W1/descending/seed307,0,mx,1,1.0875,0.7080642692161893,0.6833469140838204
W1,W1/descending/seed307,0,mx,1,1.1,0.716475287512206,0.6622696751391537
W1,W1/descending/seed307,0,mx,1,1.1125,0.7246210110946683,0.640834490639584
W1,W1/descending/seed307,0,mx,1,1.125,0.7324961497781955,0.61943498762178
W1,W1/descending/seed307,0,mx,1,1.1375,0.7401068857852127,0.5982748911910107
W1,W1/descending/seed307,0,mx,1,1.15,0.7474530220579708,0.5772747843151436
W1,W1/descending/seed307,0,mx,1,1.1625,0.7545387553930913,0.5565887386330921
W1,W1/descending/seed307,0,mx,1,1.175,0.7613677405237982,0.5362825818995312
W1,W1/descending/seed307,0,mx,1,1.1875,0.7679458199405795,0.5165209103129946
W1,W1/descending/seed307,0,mx,1,1.2,0.774280763281623,0.4972894726530761
W1,W1/descending/seed307,0,mx,1,1.2125,0.7803780567569064,0.4786069905036534
W1,W1/descending/seed307,0,mx,1,1.225,0.7862459380442144,0.4605515501624424
W1,W1/descending/seed307,0,mx,1,1.2375,0.7918918455109675,0.4431537339672289
W1,W1/descending/seed307,0,mx,1,1.25,0.797324781393395,0.42611600722118226
W1,W1/descending/seed307,0.01,order,4,0.75,0.36996987251417235,0.025312620154525067
W1,W1/descending/seed307,0.01,order,4,0.8,0.3559681857324375,0.5347548511148652
W1,W1/descending/seed307,0.01,order,4,0.85,0.3164943874026859,0.5073810316270744
W1,W1/descending/seed307,0.01,order,4,0.9,0.30523008256973017,0.32226598278474494
W1,W1/descending/seed307,0.01,order,4,0.95,0.28426778912421136,0.32810174744445053
W1,W1/descending/seed307,0.01,order,4,1.0,0.27241990782528525,0.232438720773553
W1,W1/descending/seed307,0.01,order,4,1.05,0.261023917046856,0.22148600068248703
W1,W1/descending/seed307,0.01,order,4,1.1,0.25027130775703654,0.20155032825623742
W1,W1/descending/seed307,0.01,order,4,1.15,0.24086888422123232,0.17564975058602084
W1,W1/descending/seed307,0.01,order,4,1.2,0.2327063326984345,0.15856838018795427
W1,W1/descending/seed307,0.01,order,4,1.25,0.22501204620243687,0.1492030796519508
W1,W1/descending/seed307,0.01,order,2,0.75,0.36996987251417235,0.4510870116875889
W1,W1/descending/seed307,0.01,order,2,0.775,0.3608308631726438,0.2800337356346967
W1,W1/descending/seed307,0.01,order,2,0.8,0.3559681857324375,0.7630652744593762
W1,W1/descending/seed307,0.01,order,2,0.825,0.32267759944967517,0.7894759665950346
W1,W1/descending/seed307,0.01,order,2,0.85,0.3164943874026859,0.23757679460356407
W1,W1/descending/seed307,0.01,order,2,0.875,0.31079875971949694,0.22528609665911414
W1,W1/descending/seed307,0.01,order,2,0.9,0.30523008256973017,0.2200885459223354
W1,W1/descending/seed307,0.01,order,2,0.925,0.29979433242338016,0.4192458689103793
W1,W1/descending/seed307,0.01,order,2,0.95,0.28426778912421136,0.4307541313316978
W1,W1/descending/seed307,0.01,order,2,0.975,0.2782566258567953,0.23695762597852177
W1,W1/descending/seed307,0.01,order,2,1.0,0.27241990782528525,0.23229075724615278
W1,W1/descending/seed307,0.01,order,2,1.025,0.2666420879944877,0.2279198155685842
W1,W1/descending/seed307,0.01,order,2,1.05,0.261023917046856,0.22155310682769702
W1,W1/descending/seed307,0.01,order,2,1.075,0.2555644326531028,0.21505218579638985
W1,W1/descending/seed307,0.01,order,2,1.1,0.25027130775703654,0.20319633229288048
W1,W1/descending/seed307,0.01,order,2,1.125,0.24540461603845878,0.18804847071608588
W1,W1/descending/seed307,0.01,order,2,1.15,0.24086888422123232,0.17751863556250935
W1,W1/descending/seed307,0.01,order,2,1.175,0.23652868426033333,0.16325103045595668
W1,W1/descending/seed307,0.01,order,2,1.2,0.2327063326984345,0.15786517578295367
W1,W1/descending/seed307,0.01,order,2,1.225,0.22863542547118565,0.15388572991995186
W1,W1/descending/seed307,0.01,order,2,1.25,0.22501204620243687,0.13598461157995168
W1,W1/descending/seed307,0.01,order,1,0.75,0.36996987251417235,0.0006173997769742812
W1,W1/descending/seed307,0.01,order,1,0.7625,0.3676812614301841,0.3655603736611397
W1,W1/descending/seed307,0.01,order,1,0.775,0.3608308631726438,0.3730254119203078
W1,W1/descending/seed307,0.01,order,1,0.7875,0.3583556261321763,0.1945070976082519
W1,W1/descending/seed307,0.01,order,1,0.8,0.3559681857324375,0.19130859246803844
W1,W1/descending/seed307,0.01,order,1,0.8125,0.3535729113204753,1.331623451310497
W1,W1/descending/seed307,0.01,order,1,0.825,0.32267759944967517,1.3651029501761478
W1,W1/descending/seed307,0.01,order,1,0.8375,0.31944533756607185,0.24732848187957224
W1,W1/descending/seed307,0.01,order,1,0.85,0.3164943874026859,0.2336872045219458
W1,W1/descending/seed307,0.01,order,1,0.8625,0.3136031574530232,0.2278251073275559
W1,W1/descending/seed307,0.01,order,1,0.875,0.31079875971949694,0.22466732345268348
W1,W1/descending/seed307,0.01,order,1,0.8875,0.3079864743667061,0.2227470859906724
W1,W1/descending/seed307,0.01,order,1,0.9,0.30523008256973017,0.22863050863740497
W1,W1/descending/seed307,0.01,order,1,0.9125,0.302270711650771,0.2174300058539984
W1,W1/descending/seed307,0.01,order,1,0.925,0.29979433242338016,0.5859121851561095
W1,W1/descending/seed307,0.01,order,1,0.9375,0.2876229070218684,0.6210617319667531
W1,W1/descending/seed307,0.01,order,1,0.95,0.28426778912421136,0.256338829214954
W1,W1/descending/seed307,0.01,order,1,0.9625,0.2812144362914945,0.2404465306966408
W1,W1/descending/seed307,0.01,order,1,0.975,0.2782566258567953,0.2359775331423588
W1,W1/descending/seed307,0.01,order,1,0.9875,0.2753149979629355,0.23346872126040097
W1,W1/descending/seed307,0.01,order,1,1.0,0.27241990782528525,0.23138272384299086
W1,W1/descending/seed307,0.01,order,1,1.0125,0.26953042986686077,0.2311127932319028
W1,W1/descending/seed307,0.01,order,1,1.025,0.2666420879944877,0.2282597263593118
W1,W1/descending/seed307,0.01,order,1,1.0375,0.26382393670787796,0.2247268379052656
W1,W1/descending/seed307,0.01,order,1,1.05,0.261023917046856,0.22371276747424318
W1,W1/descending/seed307,0.01,order,1,1.0625,0.2582311175210219,0.21837937575013022
W1,W1/descending/seed307,0.01,order,1,1.075,0.2555644326531028,0.21544393445546994
W1,W1/descending/seed307,0.01,order,1,1.0875,0.2528450191596352,0.21172499584265125
W1,W1/descending/seed307,0.01,order,1,1.1,0.25027130775703654,0.2017943139326004
W1,W1/descending/seed307,0.01,order,1,1.1125,0.24780016131132016,0.19466766874311148
W1,W1/descending/seed307,0.01,order,1,1.125,0.24540461603845878,0.18788828823219994
W1,W1/descending/seed307,0.01,order,1,1.1375,0.24310295410551516,0.18142927268906028
W1,W1/descending/seed307,0.01,order,1,1.15,0.24086888422123232,0.1764423623309863
W1,W1/descending/seed307,0.01,order,1,1.1625,0.23869189504724045,0.17360799843595842
W1,W1/descending/seed307,0.01,order,1,1.175,0.23652868426033333,0.1559303776251557
W1,W1/descending/seed307,0.01,order,1,1.1875,0.23479363560661157,0.15289406247595316
W1,W1/descending/seed307,0.01,order,1,1.2,0.2327063326984345,0.1606950343699598
W1,W1/descending/seed307,0.01,order,1,1.2125,0.2307762597473626,0.16283628908995063
W1,W1/descending/seed307,0.01,order,1,1.225,0.22863542547118565,0.15923731779941086
W1,W1/descending/seed307,0.01,order,1,1.2375,0.22679532680237732,0.14493517074995133
W1,W1/descending/seed307,0.01,order,1,1.25,0.22501204620243687,0.14038972524052085
W1,W1/descending/seed307,0.01,mx,4,0.75,0.34614563414711874,0.6473043522534878
W1,W1/descending/seed307,0.01,mx,4,0.8,0.3614055028563674,-0.03690960388353881
W1,W1/descending/seed307,0.01,mx,4,0.85,0.34245467375876487,-0.06722694039200583
W1,W1/descending/seed307,0.01,mx,4,0.9,0.35468280881716696,-0.07698121379047285
W1,W1/descending/seed307,0.01,mx,4,0.95,0.3347565523797176,-0.10140548555941642
W1,W1/descending/seed307,0.01,mx,4,1.0,0.3445422602612255,0.1954425561390125
W1,W1/descending/seed307,0.01,mx,4,1.05,0.35430080799361885,0.18269844093750054
W1,W1/descending/seed307,0.01,mx,4,1.1,0.3628121043549756,0.16053463031076465
W1,W1/descending/seed307,0.01,mx,4,1.15,0.37035427102469537,0.14116740447829246
W1,W1/descending/seed307,0.01,mx,4,1.2,0.37692884480280475,0.12687912895284548
W1,W1/descending/seed307,0.01,mx,4,1.25,0.3830421839199799,0.11765443573416157
W1,W1/descending/seed307,0.01,mx,2,0.75,0.34614563414711874,0.3432429061450861
W1,W1/descending/seed307,0.01,mx,2,0.775,0.3542511376512445,0.3051973741849734
W1,W1/descending/seed307,0.01,mx,2,0.8,0.3614055028563674,-0.3300245639182826
W1,W1/descending/seed307,0.01,mx,2,0.825,0.33774990945533057,-0.3790165819520519
W1,W1/descending/seed307,0.01,mx,2,0.85,0.34245467375876487,0.21066548795190876
W1,W1/descending/seed307,0.01,mx,2,0.875,0.348283183852926,0.24456270116804202
W1,W1/descending/seed307,0.01,mx,2,0.9,0.35468280881716696,0.26669298546691067
W1,W1/descending/seed307,0.01,mx,2,0.925,0.36161783312627155,-0.39852512874899215
W1,W1/descending/seed307,0.01,mx,2,0.95,0.3347565523797176,-0.4429185491415568
W1,W1/descending/seed307,0.01,mx,2,0.975,0.33947190566919383,0.19571415763015843
W1,W1/descending/seed307,0.01,mx,2,1.0,0.3445422602612255,0.2006718121116009
W1,W1/descending/seed307,0.01,mx,2,1.025,0.3495054962747739,0.1951709546478675
W1,W1/descending/seed307,0.01,mx,2,1.05,0.35430080799361885,0.18521136569395757
W1,W1/descending/seed307,0.01,mx,2,1.075,0.3587660645594718,0.17022592722713537
W1,W1/descending/seed307,0.01,mx,2,1.1,0.3628121043549756,0.1582870562962908
W1,W1/descending/seed307,0.01,mx,2,1.125,0.36668041737428636,0.1508433333943957
W1,W1/descending/seed307,0.01,mx,2,1.15,0.37035427102469537,0.13893518637803215
W1,W1/descending/seed307,0.01,mx,2,1.175,0.37362717669318796,0.13149147556218832
W1,W1/descending/seed307,0.01,mx,2,1.2,0.37692884480280475,0.12042152588908817
W1,W1/descending/seed307,0.01,mx,2,1.225,0.3796482529876424,0.12226678234350263
W1,W1/descending/seed307,0.01,mx,2,1.25,0.3830421839199799,0.14924769224349888
W1,W1/descending/seed307,0.01,mx,1,0.75,0.34614563414711874,0.25408999158466905
W1,W1/descending/seed307,0.01,mx,1,0.7625,0.34976007247055435,0.3242201401650302
W1,W1/descending/seed307,0.01,mx,1,0.775,0.3542511376512445,0.31955269589984425
W1,W1/descending/seed307,0.01,mx,1,0.7875,0.3577488898680505,0.2861746082049148
W1,W1/descending/seed307,0.01,mx,1,0.8,0.3614055028563674,0.2966839281556446
W1,W1/descending/seed307,0.01,mx,1,0.8125,0.3651659880719416,-0.9462237360414765
W1,W1/descending/seed307,0.01,mx,1,0.825,0.33774990945533057,-1.012458107089115
W1,W1/descending/seed307,0.01,mx,1,0.8375,0.339854535394714,0.18819057213737267
W1,W1/descending/seed307,0.01,mx,1,0.85,0.34245467375876487,0.2158944304255428
W1,W1/descending/seed307,0.01,mx,1,0.8625,0.34525189615535257,0.23314040376644485
W1,W1/descending/seed307,0.01,mx,1,0.875,0.348283183852926,0.24564361836768533
W1,W1/descending/seed307,0.01,mx,1,0.8875,0.3513929866145447,0.2559849985696392
W1,W1/descending/seed307,0.01,mx,1,0.9,0.35468280881716696,0.2541848382671592
W1,W1/descending/seed307,0.01,mx,1,0.9125,0.3577476075712237,0.27740097236418215
W1,W1/descending/seed307,0.01,mx,1,0.925,0.36161783312627155,-0.97655407646978
W1,W1/descending/seed307,0.01,mx,1,0.9375,0.3333337556594795,-1.074451229862163
W1,W1/descending/seed307,0.01,mx,1,0.95,0.3347565523797176,0.14651346344616734
W1,W1/descending/seed307,0.01,mx,1,0.9625,0.33699659224563366,0.18861413157905105
W1,W1/descending/seed307,0.01,mx,1,0.975,0.33947190566919383,0.1986320770399832
W1,W1/descending/seed307,0.01,mx,1,0.9875,0.3419623941716332,0.2028141836812658
W1,W1/descending/seed307,0.01,mx,1,1.0,0.3445422602612255,0.20385911614291707
W1,W1/descending/seed307,0.01,mx,1,1.0125,0.3470588720752061,0.19852944054193777
W1,W1/descending/seed307,0.01,mx,1,1.025,0.3495054962747739,0.1959742687795032
W1,W1/descending/seed307,0.01,mx,1,1.0375,0.3519582287946937,0.1918124687537972
W1,W1/descending/seed307,0.01,mx,1,1.05,0.35430080799361885,0.18517433930761307
W1,W1/descending/seed307,0.01,mx,1,1.0625,0.356587587277384,0.17861026263411794
W1,W1/descending/seed307,0.01,mx,1,1.075,0.3587660645594718,0.16546636067517007
W1,W1/descending/seed307,0.01,mx,1,1.0875,0.3607242462942632,0.161841591820151
W1,W1/descending/seed307,0.01,mx,1,1.1,0.3628121043549756,0.16237790533395646
W1,W1/descending/seed307,0.01,mx,1,1.1125,0.3647836939276121,0.1547325207724306
W1,W1/descending/seed307,0.01,mx,1,1.125,0.36668041737428636,0.1522327523358573
W1,W1/descending/seed307,0.01,mx,1,1.1375,0.36858951273600854,0.1469541460163608
W1,W1/descending/seed307,0.01,mx,1,1.15,0.37035427102469537,0.13875195443754684
W1,W1/descending/seed307,0.01,mx,1,1.1625,0.37205831159694724,0.1309162267397017
W1,W1/descending/seed307,0.01,mx,1,1.175,0.37362717669318796,0.1461578431188535
W1,W1/descending/seed307,0.01,mx,1,1.1875,0.37571225767491856,0.13206672438467137
W1,W1/descending/seed307,0.01,mx,1,1.2,0.37692884480280475,0.12361020004919432
W1,W1/descending/seed307,0.01,mx,1,1.2125,0.3788025126761484,0.10877632739350496
W1,W1/descending/seed307,0.01,mx,1,1.225,0.3796482529876424,0.10236980144096108
W1,W1/descending/seed307,0.01,mx,1,1.2375,0.38136175771217246,0.1357572372935021
W1,W1/descending/seed307,0.01,mx,1,1.25,0.3830421839199799,0.13311095595568645
W1,W1/descending/seed307,0.05,order,4,0.75,0.1350317095082129,-0.0350657225611235
W1,W1/descending/seed307,0.05,order,4,0.8,0.13453833535626514,0.054800688639032424
W1,W1/descending/seed307,0.05,order,4,0.85,0.12955164064430963,0.05197865204026009
W1,W1/descending/seed307,0.05,order,4,0.9,0.12934047015223915,0.0143425462346769
W1,W1/descending/seed307,0.05,order,4,0.95,0.1281173860208419,0.01356794950497564
W1,W1/descending/seed307,0.05,order,4,1.0,0.1279836752017416,0.0023884176815616165
W1,W1/descending/seed307,0.05,order,4,1.05,0.12787854425268574,0.0020632454555442603
W1,W1/descending/seed307,0.05,order,4,1.1,0.12777735065618717,0.001634133836107221
W1,W1/descending/seed307,0.05,order,4,1.15,0.12771513086907504,0.001021371601220844
W1,W1/descending/seed307,0.05,order,4,1.2,0.12767521349606506,0.0011589061330592454
W1,W1/descending/seed307,0.05,order,4,1.25,0.12759924025576913,0.0018800234787774706
W1,W1/descending/seed307,0.05,order,2,0.75,0.1350317095082129,0.026410904449072348
W1,W1/descending/seed307,0.05,order,2,0.775,0.13457822966461255,0.009867483038954905
W1,W1/descending/seed307,0.05,order,2,0.8,0.13453833535626514,0.09598343732820025
W1,W1/descending/seed307,0.05,order,2,0.825,0.1297790577982026,0.09973389423910994
W1,W1/descending/seed307,0.05,order,2,0.85,0.12955164064430963,0.00712830318661295
W1,W1/descending/seed307,0.05,order,2,0.875,0.12942264263887193,0.004223409841409342
W1,W1/descending/seed307,0.05,order,2,0.9,0.12934047015223915,0.0023949570928483155
W1,W1/descending/seed307,0.05,order,2,0.925,0.12930289478422952,0.024461682627945347
W1,W1/descending/seed307,0.05,order,2,0.95,0.1281173860208419,0.0252300886434651
W1,W1/descending/seed307,0.05,order,2,0.975,0.12804139035205625,0.002674216382006378
W1,W1/descending/seed307,0.05,order,2,1.0,0.1279836752017416,0.002263381522545682
W1,W1/descending/seed307,0.05,order,2,1.025,0.12792822127592898,0.002102618981116855
W1,W1/descending/seed307,0.05,order,2,1.05,0.12787854425268574,0.0019759216369394927
W1,W1/descending/seed307,0.05,order,2,1.075,0.127829425194082,0.0020238719299716657
W1,W1/descending/seed307,0.05,order,2,1.1,0.12777735065618717,0.0017474521833182877
W1,W1/descending/seed307,0.05,order,2,1.125,0.12774205258491608,0.0012443957422427765
W1,W1/descending/seed307,0.05,order,2,1.15,0.12771513086907504,0.0011839587277191477
W1,W1/descending/seed307,0.05,order,2,1.175,0.12768285464853013,0.0007983474601997997
W1,W1/descending/seed307,0.05,order,2,1.2,0.12767521349606506,0.0011816301643485794
W1,W1/descending/seed307,0.05,order,2,1.225,0.1276237731403127,0.001519464805918691
W1,W1/descending/seed307,0.05,order,2,1.25,0.12759924025576913,0.0004431659575674374
W1,W1/descending/seed307,0.05,order,1,0.75,0.1350317095082129,-0.014881791154595092
W1,W1/descending/seed307,0.05,order,1,0.7625,0.13501135074202902,0.018139193744013404
W1,W1/descending/seed307,0.05,order,1,0.775,0.13457822966461255,0.018607475609369928
W1,W1/descending/seed307,0.05,order,1,0.7875,0.13454616385179477,0.0015957723338964058
W1,W1/descending/seed307,0.05,order,1,0.8,0.13453833535626514,0.00018159196170763892
W1,W1/descending/seed307,0.05,order,1,0.8125,0.13454162405275208,0.1903711023225032
W1,W1/descending/seed307,0.05,order,1,0.825,0.1297790577982026,0.19597402237711492
W1,W1/descending/seed307,0.05,order,1,0.8375,0.12964227349332424,0.009096686155718459
W1,W1/descending/seed307,0.05,order,1,0.85,0.12955164064430963,0.00659743096799037
W1,W1/descending/seed307,0.05,order,1,0.8625,0.12947733771912448,0.005159920217507441
W1,W1/descending/seed307,0.05,order,1,0.875,0.12942264263887193,0.004124214927303527
W1,W1/descending/seed307,0.05,order,1,0.8875,0.1293742323459419,0.003286899465312132
W1,W1/descending/seed307,0.05,order,1,0.9,0.12934047015223915,0.0035181521007530137
W1,W1/descending/seed307,0.05,order,1,0.9125,0.12928627854342306,0.0015030147203862754
W1,W1/descending/seed307,0.05,order,1,0.925,0.12930289478422952,0.043801480778311586
W1,W1/descending/seed307,0.05,order,1,0.9375,0.12819124152396527,0.04742035053550442
W1,W1/descending/seed307,0.05,order,1,0.95,0.1281173860208419,0.0046747921537777515
W1,W1/descending/seed307,0.05,order,1,0.9625,0.12807437172012084,0.003039826751425778
W1,W1/descending/seed307,0.05,order,1,0.975,0.12804139035205625,0.002557753155162601
W1,W1/descending/seed307,0.05,order,1,0.9875,0.12801042789124178,0.0023086060125860897
W1,W1/descending/seed307,0.05,order,1,1.0,0.1279836752017416,0.002142973296453299
W1,W1/descending/seed307,0.05,order,1,1.0125,0.12795685355883046,0.0022181570325034983
W1,W1/descending/seed307,0.05,order,1,1.025,0.12792822127592898,0.002113885039639385
W1,W1/descending/seed307,0.05,order,1,1.0375,0.12790400643283947,0.0019870809297293235
W1,W1/descending/seed307,0.05,order,1,1.05,0.12787854425268574,0.0021191358170513652
W1,W1/descending/seed307,0.05,order,1,1.0625,0.1278510280374132,0.001964762344149662
W1,W1/descending/seed307,0.05,order,1,1.075,0.127829425194082,0.002096566482562956
W1,W1/descending/seed307,0.05,order,1,1.0875,0.1277986138753491,0.002082981515792781
W1,W1/descending/seed307,0.05,order,1,1.1,0.12777735065618717,0.0015754798882321452
W1,W1/descending/seed307,0.05,order,1,1.1125,0.12775922687814328,0.0014119228508437942
W1,W1/descending/seed307,0.05,order,1,1.125,0.12774205258491608,0.0012200847146885963
W1,W1/descending/seed307,0.05,order,1,1.1375,0.12772872476027608,0.0010768686336417588
W1,W1/descending/seed307,0.05,order,1,1.15,0.12771513086907504,0.0010981285009856734
W1,W1/descending/seed307,0.05,order,1,1.1625,0.12770127154775146,0.0012910488217956484
W1,W1/descending/seed307,0.05,order,1,1.175,0.12768285464853013,6.106559504903686e-05
W1,W1/descending/seed307,0.05,order,1,1.1875,0.12769974490787522,0.00030564609860217473
W1,W1/descending/seed307,0.05,order,1,1.2,0.12767521349606506,0.0013736469152707542
W1,W1/descending/seed307,0.05,order,1,1.2125,0.12766540373499347,0.002057614230094984
W1,W1/descending/seed307,0.05,order,1,1.225,0.1276237731403127,0.002161874264456465
W1,W1/descending/seed307,0.05,order,1,1.2375,0.12761135687838204,0.000981315381742398
W1,W1/descending/seed307,0.05,order,1,1.25,0.12759924025576913,0.0009573442363244311
W1,W1/descending/seed307,0.05,mx,4,0.75,0.043921213527856995,0.1255209776789767
W1,W1/descending/seed307,0.05,mx,4,0.8,0.042856915169667734,-0.16809291200654675
W1,W1/descending/seed307,0.05,mx,4,0.85,0.027111922327202345,-0.15485528792133518
W1,W1/descending/seed307,0.05,mx,4,0.9,0.02737138637753426,-0.10212587390772654
W1,W1/descending/seed307,0.05,mx,4,0.95,0.016899334936429714,-0.1067821276754217
W1,W1/descending/seed307,0.05,mx,4,1.0,0.016693173609992118,-0.001931516024429314
W1,W1/descending/seed307,0.05,mx,4,1.05,0.016706183333986782,-0.0002294899012875995
W1,W1/descending/seed307,0.05,mx,4,1.1,0.01667022461986336,-0.000351089864333326
W1,W1/descending/seed307,0.05,mx,4,1.15,0.016671074347553452,-4.2703824699452664e-05
W1,W1/descending/seed307,0.05,mx,4,1.2,0.016665954237393414,-0.00018089234611917693
W1,W1/descending/seed307,0.05,mx,4,1.25,0.016652985112941537,-0.00033787263195589334
W1,W1/descending/seed307,0.05,mx,2,0.75,0.043921213527856995,-0.11423971310698056
W1,W1/descending/seed307,0.05,mx,2,0.775,0.042227142524472426,-0.02128596716378517
W1,W1/descending/seed307,0.05,mx,2,0.8,0.042856915169667734,-0.2940779560170391
W1,W1/descending/seed307,0.05,mx,2,0.825,0.027523244723620572,-0.3148998568493093
W1,W1/descending/seed307,0.05,mx,2,0.85,0.027111922327202345,-0.007784205852161663
W1,W1/descending/seed307,0.05,mx,2,0.875,0.027134034431012487,0.005189281006638291
W1,W1/descending/seed307,0.05,mx,2,0.9,0.02737138637753426,0.013870278112258494
W1,W1/descending/seed307,0.05,mx,2,0.925,0.027827548336625416,-0.20944102882209226
W1,W1/descending/seed307,0.05,mx,2,0.95,0.016899334936429714,-0.2220613595365286
W1,W1/descending/seed307,0.05,mx,2,0.975,0.016724480359799045,-0.004123226528751911
W1,W1/descending/seed307,0.05,mx,2,1.0,0.016693173609992118,-0.0007226680304981969
W1,W1/descending/seed307,0.05,mx,2,1.025,0.016688346958274137,0.00026019447989328315
W1,W1/descending/seed307,0.05,mx,2,1.05,0.016706183333986782,0.0003793785977220243
W1,W1/descending/seed307,0.05,mx,2,1.075,0.01670731588816024,-0.0007191742824684266
W1,W1/descending/seed307,0.05,mx,2,1.1,0.01667022461986336,-0.0008569612299650364
W1,W1/descending/seed307,0.05,mx,2,1.125,0.016664467826661988,1.6994553801830126e-05
W1,W1/descending/seed307,0.05,mx,2,1.15,0.016671074347553452,-0.0006373020968895582
W1,W1/descending/seed307,0.05,mx,2,1.175,0.01663260272181751,-0.00010240220320073545
W1,W1/descending/seed307,0.05,mx,2,1.2,0.016665954237393414,-0.001337344064126722
W1,W1/descending/seed307,0.05,mx,2,1.225,0.01656573551861117,-0.0002593824890375074
W1,W1/descending/seed307,0.05,mx,2,1.25,0.016652985112941537,0.0072393500354669404
W1,W1/descending/seed307,0.05,mx,1,0.75,0.043921213527856995,0.13262830936815484
W1,W1/descending/seed307,0.05,mx,1,0.7625,0.04432662271056182,-0.06776284013538181
W1,W1/descending/seed307,0.05,mx,1,0.775,0.042227142524472426,-0.07374549005308784
W1,W1/descending/seed307,0.05,mx,1,0.7875,0.0424829854592346,0.025190905807812136
W1,W1/descending/seed307,0.05,mx,1,0.8,0.042856915169667734,0.03217458195040801
W1,W1/descending/seed307,0.05,mx,1,0.8125,0.0432873500079948,-0.6133468178418886
W1,W1/descending/seed307,0.05,mx,1,0.825,0.027523244723620572,-0.642808681466835
W1,W1/descending/seed307,0.05,mx,1,0.8375,0.027217132971324047,-0.016452895856728933
W1,W1/descending/seed307,0.05,mx,1,0.85,0.027111922327202345,-0.0055552483206668946
W1,W1/descending/seed307,0.05,mx,1,0.8625,0.027078251763307373,0.0008844841524056068
W1,W1/descending/seed307,0.05,mx,1,0.875,0.027134034431012487,0.005549481738648776
W1,W1/descending/seed307,0.05,mx,1,0.8875,0.027216988806773593,0.009494077860870753
W1,W1/descending/seed307,0.05,mx,1,0.9,0.02737138637753426,0.008452449333418599
W1,W1/descending/seed307,0.05,mx,1,0.9125,0.027428300040109065,0.018246478363646235
W1,W1/descending/seed307,0.05,mx,1,0.925,0.027827548336625416,-0.40687517491963376
W1,W1/descending/seed307,0.05,mx,1,0.9375,0.017256420667118307,-0.4371285360078295
W1,W1/descending/seed307,0.05,mx,1,0.95,0.016899334936429714,-0.019276702679680735
W1,W1/descending/seed307,0.05,mx,1,0.9625,0.01677450310012629,-0.0069941830652267
W1,W1/descending/seed307,0.05,mx,1,0.975,0.016724480359799045,-0.003331369266415085
W1,W1/descending/seed307,0.05,mx,1,0.9875,0.01669121886846591,-0.0012522699922771219
W1,W1/descending/seed307,0.05,mx,1,1.0,0.016693173609992118,5.803224287503905e-05
W1,W1/descending/seed307,0.05,mx,1,1.0125,0.016692669674537787,-0.000193066068719161
W1,W1/descending/seed307,0.05,mx,1,1.025,0.016688346958274137,0.0003935221578820203
W1,W1/descending/seed307,0.05,mx,1,1.0375,0.016702507728484837,0.0007134550285058383
W1,W1/descending/seed307,0.05,mx,1,1.05,0.016706183333986782,0.00012715568857046833
W1,W1/descending/seed307,0.05,mx,1,1.0625,0.0167056866206991,4.530216693832134e-05
W1,W1/descending/seed307,0.05,mx,1,1.075,0.01670731588816024,-0.0016025722356178829
W1,W1/descending/seed307,0.05,mx,1,1.0875,0.016665622314808653,-0.0014836507318752856
W1,W1/descending/seed307,0.05,mx,1,1.1,0.01667022461986336,0.00013058572440705074
W1,W1/descending/seed307,0.05,mx,1,1.1125,0.01666888695791883,-0.00023027172805489826
W1,W1/descending/seed307,0.05,mx,1,1.125,0.016664467826661988,0.00029339695603747273
W1,W1/descending/seed307,0.05,mx,1,1.1375,0.016676221881819765,0.0002642608356585585
W1,W1/descending/seed307,0.05,mx,1,1.15,0.016671074347553452,-0.0005314409498208272
W1,W1/descending/seed307,0.05,mx,1,1.1625,0.016662935858074244,-0.001538865029437675
W1,W1/descending/seed307,0.05,mx,1,1.175,0.01663260272181751,0.0035304098004049767
W1,W1/descending/seed307,0.05,mx,1,1.1875,0.01675119610308437,0.001334060623036204
W1,W1/descending/seed307,0.05,mx,1,1.2,0.016665954237393414,-0.001097190567499462
W1,W1/descending/seed307,0.05,mx,1,1.2125,0.016723766338896884,-0.004008748751289648
W1,W1/descending/seed307,0.05,mx,1,1.225,0.01656573551861117,-0.004626775578031039
W1,W1/descending/seed307,0.05,mx,1,1.2375,0.016608096949446104,0.0034899837732147443
W1,W1/descending/seed307,0.05,mx,1,1.25,0.016652985112941537,0.0036921223860544305
W2,W2/ascending/seed307,0,order,4,0.25,0.9644133934732255,0.29993355972882263
W2,W2/ascending/seed307,0,order,4,0.3,0.9398472630911558,0.6827116555539625
W2,W2/ascending/seed307,0,order,4,0.35,0.8961422279178293,1.228770762022835
W2,W2/ascending/seed307,0,order,4,0.4,0.8169701868888721,1.9381108791354507
W2,W2/ascending/seed307,0,order,4,0.45,0.6945196390691195,
W2,W2/ascending/seed307,0,order,4,0.5,0.5593943729428663,2.4998626888871542
W2,W2/ascending/seed307,0,order,4,0.55,0.4518257212782334,1.8028833776981545
W2,W2/ascending/seed307,0,order,4,0.6,0.37910603517305075,1.2070221410260094
W2,W2/ascending/seed307,0,order,4,0.65,0.33112350717563255,0.7122789788707209
W2,W2/ascending/seed307,0,order,2,0.25,0.9644133934732255,0.36223272257436534
W2,W2/ascending/seed307,0,order,2,0.275,0.9537439518455284,0.4913226076413899
W2,W2/ascending/seed307,0,order,2,0.3,0.9398472630911558,0.6482942756277232
W2,W2/ascending/seed307,0,order,2,0.325,0.9213292380641425,0.874100703466528
W2,W2/ascending/seed307,0,order,2,0.35,0.8961422279178293,1.184688396300153
W2,W2/ascending/seed307,0,order,2,0.375,0.862094818249135,1.583440820579142
W2,W2/ascending/seed307,0,order,2,0.4,0.8169701868888721,2.036882613549455
W2,W2/ascending/seed307,0,order,2,0.425,0.7602506875716621,2.5006773318273616
W2,W2/ascending/seed307,0,order,2,0.45,0.6945196390691195,
W2,W2/ascending/seed307,0,order,2,0.475,0.6254306560707812,
W2,W2/ascending/seed307,0,order,2,0.5,0.5593943729428663,2.526537262996362
W2,W2/ascending/seed307,0,order,2,0.525,0.5009204942392536,2.151373033292657
W2,W2/ascending/seed307,0,order,2,0.55,0.4518257212782334,1.7872150607116772
W2,W2/ascending/seed307,0,order,2,0.575,0.4115597412036698,1.4543937221036547
W2,W2/ascending/seed307,0,order,2,0.6,0.37910603517305075,1.177039297124872
W2,W2/ascending/seed307,0,order,2,0.625,0.3527077763474261,0.9596505599483631
W2,W2/ascending/seed307,0,order,2,0.65,0.33112350717563255,0.767090973795117
W2,W2/ascending/seed307,0,order,1,0.25,0.9644133934732255,0.37248736818636985
W2,W2/ascending/seed307,0,order,1,0.2625,0.9594179870151364,0.42677766510788473
W2,W2/ascending/seed307,0,order,1,0.275,0.9537439518455284,0.48573314989164373
W2,W2/ascending/seed307,0,order,1,0.2875,0.9472746582678455,0.5558675501748951
W2,W2/ascending/seed307,0,order,1,0.3,0.9398472630911558,0.640073309705123
W2,W2/ascending/seed307,0,order,1,0.3125,0.9312728255252174,0.7407210010805372
W2,W2/ascending/seed307,0,order,1,0.325,0.9213292380641425,0.860898346978729
W2,W2/ascending/seed307,0,order,1,0.3375,0.9097503668507492,1.007480405852533
W2,W2/ascending/seed307,0,order,1,0.35,0.8961422279178293,1.174521431075533
W2,W2/ascending/seed307,0,order,1,0.3625,0.8803873310738608,1.361896386747766
W2,W2/ascending/seed307,0,order,1,0.375,0.862094818249135,1.5752104734929517
W2,W2/ascending/seed307,0,order,1,0.3875,0.841007069236537,1.8049852544105178
W2,W2/ascending/seed307,0,order,1,0.4,0.8169701868888721,2.040967354961417
W2,W2/ascending/seed307,0,order,1,0.4125,0.7899828853625018,2.268779972688396
W2,W2/ascending/seed307,0,order,1,0.425,0.7602506875716621,2.470841570768645
W2,W2/ascending/seed307,0,order,1,0.4375,0.7282118460932856,2.655373065771599
W2,W2/ascending/seed307,0,order,1,0.45,0.6945196390691195,
W2,W2/ascending/seed307,0,order,1,0.4625,0.6599766516955448,
W2,W2/ascending/seed307,0,order,1,0.475,0.6254306560707812,
W2,W2/ascending/seed307,0,order,1,0.4875,0.5916872708744505,2.66106458726437
W2,W2/ascending/seed307,0,order,1,0.5,0.5593943729428663,2.5057990817891067
W2,W2/ascending/seed307,0,order,1,0.5125,0.529042293829723,2.3389551481445103
W2,W2/ascending/seed307,0,order,1,0.525,0.5009204942392536,2.1547282294348378
W2,W2/ascending/seed307,0,order,1,0.5375,0.475174088093852,1.9637909184408073
W2,W2/ascending/seed307,0,order,1,0.55,0.4518257212782334,1.7789125338970955
W2,W2/ascending/seed307,0,order,1,0.5625,0.4307012747464245,1.6106392029825507
W2,W2/ascending/seed307,0,order,1,0.575,0.4115597412036698,1.4494138067832711
W2,W2/ascending/seed307,0,order,1,0.5875,0.39446592957684273,1.2981482412247587
W2,W2/ascending/seed307,0,order,1,0.6,0.37910603517305075,1.1650039865848658
W2,W2/ascending/seed307,0,order,1,0.6125,0.36534082991222105,1.0559303530249835
W2,W2/ascending/seed307,0,order,1,0.625,0.3527077763474261,0.9512801356826728
W2,W2/ascending/seed307,0,order,1,0.6375,0.34155882652015435,0.863370766871741
W2,W2/ascending/seed307,0,order,1,0.65,0.33112350717563255,0.8062803282517379
W2,W2/ascending/seed307,0,mx,4,0.25,0.1920445703747633,0.8697692218017856
W2,W2/ascending/seed307,0,mx,4,0.3,0.241849946918414,1.1224458399442427
W2,W2/ascending/seed307,0,mx,4,0.35,0.3042891543691875,1.4466826927812013
W2,W2/ascending/seed307,0,mx,4,0.4,0.38651821619653415,1.8424797803126598
W2,W2/ascending/seed307,0,mx,4,0.45,0.48587911076973966,
W2,W2/ascending/seed307,0,mx,4,0.5,0.5797414558325505,1.6211866281388847
W2,W2/ascending/seed307,0,mx,4,0.55,0.6501296892609041,1.1943427089952614
W2,W2/ascending/seed307,0,mx,4,0.6,0.6991757267320766,0.8459160636095193
W2,W2/ascending/seed307,0,mx,4,0.65,0.7347212956218561,0.5759066919816505
W2,W2/ascending/seed307,0,mx,2,0.25,0.1920445703747633,0.9054999540537372
W2,W2/ascending/seed307,0,mx,2,0.275,0.21581466393634768,0.9961075308730147
W2,W2/ascending/seed307,0,mx,2,0.3,0.241849946918414,1.1034538503440965
W2,W2/ascending/seed307,0,mx,2,0.325,0.27098735645355254,1.2487841490154716
W2,W2/ascending/seed307,0,mx,2,0.35,0.3042891543691875,1.4329276615685007
W2,W2/ascending/seed307,0,mx,2,0.375,0.3426337395319776,1.644581236546931
W2,W2/ascending/seed307,0,mx,2,0.4,0.38651821619653415,1.8496553197324497
W2,W2/ascending/seed307,0,mx,2,0.425,0.43511650551860004,2.0382078260328207
W2,W2/ascending/seed307,0,mx,2,0.45,0.48587911076973966,
W2,W2/ascending/seed307,0,mx,2,0.475,0.5351514303764969,
W2,W2/ascending/seed307,0,mx,2,0.5,0.5797414558325505,1.658821020756795
W2,W2/ascending/seed307,0,mx,2,0.525,0.6180737769490989,1.4077646685670686
W2,W2/ascending/seed307,0,mx,2,0.55,0.6501296892609041,1.1750229090818731
W2,W2/ascending/seed307,0,mx,2,0.575,0.6768249224031926,0.9809207494234542
W2,W2/ascending/seed307,0,mx,2,0.6,0.6991757267320766,0.8281818642421239
W2,W2/ascending/seed307,0,mx,2,0.625,0.7182340156152989,0.710911377795588
W2,W2/ascending/seed307,0,mx,2,0.65,0.7347212956218561,0.6080710227289927
W2,W2/ascending/seed307,0,mx,1,0.25,0.1920445703747633,0.9119733969922112
W2,W2/ascending/seed307,0,mx,1,0.2625,0.20368692749636072,0.9508037424633748
W2,W2/ascending/seed307,0,mx,1,0.275,0.21581466393634768,0.9925766663212414
W2,W2/ascending/seed307,0,mx,1,0.2875,0.22850134415439177,1.0414113192826555
W2,W2/ascending/seed307,0,mx,1,0.3,0.241849946918414,1.0988063532442283
W2,W2/ascending/seed307,0,mx,1,0.3125,0.25597150298549753,1.165496381405541
W2,W2/ascending/seed307,0,mx,1,0.325,0.27098735645355254,1.242421648292943
W2,W2/ascending/seed307,0,mx,1,0.3375,0.28703204419282113,1.3320719166253987
W2,W2/ascending/seed307,0,mx,1,0.35,0.3042891543691875,1.4297405641723149
W2,W2/ascending/seed307,0,mx,1,0.3625,0.3227755582971289,1.5337834065116027
W2,W2/ascending/seed307,0,mx,1,0.375,0.3426337395319776,1.6448590041847115
W2,W2/ascending/seed307,0,mx,1,0.3875,0.36389703340174673,1.7553790665822593
W2,W2/ascending/seed307,0,mx,1,0.4,0.38651821619653415,1.8580399376917143
W2,W2/ascending/seed307,0,mx,1,0.4125,0.4103480318440396,1.9439315728826418
W2,W2/ascending/seed307,0,mx,1,0.425,0.43511650551860004,2.0039434386623114
W2,W2/ascending/seed307,0,mx,1,0.4375,0.4604466178105975,2.04887452805729
W2,W2/ascending/seed307,0,mx,1,0.45,0.48587911076973966,
W2,W2/ascending/seed307,0,mx,1,0.4625,0.5109309717883228,
W2,W2/ascending/seed307,0,mx,1,0.475,0.5351514303764969,
W2,W2/ascending/seed307,0,mx,1,0.4875,0.5581724829086161,1.789145899118104
W2,W2/ascending/seed307,0,mx,1,0.5,0.5797414558325505,1.6618897687113936
W2,W2/ascending/seed307,0,mx,1,0.5125,0.599719727126401,1.5332928446619363
W2,W2/ascending/seed307,0,mx,1,0.525,0.6180737769490989,1.4050420718754744
W2,W2/ascending/seed307,0,mx,1,0.5375,0.634845778923288,1.2822364924722045
W2,W2/ascending/seed307,0,mx,1,0.55,0.6501296892609041,1.1690342928940538
W2,W2/ascending/seed307,0,mx,1,0.5625,0.6640716362456394,1.0678093256915453
W2,W2/ascending/seed307,0,mx,1,0.575,0.6768249224031926,0.9761024558122244
W2,W2/ascending/seed307,0,mx,1,0.5875,0.688474197640945,0.8940321731553595
W2,W2/ascending/seed307,0,mx,1,0.6,0.6991757267320766,0.8228153403547047
W2,W2/ascending/seed307,0,mx,1,0.6125,0.7090445811498125,0.7623315553288883
W2,W2/ascending/seed307,0,mx,1,0.625,0.7182340156152989,0.707155885067742
W2,W2/ascending/seed307,0,mx,1,0.6375,0.726723478276506,0.6594912002622877
W2,W2/ascending/seed307,0,mx,1,0.65,0.7347212956218561,0.6201595749937212
W2,W2/ascending/seed307,0.01,order,4,0.25,0.3970359530067257,0.6385819130765125
W2,W2/ascending/seed307,0.01,order,4,0.3,0.3824884061184167,-0.05668003754415585
W2,W2/ascending/seed307,0.01,order,4,0.35,0.4027039567611413,-0.0007039700923479053
W2,W2/ascending/seed307,0.01,order,4,0.4,0.38255880312765145,0.8065101154319407
W2,W2/ascending/seed307,0.01,order,4,0.45,0.3478127194924582,
W2,W2/ascending/seed307,0.01,order,4,0.5,0.30712316364692316,0.7454911655873162
W2,W2/ascending/seed307,0.01,order,4,0.55,0.2732934185602958,0.6076986378777738
W2,W2/ascending/seed307,0.01,order,4,0.6,0.2463532998591457,0.48899561263637237
W2,W2/ascending/seed307,0.01,order,4,0.65,0.22439385729665867,0.3893820898631102
W2,W2/ascending/seed307,0.01,order,2,0.25,0.3970359530067257,0.8600026451606695
W2,W2/ascending/seed307,0.01,order,2,0.275,0.38264903322014,0.2909509377661763
W2,W2/ascending/seed307,0.01,order,2,0.3,0.3824884061184167,0.028144530901702325
W2,W2/ascending/seed307,0.01,order,2,0.325,0.3812418066750549,-0.4043110128544942
W2,W2/ascending/seed307,0.01,order,2,0.35,0.4027039567611413,-0.2623509034858307
W2,W2/ascending/seed307,0.01,order,2,0.375,0.39435935184934645,0.4029030726697975
W2,W2/ascending/seed307,0.01,order,2,0.4,0.38255880312765145,0.5506910376807799
W2,W2/ascending/seed307,0.01,order,2,0.425,0.36682479996530737,0.7080292153067518
W2,W2/ascending/seed307,0.01,order,2,0.45,0.3478127194924582,
W2,W2/ascending/seed307,0.01,order,2,0.475,0.3271866298890487,
W2,W2/ascending/seed307,0.01,order,2,0.5,0.30712316364692316,0.777297413229527
W2,W2/ascending/seed307,0.01,order,2,0.525,0.28894950970989725,0.6765949017325461
W2,W2/ascending/seed307,0.01,order,2,0.55,0.2732934185602958,0.6124590842234277
W2,W2/ascending/seed307,0.01,order,2,0.575,0.25832655549872596,0.5388023740230024
W2,W2/ascending/seed307,0.01,order,2,0.6,0.2463532998591457,0.45388691184470975
W2,W2/ascending/seed307,0.01,order,2,0.625,0.23563220990649045,0.4391888512497397
W2,W2/ascending/seed307,0.01,order,2,0.65,0.22439385729665867,0.459879357536801
W2,W2/ascending/seed307,0.01,order,1,0.25,0.3970359530067257,-0.5652700810947469
W2,W2/ascending/seed307,0.01,order,1,0.2625,0.39697216106692146,0.5754767914634282
W2,W2/ascending/seed307,0.01,order,1,0.275,0.38264903322014,0.5671930488380177
W2,W2/ascending/seed307,0.01,order,1,0.2875,0.3827923348459711,0.006425084068927944
W2,W2/ascending/seed307,0.01,order,1,0.3,0.3824884061184167,0.030150624113330693
W2,W2/ascending/seed307,0.01,order,1,0.3125,0.38203856924313784,0.04986397773447315
W2,W2/ascending/seed307,0.01,order,1,0.325,0.3812418066750549,0.07703983531343894
W2,W2/ascending/seed307,0.01,order,1,0.3375,0.38011257336030185,-0.8584860034434563
W2,W2/ascending/seed307,0.01,order,1,0.35,0.4027039567611413,-0.7535617557531875
W2,W2/ascending/seed307,0.01,order,1,0.3625,0.3989516172541313,0.3337841964717949
W2,W2/ascending/seed307,0.01,order,1,0.375,0.39435935184934645,0.4003939881560985
W2,W2/ascending/seed307,0.01,order,1,0.3875,0.38894176755022886,0.47202194886780013
W2,W2/ascending/seed307,0.01,order,1,0.4,0.38255880312765145,0.5512606998428478
W2,W2/ascending/seed307,0.01,order,1,0.4125,0.37516025005415776,0.6293601264937614
W2,W2/ascending/seed307,0.01,order,1,0.425,0.36682479996530737,0.7002459666905914
W2,W2/ascending/seed307,0.01,order,1,0.4375,0.3576541008868929,0.7670658858557147
W2,W2/ascending/seed307,0.01,order,1,0.45,0.3478127194924582,
W2,W2/ascending/seed307,0.01,order,1,0.4625,0.3375714810061206,
W2,W2/ascending/seed307,0.01,order,1,0.475,0.3271866298890487,
W2,W2/ascending/seed307,0.01,order,1,0.4875,0.31697591632394984,0.8060526754233095
W2,W2/ascending/seed307,0.01,order,1,0.5,0.30712316364692316,0.7703877529009606
W2,W2/ascending/seed307,0.01,order,1,0.5125,0.2977162225014259,0.7269461574810361
W2,W2/ascending/seed307,0.01,order,1,0.525,0.28894950970989725,0.6805270933445655
W2,W2/ascending/seed307,0.01,order,1,0.5375,0.28070304516781175,0.6262436459840579
W2,W2/ascending/seed307,0.01,order,1,0.55,0.2732934185602958,0.5828920633471135
W2,W2/ascending/seed307,0.01,order,1,0.5625,0.2661307435841339,0.5986745224627956
W2,W2/ascending/seed307,0.01,order,1,0.575,0.25832655549872596,0.5327493072084888
W2,W2/ascending/seed307,0.01,order,1,0.5875,0.2528120109039217,0.47893022558321086
W2,W2/ascending/seed307,0.01,order,1,0.6,0.2463532998591457,0.45059395294425464
W2,W2/ascending/seed307,0.01,order,1,0.6125,0.24154716208031532,0.4288435981062104
W2,W2/ascending/seed307,0.01,order,1,0.625,0.23563220990649045,0.40212691479490026
W2,W2/ascending/seed307,0.01,order,1,0.6375,0.23149398921044284,0.449534104393269
W2,W2/ascending/seed307,0.01,order,1,0.65,0.22439385729665867,0.6864870018121891
W2,W2/ascending/seed307,0.01,mx,4,0.25,0.08689822285888035,-0.6149577379078648
W2,W2/ascending/seed307,0.01,mx,4,0.3,0.09326671723140686,0.8696975128089253
W2,W2/ascending/seed307,0.01,mx,4,0.35,0.17386797413977284,1.2619199497363918
W2,W2/ascending/seed307,0.01,mx,4,0.4,0.219458712205046,0.561709572874534
W2,W2/ascending/seed307,0.01,mx,4,0.45,0.27369667351285665,
W2,W2/ascending/seed307,0.01,mx,4,0.5,0.3257376561988757,0.8428374832687995
W2,W2/ascending/seed307,0.01,mx,4,0.55,0.36713566366514083,0.8130828153818079
W2,W2/ascending/seed307,0.01,mx,4,0.6,0.4070459377370564,0.4673588593665743
W2,W2/ascending/seed307,0.01,mx,4,0.65,0.4138715496017982,-0.194334384776905
W2,W2/ascending/seed307,0.01,mx,2,0.25,0.08689822285888035,-0.6329247889482295
W2,W2/ascending/seed307,0.01,mx,2,0.275,0.0805787865901591,0.12736988745053135
W2,W2/ascending/seed307,0.01,mx,2,0.3,0.09326671723140686,0.5549028934556808
W2,W2/ascending/seed307,0.01,mx,2,0.325,0.10832393126294317,1.6120251381673223
W2,W2/ascending/seed307,0.01,mx,2,0.35,0.17386797413977284,1.7380220975531402
W2,W2/ascending/seed307,0.01,mx,2,0.375,0.19522503614060008,0.9118147613054624
W2,W2/ascending/seed307,0.01,mx,2,0.4,0.219458712205046,1.0150029584608462
W2,W2/ascending/seed307,0.01,mx,2,0.425,0.24597518406364233,1.106314790226861
W2,W2/ascending/seed307,0.01,mx,2,0.45,0.27369667351285665,
W2,W2/ascending/seed307,0.01,mx,2,0.475,0.30086552098356695,
W2,W2/ascending/seed307,0.01,mx,2,0.5,0.3257376561988757,0.9147438437942936
W2,W2/ascending/seed307,0.01,mx,2,0.525,0.34752145611287066,0.8279601493253024
W2,W2/ascending/seed307,0.01,mx,2,0.55,0.36713566366514083,0.910637041487746
W2,W2/ascending/seed307,0.01,mx,2,0.575,0.3930533081872579,0.7982054814383144
W2,W2/ascending/seed307,0.01,mx,2,0.6,0.4070459377370564,0.5021814172356418
W2,W2/ascending/seed307,0.01,mx,2,0.625,0.41816237904904,0.13651223729483597
W2,W2/ascending/seed307,0.01,mx,2,0.65,0.4138715496017982,-0.4797785930741796
W2,W2/ascending/seed307,0.01,mx,1,0.25,0.08689822285888035,1.2052483167938548
W2,W2/ascending/seed307,0.01,mx,1,0.2625,0.09285116577166164,-0.25277745074884983
W2,W2/ascending/seed307,0.01,mx,1,0.275,0.0805787865901591,-0.25054485303765084
W2,W2/ascending/seed307,0.01,mx,1,0.2875,0.08658754444572031,0.5075172256499116
W2,W2/ascending/seed307,0.01,mx,1,0.3,0.09326671723140686,0.5551755863663246
W2,W2/ascending/seed307,0.01,mx,1,0.3125,0.10046693410487845,0.6022885612614512
W2,W2/ascending/seed307,0.01,mx,1,0.325,0.10832393126294317,0.6591519977150568
W2,W2/ascending/seed307,0.01,mx,1,0.3375,0.11694573404775487,2.621761715073198
W2,W2/ascending/seed307,0.01,mx,1,0.35,0.17386797413977284,2.692126007871278
W2,W2/ascending/seed307,0.01,mx,1,0.3625,0.18424888424453648,0.8542824800330884
W2,W2/ascending/seed307,0.01,mx,1,0.375,0.19522503614060008,0.9101795203304146
W2,W2/ascending/seed307,0.01,mx,1,0.3875,0.20700337225279689,0.9693470425778363
W2,W2/ascending/seed307,0.01,mx,1,0.4,0.219458712205046,1.0196436562415219
W2,W2/ascending/seed307,0.01,mx,1,0.4125,0.23249446365883494,1.0606588743438543
W2,W2/ascending/seed307,0.01,mx,1,0.425,0.24597518406364233,1.093460833546672
W2,W2/ascending/seed307,0.01,mx,1,0.4375,0.25983098449750175,1.1234672358708337
W2,W2/ascending/seed307,0.01,mx,1,0.45,0.27369667351285665,
W2,W2/ascending/seed307,0.01,mx,1,0.4625,0.28747400699635994,
W2,W2/ascending/seed307,0.01,mx,1,0.475,0.30086552098356695,
W2,W2/ascending/seed307,0.01,mx,1,0.4875,0.31373600480983765,0.9905474535732566
W2,W2/ascending/seed307,0.01,mx,1,0.5,0.3257376561988757,0.9297167686728169
W2,W2/ascending/seed307,0.01,mx,1,0.5125,0.33697892402665813,0.8713519965597989
W2,W2/ascending/seed307,0.01,mx,1,0.525,0.34752145611287066,0.8026337750256669
W2,W2/ascending/seed307,0.01,mx,1,0.5375,0.3570447684022998,0.7845683020908059
W2,W2/ascending/seed307,0.01,mx,1,0.55,0.36713566366514083,0.9025110313144182
W2,W2/ascending/seed307,0.01,mx,1,0.5625,0.3796075441851603,1.036705780884688
W2,W2/ascending/seed307,0.01,mx,1,0.575,0.3930533081872579,0.9504712565631408
W2,W2/ascending/seed307,0.01,mx,1,0.5875,0.40336932559923877,0.5597051819919372
W2,W2/ascending/seed307,0.01,mx,1,0.6,0.4070459377370564,0.5561125701003853
W2,W2/ascending/seed307,0.01,mx,1,0.6125,0.4172721398517485,0.4446576524793464
W2,W2/ascending/seed307,0.01,mx,1,0.625,0.41816237904904,0.23268526741313877
W2,W2/ascending/seed307,0.01,mx,1,0.6375,0.4230892715370769,-0.17163317788966737
W2,W2/ascending/seed307,0.01,mx,1,0.65,0.4138715496017982,-1.3032023317549104
W2,W2/ascending/seed307,0.05,order,4,0.25,0.13089319609811084,0.04700115391114945
W2,W2/ascending/seed307,0.05,order,4,0.3,0.13052238253986181,-0.032168611581188555
W2,W2/ascending/seed307,0.05,order,4,0.35,0.1341100572562297,-0.03751229271872325
W2,W2/ascending/seed307,0.05,order,4,0.4,0.13427361181173414,0.030970110498546255
W2,W2/ascending/seed307,0.05,order,4,0.45,0.13426470805242732,
W2,W2/ascending/seed307,0.05,order,4,0.5,0.1341403162733587,-0.005785374254819953
W2,W2/ascending/seed307,0.05,order,4,0.55,0.13395532589423934,0.013184989419594118
W2,W2/ascending/seed307,0.05,order,4,0.6,0.13282181733139928,0.027376569854492327
W2,W2/ascending/seed307,0.05,order,4,0.65,0.1312176689087901,0.03678936704987512
W2,W2/ascending/seed307,0.05,order,2,0.25,0.13089319609811084,0.04258865786703803
W2,W2/ascending/seed307,0.05,order,2,0.275,0.1302681344852106,0.007416271164979893
W2,W2/ascending/seed307,0.05,order,2,0.3,0.13052238253986181,-0.010080907138981576
W2,W2/ascending/seed307,0.05,order,2,0.325,0.13077217984215972,-0.07175349432735878
W2,W2/ascending/seed307,0.05,order,2,0.35,0.1341100572562297,-0.06868215781025766
W2,W2/ascending/seed307,0.05,order,2,0.375,0.13420628773267262,-0.0032710911100886086
W2,W2/ascending/seed307,0.05,order,2,0.4,0.13427361181173414,-0.0017182040132546206
W2,W2/ascending/seed307,0.05,order,2,0.425,0.13429219793333533,0.00023131428516087738
W2,W2/ascending/seed307,0.05,order,2,0.45,0.13426470805242732,
W2,W2/ascending/seed307,0.05,order,2,0.475,0.13420263113232808,
W2,W2/ascending/seed307,0.05,order,2,0.5,0.1341403162733587,0.00314978523018139
W2,W2/ascending/seed307,0.05,order,2,0.525,0.1340546963632016,0.0036998075823873044
W2,W2/ascending/seed307,0.05,order,2,0.55,0.13395532589423934,0.013297849401451955
W2,W2/ascending/seed307,0.05,order,2,0.575,0.13338980389312904,0.02267017125680093
W2,W2/ascending/seed307,0.05,order,2,0.6,0.13282181733139928,0.0167079363333289
W2,W2/ascending/seed307,0.05,order,2,0.625,0.1325544070764626,0.03208296845218328
W2,W2/ascending/seed307,0.05,order,2,0.65,0.1312176689087901,0.07485608496161689
W2,W2/ascending/seed307,0.05,order,1,0.25,0.13089319609811084,-0.03819966669190755
W2,W2/ascending/seed307,0.05,order,1,0.2625,0.1309756786117102,0.025002464516009404
W2,W2/ascending/seed307,0.05,order,1,0.275,0.1302681344852106,0.022857843366264063
W2,W2/ascending/seed307,0.05,order,1,0.2875,0.13040423252755362,-0.01016992218604873
W2,W2/ascending/seed307,0.05,order,1,0.3,0.13052238253986181,-0.009785194557676569
W2,W2/ascending/seed307,0.05,order,1,0.3125,0.13064886239149553,-0.009991892091916199
W2,W2/ascending/seed307,0.05,order,1,0.325,0.13077217984215972,-0.009970431995831142
W2,W2/ascending/seed307,0.05,order,1,0.3375,0.13089812319139132,-0.13351509656279958
W2,W2/ascending/seed307,0.05,order,1,0.35,0.1341100572562297,-0.13065677578905976
W2,W2/ascending/seed307,0.05,order,1,0.3625,0.13416454258611776,-0.003849219057716624
W2,W2/ascending/seed307,0.05,order,1,0.375,0.13420628773267262,-0.003228103238228641
W2,W2/ascending/seed307,0.05,order,1,0.3875,0.13424524516707348,-0.002692963162460593
W2,W2/ascending/seed307,0.05,order,1,0.4,0.13427361181173414,-0.0017327237779030114
W2,W2/ascending/seed307,0.05,order,1,0.4125,0.13428856326152108,-0.000743444864048648
W2,W2/ascending/seed307,0.05,order,1,0.425,0.13429219793333533,0.00014255005008934063
W2,W2/ascending/seed307,0.05,order,1,0.4375,0.13428499951026884,0.0010091976405455227
W2,W2/ascending/seed307,0.05,order,1,0.45,0.13426470805242732,
W2,W2/ascending/seed307,0.05,order,1,0.4625,0.13423702134769502,
W2,W2/ascending/seed307,0.05,order,1,0.475,0.13420263113232808,
W2,W2/ascending/seed307,0.05,order,1,0.4875,0.1341734291646482,0.0021237316068400958
W2,W2/ascending/seed307,0.05,order,1,0.5,0.1341403162733587,0.0031743309994816116
W2,W2/ascending/seed307,0.05,order,1,0.5125,0.1340940708896612,0.003424796406283903
W2,W2/ascending/seed307,0.05,order,1,0.525,0.1340546963632016,0.004206796399080837
W2,W2/ascending/seed307,0.05,order,1,0.5375,0.13398890097968416,0.003974818758491594
W2,W2/ascending/seed307,0.05,order,1,0.55,0.13395532589423934,0.004206170254436259
W2,W2/ascending/seed307,0.05,order,1,0.5625,0.13388374672332326,0.022620880044412317
W2,W2/ascending/seed307,0.05,order,1,0.575,0.13338980389312904,0.021658135983579463
W2,W2/ascending/seed307,0.05,order,1,0.5875,0.13334229332373376,0.022719462469190432
W2,W2/ascending/seed307,0.05,order,1,0.6,0.13282181733139928,0.023005331651081207
W2,W2/ascending/seed307,0.05,order,1,0.6125,0.13276716003245675,0.010696410197466477
W2,W2/ascending/seed307,0.05,order,1,0.625,0.1325544070764626,0.0162230707799651
W2,W2/ascending/seed307,0.05,order,1,0.6375,0.13236158326295763,0.053469526706899195
W2,W2/ascending/seed307,0.05,order,1,0.65,0.1312176689087901,0.12955676995990295
W2,W2/ascending/seed307,0.05,mx,4,0.25,0.004232505301651858,-0.18671542849165057
W2,W2/ascending/seed307,0.05,mx,4,0.3,0.0024143718184836834,0.11399008916492356
W2,W2/ascending/seed307,0.05,mx,4,0.35,0.01563151421814421,0.17501358880197287
W2,W2/ascending/seed307,0.05,mx,4,0.4,0.019915730698680967,-0.003644929580502776
W2,W2/ascending/seed307,0.05,mx,4,0.45,0.025039420337969118,
W2,W2/ascending/seed307,0.05,mx,4,0.5,0.03017626257024255,0.04432114402349968
W2,W2/ascending/seed307,0.05,mx,4,0.55,0.03486996317686013,0.1434268802412036
W2,W2/ascending/seed307,0.05,mx,4,0.6,0.04451895059436289,0.08877693054211605
W2,W2/ascending/seed307,0.05,mx,4,0.65,0.04374765623107171,-0.11962870507376344
W2,W2/ascending/seed307,0.05,mx,2,0.25,0.004232505301651858,-0.1654224822182706
W2,W2/ascending/seed307,0.05,mx,2,0.275,0.0017101909031314309,-0.036362669663363344
W2,W2/ascending/seed307,0.05,mx,2,0.3,0.0024143718184836834,0.03193393732921076
W2,W2/ascending/seed307,0.05,mx,2,0.325,0.0033068877695919697,0.2643428479932111
W2,W2/ascending/seed307,0.05,mx,2,0.35,0.01563151421814421,0.28666860993011944
W2,W2/ascending/seed307,0.05,mx,2,0.375,0.01764031826609792,0.08568432961073508
W2,W2/ascending/seed307,0.05,mx,2,0.4,0.019915730698680967,0.09514091030466226
W2,W2/ascending/seed307,0.05,mx,2,0.425,0.022397363781331028,0.10338973630734238
W2,W2/ascending/seed307,0.05,mx,2,0.45,0.025039420337969118,
W2,W2/ascending/seed307,0.05,mx,2,0.475,0.027710855223203087,
W2,W2/ascending/seed307,0.05,mx,2,0.5,0.03017626257024255,0.08089838249660453
W2,W2/ascending/seed307,0.05,mx,2,0.525,0.032360917503104505,0.09387401213235147
W2,W2/ascending/seed307,0.05,mx,2,0.55,0.03486996317686013,0.1839495155281914
W2,W2/ascending/seed307,0.05,mx,2,0.575,0.04155839327951405,0.19297974835005594
W2,W2/ascending/seed307,0.05,mx,2,0.6,0.04451895059436289,0.136594964512475
W2,W2/ascending/seed307,0.05,mx,2,0.625,0.0483881415051378,-0.015425887265823501
W2,W2/ascending/seed307,0.05,mx,2,0.65,0.04374765623107171,-0.3558129346594634
W2,W2/ascending/seed307,0.05,mx,1,0.25,0.004232505301651858,0.16420415113928483
W2,W2/ascending/seed307,0.05,mx,1,0.2625,0.004628202646642283,-0.100892575940817
W2,W2/ascending/seed307,0.05,mx,1,0.275,0.0017101909031314309,-0.10367098447325919
W2,W2/ascending/seed307,0.05,mx,1,0.2875,0.002036428034810793,0.028167236614090152
W2,W2/ascending/seed307,0.05,mx,1,0.3,0.0024143718184836834,0.03193339431394021
W2,W2/ascending/seed307,0.05,mx,1,0.3125,0.002834762892659299,0.035700638044331406
W2,W2/ascending/seed307,0.05,mx,1,0.325,0.0033068877695919697,0.04035879657529816
W2,W2/ascending/seed307,0.05,mx,1,0.3375,0.003843732807041754,0.49298505794209224
W2,W2/ascending/seed307,0.05,mx,1,0.35,0.01563151421814421,0.5109640862810454
W2,W2/ascending/seed307,0.05,mx,1,0.3625,0.01661783496406782,0.08035216191814831
W2,W2/ascending/seed307,0.05,mx,1,0.375,0.01764031826609792,0.08517393712942256
W2,W2/ascending/seed307,0.05,mx,1,0.3875,0.018747183392303385,0.09101649730332184
W2,W2/ascending/seed307,0.05,mx,1,0.4,0.019915730698680967,0.0956718338669913
W2,W2/ascending/seed307,0.05,mx,1,0.4125,0.02113897923897817,0.09926532330600268
W2,W2/ascending/seed307,0.05,mx,1,0.425,0.022397363781331028,0.10315930683600405
W2,W2/ascending/seed307,0.05,mx,1,0.4375,0.023717961909878273,0.10813639373155493
W2,W2/ascending/seed307,0.05,mx,1,0.45,0.025039420337969118,
W2,W2/ascending/seed307,0.05,mx,1,0.4625,0.02638578654337944,
W2,W2/ascending/seed307,0.05,mx,1,0.475,0.027710855223203087,
W2,W2/ascending/seed307,0.05,mx,1,0.4875,0.029010667430517514,0.09555918927526563
W2,W2/ascending/seed307,0.05,mx,1,0.5,0.03017626257024255,0.09093603308073961
W2,W2/ascending/seed307,0.05,mx,1,0.5125,0.031284068257536005,0.08738619731447828
W2,W2/ascending/seed307,0.05,mx,1,0.525,0.032360917503104505,0.08102635789837542
W2,W2/ascending/seed307,0.05,mx,1,0.5375,0.03330972720499539,0.10036182695022466
W2,W2/ascending/seed307,0.05,mx,1,0.55,0.03486996317686013,0.18268848494187573
W2,W2/ascending/seed307,0.05,mx,1,0.5625,0.037876939328542275,0.2675372041061579
W2,W2/ascending/seed307,0.05,mx,1,0.575,0.04155839327951405,0.2510195101400936
W2,W2/ascending/seed307,0.05,mx,1,0.5875,0.044152427082044615,0.11842229259395265
W2,W2/ascending/seed307,0.05,mx,1,0.6,0.04451895059436289,0.15224967802698597
W2,W2/ascending/seed307,0.05,mx,1,0.6125,0.0479586690327193,0.15476763643099556
W2,W2/ascending/seed307,0.05,mx,1,0.625,0.0483881415051378,0.046210270885950644
W2,W2/ascending/seed307,0.05,mx,1,0.6375,0.049113925804868064,-0.18561941096264123
W2,W2/ascending/seed307,0.05,mx,1,0.65,0.04374765623107171,-0.67298372084477
W2,W2/descending/seed307,0,order,4,0.25,0.9644218953387722,0.30110015838041626
W2,W2/descending/seed307,0,order,4,0.3,0.9398012777123319,0.6837245466771957
W2,W2/descending/seed307,0,order,4,0.35,0.8960494406710526,1.229052732231386
W2,W2/descending/seed307,0,order,4,0.4,0.8168960044891932,1.9370847150429888
W2,W2/descending/seed307,0,order,4,0.45,0.6945252292991129,
W2,W2/descending/seed307,0,order,4,0.5,0.5586640927488803,
W2,W2/descending/seed307,0,order,4,0.55,0.45211771360099456,
W2,W2/descending/seed307,0,order,4,0.6,0.3619783963841382,
W2,W2/descending/seed307,0,order,4,0.65,0.32928070286723277,
W2,W2/descending/seed307,0,order,2,0.25,0.9644218953387722,0.36223163918826984
W2,W2/descending/seed307,0,order,2,0.275,0.9537388454423086,0.49241235252880244
W2,W2/descending/seed307,0,order,2,0.3,0.9398012777123319,0.6504366504028773
W2,W2/descending/seed307,0,order,2,0.325,0.9212170129221648,0.8750367408255819
W2,W2/descending/seed307,0,order,2,0.35,0.8960494406710526,1.1849387560608164
W2,W2/descending/seed307,0,order,2,0.375,0.8619700751191243,1.5830687236371865
W2,W2/descending/seed307,0,order,2,0.4,0.8168960044891932,2.034342202387519
W2,W2/descending/seed307,0,order,2,0.425,0.7602529649997481,2.497100956768101
W2,W2/descending/seed307,0,order,2,0.45,0.6945252292991129,
W2,W2/descending/seed307,0,order,2,0.475,0.6254059492403866,
W2,W2/descending/seed307,0,order,2,0.5,0.5586640927488803,2.5120678987340934
W2,W2/descending/seed307,0,order,2,0.525,0.5006266492277327,2.1309275829577126
W2,W2/descending/seed307,0,order,2,0.55,0.45211771360099456,1.749787267181329
W2,W2/descending/seed307,0,order,2,0.575,0.3785776040197354,
W2,W2/descending/seed307,0,order,2,0.6,0.3619783963841382,
W2,W2/descending/seed307,0,order,2,0.625,0.3461952677067646,
W2,W2/descending/seed307,0,order,2,0.65,0.32928070286723277,
W2,W2/descending/seed307,0,order,1,0.25,0.9644218953387722,0.373201855774866
W2,W2/descending/seed307,0,order,1,0.2625,0.9594186212660634,0.4273219958585486
W2,W2/descending/seed307,0,order,1,0.275,0.9537388454423086,0.48666591408101567
W2,W2/descending/seed307,0,order,1,0.2875,0.9472519734140382,0.5575027091990634
W2,W2/descending/seed307,0,order,1,0.3,0.9398012777123319,0.6421580729098864
W2,W2/descending/seed307,0,order,1,0.3125,0.931198021591291,0.7433705916066842
W2,W2/descending/seed307,0,order,1,0.325,0.9212170129221648,0.8640323660319851
W2,W2/descending/seed307,0,order,1,0.3375,0.9095972124404914,1.0067028900444939
W2,W2/descending/seed307,0,order,1,0.35,0.8960494406710526,1.1729582291130427
W2,W2/descending/seed307,0,order,1,0.3625,0.8802732567126652,1.363174622077132
W2,W2/descending/seed307,0,order,1,0.375,0.8619700751191243,1.5749425046957128
W2,W2/descending/seed307,0,order,1,0.3875,0.8408996940952724,1.8029628251972412
W2,W2/descending/seed307,0,order,1,0.4,0.8168960044891932,2.03784451694559
W2,W2/descending/seed307,0,order,1,0.4125,0.789953581171633,2.2657215795778036
W2,W2/descending/seed307,0,order,1,0.425,0.7602529649997481,2.469072156867245
W2,W2/descending/seed307,0,order,1,0.4375,0.7282267772499518,2.655117883100175
W2,W2/descending/seed307,0,order,1,0.45,0.6945252292991129,
W2,W2/descending/seed307,0,order,1,0.4625,0.6599482849414078,
W2,W2/descending/seed307,0,order,1,0.475,0.6254059492403866,
W2,W2/descending/seed307,0,order,1,0.4875,0.5908168378191271,2.652913977303051
W2,W2/descending/seed307,0,order,1,0.5,0.5586640927488803,2.4915252339364393
W2,W2/descending/seed307,0,order,1,0.5125,0.5285287069707163,2.3214977408459028
W2,W2/descending/seed307,0,order,1,0.525,0.5006266492277327,2.128357609650049
W2,W2/descending/seed307,0,order,1,0.5375,0.475319766729465,1.940357425069525
W2,W2/descending/seed307,0,order,1,0.55,0.45211771360099456,1.7660075668540465
W2,W2/descending/seed307,0,order,1,0.5625,0.43116957755811375,1.5856942000068983
W2,W2/descending/seed307,0,order,1,0.575,0.3785776040197354,
W2,W2/descending/seed307,0,order,1,0.5875,0.37013577326461755,
W2,W2/descending/seed307,0,order,1,0.6,0.3619783963841382,
W2,W2/descending/seed307,0,order,1,0.6125,0.35403252776219307,0.6211891730897676
W2,W2/descending/seed307,0,order,1,0.625,0.3461952677067646,0.6327724357787865
W2,W2/descending/seed307,0,order,1,0.6375,0.3382132168677235,0.6765825935812746
W2,W2/descending/seed307,0,order,1,0.65,0.32928070286723277,0.7526196464972301
W2,W2/descending/seed307,0,mx,4,0.25,0.19201558440683147,0.8703632234429377
W2,W2/descending/seed307,0,mx,4,0.3,0.24185359090438327,1.1231570364591352
W2,W2/descending/seed307,0,mx,4,0.35,0.30433128805274495,1.4470357292415303
W2,W2/descending/seed307,0,mx,4,0.4,0.38655716382853633,1.8419993017901213
W2,W2/descending/seed307,0,mx,4,0.45,0.4858743287175064,
W2,W2/descending/seed307,0,mx,4,0.5,0.5800113740019848,
W2,W2/descending/seed307,0,mx,4,0.55,0.650056326046525,
W2,W2/descending/seed307,0,mx,4,0.6,0.7040832210989549,
W2,W2/descending/seed307,0,mx,4,0.65,0.7351771521136836,
W2,W2/descending/seed307,0,mx,2,0.25,0.19201558440683147,0.9053481529355984
W2,W2/descending/seed307,0,mx,2,0.275,0.21579193794291437,0.9967601299510371
W2,W2/descending/seed307,0,mx,2,0.3,0.24185359090438327,1.104834205850505
W2,W2/descending/seed307,0,mx,2,0.325,0.2710336482354397,1.2495539429672347
W2,W2/descending/seed307,0,mx,2,0.35,0.30433128805274495,1.4333219098078818
W2,W2/descending/seed307,0,mx,2,0.375,0.34269974372583384,1.644517515515826
W2,W2/descending/seed307,0,mx,2,0.4,0.38655716382853633,1.8483134459016446
W2,W2/descending/seed307,0,mx,2,0.425,0.43511541602091597,2.036346729488727
W2,W2/descending/seed307,0,mx,2,0.45,0.4858743287175064,
W2,W2/descending/seed307,0,mx,2,0.475,0.5351636575668253,
W2,W2/descending/seed307,0,mx,2,0.5,0.5800113740019848,1.6515961114213802
W2,W2/descending/seed307,0,mx,2,0.525,0.6181675634058871,1.4008990408908026
W2,W2/descending/seed307,0,mx,2,0.55,0.650056326046525,1.1502019703602286
W2,W2/descending/seed307,0,mx,2,0.575,0.6871624885019828,
W2,W2/descending/seed307,0,mx,2,0.6,0.7040832210989549,
W2,W2/descending/seed307,0,mx,2,0.625,0.7199483628139254,
W2,W2/descending/seed307,0,mx,2,0.65,0.7351771521136836,
W2,W2/descending/seed307,0,mx,1,0.25,0.19201558440683147,0.9124528191877666
W2,W2/descending/seed307,0,mx,1,0.2625,0.20366250291077576,0.9510541414433158
W2,W2/descending/seed307,0,mx,1,0.275,0.21579193794291437,0.9931023644833683
W2,W2/descending/seed307,0,mx,1,0.2875,0.22849006202285993,1.0424661184587602
W2,W2/descending/seed307,0,mx,1,0.3,0.24185359090438327,1.100164295344145
W2,W2/descending/seed307,0,mx,1,0.3125,0.2559941694064636,1.167202293242255
W2,W2/descending/seed307,0,mx,1,0.325,0.2710336482354397,1.24433814287379
W2,W2/descending/seed307,0,mx,1,0.3375,0.28710262297830835,1.3319055926922108
W2,W2/descending/seed307,0,mx,1,0.35,0.30433128805274495,1.4293143171462397
W2,W2/descending/seed307,0,mx,1,0.3625,0.32283548090696423,1.5347382269235545
W2,W2/descending/seed307,0,mx,1,0.375,0.34269974372583384,1.6447450216091433
W2,W2/descending/seed307,0,mx,1,0.3875,0.3639541064471929,1.7542968041080975
W2,W2/descending/seed307,0,mx,1,0.4,0.38655716382853633,1.8563105465748482
W2,W2/descending/seed307,0,mx,1,0.4125,0.4103618701115641,1.9423300876951917
W2,W2/descending/seed307,0,mx,1,0.425,0.43511541602091597,2.0030045142482713
W2,W2/descending/seed307,0,mx,1,0.4375,0.4604369829677709,2.0484461972485235
W2,W2/descending/seed307,0,mx,1,0.45,0.4858743287175064,
W2,W2/descending/seed307,0,mx,1,0.4625,0.5109404353146103,
W2,W2/descending/seed307,0,mx,1,0.475,0.5351636575668253,
W2,W2/descending/seed307,0,mx,1,0.4875,0.5585136636291257,1.7842706056883024
W2,W2/descending/seed307,0,mx,1,0.5,0.5800113740019848,1.655363053969129
W2,W2/descending/seed307,0,mx,1,0.5125,0.599897739978354,1.5262475761560914
W2,W2/descending/seed307,0,mx,1,0.525,0.6181675634058871,1.3962889893617891
W2,W2/descending/seed307,0,mx,1,0.5375,0.6348049647123989,1.2755505056255139
W2,W2/descending/seed307,0,mx,1,0.55,0.650056326046525,1.1660201879913181
W2,W2/descending/seed307,0,mx,1,0.5625,0.6639554694121819,1.0578427505137853
W2,W2/descending/seed307,0,mx,1,0.575,0.6871624885019828,
W2,W2/descending/seed307,0,mx,1,0.5875,0.6957608428198794,
W2,W2/descending/seed307,0,mx,1,0.6,0.7040832210989549,
W2,W2/descending/seed307,0,mx,1,0.6125,0.7121390903675481,0.6321894693241923
W2,W2/descending/seed307,0,mx,1,0.625,0.7199483628139254,0.6172941220961725
W2,W2/descending/seed307,0,mx,1,0.6375,0.7275714434199523,0.6091515719903313
W2,W2/descending/seed307,0,mx,1,0.65,0.7351771521136836,0.6077618190066829
W2,W2/descending/seed307,0.01,order,4,0.25,0.37299894994965366,-0.0032348849918166778
W2,W2/descending/seed307,0.01,order,4,0.3,0.3705637129383682,0.1006443654432343
W2,W2/descending/seed307,0.01,order,4,0.35,0.36293451340533023,0.25637090425338727
W2,W2/descending/seed307,0.01,order,4,0.4,0.3449266225130294,0.46394473143864623
W2,W2/descending/seed307,0.01,order,4,0.45,0.316661669271043,
W2,W2/descending/seed307,0.01,order,4,0.5,0.2898280159070948,
W2,W2/descending/seed307,0.01,order,4,0.55,0.25638710822951916,
W2,W2/descending/seed307,0.01,order,4,0.6,0.21783142343603662,
W2,W2/descending/seed307,0.01,order,4,0.65,0.21159522938236067,
W2,W2/descending/seed307,0.01,order,2,0.25,0.37299894994965366,0.01476398935138068
W2,W2/descending/seed307,0.01,order,2,0.275,0.37220559082994,0.04870474022570814
W2,W2/descending/seed307,0.01,order,2,0.3,0.3705637129383682,0.09315805940643251
W2,W2/descending/seed307,0.01,order,2,0.325,0.36754768785961844,0.15258399066075867
W2,W2/descending/seed307,0.01,order,2,0.35,0.36293451340533023,0.24092839528508936
W2,W2/descending/seed307,0.01,order,2,0.375,0.3555012680953641,0.36015781784601586
W2,W2/descending/seed307,0.01,order,2,0.4,0.3449266225130294,0.47806741908269323
W2,W2/descending/seed307,0.01,order,2,0.425,0.33159789714122934,0.58823061066132
W2,W2/descending/seed307,0.01,order,2,0.45,0.316661669271043,
W2,W2/descending/seed307,0.01,order,2,0.475,0.30220699155757885,
W2,W2/descending/seed307,0.01,order,2,0.5,0.2898280159070948,0.7845444594338193
W2,W2/descending/seed307,0.01,order,2,0.525,0.2716609832447781,0.668818153551512
W2,W2/descending/seed307,0.01,order,2,0.55,0.25638710822951916,0.5530918476692044
W2,W2/descending/seed307,0.01,order,2,0.575,0.2219331224974973,
W2,W2/descending/seed307,0.01,order,2,0.6,0.21783142343603662,
W2,W2/descending/seed307,0.01,order,2,0.625,0.21416754895412018,
W2,W2/descending/seed307,0.01,order,2,0.65,0.21159522938236067,
W2,W2/descending/seed307,0.01,order,1,0.25,0.37299894994965366,0.013645237931253718
W2,W2/descending/seed307,0.01,order,1,0.2625,0.3727153274326549,0.03173436478854619
W2,W2/descending/seed307,0.01,order,1,0.275,0.37220559082994,0.04827193593354551
W2,W2/descending/seed307,0.01,order,1,0.2875,0.3715085290343163,0.0656751156628701
W2,W2/descending/seed307,0.01,order,1,0.3,0.3705637129383682,0.08711810344912863
W2,W2/descending/seed307,0.01,order,1,0.3125,0.3693305764480881,0.1206410031499896
W2,W2/descending/seed307,0.01,order,1,0.325,0.36754768785961844,0.15022158154623177
W2,W2/descending/seed307,0.01,order,1,0.3375,0.3655750369094323,0.1845269781715313
W2,W2/descending/seed307,0.01,order,1,0.35,0.36293451340533023,0.23805412130486658
W2,W2/descending/seed307,0.01,order,1,0.3625,0.3596236838768106,0.29732981239864564
W2,W2/descending/seed307,0.01,order,1,0.375,0.3555012680953641,0.3686650889248302
W2,W2/descending/seed307,0.01,order,1,0.3875,0.3504070566536898,0.4229858232933861
W2,W2/descending/seed307,0.01,order,1,0.4,0.3449266225130294,0.4705712251579204
W2,W2/descending/seed307,0.01,order,1,0.4125,0.3386427760247419,0.5331490148720004
W2,W2/descending/seed307,0.01,order,1,0.425,0.33159789714122934,0.5489109705154558
W2,W2/descending/seed307,0.01,order,1,0.4375,0.3249200017618555,0.5195522901843574
W2,W2/descending/seed307,0.01,order,1,0.45,0.316661669271043,
W2,W2/descending/seed307,0.01,order,1,0.4625,0.30903056742670587,
W2,W2/descending/seed307,0.01,order,1,0.475,0.30220699155757885,
W2,W2/descending/seed307,0.01,order,1,0.4875,0.2989433050583533,0.741444389504311
W2,W2/descending/seed307,0.01,order,1,0.5,0.2898280159070948,0.7170018746970594
W2,W2/descending/seed307,0.01,order,1,0.5125,0.2810182581909269,0.7266813064926669
W2,W2/descending/seed307,0.01,order,1,0.525,0.2716609832447781,0.7394184364332066
W2,W2/descending/seed307,0.01,order,1,0.5375,0.2625327972800967,0.6109550006103586
W2,W2/descending/seed307,0.01,order,1,0.55,0.25638710822951916,0.4198961778791528
W2,W2/descending/seed307,0.01,order,1,0.5625,0.2520353928331179,0.2763782855450536
W2,W2/descending/seed307,0.01,order,1,0.575,0.2219331224974973,
W2,W2/descending/seed307,0.01,order,1,0.5875,0.21980453336700917,
W2,W2/descending/seed307,0.01,order,1,0.6,0.21783142343603662,
W2,W2/descending/seed307,0.01,order,1,0.6125,0.21597150634861478,0.14399088056081588
W2,W2/descending/seed307,0.01,order,1,0.625,0.21416754895412018,0.14464230255832078
W2,W2/descending/seed307,0.01,order,1,0.6375,0.2123554487846568,0.10289278287038073
W2,W2/descending/seed307,0.01,order,1,0.65,0.21159522938236067,0.018742321497001058
W2,W2/descending/seed307,0.01,mx,4,0.25,0.13080282467367893,0.4167134743462768
W2,W2/descending/seed307,0.01,mx,4,0.3,0.15339304267223997,0.48689524559616504
W2,W2/descending/seed307,0.01,mx,4,0.35,0.17949234923329543,0.5818373343337813
W2,W2/descending/seed307,0.01,mx,4,0.4,0.2115767761056181,0.7015397405591246
W2,W2/descending/seed307,0.01,mx,4,0.45,0.25378847887038225,
W2,W2/descending/seed307,0.01,mx,4,0.5,0.29196222595526056,
W2,W2/descending/seed307,0.01,mx,4,0.55,0.3212011384258745,
W2,W2/descending/seed307,0.01,mx,4,0.6,0.339993501332556,
W2,W2/descending/seed307,0.01,mx,4,0.65,0.3762421984527997,
W2,W2/descending/seed307,0.01,mx,2,0.25,0.13080282467367893,0.4316751178007321
W2,W2/descending/seed307,0.01,mx,2,0.275,0.14184631814582832,0.45180435997122137
W2,W2/descending/seed307,0.01,mx,2,0.3,0.15339304267223997,0.47788492791700055
W2,W2/descending/seed307,0.01,mx,2,0.325,0.16574056454167835,0.5219861312211105
W2,W2/descending/seed307,0.01,mx,2,0.35,0.17949234923329543,0.5781085361017286
W2,W2/descending/seed307,0.01,mx,2,0.375,0.1946459913467648,0.6416885374464525
W2,W2/descending/seed307,0.01,mx,2,0.4,0.2115767761056181,0.7278064733030294
W2,W2/descending/seed307,0.01,mx,2,0.425,0.23103631501191624,0.8289566392008219
W2,W2/descending/seed307,0.01,mx,2,0.45,0.25378847887038225,
W2,W2/descending/seed307,0.01,mx,2,0.475,0.2806565388235122,
W2,W2/descending/seed307,0.01,mx,2,0.5,0.29196222595526056,0.7156939492307197
W2,W2/descending/seed307,0.01,mx,2,0.525,0.30821812843829804,0.5847782494122783
W2,W2/descending/seed307,0.01,mx,2,0.55,0.3212011384258745,0.45386254959383976
W2,W2/descending/seed307,0.01,mx,2,0.575,0.32927969470247453,
W2,W2/descending/seed307,0.01,mx,2,0.6,0.339993501332556,
W2,W2/descending/seed307,0.01,mx,2,0.625,0.3515771635945396,
W2,W2/descending/seed307,0.01,mx,2,0.65,0.3762421984527997,
W2,W2/descending/seed307,0.01,mx,1,0.25,0.13080282467367893,0.4398947509022557
W2,W2/descending/seed307,0.01,mx,1,0.2625,0.13631304023485538,0.4417397388859756
W2,W2/descending/seed307,0.01,mx,1,0.275,0.14184631814582832,0.4487183546644262
W2,W2/descending/seed307,0.01,mx,1,0.2875,0.14753099910146605,0.4618689810564671
W2,W2/descending/seed307,0.01,mx,1,0.3,0.15339304267223997,0.47698014591471427
W2,W2/descending/seed307,0.01,mx,1,0.3125,0.15945550274933393,0.49390087477753486
W2,W2/descending/seed307,0.01,mx,1,0.325,0.16574056454167835,0.5198207299870914
W2,W2/descending/seed307,0.01,mx,1,0.3375,0.17245102099901122,0.5500713876646826
W2,W2/descending/seed307,0.01,mx,1,0.35,0.17949234923329543,0.5774859208688845
W2,W2/descending/seed307,0.01,mx,1,0.3625,0.18688816902073327,0.6061456845387747
W2,W2/descending/seed307,0.01,mx,1,0.375,0.1946459913467648,0.6306575739840321
W2,W2/descending/seed307,0.01,mx,1,0.3875,0.20265460837033408,0.6772313903541303
W2,W2/descending/seed307,0.01,mx,1,0.4,0.2115767761056181,0.7361200480339853
W2,W2/descending/seed307,0.01,mx,1,0.4125,0.22105760957118373,0.7783815562519276
W2,W2/descending/seed307,0.01,mx,1,0.425,0.23103631501191624,0.8783230757961693
W2,W2/descending/seed307,0.01,mx,1,0.4375,0.243015686466088,1.0383763568713142
W2,W2/descending/seed307,0.01,mx,1,0.45,0.25378847887038225,
W2,W2/descending/seed307,0.01,mx,1,0.4625,0.26645309163747516,
W2,W2/descending/seed307,0.01,mx,1,0.475,0.2806565388235122,
W2,W2/descending/seed307,0.01,mx,1,0.4875,0.28250805861799655,0.7522973732984166
W2,W2/descending/seed307,0.01,mx,1,0.5,0.29196222595526056,0.760369400663814
W2,W2/descending/seed307,0.01,mx,1,0.5125,0.3015172936345919,0.6502360993215
W2,W2/descending/seed307,0.01,mx,1,0.525,0.30821812843829804,0.5688078301616439
W2,W2/descending/seed307,0.01,mx,1,0.5375,0.315737489388633,0.5193203995030586
W2,W2/descending/seed307,0.01,mx,1,0.55,0.3212011384258745,0.6083283817327079
W2,W2/descending/seed307,0.01,mx,1,0.5625,0.33094569893195064,0.9508012992394796
W2,W2/descending/seed307,0.01,mx,1,0.575,0.32927969470247453,
W2,W2/descending/seed307,0.01,mx,1,0.5875,0.334518893865226,
W2,W2/descending/seed307,0.01,mx,1,0.6,0.339993501332556,
W2,W2/descending/seed307,0.01,mx,1,0.6125,0.3457077641438346,0.45328324227819117
W2,W2/descending/seed307,0.01,mx,1,0.625,0.3515771635945396,0.4858206698346166
W2,W2/descending/seed307,0.01,mx,1,0.6375,0.3578532808896999,0.986601394330398
W2,W2/descending/seed307,0.01,mx,1,0.65,0.3762421984527997,1.955625415765553
W2,W2/descending/seed307,0.05,order,4,0.25,0.12880522359210894,-0.006406338588121896
W2,W2/descending/seed307,0.05,order,4,0.3,0.1290829936853781,-0.004704465142644665
W2,W2/descending/seed307,0.05,order,4,0.35,0.12927567010637342,-0.0019202561105897686
W2,W2/descending/seed307,0.05,order,4,0.4,0.12927501929643706,0.001946288508044347
W2,W2/descending/seed307,0.05,order,4,0.45,0.12929856770538667,
W2,W2/descending/seed307,0.05,order,4,0.5,0.1304753514268635,
W2,W2/descending/seed307,0.05,order,4,0.55,0.12986215428608058,
W2,W2/descending/seed307,0.05,order,4,0.6,0.1279688960575962,
W2,W2/descending/seed307,0.05,order,4,0.65,0.12847610701215914,
W2,W2/descending/seed307,0.05,order,2,0.25,0.12880522359210894,-0.006087360596101821
W2,W2/descending/seed307,0.05,order,2,0.275,0.12895075812287748,-0.005555401865383391
W2,W2/descending/seed307,0.05,order,2,0.3,0.1290829936853781,-0.004693804222869691
W2,W2/descending/seed307,0.05,order,2,0.325,0.12918544833402099,-0.0038535284199068265
W2,W2/descending/seed307,0.05,order,2,0.35,0.12927567010637342,-0.0023948161253293243
W2,W2/descending/seed307,0.05,order,2,0.375,0.12930518914028746,1.3016198727289208e-05
W2,W2/descending/seed307,0.05,order,2,0.4,0.12927501929643706,0.001169570183091384
W2,W2/descending/seed307,0.05,order,2,0.425,0.12924671063113288,0.0010951230412441504
W2,W2/descending/seed307,0.05,order,2,0.45,0.12929856770538667,
W2,W2/descending/seed307,0.05,order,2,0.475,0.129611716634466,
W2,W2/descending/seed307,0.05,order,2,0.5,0.1304753514268635,0.014498340638858576
W2,W2/descending/seed307,0.05,order,2,0.525,0.13014082288368206,0.012263942815658447
W2,W2/descending/seed307,0.05,order,2,0.55,0.12986215428608058,0.01002954499245945
W2,W2/descending/seed307,0.05,order,2,0.575,0.12793589161561703,
W2,W2/descending/seed307,0.05,order,2,0.6,0.1279688960575962,
W2,W2/descending/seed307,0.05,order,2,0.625,0.1280397099682997,
W2,W2/descending/seed307,0.05,order,2,0.65,0.12847610701215914,
W2,W2/descending/seed307,0.05,order,1,0.25,0.12880522359210894,-0.006502412512713995
W2,W2/descending/seed307,0.05,order,1,0.2625,0.12888224730300554,-0.005821381230742162
W2,W2/descending/seed307,0.05,order,1,0.275,0.12895075812287748,-0.005456684773727183
W2,W2/descending/seed307,0.05,order,1,0.2875,0.12901866442234874,-0.005289422500025509
W2,W2/descending/seed307,0.05,order,1,0.3,0.1290829936853781,-0.004902845454402893
W2,W2/descending/seed307,0.05,order,1,0.3125,0.12914123555870882,-0.004098185945715649
W2,W2/descending/seed307,0.05,order,1,0.325,0.12918544833402099,-0.003859274872751506
W2,W2/descending/seed307,0.05,order,1,0.3375,0.12923771743052762,-0.0036088708940962277
W2,W2/descending/seed307,0.05,order,1,0.35,0.12927567010637342,-0.002407059614609075
W2,W2/descending/seed307,0.05,order,1,0.3625,0.1292978939208928,-0.0011807613565615327
W2,W2/descending/seed307,0.05,order,1,0.375,0.12930518914028746,0.0007241297064028984
W2,W2/descending/seed307,0.05,order,1,0.3875,0.12927979067823273,0.0012067937540161111
W2,W2/descending/seed307,0.05,order,1,0.4,0.12927501929643706,0.0007069347113120017
W2,W2/descending/seed307,0.05,order,1,0.4125,0.12926211731044995,0.0011323466121657688
W2,W2/descending/seed307,0.05,order,1,0.425,0.12924671063113288,-0.002254396591599317
W2,W2/descending/seed307,0.05,order,1,0.4375,0.12931847722523993,-0.009228258465526551
W2,W2/descending/seed307,0.05,order,1,0.45,0.12929856770538667,
W2,W2/descending/seed307,0.05,order,1,0.4625,0.1293716684947152,
W2,W2/descending/seed307,0.05,order,1,0.475,0.129611716634466,
W2,W2/descending/seed307,0.05,order,1,0.4875,0.13055232393777186,0.003959644297685472
W2,W2/descending/seed307,0.05,order,1,0.5,0.1304753514268635,0.008355957447653495
W2,W2/descending/seed307,0.05,order,1,0.5125,0.13034342500158053,0.013381141727258239
W2,W2/descending/seed307,0.05,order,1,0.525,0.13014082288368206,0.022786615225881768
W2,W2/descending/seed307,0.05,order,1,0.5375,0.1297737596209335,0.011146743904058454
W2,W2/descending/seed307,0.05,order,1,0.55,0.12986215428608058,-0.01438397312239914
W2,W2/descending/seed307,0.05,order,1,0.5625,0.13013335894899347,-0.02900877294366211
W2,W2/descending/seed307,0.05,order,1,0.575,0.12793589161561703,
W2,W2/descending/seed307,0.05,order,1,0.5875,0.12794602922856405,
W2,W2/descending/seed307,0.05,order,1,0.6,0.1279688960575962,
W2,W2/descending/seed307,0.05,order,1,0.6125,0.12800165635252247,-0.0027053820699505238
W2,W2/descending/seed307,0.05,order,1,0.625,0.1280397099682997,-0.0033831964544042137
W2,W2/descending/seed307,0.05,order,1,0.6375,0.12808623626388257,-0.017455881754377067
W2,W2/descending/seed307,0.05,order,1,0.65,0.12847610701215914,-0.04492343796987086
W2,W2/descending/seed307,0.05,mx,4,0.25,0.009376441366471118,0.03292359120707196
W2,W2/descending/seed307,0.05,mx,4,0.3,0.010891011677622022,0.027659221238964235
W2,W2/descending/seed307,0.05,mx,4,0.35,0.012142363490367541,0.021807161603565273
W2,W2/descending/seed307,0.05,mx,4,0.4,0.01307172783797855,0.015367412300875016
W2,W2/descending/seed307,0.05,mx,4,0.45,0.015237969459670042,
W2,W2/descending/seed307,0.05,mx,4,0.5,0.01857093116099554,
W2,W2/descending/seed307,0.05,mx,4,0.55,0.019747285568884963,
W2,W2/descending/seed307,0.05,mx,4,0.6,0.018186324746067163,
W2,W2/descending/seed307,0.05,mx,4,0.65,0.024181673842912157,
W2,W2/descending/seed307,0.05,mx,2,0.25,0.009376441366471118,0.03273879554777534
W2,W2/descending/seed307,0.05,mx,2,0.275,0.010164318888606035,0.030291406223018097
W2,W2/descending/seed307,0.05,mx,2,0.3,0.010891011677622022,0.027050102393433695
W2,W2/descending/seed307,0.05,mx,2,0.325,0.01151682400827772,0.02502703625491043
W2,W2/descending/seed307,0.05,mx,2,0.35,0.012142363490367541,0.02228386915127306
W2,W2/descending/seed307,0.05,mx,2,0.375,0.012631017465841375,0.018587286952220172
W2,W2/descending/seed307,0.05,mx,2,0.4,0.01307172783797855,0.022987143335907956
W2,W2/descending/seed307,0.05,mx,2,0.425,0.01378037463263677,0.033704600236749815
W2,W2/descending/seed307,0.05,mx,2,0.45,0.015237969459670042,
W2,W2/descending/seed307,0.05,mx,2,0.475,0.01826566356759644,
W2,W2/descending/seed307,0.05,mx,2,0.5,0.01857093116099554,-0.004185072634384002
W2,W2/descending/seed307,0.05,mx,2,0.525,0.018812706355038095,0.02352708815778847
W2,W2/descending/seed307,0.05,mx,2,0.55,0.019747285568884963,0.0512392489499609
W2,W2/descending/seed307,0.05,mx,2,0.575,0.01722290990583833,
W2,W2/descending/seed307,0.05,mx,2,0.6,0.018186324746067163,
W2,W2/descending/seed307,0.05,mx,2,0.625,0.019366802204586496,
W2,W2/descending/seed307,0.05,mx,2,0.65,0.024181673842912157,
W2,W2/descending/seed307,0.05,mx,1,0.25,0.009376441366471118,0.034394228173146524
W2,W2/descending/seed307,0.05,mx,1,0.2625,0.009788374673087014,0.03151510088539661
W2,W2/descending/seed307,0.05,mx,1,0.275,0.010164318888606035,0.02981542522220537
W2,W2/descending/seed307,0.05,mx,1,0.2875,0.01053376030364215,0.029067711560639586
W2,W2/descending/seed307,0.05,mx,1,0.3,0.010891011677622022,0.027860293884718945
W2,W2/descending/seed307,0.05,mx,1,0.3125,0.011230267650760123,0.02503249322622797
W2,W2/descending/seed307,0.05,mx,1,0.325,0.01151682400827772,0.0247988876107037
W2,W2/descending/seed307,0.05,mx,1,0.3375,0.011850239841027716,0.025021579283592776
W2,W2/descending/seed307,0.05,mx,1,0.35,0.012142363490367541,0.0221047432571157
W2,W2/descending/seed307,0.05,mx,1,0.3625,0.012402858422455604,0.019546159018953402
W2,W2/descending/seed307,0.05,mx,1,0.375,0.012631017465841375,0.015120858311023999
W2,W2/descending/seed307,0.05,mx,1,0.3875,0.012780879880231206,0.017628414885486943
W2,W2/descending/seed307,0.05,mx,1,0.4,0.01307172783797855,0.02483890299650826
W2,W2/descending/seed307,0.05,mx,1,0.4125,0.013401852455143914,0.02834587178632897
W2,W2/descending/seed307,0.05,mx,1,0.425,0.01378037463263677,0.05201460525152102
W2,W2/descending/seed307,0.05,mx,1,0.4375,0.014702217586431941,0.09548026735570647
W2,W2/descending/seed307,0.05,mx,1,0.45,0.015237969459670042,
W2,W2/descending/seed307,0.05,mx,1,0.4625,0.01639144197510919,
W2,W2/descending/seed307,0.05,mx,1,0.475,0.01826566356759644,
W2,W2/descending/seed307,0.05,mx,1,0.4875,0.018135824519123378,0.026446026778557896
W2,W2/descending/seed307,0.05,mx,1,0.5,0.01857093116099554,0.04317103592098781
W2,W2/descending/seed307,0.05,mx,1,0.5125,0.019215100417148072,0.009671007761702599
W2,W2/descending/seed307,0.05,mx,1,0.525,0.018812706355038095,0.003461060355726353
W2,W2/descending/seed307,0.05,mx,1,0.5375,0.01930162692604122,0.0373831685538748
W2,W2/descending/seed307,0.05,mx,1,0.55,0.019747285568884963,0.08186356247383053
W2,W2/descending/seed307,0.05,mx,1,0.5625,0.021348215987886974,0.17428530456649227
W2,W2/descending/seed307,0.05,mx,1,0.575,0.01722290990583833,
W2,W2/descending/seed307,0.05,mx,1,0.5875,0.01767781691462764,
W2,W2/descending/seed307,0.05,mx,1,0.6,0.018186324746067163,
W2,W2/descending/seed307,0.05,mx,1,0.6125,0.018754732662797948,0.044649983069899424
W2,W2/descending/seed307,0.05,mx,1,0.625,0.019366802204586496,0.053281143616268234
W2,W2/descending/seed307,0.05,mx,1,0.6375,0.02008676125320465,0.19259486553302518
W2,W2/descending/seed307,0.05,mx,1,0.65,0.024181673842912157,0.4625911488201724
W3,W3/ascending/seed101,0,order,4,0.35,0.4740941821865595,0.20216381586142163
W3,W3/ascending/seed101,0,order,4,0.4,0.46153346666091155,0.30026480516449894
W3,W3/ascending/seed101,0,order,4,0.45,0.4440677016701097,0.4088142612866923
W3,W3/ascending/seed101,0,order,4,0.5,0.4206520405322423,0.5323491271669805
W3,W3/ascending/seed101,0,order,4,0.55,0.39083278895341156,0.615490326764172
W3,W3/ascending/seed101,0,order,4,0.6,0.3591030078558251,0.6186288282487391
W3,W3/ascending/seed101,0,order,4,0.65,0.3289699061285377,0.5644309544043713
W3,W3/ascending/seed101,0,order,4,0.7,0.3026599124153879,0.4830285843265387
W3,W3/ascending/seed101,0,order,4,0.75,0.2806670476958839,0.39891729132298837
W3,W3/ascending/seed101,0,order,4,0.8,0.26276818328308904,0.32237852377123266
W3,W3/ascending/seed101,0,order,4,0.85,0.2484291953187606,0.25118099480190637
W3,W3/ascending/seed101,0,order,2,0.35,0.4740941821865595,0.2115849660081608
W3,W3/ascending/seed101,0,order,2,0.375,0.46830919123004555,0.2512143105129585
W3,W3/ascending/seed101,0,order,2,0.4,0.46153346666091155,0.2960667196732043
W3,W3/ascending/seed101,0,order,2,0.425,0.45350585524638526,0.3493152998160376
W3,W3/ascending/seed101,0,order,2,0.45,0.4440677016701097,0.4078405885388978
W3,W3/ascending/seed101,0,order,2,0.475,0.43311382581944025,0.46831322275734877
W3,W3/ascending/seed101,0,order,2,0.5,0.4206520405322423,0.5412644628995906
W3,W3/ascending/seed101,0,order,2,0.525,0.4060506026744607,0.5963850315766148
W3,W3/ascending/seed101,0,order,2,0.55,0.39083278895341156,0.6210700370433102
W3,W3/ascending/seed101,0,order,2,0.575,0.37499710082229526,0.6345956219517284
W3,W3/ascending/seed101,0,order,2,0.6,0.3591030078558251,0.6270551624966263
W3,W3/ascending/seed101,0,order,2,0.625,0.3436443426974639,0.6026620345457472
W3,W3/ascending/seed101,0,order,2,0.65,0.3289699061285377,0.5672896749745551
W3,W3/ascending/seed101,0,order,2,0.675,0.31527985894873617,0.5261998742629972
W3,W3/ascending/seed101,0,order,2,0.7,0.3026599124153879,0.48299684210674254
W3,W3/ascending/seed101,0,order,2,0.725,0.291130016843399,0.43985729439008026
W3,W3/ascending/seed101,0,order,2,0.75,0.2806670476958839,0.3979407836079627
W3,W3/ascending/seed101,0,order,2,0.775,0.27123297766300086,0.3579772882558965
W3,W3/ascending/seed101,0,order,2,0.8,0.26276818328308904,0.3207472148275796
W3,W3/ascending/seed101,0,order,2,0.825,0.25519561692162196,0.28677975928656885
W3,W3/ascending/seed101,0,order,2,0.85,0.2484291953187606,0.25453396894233826
W3,W3/ascending/seed101,0,order,1,0.35,0.4740941821865595,0.21870697090443514
W3,W3/ascending/seed101,0,order,1,0.3625,0.4712810158792783,0.23139963826055876
W3,W3/ascending/seed101,0,order,1,0.375,0.46830919123004555,0.24857041785374534
W3,W3/ascending/seed101,0,order,1,0.3875,0.4650667554329347,0.27102898276535825
W3,W3/ascending/seed101,0,order,1,0.4,0.46153346666091155,0.29519973230577534
W3,W3/ascending/seed101,0,order,1,0.4125,0.45768676212529036,0.32110445658105036
W3,W3/ascending/seed101,0,order,1,0.425,0.45350585524638526,0.3486280748829813
W3,W3/ascending/seed101,0,order,1,0.4375,0.44897106025321587,0.3775261430510213
W3,W3/ascending/seed101,0,order,1,0.45,0.4440677016701097,0.40753358734855993
W3,W3/ascending/seed101,0,order,1,0.4625,0.43878272056950185,0.438155034026785
W3,W3/ascending/seed101,0,order,1,0.475,0.43311382581944025,0.4686754936614044
W3,W3/ascending/seed101,0,order,1,0.4875,0.42706583322796676,0.49847141148791607
W3,W3/ascending/seed101,0,order,1,0.5,0.4206520405322423,0.5268592913170096
W3,W3/ascending/seed101,0,order,1,0.5125,0.41389435094504157,0.5840575143112616
W3,W3/ascending/seed101,0,order,1,0.525,0.4060506026744607,0.6136469719002982
W3,W3/ascending/seed101,0,order,1,0.5375,0.3985531766475341,0.6087125488419645
W3,W3/ascending/seed101,0,order,1,0.55,0.39083278895341156,0.623853709895311
W3,W3/ascending/seed101,0,order,1,0.5625,0.3829568339001513,0.6334275252446542
W3,W3/ascending/seed101,0,order,1,0.575,0.37499710082229526,0.6373182286432151
W3,W3/ascending/seed101,0,order,1,0.5875,0.3670238781840709,0.6357637186588061
W3,W3/ascending/seed101,0,order,1,0.6,0.3591030078558251,0.6292060151435539
W3,W3/ascending/seed101,0,order,1,0.6125,0.351293727805482,0.6183466063344483
W3,W3/ascending/seed101,0,order,1,0.625,0.3436443426974639,0.6040525102231626
W3,W3/ascending/seed101,0,order,1,0.6375,0.336192415049903,0.5869774627570479
W3,W3/ascending/seed101,0,order,1,0.65,0.3289699061285377,0.5679333912664948
W3,W3/ascending/seed101,0,order,1,0.6625,0.3219940802682406,0.5476018871920623
W3,W3/ascending/seed101,0,order,1,0.675,0.31527985894873617,0.5263654859588378
W3,W3/ascending/seed101,0,order,1,0.6875,0.3088349431192696,0.5047978613339321
W3,W3/ascending/seed101,0,order,1,0.7,0.3026599124153879,0.48299251977744007
W3,W3/ascending/seed101,0,order,1,0.7125,0.29676013012483365,0.4611958228795565
W3,W3/ascending/seed101,0,order,1,0.725,0.291130016843399,0.43971104332445066
W3,W3/ascending/seed101,0,order,1,0.7375,0.2857673540417224,0.4185187659006022
W3,W3/ascending/seed101,0,order,1,0.75,0.2806670476958839,0.3976186245368929
W3,W3/ascending/seed101,0,order,1,0.7625,0.27582688842830005,0.3773628013153232
W3,W3/ascending/seed101,0,order,1,0.775,0.27123297766300086,0.3577139876763553
W3,W3/ascending/seed101,0,order,1,0.7875,0.26688403873639116,0.3385917751964733
W3,W3/ascending/seed101,0,order,1,0.8,0.26276818328308904,0.320378348258032
W3,W3/ascending/seed101,0,order,1,0.8125,0.25887458002994035,0.30290265445868414
W3,W3/ascending/seed101,0,order,1,0.825,0.25519561692162196,0.28629200413485734
W3,W3/ascending/seed101,0,order,1,0.8375,0.25171727992656895,0.27065686411445355
W3,W3/ascending/seed101,0,order,1,0.85,0.2484291953187606,0.2554366731348878
W3,W3/ascending/seed101,0,mx,4,0.35,0.2621508359398224,1.0354012775133947
W3,W3/ascending/seed101,0,mx,4,0.4,0.31773350742722756,1.187905581982808
W3,W3/ascending/seed101,0,mx,4,0.45,0.3809413941381033,1.3333139238401905
W3,W3/ascending/seed101,0,mx,4,0.5,0.45106489981124653,1.4473233011151314
W3,W3/ascending/seed101,0,mx,4,0.55,0.5256737242496164,1.4352901460908907
W3,W3/ascending/seed101,0,mx,4,0.6,0.5945939144203355,1.2775886081900598
W3,W3/ascending/seed101,0,mx,4,0.65,0.6534325850686225,1.0653470109211476
W3,W3/ascending/seed101,0,mx,4,0.7,0.7011286155124501,0.85594298677045
W3,W3/ascending/seed101,0,mx,4,0.75,0.7390268837456675,0.6777576968810468
W3,W3/ascending/seed101,0,mx,4,0.8,0.7689043852005548,0.5352307541101489
W3,W3/ascending/seed101,0,mx,4,0.85,0.7925499591566822,0.410592204134943
W3,W3/ascending/seed101,0,mx,2,0.35,0.2621508359398224,1.045045909873937
W3,W3/ascending/seed101,0,mx,2,0.375,0.28910957768509793,1.1116534297481016
W3,W3/ascending/seed101,0,mx,2,0.4,0.31773350742722756,1.1847795109540957
W3,W3/ascending/seed101,0,mx,2,0.425,0.34834855323280267,1.2641577342175134
W3,W3/ascending/seed101,0,mx,2,0.45,0.3809413941381033,1.3395059088554016
W3,W3/ascending/seed101,0,mx,2,0.475,0.4153238486755727,1.4024701134628632
W3,W3/ascending/seed101,0,mx,2,0.5,0.45106489981124653,1.4740251925095134
W3,W3/ascending/seed101,0,mx,2,0.525,0.4890251083010485,1.492176488767397
W3,W3/ascending/seed101,0,mx,2,0.55,0.5256737242496164,1.4425563449898586
W3,W3/ascending/seed101,0,mx,2,0.575,0.5611529255505415,1.3784038034143862
W3,W3/ascending/seed101,0,mx,2,0.6,0.5945939144203355,1.2856144478988547
W3,W3/ascending/seed101,0,mx,2,0.625,0.6254336479454844,1.176773412965737
W3,W3/ascending/seed101,0,mx,2,0.65,0.6534325850686225,1.0635529314968224
W3,W3/ascending/seed101,0,mx,2,0.675,0.6786112945203255,0.9539206088765511
W3,W3/ascending/seed101,0,mx,2,0.7,0.7011286155124501,0.8516150573930172
W3,W3/ascending/seed101,0,mx,2,0.725,0.7211920473899762,0.7579653646643472
W3,W3/ascending/seed101,0,mx,2,0.75,0.7390268837456675,0.6732513079474547
W3,W3/ascending/seed101,0,mx,2,0.775,0.754854612787349,0.5975500290977465
W3,W3/ascending/seed101,0,mx,2,0.8,0.7689043852005548,0.5308651592185925
W3,W3/ascending/seed101,0,mx,2,0.825,0.7813978707482787,0.47291147912255127
W3,W3/ascending/seed101,0,mx,2,0.85,0.7925499591566822,0.4192555935497424
W3,W3/ascending/seed101,0,mx,1,0.35,0.2621508359398224,1.0605794707117244
W3,W3/ascending/seed101,0,mx,1,0.3625,0.2755191430680896,1.0783496698110202
W3,W3/ascending/seed101,0,mx,1,0.375,0.28910957768509793,1.1062981456663987
W3,W3/ascending/seed101,0,mx,1,0.3875,0.3031765967097496,1.144957189685183
W3,W3/ascending/seed101,0,mx,1,0.4,0.31773350742722756,1.184489695337966
W3,W3/ascending/seed101,0,mx,1,0.4125,0.3327888390931988,1.2246018322230103
W3,W3/ascending/seed101,0,mx,1,0.425,0.34834855323280267,1.2646147407292503
W3,W3/ascending/seed101,0,mx,1,0.4375,0.36440420761143005,1.3037136362120236
W3,W3/ascending/seed101,0,mx,1,0.45,0.3809413941381033,1.3409891436411687
W3,W3/ascending/seed101,0,mx,1,0.4625,0.3979289362024593,1.3752981814987741
W3,W3/ascending/seed101,0,mx,1,0.475,0.4153238486755727,1.4052638467437806
W3,W3/ascending/seed101,0,mx,1,0.4875,0.43306053237105363,1.4296420454269487
W3,W3/ascending/seed101,0,mx,1,0.5,0.45106489981124653,1.4477489062113484
W3,W3/ascending/seed101,0,mx,1,0.5125,0.4692542550263374,1.5184083395920744
W3,W3/ascending/seed101,0,mx,1,0.525,0.4890251083010485,1.5271917320462975
W3,W3/ascending/seed101,0,mx,1,0.5375,0.5074340483274948,1.465944637942716
W3,W3/ascending/seed101,0,mx,1,0.55,0.5256737242496164,1.447437458504588
W3,W3/ascending/seed101,0,mx,1,0.5625,0.5436199847901095,1.4191680520370085
W3,W3/ascending/seed101,0,mx,1,0.575,0.5611529255505415,1.3820600482271637
W3,W3/ascending/seed101,0,mx,1,0.5875,0.5781714859957887,1.3376395547917532
W3,W3/ascending/seed101,0,mx,1,0.6,0.5945939144203355,1.2875868028833395
W3,W3/ascending/seed101,0,mx,1,0.6125,0.6103611560678722,1.2335893410059562
W3,W3/ascending/seed101,0,mx,1,0.625,0.6254336479454844,1.1772486103517465
W3,W3/ascending/seed101,0,mx,1,0.6375,0.6397923713266658,1.1199574849255214
W3,W3/ascending/seed101,0,mx,1,0.65,0.6534325850686225,1.0630271707050412
W3,W3/ascending/seed101,0,mx,1,0.6625,0.6663680505942919,1.0071483780681199
W3,W3/ascending/seed101,0,mx,1,0.675,0.6786112945203255,0.9528554031210383
W3,W3/ascending/seed101,0,mx,1,0.6875,0.6901894356723179,0.9006928396849858
W3,W3/ascending/seed101,0,mx,1,0.7,0.7011286155124501,0.8505224181701649
W3,W3/ascending/seed101,0,mx,1,0.7125,0.7114524961265721,0.8025372751010451
W3,W3/ascending/seed101,0,mx,1,0.725,0.7211920473899762,0.7568337494159003
W3,W3/ascending/seed101,0,mx,1,0.7375,0.7303733398619697,0.7133934542276492
W3,W3/ascending/seed101,0,mx,1,0.75,0.7390268837456675,0.6720386386688624
W3,W3/ascending/seed101,0,mx,1,0.7625,0.7471743058286913,0.6331091616672566
W3,W3/ascending/seed101,0,mx,1,0.775,0.754854612787349,0.5965319841247663
W3,W3/ascending/seed101,0,mx,1,0.7875,0.7620876054318104,0.5619908965282328
W3,W3/ascending/seed101,0,mx,1,0.8,0.7689043852005548,0.5298922926459824
W3,W3/ascending/seed101,0,mx,1,0.8125,0.7753349127479601,0.49973942190895926
W3,W3/ascending/seed101,0,mx,1,0.825,0.7813978707482787,0.4717888241546646
W3,W3/ascending/seed101,0,mx,1,0.8375,0.7871296333518267,0.44608353633613973
W3,W3/ascending/seed101,0,mx,1,0.85,0.7925499591566822,0.42116859244073623
W3,W3/ascending/seed101,0.01,order,4,0.35,0.27293890665640697,-0.0016021560371983767
W3,W3/ascending/seed101,0.01,order,4,0.4,0.27013530243518524,0.11374632488606728
W3,W3/ascending/seed101,0.01,order,4,0.45,0.26156427416780026,0.18031474166591765
W3,W3/ascending/seed101,0.01,order,4,0.5,0.2521038282685935,0.2219931505192827
W3,W3/ascending/seed101,0.01,order,4,0.55,0.23936495911587194,0.23610559779428852
W3,W3/ascending/seed101,0.01,order,4,0.6,0.22849326848916462,0.20703245361443745
W3,W3/ascending/seed101,0.01,order,4,0.65,0.21866171375442822,0.1813219225196967
W3,W3/ascending/seed101,0.01,order,4,0.7,0.21036107623719494,0.15214310185990243
W3,W3/ascending/seed101,0.01,order,4,0.75,0.20344740356843802,0.12784859932096393
W3,W3/ascending/seed101,0.01,order,4,0.8,0.19757621630509853,0.10917133994126438
W3,W3/ascending/seed101,0.01,order,4,0.85,0.19253026957431155,0.09266652929021646
W3,W3/ascending/seed101,0.01,order,2,0.35,0.27293890665640697,-0.13985460170598696
W3,W3/ascending/seed101,0.01,order,2,0.375,0.27398618812242637,0.0560720844244349
W3,W3/ascending/seed101,0.01,order,2,0.4,0.27013530243518524,0.15988449490613732
W3,W3/ascending/seed101,0.01,order,2,0.425,0.26599196337711944,0.17142056534770056
W3,W3/ascending/seed101,0.01,order,2,0.45,0.26156427416780026,0.18151618752863197
W3,W3/ascending/seed101,0.01,order,2,0.475,0.2569161540006878,0.18920891798413564
W3,W3/ascending/seed101,0.01,order,2,0.5,0.2521038282685935,0.24098969656279312
W3,W3/ascending/seed101,0.01,order,2,0.525,0.24486666917254812,0.25477738305443065
W3,W3/ascending/seed101,0.01,order,2,0.55,0.23936495911587194,0.220158783496319
W3,W3/ascending/seed101,0.01,order,2,0.575,0.23385872999773225,0.2174338125341455
W3,W3/ascending/seed101,0.01,order,2,0.6,0.22849326848916462,0.20917530368342518
W3,W3/ascending/seed101,0.01,order,2,0.625,0.22339996481356095,0.19663109469472762
W3,W3/ascending/seed101,0.01,order,2,0.65,0.21866171375442822,0.18164458911191783
W3,W3/ascending/seed101,0.01,order,2,0.675,0.21431773535796506,0.16601275034466667
W3,W3/ascending/seed101,0.01,order,2,0.7,0.21036107623719494,0.15128337541164605
W3,W3/ascending/seed101,0.01,order,2,0.725,0.2067535665873827,0.1382734533751382
W3,W3/ascending/seed101,0.01,order,2,0.75,0.20344740356843802,0.1270885403741211
W3,W3/ascending/seed101,0.01,order,2,0.775,0.20039913956867667,0.11742374526678967
W3,W3/ascending/seed101,0.01,order,2,0.8,0.19757621630509853,0.10883014184189088
W3,W3/ascending/seed101,0.01,order,2,0.825,0.1949576324765822,0.10091893461573909
W3,W3/ascending/seed101,0.01,order,2,0.85,0.19253026957431155,0.09327009756591131
W3,W3/ascending/seed101,0.01,order,1,0.35,0.27293890665640697,-0.41642541559428103
W3,W3/ascending/seed101,0.01,order,1,0.3625,0.2758033858703761,-0.04189125864077603
W3,W3/ascending/seed101,0.01,order,1,0.375,0.27398618812242637,0.14883311912052655
W3,W3/ascending/seed101,0.01,order,1,0.3875,0.2720825578923629,0.15403542748964583
W3,W3/ascending/seed101,0.01,order,1,0.4,0.27013530243518524,0.15871639008838834
W3,W3/ascending/seed101,0.01,order,1,0.4125,0.26811464814015323,0.1657335623226288
W3,W3/ascending/seed101,0.01,order,1,0.425,0.26599196337711944,0.17205965654923006
W3,W3/ascending/seed101,0.01,order,1,0.4375,0.26381315672642247,0.17710756837276698
W3,W3/ascending/seed101,0.01,order,1,0.45,0.26156427416780026,0.18198735839781932
W3,W3/ascending/seed101,0.01,order,1,0.4625,0.259263472766477,0.1859248066845023
W3,W3/ascending/seed101,0.01,order,1,0.475,0.2569161540006878,0.18946948390124518
W3,W3/ascending/seed101,0.01,order,1,0.4875,0.25452673566894585,0.19249302928377077
W3,W3/ascending/seed101,0.01,order,1,0.5,0.2521038282685935,0.19337306970325763
W3,W3/ascending/seed101,0.01,order,1,0.5125,0.24969240892636446,0.2894863638418155
W3,W3/ascending/seed101,0.01,order,1,0.525,0.24486666917254812,0.302760553398711
W3,W3/ascending/seed101,0.01,order,1,0.5375,0.2421233950913967,0.22006840226704583
W3,W3/ascending/seed101,0.01,order,1,0.55,0.23936495911587194,0.220839673115778
W3,W3/ascending/seed101,0.01,order,1,0.5625,0.23660240326350224,0.22024916472558864
W3,W3/ascending/seed101,0.01,order,1,0.575,0.23385872999773225,0.2181382777965073
W3,W3/ascending/seed101,0.01,order,1,0.5875,0.23114894631858954,0.21461846034270238
W3,W3/ascending/seed101,0.01,order,1,0.6,0.22849326848916462,0.2095940022164715
W3,W3/ascending/seed101,0.01,order,1,0.6125,0.22590909626317776,0.20373214702414622
W3,W3/ascending/seed101,0.01,order,1,0.625,0.22339996481356095,0.1970293794644693
W3,W3/ascending/seed101,0.01,order,1,0.6375,0.22098336177656602,0.18953004236530901
W3,W3/ascending/seed101,0.01,order,1,0.65,0.21866171375442822,0.18169225698989067
W3,W3/ascending/seed101,0.01,order,1,0.6625,0.21644105535181873,0.17375913585852487
W3,W3/ascending/seed101,0.01,order,1,0.675,0.21431773535796506,0.16593927817429233
W3,W3/ascending/seed101,0.01,order,1,0.6875,0.2122925733974614,0.15826636483080492
W3,W3/ascending/seed101,0.01,order,1,0.7,0.21036107623719494,0.15106590701748068
W3,W3/ascending/seed101,0.01,order,1,0.7125,0.2085159257220244,0.14430038599248896
W3,W3/ascending/seed101,0.01,order,1,0.725,0.2067535665873827,0.13803344208935187
W3,W3/ascending/seed101,0.01,order,1,0.7375,0.2050650896697906,0.13224652075778742
W3,W3/ascending/seed101,0.01,order,1,0.75,0.20344740356843802,0.12690948721827944
W3,W3/ascending/seed101,0.01,order,1,0.7625,0.20189235248933363,0.12193055999045299
W3,W3/ascending/seed101,0.01,order,1,0.775,0.20039913956867667,0.1172676557785266
W3,W3/ascending/seed101,0.01,order,1,0.7875,0.19896066109487043,0.11291693054312368
W3,W3/ascending/seed101,0.01,order,1,0.8,0.19757621630509853,0.10872582270656928
W3,W3/ascending/seed101,0.01,order,1,0.8125,0.19624251552720617,0.10474335314065275
W3,W3/ascending/seed101,0.01,order,1,0.825,0.1949576324765822,0.10089494050816494
W3,W3/ascending/seed101,0.01,order,1,0.8375,0.19372014201450205,0.09709451609082631
W3,W3/ascending/seed101,0.01,order,1,0.85,0.19253026957431155,0.09328507433965427
W3,W3/ascending/seed101,0.01,mx,4,0.35,0.1261012164114901,1.1050520391138505
W3,W3/ascending/seed101,0.01,mx,4,0.4,0.17298234694532266,0.7701931822394497
W3,W3/ascending/seed101,0.01,mx,4,0.45,0.2031205346354351,0.647812174801859
W3,W3/ascending/seed101,0.01,mx,4,0.5,0.23776356442550856,0.643843110805451
W3,W3/ascending/seed101,0.01,mx,4,0.55,0.2675048457159802,0.5795112897861152
W3,W3/ascending/seed101,0.01,mx,4,0.6,0.29571469340412004,0.5526451788280435
W3,W3/ascending/seed101,0.01,mx,4,0.65,0.32276936359878455,0.5276841292460137
W3,W3/ascending/seed101,0.01,mx,4,0.7,0.3484831063287213,0.497663595186844
W3,W3/ascending/seed101,0.01,mx,4,0.75,0.37253572311746896,0.45518990068303244
W3,W3/ascending/seed101,0.01,mx,4,0.8,0.3940020963970246,0.39688135871913266
W3,W3/ascending/seed101,0.01,mx,4,0.85,0.41222385898938213,0.33198914497516796
W3,W3/ascending/seed101,0.01,mx,2,0.35,0.1261012164114901,1.7360758835677736
W3,W3/ascending/seed101,0.01,mx,2,0.375,0.15952244758954545,0.9376226106766503
W3,W3/ascending/seed101,0.01,mx,2,0.4,0.17298234694532266,0.5593587313003021
W3,W3/ascending/seed101,0.01,mx,2,0.425,0.1874903841545605,0.6027637538022486
W3,W3/ascending/seed101,0.01,mx,2,0.45,0.2031205346354351,0.6484762849151844
W3,W3/ascending/seed101,0.01,mx,2,0.475,0.2199141984003197,0.6928605958014682
W3,W3/ascending/seed101,0.01,mx,2,0.5,0.23776356442550856,0.6678409868567137
W3,W3/ascending/seed101,0.01,mx,2,0.525,0.2533062477431554,0.5948256258094329
W3,W3/ascending/seed101,0.01,mx,2,0.55,0.2675048457159802,0.56814757777666
W3,W3/ascending/seed101,0.01,mx,2,0.575,0.28171362663198846,0.5641969537627975
W3,W3/ascending/seed101,0.01,mx,2,0.6,0.29571469340412004,0.5540327454454141
W3,W3/ascending/seed101,0.01,mx,2,0.625,0.3094152639042592,0.5410934038932895
W3,W3/ascending/seed101,0.01,mx,2,0.65,0.32276936359878455,0.5275407370446334
W3,W3/ascending/seed101,0.01,mx,2,0.675,0.3357923007564909,0.5142748545987352
W3,W3/ascending/seed101,0.01,mx,2,0.7,0.3484831063287213,0.49946414664918315
W3,W3/ascending/seed101,0.01,mx,2,0.725,0.36076550808894997,0.48105233577495277
W3,W3/ascending/seed101,0.01,mx,2,0.75,0.37253572311746896,0.45771554927394487
W3,W3/ascending/seed101,0.01,mx,2,0.775,0.38365128555264727,0.4293274655911121
W3,W3/ascending/seed101,0.01,mx,2,0.8,0.3940020963970246,0.3973053273722078
W3,W3/ascending/seed101,0.01,mx,2,0.825,0.4035165519212577,0.3644352518471523
W3,W3/ascending/seed101,0.01,mx,2,0.85,0.41222385898938213,0.3321493136028124
W3,W3/ascending/seed101,0.01,mx,1,0.35,0.1261012164114901,2.9766670342952066
W3,W3/ascending/seed101,0.01,mx,1,0.3625,0.153060693170349,1.3368492471222124
W3,W3/ascending/seed101,0.01,mx,1,0.375,0.15952244758954545,0.5203320887772307
W3,W3/ascending/seed101,0.01,mx,1,0.3875,0.1660689953897798,0.5383959742310882
W3,W3/ascending/seed101,0.01,mx,1,0.4,0.17298234694532266,0.5615325468316348
W3,W3/ascending/seed101,0.01,mx,1,0.4125,0.18010730906057065,0.580321488369516
W3,W3/ascending/seed101,0.01,mx,1,0.425,0.1874903841545605,0.6020006092496599
W3,W3/ascending/seed101,0.01,mx,1,0.4375,0.19515732429181215,0.6252060192349829
W3,W3/ascending/seed101,0.01,mx,1,0.45,0.2031205346354351,0.647966196029226
W3,W3/ascending/seed101,0.01,mx,1,0.4625,0.2113564791925428,0.6717465505953832
W3,W3/ascending/seed101,0.01,mx,1,0.475,0.2199141984003197,0.6948078687763566
W3,W3/ascending/seed101,0.01,mx,1,0.4875,0.22872667591195164,0.7139746410075531
W3,W3/ascending/seed101,0.01,mx,1,0.5,0.23776356442550856,0.7364790045064051
W3,W3/ascending/seed101,0.01,mx,1,0.5125,0.24713865102461183,0.621707332705876
W3,W3/ascending/seed101,0.01,mx,1,0.525,0.2533062477431554,0.5297091642707965
W3,W3/ascending/seed101,0.01,mx,1,0.5375,0.26038138013138173,0.5679439189129916
W3,W3/ascending/seed101,0.01,mx,1,0.55,0.2675048457159802,0.569382562669313
W3,W3/ascending/seed101,0.01,mx,1,0.5625,0.2746159441981146,0.568351236640332
W3,W3/ascending/seed101,0.01,mx,1,0.575,0.28171362663198846,0.5652017661845061
W3,W3/ascending/seed101,0.01,mx,1,0.5875,0.28874598835272725,0.5600426708852648
W3,W3/ascending/seed101,0.01,mx,1,0.6,0.29571469340412004,0.5548726266877573
W3,W3/ascending/seed101,0.01,mx,1,0.6125,0.3026178040199212,0.548022820005567
W3,W3/ascending/seed101,0.01,mx,1,0.625,0.3094152639042592,0.5408119301625831
W3,W3/ascending/seed101,0.01,mx,1,0.6375,0.31613810227398575,0.534163987781012
W3,W3/ascending/seed101,0.01,mx,1,0.65,0.32276936359878455,0.5278706181050641
W3,W3/ascending/seed101,0.01,mx,1,0.6625,0.32933486772661236,0.5209174863082549
W3,W3/ascending/seed101,0.01,mx,1,0.675,0.3357923007564909,0.5137947121723041
W3,W3/ascending/seed101,0.01,mx,1,0.6875,0.34217973553091996,0.5076322228892174
W3,W3/ascending/seed101,0.01,mx,1,0.7,0.3484831063287213,0.4998836254682697
W3,W3/ascending/seed101,0.01,mx,1,0.7125,0.35467682616762675,0.49129607040914536
W3,W3/ascending/seed101,0.01,mx,1,0.725,0.36076550808894997,0.481730735535681
W3,W3/ascending/seed101,0.01,mx,1,0.7375,0.3667200945560188,0.4708086011407602
W3,W3/ascending/seed101,0.01,mx,1,0.75,0.37253572311746896,0.4579493892276023
W3,W3/ascending/seed101,0.01,mx,1,0.7625,0.3781688292867088,0.44462249740713133
W3,W3/ascending/seed101,0.01,mx,1,0.775,0.38365128555264727,0.4299624116010339
W3,W3/ascending/seed101,0.01,mx,1,0.7875,0.3889178895767346,0.4140324337750947
W3,W3/ascending/seed101,0.01,mx,1,0.8,0.3940020963970246,0.39821710613491135
W3,W3/ascending/seed101,0.01,mx,1,0.8125,0.39887331723010744,0.3805782209693245
W3,W3/ascending/seed101,0.01,mx,1,0.825,0.4035165519212577,0.36390959237969867
W3,W3/ascending/seed101,0.01,mx,1,0.8375,0.4079710570395999,0.3482922827249766
W3,W3/ascending/seed101,0.01,mx,1,0.85,0.41222385898938213,0.3321560292401742
W3,W3/ascending/seed101,0.05,order,4,0.35,0.1302713335391486,-0.03310858613640599
W3,W3/ascending/seed101,0.05,order,4,0.4,0.1312793425924572,-0.007211775995937808
W3,W3/ascending/seed101,0.05,order,4,0.45,0.13099251113874238,0.004562802836886037
W3,W3/ascending/seed101,0.05,order,4,0.5,0.13082306230876858,0.0055330776535487125
W3,W3/ascending/seed101,0.05,order,4,0.55,0.13043920337338752,0.005686236293357627
W3,W3/ascending/seed101,0.05,order,4,0.6,0.1302544386794328,0.0025707176183029645
W3,W3/ascending/seed101,0.05,order,4,0.65,0.13018213161155723,0.0003639499590408768
W3,W3/ascending/seed101,0.05,order,4,0.7,0.13021804368352868,-0.001126420938984296
W3,W3/ascending/seed101,0.05,order,4,0.75,0.1302947737054557,-0.0011099520851391986
W3,W3/ascending/seed101,0.05,order,4,0.8,0.1303290388920426,1.363080010952089e-05
W3,W3/ascending/seed101,0.05,order,4,0.85,0.13029341062544472,0.001411499863806398
W3,W3/ascending/seed101,0.05,order,2,0.35,0.1302713335391486,-0.07370736220169016
W3,W3/ascending/seed101,0.05,order,2,0.375,0.1314446778299969,-0.020160181066171567
W3,W3/ascending/seed101,0.05,order,2,0.4,0.1312793425924572,0.006361949544061218
W3,W3/ascending/seed101,0.05,order,2,0.425,0.1311265803527938,0.0057366290742963955
W3,W3/ascending/seed101,0.05,order,2,0.45,0.13099251113874238,0.004738763125274215
W3,W3/ascending/seed101,0.05,order,2,0.475,0.13088964219653004,0.0033889765994765675
W3,W3/ascending/seed101,0.05,order,2,0.5,0.13082306230876858,0.00645286125206912
W3,W3/ascending/seed101,0.05,order,2,0.525,0.13056699913392658,0.007677178707621302
W3,W3/ascending/seed101,0.05,order,2,0.55,0.13043920337338752,0.004655461402407468
W3,W3/ascending/seed101,0.05,order,2,0.575,0.1303342260638062,0.0036952938790939527
W3,W3/ascending/seed101,0.05,order,2,0.6,0.1302544386794328,0.0026169411569396672
W3,W3/ascending/seed101,0.05,order,2,0.625,0.1302033790059592,0.0014461413575110882
W3,W3/ascending/seed101,0.05,order,2,0.65,0.13018213161155723,0.00028268916026918944
W3,W3/ascending/seed101,0.05,order,2,0.675,0.13018924454794575,-0.0007182414394288905
W3,W3/ascending/seed101,0.05,order,2,0.7,0.13021804368352868,-0.0013583011118809551
W3,W3/ascending/seed101,0.05,order,2,0.725,0.13025715960353978,-0.0015346004385405898
W3,W3/ascending/seed101,0.05,order,2,0.75,0.1302947737054557,-0.0012688956724549172
W3,W3/ascending/seed101,0.05,order,2,0.775,0.13032060438716253,-0.0006853037317378075
W3,W3/ascending/seed101,0.05,order,2,0.8,0.1303290388920426,2.9839328343328475e-05
W3,W3/ascending/seed101,0.05,order,2,0.825,0.13031911242074537,0.0007125653319568492
W3,W3/ascending/seed101,0.05,order,2,0.85,0.13029341062544472,0.0013435782920945272
W3,W3/ascending/seed101,0.05,order,1,0.35,0.1302713335391486,-0.15458047746763892
W3,W3/ascending/seed101,0.05,order,1,0.3625,0.13153079759603342,-0.04693377163393109
W3,W3/ascending/seed101,0.05,order,1,0.375,0.1314446778299969,0.00688980074434653
W3,W3/ascending/seed101,0.05,order,1,0.3875,0.13135855257742476,0.006613409501587952
W3,W3/ascending/seed101,0.05,order,1,0.4,0.1312793425924572,0.006206888868350191
W3,W3/ascending/seed101,0.05,order,1,0.4125,0.13120338035571605,0.0061104895865353726
W3,W3/ascending/seed101,0.05,order,1,0.425,0.1311265803527938,0.005862041622175518
W3,W3/ascending/seed101,0.05,order,1,0.4375,0.13105682931516166,0.00536276856205653
W3,W3/ascending/seed101,0.05,order,1,0.45,0.13099251113874238,0.004816394116843092
W3,W3/ascending/seed101,0.05,order,1,0.4625,0.13093641946224058,0.004114757688494564
W3,W3/ascending/seed101,0.05,order,1,0.475,0.13088964219653004,0.003389038248937659
W3,W3/ascending/seed101,0.05,order,1,0.4875,0.13085169350601714,0.002663195510457683
W3,W3/ascending/seed101,0.05,order,1,0.5,0.13082306230876858,0.0015795881954279167
W3,W3/ascending/seed101,0.05,order,1,0.5125,0.13081220380113145,0.010242526993679668
W3,W3/ascending/seed101,0.05,order,1,0.525,0.13056699913392658,0.012488388355486713
W3,W3/ascending/seed101,0.05,order,1,0.5375,0.13049999409224428,0.005111830421562935
W3,W3/ascending/seed101,0.05,order,1,0.55,0.13043920337338752,0.004655035465892077
W3,W3/ascending/seed101,0.05,order,1,0.5625,0.13038361820559696,0.004199092383252889
W3,W3/ascending/seed101,0.05,order,1,0.575,0.1303342260638062,0.0037114363034014275
W3,W3/ascending/seed101,0.05,order,1,0.5875,0.13029083229801194,0.0031914953749367925
W3,W3/ascending/seed101,0.05,order,1,0.6,0.1302544386794328,0.0026022643849623606
W3,W3/ascending/seed101,0.05,order,1,0.6125,0.1302257756883879,0.002042386938942542
W3,W3/ascending/seed101,0.05,order,1,0.625,0.1302033790059592,0.0014615086975169334
W3,W3/ascending/seed101,0.05,order,1,0.6375,0.13018923797094997,0.0008498957760796344
W3,W3/ascending/seed101,0.05,order,1,0.65,0.13018213161155723,0.00026162574120558446
W3,W3/ascending/seed101,0.05,order,1,0.6625,0.13018269732741983,-0.00028451745554036734
W3,W3/ascending/seed101,0.05,order,1,0.675,0.13018924454794575,-0.000747039044441955
W3,W3/ascending/seed101,0.05,order,1,0.6875,0.13020137330353088,-0.0011519654233165255
W3,W3/ascending/seed101,0.05,order,1,0.7,0.13021804368352868,-0.0014175780016243422
W3,W3/ascending/seed101,0.05,order,1,0.7125,0.1302368127535715,-0.0015646368004444966
W3,W3/ascending/seed101,0.05,order,1,0.725,0.13025715960353978,-0.0015946745450303723
W3,W3/ascending/seed101,0.05,order,1,0.7375,0.13027667961719724,-0.001504564076636683
W3,W3/ascending/seed101,0.05,order,1,0.75,0.1302947737054557,-0.0012989375888148302
W3,W3/ascending/seed101,0.05,order,1,0.7625,0.13030915305691762,-0.0010332272682731514
W3,W3/ascending/seed101,0.05,order,1,0.775,0.13032060438716253,-0.0007159786617174646
W3,W3/ascending/seed101,0.05,order,1,0.7875,0.13032705252346055,-0.00033738019520157536
W3,W3/ascending/seed101,0.05,order,1,0.8,0.1303290388920426,2.3092225199583538e-05
W3,W3/ascending/seed101,0.05,order,1,0.8125,0.13032647521783056,0.0003970588518891205
W3,W3/ascending/seed101,0.05,order,1,0.825,0.13031911242074537,0.0007428466327779049
W3,W3/ascending/seed101,0.05,order,1,0.8375,0.13030790405201112,0.0010280718120254662
W3,W3/ascending/seed101,0.05,order,1,0.85,0.13029341062544472,0.0012908764385990423
W3,W3/ascending/seed101,0.05,mx,4,0.35,0.006419607870246968,0.1262271518452323
W3,W3/ascending/seed101,0.05,mx,4,0.4,0.011398636669645724,0.07293400013071773
W3,W3/ascending/seed101,0.05,mx,4,0.45,0.013713007883318747,0.05428117047961453
W3,W3/ascending/seed101,0.05,mx,4,0.5,0.016826753717607175,0.04690198362062095
W3,W3/ascending/seed101,0.05,mx,4,0.55,0.018403206245380842,0.02951954866900003
W3,W3/ascending/seed101,0.05,mx,4,0.6,0.019778708584507174,0.03278371010672365
W3,W3/ascending/seed101,0.05,mx,4,0.65,0.02168157725605321,0.04467565372795826
W3,W3/ascending/seed101,0.05,mx,4,0.7,0.024246273957302996,0.05660550006012552
W3,W3/ascending/seed101,0.05,mx,4,0.75,0.027342127262065766,0.06319951529462572
W3,W3/ascending/seed101,0.05,mx,4,0.8,0.030566225486765575,0.061879789596232804
W3,W3/ascending/seed101,0.05,mx,4,0.85,0.03353010622168904,0.05667543980070566
W3,W3/ascending/seed101,0.05,mx,2,0.35,0.006419607870246968,0.22348336796335994
W3,W3/ascending/seed101,0.05,mx,2,0.375,0.01045790716963866,0.09958057598797504
W3,W3/ascending/seed101,0.05,mx,2,0.4,0.011398636669645724,0.040322700219739716
W3,W3/ascending/seed101,0.05,mx,2,0.425,0.012474042180625642,0.046287424273460415
W3,W3/ascending/seed101,0.05,mx,2,0.45,0.013713007883318747,0.0537354490476285
W3,W3/ascending/seed101,0.05,mx,2,0.475,0.015160814633007065,0.06227491668576851
W3,W3/ascending/seed101,0.05,mx,2,0.5,0.016826753717607175,0.05376057226968345
W3,W3/ascending/seed101,0.05,mx,2,0.525,0.01784884324649124,0.03152905055547334
W3,W3/ascending/seed101,0.05,mx,2,0.55,0.018403206245380842,0.023819466268875877
W3,W3/ascending/seed101,0.05,mx,2,0.575,0.019039816559935037,0.027510046782526776
W3,W3/ascending/seed101,0.05,mx,2,0.6,0.019778708584507174,0.032253993117688895
W3,W3/ascending/seed101,0.05,mx,2,0.625,0.020652516215819483,0.03805737343092069
W3,W3/ascending/seed101,0.05,mx,2,0.65,0.02168157725605321,0.044557813996654594
W3,W3/ascending/seed101,0.05,mx,2,0.675,0.022880406915652213,0.05129393402499571
W3,W3/ascending/seed101,0.05,mx,2,0.7,0.024246273957302996,0.05736092388956632
W3,W3/ascending/seed101,0.05,mx,2,0.725,0.02574845311013052,0.061917066095255324
W3,W3/ascending/seed101,0.05,mx,2,0.75,0.027342127262065766,0.06437101908701137
W3,W3/ascending/seed101,0.05,mx,2,0.775,0.028967004064481095,0.06448196449399612
W3,W3/ascending/seed101,0.05,mx,2,0.8,0.030566225486765575,0.06252298363055708
W3,W3/ascending/seed101,0.05,mx,2,0.825,0.03209315324600895,0.05927761469846948
W3,W3/ascending/seed101,0.05,mx,2,0.85,0.03353010622168904,0.05567862335593832
W3,W3/ascending/seed101,0.05,mx,1,0.35,0.006419607870246968,0.41418413174756685
W3,W3/ascending/seed101,0.05,mx,1,0.3625,0.010017833518517186,0.1615319719756675
W3,W3/ascending/seed101,0.05,mx,1,0.375,0.01045790716963866,0.035236517402692624
W3,W3/ascending/seed101,0.05,mx,1,0.3875,0.010898746453584502,0.03762918000028259
W3,W3/ascending/seed101,0.05,mx,1,0.4,0.011398636669645724,0.040910018107324475
W3,W3/ascending/seed101,0.05,mx,1,0.4125,0.011921496906267615,0.04301622043919684
W3,W3/ascending/seed101,0.05,mx,1,0.425,0.012474042180625642,0.045930907959003175
W3,W3/ascending/seed101,0.05,mx,1,0.4375,0.013069769605242696,0.0495586281077241
W3,W3/ascending/seed101,0.05,mx,1,0.45,0.013713007883318747,0.05340089448680396
W3,W3/ascending/seed101,0.05,mx,1,0.4625,0.014404791967412796,0.05791226998753274
W3,W3/ascending/seed101,0.05,mx,1,0.475,0.015160814633007065,0.06255415111992801
W3,W3/ascending/seed101,0.05,mx,1,0.4875,0.01596864574541099,0.06663756338400428
W3,W3/ascending/seed101,0.05,mx,1,0.5,0.016826753717607175,0.0722968546024666
W3,W3/ascending/seed101,0.05,mx,1,0.5125,0.017776067110472655,0.04088358115536295
W3,W3/ascending/seed101,0.05,mx,1,0.525,0.01784884324649124,0.01354298849458857
W3,W3/ascending/seed101,0.05,mx,1,0.5375,0.01811464182283737,0.02217451995558406
W3,W3/ascending/seed101,0.05,mx,1,0.55,0.018403206245380842,0.02372916031466943
W3,W3/ascending/seed101,0.05,mx,1,0.5625,0.018707870830704104,0.025464412582167917
W3,W3/ascending/seed101,0.05,mx,1,0.575,0.019039816559935037,0.027425884435886116
W3,W3/ascending/seed101,0.05,mx,1,0.5875,0.019393517941601258,0.029555680982885524
W3,W3/ascending/seed101,0.05,mx,1,0.6,0.019778708584507174,0.03228925949366923
W3,W3/ascending/seed101,0.05,mx,1,0.6125,0.02020074942894299,0.034952305252492266
W3,W3/ascending/seed101,0.05,mx,1,0.625,0.020652516215819483,0.03786053540980072
W3,W3/ascending/seed101,0.05,mx,1,0.6375,0.021147262814188002,0.04116244160934901
W3,W3/ascending/seed101,0.05,mx,1,0.65,0.02168157725605321,0.0446291173745037
W3,W3/ascending/seed101,0.05,mx,1,0.6625,0.022262990748550596,0.047953186383959956
W3,W3/ascending/seed101,0.05,mx,1,0.675,0.022880406915652213,0.05119862254588314
W3,W3/ascending/seed101,0.05,mx,1,0.6875,0.023542956312197674,0.05463468166603158
W3,W3/ascending/seed101,0.05,mx,1,0.7,0.024246273957302996,0.057548548345282446
W3,W3/ascending/seed101,0.05,mx,1,0.7125,0.024981670020829738,0.06008716611310094
W3,W3/ascending/seed101,0.05,mx,1,0.725,0.02574845311013052,0.06219187643702051
W3,W3/ascending/seed101,0.05,mx,1,0.7375,0.026536466931755254,0.0637469660774097
W3,W3/ascending/seed101,0.05,mx,1,0.75,0.027342127262065766,0.06455010099152791
W3,W3/ascending/seed101,0.05,mx,1,0.7625,0.028150219456543446,0.06499507209661304
W3,W3/ascending/seed101,0.05,mx,1,0.775,0.028967004064481095,0.06478422995857525
W3,W3/ascending/seed101,0.05,mx,1,0.7875,0.029769825205507826,0.06396885689137899
W3,W3/ascending/seed101,0.05,mx,1,0.8,0.030566225486765575,0.06292175986956328
W3,W3/ascending/seed101,0.05,mx,1,0.8125,0.03134286920224691,0.06107711036973518
W3,W3/ascending/seed101,0.05,mx,1,0.825,0.03209315324600895,0.05923464243766885
W3,W3/ascending/seed101,0.05,mx,1,0.8375,0.03282373526318863,0.05747811902720357
W3,W3/ascending/seed101,0.05,mx,1,0.85,0.03353010622168904,0.0555412343328614
W3,W3/descending/seed101,0,order,4,0.35,0.4742142760354062,0.195798415228996
W3,W3/descending/seed101,0,order,4,0.4,0.46205199545446984,0.290692808008461
W3,W3/descending/seed101,0,order,4,0.45,0.4451449952345602,0.3952680749203372
W3,W3/descending/seed101,0,order,4,0.5,0.4225251879624361,0.5088804692086826
W3,W3/descending/seed101,0,order,4,0.55,0.39425694831369185,0.6218491167410853
W3,W3/descending/seed101,0,order,4,0.6,0.36123682016957437,
W3,W3/descending/seed101,0,order,4,0.65,0.33040891843360803,
W3,W3/descending/seed101,0,order,4,0.7,0.3032577814519542,0.4952442384736626
W3,W3/descending/seed101,0,order,4,0.75,0.2807300299867736,0.40586582013356187
W3,W3/descending/seed101,0,order,4,0.8,0.26267119943859796,0.3237836767507636
W3,W3/descending/seed101,0,order,4,0.85,0.24835166231169717,0.24899780832526908
W3,W3/descending/seed101,0,order,2,0.35,0.4742142760354062,0.20227883928724388
W3,W3/descending/seed101,0,order,2,0.375,0.46864522039908163,0.24324561161872715
W3,W3/descending/seed101,0,order,2,0.4,0.46205199545446984,0.28752593454662545
W3,W3/descending/seed101,0,order,2,0.425,0.4542689236717503,0.33814000439819303
W3,W3/descending/seed101,0,order,2,0.45,0.4451449952345602,0.39382641800020757
W3,W3/descending/seed101,0,order,2,0.475,0.4345776027717399,0.4523961454424832
W3,W3/descending/seed101,0,order,2,0.5,0.4225251879624361,0.5108589752990849
W3,W3/descending/seed101,0,order,2,0.525,0.4090346540067857,0.5653647929748846
W3,W3/descending/seed101,0,order,2,0.55,0.39425694831369185,0.6116949102256504
W3,W3/descending/seed101,0,order,2,0.575,0.3784499084955032,0.6528682752294479
W3,W3/descending/seed101,0,order,2,0.6,0.36123682016957437,
W3,W3/descending/seed101,0,order,2,0.625,0.3454724642824444,
W3,W3/descending/seed101,0,order,2,0.65,0.33040891843360803,
W3,W3/descending/seed101,0,order,2,0.675,0.3162816025327712,
W3,W3/descending/seed101,0,order,2,0.7,0.3032577814519542,0.4975351709645457
W3,W3/descending/seed101,0,order,2,0.725,0.29140665394860227,0.4505550293036116
W3,W3/descending/seed101,0,order,2,0.75,0.2807300299867736,0.4045262102266127
W3,W3/descending/seed101,0,order,2,0.775,0.2711803434372716,0.36117661096351217
W3,W3/descending/seed101,0,order,2,0.8,0.26267119943859796,0.3216545481476656
W3,W3/descending/seed101,0,order,2,0.825,0.2550976160298884,0.2863907425380159
W3,W3/descending/seed101,0,order,2,0.85,0.24835166231169717,0.25328555491727833
W3,W3/descending/seed101,0,order,1,0.35,0.4742142760354062,0.2039095769006387
W3,W3/descending/seed101,0,order,1,0.3625,0.4715475772706961,0.22276222545298552
W3,W3/descending/seed101,0,order,1,0.375,0.46864522039908163,0.2424347262377573
W3,W3/descending/seed101,0,order,1,0.3875,0.46548670911475215,0.2637289977844688
W3,W3/descending/seed101,0,order,1,0.4,0.46205199545446984,0.28668650550660146
W3,W3/descending/seed101,0,order,1,0.4125,0.45831954647708717,0.31132287130877856
W3,W3/descending/seed101,0,order,1,0.425,0.4542689236717503,0.3375122944463982
W3,W3/descending/seed101,0,order,1,0.4375,0.4498817391159272,0.36495713748760394
W3,W3/descending/seed101,0,order,1,0.45,0.4451449952345602,0.3934287990595138
W3,W3/descending/seed101,0,order,1,0.4625,0.4400460191394394,0.42269569851281474
W3,W3/descending/seed101,0,order,1,0.475,0.4345776027717399,0.4524127158693183
W3,W3/descending/seed101,0,order,1,0.4875,0.42873570124270644,0.48209659237215163
W3,W3/descending/seed101,0,order,1,0.5,0.4225251879624361,0.5113375186337876
W3,W3/descending/seed101,0,order,1,0.5125,0.41595226327686186,0.5396213582260181
W3,W3/descending/seed101,0,order,1,0.525,0.4090346540067857,0.5664427232475546
W3,W3/descending/seed101,0,order,1,0.5375,0.40179119519567297,0.5911082277237529
W3,W3/descending/seed101,0,order,1,0.55,0.39425694831369185,0.6130489953312619
W3,W3/descending/seed101,0,order,1,0.5625,0.3864649703123914,0.6322815927275478
W3,W3/descending/seed101,0,order,1,0.575,0.3784499084955032,0.649148871663991
W3,W3/descending/seed101,0,order,1,0.5875,0.3702362485207916,0.6650367242898554
W3,W3/descending/seed101,0,order,1,0.6,0.36123682016957437,
W3,W3/descending/seed101,0,order,1,0.6125,0.35328565511833543,
W3,W3/descending/seed101,0,order,1,0.625,0.3454724642824444,
W3,W3/descending/seed101,0,order,1,0.6375,0.3378365072038587,
W3,W3/descending/seed101,0,order,1,0.65,0.33040891843360803,
W3,W3/descending/seed101,0,order,1,0.6625,0.3232161798607796,
W3,W3/descending/seed101,0,order,1,0.675,0.3162816025327712,
W3,W3/descending/seed101,0,order,1,0.6875,0.30962801136507384,0.5214556218891921
W3,W3/descending/seed101,0,order,1,0.7,0.3032577814519542,0.4977811642099539
W3,W3/descending/seed101,0,order,1,0.7125,0.297183482259825,0.4740451001340773
W3,W3/descending/seed101,0,order,1,0.725,0.29140665394860227,0.4504456808503452
W3,W3/descending/seed101,0,order,1,0.7375,0.28592234023856633,0.42706495847314585
W3,W3/descending/seed101,0,order,1,0.75,0.2807300299867736,0.40411985770506753
W3,W3/descending/seed101,0,order,1,0.7625,0.27581934379593964,0.3819874619800796
W3,W3/descending/seed101,0,order,1,0.775,0.2711803434372716,0.36065103073601534
W3,W3/descending/seed101,0,order,1,0.7875,0.2668030680275392,0.34036575994694473
W3,W3/descending/seed101,0,order,1,0.8,0.26267119943859796,0.32117156520760837
W3,W3/descending/seed101,0,order,1,0.8125,0.258773778897349,0.3029433363483829
W3,W3/descending/seed101,0,order,1,0.825,0.2550976160298884,0.2858386321359667
W3,W3/descending/seed101,0,order,1,0.8375,0.2516278130939498,0.2698381487276489
W3,W3/descending/seed101,0,order,1,0.85,0.24835166231169717,0.2543459764327771
W3,W3/descending/seed101,0,mx,4,0.35,0.261918931884881,1.0206065430397473
W3,W3/descending/seed101,0,mx,4,0.4,0.3167858699660398,1.1740709802066025
W3,W3/descending/seed101,0,mx,4,0.45,0.3793260299055413,1.320116207362061
W3,W3/descending/seed101,0,mx,4,0.5,0.4487974907022459,1.425903084033103
W3,W3/descending/seed101,0,mx,4,0.55,0.5219163383088516,1.498850820231123
W3,W3/descending/seed101,0,mx,4,0.6,0.59406850104395,
W3,W3/descending/seed101,0,mx,4,0.65,0.6544718296752787,
W3,W3/descending/seed101,0,mx,4,0.7,0.7032031059730519,0.8464669151508506
W3,W3/descending/seed101,0,mx,4,0.75,0.7412499758411515,0.675407879573128
W3,W3/descending/seed101,0,mx,4,0.8,0.7707438939303648,0.5266516975327571
W3,W3/descending/seed101,0,mx,4,0.85,0.7939151455944271,0.4001983690297308
W3,W3/descending/seed101,0,mx,2,0.35,0.261918931884881,1.0236664512294222
W3,W3/descending/seed101,0,mx,2,0.375,0.2884314970455385,1.097338761623175
W3,W3/descending/seed101,0,mx,2,0.4,0.3167858699660398,1.1730516118290977
W3,W3/descending/seed101,0,mx,2,0.425,0.34708407763699334,1.2508031987900292
W3,W3/descending/seed101,0,mx,2,0.45,0.3793260299055413,1.3250966546540832
W3,W3/descending/seed101,0,mx,2,0.475,0.4133389103696974,1.38942921593409
W3,W3/descending/seed101,0,mx,2,0.5,0.4487974907022459,1.437344022984881
W3,W3/descending/seed101,0,mx,2,0.525,0.48520611151894155,1.4623769521321144
W3,W3/descending/seed101,0,mx,2,0.55,0.5219163383088516,1.459325289443285
W3,W3/descending/seed101,0,mx,2,0.575,0.5581723759911058,1.4411577251370602
W3,W3/descending/seed101,0,mx,2,0.6,0.59406850104395,
W3,W3/descending/seed101,0,mx,2,0.625,0.6257123345604109,
W3,W3/descending/seed101,0,mx,2,0.65,0.6544718296752787,
W3,W3/descending/seed101,0,mx,2,0.675,0.6802795713427228,
W3,W3/descending/seed101,0,mx,2,0.7,0.7032031059730519,0.8581141878398206
W3,W3/descending/seed101,0,mx,2,0.725,0.7234412507880746,0.7609373973619906
W3,W3/descending/seed101,0,mx,2,0.75,0.7412499758411515,0.6695782411553637
W3,W3/descending/seed101,0,mx,2,0.775,0.7569201628458428,0.5898783617842653
W3,W3/descending/seed101,0,mx,2,0.8,0.7707438939303648,0.521476417627305
W3,W3/descending/seed101,0,mx,2,0.825,0.7829939837272082,0.4634250332812506
W3,W3/descending/seed101,0,mx,2,0.85,0.7939151455944271,0.41026791609627367
W3,W3/descending/seed101,0,mx,1,0.35,0.261918931884881,1.0252555843847766
W3,W3/descending/seed101,0,mx,1,0.3625,0.27495492057745025,1.060502606426299
W3,W3/descending/seed101,0,mx,1,0.375,0.2884314970455385,1.0965605517028099
W3,W3/descending/seed101,0,mx,1,0.3875,0.30236893437002055,1.1341749168200508
W3,W3/descending/seed101,0,mx,1,0.4,0.3167858699660398,1.1727596297977207
W3,W3/descending/seed101,0,mx,1,0.4125,0.3316879251149636,1.2119283068381446
W3,W3/descending/seed101,0,mx,1,0.425,0.34708407763699334,1.2513422904240468
W3,W3/descending/seed101,0,mx,1,0.4375,0.36297148237556476,1.2896780907419174
W3,W3/descending/seed101,0,mx,1,0.45,0.3793260299055413,1.3262853565719404
W3,W3/descending/seed101,0,mx,1,0.4625,0.3961286162898633,1.3605152185662401
W3,W3/descending/seed101,0,mx,1,0.475,0.4133389103696974,1.3914898880680084
W3,W3/descending/seed101,0,mx,1,0.4875,0.43091586349156336,1.418343213301938
W3,W3/descending/seed101,0,mx,1,0.5,0.4487974907022459,1.4402316794802026
W3,W3/descending/seed101,0,mx,1,0.5125,0.46692165547856845,1.456344832667824
W3,W3/descending/seed101,0,mx,1,0.525,0.48520611151894155,1.466004034998388
W3,W3/descending/seed101,0,mx,1,0.5375,0.5035717563535282,1.4684090715964047
W3,W3/descending/seed101,0,mx,1,0.55,0.5219163383088516,1.463000053976291
W3,W3/descending/seed101,0,mx,1,0.5625,0.5401467577029355,1.4502415072901726
W3,W3/descending/seed101,0,mx,1,0.575,0.5581723759911058,1.4310697023517243
W3,W3/descending/seed101,0,mx,1,0.5875,0.5759235002617287,1.4091101809479198
W3,W3/descending/seed101,0,mx,1,0.6,0.59406850104395,
W3,W3/descending/seed101,0,mx,1,0.6125,0.6102389092867658,
W3,W3/descending/seed101,0,mx,1,0.625,0.6257123345604109,
W3,W3/descending/seed101,0,mx,1,0.6375,0.6404618453606921,
W3,W3/descending/seed101,0,mx,1,0.65,0.6544718296752787,
W3,W3/descending/seed101,0,mx,1,0.6625,0.6677423756981509,
W3,W3/descending/seed101,0,mx,1,0.675,0.6802795713427228,
W3,W3/descending/seed101,0,mx,1,0.6875,0.6920895904113716,0.9160252623600975
W3,W3/descending/seed101,0,mx,1,0.7,0.7032031059730519,0.8621372275087609
W3,W3/descending/seed101,0,mx,1,0.7125,0.7136430210990907,0.8095257926009047
W3,W3/descending/seed101,0,mx,1,0.725,0.7234412507880746,0.7595800065852316
W3,W3/descending/seed101,0,mx,1,0.7375,0.7326325212637215,0.7123490021230694
W3,W3/descending/seed101,0,mx,1,0.75,0.7412499758411515,0.6680736046446967
W3,W3/descending/seed101,0,mx,1,0.7625,0.7493343613798389,0.6268074801876544
W3,W3/descending/seed101,0,mx,1,0.775,0.7569201628458428,0.588400149885274
W3,W3/descending/seed101,0,mx,1,0.7875,0.7640443651269707,0.5529492433808763
W3,W3/descending/seed101,0,mx,1,0.8,0.7707438939303648,0.5202440763624345
W3,W3/descending/seed101,0,mx,1,0.8125,0.7770504670360315,0.4900035918737373
W3,W3/descending/seed101,0,mx,1,0.825,0.7829939837272082,0.4622777610947644
W3,W3/descending/seed101,0,mx,1,0.8375,0.7886074110634006,0.4368464746887568
W3,W3/descending/seed101,0,mx,1,0.85,0.7939151455944271,0.41239105027548817
W3,W3/descending/seed101,0.01,order,4,0.35,0.2632012043879505,0.11153181049784244
W3,W3/descending/seed101,0.01,order,4,0.4,0.2570405867100002,0.13489289662017212
W3,W3/descending/seed101,0.01,order,4,0.45,0.24971191472593332,0.15496374601107954
W3,W3/descending/seed101,0.01,order,4,0.5,0.24154421210889224,0.17271820425706652
W3,W3/descending/seed101,0.01,order,4,0.55,0.23244009430022666,0.1914465080895562
W3,W3/descending/seed101,0.01,order,4,0.6,0.22247212941186134,
W3,W3/descending/seed101,0.01,order,4,0.65,0.21139388434756234,
W3,W3/descending/seed101,0.01,order,4,0.7,0.2015349119020357,0.1806095637294467
W3,W3/descending/seed101,0.01,order,4,0.75,0.19328556407891445,0.1493643491954031
W3,W3/descending/seed101,0.01,order,4,0.8,0.1865984769824954,0.1208775153799273
W3,W3/descending/seed101,0.01,order,4,0.85,0.18119781254092168,0.09514906228302333
W3,W3/descending/seed101,0.01,order,2,0.35,0.2632012043879505,0.11212803033186436
W3,W3/descending/seed101,0.01,order,2,0.375,0.26025944958931463,0.12321235355900662
W3,W3/descending/seed101,0.01,order,2,0.4,0.2570405867100002,0.13439436802106286
W3,W3/descending/seed101,0.01,order,2,0.425,0.25353973118826145,0.1465734396813385
W3,W3/descending/seed101,0.01,order,2,0.45,0.24971191472593332,0.15593199475026598
W3,W3/descending/seed101,0.01,order,2,0.475,0.2457431314507481,0.16335405234082234
W3,W3/descending/seed101,0.01,order,2,0.5,0.24154421210889224,0.17255855539789167
W3,W3/descending/seed101,0.01,order,2,0.525,0.2371152036808535,0.1820823561733116
W3,W3/descending/seed101,0.01,order,2,0.55,0.23244009430022666,0.19197756523657006
W3,W3/descending/seed101,0.01,order,2,0.575,0.22751632541902508,0.2019239452595567
W3,W3/descending/seed101,0.01,order,2,0.6,0.22247212941186134,
W3,W3/descending/seed101,0.01,order,2,0.625,0.21681813116414353,
W3,W3/descending/seed101,0.01,order,2,0.65,0.21139388434756234,
W3,W3/descending/seed101,0.01,order,2,0.675,0.2062804946849267,
W3,W3/descending/seed101,0.01,order,2,0.7,0.2015349119020357,0.18172233047711872
W3,W3/descending/seed101,0.01,order,2,0.725,0.1972010458152914,0.16498695646242512
W3,W3/descending/seed101,0.01,order,2,0.75,0.19328556407891445,0.14880747650309933
W3,W3/descending/seed101,0.01,order,2,0.775,0.18976067199013644,0.13374174192838106
W3,W3/descending/seed101,0.01,order,2,0.8,0.1865984769824954,0.12002322146689304
W3,W3/descending/seed101,0.01,order,2,0.825,0.18375951091679182,0.10801328883147399
W3,W3/descending/seed101,0.01,order,2,0.85,0.18119781254092168,0.09692258123813602
W3,W3/descending/seed101,0.01,order,1,0.35,0.2632012043879505,0.11069059675556048
W3,W3/descending/seed101,0.01,order,1,0.3625,0.2617739494585693,0.11767019194543415
W3,W3/descending/seed101,0.01,order,1,0.375,0.26025944958931463,0.12022005022738114
W3,W3/descending/seed101,0.01,order,1,0.3875,0.2587684482028848,0.12875451517257908
W3,W3/descending/seed101,0.01,order,1,0.4,0.2570405867100002,0.13746478953553698
W3,W3/descending/seed101,0.01,order,1,0.4125,0.2553318284644964,0.14003422086954664
W3,W3/descending/seed101,0.01,order,1,0.425,0.25353973118826145,0.14834902296473906
W3,W3/descending/seed101,0.01,order,1,0.4375,0.2516231028903779,0.15311265849312505
W3,W3/descending/seed101,0.01,order,1,0.45,0.24971191472593332,0.1552904690930461
W3,W3/descending/seed101,0.01,order,1,0.4625,0.24774084116305176,0.15875133100741223
W3,W3/descending/seed101,0.01,order,1,0.475,0.2457431314507481,0.16270511864763826
W3,W3/descending/seed101,0.01,order,1,0.4875,0.24367321319686075,0.16795677367423423
W3,W3/descending/seed101,0.01,order,1,0.5,0.24154421210889224,0.17233386769980896
W3,W3/descending/seed101,0.01,order,1,0.5125,0.23936486650436556,0.1771603371215491
W3,W3/descending/seed101,0.01,order,1,0.525,0.2371152036808535,0.18245838210064136
W3,W3/descending/seed101,0.01,order,1,0.5375,0.23480340695184956,0.1870043752250723
W3,W3/descending/seed101,0.01,order,1,0.55,0.23244009430022666,0.1920309871425694
W3,W3/descending/seed101,0.01,order,1,0.5625,0.23000263227328532,0.1969507552480625
W3,W3/descending/seed101,0.01,order,1,0.575,0.22751632541902508,0.2004302731412153
W3,W3/descending/seed101,0.01,order,1,0.5875,0.2249918754447549,0.20348172274201204
W3,W3/descending/seed101,0.01,order,1,0.6,0.22247212941186134,
W3,W3/descending/seed101,0.01,order,1,0.6125,0.21962468832052356,
W3,W3/descending/seed101,0.01,order,1,0.625,0.21681813116414353,
W3,W3/descending/seed101,0.01,order,1,0.6375,0.2140711797168874,
W3,W3/descending/seed101,0.01,order,1,0.65,0.21139388434756234,
W3,W3/descending/seed101,0.01,order,1,0.6625,0.20879310929584266,
W3,W3/descending/seed101,0.01,order,1,0.675,0.2062804946849267,
W3,W3/descending/seed101,0.01,order,1,0.6875,0.20385756847049583,0.19000675570746495
W3,W3/descending/seed101,0.01,order,1,0.7,0.2015349119020357,0.18161829524615314
W3,W3/descending/seed101,0.01,order,1,0.7125,0.199317111089342,0.17335464346977147
W3,W3/descending/seed101,0.01,order,1,0.725,0.1972010458152914,0.1649881989838935
W3,W3/descending/seed101,0.01,order,1,0.7375,0.19519240611474467,0.15661926945507787
W3,W3/descending/seed101,0.01,order,1,0.75,0.19328556407891445,0.14861399046911217
W3,W3/descending/seed101,0.01,order,1,0.7625,0.19147705635301687,0.1409956835511208
W3,W3/descending/seed101,0.01,order,1,0.775,0.18976067199013644,0.13352680939328376
W3,W3/descending/seed101,0.01,order,1,0.7875,0.18813888611818477,0.12648780030564044
W3,W3/descending/seed101,0.01,order,1,0.8,0.1865984769824954,0.11996770715468674
W3,W3/descending/seed101,0.01,order,1,0.8125,0.18513969343931758,0.11355864262814386
W3,W3/descending/seed101,0.01,order,1,0.825,0.18375951091679182,0.10770122190509479
W3,W3/descending/seed101,0.01,order,1,0.8375,0.18244716289169022,0.10246793503480589
W3,W3/descending/seed101,0.01,order,1,0.85,0.18119781254092168,0.09742812108816068
W3,W3/descending/seed101,0.01,mx,4,0.35,0.15492036437193218,0.4459859712149483
W3,W3/descending/seed101,0.01,mx,4,0.4,0.17850880088659862,0.49755148937170746
W3,W3/descending/seed101,0.01,mx,4,0.45,0.20467551330910297,0.5472220837896324
W3,W3/descending/seed101,0.01,mx,4,0.5,0.23323100926556187,0.5907561791374576
W3,W3/descending/seed101,0.01,mx,4,0.55,0.2637511312228487,0.6300486991540151
W3,W3/descending/seed101,0.01,mx,4,0.6,0.2973913989695958,
W3,W3/descending/seed101,0.01,mx,4,0.65,0.3206106318975135,
W3,W3/descending/seed101,0.01,mx,4,0.7,0.3388917180391363,0.31270342981825383
W3,W3/descending/seed101,0.01,mx,4,0.75,0.35301045599213776,0.25204608830180186
W3,W3/descending/seed101,0.01,mx,4,0.8,0.36409632686931653,0.19997112493214475
W3,W3/descending/seed101,0.01,mx,4,0.85,0.37300756848535216,0.15647853970927805
W3,W3/descending/seed101,0.01,mx,2,0.35,0.15492036437193218,0.44072360019530477
W3,W3/descending/seed101,0.01,mx,2,0.375,0.16632651850304012,0.47176873029332844
W3,W3/descending/seed101,0.01,mx,2,0.4,0.17850880088659862,0.49918980179670447
W3,W3/descending/seed101,0.01,mx,2,0.425,0.1912860085928753,0.5233342484500865
W3,W3/descending/seed101,0.01,mx,2,0.45,0.20467551330910297,0.5481982205453084
W3,W3/descending/seed101,0.01,mx,2,0.475,0.21869591962014068,0.5711099191291771
W3,W3/descending/seed101,0.01,mx,2,0.5,0.23323100926556187,0.5920926774753861
W3,W3/descending/seed101,0.01,mx,2,0.525,0.24830055349391,0.6104024391457363
W3,W3/descending/seed101,0.01,mx,2,0.55,0.2637511312228487,0.6223851215406109
W3,W3/descending/seed101,0.01,mx,2,0.575,0.27941980957094054,0.6311091463067378
W3,W3/descending/seed101,0.01,mx,2,0.6,0.2973913989695958,
W3,W3/descending/seed101,0.01,mx,2,0.625,0.3096194613715599,
W3,W3/descending/seed101,0.01,mx,2,0.65,0.3206106318975135,
W3,W3/descending/seed101,0.01,mx,2,0.675,0.3303568161559428,
W3,W3/descending/seed101,0.01,mx,2,0.7,0.3388917180391363,0.31620309321079976
W3,W3/descending/seed101,0.01,mx,2,0.725,0.3463739411925217,0.28237475906002807
W3,W3/descending/seed101,0.01,mx,2,0.75,0.35301045599213776,0.2498110119134056
W3,W3/descending/seed101,0.01,mx,2,0.775,0.35886449178819196,0.22171741754357566
W3,W3/descending/seed101,0.01,mx,2,0.8,0.36409632686931653,0.19852700263971013
W3,W3/descending/seed101,0.01,mx,2,0.825,0.3687908419201775,0.17822483232071384
W3,W3/descending/seed101,0.01,mx,2,0.85,0.37300756848535216,0.15911329289326304
W3,W3/descending/seed101,0.01,mx,1,0.35,0.15492036437193218,0.4627638004050256
W3,W3/descending/seed101,0.01,mx,1,0.3625,0.1606641766572406,0.45624616524431705
W3,W3/descending/seed101,0.01,mx,1,0.375,0.16632651850304012,0.4708250571013206
W3,W3/descending/seed101,0.01,mx,1,0.3875,0.1724348030847736,0.48729129534233984
W3,W3/descending/seed101,0.01,mx,1,0.4,0.17850880088659862,0.49521366460430905
W3,W3/descending/seed101,0.01,mx,1,0.4125,0.18481514469988133,0.5110883082510691
W3,W3/descending/seed101,0.01,mx,1,0.425,0.1912860085928753,0.5237423402483072
W3,W3/descending/seed101,0.01,mx,1,0.4375,0.19790870320608903,0.5355801886491065
W3,W3/descending/seed101,0.01,mx,1,0.45,0.20467551330910297,0.5480881153175012
W3,W3/descending/seed101,0.01,mx,1,0.4625,0.21161090608902658,0.5608162524415068
W3,W3/descending/seed101,0.01,mx,1,0.475,0.21869591962014068,0.5717063184338347
W3,W3/descending/seed101,0.01,mx,1,0.4875,0.22590356404987239,0.5814035858168474
W3,W3/descending/seed101,0.01,mx,1,0.5,0.23323100926556187,0.5926291850139833
W3,W3/descending/seed101,0.01,mx,1,0.5125,0.24071929367522202,0.602781769133923
W3,W3/descending/seed101,0.01,mx,1,0.525,0.24830055349391,0.6103653878502104
W3,W3/descending/seed101,0.01,mx,1,0.5375,0.2559784283714773,0.6180231091575461
W3,W3/descending/seed101,0.01,mx,1,0.55,0.2637511312228487,0.6229953390705134
W3,W3/descending/seed101,0.01,mx,1,0.5625,0.27155331184824016,0.6267471339236756
W3,W3/descending/seed101,0.01,mx,1,0.575,0.27941980957094054,0.6335191496268031
W3,W3/descending/seed101,0.01,mx,1,0.5875,0.2873912905889102,0.641917813248341
W3,W3/descending/seed101,0.01,mx,1,0.6,0.2973913989695958,
W3,W3/descending/seed101,0.01,mx,1,0.6125,0.30367621174579845,
W3,W3/descending/seed101,0.01,mx,1,0.625,0.3096194613715599,
W3,W3/descending/seed101,0.01,mx,1,0.6375,0.31526928249576974,
W3,W3/descending/seed101,0.01,mx,1,0.65,0.3206106318975135,
W3,W3/descending/seed101,0.01,mx,1,0.6625,0.3256383419198977,
W3,W3/descending/seed101,0.01,mx,1,0.675,0.3303568161559428,
W3,W3/descending/seed101,0.01,mx,1,0.6875,0.3347604358270556,0.3408700628182242
W3,W3/descending/seed101,0.01,mx,1,0.7,0.3388917180391363,0.32013509111469673
W3,W3/descending/seed101,0.01,mx,1,0.7125,0.34276381310492304,0.29928892613541436
W3,W3/descending/seed101,0.01,mx,1,0.725,0.3463739411925217,0.28131914051721907
W3,W3/descending/seed101,0.01,mx,1,0.7375,0.3497967916178535,0.2654605919846418
W3,W3/descending/seed101,0.01,mx,1,0.75,0.35301045599213776,0.24912709685032652
W3,W3/descending/seed101,0.01,mx,1,0.7625,0.3560249690391116,0.23416143184216764
W3,W3/descending/seed101,0.01,mx,1,0.775,0.35886449178819196,0.22139971214127918
W3,W3/descending/seed101,0.01,mx,1,0.7875,0.3615599618426436,0.20927340324498367
W3,W3/descending/seed101,0.01,mx,1,0.8,0.36409632686931653,0.1971633447192307
W3,W3/descending/seed101,0.01,mx,1,0.8125,0.3664890454606244,0.1877806020344419
W3,W3/descending/seed101,0.01,mx,1,0.825,0.3687908419201775,0.1785787205599565
W3,W3/descending/seed101,0.01,mx,1,0.8375,0.3709535134746233,0.16866906260698578
W3,W3/descending/seed101,0.01,mx,1,0.85,0.37300756848535216,0.15997973910963026
W3,W3/descending/seed101,0.05,order,4,0.35,0.12904852716209322,0.007459640862434336
W3,W3/descending/seed101,0.05,order,4,0.4,0.1286966242114995,0.006616477161314416
W3,W3/descending/seed101,0.05,order,4,0.45,0.12838687944596178,0.0050103133745074135
W3,W3/descending/seed101,0.05,order,4,0.5,0.12819559287404875,0.002750917268152131
W3,W3/descending/seed101,0.05,order,4,0.55,0.12811178771914655,0.0006012889279349842
W3,W3/descending/seed101,0.05,order,4,0.6,0.12815679361606067,
W3,W3/descending/seed101,0.05,order,4,0.65,0.12793394640620515,
W3,W3/descending/seed101,0.05,order,4,0.7,0.12771606913041317,0.004067990642391717
W3,W3/descending/seed101,0.05,order,4,0.75,0.12753022717524018,0.0033656875645278195
W3,W3/descending/seed101,0.05,order,4,0.8,0.12737950037396037,0.002769565687957609
W3,W3/descending/seed101,0.05,order,4,0.85,0.1272532706064444,0.002279625012682196
W3,W3/descending/seed101,0.05,order,2,0.35,0.12904852716209322,0.0073419724294749855
W3,W3/descending/seed101,0.05,order,2,0.375,0.12886877676907635,0.007038059011874598
W3,W3/descending/seed101,0.05,order,2,0.4,0.1286966242114995,0.006648663642652153
W3,W3/descending/seed101,0.05,order,2,0.425,0.1285363435869437,0.006194895310754678
W3,W3/descending/seed101,0.05,order,2,0.45,0.12838687944596178,0.005187416591695193
W3,W3/descending/seed101,0.05,order,2,0.475,0.12827697275735894,0.0038257314382610375
W3,W3/descending/seed101,0.05,order,2,0.5,0.12819559287404875,0.002692578130662149
W3,W3/descending/seed101,0.05,order,2,0.525,0.12814234385082585,0.0016761030980436686
W3,W3/descending/seed101,0.05,order,2,0.55,0.12811178771914655,0.0009044692349320371
W3,W3/descending/seed101,0.05,order,2,0.575,0.12809712038907925,0.0002689171704508553
W3,W3/descending/seed101,0.05,order,2,0.6,0.12815679361606067,
W3,W3/descending/seed101,0.05,order,2,0.625,0.1280463314486717,
W3,W3/descending/seed101,0.05,order,2,0.65,0.12793394640620515,
W3,W3/descending/seed101,0.05,order,2,0.675,0.12782304499728026,
W3,W3/descending/seed101,0.05,order,2,0.7,0.12771606913041317,0.004136009740084656
W3,W3/descending/seed101,0.05,order,2,0.725,0.12761790851986887,0.003716839103459435
W3,W3/descending/seed101,0.05,order,2,0.75,0.12753022717524018,0.0033397705565247904
W3,W3/descending/seed101,0.05,order,2,0.775,0.12745091999204264,0.003014536025596204
W3,W3/descending/seed101,0.05,order,2,0.8,0.12737950037396037,0.0027305761174494236
W3,W3/descending/seed101,0.05,order,2,0.825,0.1273143911861702,0.0025245953503190144
W3,W3/descending/seed101,0.05,order,2,0.85,0.1272532706064444,0.0023650510277422043
W3,W3/descending/seed101,0.05,order,1,0.35,0.12904852716209322,0.0069756171452564075
W3,W3/descending/seed101,0.05,order,1,0.3625,0.12895999195668115,0.007190015720675014
W3,W3/descending/seed101,0.05,order,1,0.375,0.12886877676907635,0.006634513931221164
W3,W3/descending/seed101,0.05,order,1,0.3875,0.12879412910840063,0.006886102303074182
W3,W3/descending/seed101,0.05,order,1,0.4,0.1286966242114995,0.007141006920702964
W3,W3/descending/seed101,0.05,order,1,0.4125,0.12861560393538307,0.006411224982231012
W3,W3/descending/seed101,0.05,order,1,0.425,0.1285363435869437,0.0064710944593375785
W3,W3/descending/seed101,0.05,order,1,0.4375,0.12845382657389964,0.0059785656392774555
W3,W3/descending/seed101,0.05,order,1,0.45,0.12838687944596178,0.005105780595449083
W3,W3/descending/seed101,0.05,order,1,0.4625,0.12832618205901342,0.004396267544113819
W3,W3/descending/seed101,0.05,order,1,0.475,0.12827697275735894,0.003736668610526017
W3,W3/descending/seed101,0.05,order,1,0.4875,0.12823276534375025,0.003255195332408256
W3,W3/descending/seed101,0.05,order,1,0.5,0.12819559287404875,0.0026490526367668465
W3,W3/descending/seed101,0.05,order,1,0.5125,0.1281665390278311,0.0021299609289160415
W3,W3/descending/seed101,0.05,order,1,0.525,0.12814234385082585,0.0017079759062399447
W3,W3/descending/seed101,0.05,order,1,0.5375,0.1281238396301751,0.001222245267172184
W3,W3/descending/seed101,0.05,order,1,0.55,0.12811178771914655,0.0008779588280818373
W3,W3/descending/seed101,0.05,order,1,0.5625,0.12810189065947303,0.0005866932026918903
W3,W3/descending/seed101,0.05,order,1,0.575,0.12809712038907925,0.00011339059217441161
W3,W3/descending/seed101,0.05,order,1,0.5875,0.1280990558946687,-0.00042307148648212944
W3,W3/descending/seed101,0.05,order,1,0.6,0.12815679361606067,
W3,W3/descending/seed101,0.05,order,1,0.6125,0.12810239801437606,
W3,W3/descending/seed101,0.05,order,1,0.625,0.1280463314486717,
W3,W3/descending/seed101,0.05,order,1,0.6375,0.12799003378941307,
W3,W3/descending/seed101,0.05,order,1,0.65,0.12793394640620515,
W3,W3/descending/seed101,0.05,order,1,0.6625,0.1278779712477491,
W3,W3/descending/seed101,0.05,order,1,0.675,0.12782304499728026,
W3,W3/descending/seed101,0.05,order,1,0.6875,0.12776849553313674,0.004289892610357171
W3,W3/descending/seed101,0.05,order,1,0.7,0.12771606913041317,0.00409833182541508
W3,W3/descending/seed101,0.05,order,1,0.7125,0.12766603723750136,0.0039264244217713795
W3,W3/descending/seed101,0.05,order,1,0.725,0.12761790851986887,0.0037235213253064003
W3,W3/descending/seed101,0.05,order,1,0.7375,0.1275729492043687,0.0035072537851474905
W3,W3/descending/seed101,0.05,order,1,0.75,0.12753022717524018,0.0033291785994959966
W3,W3/descending/seed101,0.05,order,1,0.7625,0.1274897197393813,0.0031722873279020902
W3,W3/descending/seed101,0.05,order,1,0.775,0.12745091999204264,0.003004357338496355
W3,W3/descending/seed101,0.05,order,1,0.7875,0.1274146108059189,0.0028567847232903176
W3,W3/descending/seed101,0.05,order,1,0.8,0.12737950037396037,0.002741825779854601
W3,W3/descending/seed101,0.05,order,1,0.8125,0.12734606516142252,0.0026043675116067533
W3,W3/descending/seed101,0.05,order,1,0.825,0.1273143911861702,0.002502065409516696
W3,W3/descending/seed101,0.05,order,1,0.8375,0.1272835135261846,0.0024448231890312755
W3,W3/descending/seed101,0.05,order,1,0.85,0.1272532706064444,0.002394043969404791
W3,W3/descending/seed101,0.05,mx,4,0.35,0.012443285562423943,0.010288761244017008
W3,W3/descending/seed101,0.05,mx,4,0.4,0.012975206472170925,0.010988075145862211
W3,W3/descending/seed101,0.05,mx,4,0.45,0.013542093077010165,0.012479225867247895
W3,W3/descending/seed101,0.05,mx,4,0.5,0.014223129058895716,0.01584569056052451
W3,W3/descending/seed101,0.05,mx,4,0.55,0.015126662133062617,0.02029563240615151
W3,W3/descending/seed101,0.05,mx,4,0.6,0.016712998956528148,
W3,W3/descending/seed101,0.05,mx,4,0.65,0.017097048177361962,
W3,W3/descending/seed101,0.05,mx,4,0.7,0.017261440590278163,0.0012154001730163289
W3,W3/descending/seed101,0.05,mx,4,0.75,0.017324034326043868,0.0012883492576118982
W3,W3/descending/seed101,0.05,mx,4,0.8,0.01739027551603935,0.001500100002139071
W3,W3/descending/seed101,0.05,mx,4,0.85,0.017474044326257772,0.0018506524065977636
W3,W3/descending/seed101,0.05,mx,2,0.35,0.012443285562423943,0.008661752942868528
W3,W3/descending/seed101,0.05,mx,2,0.375,0.012684537701646546,0.01063841819493963
W3,W3/descending/seed101,0.05,mx,2,0.4,0.012975206472170925,0.01140693638918594
W3,W3/descending/seed101,0.05,mx,2,0.425,0.013254884521105842,0.011337732096784736
W3,W3/descending/seed101,0.05,mx,2,0.45,0.013542093077010165,0.01232116680045936
W3,W3/descending/seed101,0.05,mx,2,0.475,0.01387094286112881,0.013620719637710943
W3,W3/descending/seed101,0.05,mx,2,0.5,0.014223129058895716,0.015395566114005832
W3,W3/descending/seed101,0.05,mx,2,0.525,0.014640721166829102,0.018070661483338024
W3,W3/descending/seed101,0.05,mx,2,0.55,0.015126662133062617,0.021059731133246162
W3,W3/descending/seed101,0.05,mx,2,0.575,0.01569370772349141,0.024303916101057532
W3,W3/descending/seed101,0.05,mx,2,0.6,0.016712998956528148,
W3,W3/descending/seed101,0.05,mx,2,0.625,0.016931221761661237,
W3,W3/descending/seed101,0.05,mx,2,0.65,0.017097048177361962,
W3,W3/descending/seed101,0.05,mx,2,0.675,0.017206390546530212,
W3,W3/descending/seed101,0.05,mx,2,0.7,0.017261440590278163,0.0009967010161838763
W3,W3/descending/seed101,0.05,mx,2,0.725,0.017289547786921888,0.0012518747153141274
W3,W3/descending/seed101,0.05,mx,2,0.75,0.017324034326043868,0.0012614019513761954
W3,W3/descending/seed101,0.05,mx,2,0.775,0.017352617884490697,0.001324823799909669
W3,W3/descending/seed101,0.05,mx,2,0.8,0.01739027551603935,0.0016136913241039386
W3,W3/descending/seed101,0.05,mx,2,0.825,0.0174333024506959,0.0016753762043684728
W3,W3/descending/seed101,0.05,mx,2,0.85,0.017474044326257772,0.0015839738405813986
W3,W3/descending/seed101,0.05,mx,1,0.35,0.012443285562423943,0.01660944527840369
W3,W3/descending/seed101,0.05,mx,1,0.3625,0.012607407630219617,0.009650085568904065
W3,W3/descending/seed101,0.05,mx,1,0.375,0.012684537701646546,0.010303774986134884
W3,W3/descending/seed101,0.05,mx,1,0.3875,0.012865002004872988,0.011626750820975196
W3,W3/descending/seed101,0.05,mx,1,0.4,0.012975206472170925,0.009944506546518572
W3,W3/descending/seed101,0.05,mx,1,0.4125,0.013113614668535957,0.011187121957396795
W3,W3/descending/seed101,0.05,mx,1,0.425,0.013254884521105842,0.011196468106832502
W3,W3/descending/seed101,0.05,mx,1,0.4375,0.01339352637120677,0.0114883422361729
W3,W3/descending/seed101,0.05,mx,1,0.45,0.013542093077010165,0.012277519818930216
W3,W3/descending/seed101,0.05,mx,1,0.4625,0.013700464366680026,0.013153991364745599
W3,W3/descending/seed101,0.05,mx,1,0.475,0.01387094286112881,0.013699372727494663
W3,W3/descending/seed101,0.05,mx,1,0.4875,0.01404294868486739,0.014087447910676287
W3,W3/descending/seed101,0.05,mx,1,0.5,0.014223129058895716,0.01537141248341567
W3,W3/descending/seed101,0.05,mx,1,0.5125,0.014427233996952787,0.016703684317335377
W3,W3/descending/seed101,0.05,mx,1,0.525,0.014640721166829102,0.01773720927118727
W3,W3/descending/seed101,0.05,mx,1,0.5375,0.01487066422873247,0.01943763864934056
W3,W3/descending/seed101,0.05,mx,1,0.55,0.015126662133062617,0.021001501478001505
W3,W3/descending/seed101,0.05,mx,1,0.5625,0.015395701765682508,0.022681823617151764
W3,W3/descending/seed101,0.05,mx,1,0.575,0.01569370772349141,0.025341342336435146
W3,W3/descending/seed101,0.05,mx,1,0.5875,0.01602923532409339,0.02834307375988132
W3,W3/descending/seed101,0.05,mx,1,0.6,0.016712998956528148,
W3,W3/descending/seed101,0.05,mx,1,0.6125,0.016833894034666754,
W3,W3/descending/seed101,0.05,mx,1,0.625,0.016931221761661237,
W3,W3/descending/seed101,0.05,mx,1,0.6375,0.017020465103674408,
W3,W3/descending/seed101,0.05,mx,1,0.65,0.017097048177361962,
W3,W3/descending/seed101,0.05,mx,1,0.6625,0.017158896395137815,
W3,W3/descending/seed101,0.05,mx,1,0.675,0.017206390546530212,
W3,W3/descending/seed101,0.05,mx,1,0.6875,0.017237048294069465,0.0021788488507422654
W3,W3/descending/seed101,0.05,mx,1,0.7,0.017261440590278163,0.0017239185426495274
W3,W3/descending/seed101,0.05,mx,1,0.7125,0.017280146257635704,0.0011242878657490296
W3,W3/descending/seed101,0.05,mx,1,0.725,0.017289547786921888,0.0010929739156920748
W3,W3/descending/seed101,0.05,mx,1,0.7375,0.017307470605528005,0.0013794615648791142
W3,W3/descending/seed101,0.05,mx,1,0.75,0.017324034326043868,0.00121640859095562
W3,W3/descending/seed101,0.05,mx,1,0.7625,0.017337880820301896,0.0011433423378731655
W3,W3/descending/seed101,0.05,mx,1,0.775,0.017352617884490697,0.0013865606895605564
W3,W3/descending/seed101,0.05,mx,1,0.7875,0.01737254483754091,0.0015063052619461725
W3,W3/descending/seed101,0.05,mx,1,0.8,0.01739027551603935,0.0013763479844568494
W3,W3/descending/seed101,0.05,mx,1,0.8125,0.01740695353715233,0.0017210773862619266
W3,W3/descending/seed101,0.05,mx,1,0.825,0.0174333024506959,0.001877685015529984
W3,W3/descending/seed101,0.05,mx,1,0.8375,0.017453895662540575,0.001629675022474908
W3,W3/descending/seed101,0.05,mx,1,0.85,0.017474044326257772,0.001594111172276591
