archive,archive_sha256,kappa,h,layers,p,params_sha256,energy,mx,fidelity_ed,r_mix,d_mix,cnot_count,target_counts,end_to_end_seconds,cache_status,created_utc,trace_real,trace_imag,hermiticity_error,min_eigenvalue,max_eigenvalue,purity,window,chain,grid_index,preparation_failed,selection_archive
results/stage4_v1/density/a684812439f107344970329079fb9feac0f5fff7f5745f54300931cc07ae974a.npz,79ed01171ce94b97dbe115461f017bdd42dcd5b4dc3a5fa20579e953df11a32a,0.0,0.75,6,0,23b0afdf0ed4aa805648517263a75c95fb4ff983c0a57442a153b21dd43e3491,-9.186615091069195,0.4263863816786277,0.9999999999988092,1.0000000000000107,0.9960937500000037,192,"[24, 24, 24, 24, 24, 24, 24, 24]",0.0669876669999212,executed,2026-09-22T05:43:54.825149+00:00,1.0000000000000044,3.550762114890027e-17,6.938893903907228e-17,-8.42942072737091e-16,1.0000000000000058,1.0000000000000107,W1,W1/ascending/seed307,60,False,results/stage4_v1/optimization/C_W1_ascending_seed307_i60.npz
results/stage4_v1/density/ab1e330833bd19b9b7ee1b25c668c4c38916e0ff133c8111b255a1179dd62781.npz,9aafe6acf4d7a72381ddb0810efbd43ca95f19f0a63e0aac1952a6900eef5643,0.0,0.75,6,0.01,23b0afdf0ed4aa805648517263a75c95fb4ff983c0a57442a153b21dd43e3491,-4.571380531803509,0.2695285879970141,0.21235486802054065,0.04881112532089368,0.5209962121080248,192,"[24, 24, 24, 24, 24, 24, 24, 24]",0.13703416599310003,executed,2026-09-22T05:43:54.962655+00:00,1.0000000000000038,-8.565197162635485e-18,6.523258043322126e-18,0.0001680280182363433,0.2127948514540694,0.052526706862608935,W1,W1/ascending/seed307,60,False,results/stage4_v1/optimization/C_W1_ascending_seed307_i60.npz
results/stage4_v1/density/d0b3c9013812ef218d04f083ca7b12d26b1d5045a114422c12c2c629b4fdc9b1.npz,e935b941b6f915858cd228553d8751e89eb5a506d71dc7a1d6fad7da18e0b7b9,0.0,0.75,6,0.05,23b0afdf0ed4aa805648517263a75c95fb4ff983c0a57442a153b21dd43e3491,-0.3292639987385516,0.02415737940566146,0.0053947127949662745,4.141375350642844e-05,0.040748342095410776,192,"[24, 24, 24, 24, 24, 24, 24, 24]",0.1307872920006048,executed,2026-09-22T05:43:55.094260+00:00,0.9999999999999966,5.468444707473763e-18,5.692061405548898e-19,0.0030759420623816943,0.005491262552290177,0.003947501981031794,W1,W1/ascending/seed307,60,False,results/stage4_v1/optimization/C_W1_ascending_seed307_i60.npz
results/stage4_v1/density/3ca7daca4129425c7df81d1881fa3b1100fa383d972ea6d94480087375e2df01.npz,c6c1d9846bc6da6caaf94deb07ca0080c760a73eb3813551908774021cfd11f5,0.0,0.7625,6,0,e45ca614547ac307b101e805dafb4ee180618f21c93d6eb8302b7ec19975927f,-9.229747617890421,0.4362916855062596,0.9999999998343749,0.9999999999999979,0.99609375,192,"[24, 24, 24, 24, 24, 24, 24, 24]",0.06550683398381807,executed,2026-09-22T05:43:55.160435+00:00,0.9999999999999989,-3.3881317890172014e-18,6.938893903907228e-17,-6.237640318708677e-16,0.9999999999999991,0.9999999999999979,W1,W1/ascending/seed307,61,False,results/stage4_v1/optimization/C_W1_ascending_seed307_i61.npz
results/stage4_v1/density/7d2824877ec88c8a9f09a89b7141669b884a0858e0356fbc2bd97656c291639c.npz,46d3d7891e9c24e52d16692433e768c1271d9e52ce10013ef0dc7ce832e263f5,0.0,0.7625,6,0.01,e45ca614547ac307b101e805dafb4ee180618f21c93d6eb8302b7ec19975927f,-4.607368446174047,0.27334267748508734,0.21278932324219796,0.0490199859814587,0.5219972312909181,192,"[24, 24, 24, 24, 24, 24, 24, 24]",0.13806320799631067,executed,2026-09-22T05:43:55.298888+00:00,0.9999999999999973,-4.840962700147777e-17,9.202315634297576e-18,0.0001660582627533568,0.21322200188675305,0.052734751661218625,W1,W1/ascending/seed307,61,False,results/stage4_v1/optimization/C_W1_ascending_seed307_i61.npz
results/stage4_v1/density/c0b668669c4f0eda69acd037ac06f597a8e57a939344d1763d09d573e8864869.npz,57a6b8f71b301959d3c52edb5f791ef6e96b81a420e807322ed8bc0965016a5c,0.0,0.7625,6,0.05,e45ca614547ac307b101e805dafb4ee180618f21c93d6eb8302b7ec19975927f,-0.33331392172747476,0.024373420034138407,0.00540893289926289,4.184708108786657e-05,0.040951866831621705,192,"[24, 24, 24, 24, 24, 24, 24, 24]",0.12865762499859557,executed,2026-09-22T05:43:55.431648+00:00,0.99999999999999,-4.296151108473811e-18,6.555838024382534e-19,0.00307166793354785,0.00550343641215356,0.003947933615927367,W1,W1/ascending/seed307,61,False,results/stage4_v1/optimization/C_W1_ascending_seed307_i61.npz
results/stage4_v1/density/4568fd32a24b745c09c0fea7486de798618a2d5e2970bde23a7f8bd776013d1d.npz,803bdf16555f8697704e0cffc5e1730c64a244ca7f4ff00d9e9dafb64b66bce0,0.0,0.775,6,0,497d96de3934a01809f0e9030972b1459021d2e49e3497e5c78e4a29bdaf6f07,-9.273879127367444,0.44636503669778005,0.999999998997483,1.0,0.9960937500000003,192,"[24, 24, 24, 24, 24, 24, 24, 24]",0.06424866698216647,executed,2026-09-22T05:43:55.496338+00:00,0.9999999999999998,2.4858722936019206e-17,3.3738030318740264e-17,-9.145585245221738e-16,0.9999999999999998,1.0,W1,W1/ascending/seed307,62,False,results/stage4_v1/optimization/C_W1_ascending_seed307_i62.npz
results/stage4_v1/density/4e6b494782e49d551588aae6aeaf60a3348a1cb55043dc4ea99917a21643aa98.npz,5ca36b9ff1338bbfa97abe57358240cc2a6d2104f14a61f95be06dd4ded1fa48,0.0,0.775,6,0.01,497d96de3934a01809f0e9030972b1459021d2e49e3497e5c78e4a29bdaf6f07,-4.643932280293376,0.27725179518211557,0.21323368391815217,0.049233794698369845,0.523012864741029,192,"[24, 24, 24, 24, 24, 24, 24, 24]",0.13292337500024587,executed,2026-09-22T05:43:55.629672+00:00,0.9999999999999984,1.0638733817514012e-17,6.992893892674703e-18,0.00016407512057434938,0.21365888583569626,0.052947725187829336,W1,W1/ascending/seed307,62,False,results/stage4_v1/optimization/C_W1_ascending_seed307_i62.npz
results/stage4_v1/density/35fd4aef05b3aa4eb34072919aaa28de360f93f1c38462571b4e182edb843fb7.npz,449d0593f81ab1d562224f16ce2c856b0f9f7ee892eceb8690cfd3ac2223df57,0.0,0.775,6,0.05,497d96de3934a01809f0e9030972b1459021d2e49e3497e5c78e4a29bdaf6f07,-0.3374307016514855,0.024597828289825416,0.005423515061543761,4.229313911266997e-05,0.041159652612801814,192,"[24, 24, 24, 24, 24, 24, 24, 24]",0.13352424997719936,executed,2026-09-22T05:43:55.763744+00:00,0.9999999999999913,-1.904130065427667e-18,8.538092108323347e-19,0.0030672875203086925,0.0055159292543166,0.003948377931538011,W1,W1/ascending/seed307,62,False,results/stage4_v1/optimization/C_W1_ascending_seed307_i62.npz
results/stage4_v1/density/6d34b855b5facab77ae31910aba2ea8981c37f6981be5fe9209041ad592f96d4.npz,e6ac1c23ab9688370021a70418252901ea01148f2a02d3674c0e95f3a09d2aa9,0.0,0.7875,6,0,729085777d927a751153b7d04b5e0d1ab631fb4b72e4d5941c2a97bcee072712,-9.31902609346348,0.4565997514259887,0.9999999959174599,0.9999999999999944,0.9960937499999982,192,"[24, 24, 24, 24, 24, 24, 24, 24]",0.06422041699988768,executed,2026-09-22T05:43:55.828575+00:00,0.9999999999999962,5.552300969251939e-17,5.4698832357381745e-17,-6.493346530447161e-16,0.9999999999999961,0.9999999999999944,W1,W1/ascending/seed307,63,False,results/stage4_v1/optimization/C_W1_ascending_seed307_i63.npz
results/stage4_v1/density/774c499cfd570b12c2feb6c8aeb5c1e7ed84e7a049013038f10508ba577da31b.npz,dec64bd7ec744431302151d304346d0f4c53593ebbe5953b7385f0fffd2dea1c,0.0,0.7875,6,0.01,729085777d927a751153b7d04b5e0d1ab631fb4b72e4d5941c2a97bcee072712,-4.681069762168453,0.28125595709265655,0.2136879041619028,0.04945253004062064,0.5240507006622379,192,"[24, 24, 24, 24, 24, 24, 24, 24]",0.13100904200109653,executed,2026-09-22T05:43:55.959996+00:00,0.9999999999999956,5.0550926292136644e-18,1.0979922614496599e-17,0.00016207993310611744,0.21410546275032472,0.05316560609514947,W1,W1/ascending/seed307,63,False,results/stage4_v1/optimization/C_W1_ascending_seed307_i63.npz
results/stage4_v1/density/92e27162ff297919b71d40a7e1485561fdeefafb46b5cd450cbe23c999c2a7e7.npz,1c21396e8590d0ab1f785c4680e6c14152b2d1aa1b5c4cc11fca5291bdd687f8,0.0,0.7875,6,0.05,729085777d927a751153b7d04b5e0d1ab631fb4b72e4d5941c2a97bcee072712,-0.3416156116036265,0.024830997993883896,0.00543846279421915,4.275240004137904e-05,0.04137177678062583,192,"[24, 24, 24, 24, 24, 24, 24, 24]",0.13238404202274978,executed,2026-09-22T05:43:56.093025+00:00,0.9999999999999885,-2.405573570202213e-18,6.527761501258139e-19,0.0030627990321160843,0.0055287474600437345,0.003948835398478717,W1,W1/ascending/seed307,63,False,results/stage4_v1/optimization/C_W1_ascending_seed307_i63.npz
results/stage4_v1/density/a6304d9e7c82521a1cd45dabf552c4a972ed19b64fc4ad282f87cacf2a994e0b.npz,4e2dfb4162faf82ebc3e1b3565736a2e8c88edfab34cd23ec87057005e0dfeb4,0.0,0.8,6,0,55ff2393fb02f4c57f79f1512a56a1b8e183f3348730a654686f1eaf4c7ea484,-9.36520445641221,0.4669907042360508,0.9999999999967553,1.0000000000000033,0.9960937500000016,192,"[24, 24, 24, 24, 24, 24, 24, 24]",0.06468066599336453,executed,2026-09-22T05:43:56.158113+00:00,1.000000000000001,3.4121875247192235e-17,3.469446951953614e-17,-7.618973000913066e-16,1.0000000000000024,1.0000000000000033,W1,W1/ascending/seed307,64,False,results/stage4_v1/optimization/C_W1_ascending_seed307_i64.npz
results/stage4_v1/density/beb79f349d8e449d06dd6d0b7ae1fd3fc72acea38a5bdc767707afeeece37834.npz,171eb8a6a3c4292e28df0709b7b7b206d5d3648f89af3b1ccc9cce3521b8b99e,0.0,0.8,6,0.01,55ff2393fb02f4c57f79f1512a56a1b8e183f3348730a654686f1eaf4c7ea484,-4.736576051039183,0.2871377765835404,0.21471150567920955,0.04995694693697974,0.5266359019537745,192,"[24, 24, 24, 24, 24, 24, 24, 24]",0.1327422909962479,executed,2026-09-22T05:43:56.291448+00:00,0.9999999999999998,-5.299038118022903e-18,1.1492543028346347e-17,0.00015544429553428514,0.21513738255561032,0.05366805261300716,W1,W1/ascending/seed307,64,False,results/stage4_v1/optimization/C_W1_ascending_seed307_i64.npz
results/stage4_v1/density/998b8ea6342401bc1d8109fbf6cc7bb88b6c105c093641865e3798d2dd09cdfa.npz,5baf479ac197d9d4f8f59ceedb4bb2e57fa019aa5aae17b5e5391542c986d399,0.0,0.8,6,0.05,55ff2393fb02f4c57f79f1512a56a1b8e183f3348730a654686f1eaf4c7ea484,-0.351144557177857,0.025551257641441134,0.005477143699438539,4.446214722369077e-05,0.042165868121193634,192,"[24, 24, 24, 24, 24, 24, 24, 24]",0.13418424999690615,executed,2026-09-22T05:43:56.426249+00:00,0.9999999999999933,3.0086610286472748e-18,5.706563496328038e-19,0.003046740887832249,0.0055679707999096405,0.003950538466961098,W1,W1/ascending/seed307,64,False,results/stage4_v1/optimization/C_W1_ascending_seed307_i64.npz
results/stage4_v1/density/66d2c4f771b08955dc4bcc2499350f2d809ec0f6f8fbceeaea6bad434c65c9f1.npz,2ba5957be594f4c954f025d25c07447f20b3d4dd546cb9e4376b23f74eb4165a,0.0,0.8125,6,0,67475cf9e711ea3bac6aafcb8de3a4694323805be1856c5f7318ebd1a46b09e4,-9.412429163756558,0.47752675339372397,0.9999999998766462,1.000000000000004,0.9960937500000007,192,"[24, 24, 24, 24, 24, 24, 24, 24]",0.06561145800515078,executed,2026-09-22T05:43:56.492337+00:00,1.000000000000001,6.75203843574293e-17,5.4698832357381745e-17,-6.827099178773528e-16,1.0000000000000013,1.000000000000004,W1,W1/ascending/seed307,65,False,results/stage4_v1/optimization/C_W1_ascending_seed307_i65.npz
results/stage4_v1/density/e0eaecd0c8586ce113e1aed35bc61112c35ff88d4e532279abb75058ea90884f.npz,17e1b0df8e532f50fea4f022c26a9877f409ead0c592a17a6c1e667ce0a76ef8,0.0,0.8125,6,0.01,67475cf9e711ea3bac6aafcb8de3a4694323805be1856c5f7318ebd1a46b09e4,-4.775059376022999,0.2913169963634365,0.21518697519453928,0.05018721169291511,0.5277126695560843,192,"[24, 24, 24, 24, 24, 24, 24, 24]",0.13281004197779112,executed,2026-09-22T05:43:56.625588+00:00,1.0,2.4584284261108813e-17,1.1275702593849246e-17,0.0001534631014388697,0.21560474156288142,0.05389741789723966,W1,W1/ascending/seed307,65,False,results/stage4_v1/optimization/C_W1_ascending_seed307_i65.npz
results/stage4_v1/density/fdccd21a0d22f67755ad4d36c43046de0d7c841216e6bf5f47d813cfcb7a02eb.npz,a6635aa54b07142889735c45aae7d08b0c0a3191234fcb58664ca6538fc9e727,0.0,0.8125,6,0.05,67475cf9e711ea3bac6aafcb8de3a4694323805be1856c5f7318ebd1a46b09e4,-0.35553245908857134,0.025802341739406327,0.005493072659044231,4.4959445989066784e-05,0.04238851669568788,192,"[24, 24, 24, 24, 24, 24, 24, 24]",0.1319817079929635,executed,2026-09-22T05:43:56.757982+00:00,0.999999999999994,6.3358064454621665e-18,6.051871100040785e-19,0.003042054636804065,0.005581581257397519,0.003951033823153172,W1,W1/ascending/seed307,65,False,results/stage4_v1/optimization/C_W1_ascending_seed307_i65.npz
results/stage4_v1/density/18cc424368806dfa9edc9813bd3812ebc19688170785bc0bd67f048de188a904.npz,996185c0e8790a405faea3f5f78e9fd0d403871bc6602e28f14d8e99ebca5706,0.0,0.825,6,0,287b85c757564cede90e1d389857c3f1160733f360385079b548d9c5166edac8,-9.460714225270179,0.4881955682607071,0.999999998711608,1.0000000000000036,0.9960937500000017,192,"[24, 24, 24, 24, 24, 24, 24, 24]",0.06751337501918897,executed,2026-09-22T05:43:56.826008+00:00,1.0000000000000009,1.6539165328087468e-17,4.252726876253798e-17,-1.4264846928120144e-15,1.000000000000002,1.0000000000000036,W1,W1/ascending/seed307,66,False,results/stage4_v1/optimization/C_W1_ascending_seed307_i66.npz
results/stage4_v1/density/3fa863439b5e743b8021e9ebf707493e8d30415d3bbad52c934998ca8174a749.npz,6647c5d44a07f2b63f0e3614d62a36ae39d833532e1f44a5ec8d9a4cca926adb,0.0,0.825,6,0.01,287b85c757564cede90e1d389857c3f1160733f360385079b548d9c5166edac8,-4.8140678864183215,0.29558452209513325,0.21567077475833518,0.05042166975542858,0.5287984360606969,192,"[24, 24, 24, 24, 24, 24, 24, 24]",0.13344795900047757,executed,2026-09-22T05:43:56.959940+00:00,0.9999999999999993,-4.084731684839138e-17,1.0444418402013022e-17,0.0001514838146804955,0.21608029322240768,0.05413096010794644,W1,W1/ascending/seed307,66,False,results/stage4_v1/optimization/C_W1_ascending_seed307_i66.npz
results/stage4_v1/density/532017182dbb97d1ece294dc8eb67bab0702a36b3c6809fe128e0dea5940f720.npz,3dc07ed9098c9e4c11db466b8f76ad5b69b366a8dfa85a33f301a89d11e888cc,0.0,0.825,6,0.05,287b85c757564cede90e1d389857c3f1160733f360385079b548d9c5166edac8,-0.3599824740526752,0.026062437318440348,0.005509322658841779,4.546918110679595e-05,0.04261492553450774,192,"[24, 24, 24, 24, 24, 24, 24, 24]",0.13151849998394027,executed,2026-09-22T05:43:57.091930+00:00,0.9999999999999933,-1.0367683274392636e-18,6.527761501258139e-19,0.0030372780143079294,0.00559548100962963,0.0039515415671180975,W1,W1/ascending/seed307,66,False,results/stage4_v1/optimization/C_W1_ascending_seed307_i66.npz
results/stage4_v1/density/0b5d9fbea6c660cd3df94943cfeead71c51f3baef7cf308a115e4279119fb614.npz,55025f23907a408af0500f85f7ca5d9b3889980ea5d6eb618e993bd09a8f4ccb,0.0,0.8375,6,0,fd9d40d8bae4b469b9bf54e974021f3ed9461e53898057c1df2a7d4b8d584190,-9.510072345631528,0.49898548308525836,0.9999999955796173,0.9999999999999982,0.9960937499999993,192,"[24, 24, 24, 24, 24, 24, 24, 24]",0.06584233301691711,executed,2026-09-22T05:43:57.158213+00:00,1.0000000000000007,-1.480613591800517e-17,3.804545602077246e-17,-5.156549319521975e-16,1.0000000000000002,0.9999999999999982,W1,W1/ascending/seed307,67,False,results/stage4_v1/optimization/C_W1_ascending_seed307_i67.npz
results/stage4_v1/density/8eb299d734cf188d9d9c1e17ca45c5e3c324d625f1ed090d96ca14cc5bb5a50c.npz,74192b17e9bfd1da29a327399c5c1497237fb78d73a2329a52a94c6f100dbe6c,0.0,0.8375,6,0.01,fd9d40d8bae4b469b9bf54e974021f3ed9461e53898057c1df2a7d4b8d584190,-4.853295887009101,0.299941433589094,0.21617916306301488,0.05066786710418559,0.5299079675527683,192,"[24, 24, 24, 24, 24, 24, 24, 24]",0.13064970800769515,executed,2026-09-22T05:43:57.289497+00:00,0.9999999999999984,-9.825582188149884e-18,1.214306433183765e-17,0.0001493630529977888,0.2165824232305433,0.05437619574830986,W1,W1/ascending/seed307,67,False,results/stage4_v1/optimization/C_W1_ascending_seed307_i67.npz
results/stage4_v1/density/894a9ec28dc0a0c8aa1a51f5fb6b23b148d7810d8f09501143b0e5c5480b0156.npz,c89520bf49a726cbd18aec6014b3d74c328ad7c1399a7ae6a682df25cd1a14b3,0.0,0.8375,6,0.05,fd9d40d8bae4b469b9bf54e974021f3ed9461e53898057c1df2a7d4b8d584190,-0.3645995144542713,0.02634196282940835,0.005526509376319567,4.6035122887956717e-05,0.04286716237531729,192,"[24, 24, 24, 24, 24, 24, 24, 24]",0.1894067079992965,executed,2026-09-22T05:43:57.479587+00:00,0.9999999999999916,-2.4523297888906503e-17,6.911788849595091e-19,0.00303192258948739,0.0056106368196532416,0.003952105298189176,W1,W1/ascending/seed307,67,False,results/stage4_v1/optimization/C_W1_ascending_seed307_i67.npz
results/stage4_v1/density/fa4a7116605444108e278982a7d8e925a204dafb8537f1a10eee0c6b65e846ec.npz,a819445166afa2695504d2e9aa3652fa1203ace2a60801ccde0d7af0b56ed5d8,0.0,0.85,6,0,f5ff7c787aa6bcb35fec5c619cf2bcaf8159d120364468eea855a7fd7e6dfc8b,-9.560514814050604,0.5098785274505606,0.9999999999939186,0.9999999999999987,0.9960937500000009,192,"[24, 24, 24, 24, 24, 24, 24, 24]",0.06684966699685901,executed,2026-09-22T05:43:57.547406+00:00,0.9999999999999989,3.8926246124018626e-17,4.079886052990196e-17,-1.3970911430252656e-15,0.9999999999999997,0.9999999999999987,W1,W1/ascending/seed307,68,False,results/stage4_v1/optimization/C_W1_ascending_seed307_i68.npz
results/stage4_v1/density/2a29c0e0207cdaffe4ad35a85d73b334bfc60a120754797a11f93da85af7cb70.npz,52b69a1db365ee2cb39c9c4bc29c60e8f5e9fbcb2e7095bee002a33dae5a13a9,0.0,0.85,6,0.01,f5ff7c787aa6bcb35fec5c619cf2bcaf8159d120364468eea855a7fd7e6dfc8b,-4.910620467286356,0.3060949964486768,0.21723514130703336,0.05119094832423381,0.5324749443064654,192,"[24, 24, 24, 24, 24, 24, 24, 24]",0.13368349999655038,executed,2026-09-22T05:43:57.681740+00:00,0.999999999999998,3.0357660829594124e-18,7.05981306231723e-18,0.00014339543082139027,0.21764351882561578,0.05489723368234228,W1,W1/ascending/seed307,68,False,results/stage4_v1/optimization/C_W1_ascending_seed307_i68.npz
results/stage4_v1/density/7d9fdfaac409a5e6be3985a27ada3083daaaccb2686152bcdc66c2fa8bf100a6.npz,c0d4d774cd1ff5eca1a0f4db01ed79d1d7acd04fc63fad53a5e09adcbb6fc79d,0.0,0.85,6,0.05,f5ff7c787aa6bcb35fec5c619cf2bcaf8159d120364468eea855a7fd7e6dfc8b,-0.37443966244498245,0.027091102640459865,0.005566816731628775,4.781210875943045e-05,0.043660268753188486,192,"[24, 24, 24, 24, 24, 24, 24, 24]",0.13360362499952316,executed,2026-09-22T05:43:57.815976+00:00,0.9999999999999918,6.213833701057547e-18,6.555838024382534e-19,0.003016167207120439,0.005650855990006084,0.003953875342709589,W1,W1/ascending/seed307,68,False,results/stage4_v1/optimization/C_W1_ascending_seed307_i68.npz
results/stage4_v1/density/a8ac83118bba6d497eb41b6f8cf6866f3de5bcf79127b0162c4932ecf3133e3b.npz,2bc886cc966c8928c61aa2c8a70d49cc5b159870284d347b1fc94e8931f5bda8,0.0,0.8625,6,0,2101900ded7d7c3af70d924e0f083bfcc895d0ccaa6b8cdf7e11df2c1a3cefa1,-9.61205103325386,0.5208582406659623,0.999999999401392,0.9999999999999998,0.9960937499999998,192,"[24, 24, 24, 24, 24, 24, 24, 24]",0.06537345799733885,executed,2026-09-22T05:43:57.881941+00:00,1.0,7.294647741754035e-18,3.898306166456213e-17,-5.448117491944853e-16,0.9999999999999996,0.9999999999999998,W1,W1/ascending/seed307,69,False,results/stage4_v1/optimization/C_W1_ascending_seed307_i69.npz
results/stage4_v1/density/370565794afd0df714da9b5a31f34d1e5ceb6e8e25b49674b111bf44fadfdc19.npz,e83deca3e29973f787b504d325a445790a9c303fa01c7bc42f1b2964b77c9703,0.0,0.8625,6,0.01,2101900ded7d7c3af70d924e0f083bfcc895d0ccaa6b8cdf7e11df2c1a3cefa1,-4.951367126179896,0.3105910041989182,0.21774383445494222,0.05143889458484489,0.5335897952346478,192,"[24, 24, 24, 24, 24, 24, 24, 24]",0.13339291702141054,executed,2026-09-22T05:43:58.015708+00:00,0.9999999999999989,3.1604493327952454e-17,1.0408340855860843e-17,0.00014146398398538152,0.218143479233808,0.05514421140287284,W1,W1/ascending/seed307,69,False,results/stage4_v1/optimization/C_W1_ascending_seed307_i69.npz
results/stage4_v1/density/570dc0a7c0c1408b1ff3fb183848ad11023607856330ded26419ba1206c9a03d.npz,cc146c14a910dd4c53a5d26efd0f6eeadea3386cb4b0ac3f04d38db33b0892a8,0.0,0.8625,6,0.05,2101900ded7d7c3af70d924e0f083bfcc895d0ccaa6b8cdf7e11df2c1a3cefa1,-0.37914292949568296,0.027378716820826286,0.005584236337901268,4.837139486094546e-05,0.043900847256823014,192,"[24, 24, 24, 24, 24, 24, 24, 24]",0.1306479579943698,executed,2026-09-22T05:43:58.146814+00:00,0.9999999999999921,-6.030874584450618e-19,6.055189661858495e-19,0.0030111479433904006,0.0056657370271410365,0.00395443244409977,W1,W1/ascending/seed307,69,False,results/stage4_v1/optimization/C_W1_ascending_seed307_i69.npz
results/stage4_v1/density/0d56de63bb3bcc0849ab1518403bb12394d00b1849f7d8a699aec8278bed0a97.npz,7af1c3be12040ee10f36249409aca5b66ed0357a37a0784ab721cad50f654b2c,0.0,0.875,6,0,010e57ec696c9b38882e246f113f665dd181cdd6d06b13a43225706522dbd6ad,-9.66468862555082,0.531902993705938,0.9999999982786288,0.9999999999999953,0.9960937499999994,192,"[24, 24, 24, 24, 24, 24, 24, 24]",0.06574120902223513,executed,2026-09-22T05:43:58.212981+00:00,0.9999999999999969,-5.1916343403110576e-17,7.632783294297951e-17,-4.660016355230049e-16,0.9999999999999982,0.9999999999999953,W1,W1/ascending/seed307,70,False,results/stage4_v1/optimization/C_W1_ascending_seed307_i70.npz
results/stage4_v1/density/1dcd7b53476ce3b1fb408e33350a93292ca836e7ae5b1a03154ebba68a1ca416.npz,1534d5210a471aab80ba1f81bee2ace5ab9e80215efceca81c365ef69d9381a3,0.0,0.875,6,0.01,010e57ec696c9b38882e246f113f665dd181cdd6d06b13a43225706522dbd6ad,-4.992127555121675,0.3151488321253277,0.21828609758247058,0.051702743181006816,0.5347416767842008,192,"[24, 24, 24, 24, 24, 24, 24, 24]",0.1327456250146497,executed,2026-09-22T05:43:58.346180+00:00,0.9999999999999958,-7.589415207398531e-18,7.890876742356109e-18,0.0001393432603998582,0.21867990873159832,0.05540702934045601,W1,W1/ascending/seed307,70,False,results/stage4_v1/optimization/C_W1_ascending_seed307_i70.npz
results/stage4_v1/density/7393d5f560430fea10f2e4e45022d4fc227f73a2d5c44372272c47322e13cf55.npz,e26d60513f8f68de16247e861c33bcabd68936d36531fd1bfad46b9d0a465197,0.0,0.875,6,0.05,010e57ec696c9b38882e246f113f665dd181cdd6d06b13a43225706522dbd6ad,-0.3840565003902745,0.027688682471026935,0.005602914938140309,4.9009115375242113e-05,0.04417327810156588,192,"[24, 24, 24, 24, 24, 24, 24, 24]",0.13272199998027645,executed,2026-09-22T05:43:58.479495+00:00,0.9999999999999889,7.887570804832045e-18,4.743384504624082e-19,0.003005336048182523,0.0056823473108112334,0.003955067673518308,W1,W1/ascending/seed307,70,False,results/stage4_v1/optimization/C_W1_ascending_seed307_i70.npz
results/stage4_v1/density/f764e39c0213f43cd64002d3462e95acf12b381e64712b758c8514d976f61654.npz,dabbea6575ecbec08b799916321cae2540c078b5532e97b6d04adb136db8c2ee,0.0,0.8875,6,0,f58f82b7483d0343aef80e8ca6d1a7393638aca56a02ce0a72436f54a944932c,-9.718433055425301,0.5429914492284595,0.999999994057574,1.0000000000000062,0.996093750000001,192,"[24, 24, 24, 24, 24, 24, 24, 24]",0.06360925000626594,executed,2026-09-22T05:43:58.543730+00:00,1.0000000000000038,-2.846030702774449e-19,6.245004513516506e-17,-7.637414321663735e-16,1.0000000000000033,1.0000000000000062,W1,W1/ascending/seed307,71,False,results/stage4_v1/optimization/C_W1_ascending_seed307_i71.npz
results/stage4_v1/density/75a4cc06a2ac91a47df0c2021b41e6b7d3776920988c49e098911da467cc4329.npz,f9c8745ca9597be8bc6ba842419bbdee5d1e46268d3a8f7a2845ec8b85d482d5,0.0,0.8875,6,0.01,f58f82b7483d0343aef80e8ca6d1a7393638aca56a02ce0a72436f54a944932c,-5.0337767134592735,0.3197878963346636,0.21882915042458834,0.05196758160745007,0.535907957391906,192,"[24, 24, 24, 24, 24, 24, 24, 24]",0.1308372499770485,executed,2026-09-22T05:43:58.675173+00:00,1.0000000000000022,2.293087594806842e-17,1.489900510803593e-17,0.00013729151751999734,0.21921579203586672,0.05567083324179597,W1,W1/ascending/seed307,71,False,results/stage4_v1/optimization/C_W1_ascending_seed307_i71.npz
results/stage4_v1/density/51779a7826a01e378bf5521237f7879c6534c6650776d27ea282d1ac251ebc03.npz,9f9ef2174290a46959286d548f60f779f800fa99e6bf9415587357d20fc8a806,0.0,0.8875,6,0.05,f58f82b7483d0343aef80e8ca6d1a7393638aca56a02ce0a72436f54a944932c,-0.3890208729187679,0.02800659906308311,0.005621693000879805,4.9643462753499005e-05,0.04444196727319585,192,"[24, 24, 24, 24, 24, 24, 24, 24]",0.12950895799440332,executed,2026-09-22T05:43:58.805101+00:00,0.9999999999999956,3.4558944247975454e-19,6.644885744146559e-19,0.002999667927526451,0.0056988314994481405,0.003955699542977118,W1,W1/ascending/seed307,71,False,results/stage4_v1/optimization/C_W1_ascending_seed307_i71.npz
results/stage4_v1/density/562317a036d05054ac1b1d5e8f6cb0f26e1f88b526126e7fe12ce3119ce0520e.npz,0452996bae023577e9a7f80dcbed9360ce7b7209a80f7f4b49965d1db111b444,0.0,0.9,6,0,380936ae1037d3a06bbbc1ba525e199cd4a629ed6c63368e1944f0d8e40da5c1,-9.773287657965842,0.5541008037399253,0.9999999999935412,1.0000000000000022,0.9960937500000013,192,"[24, 24, 24, 24, 24, 24, 24, 24]",0.06509966700104997,executed,2026-09-22T05:43:58.870578+00:00,1.0000000000000002,3.658843518959676e-17,3.2592495070968174e-17,-9.86409197326008e-16,1.0000000000000009,1.0000000000000022,W1,W1/ascending/seed307,72,False,results/stage4_v1/optimization/C_W1_ascending_seed307_i72.npz
results/stage4_v1/density/a8c39d0a61fd17ead8adaa7fc7e335e5e8637a3836bd6c5dc9783ce28c563ce8.npz,3b307b87102c49e33fb5f002ec98904725fec5ca4f668959c2870f4da216734b,0.0,0.9,6,0.01,380936ae1037d3a06bbbc1ba525e199cd4a629ed6c63368e1944f0d8e40da5c1,-5.097935834025754,0.3266451944811439,0.220086132716296,0.05259463304523335,0.5388793202129538,192,"[24, 24, 24, 24, 24, 24, 24, 24]",0.1322143749857787,executed,2026-09-22T05:43:59.003376+00:00,0.9999999999999991,-2.791820594150174e-18,9.263427422397553e-18,0.00013093739547585315,0.2204783341934614,0.056295435259900405,W1,W1/ascending/seed307,72,False,results/stage4_v1/optimization/C_W1_ascending_seed307_i72.npz
results/stage4_v1/density/b520863f189eaa8c755b3cd123e46fa28d22d92587363d79a99a14efad4242ee.npz,0f0976c003a7ad887e183753196fff136fa196dd4237988cc42a93aaf69567d0,0.0,0.9,6,0.05,380936ae1037d3a06bbbc1ba525e199cd4a629ed6c63368e1944f0d8e40da5c1,-0.40082893898303024,0.028933144694615734,0.005670838454518889,5.188818445046355e-05,0.045400531993901476,192,"[24, 24, 24, 24, 24, 24, 24, 24]",0.132026292005321,executed,2026-09-22T05:43:59.136018+00:00,0.9999999999999933,1.100465205072787e-17,8.673617379884035e-19,0.00298103518468467,0.005748028972240428,0.003957935496229954,W1,W1/ascending/seed307,72,False,results/stage4_v1/optimization/C_W1_ascending_seed307_i72.npz
results/stage4_v1/density/ce09d971524c00a7366fdfc0c351c68067b96d025bed8408ceb9721d0d622f30.npz,93782d0cab6cf055eca8588b664c52d9263e16101d88a36271660911e6be841f,0.0,0.9125,6,0,2b7c9aa28b815618c9eee5787bd3d23f0e2547888e8b98810378182272fbcca7,-9.829253136065315,0.5652053379805179,0.9999999991669593,1.0000000000000089,0.9960937500000023,192,"[24, 24, 24, 24, 24, 24, 24, 24]",0.06567233297391795,executed,2026-09-22T05:43:59.202127+00:00,1.0000000000000036,-2.323241967729095e-17,5.551115123125783e-17,-1.07131651689051e-15,1.0000000000000036,1.0000000000000089,W1,W1/ascending/seed307,73,False,results/stage4_v1/optimization/C_W1_ascending_seed307_i73.npz
results/stage4_v1/density/0d989807b256ba8dfc606b8cabcd11fe3dab28d4089efe7ca24756c3e88d7a4d.npz,e9a9e2ed11f5be4e2052a3db383a4cf03bc4dd228e40eaeef3d44a90f940dabb,0.0,0.9125,6,0.01,2b7c9aa28b815618c9eee5787bd3d23f0e2547888e8b98810378182272fbcca7,-5.140672221182006,0.3313398215454315,0.22061567972027302,0.05285450336145962,0.5400246135622889,192,"[24, 24, 24, 24, 24, 24, 24, 24]",0.13169279199792072,executed,2026-09-22T05:43:59.334240+00:00,1.0000000000000022,-3.469446951953614e-17,8.673617379884035e-18,0.0001291271324103605,0.22099874369506975,0.056554290457703923,W1,W1/ascending/seed307,73,False,results/stage4_v1/optimization/C_W1_ascending_seed307_i73.npz
results/stage4_v1/density/fa9d63d70fa19b08ad4d5b21eb327ee1dc58351f2b322fb37ff864f60be98d66.npz,9fc1ca70e4eb23edde673b00cbfef38bc154325eac40add731fa49080a7f2f2c,0.0,0.9125,6,0.05,2b7c9aa28b815618c9eee5787bd3d23f0e2547888e8b98810378182272fbcca7,-0.40582823525995815,0.02925415742878809,0.005689416228013191,5.250522660417559e-05,0.04565311384278159,192,"[24, 24, 24, 24, 24, 24, 24, 24]",0.12970158399548382,executed,2026-09-22T05:43:59.464363+00:00,0.9999999999999962,-1.157385819128276e-17,5.89534931288993e-19,0.0029758132090650733,0.005763904815209732,0.003958550128062753,W1,W1/ascending/seed307,73,False,results/stage4_v1/optimization/C_W1_ascending_seed307_i73.npz
results/stage4_v1/density/c3aaf36a944d6f836aed359c40a6e70790a96eb00edf8799be8fe9ab82e286bd.npz,5438dfb1afdb3881901e4bbe83e1b1c8032030db54219571ca07ab9f6dbed189,0.0,0.925,6,0,f2f294a17b1307cf9461b30a345d2002ff76d70d10686dd05975fca3f25ee4fe,-9.886327915315407,0.5762824180087063,0.9999999996288813,1.000000000000003,0.9960937500000012,192,"[24, 24, 24, 24, 24, 24, 24, 24]",0.06459620798705146,executed,2026-09-22T05:43:59.529409+00:00,1.0000000000000009,-6.838605202952319e-17,3.89854739081005e-17,-1.166332020998026e-15,1.0000000000000018,1.000000000000003,W1,W1/ascending/seed307,74,False,results/stage4_v1/optimization/C_W1_ascending_seed307_i74.npz
results/stage4_v1/density/4ebe9721ded24c09dd62de601e5b3caf9b8d9ada7c903bf3bd8b67f88bad5ee3.npz,632e296282160c54d08f961689cf757efb667e6bc792e8434b72f730847e353f,0.0,0.925,6,0.01,f2f294a17b1307cf9461b30a345d2002ff76d70d10686dd05975fca3f25ee4fe,-5.1837352701190165,0.33610638788232466,0.22123086788216312,0.053155743555231165,0.5412891343035737,192,"[24, 24, 24, 24, 24, 24, 24, 24]",0.1291580839897506,executed,2026-09-22T05:43:59.658970+00:00,0.9999999999999998,3.961403687718912e-17,6.992893892674703e-18,0.00012685095352814736,0.22161021993060503,0.05685435393196854,W1,W1/ascending/seed307,74,False,results/stage4_v1/optimization/C_W1_ascending_seed307_i74.npz
results/stage4_v1/density/e2bfac93337cba3f2f8d1b9083f0b9add38fbf5ffa921d5ff1861b04e6bbb94c.npz,17c89e5fb13a7632b5819fee03002a32e5f334aeacd81e56400782a10cd03198,0.0,0.925,6,0.05,f2f294a17b1307cf9461b30a345d2002ff76d70d10686dd05975fca3f25ee4fe,-0.4113861243904195,0.029623805611005038,0.005711258589673861,5.331539516918471e-05,0.045983477640077985,192,"[24, 24, 24, 24, 24, 24, 24, 24]",0.13577604200690985,executed,2026-09-22T05:43:59.795158+00:00,0.9999999999999936,5.692061405548898e-18,6.594944350062752e-19,0.002968797403349818,0.005783916452875883,0.003959357131906805,W1,W1/ascending/seed307,74,False,results/stage4_v1/optimization/C_W1_ascending_seed307_i74.npz
results/stage4_v1/density/2097f01d951475da7d92c72ce4cd5c117017101a95979455fed6e77903559a3e.npz,29a6e235870e0201b930416a6c549430dc0d71891e38ca82f85d97b8764de601,0.0,0.9375,6,0,4baed7f67ed4a9bdd900405493b20caa016f0d7426228e4c5880a679eba2a601,-9.944507789336054,0.5873040617810315,0.9999999979891933,1.0000000000000027,0.9960937500000007,192,"[24, 24, 24, 24, 24, 24, 24, 24]",0.06729100001393817,executed,2026-09-22T05:43:59.863058+00:00,1.000000000000001,6.004447156496284e-17,4.885025661874571e-17,-4.205749274683905e-16,1.000000000000002,1.0000000000000027,W1,W1/ascending/seed307,75,False,results/stage4_v1/optimization/C_W1_ascending_seed307_i75.npz
results/stage4_v1/density/1a1a83d701b61cbbce308c1ba8ddba64b030e6be8cdbf03f445cf4d34b3a7380.npz,e7f4ed7aced30b4a17dd01e704299dca37ea86fde361c8a7524296f79ef6fb03,0.0,0.9375,6,0.01,4baed7f67ed4a9bdd900405493b20caa016f0d7426228e4c5880a679eba2a601,-5.22722975862857,0.3408647100365391,0.2217950753536391,0.05343273528705473,0.5424877146291457,192,"[24, 24, 24, 24, 24, 24, 24, 24]",0.1353817089984659,executed,2026-09-22T05:43:59.998941+00:00,0.9999999999999993,-1.4907779871675686e-19,7.672597805774792e-18,0.00012493511310565192,0.22216706822674492,0.05713026366483967,W1,W1/ascending/seed307,75,False,results/stage4_v1/optimization/C_W1_ascending_seed307_i75.npz
results/stage4_v1/density/f1270a14f2ef64390fd114c74d5d1d851372db932e1a543412bec8742d95f330.npz,070068b7c595b9c1c0f0fb767716d90fbdb2075d0322c78f301cf775fadcd985,0.0,0.9375,6,0.05,4baed7f67ed4a9bdd900405493b20caa016f0d7426228e4c5880a679eba2a601,-0.41665628792311604,0.029973205180382472,0.0057312293691103655,5.401526671109816e-05,0.04626469119499732,192,"[24, 24, 24, 24, 24, 24, 24, 24]",0.13512537500355393,executed,2026-09-22T05:44:00.134497+00:00,0.9999999999999931,1.0570971181733668e-17,5.285485590866834e-19,0.0029629085737932093,0.005801480752339732,0.003960054269575508,W1,W1/ascending/seed307,75,False,results/stage4_v1/optimization/C_W1_ascending_seed307_i75.npz
results/stage4_v1/density/9a1a4a43923e4e097a367705c09d2d8be063eeac969c7fbf829f74ae7313074a.npz,23c75d4bd831d1ed695827e39d15691885f7cfcf3b50ba7b03ceaf0a13b2f4be,0.0,0.95,6,0,172f45420dd754dd0729642d26122d70101dda7f641728a8cfc1632dab7b1e52,-10.003786025252474,0.598245499140583,0.9999999936247894,1.0000000000000009,0.9960937500000002,192,"[24, 24, 24, 24, 24, 24, 24, 24]",0.06379208399448544,executed,2026-09-22T05:44:00.198704+00:00,1.0000000000000007,6.21247844834194e-17,4.597017211338539e-17,-5.13198746935524e-16,1.0000000000000004,1.0000000000000009,W1,W1/ascending/seed307,76,False,results/stage4_v1/optimization/C_W1_ascending_seed307_i76.npz
results/stage4_v1/density/f9cffc7be8ac3661b89edba235ffb02a1a65296ef6e70186d9d6e9a9ad9cb26c.npz,f13368f14274b356644286e0c2c11ddea43843f8696111bf41bb97dcfbde7f40,0.0,0.95,6,0.01,172f45420dd754dd0729642d26122d70101dda7f641728a8cfc1632dab7b1e52,-5.271212332960186,0.3456457099887142,0.22236622998885175,0.053713435881770515,0.5436879906566134,192,"[24, 24, 24, 24, 24, 24, 24, 24]",0.12914141599321738,executed,2026-09-22T05:44:00.328267+00:00,0.9999999999999993,5.037474343910775e-17,7.757919228897728e-18,0.000123027054518328,0.22273102381980964,0.05740986777285735,W1,W1/ascending/seed307,76,False,results/stage4_v1/optimization/C_W1_ascending_seed307_i76.npz
results/stage4_v1/density/bd6a98d3cffd9d759d0d2f8d6eccae1fd803711e024419004dfdf1f79861ffdf.npz,c9773a33c2ec4fdf4f58382f618ff3666ffbf2adccefb2217e07559569d66750,0.0,0.95,6,0.05,172f45420dd754dd0729642d26122d70101dda7f641728a8cfc1632dab7b1e52,-0.42201800926273314,0.030333159530994316,0.005751540186037456,5.4736100873097567e-05,0.04655324543708383,192,"[24, 24, 24, 24, 24, 24, 24, 24]",0.13097791699692607,executed,2026-09-22T05:44:00.459824+00:00,0.9999999999999922,1.5490538539386645e-17,5.983099230531362e-19,0.002956903726278704,0.005819421815351557,0.003960772287979062,W1,W1/ascending/seed307,76,False,results/stage4_v1/optimization/C_W1_ascending_seed307_i76.npz
results/stage4_v1/density/951e176ec2444d3753b162efb61f2aababd17e62409b5b124b26a26eec5d5cc9.npz,953de2a76e53cbe8f9fd06e583d44262065325cbb0c799802878fd90c8479b3d,0.0,0.9625,6,0,3997c25a3dd48f65b6eb244af98fc1703879c373f62581f83c3291dbdd3e5df7,-10.064153482906434,0.6090824335293782,0.9999999999953784,0.9999999999999948,0.9960937499999989,192,"[24, 24, 24, 24, 24, 24, 24, 24]",0.0633235830173362,executed,2026-09-22T05:44:00.523613+00:00,0.9999999999999971,-8.544868371901382e-18,3.469446951953614e-17,-4.375733626370706e-16,0.9999999999999976,0.9999999999999948,W1,W1/ascending/seed307,77,False,results/stage4_v1/optimization/C_W1_ascending_seed307_i77.npz
results/stage4_v1/density/33630797a4d76b60fd9eea00d47ac0ee30b36a59a84258b0087c9c753a783f4c.npz,bc8309e706625d6f8f415903792c4e02e265e3e5afd6a9bc0b47e2042f1cc5bf,0.0,0.9625,6,0.01,3997c25a3dd48f65b6eb244af98fc1703879c373f62581f83c3291dbdd3e5df7,-5.336429086287878,0.3524748964538381,0.2237615883241938,0.05441182407987849,0.5466995107531741,192,"[24, 24, 24, 24, 24, 24, 24, 24]",0.13039758297964,executed,2026-09-22T05:44:00.654409+00:00,0.9999999999999959,-1.98544522836408e-17,1.3877787807814457e-17,0.00011701499266108026,0.22413644841999003,0.058105527892066466,W1,W1/ascending/seed307,77,False,results/stage4_v1/optimization/C_W1_ascending_seed307_i77.npz
results/stage4_v1/density/c3b9398a8a8df87cc243d055c0a35122a485a117706a76db58db5d8b59365d27.npz,d03795df6851931a583083eedf708d7257cc1550d1f288eb04911b133a45e71b,0.0,0.9625,6,0.05,3997c25a3dd48f65b6eb244af98fc1703879c373f62581f83c3291dbdd3e5df7,-0.4349166676111894,0.03133789292553859,0.005806772940289771,5.734635486542414e-05,0.047611642829676795,192,"[24, 24, 24, 24, 24, 24, 24, 24]",0.12979058400378563,executed,2026-09-22T05:44:00.784597+00:00,0.9999999999999893,-1.9447876468958736e-18,6.644885744146559e-19,0.0029364549042464206,0.005875350386363866,0.003963372345666731,W1,W1/ascending/seed307,77,False,results/stage4_v1/optimization/C_W1_ascending_seed307_i77.npz
results/stage4_v1/density/04f2b955403388559949cad39ea28337a4dba8388a3c171af3ead12f6f984059.npz,cad7338379a00221ae82844ba100ef0404587cdf1117a4e741bfb8cb5a113670,0.0,0.975,6,0,4d1643438f64d99eff7334053406ff5e21115d0469990c73b266852ea8954364,-10.125598306912359,0.6197901310819839,0.999999999385682,0.9999999999999903,0.9960937499999978,192,"[24, 24, 24, 24, 24, 24, 24, 24]",0.06424649999826215,executed,2026-09-22T05:44:00.849428+00:00,0.999999999999996,-5.990217002982412e-18,5.2845041577819695e-17,-7.207100769396609e-16,0.9999999999999959,0.9999999999999903,W1,W1/ascending/seed307,78,False,results/stage4_v1/optimization/C_W1_ascending_seed307_i78.npz
results/stage4_v1/density/0872ae95399c543a2d4b21a7c54f4973c9f615ee5482fe34861d51d62a0a2943.npz,22e49ebb6e4c335362ed42bef289b7fc7c65760dce938db5b9a0ea8a90e5823a,0.0,0.975,6,0.01,4d1643438f64d99eff7334053406ff5e21115d0469990c73b266852ea8954364,-5.381304728607315,0.35720824324151274,0.22430305155762825,0.05467953271468869,0.5478356612588509,192,"[24, 24, 24, 24, 24, 24, 24, 24]",0.12912883301032707,executed,2026-09-22T05:44:00.978951+00:00,0.999999999999994,3.2038174196946656e-17,1.5612511283791264e-17,0.00011538303500825478,0.22466848432190473,0.05837219079002194,W1,W1/ascending/seed307,78,False,results/stage4_v1/optimization/C_W1_ascending_seed307_i78.npz
results/stage4_v1/density/73acd8a62d527e9618d61fdc47b1589667fea1bce650070815ecd263c6feff16.npz,8eb7d9467f797472bf5e55a82fed33c8e16be11d2441f493669336580de42254,0.0,0.975,6,0.05,4d1643438f64d99eff7334053406ff5e21115d0469990c73b266852ea8954364,-0.4402568371956336,0.03169401853633142,0.005826289819595631,5.802957461235069e-05,0.04787646581942097,192,"[24, 24, 24, 24, 24, 24, 24, 24]",0.13323691597906873,executed,2026-09-22T05:44:01.112634+00:00,0.999999999999987,3.9302328752599536e-19,5.55653613398821e-19,0.0029310794095086918,0.005892122183519869,0.003964052896586521,W1,W1/ascending/seed307,78,False,results/stage4_v1/optimization/C_W1_ascending_seed307_i78.npz
results/stage4_v1/density/cc67b9fb2cbb3d0d736b9815a34b44ff14e5922d6365d7a8fbc01096e1d09215.npz,222d63db636a6c1671b53fef44184676d900e2d44aae94ff3e1c3005e8eeb0ff,0.0,0.9875,6,0,a9d8b78afbd079712bc772f27da64999c65fe1788fda7d8c50f6212154dc3476,-10.188106500367828,0.630345554111323,0.999999999337223,1.000000000000001,0.99609375,192,"[24, 24, 24, 24, 24, 24, 24, 24]",0.06523683399427682,executed,2026-09-22T05:44:01.178284+00:00,1.000000000000001,-1.9136168344369153e-17,4.906538933386797e-17,-7.82528750873491e-16,1.0000000000000007,1.000000000000001,W1,W1/ascending/seed307,79,False,results/stage4_v1/optimization/C_W1_ascending_seed307_i79.npz
results/stage4_v1/density/fec1dcd5577bebe89b37820ba0fe67ddbd4d169743b9f3854f816a24d8d71073.npz,ba9a11e32ff784d10943ab4e1581be00f285e619d81a53fa7a1a46583b3b7e77,0.0,0.9875,6,0.01,a9d8b78afbd079712bc772f27da64999c65fe1788fda7d8c50f6212154dc3476,-5.426439565632531,0.36191817205963583,0.2248400255381589,0.05494522857674873,0.548951009561613,192,"[24, 24, 24, 24, 24, 24, 24, 24]",0.13247699997737072,executed,2026-09-22T05:44:01.311364+00:00,0.9999999999999992,-1.0340578220080499e-17,8.467238932534064e-18,0.00011380464339552415,0.22519620790540168,0.058636848777620806,W1,W1/ascending/seed307,79,False,results/stage4_v1/optimization/C_W1_ascending_seed307_i79.npz
results/stage4_v1/density/8cb27b1f60a6eac4135da1635262026014e2e56b6ede1bbb5e858d003b63afba.npz,c3dce94d0e53e82fc21b6c00fde983331e845a294cb1ea9d5f7b9db3974aa2b0,0.0,0.9875,6,0.05,a9d8b78afbd079712bc772f27da64999c65fe1788fda7d8c50f6212154dc3476,-0.445617604688175,0.0320538215089384,0.005845705353062853,5.871376270669344e-05,0.04813917657144451,192,"[24, 24, 24, 24, 24, 24, 24, 24]",0.1307388749846723,executed,2026-09-22T05:44:01.442544+00:00,0.999999999999992,5.129631528572043e-18,6.644885744146559e-19,0.00292574637415615,0.00590884590700265,0.00396473441207112,W1,W1/ascending/seed307,79,False,results/stage4_v1/optimization/C_W1_ascending_seed307_i79.npz
results/stage4_v1/density/91ad108b9ae9e5ff3d4e94b888584cf7850dedb8a5b7ecc6ad00475e4a9be4bb.npz,4827de7e915b9a5006962d3ca7fd044a0f6888127dd578a449aeedb134b27525,0.0,1.0,6,0,687df7452c66310e93f66d6440b1e5edd41cd3e8f47a5f273e57323725e098fd,-10.251661771004457,0.6407288933941013,0.9999999976293696,1.0000000000000022,0.9960937500000004,192,"[24, 24, 24, 24, 24, 24, 24, 24]",0.06712145800702274,executed,2026-09-22T05:44:01.510386+00:00,1.0000000000000013,-7.20316818345057e-18,6.938893903907228e-17,-6.755647908973777e-16,1.0000000000000009,1.0000000000000022,W1,W1/ascending/seed307,80,False,results/stage4_v1/optimization/C_W1_ascending_seed307_i80.npz
results/stage4_v1/density/cdc709018339dfc5fe07afa5091e5fed4796b16ba457cf3fd17b4b172d4f592e.npz,a7be44bbd9cb87a787cec4661964df417e184211a61258271ca5c8a955f652a5,0.0,1.0,6,0.01,687df7452c66310e93f66d6440b1e5edd41cd3e8f47a5f273e57323725e098fd,-5.471937618790308,0.3666113161065113,0.22540430601018419,0.05522454903455866,0.5501022600907562,192,"[24, 24, 24, 24, 24, 24, 24, 24]",0.1310250420065131,executed,2026-09-22T05:44:01.641819+00:00,1.0000000000000007,6.776263578034403e-20,6.938893903907228e-18,0.0001121270376433673,0.22575294675269675,0.05891507813989241,W1,W1/ascending/seed307,80,False,results/stage4_v1/optimization/C_W1_ascending_seed307_i80.npz
results/stage4_v1/density/8e3a263c1442c1a362988696fb0b82d6f5e0d98723bd600ee6b3e27f929b4a8d.npz,683bfe91a996dd3fd84af565a8796794fc7552a87e15c603936876525d0eed1b,0.0,1.0,6,0.05,687df7452c66310e93f66d6440b1e5edd41cd3e8f47a5f273e57323725e098fd,-0.4511935126917475,0.032431389990348364,0.005866244234364963,5.946714056982112e-05,0.04842630174989702,192,"[24, 24, 24, 24, 24, 24, 24, 24]",0.13337574998149648,executed,2026-09-22T05:44:01.775603+00:00,0.9999999999999942,-8.809142651444724e-19,5.157088295477813e-19,0.0029198701003167217,0.005926968711454473,0.00396548484705197,W1,W1/ascending/seed307,80,False,results/stage4_v1/optimization/C_W1_ascending_seed307_i80.npz
results/stage4_v1/density/986c8ccd95be9205c5b9e28685119cc68ffef51bfab62dbacf290975c6d19c48.npz,2031b781782d4cb24eb07648ac1d3b1a684442e9cd5ea388aa35b851563bca13,0.0,1.0125,6,0,ef8afbfc6ad0cd4dc5a39942d3dd539f996e41ef55cadb47460a79b1470a006c,-10.316245794895774,0.6509177837268086,0.9999999934128424,1.0000000000000018,0.996093750000001,192,"[24, 24, 24, 24, 24, 24, 24, 24]",0.06530429198755883,executed,2026-09-22T05:44:01.841300+00:00,0.9999999999999994,2.228713090815515e-17,2.3470911200235855e-17,-9.128899056136972e-16,1.0000000000000002,1.0000000000000018,W1,W1/ascending/seed307,81,False,results/stage4_v1/optimization/C_W1_ascending_seed307_i81.npz
results/stage4_v1/density/1b1b1ca40ac030109d0a4c83f26ce551ed79d81ee9be067583acde5cd51cdacd.npz,4d96459ede2a65d3107d016a8fadf3daf8c4510a666d42820c54a7f2ee1d2b7b,0.0,1.0125,6,0.01,ef8afbfc6ad0cd4dc5a39942d3dd539f996e41ef55cadb47460a79b1470a006c,-5.517798249934271,0.3712721781181202,0.22597783587046355,0.05550872389697774,0.551279190969553,192,"[24, 24, 24, 24, 24, 24, 24, 24]",0.13417229100014083,executed,2026-09-22T05:44:01.975859+00:00,0.9999999999999989,-5.57822017743792e-17,1.3877787807814457e-17,0.00011043762496555205,0.22631960433455753,0.05919814294425517,W1,W1/ascending/seed307,81,False,results/stage4_v1/optimization/C_W1_ascending_seed307_i81.npz
results/stage4_v1/density/9e5b3e682b23f60854eced286cd7d5042506ea4f54cf2d9f2ee2b1ec107729e2.npz,5b8bd9ba0758b1356da9e262bd32d9a87f0a1d365a5d715ae18fb8fbadcdc8a1,0.0,1.0125,6,0.05,ef8afbfc6ad0cd4dc5a39942d3dd539f996e41ef55cadb47460a79b1470a006c,-0.4568853042667825,0.03281858813047361,0.005887231864487731,6.025237938596542e-05,0.04872284413775427,192,"[24, 24, 24, 24, 24, 24, 24, 24]",0.1323732500022743,executed,2026-09-22T05:44:02.108676+00:00,0.9999999999999918,5.271933063710765e-18,6.510857472447753e-19,0.0029137909077333124,0.005945671297418241,0.003966267018528989,W1,W1/ascending/seed307,81,False,results/stage4_v1/optimization/C_W1_ascending_seed307_i81.npz
results/stage4_v1/density/f05f225482ffc3a719ac727a8a18f0332e223cd30924728088dbe49ef8b5b60e.npz,dbc4ec8506306cfe2373b7daf3c3e19b46f17b26cc13c5d6e5dc29c62d3ff850,0.0,1.025,6,0,7bb35a09a262f43219789bff0cc0b9d856cb2ae18fa4ed69acdc677cb9be2a84,-10.381838519122585,0.6608973304839737,0.9999999999910928,1.0,0.9960937500000007,192,"[24, 24, 24, 24, 24, 24, 24, 24]",0.06547154200961813,executed,2026-09-22T05:44:02.174616+00:00,0.9999999999999993,1.763861409362355e-17,2.872787973076523e-17,-8.341495146194186e-16,1.0,1.0,W1,W1/ascending/seed307,82,False,results/stage4_v1/optimization/C_W1_ascending_seed307_i82.npz
results/stage4_v1/density/96b0d0f45acc7c377911b403f682bcf59494281ea09ea921ad09f8dff0686e0a.npz,5425fdfaedc0d183ecee536cf7481a757f7bfa2d0c00dce0e4e733707f5a8220,0.0,1.025,6,0.01,7bb35a09a262f43219789bff0cc0b9d856cb2ae18fa4ed69acdc677cb9be2a84,-5.584607848083985,0.37780029268243387,0.22734422327590995,0.05619734467685441,0.554122744638483,192,"[24, 24, 24, 24, 24, 24, 24, 24]",0.1301087090105284,executed,2026-09-22T05:44:02.305125+00:00,0.9999999999999988,-3.144186300207963e-18,7.126928574009356e-18,0.00010550662738215192,0.22768943873939568,0.059884073799210444,W1,W1/ascending/seed307,82,False,results/stage4_v1/optimization/C_W1_ascending_seed307_i82.npz
results/stage4_v1/density/b4e7c6afd196229d7380bf1920d41a0fe6c734ca7a2ba56fe6dac8caf537627a.npz,1296fced68188124dd067230e789694181efb8f0bfb5828698995805b701cac2,0.0,1.025,6,0.05,7bb35a09a262f43219789bff0cc0b9d856cb2ae18fa4ed69acdc677cb9be2a84,-0.47002823079587797,0.0338233245521203,0.005942219076902555,6.288761805228182e-05,0.04973656447932419,192,"[24, 24, 24, 24, 24, 24, 24, 24]",0.13791824999498203,executed,2026-09-22T05:44:02.443509+00:00,0.9999999999999925,-2.3784685158900754e-18,5.014435047745458e-19,0.0028947730232411883,0.0060005791909476715,0.003968891963294265,W1,W1/ascending/seed307,82,False,results/stage4_v1/optimization/C_W1_ascending_seed307_i82.npz
results/stage4_v1/density/d5a4524efe823d05faab5d97ede797ad3ea0c110233593b674cc0b3e4973246b.npz,17615ee50793e6dd6d812e3e720d08d9704c8b80c80609ae89ff8f9caf98ebdc,0.0,1.0375,6,0,4fc0e13c978bfc73ae8d6fae3d2b271543e864d099ae352495a79d4b7216a813,-10.448417985623042,0.6706522140204643,0.9999999996507496,1.0000000000000009,0.9960937499999999,192,"[24, 24, 24, 24, 24, 24, 24, 24]",0.06437099998584017,executed,2026-09-22T05:44:02.508338+00:00,0.9999999999999999,-1.2353128502756716e-17,2.964296775167217e-17,-5.072989893461603e-16,0.9999999999999996,1.0000000000000009,W1,W1/ascending/seed307,83,False,results/stage4_v1/optimization/C_W1_ascending_seed307_i83.npz
results/stage4_v1/density/5a92f8aa020bd614a7b4425cd56e43c349545699c51fcf9acf99ba1d8e32c972.npz,429ba91776b595e2a12b6b4727d7e6673b4b8b3d51fe18d870b23f496d08a188,0.0,1.0375,6,0.01,4fc0e13c978bfc73ae8d6fae3d2b271543e864d099ae352495a79d4b7216a813,-5.630876375952763,0.3822969688346029,0.22786174523353991,0.05645515038613536,0.555237924318981,192,"[24, 24, 24, 24, 24, 24, 24, 24]",0.1321438750019297,executed,2026-09-22T05:44:02.640868+00:00,0.9999999999999987,-1.2468324983583301e-18,8.239936510889834e-18,0.0001041392537768515,0.2281982999325739,0.06014087245493952,W1,W1/ascending/seed307,83,False,results/stage4_v1/optimization/C_W1_ascending_seed307_i83.npz
results/stage4_v1/density/47a555975deac0b3ab0f6e39f41adab101d965c3d0f154469dec1734065fac37.npz,0ccbe36deefccac47362cbf06d9d1185426555f99e07daafebda5779962109aa,0.0,1.0375,6,0.05,4fc0e13c978bfc73ae8d6fae3d2b271543e864d099ae352495a79d4b7216a813,-0.4755649057123765,0.034192252899902444,0.0059613785533216305,6.35924385939273e-05,0.0499953274006687,192,"[24, 24, 24, 24, 24, 24, 24, 24]",0.1332704589876812,executed,2026-09-22T05:44:02.774824+00:00,0.9999999999999913,6.9727752217974e-18,4.912791094074942e-19,0.0028896000437108062,0.0060172019060845735,0.00396959403063067,W1,W1/ascending/seed307,83,False,results/stage4_v1/optimization/C_W1_ascending_seed307_i83.npz
results/stage4_v1/density/c9998b822ee41871838eb676980ab55735b3dc4dd0068e622f6f296d501ab415.npz,a1964132f143d97891fa4a116306db827142c8c0717141ecb82a4ae3a1a5df28,0.0,1.05,6,0,54cc08bf70c7a7b8bf9a3169df5200e54ec195bfb7a3a95b4e56cbdf9f03f06a,-10.51596103153313,0.6801684434805856,0.9999999994973754,1.000000000000004,0.9960937500000011,192,"[24, 24, 24, 24, 24, 24, 24, 24]",0.06642420799471438,executed,2026-09-22T05:44:02.841703+00:00,1.0000000000000018,3.005950523216061e-17,2.6223352097530138e-17,-3.993013947981222e-16,1.0000000000000022,1.000000000000004,W1,W1/ascending/seed307,84,False,results/stage4_v1/optimization/C_W1_ascending_seed307_i84.npz
results/stage4_v1/density/ee56a36e853019d34582cf07a0211c82fd8614da16442272d322af6c87cedb61.npz,01f4e03396c30b310b9fa4f1c2f74eebebf5e886d6309d4dcfe2b53014479e04,0.0,1.05,6,0.01,54cc08bf70c7a7b8bf9a3169df5200e54ec195bfb7a3a95b4e56cbdf9f03f06a,-5.677865198589522,0.38677578656718187,0.228461283638568,0.056753922152264116,0.5564972904254679,192,"[24, 24, 24, 24, 24, 24, 24, 24]",0.13191941700642928,executed,2026-09-22T05:44:02.974091+00:00,1.0000000000000002,7.37257477290143e-18,5.637851296924623e-18,0.00010246306003055072,0.228792463659746,0.060438477143856834,W1,W1/ascending/seed307,84,False,results/stage4_v1/optimization/C_W1_ascending_seed307_i84.npz
results/stage4_v1/density/6ead3142ced9418602f5fcdabde171bc5db441f9c895a078ff64c5338c768332.npz,76dc4386ba02192425dd2e540c4cf2e7c2e1d6ce507093f1a3c4502570b59e8b,0.0,1.05,6,0.05,54cc08bf70c7a7b8bf9a3169df5200e54ec195bfb7a3a95b4e56cbdf9f03f06a,-0.48165454008088887,0.03460105547944622,0.00598381551866225,6.448283546507177e-05,0.05032264605344429,192,"[24, 24, 24, 24, 24, 24, 24, 24]",0.13188779199845158,executed,2026-09-22T05:44:03.106410+00:00,0.999999999999994,-1.2265037076242269e-18,5.014435047745458e-19,0.002882995614571955,0.006037612602030897,0.003970480949389036,W1,W1/ascending/seed307,84,False,results/stage4_v1/optimization/C_W1_ascending_seed307_i84.npz
results/stage4_v1/density/794a61934b711959900217c90af98c9931d8dab52976a19b1729845d17529c86.npz,93a9aaf14edb2546461af2eb91f7e1d9c1231ec3f32e60a6ec6644f324e06e2d,0.0,1.0625,6,0,fa7e549c667160b95511339ad64007cda87704acc38f01fb6688719c21f8f407,-10.584443231122176,0.6894345545973672,0.999999998102944,1.0000000000000022,0.9960937500000004,192,"[24, 24, 24, 24, 24, 24, 24, 24]",0.06648204199154861,executed,2026-09-22T05:44:03.173327+00:00,1.0000000000000018,-2.15485181781494e-17,3.144186300207963e-17,-8.084488878871323e-16,1.0000000000000013,1.0000000000000022,W1,W1/ascending/seed307,85,False,results/stage4_v1/optimization/C_W1_ascending_seed307_i85.npz
results/stage4_v1/density/12a59ae86a4fe9c55275a63fdc5d6c73023e02f77254b11bb2f1c31c0234f21f.npz,a3aeaaf1cf97add792c586e5779f5b7f5442f889902dec4508c196d897ee34d8,0.0,1.0625,6,0.01,fa7e549c667160b95511339ad64007cda87704acc38f01fb6688719c21f8f407,-5.72486795516537,0.3911601967039798,0.22901589939328282,0.057030774006000505,0.5576647769676272,192,"[24, 24, 24, 24, 24, 24, 24, 24]",0.13243908301228657,executed,2026-09-22T05:44:03.306181+00:00,1.0000000000000007,-2.6508743117270583e-17,8.674294979774128e-18,0.00010099274558209191,0.22934063693103449,0.06071424754503957,W1,W1/ascending/seed307,85,False,results/stage4_v1/optimization/C_W1_ascending_seed307_i85.npz
results/stage4_v1/density/6349c3200d0cd6649e847830ba04d5539edf3c1744e4c236e0a6def0f51132aa.npz,88371613d440af5616c82342f34c406dc264649171871751f819ac5a150a7e1b,0.0,1.0625,6,0.05,fa7e549c667160b95511339ad64007cda87704acc38f01fb6688719c21f8f407,-0.48754030980864604,0.03499357275073295,0.006004608905609396,6.529421296812163e-05,0.05061751674321687,192,"[24, 24, 24, 24, 24, 24, 24, 24]",0.13313750000088476,executed,2026-09-22T05:44:03.439727+00:00,0.9999999999999942,-2.888721163316066e-17,7.318364664277155e-19,0.002877089218244873,0.006056266032559382,0.003971289157448715,W1,W1/ascending/seed307,85,False,results/stage4_v1/optimization/C_W1_ascending_seed307_i85.npz
results/stage4_v1/density/92dc32d39c4c47c86935d0429818598c4cb4abeca7525a1c832135ceab229b49.npz,02c3626d99dc864ef8caf7aeea36041a7fa6045530e68fd163f665d9c89aaa00,0.0,1.075,6,0,bd9676d949094daf9d8634425d548b583dc91a780e0a953d0096303a50704ece,-10.653839207772922,0.6984411430557529,0.9999999950627552,0.9999999999999998,0.99609375,192,"[24, 24, 24, 24, 24, 24, 24, 24]",0.06487033300800249,executed,2026-09-22T05:44:03.505022+00:00,1.0,-2.791820594150174e-18,3.804545602077247e-17,-7.747395883017122e-16,1.0000000000000004,0.9999999999999998,W1,W1/ascending/seed307,86,False,results/stage4_v1/optimization/C_W1_ascending_seed307_i86.npz
results/stage4_v1/density/0c2fcffaff385e8cad069d03d250b7f58f36f2d542c0f7841a53ee041e87b15d.npz,0366ae3affeb020d75d52f7e98803da70288418db3ae3019601a18bdef488217,0.0,1.075,6,0.01,bd9676d949094daf9d8634425d548b583dc91a780e0a953d0096303a50704ece,-5.77217704241926,0.39547319160874367,0.22956664349478384,0.05730609213409648,0.5588106724591555,192,"[24, 24, 24, 24, 24, 24, 24, 24]",0.13025904100504704,executed,2026-09-22T05:44:03.635751+00:00,0.9999999999999989,3.008661028647275e-17,9.341771812940338e-18,9.956087568174309e-05,0.2298852158356105,0.060988490211697666,W1,W1/ascending/seed307,86,False,results/stage4_v1/optimization/C_W1_ascending_seed307_i86.npz
results/stage4_v1/density/812a4bdcf042d6dd355f97111e5e1b0c01556c6c33693873451063b0a527fb35.npz,d3052ff76c4a5c3fe47396e7bbccbf69565e266fd0fcfd4259cd3b692c8d10f0,0.0,1.075,6,0.05,bd9676d949094daf9d8634425d548b583dc91a780e0a953d0096303a50704ece,-0.4934824287308383,0.03538862869164996,0.00602536903676258,6.61136748453072e-05,0.050912768213562394,192,"[24, 24, 24, 24, 24, 24, 24, 24]",0.12904916700790636,executed,2026-09-22T05:44:03.765228+00:00,0.9999999999999923,1.423692977745028e-17,5.963111948670274e-19,0.0028711924188785944,0.006074973877431257,0.003972105418302943,W1,W1/ascending/seed307,86,False,results/stage4_v1/optimization/C_W1_ascending_seed307_i86.npz
results/stage4_v1/density/8b67fee0e7d500f2ab33ecc0752e231335f1390d9fcf170c8a69c93ca8509814.npz,04f59ac4e0299ccbdb7fe182d164742a5f75c35fce226ac6761972018c03a32d,0.0,1.0875,6,0,afddf4f32838068523ec9dba9c5d6e5540fa3df1480049130f8f0cb23438db35,-10.724122845679666,0.7071860674183306,0.9999999897797751,0.9999999999999989,0.9960937500000003,192,"[24, 24, 24, 24, 24, 24, 24, 24]",0.06574650001130067,executed,2026-09-22T05:44:03.831360+00:00,0.9999999999999982,2.3567844724403653e-17,3.4867510341210807e-17,-4.370976353063385e-16,0.9999999999999996,0.9999999999999989,W1,W1/ascending/seed307,87,False,results/stage4_v1/optimization/C_W1_ascending_seed307_i87.npz
results/stage4_v1/density/56d2bf908d74ab6cddd7c3186200647da0326db4d4142e6b43e75b9e519caec0.npz,492f8fc20ee2b1b17a7bc5461698e02d295a305b0c982f7735f1b3c2704e6372,0.0,1.0875,6,0.01,afddf4f32838068523ec9dba9c5d6e5540fa3df1480049130f8f0cb23438db35,-5.819822387770141,0.39971439976179945,0.23011220146916184,0.05757932099334966,0.5599449419417286,192,"[24, 24, 24, 24, 24, 24, 24, 24]",0.12968249997356907,executed,2026-09-22T05:44:03.961411+00:00,0.9999999999999976,1.463672932855431e-17,5.811364099686434e-18,9.816992030222973e-05,0.23042493088035226,0.06126065177071939,W1,W1/ascending/seed307,87,False,results/stage4_v1/optimization/C_W1_ascending_seed307_i87.npz
results/stage4_v1/density/b4c1827eb32170ab2bea5c7a064b70237fb5794648c7be48b2a17f85ee5796ee.npz,610862c7fe466d63c547d532748d3ad6efaaeae2d3293b96061da8a4b88c0d56,0.0,1.0875,6,0.05,afddf4f32838068523ec9dba9c5d6e5540fa3df1480049130f8f0cb23438db35,-0.49948273099365237,0.03578600775773951,0.006046058726602639,6.693966388111812e-05,0.05120790871391691,192,"[24, 24, 24, 24, 24, 24, 24, 24]",0.13143137498991564,executed,2026-09-22T05:44:04.093287+00:00,0.9999999999999916,3.755405274946666e-17,7.589415207398531e-19,0.0028653219212969572,0.006093696433324575,0.0039729281808190825,W1,W1/ascending/seed307,87,False,results/stage4_v1/optimization/C_W1_ascending_seed307_i87.npz
results/stage4_v1/density/4b068303117dab4d31dce27fe653a7aad80f5491999b8ebd1f53c9473f9e9f08.npz,3b091d196958307be98429542a5a75ae93386e4a49481f7dea1a7f6c39aab40e,0.0,1.1,6,0,21c9f059316d7d1ada3ff609ebf123fb2941805bf0f8e91b8b2ed58e0160b2f1,-10.795267507550724,0.7156623783116722,0.9999999817416649,1.0000000000000036,0.996093750000002,192,"[24, 24, 24, 24, 24, 24, 24, 24]",0.06675304198870435,executed,2026-09-22T05:44:04.160484+00:00,1.0000000000000013,6.27346482054425e-17,3.2200621996683906e-17,-6.710870800463974e-16,1.0000000000000029,1.0000000000000036,W1,W1/ascending/seed307,88,False,results/stage4_v1/optimization/C_W1_ascending_seed307_i88.npz
results/stage4_v1/density/5074bcef28de499884f6853b774afecf4f54369b9fb1d2c1a572e6de2c8b5219.npz,a4422e3266c2b8305c73ed42dc86b28885d672b3d577c8dad97d1091a711212f,0.0,1.1,6,0.01,21c9f059316d7d1ada3ff609ebf123fb2941805bf0f8e91b8b2ed58e0160b2f1,-5.867815907471307,0.4038792541421723,0.23065582570326476,0.05785207281628887,0.5610585066747037,192,"[24, 24, 24, 24, 24, 24, 24, 24]",0.1319638339919038,executed,2026-09-22T05:44:04.292933+00:00,1.000000000000001,1.5802246663976227e-17,5.9485560176926895e-18,9.68064702022827e-05,0.23096312938786573,0.06153233815685024,W1,W1/ascending/seed307,88,False,results/stage4_v1/optimization/C_W1_ascending_seed307_i88.npz
results/stage4_v1/density/5dff23a50268a5770d742d1ea9076f5dc210c4dd0cdfb169cca80166d0e34339.npz,2493f6563aec88bfc50da32ef3277e31a6e9fbc2147ff19d4d261f09d0607af8,0.0,1.1,6,0.05,21c9f059316d7d1ada3ff609ebf123fb2941805bf0f8e91b8b2ed58e0160b2f1,-0.5055632240810604,0.03618659007864665,0.0060668101375353275,6.777938512742979e-05,0.05150558065509546,192,"[24, 24, 24, 24, 24, 24, 24, 24]",0.13242987499688752,executed,2026-09-22T05:44:04.425877+00:00,0.9999999999999951,-1.362028979184915e-18,6.173307217698459e-19,0.0028594238438164337,0.00611258233580571,0.003973764621904276,W1,W1/ascending/seed307,88,False,results/stage4_v1/optimization/C_W1_ascending_seed307_i88.npz
results/stage4_v1/density/c9dac308d0fc859d642091d22b63d71a1d0b5f123a6f02c40f37ba20219375b4.npz,287912e2772fca2b9b95be484faa3793526a5dcbce8366bddac8b076f2401ed5,0.0,1.1125,6,0,851e9fd374af1f4dcaf21de088fc3127bc5dfda6848740a829ff31e70e8106d5,-10.867246504864545,0.7238687139455584,0.9999999999817892,1.0000000000000027,0.9960937500000002,192,"[24, 24, 24, 24, 24, 24, 24, 24]",0.06461695799953304,executed,2026-09-22T05:44:04.490909+00:00,1.0000000000000018,3.1929753979698106e-17,7.632783294297951e-17,-5.458861509867492e-16,1.000000000000001,1.0000000000000027,W1,W1/ascending/seed307,89,False,results/stage4_v1/optimization/C_W1_ascending_seed307_i89.npz
results/stage4_v1/density/4e53ca7f4aeb281a5288a42d690fb40931e522cc0b3a26700f7753116a67f295.npz,c912c8792fffc8e1df90f61c604fd4b3be07894aee1bbdcde3c170ae766fc0db,0.0,1.1125,6,0.01,851e9fd374af1f4dcaf21de088fc3127bc5dfda6848740a829ff31e70e8106d5,-5.940904295752532,0.4100451779759778,0.23219008873678776,0.058632832112734304,0.5640669556635837,192,"[24, 24, 24, 24, 24, 24, 24, 24]",0.13190720899729058,executed,2026-09-22T05:44:04.623219+00:00,0.9999999999999993,1.3986208025063007e-17,9.1201962843014e-18,9.222248030468215e-05,0.23249795998629263,0.06231004761229394,W1,W1/ascending/seed307,89,False,results/stage4_v1/optimization/C_W1_ascending_seed307_i89.npz
results/stage4_v1/density/e7002832fa380c6040bd86f8b7f2ac74700db1b32fce0d495764a9aba197b30a.npz,d702ee23dc59c2724ed3ad9b526e5875a6bc887b2d68e855a8b617845b4b9d78,0.0,1.1125,6,0.05,851e9fd374af1f4dcaf21de088fc3127bc5dfda6848740a829ff31e70e8106d5,-0.5210488819866852,0.03731991749503344,0.006130352443083779,7.096832731789176e-05,0.052660710127377504,192,"[24, 24, 24, 24, 24, 24, 24, 24]",0.13309725001454353,executed,2026-09-22T05:44:04.756788+00:00,0.9999999999999936,-4.2487172634275705e-18,5.920221035459516e-19,0.0028385186339735307,0.0061761572834361355,0.003976941107289306,W1,W1/ascending/seed307,89,False,results/stage4_v1/optimization/C_W1_ascending_seed307_i89.npz
results/stage4_v1/density/a4d73543ac4295c8462263b9f46fb1ec310fffd2dd8eea21043f62cb3e2bc0d5.npz,54cfaa5b724bd28d711e3a9bcea1d539e0bf7f190aab80ada4fea650f2c75300,0.0,1.125,6,0,12ed86fde14a35c38ebe387012f3168d2fd67bce148bc32c8778d14ee182a79c,-10.94003233671047,0.7318027765322741,0.9999999988146842,1.000000000000008,0.9960937500000019,192,"[24, 24, 24, 24, 24, 24, 24, 24]",0.0659390410000924,executed,2026-09-22T05:44:04.823197+00:00,1.0000000000000027,6.545870616381233e-18,2.766054524161103e-17,-7.814482310520309e-16,1.0000000000000027,1.000000000000008,W1,W1/ascending/seed307,90,False,results/stage4_v1/optimization/C_W1_ascending_seed307_i90.npz
results/stage4_v1/density/e0a4d48e7bf4f53ad3e71b05258b9d2a70ef465c26e9002a75b5bef56ee47d43.npz,43ef9d03ea1f49c0ebfca40c1cdcc4471c5e83e9edfd5b11bdb37d5b04a9db2e,0.0,1.125,6,0.01,12ed86fde14a35c38ebe387012f3168d2fd67bce148bc32c8778d14ee182a79c,-5.988742976996667,0.4139330239238195,0.23264989930733032,0.05886457926695115,0.5650062625110213,192,"[24, 24, 24, 24, 24, 24, 24, 24]",0.13222137500997633,executed,2026-09-22T05:44:04.955840+00:00,1.000000000000001,-2.6020852139652106e-18,5.867727800058964e-18,9.11953967940547e-05,0.23295079175422617,0.06254088950418962,W1,W1/ascending/seed307,90,False,results/stage4_v1/optimization/C_W1_ascending_seed307_i90.npz
results/stage4_v1/density/49e71f42177b75d8e4951206639e9de8e764d895f80b1690b3529f113c128d92.npz,c50aadc571332f8756b0e095c803b049fe31cbbcd7669100757221197bc70415,0.0,1.125,6,0.05,12ed86fde14a35c38ebe387012f3168d2fd67bce148bc32c8778d14ee182a79c,-0.5268048783640102,0.037681531658203746,0.00614805700946352,7.167135747002564e-05,0.052901877620344706,192,"[24, 24, 24, 24, 24, 24, 24, 24]",0.13316579200909473,executed,2026-09-22T05:44:05.089416+00:00,0.9999999999999949,2.831800549260577e-17,7.047314121155779e-19,0.0028338219700027,0.006191835557039331,0.003977641391229908,W1,W1/ascending/seed307,90,False,results/stage4_v1/optimization/C_W1_ascending_seed307_i90.npz
results/stage4_v1/density/4f41cf139701b0b295e6c858065f86a93ccc8b32fcf71b6aee123ea224863297.npz,092ad898b226890bdd6c94d2f540eff357eb7ef2b3b22f7a364bbc8317e1be08,0.0,1.1375,6,0,cacdd0c1b0db2a9957940287c2c9954280989afa5ae18c07759a16a6450b0365,-11.01359814444364,0.7394686325443037,0.9999999994735562,1.0000000000000013,0.996093750000001,192,"[24, 24, 24, 24, 24, 24, 24, 24]",0.06380454197642393,executed,2026-09-22T05:44:05.153663+00:00,1.0000000000000004,1.7957098481791167e-17,3.8163916471489756e-17,-5.690033883946454e-16,1.0000000000000013,1.0000000000000013,W1,W1/ascending/seed307,91,False,results/stage4_v1/optimization/C_W1_ascending_seed307_i91.npz
results/stage4_v1/density/9df9ff7888fd7c142e805a530c05b800ce965cac014cfa7af435895da513138a.npz,72716afa1386ba30a0aa9ebd47ac058b9bb9708e60416933cdb647a57536baed,0.0,1.1375,6,0.01,cacdd0c1b0db2a9957940287c2c9954280989afa5ae18c07759a16a6450b0365,-6.038006787778323,0.41782563799902483,0.2332380319335528,0.059161663784803885,0.5661454539173021,192,"[24, 24, 24, 24, 24, 24, 24, 24]",0.13215658400440589,executed,2026-09-22T05:44:05.286203+00:00,0.9999999999999987,6.087795198506107e-17,1.214306433183765e-17,8.977094129083158e-05,0.2335351294952126,0.06283681353564449,W1,W1/ascending/seed307,91,False,results/stage4_v1/optimization/C_W1_ascending_seed307_i91.npz
results/stage4_v1/density/49a7461a0d5235faba0d1266121dfba8acd545e3e4e75084380b45d0a75b9042.npz,82dc83863654aa8243499cba9d069cc0696be4a450719bd7ce4c5c79bfdc6106,0.0,1.1375,6,0.05,cacdd0c1b0db2a9957940287c2c9954280989afa5ae18c07759a16a6450b0365,-0.5334437590180826,0.03810325462703572,0.0061710490002079114,7.266353855474703e-05,0.05324316367113263,192,"[24, 24, 24, 24, 24, 24, 24, 24]",0.13207516600959934,executed,2026-09-22T05:44:05.418869+00:00,0.999999999999992,6.959222694641332e-18,5.827586677109586e-19,0.0028271279574811803,0.0062132708366907236,0.0039786296966072675,W1,W1/ascending/seed307,91,False,results/stage4_v1/optimization/C_W1_ascending_seed307_i91.npz
results/stage4_v1/density/769195c5521e943988409a52a1aa5a0fe56d0f7623e7e2b0db34fb348735fe2f.npz,28ed0aea3c8759d15dcb33ffeee7f697d4607b9e62f4714e0e506cb22bce17cc,0.0,1.15,6,0,a491e5fd41394fcdd9fc22aa57f8d56621de69f3a1787bc2fff7d81e337fdb30,-11.087917029021582,0.7468656959587258,0.9999999984767955,1.0000000000000009,0.99609375,192,"[24, 24, 24, 24, 24, 24, 24, 24]",0.06571658299071714,executed,2026-09-22T05:44:05.485166+00:00,1.0000000000000004,5.99970377199166e-17,3.0357660829594124e-17,-4.78060768349728e-16,1.0000000000000009,1.0000000000000009,W1,W1/ascending/seed307,92,False,results/stage4_v1/optimization/C_W1_ascending_seed307_i92.npz
results/stage4_v1/density/60caab4480382d4a0241d33bbb4507de0be931c068e2a287c74bf153564de574.npz,f614507caf8b2cd31c36276630f348c7f7adbe4d160332d23b37abac7ae7c5d5,0.0,1.15,6,0.01,a491e5fd41394fcdd9fc22aa57f8d56621de69f3a1787bc2fff7d81e337fdb30,-6.086699358240494,0.4215600416342967,0.23373655291916134,0.059413855551826385,0.5671219474064905,192,"[24, 24, 24, 24, 24, 24, 24, 24]",0.13245654199272394,executed,2026-09-22T05:44:05.618018+00:00,0.9999999999999984,-1.7184604433895245e-17,9.540979117872439e-18,8.864883000345524e-05,0.23402862758539872,0.06308802017857706,W1,W1/ascending/seed307,92,False,results/stage4_v1/optimization/C_W1_ascending_seed307_i92.npz
results/stage4_v1/density/31ed474f24abbfb13989c5c39b85b491a65c242cfb841bce515376f9e4188e73.npz,72f7d94b34457a6e7e2aca65f8ac73e656ee928322fa1d3d5b5508fa25f7de2a,0.0,1.15,6,0.05,a491e5fd41394fcdd9fc22aa57f8d56621de69f3a1787bc2fff7d81e337fdb30,-0.5395931608019915,0.03848478586420398,0.006190544544831332,7.348138959897451e-05,0.05352165652530469,192,"[24, 24, 24, 24, 24, 24, 24, 24]",0.1605623750074301,executed,2026-09-22T05:44:05.778974+00:00,0.9999999999999917,-4.0657581468206416e-19,5.827586677109586e-19,0.0028217234981196774,0.006231086643561978,0.0039794443529208535,W1,W1/ascending/seed307,92,False,results/stage4_v1/optimization/C_W1_ascending_seed307_i92.npz
results/stage4_v1/density/21703d62d5d730dd00513083a54e8e662ae7a486e88ddbf0ed754ae273d95c8a.npz,861915cdba3d5b3eb55289f2a612035612b211df664369978ee72ad37baa8596,0.0,1.1625,6,0,5984c0190a3a29e9eec4e71a62ae97e984e959103ed2da489a93e2353484c154,-11.16296245069889,0.7540006599102167,0.99999999659198,1.0000000000000013,0.9960937500000012,192,"[24, 24, 24, 24, 24, 24, 24, 24]",0.06635666699730791,executed,2026-09-22T05:44:05.845802+00:00,1.0000000000000004,-4.797594613248357e-18,4.85722573273506e-17,-4.87458557334829e-16,1.0000000000000018,1.0000000000000013,W1,W1/ascending/seed307,93,False,results/stage4_v1/optimization/C_W1_ascending_seed307_i93.npz
results/stage4_v1/density/04fd2757ac762b99927e09c5a24e38e53752f9d318699ec250288d5370b7ed1a.npz,b4e4526e5d9df907a656565aea271636cec4122db1ca97919f4f4c1d2cef4be7,0.0,1.1625,6,0.01,5984c0190a3a29e9eec4e71a62ae97e984e959103ed2da489a93e2353484c154,-6.135642438232064,0.4252039555452694,0.23422853928273463,0.059663201962724635,0.5680728076546571,192,"[24, 24, 24, 24, 24, 24, 24, 24]",0.13177995799924247,executed,2026-09-22T05:44:05.978043+00:00,0.999999999999999,-2.019326546254252e-17,1.1275702593849246e-17,8.756212987508032e-05,0.23451600553877044,0.06333639258005774,W1,W1/ascending/seed307,93,False,results/stage4_v1/optimization/C_W1_ascending_seed307_i93.npz
results/stage4_v1/density/e09de9a5c172bc309fcad519bf3451110a30bd1e14c82edce352c9385e5543a5.npz,313c5360427575cc5b440ab90365f93c83dc4d430702a21de01c3d1ded9f506a,0.0,1.1625,6,0.05,5984c0190a3a29e9eec4e71a62ae97e984e959103ed2da489a93e2353484c154,-0.5457884252664064,0.038865076118901346,0.0062098981094908315,7.430199374237024e-05,0.053799471468766465,192,"[24, 24, 24, 24, 24, 24, 24, 24]",0.12968124999315478,executed,2026-09-22T05:44:06.108126+00:00,0.9999999999999922,-6.423897871976614e-18,5.692061405548898e-19,0.002816360302834448,0.006248859496466213,0.003980261751579314,W1,W1/ascending/seed307,93,False,results/stage4_v1/optimization/C_W1_ascending_seed307_i93.npz
results/stage4_v1/density/b858f14ec62119620e8c0b5b99027b37be1b1912811fa4b96dbe5e33dfa5e559.npz,5bb01e4d818dfc8c087904abbfab18efb12332f61369ba2fe7fb40d6fad16ae0,0.0,1.175,6,0,93d450ab41af153ae5426427aab6e601c91a5796a58c4cf8aab05838bae6ad44,-11.238708292738561,0.760874646613645,0.99999999364957,1.0000000000000022,0.9960937500000012,192,"[24, 24, 24, 24, 24, 24, 24, 24]",0.06541420900612138,executed,2026-09-22T05:44:06.173951+00:00,1.0000000000000004,-7.68970390835344e-17,4.85722573273506e-17,-6.380529511876217e-16,1.0000000000000018,1.0000000000000022,W1,W1/ascending/seed307,94,False,results/stage4_v1/optimization/C_W1_ascending_seed307_i94.npz
results/stage4_v1/density/358e92f4c407f1f81c4a9b6aecc07ef8d7adf140698c893e6a219bd984fbc917.npz,86ed1dc4776a2c6fab2d25744b24c0e61ba9b4f92f54ffee969cdc4604e94e97,0.0,1.175,6,0.01,93d450ab41af153ae5426427aab6e601c91a5796a58c4cf8aab05838bae6ad44,-6.1848337420473705,0.42875422304247524,0.23471235961880518,0.05990884810989565,0.5689963147425835,192,"[24, 24, 24, 24, 24, 24, 24, 24]",0.13303475000429899,executed,2026-09-22T05:44:06.307365+00:00,0.9999999999999991,-4.174178364069192e-18,9.540979117872439e-18,8.651423597149418e-05,0.23499554902120304,0.06358107917196637,W1,W1/ascending/seed307,94,False,results/stage4_v1/optimization/C_W1_ascending_seed307_i94.npz
results/stage4_v1/density/3df6ba3a2b904a588b077b203adc1090b28965449c8f5cfac679551db0e7ff17.npz,88221c80f8b252f4df20d5fc7d9ca94306a678dd5bf66e68f6b47178c6d04c25,0.0,1.175,6,0.05,93d450ab41af153ae5426427aab6e601c91a5796a58c4cf8aab05838bae6ad44,-0.5520244555730943,0.039243109347688626,0.00622904709233113,7.512209598824634e-05,0.05407581328947018,192,"[24, 24, 24, 24, 24, 24, 24, 24]",0.13260954100405797,executed,2026-09-22T05:44:06.440417+00:00,0.9999999999999927,1.3213713977167085e-17,4.87890977618477e-19,0.00281106229681098,0.006266521320935544,0.003981078650300792,W1,W1/ascending/seed307,94,False,results/stage4_v1/optimization/C_W1_ascending_seed307_i94.npz
results/stage4_v1/density/8dddfa6564b2eb0a48037f42fa347e4438551e82d5398e5496d22604119c5190.npz,43331c2864a458e6372049609d7c88597bfad2f48967f8cf29d938ab3d79e826,0.0,1.1875,6,0,7696ac1190e442bf06a9ff41c704a67903fcf4ccbd0b4643844299f72e17eb34,-11.315129068030569,0.7674965258209205,0.9999999999875122,0.999999999999996,0.9960937499999997,192,"[24, 24, 24, 24, 24, 24, 24, 24]",0.06507695798063651,executed,2026-09-22T05:44:06.505922+00:00,0.999999999999998,-8.944667923005412e-18,5.204170427930421e-17,-7.097595661364306e-16,0.9999999999999991,0.999999999999996,W1,W1/ascending/seed307,95,False,results/stage4_v1/optimization/C_W1_ascending_seed307_i95.npz
results/stage4_v1/density/34f2af8ad296198599b60d9e15922872c01a1cdf7b9df5f6ddc83cebfea16224.npz,4d93f2ba2467e3876554abe5e2b5ad69bc12874a54e7c30cd6f2c6944fe1ea1d,0.0,1.1875,6,0.01,7696ac1190e442bf06a9ff41c704a67903fcf4ccbd0b4643844299f72e17eb34,-6.258307054558554,0.434088869400621,0.23619393877994999,0.06066674975095801,0.57167086261376,192,"[24, 24, 24, 24, 24, 24, 24, 24]",0.1302985000074841,executed,2026-09-22T05:44:06.636632+00:00,0.9999999999999968,-1.4365678785432934e-18,5.770767276436939e-18,8.288771848681966e-05,0.23647147734620558,0.06433602025974333,W1,W1/ascending/seed307,95,False,results/stage4_v1/optimization/C_W1_ascending_seed307_i95.npz
results/stage4_v1/density/4d15b71947dbf9c062acb5df9c24b83afc540efc092c3ab64474dd1b953de370.npz,1ff522a9ec91ace0c4b62496db14f74e598a259f6adffd06e4fa737b0e64e04f,0.0,1.1875,6,0.05,7696ac1190e442bf06a9ff41c704a67903fcf4ccbd0b4643844299f72e17eb34,-0.5676955955697042,0.04032470316275439,0.006290991591234352,7.830875999753693e-05,0.05517170840641138,192,"[24, 24, 24, 24, 24, 24, 24, 24]",0.1319664170150645,executed,2026-09-22T05:44:06.769008+00:00,0.9999999999999906,5.663601098521154e-17,1.043544591017298e-18,0.002791780478181675,0.00632825597950276,0.0039842528664037966,W1,W1/ascending/seed307,95,False,results/stage4_v1/optimization/C_W1_ascending_seed307_i95.npz
results/stage4_v1/density/4af4166462e594272560bb6c755184ac57eef4982843169dadf612b8b003accd.npz,c8f4f6d5c6ac11ce61c7ba26f207463b3a74bf22d5b6945bd473cbd08273ae56,0.0,1.2,6,0,6963b3885997cf59079778fd104351ace0bf031e7259dd329c9076fb57cd9919,-11.392199645847889,0.7738733137050646,0.999999999435957,1.000000000000003,0.9960937500000004,192,"[24, 24, 24, 24, 24, 24, 24, 24]",0.06655604200204834,executed,2026-09-22T05:44:06.836018+00:00,1.000000000000002,-3.077778917143226e-17,8.673617379884035e-17,-6.590138076980813e-16,1.0000000000000009,1.000000000000003,W1,W1/ascending/seed307,96,False,results/stage4_v1/optimization/C_W1_ascending_seed307_i96.npz
results/stage4_v1/density/e93d30c0da26726d34889aef4d33adf153a1cd584aa06b6fa4662494343841c5.npz,5ea64289552807c0eb22f5ebebcb276aabf406eee6ad206d0e62c1f63ed2825a,0.0,1.2,6,0.01,6963b3885997cf59079778fd104351ace0bf031e7259dd329c9076fb57cd9919,-6.307292707687014,0.43737034922255746,0.23659383414961432,0.06087062564291362,0.5724304124682771,192,"[24, 24, 24, 24, 24, 24, 24, 24]",0.13226466698688455,executed,2026-09-22T05:44:06.968707+00:00,1.0000000000000004,-2.78911008871896e-17,5.485677294651096e-18,8.210075485703352e-05,0.2368660769899364,0.064539099761496,W1,W1/ascending/seed307,96,False,results/stage4_v1/optimization/C_W1_ascending_seed307_i96.npz
results/stage4_v1/density/f2743711bd326b70600032606230bdfb81649f4a338ef0683e78840cb8d1d5ab.npz,4ef7275af5ecc556b7a5f9b226829482ad0d4cb4f45e1566cbaa4279a268770e,0.0,1.2,6,0.05,6963b3885997cf59079778fd104351ace0bf031e7259dd329c9076fb57cd9919,-0.5736050137917945,0.04066215371120513,0.006306945334175038,7.898409727105834e-05,0.05539210938884175,192,"[24, 24, 24, 24, 24, 24, 24, 24]",0.1313464159902651,executed,2026-09-22T05:44:07.100533+00:00,0.999999999999994,-8.131516293641283e-18,5.827586677109586e-19,0.002787598424679507,0.0063426503415344535,0.003984925565641093,W1,W1/ascending/seed307,96,False,results/stage4_v1/optimization/C_W1_ascending_seed307_i96.npz
results/stage4_v1/density/5708b607c336aff2a69a3cbb4984f639ec51ca8327e20f0909c03d231a937574.npz,ba393c9d95752f8ff9367b84adb5e150d7d3af8cd105be57c3c172c6a6ae040d,0.0,1.2125,6,0,ff8c740786c666aab6ff9a4edd9fad85c6586249d783a0fea44477269bb192dc,-11.46989575361376,0.7800095169334877,0.9999999956706778,1.0000000000000089,0.9960937500000024,192,"[24, 24, 24, 24, 24, 24, 24, 24]",0.06661808301578276,executed,2026-09-22T05:44:07.167621+00:00,1.0000000000000036,-9.906897351086297e-17,2.467030512745531e-17,-5.192663651692931e-16,1.0000000000000044,1.0000000000000089,W1,W1/ascending/seed307,97,False,results/stage4_v1/optimization/C_W1_ascending_seed307_i97.npz
results/stage4_v1/density/ed350865dfe625b3d286908d7d5eae505f271da13a2f7080d50abea61a4297ed.npz,435d7dbc8d4e7cc4312ae2f9a4396721062c800f7b4074a981c173504677ea58,0.0,1.2125,6,0.01,ff8c740786c666aab6ff9a4edd9fad85c6586249d783a0fea44477269bb192dc,-6.356397430148365,0.44055388272518836,0.23698203608118118,0.061068800085033494,0.573163180174421,192,"[24, 24, 24, 24, 24, 24, 24, 24]",0.1299133749853354,executed,2026-09-22T05:44:07.297931+00:00,1.0000000000000027,-4.391018798566293e-18,6.210311558245629e-18,8.135519955920401e-05,0.23724939574216464,0.06473650008470133,W1,W1/ascending/seed307,97,False,results/stage4_v1/optimization/C_W1_ascending_seed307_i97.npz
results/stage4_v1/density/b91fb6483215e8cb8434960530b7c22884cb5b5829fc0d801d8a6c3b5faca311.npz,7291e7b6186a3f84ff95ba484a720e427513a05dd4762bc5e3bbb211baed1a14,0.0,1.2125,6,0.05,ff8c740786c666aab6ff9a4edd9fad85c6586249d783a0fea44477269bb192dc,-0.5795114046364203,0.040993662311684255,0.006322503517828287,7.964735647710286e-05,0.05560729474678358,192,"[24, 24, 24, 24, 24, 24, 24, 24]",0.13417308300267905,executed,2026-09-22T05:44:07.432529+00:00,0.9999999999999962,-1.260385025514399e-18,5.692061405548898e-19,0.0027835299580094156,0.00635675126009531,0.003985586233990864,W1,W1/ascending/seed307,97,False,results/stage4_v1/optimization/C_W1_ascending_seed307_i97.npz
results/stage4_v1/density/6472b14433099773fa13a26b0e6e840e66261e998359edaf9841324c743a668a.npz,65d5ae109d2c37e0b0d835eb74df9a380311ba29478401e4973e28fa9e9f7720,0.0,1.225,6,0,43f9adefd3c4837ad4590ba3d3382516002409b46762967e3ebb4a49e94a1666,-11.548193919067812,0.7859146277222225,0.9999999999118858,1.000000000000004,0.9960937500000017,192,"[24, 24, 24, 24, 24, 24, 24, 24]",0.0640034590032883,executed,2026-09-22T05:44:07.496952+00:00,1.0000000000000018,-4.6796876269905585e-17,3.198672041575565e-17,-9.655961042124905e-16,1.0000000000000024,1.000000000000004,W1,W1/ascending/seed307,98,False,results/stage4_v1/optimization/C_W1_ascending_seed307_i98.npz
results/stage4_v1/density/0f1a6f2d98c2eec5260a1afa2cf4c7cc65a64c8d489c3758eab82c4d7f30e56a.npz,c5f6d6069c869e7cf39790ba81d307ca168e177aca8fb51f615413d19ce5ac6d,0.0,1.225,6,0.01,43f9adefd3c4837ad4590ba3d3382516002409b46762967e3ebb4a49e94a1666,-6.409917096986405,0.4439591260453223,0.23768739558032367,0.06143034873654558,0.5744010103944,192,"[24, 24, 24, 24, 24, 24, 24, 24]",0.13587066598120145,executed,2026-09-22T05:44:07.633281+00:00,1.0000000000000009,9.2970336290632e-18,5.180470124732126e-18,7.980640933776262e-05,0.23795300586831003,0.06509663643679345,W1,W1/ascending/seed307,98,False,results/stage4_v1/optimization/C_W1_ascending_seed307_i98.npz
results/stage4_v1/density/b4d43e5eb30291d1c4d35165f52c920a6be8389f8554e37dcc40ed3e0afd7ae8.npz,4383838021262629c5fd5566d09c4d7b0f7ee172c5fdf828ae2264d9b5a21973,0.0,1.225,6,0.05,43f9adefd3c4837ad4590ba3d3382516002409b46762967e3ebb4a49e94a1666,-0.5877328441123574,0.041485578075857545,0.006351432213192302,8.103028931719157e-05,0.056061104614102936,192,"[24, 24, 24, 24, 24, 24, 24, 24]",0.13286529199103825,executed,2026-09-22T05:44:07.766540+00:00,0.9999999999999939,3.0899761915836876e-18,5.759824041329242e-19,0.0027750012136768146,0.006384748740501444,0.003986963764749546,W1,W1/ascending/seed307,98,False,results/stage4_v1/optimization/C_W1_ascending_seed307_i98.npz
results/stage4_v1/density/7f56ff4a7bc70c4663b3c1a535888e803bf9d3aab13aee22e0fcc9d13dcfaf7e.npz,015fa89e7a97d99d3b43b58fb02eb73559d8811676178114bbe1f358ac9bebcb,0.0,1.2375,6,0,64fe520dee659bc1009d068dd81634bc2bf95fbf2c6e38ae4bf1414e9127d878,-11.627071181261044,0.791593901716729,0.9999999987953826,0.9999999999999993,0.9960937500000001,192,"[24, 24, 24, 24, 24, 24, 24, 24]",0.06467762499232776,executed,2026-09-22T05:44:07.831671+00:00,0.9999999999999988,5.006303531451817e-17,4.163336342344337e-17,-5.45506751822794e-16,0.9999999999999996,0.9999999999999993,W1,W1/ascending/seed307,99,False,results/stage4_v1/optimization/C_W1_ascending_seed307_i99.npz
results/stage4_v1/density/8e5b1d16a8ad40e1a17c9b79c819c7e80cf00000cf0bd68c2ae9d14e92bf58c5.npz,9c9a750fbadce1b9b53908f501cca600ac26b81a3f4758697aac43aeb7dc7d96,0.0,1.2375,6,0.01,64fe520dee659bc1009d068dd81634bc2bf95fbf2c6e38ae4bf1414e9127d878,-6.459437973161766,0.44696178314884416,0.23805920323982602,0.06162093508244645,0.5750928189327594,192,"[24, 24, 24, 24, 24, 24, 24, 24]",0.1366360830143094,executed,2026-09-22T05:44:07.968696+00:00,0.9999999999999981,-1.1655173354219173e-17,8.741117365843378e-18,7.91178487134843e-05,0.2383205515905279,0.06528647830478064,W1,W1/ascending/seed307,99,False,results/stage4_v1/optimization/C_W1_ascending_seed307_i99.npz
results/stage4_v1/density/39c4fd31643c0bf2c24fdd081aebeac22872acee27f910e979059af799926c05.npz,1950b5459163ce8a357ae139771e3b6862b02d0daf6a07bd3cf7f400788d1c48,0.0,1.2375,6,0.05,64fe520dee659bc1009d068dd81634bc2bf95fbf2c6e38ae4bf1414e9127d878,-0.5937030249334916,0.041809238204720024,0.00636651930712625,8.168751384627752e-05,0.056273858355255835,192,"[24, 24, 24, 24, 24, 24, 24, 24]",0.13441054098075256,executed,2026-09-22T05:44:08.103557+00:00,0.9999999999999908,-1.757762772142124e-17,6.640738306473715e-19,0.0027710616145921875,0.006398539393815699,0.0039876184219953155,W1,W1/ascending/seed307,99,False,results/stage4_v1/optimization/C_W1_ascending_seed307_i99.npz
results/stage4_v1/density/324c695d5abc41312fd468c8836fdbb02c2a98bc99bd3bba0cc683d3ed6b3688.npz,a3f4da6cc523b8a33e1332d410ee1b915d0a0005349bb9042b55460c8558c669,0.0,1.25,6,0,4005ac077b02ae9bb582a616822b2812888c24fd91bdbb19fdddde1af6168582,-11.706505563459025,0.7970578271124369,0.9999999992822916,0.9999999999999997,0.99609375,192,"[24, 24, 24, 24, 24, 24, 24, 24]",0.06586279199109413,executed,2026-09-22T05:44:08.170109+00:00,0.9999999999999993,1.5720931501039814e-17,2.6821680460091232e-17,-5.385082376758226e-16,0.9999999999999992,0.9999999999999997,W1,W1/ascending/seed307,100,False,results/stage4_v1/optimization/C_W1_ascending_seed307_i100.npz
results/stage4_v1/density/6c44a909ee36012940afd71b081ec9c6be86f8889fd619d35d107c6be497b834.npz,2657f040abf7b0477046997ffbed5cfa6e3c0642887cef4adc36613b46a3208e,0.0,1.25,6,0.01,4005ac077b02ae9bb582a616822b2812888c24fd91bdbb19fdddde1af6168582,-6.510365295696312,0.44996622686104565,0.2385442027641948,0.061870353560495174,0.575951085801435,192,"[24, 24, 24, 24, 24, 24, 24, 24]",0.13137620899942704,executed,2026-09-22T05:44:08.302086+00:00,0.9999999999999979,2.5207700510287978e-17,5.846906400635227e-18,7.81589759374689e-05,0.2388031548232229,0.06553492249189949,W1,W1/ascending/seed307,100,False,results/stage4_v1/optimization/C_W1_ascending_seed307_i100.npz
results/stage4_v1/density/0b7db99836a0134d117d5766b48dd3b21552b0f9e395e1f1ef9aa500e12f57c1.npz,7e94d1f4fa07a70921ab0bdaa605182999133c5bf8319b938e2d5c970a82d2e6,0.0,1.25,6,0.05,4005ac077b02ae9bb582a616822b2812888c24fd91bdbb19fdddde1af6168582,-0.6004814248664128,0.04218447483627416,0.006386476714298234,8.260802609604768e-05,0.05657111310920224,192,"[24, 24, 24, 24, 24, 24, 24, 24]",0.14162370801204816,executed,2026-09-22T05:44:08.444141+00:00,0.9999999999999916,-1.3755815063409838e-17,6.505213034913027e-19,0.0027655127171769705,0.006417447654166896,0.00398853533849411,W1,W1/ascending/seed307,100,False,results/stage4_v1/optimization/C_W1_ascending_seed307_i100.npz
results/stage4_v1/density/e4eeee063ad7897302ba01711ed50ec7fd641aa6510e74e1073c2a8b4e1697e2.npz,0108a1760317f607d84cd20bde8c2c22c65ed68d6db7ff4d841b9bb1269d3d8f,0.0,1.25,6,0,19f706591d7a1172271fab20500c6099a548502bfcf137daee3b13ff28cac4d6,-11.70627083402879,0.797324781393395,0.9999772894902909,0.9999999999999956,0.9960937499999994,192,"[24, 24, 24, 24, 24, 24, 24, 24]",0.06452283298131078,executed,2026-09-22T05:44:11.978513+00:00,0.9999999999999971,1.8431436932253575e-18,3.1429149095751614e-17,-9.46399014489595e-16,0.9999999999999977,0.9999999999999956,W1,W1/descending/seed307,100,False,results/stage4_v1/optimization/C_W1_descending_seed307_i100.npz
results/stage4_v1/density/9ad4019056bcd3229f85c908d3657949fc6c4e395899e2ba287ef2556a448b05.npz,dd09b99cb6bcddc5043e04fb5452255c7bba3aaaa884e52b40477ad070deff44,0.0,1.25,6,0.01,19f706591d7a1172271fab20500c6099a548502bfcf137daee3b13ff28cac4d6,-5.425817553538661,0.3830421839199799,0.20274554234146946,0.04386562251776597,0.4743840270933372,192,"[24, 24, 24, 24, 24, 24, 24, 24]",0.13414108401047997,executed,2026-09-22T05:44:12.113037+00:00,0.9999999999999958,-2.108773225484306e-17,6.071532165918825e-18,0.0003879557116866352,0.2028558352087948,0.04760052242980595,W1,W1/descending/seed307,100,False,results/stage4_v1/optimization/C_W1_descending_seed307_i100.npz
results/stage4_v1/density/5e5582f870bead1a6c9acf4df9ccdb852abfb2eb4c07a99c4deb467dc1073ad8.npz,711545d08a3103e0adbabf8bba7fd5d5cbb1acf3d3f9a8cf55dee8be29c2c402,0.0,1.25,6,0.05,19f706591d7a1172271fab20500c6099a548502bfcf137daee3b13ff28cac4d6,-0.224916444230545,0.016652985112941537,0.004846532027017526,1.1705256080056705e-05,0.021294017915854814,192,"[24, 24, 24, 24, 24, 24, 24, 24]",0.13405916700139642,executed,2026-09-22T05:44:12.247526+00:00,0.9999999999999897,-3.0052728968582576e-18,3.8285889215894375e-19,0.003459985484383889,0.004854557396353803,0.003917909532423494,W1,W1/descending/seed307,100,False,results/stage4_v1/optimization/C_W1_descending_seed307_i100.npz
results/stage4_v1/density/730d2bb6b4c0f6ac2f4d2d5cf3efb6bbc259670cf5323411e15fa0e5d8ce8a84.npz,0e6f20cc2d3aae37abe8979047a7403a7e9dfec89e0ef50cfbfba48276107bb9,0.0,1.2375,6,0,504d34cc380bb414e50c42037bbc13bce2a7582a9bccf3ce0392d0c88ab2d4ad,-11.62680824421494,0.7918918455109675,0.9999743703885595,1.0000000000000098,0.9960937500000031,192,"[24, 24, 24, 24, 24, 24, 24, 24]",0.06555179198039696,executed,2026-09-22T05:44:12.313558+00:00,1.0000000000000036,-2.3310346708438345e-18,4.860322466063819e-17,-5.373889104326017e-16,1.0000000000000047,1.0000000000000098,W1,W1/descending/seed307,99,False,results/stage4_v1/optimization/C_W1_descending_seed307_i99.npz
results/stage4_v1/density/ddf3b200e36202b4a3b8eddcae08a9ebd552a30dc2df679db607563b41bac945.npz,b85b3d07e6bb47092cc5b87f31888c7af25d1c89b62c62c0e8aabb5f0c90aecc,0.0,1.2375,6,0.01,504d34cc380bb414e50c42037bbc13bce2a7582a9bccf3ce0392d0c88ab2d4ad,-5.384847829948443,0.38136175771217246,0.20248789476901458,0.04375945231651269,0.4740910182446745,192,"[24, 24, 24, 24, 24, 24, 24, 24]",0.1329287920088973,executed,2026-09-22T05:44:12.446934+00:00,1.0000000000000029,2.9544509200229996e-18,7.091585652310386e-18,0.00038855217060127433,0.2026007030175488,0.04749476695590131,W1,W1/descending/seed307,99,False,results/stage4_v1/optimization/C_W1_descending_seed307_i99.npz
results/stage4_v1/density/247c345367e9506bd05bf5c071c838d8e3a5af948d665873d851339a5b4c651c.npz,a85c40e5faf8a09fd859d4737f10e92657d8b1db3bd769c56c8f3856e89e88d7,0.0,1.2375,6,0.05,504d34cc380bb414e50c42037bbc13bce2a7582a9bccf3ce0392d0c88ab2d4ad,-0.22281084752688124,0.016608096949446104,0.004842761967867416,1.1658668788148402e-05,0.02125546752064952,192,"[24, 24, 24, 24, 24, 24, 24, 24]",0.1329020420089364,executed,2026-09-22T05:44:12.580284+00:00,0.9999999999999964,-1.8634724839594607e-18,4.2012834183813297e-19,0.003460612730012584,0.0048512199106399735,0.003917863127113195,W1,W1/descending/seed307,99,False,results/stage4_v1/optimization/C_W1_descending_seed307_i99.npz
results/stage4_v1/density/7f5fea2654364cf95a0eb6b4b4b5d33166a9d9a4e58c62239d9fcc5289d61b9a.npz,4bce1c93f0827122ffa3d93d3f7854bb519d2a3a7090635f8670c93459e5f9da,0.0,1.225,6,0,375ef556f218d4b2b00a7d1672758f6702e2605a100ac21cd337295f0530292a,-11.547899540218248,0.7862459380442144,0.9999710778133307,0.9999999999999969,0.9960937499999996,192,"[24, 24, 24, 24, 24, 24, 24, 24]",0.06392133299959823,executed,2026-09-22T05:44:12.644697+00:00,0.9999999999999976,5.1797758790494974e-17,4.1714599331759725e-17,-4.953799678141086e-16,0.999999999999998,0.9999999999999969,W1,W1/descending/seed307,98,False,results/stage4_v1/optimization/C_W1_descending_seed307_i98.npz
results/stage4_v1/density/69e4aa9f706e8df655f8684eb176447a4f6a2e7dc3253efa427e6d890ecce398.npz,140390a87f1dfd5c17880f2c98ad3396296ffe405a08876655e1d27b90e3b522,0.0,1.225,6,0.01,375ef556f218d4b2b00a7d1672758f6702e2605a100ac21cd337295f0530292a,-5.344060527929048,0.3796482529876424,0.20222615512805142,0.043652041968043946,0.4738051187960036,192,"[24, 24, 24, 24, 24, 24, 24, 24]",0.1310124579758849,executed,2026-09-22T05:44:12.776091+00:00,0.9999999999999964,7.26415455565288e-18,8.245819061041671e-18,0.0003890888297214707,0.20234171362503933,0.04738777617910628,W1,W1/descending/seed307,98,False,results/stage4_v1/optimization/C_W1_descending_seed307_i98.npz
results/stage4_v1/density/2719d5cd291a12530e2ea1d936696396979fb5d362d0838b233e8236446da325.npz,312dd6f837ce57b0e7984eabf624efa7d496148d9a7739f2c8c61e37f010fa64,0.0,1.225,6,0.05,375ef556f218d4b2b00a7d1672758f6702e2605a100ac21cd337295f0530292a,-0.22073144684111398,0.01656573551861117,0.004839012621656527,1.1614819135799156e-05,0.02121934055998648,192,"[24, 24, 24, 24, 24, 24, 24, 24]",0.12971812501200475,executed,2026-09-22T05:44:12.906215+00:00,0.9999999999999902,-7.901123331988114e-18,3.9979955110402976e-19,0.0034611704592574376,0.00484793229499542,0.00391781944874855,W1,W1/descending/seed307,98,False,results/stage4_v1/optimization/C_W1_descending_seed307_i98.npz
results/stage4_v1/density/f9c281557063b985556a20b18b35dd64e39fd95d345c0fec0b163d57d849fe06.npz,44e38be03f1dc675b7e3b5413609f4ae2f6d666d933a9207fcbacfaa75cf4c64,0.0,1.2125,6,0,da201641ccfc9bf091b111efd18c2bebda50f99df180dc5292160a4eb76a4354,-11.469566549199563,0.7803780567569064,0.999967402958168,1.0000000000000022,0.9960937500000006,192,"[24, 24, 24, 24, 24, 24, 24, 24]",0.06488024999271147,executed,2026-09-22T05:44:12.971500+00:00,1.0000000000000004,-4.6485168145316e-18,4.101667362057603e-17,-1.0966816365381261e-15,1.0,1.0000000000000022,W1,W1/descending/seed307,97,False,results/stage4_v1/optimization/C_W1_descending_seed307_i97.npz
results/stage4_v1/density/bd4e0e3899ae01b00649781c0af8d64eefebb730c60bd7b830b69acf8a99064b.npz,f94fbde1ba60ad4f14c657518a5203d162cdd4d562f76791e67587aff42d0cae,0.0,1.2125,6,0.01,da201641ccfc9bf091b111efd18c2bebda50f99df180dc5292160a4eb76a4354,-5.314553911824218,0.3788025126761484,0.20221420365522302,0.04366732374531591,0.47466586373141684,192,"[24, 24, 24, 24, 24, 24, 24, 24]",0.13276637499802746,executed,2026-09-22T05:44:13.104702+00:00,0.9999999999999993,-1.1438332919722072e-17,7.531108977247333e-18,0.00038440753022485927,0.20233318655804605,0.047402998261935766,W1,W1/descending/seed307,97,False,results/stage4_v1/optimization/C_W1_descending_seed307_i97.npz
results/stage4_v1/density/97ffc6828e564098788a3606040675fb3642877a5cd0686cd7170b5d8a6e177f.npz,065111e4379a0a0bfc08100d08288264defe1da2953b7be8fe4b812fb793564e,0.0,1.2125,6,0.05,da201641ccfc9bf091b111efd18c2bebda50f99df180dc5292160a4eb76a4354,-0.22109974594747145,0.016723766338896884,0.0048447062019957125,1.1841517409240524e-05,0.021430728947367507,192,"[24, 24, 24, 24, 24, 24, 24, 24]",0.13281112498953007,executed,2026-09-22T05:44:13.237937+00:00,0.9999999999999922,1.1092743477242317e-17,4.946672411965114e-19,0.0034561457935994326,0.004854226200088258,0.003918045261481861,W1,W1/descending/seed307,97,False,results/stage4_v1/optimization/C_W1_descending_seed307_i97.npz
results/stage4_v1/density/71af66dd758eb6830eef32d4041647305460d09dd6277df8e513ff2aa313ef9c.npz,6b3103b9553534ef30d14ee0c2f87a2c893098da50d6473fed6cd465371d1952,0.0,1.2,6,0,be107307c7972cf209e729eca4df6d2185b07270758876a1a6a9a7f6c26d4871,-11.39183170443948,0.774280763281623,0.9999632972997812,1.0000000000000049,0.9960937500000018,192,"[24, 24, 24, 24, 24, 24, 24, 24]",0.06792670898721553,executed,2026-09-22T05:44:13.306459+00:00,1.0000000000000009,-9.481347998385736e-17,3.935041548003252e-17,-5.515800348149046e-16,1.000000000000002,1.0000000000000049,W1,W1/descending/seed307,96,False,results/stage4_v1/optimization/C_W1_descending_seed307_i96.npz
results/stage4_v1/density/a0d1116ce421d86c4097470c69d9d97aea0c51d575d6f5cb0f99bc250e3ca76d.npz,bb756084d5d365beea1f748ae80f9bf811436540c1f722d42a6629f37dd99673,0.0,1.2,6,0.01,be107307c7972cf209e729eca4df6d2185b07270758876a1a6a9a7f6c26d4871,-5.2727990168927175,0.37692884480280475,0.20192130260722474,0.043545557942780096,0.47427527595636065,192,"[24, 24, 24, 24, 24, 24, 24, 24]",0.13328029197873548,executed,2026-09-22T05:44:13.440344+00:00,1.0000000000000004,-1.4446993948369347e-17,6.938893903907228e-18,0.0003853511872972648,0.202043210518849,0.04728170810706611,W1,W1/descending/seed307,96,False,results/stage4_v1/optimization/C_W1_descending_seed307_i96.npz
results/stage4_v1/density/d61c7d2b2e9cff5d0f8ae1a0701ea7749fc8afb837a28b93d8ccd38851f8fd51.npz,58adce6359d29eea203b68e7d27adb23e84b97072c9296c2904510668d02ce9e,0.0,1.2,6,0.05,be107307c7972cf209e729eca4df6d2185b07270758876a1a6a9a7f6c26d4871,-0.2187870254338997,0.016665954237393414,0.004839999932963685,1.1774248650286978e-05,0.02137345860155479,192,"[24, 24, 24, 24, 24, 24, 24, 24]",0.13261966698337346,executed,2026-09-22T05:44:13.573590+00:00,0.9999999999999943,-4.346973085309069e-18,4.1846599561084217e-19,0.0034571360816163473,0.0048500315280713135,0.003917978255491497,W1,W1/descending/seed307,96,False,results/stage4_v1/optimization/C_W1_descending_seed307_i96.npz
results/stage4_v1/density/3f9f5e2e58e8a5c1e310a6bf37271e8e7b53965e2e2c9cfbe661eb189e19a542.npz,66ca4dda4aa4147011b9c57a663d98dd444223f7ec8ddf288de52d53f7cdd482,0.0,1.1875,6,0,07a9607d0b882961b4fc30d24ed701adab857f84cf56d7af85a0d09e023358a6,-11.314718412471574,0.7679458199405795,0.9999587803523107,1.0000000000000013,0.9960937500000011,192,"[24, 24, 24, 24, 24, 24, 24, 24]",0.06534033399657346,executed,2026-09-22T05:44:13.639447+00:00,1.0000000000000013,9.852687242462022e-18,4.120652957816004e-17,-6.453740173481657e-16,1.0000000000000029,1.0000000000000013,W1,W1/descending/seed307,95,False,results/stage4_v1/optimization/C_W1_descending_seed307_i95.npz
results/stage4_v1/density/6725e59553f78fc6005cb2ff3b5f0f4279354a9de97ec131ce2ea4938981034b.npz,c4df332040d3fbea80f5e62a81ad7c347eb7e81c04f83ede6ad80296e1efbdce,0.0,1.1875,6,0.01,07a9607d0b882961b4fc30d24ed701adab857f84cf56d7af85a0d09e023358a6,-5.238166261684517,0.37571225767491856,0.20177210339491392,0.043495096779252895,0.4746652137211708,192,"[24, 24, 24, 24, 24, 24, 24, 24]",0.13236612500622869,executed,2026-09-22T05:44:13.772566+00:00,0.9999999999999998,-1.111307226797642e-18,7.553901940374318e-18,0.0003821617117005957,0.20189781540290547,0.04723144405745894,W1,W1/descending/seed307,95,False,results/stage4_v1/optimization/C_W1_descending_seed307_i95.npz
results/stage4_v1/density/fa5e5e9c682b6b0332f52189869d7a3212eb4c6caba052dc47320c66fa48635e.npz,2dd5ef361e9e3a7116920634ba32c9602d8b05e703b4af701de8b8ff912098e8,0.0,1.1875,6,0.05,07a9607d0b882961b4fc30d24ed701adab857f84cf56d7af85a0d09e023358a6,-0.21809242224311898,0.01675119610308437,0.004841141615112577,1.1888959282234462e-05,0.021481661927299507,192,"[24, 24, 24, 24, 24, 24, 24, 24]",0.13332583298324607,executed,2026-09-22T05:44:13.906505+00:00,0.9999999999999927,1.6808521805314336e-17,6.166399856011306e-19,0.0034541396301909716,0.004851844236786784,0.003918092518035038,W1,W1/descending/seed307,95,False,results/stage4_v1/optimization/C_W1_descending_seed307_i95.npz
results/stage4_v1/density/bf04c6082e8ad1a7e9fe89473dc09ce8da2c65d4e1addc438b923cee4b498966.npz,54f6ee11be07ed80e832944f65220fd4b48eacfbc51fee46a795463a8b0eb70e,0.0,1.175,6,0,2c42d164d11f66ade5f34c50dd9c7bec34821b6c983f80b6d655c2159b5639f2,-11.23825078993935,0.7613677405237982,0.9999538553598049,1.0000000000000036,0.9960937500000017,192,"[24, 24, 24, 24, 24, 24, 24, 24]",0.06566733299405314,executed,2026-09-22T05:44:13.972847+00:00,1.0000000000000009,-4.5319650809894085e-17,3.508261114975577e-17,-6.312412547834311e-16,1.0000000000000027,1.0000000000000036,W1,W1/descending/seed307,94,False,results/stage4_v1/optimization/C_W1_descending_seed307_i94.npz
results/stage4_v1/density/0b2454e8b5ad3eb4a320d7d274cb00604fa4c587843ca9f67c7e9aa0989ee765.npz,453e0c5bdca448af1a39d868b6d6062e3f0101de1e75685dd46f5a8bd3a12948,0.0,1.175,6,0.01,2c42d164d11f66ade5f34c50dd9c7bec34821b6c983f80b6d655c2159b5639f2,-5.191006194817529,0.37362717669318796,0.20132672104903043,0.04329912063539405,0.4737716599576982,192,"[24, 24, 24, 24, 24, 24, 24, 24]",0.13159212499158457,executed,2026-09-22T05:44:14.104835+00:00,1.0000000000000004,-5.149960319306146e-19,7.319970713490384e-18,0.00038364452623883445,0.20145600299502575,0.047036233445412044,W1,W1/descending/seed307,94,False,results/stage4_v1/optimization/C_W1_descending_seed307_i94.npz
results/stage4_v1/density/8251b3b3c396657177f536908b987c58b57a3a30be6e7f589575421225148d7f.npz,aa1e4c41846e25a50c20e5aa860faf01d8f493b372759b24bafdb79d4edb5fd0,0.0,1.175,6,0.05,2c42d164d11f66ade5f34c50dd9c7bec34821b6c983f80b6d655c2159b5639f2,-0.2147747639400518,0.01663260272181751,0.004831281320073513,1.1706206632584898e-05,0.021318103712390204,192,"[24, 24, 24, 24, 24, 24, 24, 24]",0.13325545800034888,executed,2026-09-22T05:44:14.238503+00:00,0.9999999999999938,1.5033140747869322e-17,6.06475590234079e-19,0.003456901275131767,0.004842651011860127,0.003917910479262926,W1,W1/descending/seed307,94,False,results/stage4_v1/optimization/C_W1_descending_seed307_i94.npz
results/stage4_v1/density/8d830c36c7e8e7fe4edf795b76dd59e938d30564593ea66c6c344f23b0810abe.npz,c916bdd866ef70ce52cc2520265abb893d1fc84efdec82177220fd48fa7975e9,0.0,1.1625,6,0,92d3ea963c0a682019c3d778b8a2fd3fc9f8dd2d6bb20eb9959928b2ecde2d28,-11.162453413748676,0.7545387553930913,0.9999483866220074,0.9999999999999913,0.9960937499999981,192,"[24, 24, 24, 24, 24, 24, 24, 24]",0.06470745799015276,executed,2026-09-22T05:44:14.303647+00:00,0.9999999999999956,-1.8648277366750676e-17,6.008162857357601e-17,-7.803917144591305e-16,0.9999999999999954,0.9999999999999913,W1,W1/descending/seed307,93,False,results/stage4_v1/optimization/C_W1_descending_seed307_i93.npz
results/stage4_v1/density/deeac79c4afabc8f7f54d478c4004354a7a64799baae0c59fd41693a722a3e28.npz,1523f62642f3f8820c53a9ee868bd4f5ede06d55c7b455953641654a03f402b1,0.0,1.1625,6,0.01,92d3ea963c0a682019c3d778b8a2fd3fc9f8dd2d6bb20eb9959928b2ecde2d28,-5.153097034225848,0.37205831159694724,0.20109187838264425,0.04320909622751132,0.4738510976468234,192,"[24, 24, 24, 24, 24, 24, 24, 24]",0.13408641700516455,executed,2026-09-22T05:44:14.438140+00:00,0.9999999999999941,1.56396163381034e-17,6.940799466385295e-18,0.00038204366999801956,0.2012249143704246,0.046946560695372605,W1,W1/descending/seed307,93,False,results/stage4_v1/optimization/C_W1_descending_seed307_i93.npz
results/stage4_v1/density/e0a4540eead7d809fbb18d2c504c973414fa5d8f2afe77cbdf4f8927812a8ec6.npz,d27254a7c713d6efcbd4f060d897a345cae48066bc1c20195739ebb056274b8e,0.0,1.1625,6,0.05,92d3ea963c0a682019c3d778b8a2fd3fc9f8dd2d6bb20eb9959928b2ecde2d28,-0.21336659686096277,0.016662935858074244,0.004829712724902371,1.174641143130216e-05,0.02135867716089685,192,"[24, 24, 24, 24, 24, 24, 24, 24]",0.13229516701539978,executed,2026-09-22T05:44:14.570917+00:00,0.9999999999999871,-2.0857339293189892e-17,5.827586677109586e-19,0.0034554609706139968,0.004841801407024874,0.003917950527011649,W1,W1/descending/seed307,93,False,results/stage4_v1/optimization/C_W1_descending_seed307_i93.npz
results/stage4_v1/density/7a03e8a213566ff2a27f6df0a7dca35fcbb42e3debb94fb0f711889d793f0605.npz,ab182a04f1138077c8589da85aec78f6af849d536e6c4b9e8457117d842b3630,0.0,1.15,6,0,23ebfac025daaf1b3d967fee4c7cdce58195246ac8be3867ab27a11d1daa3e3f,-11.087351688750655,0.7474530220579708,0.9999424376799317,0.9999999999999993,0.9960937499999999,192,"[24, 24, 24, 24, 24, 24, 24, 24]",0.0657588749891147,executed,2026-09-22T05:44:14.637136+00:00,0.9999999999999987,-3.392197547164022e-17,3.529906531158615e-17,-1.3067640110749019e-15,0.999999999999998,0.9999999999999993,W1,W1/descending/seed307,92,False,results/stage4_v1/optimization/C_W1_descending_seed307_i92.npz
results/stage4_v1/density/acb974e9c1acf283b35882306ac20a6305f33b8614427817a224c9ca370e9f74.npz,bb7f35e505359faa5e5d525d1aca283cd946eae9b53c96922d76a8b3d4402a2e,0.0,1.15,6,0.01,23ebfac025daaf1b3d967fee4c7cdce58195246ac8be3867ab27a11d1daa3e3f,-5.113577422299258,0.37035427102469537,0.20081282595891817,0.04309847721886215,0.4737876724362532,192,"[24, 24, 24, 24, 24, 24, 24, 24]",0.13269124997896142,executed,2026-09-22T05:44:14.770404+00:00,0.9999999999999973,2.030168567979107e-17,6.938893903907228e-18,0.00038095392092859294,0.20094963725425252,0.046836373792225966,W1,W1/descending/seed307,92,False,results/stage4_v1/optimization/C_W1_descending_seed307_i92.npz
results/stage4_v1/density/2eb861d935255813b9b024a50e2761eaeed285bdbaf6a68dfbbb4f0d4b713262.npz,80cbb20356abc0a11701b72ce10e142c3c01363a62674264acdbbabdb56b18c2,0.0,1.15,6,0.05,23ebfac025daaf1b3d967fee4c7cdce58195246ac8be3867ab27a11d1daa3e3f,-0.2116366704890005,0.016671074347553452,0.004826775691431214,1.1753003096254594e-05,0.021368398358888433,192,"[24, 24, 24, 24, 24, 24, 24, 24]",0.1323278339987155,executed,2026-09-22T05:44:14.903142+00:00,0.9999999999999911,9.859463506040056e-19,4.811147140404426e-19,0.0034546493681110145,0.004839625445040959,0.00391795709292791,W1,W1/descending/seed307,92,False,results/stage4_v1/optimization/C_W1_descending_seed307_i92.npz
results/stage4_v1/density/ca9a44f988339b82eb6925cec6101df99d36c64e6d834a825fd16f82eb9ed557.npz,eb57194200306adefbc93771ffdac9ca895378e6cc075f5edfe32b4fc35d25ff,0.0,1.1375,6,0,8bcb078dd18fc3c61191ee698b8508799a6055daea0eb571679aabd4633c9aba,-11.012971476936698,0.7401068857852127,0.9999359561195317,1.0000000000000027,0.9960937500000006,192,"[24, 24, 24, 24, 24, 24, 24, 24]",0.0646644170046784,executed,2026-09-22T05:44:14.968223+00:00,1.0000000000000016,-3.211948935988307e-17,3.7697820233670177e-17,-1.0624606039338523e-15,1.0000000000000004,1.0000000000000027,W1,W1/descending/seed307,91,False,results/stage4_v1/optimization/C_W1_descending_seed307_i91.npz
results/stage4_v1/density/63163035b49f18384b2a75c4c716fad5f706a2503d9a7de87707974b70a9983a.npz,2985a94daf1bd1013634931b715a97acaf1c7b97f01f6f4cab4ac4d1981feb45,0.0,1.1375,6,0.01,8bcb078dd18fc3c61191ee698b8508799a6055daea0eb571679aabd4633c9aba,-5.073615669620025,0.36858951273600854,0.20051942775373002,0.04298189615639523,0.47370295118342365,192,"[24, 24, 24, 24, 24, 24, 24, 24]",0.131482374999905,executed,2026-09-22T05:44:15.100107+00:00,1.0,-3.2824220771998647e-17,8.015033766144596e-18,0.00037996222806579354,0.20066009609031737,0.04672024812453431,W1,W1/descending/seed307,91,False,results/stage4_v1/optimization/C_W1_descending_seed307_i91.npz
results/stage4_v1/density/497b1cb3697ea5deefd6e8e9977440270214040155631bb2c6db15b28e1480cf.npz,0376e1d32a505c21622df10be4ba460a078ea2e44f521e2de7e84caee5dbce78,0.0,1.1375,6,0.05,8bcb078dd18fc3c61191ee698b8508799a6055daea0eb571679aabd4633c9aba,-0.20983215556336157,0.016676221881819765,0.004823544022828694,1.1754463951515318e-05,0.021373379059056247,192,"[24, 24, 24, 24, 24, 24, 24, 24]",0.13047595901298337,executed,2026-09-22T05:44:15.231231+00:00,0.999999999999994,5.146572187517129e-18,3.9302328752599536e-19,0.003453926011372021,0.0048372029599196495,0.003917958548076705,W1,W1/descending/seed307,91,False,results/stage4_v1/optimization/C_W1_descending_seed307_i91.npz
results/stage4_v1/density/15272a00dffc6aa9bd690eac28e1b87003346f95c8687d3a523f9e698b3829ec.npz,315e2f8ed95088d900146f572ab0850a9afd2a8e43196e1c5ce8ec85369937b0,0.0,1.125,6,0,b8d337ac69fde326886d9d262281e091580528863546f32b23519438b362d227,-10.939339056535651,0.7324961497781955,0.9999288965583755,0.9999999999999967,0.9960937499999984,192,"[24, 24, 24, 24, 24, 24, 24, 24]",0.06472704201587476,executed,2026-09-22T05:44:15.296395+00:00,0.999999999999998,-6.862999751833243e-17,6.149252172195522e-17,-1.3145425202506753e-15,0.9999999999999964,0.9999999999999967,W1,W1/descending/seed307,90,False,results/stage4_v1/optimization/C_W1_descending_seed307_i90.npz
results/stage4_v1/density/5bc45d2968fbde568d9378736827542b4b7b4171256f479025d131a24a0f2dc9.npz,50ce11741183d502905d01f63304de802b46d062a411741b5a619af374e3b77d,0.0,1.125,6,0.01,b8d337ac69fde326886d9d262281e091580528863546f32b23519438b362d227,-5.032811962786196,0.36668041737428636,0.20020782233240159,0.04285704046782335,0.4735267868040568,192,"[24, 24, 24, 24, 24, 24, 24, 24]",0.1317879999987781,executed,2026-09-22T05:44:15.428812+00:00,0.9999999999999959,-1.7157499379583108e-17,1.0435973917353615e-17,0.0003795654573829924,0.20035224475890878,0.04659588015349592,W1,W1/descending/seed307,90,False,results/stage4_v1/optimization/C_W1_descending_seed307_i90.npz
results/stage4_v1/density/aceb96b05866f0e8a3dbabd356a2ffff815cd30348c00ed6f122523a95a15e76.npz,75b216c3242b2f84f6369826fa2b2c6300854ef42b55ca83c1a40e2eb8665c19,0.0,1.125,6,0.05,b8d337ac69fde326886d9d262281e091580528863546f32b23519438b362d227,-0.20782747599504034,0.016664467826661988,0.004819675424340525,1.1735904420082045e-05,0.02136000740170205,192,"[24, 24, 24, 24, 24, 24, 24, 24]",0.13113416600390337,executed,2026-09-22T05:44:15.560390+00:00,0.9999999999999893,-1.8956597359551242e-17,5.454892180317694e-19,0.0034536669737061723,0.004834150043069181,0.003917940061043441,W1,W1/descending/seed307,90,False,results/stage4_v1/optimization/C_W1_descending_seed307_i90.npz
results/stage4_v1/density/04838bd9751b8482d3811943ffc6afeac3240bca825e09d056130f0b85d82cf6.npz,94266059f97d9577b9e1fcdb2fc7a7d0bed4c59b328442add7ca3fb1539d308e,0.0,1.1125,6,0,4a328d70a2b90e3c320c7b646253bf338eab9d56eac5ee71d6b3ac143880fe38,-10.866481001314005,0.7246210110946683,0.9999211813540404,1.000000000000003,0.9960937500000016,192,"[24, 24, 24, 24, 24, 24, 24, 24]",0.06701599998632446,executed,2026-09-22T05:44:15.628171+00:00,1.0000000000000009,-4.743384504624082e-19,4.446445162750825e-17,-6.057726388928503e-16,1.0000000000000022,1.000000000000003,W1,W1/descending/seed307,89,False,results/stage4_v1/optimization/C_W1_descending_seed307_i89.npz
results/stage4_v1/density/67f67e0eed484aad92b73822b6b4288eefcb71a1c21c2bbd2cc1970d9ba32695.npz,59d17a38faadd40d153cf1d03e17fc1e2c8e73a31199dacfa7c81cff7045ba94,0.0,1.1125,6,0.01,4a328d70a2b90e3c320c7b646253bf338eab9d56eac5ee71d6b3ac143880fe38,-4.992731335191171,0.3647836939276121,0.19991344906182903,0.04274126973696566,0.47345378356355083,192,"[24, 24, 24, 24, 24, 24, 24, 24]",0.13679812499321997,executed,2026-09-22T05:44:15.765667+00:00,1.0000000000000004,5.041540102057596e-18,8.673617379884035e-18,0.0003788389409313201,0.20006172225349889,0.046480561652055635,W1,W1/descending/seed307,89,False,results/stage4_v1/optimization/C_W1_descending_seed307_i89.npz
results/stage4_v1/density/bf0aec0330c685fb593024402f6ec0fc56058d5244a32cf4c9bec6eea5034db4.npz,66dc347ce149aa5299c4de35e82ced64c142ce5e0a5c12d07f380fb39f80b927,0.0,1.1125,6,0.05,4a328d70a2b90e3c320c7b646253bf338eab9d56eac5ee71d6b3ac143880fe38,-0.20599282687998083,0.01666888695791883,0.004816569613743018,1.1740531423343628e-05,0.021367878260292492,192,"[24, 24, 24, 24, 24, 24, 24, 24]",0.13944666701718234,executed,2026-09-22T05:44:15.905630+00:00,0.999999999999994,-1.091994875600244e-17,4.1674021004911577e-19,0.0034529498127846164,0.004831907968648942,0.003917944669972471,W1,W1/descending/seed307,89,False,results/stage4_v1/optimization/C_W1_descending_seed307_i89.npz
results/stage4_v1/density/384f6736b88d04ade976cfdf457db79db522c0490a86a9cffe40bf87dbb0af65.npz,dc84cd203fc83064da66f981b19dbb753396308453f40ce2bcc760fcb3951897,0.0,1.1,6,0,aea7c710f48401968793afb6ed32fbabef52c8e1d19d867417ace89cd88674d6,-10.794424032419975,0.716475287512206,0.9999129022044642,0.9999999999999951,0.9960937499999986,192,"[24, 24, 24, 24, 24, 24, 24, 24]",0.06802337500266731,executed,2026-09-22T05:44:15.974647+00:00,0.9999999999999982,-8.822695178600792e-18,3.9595799592289256e-17,-4.653404963101434e-16,0.9999999999999983,0.9999999999999951,W1,W1/descending/seed307,88,False,results/stage4_v1/optimization/C_W1_descending_seed307_i88.npz
results/stage4_v1/density/471bd5270b225b2b642971aaa440b2470fa8f9911437834f099c2627d06f55d0.npz,0c765c5490838973d06ca699f4756c9d8354de39240e9650c42518c157d803e8,0.0,1.1,6,0.01,aea7c710f48401968793afb6ed32fbabef52c8e1d19d867417ace89cd88674d6,-4.952344826153424,0.3628121043549756,0.19960939806300798,0.0426219896445169,0.4733730115301202,192,"[24, 24, 24, 24, 24, 24, 24, 24]",0.13859083299757913,executed,2026-09-22T05:44:16.114019+00:00,0.9999999999999958,2.032879073410321e-18,7.736867006724876e-18,0.0003782938326703486,0.199761477579382,0.046361747497468006,W1,W1/descending/seed307,88,False,results/stage4_v1/optimization/C_W1_descending_seed307_i88.npz
results/stage4_v1/density/7ada6bd5959af5a73976521ec936809e8dc9df010b29da64a70aa386d920528d.npz,0109516db86e4c67f6cc90436700aa6850ebe01b18af3b369e5091c061c217fc,0.0,1.1,6,0.05,aea7c710f48401968793afb6ed32fbabef52c8e1d19d867417ace89cd88674d6,-0.20409295847062522,0.01667022461986336,0.004813335610659594,1.1742187197063068e-05,0.021372935893394136,192,"[24, 24, 24, 24, 24, 24, 24, 24]",0.13533316701068543,executed,2026-09-22T05:44:16.249938+00:00,0.999999999999989,-1.9312351197398048e-19,5.21772295508649e-19,0.0034523051255411666,0.004829559774945437,0.0039179463192783245,W1,W1/descending/seed307,88,False,results/stage4_v1/optimization/C_W1_descending_seed307_i88.npz
results/stage4_v1/density/c16f038de45e00ca9bb269ac6e6b0d40259fdb6bdc7b69644bd7422ed700e033.npz,98272d8a8d9c184fd145c3c674b509bd8795589eb84ad5ba38c6071db9db1b44,0.0,1.0875,6,0,f719ee519ce59c5d032644bd942aeaddc475edc546d1315a1029a3045a734e81,-10.723194837832697,0.7080642692161893,0.999903828971886,1.0000000000000053,0.9960937500000018,192,"[24, 24, 24, 24, 24, 24, 24, 24]",0.06934050002018921,executed,2026-09-22T05:44:16.319867+00:00,1.0000000000000024,4.3069931301986664e-17,3.83856569419975e-17,-3.9533268044852784e-16,1.0000000000000033,1.0000000000000053,W1,W1/descending/seed307,87,False,results/stage4_v1/optimization/C_W1_descending_seed307_i87.npz
results/stage4_v1/density/a58dc454fbd79ece94ee044e39ffcf0f2021c7a93125a5418cca35baaaad7ca0.npz,4f3f4a32732adff979d49454216ae9aacc37a4f3412acbb8d2dde3d54b23c4df,0.0,1.0875,6,0.01,f719ee519ce59c5d032644bd942aeaddc475edc546d1315a1029a3045a734e81,-4.912028046142415,0.3607242462942632,0.19930040415999695,0.04250177047350901,0.4732963727938793,192,"[24, 24, 24, 24, 24, 24, 24, 24]",0.18184287499752827,executed,2026-09-22T05:44:16.503640+00:00,1.0000000000000013,1.862117231243854e-17,1.0587499293714891e-17,0.00037810724452815855,0.19945627409522834,0.04624199793259687,W1,W1/descending/seed307,87,False,results/stage4_v1/optimization/C_W1_descending_seed307_i87.npz
results/stage4_v1/density/63c16ff258b90d0bb45a87f7684e89f7319e7bcae2a62735af7f5315f5f9b4ab.npz,eacacb929989f05899ce3b3ea650908285b3cac405980ad38b740f1a328125b4,0.0,1.0875,6,0.05,f719ee519ce59c5d032644bd942aeaddc475edc546d1315a1029a3045a734e81,-0.20215970827062227,0.016665622314808653,0.004810152997453292,1.1742236355089738e-05,0.021376765727545658,192,"[24, 24, 24, 24, 24, 24, 24, 24]",0.14019183299387805,executed,2026-09-22T05:44:16.645495+00:00,0.9999999999999947,-1.9095510762900947e-17,6.437450399132683e-19,0.0034517756933181236,0.0048272449951351805,0.003917946368244328,W1,W1/descending/seed307,87,False,results/stage4_v1/optimization/C_W1_descending_seed307_i87.npz
results/stage4_v1/density/b299b31fc068d91173f4bccde71c2535ace223799151b63c542df26f606cb9de.npz,1212649e0216b4139d567f5e7ad9e834c7e8a8a67cf3877f108bf41f589a28de,0.0,1.075,6,0,68276018ccfcdb76f3176bacb8ec5af83d840fb0fea7235b30b9ebe7aa16a6ba,-10.65281985289002,0.6993916146601105,0.9998939244352518,1.0000000000000067,0.9960937500000019,192,"[24, 24, 24, 24, 24, 24, 24, 24]",0.06576612501521595,executed,2026-09-22T05:44:16.711767+00:00,1.000000000000002,-2.4001525593397854e-17,6.591949208711867e-17,-3.874463647403693e-16,1.0000000000000033,1.0000000000000067,W1,W1/descending/seed307,86,False,results/stage4_v1/optimization/C_W1_descending_seed307_i86.npz
results/stage4_v1/density/1021d6b48980e68e11afe791cb8c62d2c273246d83a4b541616200197df11c4c.npz,fb92f4efee2ffd2ba704ed7ba9d7bddd0b334a75488b2457315adfd7a245c06a,0.0,1.075,6,0.01,68276018ccfcdb76f3176bacb8ec5af83d840fb0fea7235b30b9ebe7aa16a6ba,-4.874023623904777,0.3587660645594718,0.1990414044523356,0.042407736874627296,0.47352640538077134,192,"[24, 24, 24, 24, 24, 24, 24, 24]",0.13222816598135978,executed,2026-09-22T05:44:16.844720+00:00,1.0000000000000016,-2.1385887852276575e-17,9.403383635943475e-18,0.00037685398558163434,0.19920131771909094,0.04614833165246078,W1,W1/descending/seed307,86,False,results/stage4_v1/optimization/C_W1_descending_seed307_i86.npz
results/stage4_v1/density/b64d8faed4b8ca414d1425786cf9a2683263510ceefdf2cde65fdb8da484204b.npz,aa094b8bda1260abc9708cd9e419e35155af2685f44d0172afa935f1040ecfa8,0.0,1.075,6,0.05,68276018ccfcdb76f3176bacb8ec5af83d840fb0fea7235b30b9ebe7aa16a6ba,-0.20073281255408232,0.01670731588816024,0.004809230329258122,1.1808819473066608e-05,0.021441569921929512,192,"[24, 24, 24, 24, 24, 24, 24, 24]",0.14151633300934918,executed,2026-09-22T05:44:16.986866+00:00,0.9999999999999951,-1.5348237004247922e-18,4.946672411965114e-19,0.003449918241773584,0.0048272502981407065,0.003918012691272,W1,W1/descending/seed307,86,False,results/stage4_v1/optimization/C_W1_descending_seed307_i86.npz
results/stage4_v1/density/5c111eca4483ee93371e93ff68a84deeb30c3fb3d6137344e93c4a7ca37b8f6c.npz,aed005154772d6961f83e26cfda7405b71fa54c8663ecec1e6b3c65b1cc48dfa,0.0,1.0625,6,0,f8cea8f0cf8d3e9363e39237fddc104a587e3e8ffd289c5c7746637fcf5996be,-10.583324985398772,0.6904626947249393,0.9998831410331441,1.0000000000000009,0.9960937500000002,192,"[24, 24, 24, 24, 24, 24, 24, 24]",0.06801337501383387,executed,2026-09-22T05:44:17.055486+00:00,1.0000000000000002,-4.892462303340839e-17,7.979727989493313e-17,-7.381189497178286e-16,1.0000000000000004,1.0000000000000009,W1,W1/descending/seed307,85,False,results/stage4_v1/optimization/C_W1_descending_seed307_i85.npz
results/stage4_v1/density/06ffe2e1c11eb73fd51abc1a7302f10933f3b2a1da8d1648e694155ee8b35f9d.npz,8810ad74d1bd638df8662446aebcd665cec1655ece8edb38ea13e7fa12c4894f,0.0,1.0625,6,0.01,f8cea8f0cf8d3e9363e39237fddc104a587e3e8ffd289c5c7746637fcf5996be,-4.833272477280256,0.356587587277384,0.19873198001242695,0.042287879244772245,0.47345217509411225,192,"[24, 24, 24, 24, 24, 24, 24, 24]",0.13679325001430698,executed,2026-09-22T05:44:17.192804+00:00,0.9999999999999988,-1.734723475976807e-17,7.17951441836823e-18,0.0003766884767697375,0.1988957935805915,0.04602894221647235,W1,W1/descending/seed307,85,False,results/stage4_v1/optimization/C_W1_descending_seed307_i85.npz
results/stage4_v1/density/ca855c0a3a7b5047f8e7d643fa593c42092ec0dbe2c62cda3dea58fc0ae4ad70.npz,ba713bd6124176eccd52696f4a584eb4050a3a9c23bdaa6013502bbb76553765,0.0,1.0625,6,0.05,f8cea8f0cf8d3e9363e39237fddc104a587e3e8ffd289c5c7746637fcf5996be,-0.1987617148703577,0.0167056866206991,0.004806057360340713,1.1812533752514451e-05,0.021448520767860767,192,"[24, 24, 24, 24, 24, 24, 24, 24]",0.14093570798286237,executed,2026-09-22T05:44:17.334432+00:00,0.9999999999999925,-3.247185506594086e-17,6.776263578034403e-19,0.003449310846177103,0.004825031574271986,0.003918016391042544,W1,W1/descending/seed307,85,False,results/stage4_v1/optimization/C_W1_descending_seed307_i85.npz
results/stage4_v1/density/67fb01fd9c97e3828663954b120cadb08e41171549a395169c8ee3e1834b8412.npz,ea8af4caf9d6ac6e4ac2da6f15612ea83d343809a618d0eeaaeb26fbc8d599a7,0.0,1.05,6,0,4e7e0f5cea5a8597eccc6971e6908f6a9ad3ba83c9fc4187f45aff2b2b7fb6f4,-10.514735502779164,0.6812863781542531,0.999871086713823,0.9999999999999996,0.9960937500000002,192,"[24, 24, 24, 24, 24, 24, 24, 24]",0.07078720899880864,executed,2026-09-22T05:44:17.405862+00:00,1.0000000000000004,1.8661829893906745e-17,3.5659539662557586e-17,-6.032925982441255e-16,1.0000000000000007,0.9999999999999996,W1,W1/descending/seed307,84,False,results/stage4_v1/optimization/C_W1_descending_seed307_i84.npz
results/stage4_v1/density/1408d351c007dfa77a72c91fbda592a9311bc3d4873c153616e90ff447bff9a3.npz,cc3870808bd0f9b9df8fd0ed30c8d28a22fb088a1a1716f6418897a97928f75a,0.0,1.05,6,0.01,4e7e0f5cea5a8597eccc6971e6908f6a9ad3ba83c9fc4187f45aff2b2b7fb6f4,-4.793570224647974,0.35430080799361885,0.1984333007400029,0.04217542687109107,0.473448919777983,192,"[24, 24, 24, 24, 24, 24, 24, 24]",0.13788324999040924,executed,2026-09-22T05:44:17.544516+00:00,0.9999999999999991,7.968885967768458e-18,9.796293115313137e-18,0.00037680657747104205,0.19860118446584452,0.04591692910987587,W1,W1/descending/seed307,84,False,results/stage4_v1/optimization/C_W1_descending_seed307_i84.npz
results/stage4_v1/density/3db390ead1e2865405765c09a6efacddd8ab7170bfbd8286990b67029cb2e579.npz,2da5332bcf65cc9c3da56d0a08be62072414846f14e57f3fd789718a785b0cdd,0.0,1.05,6,0.05,4e7e0f5cea5a8597eccc6971e6908f6a9ad3ba83c9fc4187f45aff2b2b7fb6f4,-0.19689957980180006,0.016706183333986782,0.004803612207235162,1.183004100710777e-05,0.021468510368181735,192,"[24, 24, 24, 24, 24, 24, 24, 24]",0.13793991698184982,executed,2026-09-22T05:44:17.683027+00:00,0.9999999999999922,2.5512632371299526e-18,3.5236570605778894e-19,0.0034485734645000455,0.0048234830040117735,0.003918033829909424,W1,W1/descending/seed307,84,False,results/stage4_v1/optimization/C_W1_descending_seed307_i84.npz
results/stage4_v1/density/9bf3e75335b926cfc863704859603b0e29c049d4cd706ebb8c940892ce36ac94.npz,6fd704d452360931f376852434bf0e2c1005e9e38b91e4f65822d53faf89884d,0.0,1.0375,6,0,9bb5c303654663f8400f28cf9f0783c09197d6aa3735bb35fbb4d57607d4dc9c,-10.44707557236912,0.6718725452071261,0.9998578251686565,0.9999999999999947,0.9960937499999986,192,"[24, 24, 24, 24, 24, 24, 24, 24]",0.0663663340092171,executed,2026-09-22T05:44:17.749894+00:00,0.9999999999999968,8.198601303063824e-17,4.85722573273506e-17,-1.0290692273998763e-15,0.9999999999999962,0.9999999999999947,W1,W1/descending/seed307,83,False,results/stage4_v1/optimization/C_W1_descending_seed307_i83.npz
results/stage4_v1/density/358d8a5be286ba09bf291f3bfd5441a01438d00cf16f1791328104821b691797.npz,3be39675b6f24d1a7daaf112d3ffd23a2c72cda9ef14ecb837c35d47b78075b3,0.0,1.0375,6,0.01,9bb5c303654663f8400f28cf9f0783c09197d6aa3735bb35fbb4d57607d4dc9c,-4.753233067488313,0.3519582287946937,0.19812639803245008,0.04205895385695485,0.4733997719826419,192,"[24, 24, 24, 24, 24, 24, 24, 24]",0.13339808300952427,executed,2026-09-22T05:44:17.884346+00:00,0.9999999999999962,6.0986372202309624e-18,7.17951441836823e-18,0.00037703538106529614,0.19829845862976186,0.04580091106845112,W1,W1/descending/seed307,83,False,results/stage4_v1/optimization/C_W1_descending_seed307_i83.npz
results/stage4_v1/density/2257984be1fcea464acd15cd2eeeeb64d3e61351eb5d792f3ef7a8f906d2906e.npz,beed8ecc289761c23cdda2f4d6fe80a5ba6fc92be1a651795c9e975abf69843f,0.0,1.0375,6,0.05,9bb5c303654663f8400f28cf9f0783c09197d6aa3735bb35fbb4d57607d4dc9c,-0.19494331734939227,0.016702507728484837,0.004800806304762383,1.183987135050023e-05,0.021481310959099963,192,"[24, 24, 24, 24, 24, 24, 24, 24]",0.13545508301467635,executed,2026-09-22T05:44:18.020481+00:00,0.9999999999999889,3.903127820947816e-18,4.743384504624082e-19,0.0034479698409738122,0.004821621075255281,0.003918043621853037,W1,W1/descending/seed307,83,False,results/stage4_v1/optimization/C_W1_descending_seed307_i83.npz
results/stage4_v1/density/a129487b32c0013a65544ea55ae5b54865c46000491fa26bf31025a93137a481.npz,1788a2d707ba825bfee28b5616455a1b6d2bbbddda091513bed2479867ce23e2,0.0,1.025,6,0,ccf369e15e15279df656080a493a96dc9d4554c6e67e143374fab1eb17dc5df1,-10.380368174027467,0.6622374781776469,0.9998428241978239,0.9999999999999981,0.9960937499999992,192,"[24, 24, 24, 24, 24, 24, 24, 24]",0.06645750001189299,executed,2026-09-22T05:44:18.087442+00:00,0.9999999999999987,8.32396217925746e-17,3.804545602077246e-17,-1.1869608675925986e-15,0.9999999999999976,0.9999999999999981,W1,W1/descending/seed307,82,False,results/stage4_v1/optimization/C_W1_descending_seed307_i82.npz
results/stage4_v1/density/9ba04f8b513ae9c1beb7595593c0e6e8b78ef2d6354249156f4f4dcc2ab4985d.npz,9d2d00665cfeb1821daca82fffa4a2076b960da9865c449a003ce7bf98ad6401,0.0,1.025,6,0.01,ccf369e15e15279df656080a493a96dc9d4554c6e67e143374fab1eb17dc5df1,-4.712593290063801,0.3495054962747739,0.19781829152117064,0.04194140040541049,0.47328406467022677,192,"[24, 24, 24, 24, 24, 24, 24, 24]",0.16724241699557751,executed,2026-09-22T05:44:18.255404+00:00,0.9999999999999964,-7.020209066843641e-18,1.474514954580286e-17,0.00037766944318710325,0.1979947432732928,0.045683816810076855,W1,W1/descending/seed307,82,False,results/stage4_v1/optimization/C_W1_descending_seed307_i82.npz
results/stage4_v1/density/6360aa8b92b04b2e157c65f27e8c047dd7bd12262c26617e16c0cfdd0f6857e5.npz,5dd4c41d3e0b983a4e115a80c5ebdf53958c46aba69457940d26215f6274d4f5,0.0,1.025,6,0.05,ccf369e15e15279df656080a493a96dc9d4554c6e67e143374fab1eb17dc5df1,-0.19289090898604605,0.016688346958274137,0.0047976888715413335,1.1837897978694397e-05,0.021483283571654032,192,"[24, 24, 24, 24, 24, 24, 24, 24]",0.13742670801002532,executed,2026-09-22T05:44:18.393611+00:00,0.9999999999999906,1.6672996533753648e-17,7.386127300057499e-19,0.003447657224903385,0.00481944547853645,0.003918041656189715,W1,W1/descending/seed307,82,False,results/stage4_v1/optimization/C_W1_descending_seed307_i82.npz
results/stage4_v1/density/d98e837a9a6e938756b224676c37963955a89d214b5f6721bb9ba0eedf4bd8d6.npz,e43f52f017febbad4f59f1cd7d4988c4ccc936b5bc81aafcac36550cbfb42030,0.0,1.0125,6,0,9cdcd8383f6fbb3a75e4bf2807d5558033b3f3ab3d9718cb8ace3251a95d25bf,-10.314634757950213,0.6523980003206086,0.999825766577113,0.9999999999999946,0.9960937499999983,192,"[24, 24, 24, 24, 24, 24, 24, 24]",0.06762041599722579,executed,2026-09-22T05:44:18.461769+00:00,0.9999999999999963,8.925694384986915e-17,7.979727989493313e-17,-1.1393745870051327e-15,0.9999999999999957,0.9999999999999946,W1,W1/descending/seed307,81,False,results/stage4_v1/optimization/C_W1_descending_seed307_i81.npz
results/stage4_v1/density/0cffa94ad40db13215e9caaf7aa985fb43f35c8e14f518f9e74cf7833948ccdc.npz,3ac2f1b119779a86b3f3700c8d54eb80a0b8167a5fb16261627b40db8e8ab646,0.0,1.0125,6,0.01,9cdcd8383f6fbb3a75e4bf2807d5558033b3f3ab3d9718cb8ace3251a95d25bf,-4.673167977634436,0.3470588720752061,0.1975331807046149,0.04183646316488055,0.473294404024444,192,"[24, 24, 24, 24, 24, 24, 24, 24]",0.13944679198903032,executed,2026-09-22T05:44:18.601846+00:00,0.999999999999995,8.565197162635485e-18,8.673617379884035e-18,0.0003779849464238713,0.19771459836687724,0.045579289480642736,W1,W1/descending/seed307,81,False,results/stage4_v1/optimization/C_W1_descending_seed307_i81.npz
results/stage4_v1/density/c86c11cf4c6388bef803483162f7b0e796d7ad4a47aa92a94ea91a85cbaf47fe.npz,18019cf5bf69d0aa7e546b57d7a2082833970dbb3a1f267f6b83d92c45e9fe67,0.0,1.0125,6,0.05,9cdcd8383f6fbb3a75e4bf2807d5558033b3f3ab3d9718cb8ace3251a95d25bf,-0.1910601366921426,0.016692669674537787,0.004795640064653118,1.1865735559796524e-05,0.021512623173673633,192,"[24, 24, 24, 24, 24, 24, 24, 24]",0.14288349999696948,executed,2026-09-22T05:44:18.745242+00:00,0.9999999999999881,1.3505093311022565e-17,5.624298769768554e-19,0.0034467989989075843,0.004818364244580856,0.003918069385030266,W1,W1/descending/seed307,81,False,results/stage4_v1/optimization/C_W1_descending_seed307_i81.npz
results/stage4_v1/density/460bef3883748a63fa8f9d6804227cddb38573edf7ef082f7144997c855e9709.npz,1ee8dca3ab2438cf27c5dadcc54f1f0ddf956c025a2683c6f1fffd5feda6c85a,0.0,1.0,6,0,fddcd2700b0e029309378b46d2cff90a123dd6a56f7c1eb5275554ca55004cde,-10.249895027693755,0.6423656951087285,0.9998063582474463,1.0000000000000029,0.9960937500000011,192,"[24, 24, 24, 24, 24, 24, 24, 24]",0.06698499998310581,executed,2026-09-22T05:44:18.813000+00:00,1.0000000000000016,2.4638494369733088e-17,7.28583859910259e-17,-1.25965416911642e-15,1.0000000000000018,1.0000000000000029,W1,W1/descending/seed307,80,False,results/stage4_v1/optimization/C_W1_descending_seed307_i80.npz
results/stage4_v1/density/b45b24fe7a9ffdf0d9a378f7684a1bd23943ae79b8410d3b5e0d16cfea8aa8c2.npz,699a5c8e52fd859c00948066bdacaa473a40ec55c3e5626f1d1fc42a2ab2e977,0.0,1.0,6,0.01,fddcd2700b0e029309378b46d2cff90a123dd6a56f7c1eb5275554ca55004cde,-4.633652227159535,0.3445422602612255,0.19725945956001073,0.04173575820119589,0.4732489165938132,192,"[24, 24, 24, 24, 24, 24, 24, 24]",0.13435870897956192,executed,2026-09-22T05:44:18.948073+00:00,1.0,-1.338989683019598e-17,9.745765416140533e-18,0.0003785474584020477,0.197446326252811,0.04547897789572247,W1,W1/descending/seed307,80,False,results/stage4_v1/optimization/C_W1_descending_seed307_i80.npz
results/stage4_v1/density/a3ededb636c8662ff0457626913a982b7e879dba4751a0d79e4269cc60e124f4.npz,1c4b706b8df8c1094c5d174a7c224a8f9e333937789732a7c45f377b82417b31,0.0,1.0,6,0.05,fddcd2700b0e029309378b46d2cff90a123dd6a56f7c1eb5275554ca55004cde,-0.1891824224300484,0.016693173609992118,0.004793534740988533,1.188899299040971e-05,0.02153740696563774,192,"[24, 24, 24, 24, 24, 24, 24, 24]",0.13638733301195316,executed,2026-09-22T05:44:19.085095+00:00,0.9999999999999932,-2.4228530423262007e-17,6.776263578034403e-19,0.003446066616942949,0.004817245601244517,0.003918092551611541,W1,W1/descending/seed307,80,False,results/stage4_v1/optimization/C_W1_descending_seed307_i80.npz
results/stage4_v1/density/6950a2e30c8622f7934d49102f2b4c569692e6c73a9431ce40af19b344c922d4.npz,c0e49bf9c5b4c610f26c65ec32421dcdfd2338828542de9ec1209761ef928ad1,0.0,0.9875,6,0,bae452ba928aef0300a2dcb1652e7b27e96e4e0b2549499a00fd0c30a22cdf4e,-10.18616671378907,0.6321725279445853,0.999783851575917,1.0000000000000004,0.9960937499999998,192,"[24, 24, 24, 24, 24, 24, 24, 24]",0.06444524999824353,executed,2026-09-22T05:44:19.150325+00:00,0.9999999999999993,9.467117844871864e-17,9.020562075079397e-17,-8.624234427719926e-16,0.9999999999999989,1.0000000000000004,W1,W1/descending/seed307,79,False,results/stage4_v1/optimization/C_W1_descending_seed307_i79.npz
results/stage4_v1/density/17ec42ddc18c78239d7da5e3a0559d878a5736efac8d733357561eb8ee3a90d8.npz,3d8438b434510bc4d1c68639b5ad99aeef339428042038a2b2df04362630f7ab,0.0,0.9875,6,0.01,bae452ba928aef0300a2dcb1652e7b27e96e4e0b2549499a00fd0c30a22cdf4e,-4.5943042127052145,0.3419623941716332,0.19698308418818508,0.041634560865711635,0.4731901215964975,192,"[24, 24, 24, 24, 24, 24, 24, 24]",0.13315362500725314,executed,2026-09-22T05:44:19.284133+00:00,0.9999999999999974,-2.4936649967166602e-18,8.050155499170976e-18,0.00037924556253014167,0.19717614166628786,0.04537817586232995,W1,W1/descending/seed307,79,False,results/stage4_v1/optimization/C_W1_descending_seed307_i79.npz
results/stage4_v1/density/0aec87310ca6aa0255a6b01f086c0e8787c344bdbd4cc248af332d755d132149.npz,5393191ba992ec6029d31d093618a73aeea45a52fc2d533e22593422939f4aa5,0.0,0.9875,6,0.05,bae452ba928aef0300a2dcb1652e7b27e96e4e0b2549499a00fd0c30a22cdf4e,-0.18729965965320752,0.01669121886846591,0.004791394822956987,1.1911266780739073e-05,0.021561423262758932,192,"[24, 24, 24, 24, 24, 24, 24, 24]",0.12995104098808952,executed,2026-09-22T05:44:19.414566+00:00,0.9999999999999911,2.1013193355484683e-17,8.199278929421627e-19,0.0034453840671399027,0.004816105323139443,0.003918114738394877,W1,W1/descending/seed307,79,False,results/stage4_v1/optimization/C_W1_descending_seed307_i79.npz
results/stage4_v1/density/0d37cda0b83857e30392cdd1b89c7399e4eb90709de61e29950e7da94138c4db.npz,65c02ce8638ab80479f909a7a0ce2b69ccecc7754bfccd04a7c019fce664be9d,0.0,0.975,6,0,bbb210c2914540f5390e6af816e19d25bb5b1850933378b60ede4f9cc4e09dd6,-10.123465437830916,0.6218321414586518,0.9997576734884084,0.9999999999999976,0.9960937499999997,192,"[24, 24, 24, 24, 24, 24, 24, 24]",0.06598462499096058,executed,2026-09-22T05:44:19.481154+00:00,0.9999999999999984,2.7714918034160707e-17,2.974747295652217e-17,-4.729943355619053e-16,0.9999999999999993,0.9999999999999976,W1,W1/descending/seed307,78,False,results/stage4_v1/optimization/C_W1_descending_seed307_i78.npz
results/stage4_v1/density/d96934caf8b53da4d6a448fab33bdf1fd76aa3415480df765a8ebf0a77cc0307.npz,1e3269805433531064d08a52379ad391ea9557545b38af5ecc5b2205474b65c0,0.0,0.975,6,0.01,bbb210c2914540f5390e6af816e19d25bb5b1850933378b60ede4f9cc4e09dd6,-4.55681869725311,0.33947190566919383,0.1967698902502703,0.041562668042397326,0.47330529842883706,192,"[24, 24, 24, 24, 24, 24, 24, 24]",0.13450945800286718,executed,2026-09-22T05:44:19.616180+00:00,0.9999999999999967,1.9217483507305566e-17,9.563130266496111e-18,0.0003792484695114791,0.1969703541123809,0.04530656387035671,W1,W1/descending/seed307,78,False,results/stage4_v1/optimization/C_W1_descending_seed307_i78.npz
results/stage4_v1/density/9984b2a310932101679ed8c29e0fe1c245c0584535362f0da2a38c433093f67e.npz,aeec84091c22ce3877a83b3bd30cd79b4daaac3bc94056764d19ed7c249c53e1,0.0,0.975,6,0.05,bbb210c2914540f5390e6af816e19d25bb5b1850933378b60ede4f9cc4e09dd6,-0.18578165103976674,0.016724480359799045,0.004791075982806834,1.1983953639247685e-05,0.0216304748542316,192,"[24, 24, 24, 24, 24, 24, 24, 24]",0.15158812497975305,executed,2026-09-22T05:44:19.768281+00:00,0.99999999999999,1.0831857329487993e-17,6.030874584450618e-19,0.003443723906722085,0.004816873768521265,0.003918187141320344,W1,W1/descending/seed307,78,False,results/stage4_v1/optimization/C_W1_descending_seed307_i78.npz
results/stage4_v1/density/6b999f56e3d7c10da76934c9b84fe1816908dc7346c0a406114e2e2ce0cf3935.npz,d549e76cf8151c5ef7324bb3b5ef78921cc0a63c557f2527bb7aaeb8a0e397d9,0.0,0.9625,6,0,8277e573f3da140cf6241caa7479bcfa368c95308b58db83a636bfd007330247,-10.061804559342054,0.6113695104758976,0.9997270985706812,1.0,0.9960937499999999,192,"[24, 24, 24, 24, 24, 24, 24, 24]",0.06894350002403371,executed,2026-09-22T05:44:19.837908+00:00,0.9999999999999994,-9.454242944073599e-17,6.416718454562459e-17,-6.821502056578011e-16,0.9999999999999997,1.0,W1,W1/descending/seed307,77,False,results/stage4_v1/optimization/C_W1_descending_seed307_i77.npz
results/stage4_v1/density/f8262ed5fec097346b092ae6027421ec52e1bd6d827d4fc48272d5f2b24b7b00.npz,1926e3dbba9ae50ac521652f415e87eebc698ecef70f6d82afe5777ad94139ab,0.0,0.9625,6,0.01,8277e573f3da140cf6241caa7479bcfa368c95308b58db83a636bfd007330247,-4.520449858346316,0.33699659224563366,0.1965866433684286,0.041505104668478225,0.4735014783745993,192,"[24, 24, 24, 24, 24, 24, 24, 24]",0.14317179200588726,executed,2026-09-22T05:44:19.981569+00:00,0.9999999999999981,-1.0842021724855044e-17,6.6198511613672164e-18,0.0003789823076480899,0.19679579568732813,0.045249225353366986,W1,W1/descending/seed307,77,False,results/stage4_v1/optimization/C_W1_descending_seed307_i77.npz
results/stage4_v1/density/9d053cee818e770fd2c0423b3a89cd109a861a4f486e513048e2da815871bbd1.npz,8584ec5cb6b8f9f4eed97333d7a7edbea75f170bc0baa552652e6b9b74fb1191,0.0,0.9625,6,0.05,8277e573f3da140cf6241caa7479bcfa368c95308b58db83a636bfd007330247,-0.1844462591922943,0.01677450310012629,0.004791659573082467,1.2082234550658603e-05,0.02172220537024999,192,"[24, 24, 24, 24, 24, 24, 24, 24]",0.1365046249993611,executed,2026-09-22T05:44:20.118651+00:00,0.999999999999992,-2.0227146780432692e-18,5.116079001415974e-19,0.0034415898534190317,0.00481859841327921,0.003918285038321945,W1,W1/descending/seed307,77,False,results/stage4_v1/optimization/C_W1_descending_seed307_i77.npz
results/stage4_v1/density/34018366d9cf866e7bb9bcfad28dea4692e95800911913ee094d20fa523510b6.npz,9268283a853f5e03dcfffbb1e61f325147a1c1e4f6eb14dc1ec3c2c5af658a6d,0.0,0.95,6,0,d3bf80759d1bcff7482475814d9a1c031b967c308320efaca9e356299ecb3c7a,-10.00119519064252,0.6008058333962438,0.9996913042406377,1.0000000000000018,0.9960937500000004,192,"[24, 24, 24, 24, 24, 24, 24, 24]",0.10042795902700163,executed,2026-09-22T05:44:20.219654+00:00,1.0000000000000013,-7.865209135024531e-17,2.9958528781297536e-17,-1.0595332003218019e-15,1.0000000000000007,1.0000000000000018,W1,W1/descending/seed307,76,False,results/stage4_v1/optimization/C_W1_descending_seed307_i76.npz
results/stage4_v1/density/7cbbc751e8d04a5b4165dbf1990db5137d3e9156010535bfdfd37d3ba6ad6d4c.npz,9aef718a42286e79726ef3dfa450fb6da01f426a07863c41e8b721935008aca7,0.0,0.95,6,0.01,d3bf80759d1bcff7482475814d9a1c031b967c308320efaca9e356299ecb3c7a,-4.487797265700164,0.3347565523797176,0.1965125895275316,0.04149970979587145,0.4740937957601137,192,"[24, 24, 24, 24, 24, 24, 24, 24]",0.1371796669845935,executed,2026-09-22T05:44:20.357497+00:00,1.0000000000000004,-1.4555414165617897e-17,7.80700852376476e-18,0.00037712382153343036,0.19673263517260364,0.045243851554481324,W1,W1/descending/seed307,76,False,results/stage4_v1/optimization/C_W1_descending_seed307_i76.npz
results/stage4_v1/density/2c0df712094ee6af96362a3bf7c2625ddc3f57060e24fcdfe64b87f529048b63.npz,4bacd0755e46c0d2e62cfe4139addb746ef71637c6818dbaa78d020151d3ab89,0.0,0.95,6,0.05,d3bf80759d1bcff7482475814d9a1c031b967c308320efaca9e356299ecb3c7a,-0.18386566122101897,0.016899334936429714,0.0047959111124578815,1.2288533270727091e-05,0.021909538406674024,192,"[24, 24, 24, 24, 24, 24, 24, 24]",0.13605354199535213,executed,2026-09-22T05:44:20.494123+00:00,0.999999999999994,3.347474207548995e-18,6.098637220230962e-19,0.0034373538596997855,0.004824180609377362,0.003918490531187638,W1,W1/descending/seed307,76,False,results/stage4_v1/optimization/C_W1_descending_seed307_i76.npz
results/stage4_v1/density/aa40cf22625e29494a2bd0aa7caaec3e2d3dae3ad11a5fbec9e1c87f2e8b88ac.npz,dc8f2b2146b674a3ab22afa6bcf08d1924db275714ed25008f763a626f0e6b72,0.0,0.9375,6,0,03de86140f405c44d66d8e19fd4054caef2c68ac1a6f73f78749405044ea7cc2,-9.941646407414805,0.5901580183560731,0.9996493305139242,1.0,0.9960937500000002,192,"[24, 24, 24, 24, 24, 24, 24, 24]",0.06660049999481998,executed,2026-09-22T05:44:20.561481+00:00,1.0,8.892490693454547e-17,4.049752731053163e-17,-1.2325004580104103e-15,0.9999999999999999,1.0,W1,W1/descending/seed307,75,False,results/stage4_v1/optimization/C_W1_descending_seed307_i75.npz
results/stage4_v1/density/d3a4d8b2e0114c357ba35de045e36d43fb5ef29ecfcb508cc965680887390e63.npz,b7671395171e16dd65bdf7f7470dd2d41fbc8e4aea38ee3826833071e0b503da,0.0,0.9375,6,0.01,03de86140f405c44d66d8e19fd4054caef2c68ac1a6f73f78749405044ea7cc2,-4.465116284389014,0.3333337556594795,0.196758391489602,0.04164628450269187,0.47590344575515686,192,"[24, 24, 24, 24, 24, 24, 24, 24]",0.1355277500115335,executed,2026-09-22T05:44:20.697485+00:00,0.9999999999999982,-2.350008208862331e-17,9.341771812940338e-18,0.00037020292197995986,0.19699363583495424,0.045389853703853233,W1,W1/descending/seed307,75,False,results/stage4_v1/optimization/C_W1_descending_seed307_i75.npz
results/stage4_v1/density/2db176ff516dc8188a7b7372dbe9a41faba2dae4bab6d2e8b21ea69b41e371fc.npz,1fd781c9377291d74feda8b5c0d3aaa06785a5649062dd7cfed7abbc3ab8623b,0.0,0.9375,6,0.05,03de86140f405c44d66d8e19fd4054caef2c68ac1a6f73f78749405044ea7cc2,-0.18551968320908546,0.017256420667118307,0.0048111442070642545,1.2830199439460429e-05,0.022388269004759473,192,"[24, 24, 24, 24, 24, 24, 24, 24]",0.13888370801578276,executed,2026-09-22T05:44:20.836883+00:00,0.9999999999999919,9.192001543603667e-18,8.402566836762659e-19,0.0034266274221482,0.004841337756420698,0.0039190300814729,W1,W1/descending/seed307,75,False,results/stage4_v1/optimization/C_W1_descending_seed307_i75.npz
results/stage4_v1/density/766d7a85a839697a63a66b2f43ab9ebdc70557528c4aeabe2d851accde6ea5ec.npz,9598e8e91cdfca44d679d3ab4d96e7f4016c4116f739f6c8855b45a09d1bd4e6,0.0,0.925,6,0,cea0ed3438b480ea77f3c33caadc2c536b817fdfee9ea4b49d1d23312cae4c20,-9.884333604538737,0.5782137089712398,0.999766671501303,0.9999999999999944,0.9960937499999994,192,"[24, 24, 24, 24, 24, 24, 24, 24]",0.06861508300062269,executed,2026-09-22T05:44:20.906420+00:00,0.999999999999996,-7.172674997349415e-17,9.020562075079397e-17,-1.069588962649172e-15,0.9999999999999978,0.9999999999999944,W1,W1/descending/seed307,74,False,results/stage4_v1/optimization/C_W1_descending_seed307_i74.npz
results/stage4_v1/density/6108cc0345a06fcc4b1ea702ed4828221b6ee3b86d47e93acd3c44cb5d78a119.npz,e72077610d98331c55f19b2f621ecb57a768187e62de15df1f2d7e94110720f1,0.0,0.925,6,0.01,cea0ed3438b480ea77f3c33caadc2c536b817fdfee9ea4b49d1d23312cae4c20,-4.751836654239333,0.36161783312627155,0.20899064082278962,0.04752700712052094,0.519020492401508,192,"[24, 24, 24, 24, 24, 24, 24, 24]",0.1383304170158226,executed,2026-09-22T05:44:21.045388+00:00,0.9999999999999952,1.9244588561617704e-18,1.0610235340380083e-17,0.00020653703340204864,0.20932648895334782,0.0512476047489564,W1,W1/descending/seed307,74,False,results/stage4_v1/optimization/C_W1_descending_seed307_i74.npz
results/stage4_v1/density/2acfc1dfc1cb541014f64d9e718a8af803f7d5d4cd7aa264aa0c9c40ae3e25a4.npz,85b2747cfbbcbdee9af33d72f05524c88bbfc55215a2c8055d7e0f1af38fd9d8,0.0,0.925,6,0.05,cea0ed3438b480ea77f3c33caadc2c536b817fdfee9ea4b49d1d23312cae4c20,-0.28015845012722596,0.027827548336625416,0.005288454427209897,3.196998301589711e-05,0.035317356159181065,192,"[24, 24, 24, 24, 24, 24, 24, 24]",0.13652612498844974,executed,2026-09-22T05:44:21.182452+00:00,0.9999999999999882,-1.5178830414797062e-18,6.979551485375435e-19,0.0031434484241785045,0.005342484247511905,0.003938095100269741,W1,W1/descending/seed307,74,False,results/stage4_v1/optimization/C_W1_descending_seed307_i74.npz
results/stage4_v1/density/38ff931816bc75c523e60e0e9aeb2b68bba0c2e7c6d4800288938f65f70ecc91.npz,2148ee468fe8133b73696646e5b59fa33b8ab46f8d9449cb0e759bf06e06364c,0.0,0.9125,6,0,e8b638fd149e82a35180748dd5e6ce17c42c298b003af3b321ef1fb120826210,-9.827050788289132,0.5674407966943917,0.9997351005803226,1.0000000000000089,0.9960937500000028,192,"[24, 24, 24, 24, 24, 24, 24, 24]",0.06758716600597836,executed,2026-09-22T05:44:21.250683+00:00,1.0000000000000036,1.0849814427969784e-16,6.245004513516506e-17,-1.9158268348269918e-15,1.000000000000003,1.0000000000000089,W1,W1/descending/seed307,73,False,results/stage4_v1/optimization/C_W1_descending_seed307_i73.npz
results/stage4_v1/density/e9e9cdde60a366b98d819b1ac318c9a624710328f7439802f476c4204450695e.npz,4763418d7806c5d3363fd5cc00655400a776a127f1ff2fa8eec1b03b1cc6ca6e,0.0,0.9125,6,0.01,e8b638fd149e82a35180748dd5e6ce17c42c298b003af3b321ef1fb120826210,-4.696994506844133,0.3577476075712237,0.2082263157701945,0.047179935750534856,0.5173578591182949,192,"[24, 24, 24, 24, 24, 24, 24, 24]",0.13791775002027862,executed,2026-09-22T05:44:21.389105+00:00,1.0000000000000029,-1.9813794702172594e-17,8.760595080540315e-18,0.0002120273993995971,0.20857130072670316,0.05090188912650933,W1,W1/descending/seed307,73,False,results/stage4_v1/optimization/C_W1_descending_seed307_i73.npz
results/stage4_v1/density/be1492f35dde88fa88620dafcb30decd043a14348c884ae65b41f5b1b37df041.npz,327635bfa10284bbe5c9c4dba95475aa69186ad1f6afc0a5af9a88307a27b495,0.0,0.9125,6,0.05,e8b638fd149e82a35180748dd5e6ce17c42c298b003af3b321ef1fb120826210,-0.2732254257160947,0.027428300040109065,0.005264510731828151,3.1111199954123416e-05,0.03484894900105985,192,"[24, 24, 24, 24, 24, 24, 24, 24]",0.13593970899819396,executed,2026-09-22T05:44:21.525608+00:00,0.9999999999999967,-1.828235913353682e-17,8.063753657860939e-19,0.0031530097578939386,0.0053194803602903806,0.003937239671829303,W1,W1/descending/seed307,73,False,results/stage4_v1/optimization/C_W1_descending_seed307_i73.npz
results/stage4_v1/density/6a52b290d649e20c1b2a3cd755b57944f8f537c8f96cb2d1151497fc6181a7dd.npz,e5e3ebbf2b6db82938242570cf06424ee04d6b4c17a7240c6d0bb2ccc8fd6c20,0.0,0.9,6,0,55fc5137b753d0cdadab4a3b7cc2e8c7d28f942e7e6a827a3dd5d3278172ef0f,-9.770846263264882,0.556655516232579,0.9996973600399789,1.0000000000000038,0.9960937500000022,192,"[24, 24, 24, 24, 24, 24, 24, 24]",0.06953016700572334,executed,2026-09-22T05:44:21.595762+00:00,1.0,2.4011689988764906e-17,3.469446951953614e-17,-6.30634805507696e-16,1.000000000000002,1.0000000000000038,W1,W1/descending/seed307,72,False,results/stage4_v1/optimization/C_W1_descending_seed307_i72.npz
results/stage4_v1/density/1a6d1a407bc39555251fd7df9b36b2b9eb80d9944bdf9785b538e119a10d4075.npz,63f0939815b242292713bf4a758e310bfc0d653b8666539eaa70c319d45bb107,0.0,0.9,6,0.01,55fc5137b753d0cdadab4a3b7cc2e8c7d28f942e7e6a827a3dd5d3278172ef0f,-4.65566070534171,0.35468280881716696,0.2078595001436256,0.04703877765731209,0.5169569478330479,192,"[24, 24, 24, 24, 24, 24, 24, 24]",0.13558495801407844,executed,2026-09-22T05:44:21.732859+00:00,0.9999999999999997,4.689174395999807e-18,8.90647503389332e-18,0.00021394167286777738,0.2082257622953833,0.05076128243208822,W1,W1/descending/seed307,72,False,results/stage4_v1/optimization/C_W1_descending_seed307_i72.npz
results/stage4_v1/density/7c6bfb41b23a19dceeac56475fad8cb58b96832010a01f0c7ab5c04c8c33cbad.npz,a8cf8c5d1c391dac82ce63985cc15f6a655da153c056333ff6d38ae36f2463ae,0.0,0.9,6,0.05,55fc5137b753d0cdadab4a3b7cc2e8c7d28f942e7e6a827a3dd5d3278172ef0f,-0.26998107019570605,0.02737138637753426,0.005259308949516936,3.1061742789535744e-05,0.03483551667698273,192,"[24, 24, 24, 24, 24, 24, 24, 24]",0.13546883399249054,executed,2026-09-22T05:44:21.868848+00:00,0.9999999999999933,4.1335207826009857e-19,6.776263578034403e-19,0.003153872713674858,0.0053157370495683035,0.003937190407856764,W1,W1/descending/seed307,72,False,results/stage4_v1/optimization/C_W1_descending_seed307_i72.npz
results/stage4_v1/density/2afc40411c2ef9d7a2db973f16a89f37257c327089c049b970f505adc8294fbe.npz,cc006af2d3d89c9e0bd908a06244b854aaaa7c5357696211567719ca95070ff4,0.0,0.8875,6,0,2756784c89f3410cc8f380e077105a834a202d4f412af05fe427ae2651bb9eb2,-9.715719193214206,0.5458905786749249,0.9996527982551959,0.9999999999999933,0.9960937499999986,192,"[24, 24, 24, 24, 24, 24, 24, 24]",0.06857137498445809,executed,2026-09-22T05:44:21.938146+00:00,0.9999999999999958,-6.344954401292513e-17,6.245004513516506e-17,-7.278100643001594e-16,0.9999999999999967,0.9999999999999933,W1,W1/descending/seed307,71,False,results/stage4_v1/optimization/C_W1_descending_seed307_i71.npz
results/stage4_v1/density/a2d610269dcf76167b8c2b50fed281d2e1227b333a82157d8c8a331ae0fa89ff.npz,72b457a315e67fe94508cae3a29275323d01c28231d2aae76d3828ee3b91754e,0.0,0.8875,6,0.01,2756784c89f3410cc8f380e077105a834a202d4f412af05fe427ae2651bb9eb2,-4.61123242734158,0.3513929866145447,0.20740072600996207,0.04684916819540496,0.5162018289681157,192,"[24, 24, 24, 24, 24, 24, 24, 24]",0.13644750000094064,executed,2026-09-22T05:44:22.075196+00:00,0.9999999999999957,7.508100044462118e-18,1.098112695688504e-17,0.00021687548636217132,0.20778710635206782,0.05057241363214166,W1,W1/descending/seed307,71,False,results/stage4_v1/optimization/C_W1_descending_seed307_i71.npz
results/stage4_v1/density/0dc947ab228b0a783aebe2720f35fa86230aa4396ab4ba69ed3519c0e0c788a8.npz,e11efbd7a71b2bc83dd2bdb31020c8a97b37b4e6e15dd1121c55cf9f453eafb6,0.0,0.8875,6,0.05,2756784c89f3410cc8f380e077105a834a202d4f412af05fe427ae2651bb9eb2,-0.26576640493308956,0.027216988806773593,0.00524910038372536,3.078833111607737e-05,0.034694251889532186,192,"[24, 24, 24, 24, 24, 24, 24, 24]",0.1934224590077065,executed,2026-09-22T05:44:22.269172+00:00,0.9999999999999893,-6.4035690812425106e-18,5.759824041329242e-19,0.0031571747569757304,0.005306755096561816,0.003936918064197655,W1,W1/descending/seed307,71,False,results/stage4_v1/optimization/C_W1_descending_seed307_i71.npz
results/stage4_v1/density/4be1b9e33ae2975262aee5ace35adcc150c1daa125a15799ddae141343486387.npz,31b3e40c8f967451ae1c2c58093312b4c877daa8f824d4fb4cf6a4af4a0e1a5e,0.0,0.875,6,0,41b29eae46feb1ca601593b124fb9cb5acc1914f787b2c747e882bbe790853ff,-9.66166723439656,0.5351556075468685,0.9996010337166112,1.0000000000000058,0.9960937500000014,192,"[24, 24, 24, 24, 24, 24, 24, 24]",0.0667264579969924,executed,2026-09-22T05:44:22.336907+00:00,1.0000000000000027,-9.122206028749913e-17,5.0398493958220603e-17,-6.115790488367642e-16,1.0000000000000027,1.0000000000000058,W1,W1/descending/seed307,70,False,results/stage4_v1/optimization/C_W1_descending_seed307_i70.npz
results/stage4_v1/density/0c4fc79b3eedc374ea0f52fa29d983b8e792907b2b30ccbd114809943b696e2b.npz,25685cea8f49ac3a639e2848fd7bd1a5744ee828f33fcab4fa228fa84fc69e61,0.0,0.875,6,0.01,41b29eae46feb1ca601593b124fb9cb5acc1914f787b2c747e882bbe790853ff,-4.570014058171056,0.348283183852926,0.20704156763252324,0.046709841522129786,0.5157196203640569,192,"[24, 24, 24, 24, 24, 24, 24, 24]",0.1332627079973463,executed,2026-09-22T05:44:22.470698+00:00,1.0000000000000013,-1.3200161450011016e-17,1.4416220074117224e-17,0.0002189949874180571,0.20745217318776443,0.050433631203683965,W1,W1/descending/seed307,70,False,results/stage4_v1/optimization/C_W1_descending_seed307_i70.npz
results/stage4_v1/density/0202cdbfc75d41bf9fb5cd79ebc665ba91cbbfa28d14aabb5b6360d4b854b19b.npz,aad4a4580a435e0cf1def6466515e6120676f1d266ed1395e2fd606a234afc32,0.0,0.875,6,0.05,41b29eae46feb1ca601593b124fb9cb5acc1914f787b2c747e882bbe790853ff,-0.26233517800102646,0.027134034431012487,0.005242958056355275,3.068474504701558e-05,0.034649264038670836,192,"[24, 24, 24, 24, 24, 24, 24, 24]",0.13226645800750703,executed,2026-09-22T05:44:22.603684+00:00,0.9999999999999951,3.0222135558033436e-18,6.2341624917916505e-19,0.003158626747985853,0.005301909939104735,0.003936814882761676,W1,W1/descending/seed307,70,False,results/stage4_v1/optimization/C_W1_descending_seed307_i70.npz
results/stage4_v1/density/b50c028ac7c9b066c8322ead950f02a3a0ab4c6ef3195aa615799008ec798e7e.npz,8e7f66bc6320a115e42ad5f52142f6d2a1a0e613a3dd1e0609432333be6eb33a,0.0,0.8625,6,0,0b788da85eae670d65d501524e85e248fdefb58fdf17b29c03b6c8fb2001f3a2,-9.608686332179659,0.5244709220457509,0.9995416039159994,1.0000000000000018,0.9960937500000006,192,"[24, 24, 24, 24, 24, 24, 24, 24]",0.06612291699275374,executed,2026-09-22T05:44:22.670871+00:00,1.0000000000000009,-4.7925124155648313e-17,6.687690861581925e-17,-6.024826647969864e-16,1.0000000000000009,1.0000000000000018,W1,W1/descending/seed307,69,False,results/stage4_v1/optimization/C_W1_descending_seed307_i69.npz
results/stage4_v1/density/95149e768dcb64f5c8fbeba0e2d9d055fab334871d123cf90fefd12d5b02cca1.npz,10bb4a53b8ffcbd3991abc81d6bc1db7ba27a1f7478fc55022328a237f2d5358,0.0,0.8625,6,0.01,0b788da85eae670d65d501524e85e248fdefb58fdf17b29c03b6c8fb2001f3a2,-4.5303822751143485,0.34525189615535257,0.20673189641307796,0.04659510353609012,0.5153516526333564,192,"[24, 24, 24, 24, 24, 24, 24, 24]",0.1330068749957718,executed,2026-09-22T05:44:22.805272+00:00,0.9999999999999996,1.2468324983583301e-18,1.0408340855860843e-17,0.00022077239253917106,0.2071696762917492,0.05031934141290227,W1,W1/descending/seed307,69,False,results/stage4_v1/optimization/C_W1_descending_seed307_i69.npz
results/stage4_v1/density/2d6d5bbe56b616a651bd2da0032defeb14ab7521d6154a46ecd9bfb7c4cee8ed.npz,88f9bdf0addd99a8ef86ef65a3eb070be4613a0669c05f7fe32f0efd8a8c28cc,0.0,0.8625,6,0.05,0b788da85eae670d65d501524e85e248fdefb58fdf17b29c03b6c8fb2001f3a2,-0.2592208317970516,0.027078251763307373,0.005238543539705237,3.0648410708910026e-05,0.034641990926148856,192,"[24, 24, 24, 24, 24, 24, 24, 24]",0.13322762498864904,executed,2026-09-22T05:44:22.938958+00:00,0.9999999999999929,5.658180087658726e-18,7.047314121155779e-19,0.003159353898065665,0.005298790372610154,0.003936778690354578,W1,W1/descending/seed307,69,False,results/stage4_v1/optimization/C_W1_descending_seed307_i69.npz
results/stage4_v1/density/06791253ed806588cd169d5626ed5644bc0bcdb923743fd9a4c2f658644bf177.npz,edeeb823b66003cea68b5579b57f5ff3e4737c3c98f4990feaea326c9d44748b,0.0,0.85,6,0,6b8d78f81ee1aebffafdfb3c6fc786185f05d9499d139e05b98a60fe376bc29c,-9.556771039136322,0.5138462964569381,0.9994747452033098,1.0000000000000027,0.9960937500000006,192,"[24, 24, 24, 24, 24, 24, 24, 24]",0.0660442500084173,executed,2026-09-22T05:44:23.007063+00:00,1.0000000000000018,-7.824890366735227e-18,1.0755285551056204e-16,-4.45004149915047e-16,1.000000000000002,1.0000000000000027,W1,W1/descending/seed307,68,False,results/stage4_v1/optimization/C_W1_descending_seed307_i68.npz
results/stage4_v1/density/5eb554bf3e54dab53a508668b7d830c19c865c2f8d21852e50b7a510734cd0f9.npz,9e14f2d74f21a4bbad95db08edcf702a40a14605709912198476c2ab9fa6b0af,0.0,0.85,6,0.01,6b8d78f81ee1aebffafdfb3c6fc786185f05d9499d139e05b98a60fe376bc29c,-4.494441638395838,0.34245467375876487,0.2065475782620433,0.04654306396259447,0.5153375579414804,192,"[24, 24, 24, 24, 24, 24, 24, 24]",0.13474512501852587,executed,2026-09-22T05:44:23.142319+00:00,1.0000000000000004,-1.6154612370034016e-17,1.3127355858303963e-17,0.0002214511904736633,0.20701730792671008,0.050267505118990585,W1,W1/descending/seed307,68,False,results/stage4_v1/optimization/C_W1_descending_seed307_i68.npz
results/stage4_v1/density/1aaa7bf64ae92e1645d5baf6ee8e06c48f8dc9acd5cc5f18a305ea9457b63d10.npz,55102f9baa183c9a436b436cdd07d0930d4ac3a5e4d61292ee15b21836cf257c,0.0,0.85,6,0.05,6b8d78f81ee1aebffafdfb3c6fc786185f05d9499d139e05b98a60fe376bc29c,-0.25702238562464397,0.027111922327202345,0.005239181779540058,3.082483442130122e-05,0.03475537813863567,192,"[24, 24, 24, 24, 24, 24, 24, 24]",0.1317294999898877,executed,2026-09-22T05:44:23.274561+00:00,0.9999999999999934,-1.8228149024912543e-18,5.149960319306146e-19,0.0031577545313846832,0.005300844447974573,0.003936954424911843,W1,W1/descending/seed307,68,False,results/stage4_v1/optimization/C_W1_descending_seed307_i68.npz
results/stage4_v1/density/a1b40d0830e39f29b83f4f09b24e32b9109e478f088e6840d68ab914185ca17c.npz,aaf399177e039dabb7f189ce3de29ed6ffa6cde1f168a237d66f20d8ad0e3b64,0.0,0.8375,6,0,25d8485008addbacae479b0b3b1c2f4c519c5ccf3f46dc25b09b03b7ee9901c0,-9.505914786721776,0.5032911943262084,0.9994010982309771,1.0000000000000007,0.9960937500000004,192,"[24, 24, 24, 24, 24, 24, 24, 24]",0.06721691699931398,executed,2026-09-22T05:44:23.342417+00:00,1.0,-3.2497266054358487e-17,5.707642266378346e-17,-7.476854622906434e-16,1.0000000000000002,1.0000000000000007,W1,W1/descending/seed307,67,False,results/stage4_v1/optimization/C_W1_descending_seed307_i67.npz
results/stage4_v1/density/695559e09c5ed56923d924ca1bc14dea1f6cff47ce9855ce9900149cc1e1c484.npz,4018b29a1a62787d83c11bda2a5ec5cf7be3cd3b8b040a4048f26150dc5dff9c,0.0,0.8375,6,0.01,25d8485008addbacae479b0b3b1c2f4c519c5ccf3f46dc25b09b03b7ee9901c0,-4.461257827277512,0.339854535394714,0.2064725678088932,0.04654465854619674,0.515655143051704,192,"[24, 24, 24, 24, 24, 24, 24, 24]",0.13164658300229348,executed,2026-09-22T05:44:23.474505+00:00,0.9999999999999989,-2.0925101928970236e-17,1.474514954580286e-17,0.00022118932379569173,0.20697810345612017,0.050269093473750665,W1,W1/descending/seed307,67,False,results/stage4_v1/optimization/C_W1_descending_seed307_i67.npz
results/stage4_v1/density/f28e0c52a5676e91be225036027c82a940102534da9a43705066d6bcf0e136e6.npz,d5e809a86e4103eb6762c5467476e32ac984e57b39a0357163a3abdc7f1a6e2f,0.0,0.8375,6,0.05,25d8485008addbacae479b0b3b1c2f4c519c5ccf3f46dc25b09b03b7ee9901c0,-0.25551329932583633,0.027217132971324047,0.0052439311692805655,3.117497119185356e-05,0.03496632520833738,192,"[24, 24, 24, 24, 24, 24, 24, 24]",0.13094466700567864,executed,2026-09-22T05:44:23.605907+00:00,0.9999999999999929,2.1365559061542472e-17,7.453889935837843e-19,0.003154274077354109,0.005307094752994616,0.003937303193960635,W1,W1/descending/seed307,67,False,results/stage4_v1/optimization/C_W1_descending_seed307_i67.npz
results/stage4_v1/density/8512b4e4b402dc660aa96648fc8e1a75a0ea8789118b117c0d6766bff60c4db9.npz,2f8e98e5dbd620dbd8b1bfb1f9697e2163acb6b61b12218b76d64825f5dd710b,0.0,0.825,6,0,786caf9d7e60d6ce7e8e83deb8b96622fb7d09ae805fdc8fd9c82d1233bf5cba,-9.456110295525857,0.4928096400322339,0.999321469608505,0.9999999999999982,0.9960937499999989,192,"[24, 24, 24, 24, 24, 24, 24, 24]",0.06659587501781061,executed,2026-09-22T05:44:23.673211+00:00,0.9999999999999991,1.3057859914872294e-17,9.309503074677274e-17,-5.233995867034127e-16,0.9999999999999984,0.9999999999999982,W1,W1/descending/seed307,66,False,results/stage4_v1/optimization/C_W1_descending_seed307_i66.npz
results/stage4_v1/density/c561e51a29ac70d30b23c0f8285de7347d23cc2294bf975ce89c86fa68636604.npz,40024171744eafcc053fdac46327981afadcf9a253eea5fcf5e4973fc3c47f96,0.0,0.825,6,0.01,786caf9d7e60d6ce7e8e83deb8b96622fb7d09ae805fdc8fd9c82d1233bf5cba,-4.435454468703029,0.33774990945533057,0.20667521076858136,0.0466838818679709,0.5167942853503804,192,"[24, 24, 24, 24, 24, 24, 24, 24]",0.13211770800990053,executed,2026-09-22T05:44:23.805735+00:00,0.9999999999999976,-2.2090619264392153e-17,1.2418730161650348e-17,0.00021848425167103153,0.20722470404697557,0.05040777295442414,W1,W1/descending/seed307,66,False,results/stage4_v1/optimization/C_W1_descending_seed307_i66.npz
results/stage4_v1/density/fc588d7d04fadbce7aec8aeaa35bc9a803e0da88ee760f8948573b02776778aa.npz,504d51c059f34ffa92e167770393a6b00c6b3762f872ff96f626e35339b77cc5,0.0,0.825,6,0.05,786caf9d7e60d6ce7e8e83deb8b96622fb7d09ae805fdc8fd9c82d1233bf5cba,-0.25595310875328114,0.027523244723620572,0.005259904617284884,3.201407321907354e-05,0.03544984940485906,192,"[24, 24, 24, 24, 24, 24, 24, 24]",0.1296342079876922,executed,2026-09-22T05:44:23.935804+00:00,0.9999999999999907,1.5382118322138094e-17,7.318364664277155e-19,0.003145580413267374,0.005324931835888029,0.0039381390182455615,W1,W1/descending/seed307,66,False,results/stage4_v1/optimization/C_W1_descending_seed307_i66.npz
results/stage4_v1/density/6c6f1d3d6344659b8729c52c85a69805f59c5c6af83ff413a3dded15a643e63d.npz,171bc3a276927b6284986ca3fa70c1f72f005104e1405d6120fc888811d566a8,0.0,0.8125,6,0,f5da687a31e4304e0dc349092065ed6d4de9d4aeb75e05e40c8ad55a69bf538b,-9.410815577506781,0.4792756717126418,0.9997903865118074,1.0000000000000053,0.9960937500000013,192,"[24, 24, 24, 24, 24, 24, 24, 24]",0.06828974999370985,executed,2026-09-22T05:44:24.004712+00:00,1.0000000000000022,-3.6530836949183465e-17,4.635519035990621e-17,-4.496009214708224e-16,1.0000000000000027,1.0000000000000053,W1,W1/descending/seed307,65,False,results/stage4_v1/optimization/C_W1_descending_seed307_i65.npz
results/stage4_v1/density/f2b57a910b611fa0b10ac7b2a2a3e421f151cecbdac8f9f04d7e0c39fbf63fd2.npz,437c964847b920a7a08fbae4fc85cef17b3ce7263b1d6b33363dcb6aa167ad81,0.0,0.8125,6,0.01,f5da687a31e4304e0dc349092065ed6d4de9d4aeb75e05e40c8ad55a69bf538b,-4.9904378242446255,0.3651659880719416,0.2293309203391019,0.05797368622469864,0.5702130297364654,192,"[24, 24, 24, 24, 24, 24, 24, 24]",0.1326043339795433,executed,2026-09-22T05:44:24.137814+00:00,1.0000000000000009,-2.0789576657409548e-17,1.7510452491825717e-17,8.447467560330443e-05,0.22966968887207317,0.06165347651288341,W1,W1/descending/seed307,65,False,results/stage4_v1/optimization/C_W1_descending_seed307_i65.npz
results/stage4_v1/density/04999c6c2f2fcb83a97080dbe2c1f20c1e5538086fe2debe93ca3d8b41174751.npz,4e937e1ce05858ea288a32247e1367c2349e9bd8560320c8b1b7a42a13ba4c66,0.0,0.8125,6,0.05,f5da687a31e4304e0dc349092065ed6d4de9d4aeb75e05e40c8ad55a69bf538b,-0.4332492762307256,0.0432873500079948,0.006238716785188492,8.584392394807256e-05,0.05808791963922062,192,"[24, 24, 24, 24, 24, 24, 24, 24]",0.13195004101726227,executed,2026-09-22T05:44:24.270495+00:00,0.9999999999999932,1.0164395367051604e-18,7.318364664277155e-19,0.0027379992114264133,0.006313658609821712,0.00399175859612015,W1,W1/descending/seed307,65,False,results/stage4_v1/optimization/C_W1_descending_seed307_i65.npz
results/stage4_v1/density/011c7345bb05b6d40b5de668e2fc2ab2bec6a40d51261c3f2714696fe8e3f4f6.npz,936ad24820a672daf99f217ec5388be46866ecbdc37edcf16864333f4a285714,0.0,0.8,6,0,5dc957f71964b31b9c1843794a601b45eb2d1c51d47ab0044ea90cf15666f4c4,-9.36341177630509,0.46882196874847437,0.9997648131802994,1.0000000000000027,0.996093750000001,192,"[24, 24, 24, 24, 24, 24, 24, 24]",0.06513137498404831,executed,2026-09-22T05:44:24.336270+00:00,1.0000000000000004,2.873135757086587e-17,4.358492733391728e-17,-9.421577650279962e-16,1.000000000000001,1.0000000000000027,W1,W1/descending/seed307,64,False,results/stage4_v1/optimization/C_W1_descending_seed307_i64.npz
results/stage4_v1/density/2f42300a44db19f9a9e840115ca2d7e9d2d01ebbd692af589d222ffd91e89a75.npz,32be53c8ac5caf03a2217302bbb9d11461f951484330854962d0eaceebfaf756,0.0,0.8,6,0.01,5dc957f71964b31b9c1843794a601b45eb2d1c51d47ab0044ea90cf15666f4c4,-4.94287694612299,0.3614055028563674,0.2286307641395291,0.05763707746164813,0.569084736661176,192,"[24, 24, 24, 24, 24, 24, 24, 24]",0.13300212498870678,executed,2026-09-22T05:44:24.469708+00:00,0.9999999999999988,3.9410748969848086e-17,1.603006753228919e-17,8.60540382201711e-05,0.22897233725851918,0.06131818262781357,W1,W1/descending/seed307,64,False,results/stage4_v1/optimization/C_W1_descending_seed307_i64.npz
results/stage4_v1/density/04ede3dcf04f733664f6b7cbf99936a84ae1c162014bb1fe0c0a3ad149c0dc36.npz,fc8b6a45a6d367da3653f7cfce7863ce624c02b46e058e887ba521a8a5b1426e,0.0,0.8,6,0.05,5dc957f71964b31b9c1843794a601b45eb2d1c51d47ab0044ea90cf15666f4c4,-0.4250629999506904,0.042856915169667734,0.0062123550397310025,8.446570032352686e-05,0.057634258481806436,192,"[24, 24, 24, 24, 24, 24, 24, 24]",0.13221754200640135,executed,2026-09-22T05:44:24.602359+00:00,0.9999999999999925,7.779150587583494e-18,7.453889935837843e-19,0.0027459113928405125,0.0062874816071553305,0.003990385756181638,W1,W1/descending/seed307,64,False,results/stage4_v1/optimization/C_W1_descending_seed307_i64.npz
results/stage4_v1/density/ee32b95c5eea57cd9a3cbd9a374aabe604386285068cb7d8f27e6778e10a454a.npz,3a26eaf4db42fa55150038ad7ca4ac45494d12a489dd030527d112c0bd36eea4,0.0,0.7875,6,0,721058f2022c29080a229c6c97a0af86b39e118932fa7aed6d46b70bd459cc99,-9.317046867477544,0.45849651248395185,0.9997381795235276,0.9999999999999954,0.9960937499999991,192,"[24, 24, 24, 24, 24, 24, 24, 24]",0.06764804199337959,executed,2026-09-22T05:44:24.670664+00:00,0.9999999999999974,-5.841647424034008e-17,4.714372364362742e-17,-5.17567592151265e-16,0.9999999999999977,0.9999999999999954,W1,W1/descending/seed307,63,False,results/stage4_v1/optimization/C_W1_descending_seed307_i63.npz
results/stage4_v1/density/c63bfa22a17c041fb28c98acb2a8ec61930fc2283852f9acb145388d3dc31601.npz,26cc94aa86ab6a5706d6e2c9f7d5a519a2812279626097a4f5eebab7f40c17fa,0.0,0.7875,6,0.01,721058f2022c29080a229c6c97a0af86b39e118932fa7aed6d46b70bd459cc99,-4.8970850978075084,0.3577488898680505,0.22802014364486523,0.05734520032335712,0.5680959526364922,192,"[24, 24, 24, 24, 24, 24, 24, 24]",0.13242166599957272,executed,2026-09-22T05:44:24.803481+00:00,0.9999999999999967,-4.01425854362758e-17,1.8111044797400594e-17,8.739970354239116e-05,0.22836563239854862,0.061027445634594,W1,W1/descending/seed307,63,False,results/stage4_v1/optimization/C_W1_descending_seed307_i63.npz
results/stage4_v1/density/91bbcbcfd4b1fe3c05cf6ffb5a7dc9de30cb5984a0d14d219c6c50d387fb557f.npz,7b316b9756c797def98f66fcabf0e560d5d7b4313151314f1e80d5770f01bcdd,0.0,0.7875,6,0.05,721058f2022c29080a229c6c97a0af86b39e118932fa7aed6d46b70bd459cc99,-0.41755293361889856,0.0424829854592346,0.00618971574680879,8.333331757127846e-05,0.05725957815111536,192,"[24, 24, 24, 24, 24, 24, 24, 24]",0.13228454199270345,executed,2026-09-22T05:44:24.936243+00:00,0.9999999999999905,-1.56396163381034e-17,6.776263578034403e-19,0.0027523359191519913,0.006265304694401123,0.003989257796799516,W1,W1/descending/seed307,63,False,results/stage4_v1/optimization/C_W1_descending_seed307_i63.npz
results/stage4_v1/density/55eaeb7a392b5e1f9a5fa084b72bd092b69916a86208b7d1efa0f0ef6603ea6a.npz,f8d01c85dc59bcef15385a6984e62e5b8b9d5c760ef6a9110af58b3c690fe8af,0.0,0.775,6,0,1a3783ece7e86d679929d60ee917e8cf88db80a47b54ce2b452879150c145d98,-9.271708031848426,0.4482978746475421,0.9997108493893104,1.0000000000000044,0.9960937500000013,192,"[24, 24, 24, 24, 24, 24, 24, 24]",0.06723441599751823,executed,2026-09-22T05:44:25.004111+00:00,1.0000000000000022,9.4545817572525e-17,5.826837773069566e-17,-8.588718429120753e-16,1.0000000000000027,1.0000000000000044,W1,W1/descending/seed307,62,False,results/stage4_v1/optimization/C_W1_descending_seed307_i62.npz
results/stage4_v1/density/b4ce48d52008fe7efeb2d0f8088e2e3b5487b7a262c322a5a9c0662730edd0d0.npz,b52298fad503bb00e30d264c79788a7e975e1fcfd492b9f9d9acfe64bbf048d7,0.0,0.775,6,0.01,1a3783ece7e86d679929d60ee917e8cf88db80a47b54ce2b452879150c145d98,-4.854659093137247,0.3542511376512445,0.22758584909378543,0.057140245616657245,0.5674018178891266,192,"[24, 24, 24, 24, 24, 24, 24, 24]",0.13452541700098664,executed,2026-09-22T05:44:25.139245+00:00,1.0000000000000007,-1.043544591017298e-17,1.6365348541700844e-17,8.817979660215635e-05,0.22793735588796904,0.060823291532217175,W1,W1/descending/seed307,62,False,results/stage4_v1/optimization/C_W1_descending_seed307_i62.npz
results/stage4_v1/density/f97c48ebd67aa1990e7edf3ae7a2e0a40912348b8ef1bb7421c5901f320c2fd4.npz,6fa40a00c19640aaf15139d44ae022e08f51b265bd611c13ea93e06ca43b5a4b,0.0,0.775,6,0.05,1a3783ece7e86d679929d60ee917e8cf88db80a47b54ce2b452879150c145d98,-0.41137056199796884,0.042227142524472426,0.00617424303097177,8.269881055091899e-05,0.05705228484890043,192,"[24, 24, 24, 24, 24, 24, 24, 24]",0.13065879099303856,executed,2026-09-22T05:44:25.270548+00:00,0.999999999999994,-3.835365185167472e-18,6.640738306473715e-19,0.0027555081450842283,0.006251027040294663,0.0039886257683222045,W1,W1/descending/seed307,62,False,results/stage4_v1/optimization/C_W1_descending_seed307_i62.npz
results/stage4_v1/density/47fa255925b67f4c731abd5ff4698abaec124d6fe2ad1dadbd7ff34585b85dab.npz,0e5850c65cbbb918e001c85414d3b1b6d7c922e4719dfdde16e85811d6bad027,0.0,0.7625,6,0,ff366ba84e1eb09f9648e8aeeab645a43fb658319ee987a1a733b836af702b7c,-9.229127376333295,0.43670200128488357,0.999926580980437,1.0000000000000049,0.9960937500000019,192,"[24, 24, 24, 24, 24, 24, 24, 24]",0.06526787500479259,executed,2026-09-22T05:44:25.336382+00:00,1.0000000000000009,6.29108310584714e-17,1.1102230246251565e-16,-1.3217590353942681e-15,1.0000000000000022,1.0000000000000049,W1,W1/descending/seed307,61,False,results/stage4_v1/optimization/C_W1_descending_seed307_i61.npz
results/stage4_v1/density/b2e4b5e85751ad4e2ec676f58d118b9fc37be177f6aaca6baa9c3c50e6175298.npz,380e5cbf43be0823c12ec13b089ac6c819c8411760a71b67fde2690d0414c085,0.0,0.7625,6,0.01,ff366ba84e1eb09f9648e8aeeab645a43fb658319ee987a1a733b836af702b7c,-4.871915204811958,0.34976007247055435,0.22838836060372697,0.0574673524382111,0.5695008490587301,192,"[24, 24, 24, 24, 24, 24, 24, 24]",0.13253583401092328,executed,2026-09-22T05:44:25.469334+00:00,0.9999999999999998,2.168404344971009e-18,2.2551405187698492e-17,7.809139996506281e-05,0.22873901848529893,0.06114912059274934,W1,W1/descending/seed307,61,False,results/stage4_v1/optimization/C_W1_descending_seed307_i61.npz
results/stage4_v1/density/5180322802bc998e92e1fd994523812e0cbfe86a37653a15debfb6be94d324aa.npz,61e2850d7a904180a05e42cf98f630f0f14a5562b885ffc9ff8ab11d4fa00a3b,0.0,0.7625,6,0.05,ff366ba84e1eb09f9648e8aeeab645a43fb658319ee987a1a733b836af702b7c,-0.4336936896418079,0.04432662271056182,0.0062174506043770755,9.244433683488964e-05,0.060357778248811736,192,"[24, 24, 24, 24, 24, 24, 24, 24]",0.13154108301387168,executed,2026-09-22T05:44:25.601309+00:00,0.9999999999999938,-1.1045309632196076e-18,6.369687763352339e-19,0.002673709762428516,0.0063635575248155805,0.003998333226144128,W1,W1/descending/seed307,61,False,results/stage4_v1/optimization/C_W1_descending_seed307_i61.npz
results/stage4_v1/density/8cf7791fc80a0ee85f673c081a078378371d69c9918abf2b4ade06e12d40c077.npz,904c4826dda7c5c3a1570bedf834fbb15b1fde0ce9e5891c4466fe510b52a62d,0.0,0.75,6,0,438e5cf44bf37c5816170573c8fd7ff98922c2959d637a33ee223e261232f1b6,-9.18595316623166,0.4268100286955672,0.9999209642838707,1.0000000000000022,0.9960937500000011,192,"[24, 24, 24, 24, 24, 24, 24, 24]",0.06728866702178493,executed,2026-09-22T05:44:25.669246+00:00,0.9999999999999999,-1.1070720620613705e-18,8.699707413143471e-17,-6.333516466719132e-16,1.000000000000001,1.0000000000000022,W1,W1/descending/seed307,60,False,results/stage4_v1/optimization/C_W1_descending_seed307_i60.npz
results/stage4_v1/density/fc5bbfd30ecd2baf5d8d0d24d77db5c808804abc9cafdc208b6c549fce1c914c.npz,7d590ece0a715f096089581f876381008c7f0efb8b687136c748243d46b98afe,0.0,0.75,6,0.01,438e5cf44bf37c5816170573c8fd7ff98922c2959d637a33ee223e261232f1b6,-4.827684556734045,0.34614563414711874,0.22770790415147302,0.057141029917015515,0.5684482074115966,192,"[24, 24, 24, 24, 24, 24, 24, 24]",0.13179558399133384,executed,2026-09-22T05:44:25.801590+00:00,0.9999999999999984,1.509751525186065e-17,1.6325075167313288e-17,7.944343397575513e-05,0.2280530421442747,0.06082407276890217,W1,W1/descending/seed307,60,False,results/stage4_v1/optimization/C_W1_descending_seed307_i60.npz
results/stage4_v1/density/3e1367bf7e332550132665305fabda3dc08ac51603d5b380866c35603526118b.npz,230b76bfc662f61cda56cb0f1078b2b5c7250027c772184aedcecbfc8d24c4cd,0.0,0.75,6,0.05,438e5cf44bf37c5816170573c8fd7ff98922c2959d637a33ee223e261232f1b6,-0.42585259578895257,0.043921213527856995,0.0061926979197349545,9.112357635542453e-05,0.0599465802157406,192,"[24, 24, 24, 24, 24, 24, 24, 24]",0.13073766700108536,executed,2026-09-22T05:44:25.932820+00:00,0.9999999999999925,-6.715277205832093e-18,8.673617379884035e-19,0.00268072758663081,0.006337888950169991,0.003997017624885286,W1,W1/descending/seed307,60,False,results/stage4_v1/optimization/C_W1_descending_seed307_i60.npz
results/stage4_v1/density/029669f358173210481a0bf70471072c902dfa138e3855d1e87a1dbcf87ee81f.npz,f0e4a986225323c880ada92965f0dff445f8a56f9b5e07361a859195cd73c475,0.3,0.25,6,0,10c3fc506e5a70ecc6ee66dc4fbb46ef9478da12cd37e7b1ec1088c71ede1bc4,-5.784658351672453,0.1920445703747633,0.9999992887259319,0.9999999999999983,0.9960937499999996,192,"[24, 24, 24, 24, 24, 24, 24, 24]",0.06390133401146159,executed,2026-09-22T05:44:30.434311+00:00,0.9999999999999997,4.126502982284086e-17,6.666108852443345e-17,-3.872330289445414e-16,0.9999999999999996,0.9999999999999983,W2,W2/ascending/seed307,20,False,results/stage4_v1/optimization/C_W2_ascending_seed307_i20.npz
results/stage4_v1/density/faac64052b9ff602c8df225b504e690cd2f6a3483e8fdf0a85b7b963955fffaf.npz,0d589a979ee48461fb4f6f7241f87f5d9c67c20b1eb1466d0c506cb531188715,0.3,0.25,6,0.01,10c3fc506e5a70ecc6ee66dc4fbb46ef9478da12cd37e7b1ec1088c71ede1bc4,-2.8343999795880475,0.08689822285888035,0.18749983873168022,0.03828324212516495,0.47057013328495945,192,"[24, 24, 24, 24, 24, 24, 24, 24]",0.13165941700572148,executed,2026-09-22T05:44:30.566377+00:00,0.999999999999998,3.651246692213989e-17,9.75781955236954e-18,0.00031386900183489534,0.1877759860457041,0.04203994821061353,W2,W2/ascending/seed307,20,False,results/stage4_v1/optimization/C_W2_ascending_seed307_i20.npz
results/stage4_v1/density/9231ae4f2cf18fe2ff2571d63043959957409054801ca6680bc3f56119a3a172.npz,ab3c6131a0290f93a0fa0340767ed7dd73b71f5b5bd33e50c681dbf3cb96d857,0.3,0.25,6,0.05,10c3fc506e5a70ecc6ee66dc4fbb46ef9478da12cd37e7b1ec1088c71ede1bc4,-0.15271744379999708,0.004232505301651858,0.004788296356222833,1.457802647405536e-05,0.02381480951299093,192,"[24, 24, 24, 24, 24, 24, 24, 24]",0.13295116598601453,executed,2026-09-22T05:44:30.699787+00:00,0.9999999999999905,1.680764830258748e-18,1.3840518358135268e-18,0.0034137744045478974,0.0048474142785867695,0.003920771081058141,W2,W2/ascending/seed307,20,False,results/stage4_v1/optimization/C_W2_ascending_seed307_i20.npz
results/stage4_v1/density/d898c3b30f6d340d460a8a7ece3dcd5c636bde6291b8160b5eb6c3483fc346b4.npz,800dee741b825b0224b878b2bc191abaa2117143cd829f8da9ddac6ad8463e36,0.3,0.2625,6,0,ef71b575aee4644c7430810251593d2d4bf409f8fae5a8fc5e98332d4ffd55ed,-5.804441222630177,0.20368692749636072,0.9999989036979464,1.0000000000000013,0.9960937500000009,192,"[24, 24, 24, 24, 24, 24, 24, 24]",0.06367016700096428,executed,2026-09-22T05:44:30.763936+00:00,1.0000000000000004,-3.436075921783326e-17,5.955665730116753e-17,-6.715181822725572e-16,1.000000000000001,1.0000000000000013,W2,W2/ascending/seed307,21,False,results/stage4_v1/optimization/C_W2_ascending_seed307_i21.npz
results/stage4_v1/density/06c73ff6a351b1d3d5a0192fff08224c16d0b1d73f3d85e6d40513171f24a003.npz,6826c455350f05d74f001cbaddda0cc3c0b28ac9213be20fa7d01e3200538df3,0.3,0.2625,6,0.01,ef71b575aee4644c7430810251593d2d4bf409f8fae5a8fc5e98332d4ffd55ed,-2.858352506946369,0.09285116577166164,0.18796437898885038,0.03850386303814199,0.472431958087973,192,"[24, 24, 24, 24, 24, 24, 24, 24]",0.13037324999459088,executed,2026-09-22T05:44:30.894928+00:00,0.9999999999999993,-2.5379224682106974e-17,4.336808689942018e-17,0.0003083665052873924,0.18823489759039697,0.042259707323149244,W2,W2/ascending/seed307,21,False,results/stage4_v1/optimization/C_W2_ascending_seed307_i21.npz
results/stage4_v1/density/413baebe30bb08929f2586c81c90d65f0febdcff4240da1f591b508c5e63b665.npz,2c34be2617d6f8af8c9e45ec36a5281fab331a14834b13370b6aac398e38306b,0.3,0.2625,6,0.05,ef71b575aee4644c7430810251593d2d4bf409f8fae5a8fc5e98332d4ffd55ed,-0.1556498147233987,0.004628202646642283,0.004802888515107901,1.4934944734920793e-05,0.024104871165920538,192,"[24, 24, 24, 24, 24, 24, 24, 24]",0.1325331669941079,executed,2026-09-22T05:44:31.027891+00:00,0.9999999999999932,-2.1267258571907895e-17,1.0155925037579061e-18,0.0034084519359552264,0.004860190602481735,0.00392112660510705,W2,W2/ascending/seed307,21,False,results/stage4_v1/optimization/C_W2_ascending_seed307_i21.npz
results/stage4_v1/density/d23e7f2e23922e0b4b3f2bbd0f00a34a1772282ba0ec02d142cfaebfe119ff18.npz,464ded964db312ecfc25f42673ae823c5beead0a0631a3ed67ecac0f13724378,0.3,0.275,6,0,6d492586355c8ad26fadd1638392f00ae3d42ed6ea04da37562410e14a09f63d,-5.82541294788138,0.21581466393634768,0.9999987895899999,1.0000000000000027,0.9960937500000013,192,"[24, 24, 24, 24, 24, 24, 24, 24]",0.06509833299787715,executed,2026-09-22T05:44:31.093462+00:00,1.0000000000000009,1.202326210936037e-17,3.642919299551295e-17,-6.122365548539044e-16,1.0000000000000018,1.0000000000000027,W2,W2/ascending/seed307,22,False,results/stage4_v1/optimization/C_W2_ascending_seed307_i22.npz
results/stage4_v1/density/ac2c6db8ba4a6394e36e3480da2e594ca96f2c339ffb0125dbf9ff56ce6bd09b.npz,57639e0c2acc6db509f904fca26c339aee566960ab96303fb6b92cd3d66c46bc,0.3,0.275,6,0.01,6d492586355c8ad26fadd1638392f00ae3d42ed6ea04da37562410e14a09f63d,-2.7120713230921094,0.0805787865901591,0.18167211950738804,0.035690071396347924,0.45009806999273133,192,"[24, 24, 24, 24, 24, 24, 24, 24]",0.13219454098725691,executed,2026-09-22T05:44:31.226085+00:00,0.9999999999999994,-7.711493830921557e-18,1.2496106176054711e-17,0.0003826402626555206,0.1820844793797678,0.03945690705495594,W2,W2/ascending/seed307,22,False,results/stage4_v1/optimization/C_W2_ascending_seed307_i22.npz
results/stage4_v1/density/f155167e6e05e55f420b34d2f769d775407e2c1fa4208bf4a07c23cf201ca301.npz,af96dbafe843def76e06eb10bafc87e17418733c19a674e192f7ef413a42ced4,0.3,0.275,6,0.05,6d492586355c8ad26fadd1638392f00ae3d42ed6ea04da37562410e14a09f63d,-0.13406577322473634,0.0017101909031314309,0.004656722098447275,1.2094147869140211e-05,0.02156011833228385,192,"[24, 24, 24, 24, 24, 24, 24, 24]",0.13066441600676626,executed,2026-09-22T05:44:31.357225+00:00,0.9999999999999927,2.5744719398847205e-17,1.1087661279558791e-18,0.0034479012991620746,0.004759331905668653,0.003918296905104026,W2,W2/ascending/seed307,22,False,results/stage4_v1/optimization/C_W2_ascending_seed307_i22.npz
results/stage4_v1/density/0d1c0661b1393edcf5388a72f3785de5eca9dfdf3a211c48e3003a17063475f1.npz,5d8266035ddd9c472c6b83303d1b5ede3d9826f6b0eab64cc3b22390f9b7ce93,0.3,0.2875,6,0,99dd6f3adc3809c5686ef1c4d742abae87fbed3c27bc6c61902b55aeccee6349,-5.847623658382511,0.22850134415439177,0.9999981858799643,1.0000000000000044,0.9960937500000018,192,"[24, 24, 24, 24, 24, 24, 24, 24]",0.06559229199774563,executed,2026-09-22T05:44:31.423279+00:00,1.0000000000000018,-1.2131416305323923e-16,9.020562075079397e-17,-5.318067959275484e-16,1.0000000000000029,1.0000000000000044,W2,W2/ascending/seed307,23,False,results/stage4_v1/optimization/C_W2_ascending_seed307_i23.npz
results/stage4_v1/density/bdc963bed2eb517f166c07c9aabfa8324a83d80deb23b03e31ebb6950e167e94.npz,615608cafc0f913fe94255a81d4c0c8dac7d222ac79842a48279bbfdefdcf464,0.3,0.2875,6,0.01,99dd6f3adc3809c5686ef1c4d742abae87fbed3c27bc6c61902b55aeccee6349,-2.744745743752602,0.08658754444572031,0.182303058724667,0.03598660260263673,0.4528951604917207,192,"[24, 24, 24, 24, 24, 24, 24, 24]",0.13227970799198374,executed,2026-09-22T05:44:31.555992+00:00,1.0000000000000009,5.825299688152e-17,2.2985086056692694e-17,0.00037121581220756644,0.18271641983466835,0.03975227993622018,W2,W2/ascending/seed307,23,False,results/stage4_v1/optimization/C_W2_ascending_seed307_i23.npz
results/stage4_v1/density/d8db54a7d141f7aab75a89a9ebeb6cb9cb65c1e2f26a2d941229ed3ab478fa4f.npz,65efba6721b6e010264f75055eeaf6bf14098062d04256c690937f6e44a262d9,0.3,0.2875,6,0.05,99dd6f3adc3809c5686ef1c4d742abae87fbed3c27bc6c61902b55aeccee6349,-0.13799215021226993,0.002036428034810793,0.004676572183255024,1.253370559297509e-05,0.02193882128727404,192,"[24, 24, 24, 24, 24, 24, 24, 24]",0.1294930409931112,executed,2026-09-22T05:44:31.685935+00:00,0.9999999999999937,1.1913094886658107e-17,1.4035335936003757e-18,0.0034408835594359572,0.004777542370739446,0.0039187347458055025,W2,W2/ascending/seed307,23,False,results/stage4_v1/optimization/C_W2_ascending_seed307_i23.npz
results/stage4_v1/density/5be4430cd603a85e696c1e8d31ee54eb55a393049626c4a807ab9b10824e8a23.npz,f9766bf5fea5e27c65106242042cce0a108d6bb6b8ec2d083a6e7d578ac88875,0.3,0.3,6,0,42544364713b22738b32b9926c57f043eea0b031cbb1c1321cff2b89a594b060,-5.871135294675902,0.241849946918414,0.9999974522451792,0.9999999999999902,0.996093749999998,192,"[24, 24, 24, 24, 24, 24, 24, 24]",0.06465970899444073,executed,2026-09-22T05:44:31.751017+00:00,0.9999999999999961,2.826298474698119e-17,8.614871521590785e-17,-4.051302490446624e-16,0.9999999999999959,0.9999999999999902,W2,W2/ascending/seed307,24,False,results/stage4_v1/optimization/C_W2_ascending_seed307_i24.npz
results/stage4_v1/density/2b8d73fc21d0536c73450848875e04031237ed7068df7f99f26d4b46e01c4db1.npz,d62cdf711dbfa289778d6f653d43f193fea975227692a8e79b8ea3c626752bf1,0.3,0.3,6,0.01,42544364713b22738b32b9926c57f043eea0b031cbb1c1321cff2b89a594b060,-2.775883978165745,0.09326671723140686,0.18286255775211296,0.036252760697564695,0.45543602870177907,192,"[24, 24, 24, 24, 24, 24, 24, 24]",0.13164408298325725,executed,2026-09-22T05:44:31.883121+00:00,0.9999999999999956,7.759404132000628e-17,3.0140820395097023e-17,0.0003613537869594269,0.18327639184149008,0.04001739835108983,W2,W2/ascending/seed307,24,False,results/stage4_v1/optimization/C_W2_ascending_seed307_i24.npz
results/stage4_v1/density/26a440e63c14ef82e9eab7d0f29895e8ee92a8c692a13189add03d0e9ea9de09.npz,5fd4439056ada72a05d04e4a78f674121b8becdd12e42932637d710fec4b20bb,0.3,0.3,6,0.05,42544364713b22738b32b9926c57f043eea0b031cbb1c1321cff2b89a594b060,-0.141599025985297,0.0024143718184836834,0.0046945997180575395,1.2933795064979805e-05,0.022276752240710712,192,"[24, 24, 24, 24, 24, 24, 24, 24]",0.1329058750125114,executed,2026-09-22T05:44:32.016488+00:00,0.9999999999999893,-1.6898307297723292e-19,1.1206245892174393e-18,0.0034346351393771675,0.004794026864106778,0.003919133272428007,W2,W2/ascending/seed307,24,False,results/stage4_v1/optimization/C_W2_ascending_seed307_i24.npz
results/stage4_v1/density/0c7d257d5b3d4591e0c1de00a7276060ba594d301391d96f08d9df53c1b2b3d4.npz,e0a0bf5707779c7568c73fdecc8ab2050f436b8cc8edb1a697ae982e4623dd34,0.3,0.3125,6,0,bb45f1618cce9c98282499783077b48ee6ac633bb281821583917c4bbac0eb8a,-5.896019439586718,0.25597150298549753,0.999996454079638,1.0000000000000038,0.9960937499999998,192,"[24, 24, 24, 24, 24, 24, 24, 24]",0.06525045799207874,executed,2026-09-22T05:44:32.082226+00:00,1.0000000000000004,-2.5478700429955866e-16,2.480654570646834e-16,-6.598250211165929e-16,1.0,1.0000000000000038,W2,W2/ascending/seed307,25,False,results/stage4_v1/optimization/C_W2_ascending_seed307_i25.npz
results/stage4_v1/density/e557d931efe0fcaf83044cac29c340957a28197325fdc2b6100c2f1bebac8135.npz,43dd1e36064f29eb1f4587122c9ba43add2f324b6fdb5b7c52b48c1b5ff2cf28,0.3,0.3125,6,0.01,bb45f1618cce9c98282499783077b48ee6ac633bb281821583917c4bbac0eb8a,-2.8093466819734862,0.10046693410487845,0.1835010142969969,0.036555248530000875,0.4582618265679767,192,"[24, 24, 24, 24, 24, 24, 24, 24]",0.13379254101892002,executed,2026-09-22T05:44:32.216564+00:00,0.9999999999999987,3.756421714483371e-17,2.168404344971009e-17,0.00035088941992943254,0.18391312856806463,0.04031870459043056,W2,W2/ascending/seed307,25,False,results/stage4_v1/optimization/C_W2_ascending_seed307_i25.npz
results/stage4_v1/density/c0cf727c226f6e26429e92d32796ad28c04e2ad09521c386a510e3a2765d4dcc.npz,a13ee27bf04065e155ba49b90fdf43ecd77a39952cc8c26509bfddab645c22c0,0.3,0.3125,6,0.05,bb45f1618cce9c98282499783077b48ee6ac633bb281821583917c4bbac0eb8a,-0.14555443191053666,0.002834762892659299,0.004714743499527756,1.3383858156040056e-05,0.022655213359643503,192,"[24, 24, 24, 24, 24, 24, 24, 24]",0.1334411250136327,executed,2026-09-22T05:44:32.350442+00:00,0.9999999999999918,-2.90796998704242e-19,1.2658907396715519e-18,0.0034278524792354867,0.004812006935510779,0.003919581577460118,W2,W2/ascending/seed307,25,False,results/stage4_v1/optimization/C_W2_ascending_seed307_i25.npz
results/stage4_v1/density/e61f184bad05dbdf3844a052f8bff765777279516ba4c8559aff1be81332fcf4.npz,1aed28eefd5ea9437b2bb76c5a43d12a2d13da5ffee4296cb385c313f8356ec2,0.3,0.325,6,0,cb771ddc109871d405dc7d019cb107d0287db911e9d01d6c48a701d897432ca9,-5.922359397589847,0.27098735645355254,0.9999951964759038,0.9999999999999987,0.9960937499999998,192,"[24, 24, 24, 24, 24, 24, 24, 24]",0.06449162500211969,executed,2026-09-22T05:44:32.415455+00:00,0.9999999999999992,1.1839859623945112e-17,9.194034422677078e-17,-6.549787714127686e-16,0.9999999999999994,0.9999999999999987,W2,W2/ascending/seed307,26,False,results/stage4_v1/optimization/C_W2_ascending_seed307_i26.npz
results/stage4_v1/density/40be1315d636a9eada2b1ed61385a7e131a16ace0c05cce8c27abc76bcf78887.npz,fccc9ea7af48673007fea9324c7830cdbd64618d40a1200e2a51fbae453331bd,0.3,0.325,6,0.01,cb771ddc109871d405dc7d019cb107d0287db911e9d01d6c48a701d897432ca9,-2.8438349147806,0.10832393126294317,0.18417263915622933,0.0368728489952809,0.4612144047337825,192,"[24, 24, 24, 24, 24, 24, 24, 24]",0.13049212499754503,executed,2026-09-22T05:44:32.546373+00:00,0.9999999999999977,-3.686329738098078e-17,2.0383000842727483e-17,0.0003406096185499828,0.18458060916999397,0.040635064428893086,W2,W2/ascending/seed307,26,False,results/stage4_v1/optimization/C_W2_ascending_seed307_i26.npz
results/stage4_v1/density/a4eda70c64a35e6238d6bc473abf22b35a8dde468f58e00d0105053f5804281a.npz,cab49c3412cc653ee5438b23ee0e0d7c8be20b1c0376aab881705210b50e12a4,0.3,0.325,6,0.05,cb771ddc109871d405dc7d019cb107d0287db911e9d01d6c48a701d897432ca9,-0.14962995123208023,0.0033068877695919697,0.004735590113381896,1.385205502093621e-05,0.023045877048419823,192,"[24, 24, 24, 24, 24, 24, 24, 24]",0.13215245900209993,executed,2026-09-22T05:44:32.678935+00:00,0.9999999999999918,5.542486884874303e-18,9.105604182983729e-19,0.003421037392561134,0.004830150784007521,0.003920047945431011,W2,W2/ascending/seed307,26,False,results/stage4_v1/optimization/C_W2_ascending_seed307_i26.npz
results/stage4_v1/density/c76e669db8a158b34da3d2f927c522eb965642a882fe5a117b9bd1b09c13fb98.npz,6d5d4c9a7c11a4f812bac0a8234db7647a377fe236a55b30feb4689bada30069,0.3,0.3375,6,0,2e6e66c9c0978b19fc71373240afc8e6ef1efbf3b5e757c2cb2a4c275c2e4827,-5.950251268666595,0.28703204419282113,0.9999936500077143,1.0000000000000062,0.9960937500000016,192,"[24, 24, 24, 24, 24, 24, 24, 24]",0.0655214170110412,executed,2026-09-22T05:44:32.744887+00:00,1.0000000000000018,-6.908286897753786e-17,7.806255641895632e-17,-3.8488162962269563e-16,1.0000000000000024,1.0000000000000062,W2,W2/ascending/seed307,27,False,results/stage4_v1/optimization/C_W2_ascending_seed307_i27.npz
results/stage4_v1/density/56cc7bcb850c262dfea16067859796011a7c06a4053d5c87da3a86448dbc6670.npz,344d11419bfa15bbe25231f33f5cfa51cbc853cdd590732c922705ab0d1b09a2,0.3,0.3375,6,0.01,2e6e66c9c0978b19fc71373240afc8e6ef1efbf3b5e757c2cb2a4c275c2e4827,-2.8802938972973076,0.11694573404775487,0.18491445805872436,0.037222824957336226,0.4644305596066033,192,"[24, 24, 24, 24, 24, 24, 24, 24]",0.12900995797826909,executed,2026-09-22T05:44:32.874280+00:00,1.0000000000000004,3.817408086685681e-17,1.8214596497756474e-17,0.0003300504943810444,0.18531533226457536,0.04098367329734663,W2,W2/ascending/seed307,27,False,results/stage4_v1/optimization/C_W2_ascending_seed307_i27.npz
results/stage4_v1/density/0dcb0e26d70a755db2613ef3788908e01ad7b283692435c9d0b569daa57cb808.npz,4e83fe4d48dc56f3e3a10529c131bc9e1057046993d3113a4ee3540f17c8a962,0.3,0.3375,6,0.05,2e6e66c9c0978b19fc71373240afc8e6ef1efbf3b5e757c2cb2a4c275c2e4827,-0.15400164172032038,0.003843732807041754,0.004758228784697647,1.4365688138066634e-05,0.02347149940062568,192,"[24, 24, 24, 24, 24, 24, 24, 24]",0.13251270799082704,executed,2026-09-22T05:44:33.007196+00:00,0.9999999999999944,-3.180707978613404e-18,8.080694316806025e-19,0.0034138391466584403,0.004849391379516203,0.003920559572168777,W2,W2/ascending/seed307,27,False,results/stage4_v1/optimization/C_W2_ascending_seed307_i27.npz
results/stage4_v1/density/27e6b0771cd8a9325f38b507d32316368bb193ce6d3b145edf8a95c6cd3efe21.npz,b232a0256a2b5d91eedcc668ce50e47aa0a9379b3fff5f8ddb46b34a5735821f,0.3,0.35,6,0,892bf912a991aeb6db4449dd6a1f5ebe97375be90cdf482df50488b9c2b293f1,-5.979825711005629,0.3042891543691875,0.999997543938929,1.0000000000000089,0.9960937500000011,192,"[24, 24, 24, 24, 24, 24, 24, 24]",0.06420408299891278,executed,2026-09-22T05:44:33.071888+00:00,1.0000000000000049,4.339417286721765e-17,6.2474133870925e-17,-7.337470014140764e-16,1.0000000000000036,1.0000000000000089,W2,W2/ascending/seed307,28,False,results/stage4_v1/optimization/C_W2_ascending_seed307_i28.npz
results/stage4_v1/density/6bd102484f1f46c40606d5d9ee29929d2d07846136975a29fea0748701e8681e.npz,d36b65e97c13a463a186eed07342440e5ee7dff15fa51cb6fa8d5c1335ddfc10,0.3,0.35,6,0.01,892bf912a991aeb6db4449dd6a1f5ebe97375be90cdf482df50488b9c2b293f1,-3.355250744933299,0.17386797413977284,0.2124164809506997,0.04933333061972326,0.528526867736131,192,"[24, 24, 24, 24, 24, 24, 24, 24]",0.13131820800481364,executed,2026-09-22T05:44:33.203666+00:00,1.0000000000000018,-5.869938324472301e-19,1.3233041730531803e-17,0.00015747522061837144,0.21258986828216636,0.05304687229698997,W2,W2/ascending/seed307,28,False,results/stage4_v1/optimization/C_W2_ascending_seed307_i28.npz
results/stage4_v1/density/84002b259ecab19927f2ec47f082dcfe1923e0d3cb81f635bcdc18592415d772.npz,1e2e06513b8b94b955863573187bcd4ee21d3d52edb22b6b564ed1200998578e,0.3,0.35,6,0.05,892bf912a991aeb6db4449dd6a1f5ebe97375be90cdf482df50488b9c2b293f1,-0.27906854119286784,0.01563151421814421,0.005483762005912488,4.252858801442915e-05,0.040955019550615854,192,"[24, 24, 24, 24, 24, 24, 24, 24]",0.13351533300010487,executed,2026-09-22T05:44:33.337689+00:00,0.9999999999999951,-1.0316861297557378e-18,1.1485766764768313e-18,0.003082595698649964,0.005517875187154067,0.003948612460717498,W2,W2/ascending/seed307,28,False,results/stage4_v1/optimization/C_W2_ascending_seed307_i28.npz
results/stage4_v1/density/1554ba877873ca9b7ec49d1b2c6b250b4ea61dff93abb1f5c6bd568555f5a9da.npz,1a9c6a1b8a340d63490777712d95e0bce5ad49d1ad8bd9487de5bfa31048326f,0.3,0.3625,6,0,31880a1cbc26b99e42527e64b99d27c714eede6f1262fcb97a52287ff33bb0fd,-6.0111676943888925,0.3227755582971289,0.9999969406906698,1.0000000000000095,0.9960937500000023,192,"[24, 24, 24, 24, 24, 24, 24, 24]",0.066269333998207,executed,2026-09-22T05:44:33.404412+00:00,1.000000000000004,6.394794349304548e-18,9.07056782140752e-17,-4.529658914867502e-16,1.0000000000000044,1.0000000000000095,W2,W2/ascending/seed307,29,False,results/stage4_v1/optimization/C_W2_ascending_seed307_i29.npz
results/stage4_v1/density/551379373b5d643168b54e5895a70edd3048db8a72b745406fac2d301f58cdc9.npz,4de9e71972c92e32d4ee761fd21726a940266b20b0bd19f99d7d459dc2826944,0.3,0.3625,6,0.01,31880a1cbc26b99e42527e64b99d27c714eede6f1262fcb97a52287ff33bb0fd,-3.388891246030988,0.18424888424453648,0.21337890307383067,0.04980503678342366,0.5312474780214125,192,"[24, 24, 24, 24, 24, 24, 24, 24]",0.13515262500732206,executed,2026-09-22T05:44:33.540017+00:00,1.0000000000000033,-3.166463266720751e-17,2.6454533008646308e-17,0.00015216380708729156,0.2135490615527068,0.053516735858488415,W2,W2/ascending/seed307,29,False,results/stage4_v1/optimization/C_W2_ascending_seed307_i29.npz
results/stage4_v1/density/35e413aaee4f62b176a28706eb6e21da4a33ef45be027b1f33a321100d8f2663.npz,4f0a4a4650b2372bd146c36e8b1085da502ae13405f291739f864f2dd87b2261,0.3,0.3625,6,0.05,31880a1cbc26b99e42527e64b99d27c714eede6f1262fcb97a52287ff33bb0fd,-0.28565875905819654,0.01661783496406782,0.00551993400959996,4.419380582470021e-05,0.041758782572788755,192,"[24, 24, 24, 24, 24, 24, 24, 24]",0.12992816700716503,executed,2026-09-22T05:44:33.670389+00:00,0.9999999999999968,-1.1638232695274087e-17,8.91078660511524e-19,0.003067015793364174,0.005552385983218455,0.0039502711737706975,W2,W2/ascending/seed307,29,False,results/stage4_v1/optimization/C_W2_ascending_seed307_i29.npz
results/stage4_v1/density/841f38e559294af62a0be8ab1ef74177e02ff433b537fb152c9576aa7b24e528.npz,3df3912a994420eb7e24015740211f09a628f8101af2948e8a056af6e83838c6,0.3,0.375,6,0,5d9756affd5e3b98f02474fd6049142f9a219ad0be1345af093902fd8d1bd5b1,-6.044426510426485,0.3426337395319776,0.9999963665978614,0.9999999999999942,0.9960937499999994,192,"[24, 24, 24, 24, 24, 24, 24, 24]",0.06460816602339037,executed,2026-09-22T05:44:33.735430+00:00,0.9999999999999978,9.739388644832878e-17,1.1211468303779313e-16,-5.517509232828519e-16,0.9999999999999987,0.9999999999999942,W2,W2/ascending/seed307,30,False,results/stage4_v1/optimization/C_W2_ascending_seed307_i30.npz
results/stage4_v1/density/329fa5bed2e4710e60b8f910298bc355fe8dfbc40b50e505fae5fc7ff50555ee.npz,c840d97393d82fde9b26615ec37666a6daed2165ba80f5febd27ec19e308bf19,0.3,0.375,6,0.01,5d9756affd5e3b98f02474fd6049142f9a219ad0be1345af093902fd8d1bd5b1,-3.423131027917863,0.19522503614060008,0.21441990497378294,0.05030830827964672,0.5340105056549407,192,"[24, 24, 24, 24, 24, 24, 24, 24]",0.1325771250121761,executed,2026-09-22T05:44:33.868588+00:00,0.9999999999999964,4.5853281566664295e-17,3.686287386450715e-17,0.00014685647812113858,0.2145867727004768,0.05401804145042935,W2,W2/ascending/seed307,30,False,results/stage4_v1/optimization/C_W2_ascending_seed307_i30.npz
results/stage4_v1/density/d8a34ca733d266a98e2a2832138373e43e6ba44bb99fa261150cd8c84183833d.npz,a1a253bcff7ed5a1dcf68289a752bfd0ae448371bceabb1f4d4327cec11d22b1,0.3,0.375,6,0.05,5d9756affd5e3b98f02474fd6049142f9a219ad0be1345af093902fd8d1bd5b1,-0.29235325255764455,0.01764031826609792,0.005557627829172492,4.5927128257231925e-05,0.04257923010317326,192,"[24, 24, 24, 24, 24, 24, 24, 24]",0.13181054199230857,executed,2026-09-22T05:44:34.000841+00:00,0.9999999999999898,2.7477748808929503e-18,9.58841296291868e-19,0.00305100382871196,0.005588539602265449,0.003951997725412477,W2,W2/ascending/seed307,30,False,results/stage4_v1/optimization/C_W2_ascending_seed307_i30.npz
results/stage4_v1/density/9d913d1c2417efab6b57db84419015e5905c441224f14297005e19651b9e38b6.npz,f166a439a84ac47654ac966302d5e70e5a79086e35847f7a399dde5264c1cbb7,0.3,0.3875,6,0,f51c5aa8006e820f2d0b384eaf64297fb071db4ba14b912fe6022d7aa3a3c851,-6.079741410159455,0.36389703340174673,0.9999958302162482,1.0,0.9960937499999998,192,"[24, 24, 24, 24, 24, 24, 24, 24]",0.06632424998679198,executed,2026-09-22T05:44:34.067580+00:00,0.9999999999999992,-9.293775199194232e-17,6.316015079719607e-17,-8.669659916700108e-16,0.9999999999999991,1.0,W2,W2/ascending/seed307,31,False,results/stage4_v1/optimization/C_W2_ascending_seed307_i31.npz
results/stage4_v1/density/f4e2a1d244b246194911ea273794e686e235c74f833ceeb65cad2fda0601b3e5.npz,c312ae1d0ab686600f7c0294bb1eacbebad286e83a86f13598ab4bac402e9da6,0.3,0.3875,6,0.01,f51c5aa8006e820f2d0b384eaf64297fb071db4ba14b912fe6022d7aa3a3c851,-3.458742045827721,0.20700337225279689,0.2156010720351769,0.050876886449455774,0.5369855140761431,192,"[24, 24, 24, 24, 24, 24, 24, 24]",0.13296858398825862,executed,2026-09-22T05:44:34.200947+00:00,0.9999999999999978,-3.728808440402881e-17,2.2577452697117467e-17,0.00014129902730849743,0.2157649045865347,0.054584398611762584,W2,W2/ascending/seed307,31,False,results/stage4_v1/optimization/C_W2_ascending_seed307_i31.npz
results/stage4_v1/density/ad2cc1bb4f3fe8597535670d83f8a4403271ba86d79e5720cce4c009f3d4a41b.npz,eb0f6025746a43a3c8e7a2431884b0ce1133f321d050c6f2eb6b309a33bba9d3,0.3,0.3875,6,0.05,f51c5aa8006e820f2d0b384eaf64297fb071db4ba14b912fe6022d7aa3a3c851,-0.2995036115744435,0.018747183392303385,0.005599826214321035,4.7862520302321745e-05,0.043471651268332426,192,"[24, 24, 24, 24, 24, 24, 24, 24]",0.13406179199228063,executed,2026-09-22T05:44:34.335482+00:00,0.9999999999999907,-7.059172582417339e-18,1.3417001884508117e-18,0.003033651065518632,0.00562929255721953,0.003953925557332391,W2,W2/ascending/seed307,31,False,results/stage4_v1/optimization/C_W2_ascending_seed307_i31.npz
results/stage4_v1/density/6dfad16b809c1559347f1dcc56655077cd179643b31cefcc3616324abfefc1e4.npz,e50df01b28c5bfa83a5cb492ddb274fdfff14d353f1e0a79b6a25854c2d58406,0.3,0.4,6,0,3c96f18a5ba669d68d990ced2ab010a61fd55af0cf19fd857d8c8f704620511d,-6.11725132072084,0.38651821619653415,0.9999954145477804,0.9999999999999972,0.9960937500000001,192,"[24, 24, 24, 24, 24, 24, 24, 24]",0.06630879198201,executed,2026-09-22T05:44:34.402254+00:00,0.9999999999999973,-9.284153434309015e-17,1.2419203427410004e-16,-4.583078296528897e-16,0.9999999999999989,0.9999999999999972,W2,W2/ascending/seed307,32,False,results/stage4_v1/optimization/C_W2_ascending_seed307_i32.npz
results/stage4_v1/density/2cc71aa9d482d44d47e2f03a3b20078f3c10c0c0930054b3cf33ad870fb67bac.npz,3ce5c55a9214c48fc0bc92855c23963847856d80559678ec60265e9091ca8889,0.3,0.4,6,0.01,3c96f18a5ba669d68d990ced2ab010a61fd55af0cf19fd857d8c8f704620511d,-3.495287942701808,0.219458712205046,0.2169030609736437,0.051499592737074974,0.5400787017826973,192,"[24, 24, 24, 24, 24, 24, 24, 24]",0.13275849999627098,executed,2026-09-22T05:44:34.535507+00:00,0.9999999999999973,-9.571472303973594e-18,1.5636586103463754e-17,0.0001356358272017813,0.21706423367874694,0.055204672452945774,W2,W2/ascending/seed307,32,False,results/stage4_v1/optimization/C_W2_ascending_seed307_i32.npz
results/stage4_v1/density/64090959403608c8a979d075b3144faeade26c962c87ba476965244f500c23ac.npz,4ef98acddc6ab9be8705c757de524ef85f9e8bc529de098cba3b94917fed8e84,0.3,0.4,6,0.05,3c96f18a5ba669d68d990ced2ab010a61fd55af0cf19fd857d8c8f704620511d,-0.30695410612869384,0.019915730698680967,0.005645501260680584,4.995839560570185e-05,0.044410889435489834,192,"[24, 24, 24, 24, 24, 24, 24, 24]",0.13116633301251568,executed,2026-09-22T05:44:34.667117+00:00,0.9999999999999907,1.5585406229479126e-17,1.2332799712022613e-18,0.003015351164487613,0.005673722479579032,0.003956013245622867,W2,W2/ascending/seed307,32,False,results/stage4_v1/optimization/C_W2_ascending_seed307_i32.npz
results/stage4_v1/density/e605c9dc8e3720e19f3f1b7af3df4a8bc8186187fbeebe9ec5ccd19a952506ea.npz,23cf226188b6f473fe68dbdfb658ff60a00e1462f2891715044442973468d479,0.3,0.4125,6,0,4ed7dd13c3b2ff32509c2d633d0ce159c9e2c3ec35e962251f975dd0162ced9b,-6.157085527050125,0.4103480318440396,0.9999952259919744,1.000000000000004,0.996093750000001,192,"[24, 24, 24, 24, 24, 24, 24, 24]",0.06518925001728348,executed,2026-09-22T05:44:34.732732+00:00,1.0000000000000018,1.765391362623333e-17,6.575987833041511e-17,-4.3948678612933145e-16,1.0000000000000018,1.000000000000004,W2,W2/ascending/seed307,33,False,results/stage4_v1/optimization/C_W2_ascending_seed307_i33.npz
results/stage4_v1/density/e191675d8e98d7046ed8a925bf0799998e0f6eec842dc2c83742cf0365de22ba.npz,af5dc26e1c7eac15ea607ab3b39ff3441465c02d690866e42fe8fdb61fb5516f,0.3,0.4125,6,0.01,4ed7dd13c3b2ff32509c2d633d0ce159c9e2c3ec35e962251f975dd0162ced9b,-3.532607630368241,0.23249446365883494,0.21832358456848266,0.05217475843905912,0.5432485157637912,192,"[24, 24, 24, 24, 24, 24, 24, 24]",0.1318432080151979,executed,2026-09-22T05:44:34.865006+00:00,0.9999999999999999,2.2248167392581453e-17,1.8644494882542858e-17,0.0001299397224032248,0.21848304205503877,0.05587720078890654,W2,W2/ascending/seed307,33,False,results/stage4_v1/optimization/C_W2_ascending_seed307_i33.npz
results/stage4_v1/density/f033f1599512f1f028dce2961d8c2dcdee1427f596d3089b560d23ef4b9ac516.npz,8395db42ef55b2864cce7b3bb546b36d0e25015b7653b66cdc7dd5f7d3b49301,0.3,0.4125,6,0.05,4ed7dd13c3b2ff32509c2d633d0ce159c9e2c3ec35e962251f975dd0162ced9b,-0.31464091366946756,0.02113897923897817,0.005694425945719297,5.220383991710265e-05,0.045395100821498544,192,"[24, 24, 24, 24, 24, 24, 24, 24]",0.1300196250085719,executed,2026-09-22T05:44:34.995445+00:00,0.9999999999999932,1.9302186802030996e-17,1.009663273127126e-18,0.0029962319276585856,0.0057217070722256,0.0039582499186674265,W2,W2/ascending/seed307,33,False,results/stage4_v1/optimization/C_W2_ascending_seed307_i33.npz
results/stage4_v1/density/1dd859a63b99dedea6162177cd0b6daeb7aa37ea1e5a6a92e306743e89843279.npz,805a51a4120b1c7d9cfe82eeb0adf0fe39262a269e902ed20e79c6bebdd3d39c,0.3,0.425,6,0,86357116556dafe7d689a1c069fcf243471d3e797deb56d90cf4fe3d777b2063,-6.199352390009331,0.43511650551860004,0.9999952394751916,1.0000000000000107,0.9960937500000027,192,"[24, 24, 24, 24, 24, 24, 24, 24]",0.06523612499586307,executed,2026-09-22T05:44:35.061082+00:00,1.0000000000000058,2.023773469227337e-18,8.129289760351044e-17,-9.0008567158222e-16,1.0000000000000058,1.0000000000000107,W2,W2/ascending/seed307,34,False,results/stage4_v1/optimization/C_W2_ascending_seed307_i34.npz
results/stage4_v1/density/a939b14c6405c5a5830cc71a0b6872bf0e2bcbc1f0fbb0229c79cc58abd5d1a2.npz,c68dbdc1e2473aa8d3d08111748b659f651759ab1d8656e1929b0a6de837c09a,0.3,0.425,6,0.01,86357116556dafe7d689a1c069fcf243471d3e797deb56d90cf4fe3d777b2063,-3.570541942403127,0.24597518406364233,0.21986178049090618,0.05290341459832582,0.546511903860174,192,"[24, 24, 24, 24, 24, 24, 24, 24]",0.1311005000025034,executed,2026-09-22T05:44:35.192612+00:00,1.000000000000004,3.330533548603909e-17,3.382710778154774e-17,0.00012429923323588788,0.22001923992231498,0.05660301063505111,W2,W2/ascending/seed307,34,False,results/stage4_v1/optimization/C_W2_ascending_seed307_i34.npz
results/stage4_v1/density/8569de4e3b89e27a78e431e7e92618540af6d83c3eceacacee4a3b23a258eb12.npz,d87b4cfdc95e5ac9079e67999c1e229e5d08763447b36069e25b7c1cb4ff4cb8,0.3,0.425,6,0.05,86357116556dafe7d689a1c069fcf243471d3e797deb56d90cf4fe3d777b2063,-0.32249307532938365,0.022397363781331028,0.005746574632207497,5.4573523320612147e-05,0.04641013560749761,192,"[24, 24, 24, 24, 24, 24, 24, 24]",0.13179895901703276,executed,2026-09-22T05:44:35.325038+00:00,0.9999999999999971,1.443174735531877e-17,1.2739375526704677e-18,0.0029767686691082994,0.005772899509239612,0.003960610345495141,W2,W2/ascending/seed307,34,False,results/stage4_v1/optimization/C_W2_ascending_seed307_i34.npz
results/stage4_v1/density/4fbda40675553248f4cca5df51c78cfa8439221e1372be1aacbe130c8d5eece2.npz,d809f7bfea5c2603aedb548b5a9f3c8eede6c6c482090281cca426a881420128,0.3,0.4375,6,0,555fdb6451c05b84d7f5ad7f49d6b8f1cd58ea085591570ed120c707bd6e4131,-6.244127727237503,0.4604466178105975,0.9999955353114938,0.9999999999999996,0.9960937500000004,192,"[24, 24, 24, 24, 24, 24, 24, 24]",0.06577729101991281,executed,2026-09-22T05:44:35.391535+00:00,0.9999999999999989,-8.611339282437163e-17,7.430036776105322e-17,-1.0291512097353387e-15,0.9999999999999993,0.9999999999999996,W2,W2/ascending/seed307,35,False,results/stage4_v1/optimization/C_W2_ascending_seed307_i35.npz
results/stage4_v1/density/45e0c58fc4af175606bc816bf61a1b25d08945a359b23bb7e4f68521790b1cbd.npz,b3172880dab5e7d63010b5899ec005856e0ccc999cb01049cac1625624345a29,0.3,0.4375,6,0.01,555fdb6451c05b84d7f5ad7f49d6b8f1cd58ea085591570ed120c707bd6e4131,-3.60920020422507,0.25983098449750175,0.22152656375757146,0.05369100520155769,0.5499159206097419,192,"[24, 24, 24, 24, 24, 24, 24, 24]",0.12968225000076927,executed,2026-09-22T05:44:35.521655+00:00,0.9999999999999989,1.9942543710155247e-17,2.2672077727095215e-17,0.00011870667526662392,0.22168230451087617,0.057387524712489105,W2,W2/ascending/seed307,35,False,results/stage4_v1/optimization/C_W2_ascending_seed307_i35.npz
results/stage4_v1/density/2ff3c364b8d58ddc2f22118fa95df11e9c056874b298f2e3980b1ffc707020c5.npz,8b861dd4c04aa388dbdd17614e3fd3985dabbd95d909ca5f17d9303f5b3b7315,0.3,0.4375,6,0.05,555fdb6451c05b84d7f5ad7f49d6b8f1cd58ea085591570ed120c707bd6e4131,-0.33057043378159834,0.023717961909878273,0.005802483635355354,5.711096267511095e-05,0.04746649946926207,192,"[24, 24, 24, 24, 24, 24, 24, 24]",0.13094858298427425,executed,2026-09-22T05:44:35.653030+00:00,0.9999999999999927,7.674118502123961e-18,1.0164395367051604e-18,0.0029565671203687317,0.005828074995469855,0.003963137872977161,W2,W2/ascending/seed307,35,False,results/stage4_v1/optimization/C_W2_ascending_seed307_i35.npz
results/stage4_v1/density/bd8e4abe2b62f331a4ee200c700333b64d5ce575d426c51fda2a93bf972f9adf.npz,9ec2c24d597763bad33e6d524b9c3cff8a2b2fc6dd5172039444f8c66952d1b3,0.3,0.45,6,0,eceda77004497ab57163566e833583fbd650ef78ad7a714716b47e3098a2d7e0,-6.291445186285906,0.48587911076973966,0.9999960731864009,0.9999999999999942,0.9960937499999983,192,"[24, 24, 24, 24, 24, 24, 24, 24]",0.06508974998723716,executed,2026-09-22T05:44:35.718857+00:00,0.9999999999999976,-7.885876738937536e-18,7.757919228897728e-17,-4.921967290636706e-16,0.9999999999999973,0.9999999999999942,W2,W2/ascending/seed307,36,False,results/stage4_v1/optimization/C_W2_ascending_seed307_i36.npz
results/stage4_v1/density/287eec4905bdf49bea0e60b18841e69baf48f67f57f08f59a3515845e0678aa6.npz,b61bf1eaae0f242da62fc927e4cfbd2361102ab7751dc96acb2cdd6459b1fda5,0.3,0.45,6,0.01,eceda77004497ab57163566e833583fbd650ef78ad7a714716b47e3098a2d7e0,-3.6479166525255784,0.27369667351285665,0.22326565613621763,0.05451216715964924,0.5532843412320183,192,"[24, 24, 24, 24, 24, 24, 24, 24]",0.13043779198778793,executed,2026-09-22T05:44:35.850015+00:00,0.9999999999999962,-1.5226264259843303e-17,1.9305193185467124e-17,0.00011337423104742051,0.22341847718907704,0.05820547900668186,W2,W2/ascending/seed307,36,False,results/stage4_v1/optimization/C_W2_ascending_seed307_i36.npz
results/stage4_v1/density/6e9acf7d4e6d3d2cc18ea394aa6ac58a553ee9a600cd7e6883f56fac268f82c4.npz,bb40300d19d2365c13bf70233438325619616c1c35b0c2e40c84329d59afa72b,0.3,0.45,6,0.05,eceda77004497ab57163566e833583fbd650ef78ad7a714716b47e3098a2d7e0,-0.33855627736870286,0.025039420337969118,0.005859959564226541,5.968884925926597e-05,0.04850857573025473,192,"[24, 24, 24, 24, 24, 24, 24, 24]",0.13144912500865757,executed,2026-09-22T05:44:35.982090+00:00,0.9999999999999898,-1.2851183875742245e-17,1.0909784360635388e-18,0.00293670933665564,0.005884689289044444,0.003965705689691847,W2,W2/ascending/seed307,36,False,results/stage4_v1/optimization/C_W2_ascending_seed307_i36.npz
results/stage4_v1/density/52a45bc8bd39f2971cca404cadfba979b4ea5d35fa04984421b8621c8e4a65fc.npz,e897c83c4529ae43ee6ab381ba895f119d1aaf8e464857a4ec53b8b0015c0394,0.3,0.4625,6,0,b3790908e93a33d6c7f6fb0e3633253e10af070cb0ff91c84cdba3d8ef85f8c2,-6.341290855602374,0.5109309717883228,0.9999968026688979,0.9999999999999992,0.9960937499999993,192,"[24, 24, 24, 24, 24, 24, 24, 24]",0.06586137498379685,executed,2026-09-22T05:44:36.048543+00:00,1.0000000000000013,-5.825024402444142e-17,6.264887547153224e-17,-5.193871692682201e-16,1.0000000000000009,0.9999999999999992,W2,W2/ascending/seed307,37,False,results/stage4_v1/optimization/C_W2_ascending_seed307_i37.npz
results/stage4_v1/density/97483856cc096e97ee423fbed82bf59dad47e446b550516bc41facaef7cf0e72.npz,39d031e1e1ae9a40ef01bfab3c9e185d78a82d207d182bd53377a2a2c884a3c0,0.3,0.4625,6,0.01,b3790908e93a33d6c7f6fb0e3633253e10af070cb0ff91c84cdba3d8ef85f8c2,-3.686861909077571,0.28747400699635994,0.2250798171851774,0.05537067580248568,0.5566065353056895,192,"[24, 24, 24, 24, 24, 24, 24, 24]",0.1319669160002377,executed,2026-09-22T05:44:36.181152+00:00,0.9999999999999996,8.117963766485214e-18,1.9592586230626274e-17,0.00010828642674420201,0.22522855794298335,0.05906063410013222,W2,W2/ascending/seed307,37,False,results/stage4_v1/optimization/C_W2_ascending_seed307_i37.npz
results/stage4_v1/density/d4bccea0e3d8a9b90617bd915e8043cdf79aec2e15cbd5f8b0678666c28d2ce6.npz,efef8843113ae1dd4cdf21e8e29cfa3afe70198f5b136e2e8302b70b8a95c45f,0.3,0.4625,6,0.05,b3790908e93a33d6c7f6fb0e3633253e10af070cb0ff91c84cdba3d8ef85f8c2,-0.34654672301409073,0.02638578654337944,0.005919690341278934,6.235360672300012e-05,0.04955889710466144,192,"[24, 24, 24, 24, 24, 24, 24, 24]",0.1302529999811668,executed,2026-09-22T05:44:36.311840+00:00,0.9999999999999934,9.083581326355117e-18,8.605854744103691e-19,0.002916858411363133,0.005943509591826639,0.003968360037946738,W2,W2/ascending/seed307,37,False,results/stage4_v1/optimization/C_W2_ascending_seed307_i37.npz
results/stage4_v1/density/17d37c5af1eb19890bf10c9f95de7a52a0ceb83c5c2653616c2e99b881cc5ed2.npz,a7bb1186334ca3b0dae0ae3af05387b805854f72efdfb9c1c5aac6f7fbb0e41f,0.3,0.475,6,0,64832cb8a281e06e8bb238e5667f8da27e4b0448db7569ee6d1a9ef1a07fb306,-6.393603606079383,0.5351514303764969,0.9999976052590573,1.0,0.9960937499999998,192,"[24, 24, 24, 24, 24, 24, 24, 24]",0.06413962499937043,executed,2026-09-22T05:44:36.376409+00:00,1.0000000000000013,-1.0826330439507158e-16,7.225993970782545e-17,-5.975083313943935e-16,1.0000000000000007,1.0,W2,W2/ascending/seed307,38,False,results/stage4_v1/optimization/C_W2_ascending_seed307_i38.npz
results/stage4_v1/density/f7beabf032ece4ad67b863a6847d96d9656dbea339d9f75c25fedb6c40899a85.npz,97c39520d0be94f0c3fd7764aa237b494792e428799feb9a839285d17b253ca4,0.3,0.475,6,0.01,64832cb8a281e06e8bb238e5667f8da27e4b0448db7569ee6d1a9ef1a07fb306,-3.7253154272458446,0.30086552098356695,0.22688783263899154,0.05622798492183418,0.5597561160876272,192,"[24, 24, 24, 24, 24, 24, 24, 24]",0.1324865829956252,executed,2026-09-22T05:44:36.509316+00:00,0.9999999999999988,2.4350503167666626e-17,1.7681472719903613e-17,0.0001035900160391823,0.227029890319422,0.059914594355733264,W2,W2/ascending/seed307,38,False,results/stage4_v1/optimization/C_W2_ascending_seed307_i38.npz
results/stage4_v1/density/4e3da12b7a6d2dc041fd2128a8bb8949e2f34b1e26277eaea8770dd1de979956.npz,2eedcf2476a59858df9c17c4294dd84db5b69de88590694dcae715275e4d1772,0.3,0.475,6,0.05,64832cb8a281e06e8bb238e5667f8da27e4b0448db7569ee6d1a9ef1a07fb306,-0.35420679352480655,0.027710855223203087,0.005978836610196039,6.496733122122765e-05,0.05056691496837386,192,"[24, 24, 24, 24, 24, 24, 24, 24]",0.13443800000823103,executed,2026-09-22T05:44:36.644254+00:00,0.9999999999999929,9.351243737687476e-18,1.1248597539537109e-18,0.0028979743832376064,0.0060014421603702146,0.003970963552583645,W2,W2/ascending/seed307,38,False,results/stage4_v1/optimization/C_W2_ascending_seed307_i38.npz
results/stage4_v1/density/93adda780becd8a2fffdb69319f5e8f4ce7589c82d8abc30de27f33cc73ce3d4.npz,973a53bc3162393321df6834a8d897f42b9df31386d661626b6a2bbe75b1577f,0.3,0.4875,6,0,0e06ffaa1d35360673c1e84861bcf9a984f24f4a002ae6abe4d29828fa5e49a7,-6.448281072176854,0.5581724829086161,0.9999983921947566,1.0000000000000027,0.9960937500000009,192,"[24, 24, 24, 24, 24, 24, 24, 24]",0.06515562499407679,executed,2026-09-22T05:44:36.709872+00:00,1.0000000000000018,-7.613809756279455e-17,7.979727989493313e-17,-8.846976599711248e-16,1.0000000000000016,1.0000000000000027,W2,W2/ascending/seed307,39,False,results/stage4_v1/optimization/C_W2_ascending_seed307_i39.npz
results/stage4_v1/density/7771d144c88e8e1eaad650508b749d1e614d4b563e1cc57ce2a911f5e7723889.npz,9d3fc346db3fb49d8c438ec69938286a0731c393f47490aaadfeeee4f84fd1b8,0.3,0.4875,6,0.01,0e06ffaa1d35360673c1e84861bcf9a984f24f4a002ae6abe4d29828fa5e49a7,-3.7634057978452757,0.31373600480983765,0.22865666591904432,0.05707191096184667,0.56272094121565,192,"[24, 24, 24, 24, 24, 24, 24, 24]",0.1312874169962015,executed,2026-09-22T05:44:36.841904+00:00,1.0000000000000002,-6.250764337557835e-17,2.4296351409868384e-17,9.939384164670285e-05,0.2287900758634927,0.060755223809651954,W2,W2/ascending/seed307,39,False,results/stage4_v1/optimization/C_W2_ascending_seed307_i39.npz
results/stage4_v1/density/0cdff64698adb3d61f5e05161b040dc921c6b7e5bacea8e5332cf8b4e3883d33.npz,ca2ba9b97fde4ae1674dd92b65ea962641ef4ef653a27b76a1ec57065a0c1d5d,0.3,0.4875,6,0.05,0e06ffaa1d35360673c1e84861bcf9a984f24f4a002ae6abe4d29828fa5e49a7,-0.36164670591485526,0.029010667430517514,0.006037123220737725,6.753074535801057e-05,0.05153052319940814,192,"[24, 24, 24, 24, 24, 24, 24, 24]",0.1317170420079492,executed,2026-09-22T05:44:36.974068+00:00,0.9999999999999933,-1.6263032587282567e-17,1.1180834903756764e-18,0.002880281456078911,0.006058143105430153,0.003973516953383956,W2,W2/ascending/seed307,39,False,results/stage4_v1/optimization/C_W2_ascending_seed307_i39.npz
results/stage4_v1/density/3b25f45c44fc1824b0b0ebb148ecf367de458cc4226b419d81bb6224cbb1010f.npz,5e8628704a6f88ebf2fa3cc8ddedec1a88ee387b71a1cb47abc225707e358078,0.3,0.5,6,0,231c458ee77d6e9bd4689d9ab165e4632c52ecbf5d3cf4a81cffed7543a449ea,-6.505189628672078,0.5797414558325505,0.9999990661485186,1.0000000000000004,0.99609375,192,"[24, 24, 24, 24, 24, 24, 24, 24]",0.0647689160250593,executed,2026-09-22T05:44:37.039253+00:00,0.9999999999999997,-1.4195848679508447e-17,5.632010259453422e-17,-9.836096822309368e-16,0.9999999999999992,1.0000000000000004,W2,W2/ascending/seed307,40,False,results/stage4_v1/optimization/C_W2_ascending_seed307_i40.npz
results/stage4_v1/density/19b3833c1b1953534df595c0c0f3d19447c86a40927751f49d9e3d178df88df3.npz,c1b82d8cee7db3e3242677e2f97203a140ee7e98085a20f92286f89012bc58a1,0.3,0.5,6,0.01,231c458ee77d6e9bd4689d9ab165e4632c52ecbf5d3cf4a81cffed7543a449ea,-3.799053620478241,0.3257376561988757,0.23019004257523668,0.057803664410417115,0.5652622915050929,192,"[24, 24, 24, 24, 24, 24, 24, 24]",0.13330575000145473,executed,2026-09-22T05:44:37.173188+00:00,0.9999999999999992,-6.911788849595091e-18,1.3010426069826053e-17,9.60428829603962e-05,0.2303113237781576,0.061484118846313926,W2,W2/ascending/seed307,40,False,results/stage4_v1/optimization/C_W2_ascending_seed307_i40.npz
results/stage4_v1/density/c567f492bb78f2baa03c129731296ef7b46ebeaf7fb527110353112f9ea4c02b.npz,d666e9e79ff111d49133ca77486be3d216a5656e273cbf1f99b8b56a643bdc94,0.3,0.5,6,0.05,231c458ee77d6e9bd4689d9ab165e4632c52ecbf5d3cf4a81cffed7543a449ea,-0.3678992605698803,0.03017626257024255,0.006086592351262059,6.964405709553557e-05,0.05230688392579887,192,"[24, 24, 24, 24, 24, 24, 24, 24]",0.13347408300614916,executed,2026-09-22T05:44:37.307084+00:00,0.9999999999999929,-2.4655435028678174e-17,1.5856456772600502e-18,0.0028661754437436294,0.006105503372584873,0.003975622009997506,W2,W2/ascending/seed307,40,False,results/stage4_v1/optimization/C_W2_ascending_seed307_i40.npz
results/stage4_v1/density/eb240fd97228880313b3d42da9c9630598e950bf2f41cf1b586b8731a360a8d4.npz,a5531f32f09b4fdf0d015448dcb30d23bb6c1076734a75beff5a37bbba1888f6,0.3,0.5125,6,0,ca6392cd2b98060bde482dc58b5949283e865cdd6c52eba362d3657547741a4b,-6.5641761388177375,0.599719727126401,0.9999995547110165,1.0000000000000016,0.9960937500000004,192,"[24, 24, 24, 24, 24, 24, 24, 24]",0.06471504201181233,executed,2026-09-22T05:44:37.372271+00:00,1.0,1.0416387668859758e-17,5.444379262168902e-17,-4.178532438387323e-16,1.000000000000001,1.0000000000000016,W2,W2/ascending/seed307,41,False,results/stage4_v1/optimization/C_W2_ascending_seed307_i41.npz
results/stage4_v1/density/594511ebc5471c823ad025ae52404de4129b6857b24abe6cf7d32b764f7f41b9.npz,665da7d6445ff3a3f7a2317dbefe268d70448786c8cc171d564f9f23fe85c5db,0.3,0.5125,6,0.01,ca6392cd2b98060bde482dc58b5949283e865cdd6c52eba362d3657547741a4b,-3.832118258371996,0.33697892402665813,0.23153954428351714,0.05844618127179529,0.5674510455788121,192,"[24, 24, 24, 24, 24, 24, 24, 24]",0.1316472500038799,executed,2026-09-22T05:44:37.504337+00:00,0.9999999999999982,-2.068793270373903e-17,1.1254963792944284e-17,9.312318442014862e-05,0.23164784335037547,0.062124125876202335,W2,W2/ascending/seed307,41,False,results/stage4_v1/optimization/C_W2_ascending_seed307_i41.npz
results/stage4_v1/density/3370580d1c5bcf0097ff29fc50b36679a649dec775718375e044624f30cf4453.npz,3fcf5a54697498bdc445342983dc0c8fed1bf45af5d0a2ac77c876d4f2e695ba,0.3,0.5125,6,0.05,ca6392cd2b98060bde482dc58b5949283e865cdd6c52eba362d3657547741a4b,-0.3729627248555063,0.031284068257536005,0.006129067589651,7.144240769777118e-05,0.05295516933943388,192,"[24, 24, 24, 24, 24, 24, 24, 24]",0.13217225001426414,executed,2026-09-22T05:44:37.637347+00:00,0.999999999999992,1.7259143333253624e-17,1.1993986533120893e-18,0.0028537101417697498,0.00614641571886137,0.003977413335792702,W2,W2/ascending/seed307,41,False,results/stage4_v1/optimization/C_W2_ascending_seed307_i41.npz
results/stage4_v1/density/01928871c878c5a0ce117fa4a638a21b25d3c4119febc62199e8a31d6e835ba0.npz,4eddcd030bae464474ed8325a8677027ebe7bbe2a5a791a75d578ed30b04ffd0,0.3,0.525,6,0,49d7c01f9bda717308ad1c4328f49e10d431b38d1682f50162e7e6199213c6ad,-6.625079298695959,0.6180737769490989,0.9999998923877726,0.9999999999999946,0.9960937499999983,192,"[24, 24, 24, 24, 24, 24, 24, 24]",0.06554833299014717,executed,2026-09-22T05:44:37.703526+00:00,0.9999999999999974,-1.2816032008431191e-17,7.026466603654814e-17,-3.88819410849528e-16,0.9999999999999978,0.9999999999999946,W2,W2/ascending/seed307,42,False,results/stage4_v1/optimization/C_W2_ascending_seed307_i42.npz
results/stage4_v1/density/e3528892a3517dfc1f41d8802a96f4a3b357fe3eb201d21c9dc99c95e30dd049.npz,1c548cb8bf62eb2177cf9818788870b0a07e8903e01ab083fae2cb8c19a6a4e8,0.3,0.525,6,0.01,49d7c01f9bda717308ad1c4328f49e10d431b38d1682f50162e7e6199213c6ad,-3.8631825519744813,0.34752145611287066,0.23278247748314537,0.05904060663136655,0.5693764296240433,192,"[24, 24, 24, 24, 24, 24, 24, 24]",0.13009704102296382,executed,2026-09-22T05:44:37.834231+00:00,0.9999999999999962,8.51098705401121e-18,1.3900031066759333e-17,9.060851911536506e-05,0.23287935602867166,0.06271622926171277,W2,W2/ascending/seed307,42,False,results/stage4_v1/optimization/C_W2_ascending_seed307_i42.npz
results/stage4_v1/density/a9845206d87d06fb32bbca058739cafe960fbbc9560bed033437eaa28f3c8f0c.npz,4e47b45e16245db444399f253b8662f8c5faff5856f7029c93a48f163d0c2e89,0.3,0.525,6,0.05,49d7c01f9bda717308ad1c4328f49e10d431b38d1682f50162e7e6199213c6ad,-0.3772678998736656,0.032360917503104505,0.006168151912832558,7.310494006317532e-05,0.05354171539921445,192,"[24, 24, 24, 24, 24, 24, 24, 24]",0.12968729101703502,executed,2026-09-22T05:44:37.964536+00:00,0.9999999999999896,4.038314279329602e-17,1.3688052427629493e-18,0.0028420658314751717,0.006184630877430352,0.0039790693738910535,W2,W2/ascending/seed307,42,False,results/stage4_v1/optimization/C_W2_ascending_seed307_i42.npz
results/stage4_v1/density/0eefff25dd6dec0fb55cf244e82679ede0afaec59541660a71ff4c5e4339a0d5.npz,252c4b95e2c19a5ea6200f1feada3edf9541a36673f595f9e6d96f0ca37cbbfb,0.3,0.5375,6,0,2a90f36b2a103e10e910e312602ba0118d7165cc6b33baa66554ef448845e874,-6.687738370715675,0.634845778923288,0.9999999540442757,0.9999999999999949,0.9960937499999987,192,"[24, 24, 24, 24, 24, 24, 24, 24]",0.06549874998745508,executed,2026-09-22T05:44:38.030673+00:00,0.9999999999999984,2.134946543554464e-18,7.254924882617239e-17,-4.776721022026903e-16,0.9999999999999988,0.9999999999999949,W2,W2/ascending/seed307,43,False,results/stage4_v1/optimization/C_W2_ascending_seed307_i43.npz
results/stage4_v1/density/dacbc6469ce245fa87cf2fe43142a836c3edc56160db42674b230a468bf1f450.npz,211daeb2f5ee4a3729824802f67e9a647096c3e9939a9a6a744e91a557e43511,0.3,0.5375,6,0.01,2a90f36b2a103e10e910e312602ba0118d7165cc6b33baa66554ef448845e874,-3.890212499810946,0.3570447684022998,0.2336948290532878,0.059472020942183915,0.5706979538776484,192,"[24, 24, 24, 24, 24, 24, 24, 24]",0.13251145798130892,executed,2026-09-22T05:44:38.163616+00:00,0.9999999999999962,-3.749306637726435e-17,1.5615899048024215e-17,8.861505316360117e-05,0.23378465533648085,0.0631459583603785,W2,W2/ascending/seed307,43,False,results/stage4_v1/optimization/C_W2_ascending_seed307_i43.npz
results/stage4_v1/density/13c3d84bef6b3a60c455405f3509a469341c50ee7beebe5d7cd72c88a4aa4171.npz,57cd220dca6e0075e1ec29ef06d99b12e0601d36c3d9da46ff9aeb3b6d6a18e3,0.3,0.5375,6,0.05,2a90f36b2a103e10e910e312602ba0118d7165cc6b33baa66554ef448845e874,-0.37979409723071356,0.03330972720499539,0.006195046522446422,7.423366857032548e-05,0.05392844486769954,192,"[24, 24, 24, 24, 24, 24, 24, 24]",0.1303271669894457,executed,2026-09-22T05:44:38.294389+00:00,0.9999999999999898,3.0984465210562306e-17,1.1248597539537109e-18,0.0028330109854191056,0.006211625070747604,0.003980193693302473,W2,W2/ascending/seed307,43,False,results/stage4_v1/optimization/C_W2_ascending_seed307_i43.npz
results/stage4_v1/density/c486f4473f4d659c16a153d5b7273e42cbfbbf5e9db8bd119b3b790328a10343.npz,21cdaacf3c9731fdbe0c61c714629094e10daeb73b850ac2596b677c8191badf,0.3,0.55,6,0,b6d01b2aebb9f8e69f5d303c66a8744f8406df99bc386d8f0d1589069ef5e1d6,-6.75199899382652,0.6501296892609041,0.9999991923733151,0.9999999999999964,0.9960937499999991,192,"[24, 24, 24, 24, 24, 24, 24, 24]",0.0637879999994766,executed,2026-09-22T05:44:38.358795+00:00,0.9999999999999991,-4.309280119156253e-17,5.898059818321144e-17,-5.714255186211219e-16,0.9999999999999993,0.9999999999999964,W2,W2/ascending/seed307,44,False,results/stage4_v1/optimization/C_W2_ascending_seed307_i44.npz
results/stage4_v1/density/1362ea3ec0ea685a23f02260976cdb8f9d3de7db4451ee4433f0d60be74a036a.npz,118f04dfeb6acc3b109b781de5d7fe839d397c1048035f42ac49ae3acce7bf42,0.3,0.55,6,0.01,b6d01b2aebb9f8e69f5d303c66a8744f8406df99bc386d8f0d1589069ef5e1d6,-3.9280435722475495,0.36713566366514083,0.23499354848660098,0.060130657396068446,0.5728558862212545,192,"[24, 24, 24, 24, 24, 24, 24, 24]",0.13175758300349116,executed,2026-09-22T05:44:38.491174+00:00,0.9999999999999971,-1.8539857149502126e-17,1.6964906037326847e-17,8.582332866011146e-05,0.23509380003707642,0.06380202201561505,W2,W2/ascending/seed307,44,False,results/stage4_v1/optimization/C_W2_ascending_seed307_i44.npz
results/stage4_v1/density/18d3d50064b7ca1a81013fbbbb8609175d1cb00ba948b6dde30317c421287360.npz,52fa5fbb59aea3e8823e4a382fd35486e510b5279b4eb2ff7a8cea8009dd9112,0.3,0.55,6,0.05,b6d01b2aebb9f8e69f5d303c66a8744f8406df99bc386d8f0d1589069ef5e1d6,-0.3871859316906856,0.03486996317686013,0.006247901521440246,7.718728816139814e-05,0.05496900372408027,192,"[24, 24, 24, 24, 24, 24, 24, 24]",0.131094790995121,executed,2026-09-22T05:44:38.622693+00:00,0.9999999999999902,-1.4907779871675686e-19,1.0977546996415732e-18,0.002813959600397943,0.006267936343653232,0.003983135775317018,W2,W2/ascending/seed307,44,False,results/stage4_v1/optimization/C_W2_ascending_seed307_i44.npz
results/stage4_v1/density/255f73255a9c83ffcb85793806d63829069a025b9477b253ba8cccd900b16d12.npz,85291325d60fd69aa766c30636f400a232c773ae6d0cdce2a5eaa09d8f7babdc,0.3,0.5625,6,0,2389058a2ead7979c202eb0bfb2c7de3cd2c82c30f6ad0af3df71815787a5f8d,-6.817719931782762,0.6640716362456394,0.9999979104142946,0.9999999999999987,0.9960937500000003,192,"[24, 24, 24, 24, 24, 24, 24, 24]",0.06735387499793433,executed,2026-09-22T05:44:38.690706+00:00,0.9999999999999984,3.8368898444725297e-17,5.869931039739981e-17,-5.975866188400267e-16,0.9999999999999999,0.9999999999999987,W2,W2/ascending/seed307,45,False,results/stage4_v1/optimization/C_W2_ascending_seed307_i45.npz
results/stage4_v1/density/39f0ea7efbfeed5e2161df7ad602adf1ef0f5cacacd05e1f9c5f28244b8ac231.npz,2d17582e1adca3994804fbfe1bbc1afca3351690323b05f47c33e8e9f615d656,0.3,0.5625,6,0.01,2389058a2ead7979c202eb0bfb2c7de3cd2c82c30f6ad0af3df71815787a5f8d,-3.9798315437810614,0.3796075441851603,0.2376447156098866,0.06151615624166169,0.5773855930455414,192,"[24, 24, 24, 24, 24, 24, 24, 24]",0.13107775000389665,executed,2026-09-22T05:44:38.822473+00:00,0.9999999999999969,1.2603850255143989e-17,1.9949319973733282e-17,7.772248761556285e-05,0.2377983715993795,0.0651821087563427,W2,W2/ascending/seed307,45,False,results/stage4_v1/optimization/C_W2_ascending_seed307_i45.npz
results/stage4_v1/density/5ede5a75eab44245a69ae3630e695cf99df1504c5a5c113d04d467d85756040b.npz,4665a1c4021d086808bcb66a3eabcee8f5b5bae35d0dbdb9cadeac2cc941bf78,0.3,0.5625,6,0.05,2389058a2ead7979c202eb0bfb2c7de3cd2c82c30f6ad0af3df71815787a5f8d,-0.4007988111039892,0.037876939328542275,0.006371569622699821,8.445050401576874e-05,0.05741472412493926,192,"[24, 24, 24, 24, 24, 24, 24, 24]",0.13329216701094992,executed,2026-09-22T05:44:38.956521+00:00,0.9999999999999907,-1.9461428996114805e-17,1.5517643593698782e-18,0.0027640889339430293,0.006402866352457352,0.003990370619234457,W2,W2/ascending/seed307,45,False,results/stage4_v1/optimization/C_W2_ascending_seed307_i45.npz
results/stage4_v1/density/979be2849f5b7a479407cc580e45df8a23d1894d714d2962dd4c8a455f3594cc.npz,b760433a4696ebbb627ad757940cb5da30a50376cfa658c7f963e385f90f38f1,0.3,0.575,6,0,00627c38d94b3959d65787aef2def69698f690a02a3a893f5eef96e1ba5c5003,-6.884776470322031,0.6768249224031926,0.9999980866422185,1.0000000000000062,0.9960937500000012,192,"[24, 24, 24, 24, 24, 24, 24, 24]",0.06607608299236745,executed,2026-09-22T05:44:39.023225+00:00,1.0000000000000036,-4.5954502003861183e-17,6.499174840467629e-17,-9.64512793089333e-16,1.0000000000000022,1.0000000000000062,W2,W2/ascending/seed307,46,False,results/stage4_v1/optimization/C_W2_ascending_seed307_i46.npz
results/stage4_v1/density/93383cd468461a9abecd807871f791c02935f2264858c472572e80d8aaa3c046.npz,51db61f81de4892383441ac277f69b2ef326fee6812809ba49b2727b1c384552,0.3,0.575,6,0.01,00627c38d94b3959d65787aef2def69698f690a02a3a893f5eef96e1ba5c5003,-4.019230580123092,0.3930533081872579,0.23998074690036275,0.06277802126310474,0.5812214249555535,192,"[24, 24, 24, 24, 24, 24, 24, 24]",0.13112887501483783,executed,2026-09-22T05:44:39.154919+00:00,1.0000000000000022,2.9205696021328276e-17,1.2218458220672017e-17,6.98615547306888e-05,0.24027645875368786,0.06643904461754574,W2,W2/ascending/seed307,46,False,results/stage4_v1/optimization/C_W2_ascending_seed307_i46.npz
results/stage4_v1/density/03f8d6bdffd34451c3c2a33614a664d39a40bc199e3c20b5d65ec5bc5b356ccd.npz,389da18837b61522c0902c74f72d9a5fc59fbb847c2aa316753f50609d432a23,0.3,0.575,6,0.05,00627c38d94b3959d65787aef2def69698f690a02a3a893f5eef96e1ba5c5003,-0.4092932726605015,0.04155839327951405,0.006492429227184231,9.202086391995308e-05,0.059792524832292596,192,"[24, 24, 24, 24, 24, 24, 24, 24]",0.13198366700089537,executed,2026-09-22T05:44:39.287599+00:00,0.9999999999999956,2.1446874224478885e-17,9.825582188149884e-19,0.0027114704647304795,0.00654753793887128,0.003997911407420266,W2,W2/ascending/seed307,46,False,results/stage4_v1/optimization/C_W2_ascending_seed307_i46.npz
results/stage4_v1/density/d338c8b8995993c84d08b6da233afd75952242c4a476c90d69d76b6443afa7bd.npz,400b7b22b74146654f396781549611e5f66ab577bac69756a10fdfb9dd13271c,0.3,0.5875,6,0,41f025abac28b5b915aa571fb7a859708818e3067a125c96704d2e7d9d6a8066,-6.953049732785958,0.688474197640945,0.9999968969749846,0.9999999999999999,0.9960937500000001,192,"[24, 24, 24, 24, 24, 24, 24, 24]",0.06528500001877546,executed,2026-09-22T05:44:39.353310+00:00,1.0,-5.107651023590794e-17,4.866703255371968e-17,-5.074570043310108e-16,1.0000000000000002,0.9999999999999999,W2,W2/ascending/seed307,47,False,results/stage4_v1/optimization/C_W2_ascending_seed307_i47.npz
results/stage4_v1/density/3d8d51c46648fef2fbadccd2cafa0c8219e73c5858cec121698ca6d80d73aac3.npz,c741e5c109efdb21694679a9c7f5888590e5a9d5c1559f53614f67d0c0c83e7b,0.3,0.5875,6,0.01,41f025abac28b5b915aa571fb7a859708818e3067a125c96704d2e7d9d6a8066,-4.063450287117147,0.40336932559923877,0.2422065943619014,0.0639761423627952,0.5848829849491484,192,"[24, 24, 24, 24, 24, 24, 24, 24]",0.15595079198828898,executed,2026-09-22T05:44:39.509671+00:00,0.9999999999999993,-2.6129272356900657e-17,1.561853346773125e-17,6.570452826879059e-05,0.24256611717208398,0.06763248555669053,W2,W2/ascending/seed307,47,False,results/stage4_v1/optimization/C_W2_ascending_seed307_i47.npz
results/stage4_v1/density/4188847d49d6c5db914c4f53a49374dbf119620ef85f31bb58e26c151f864e75.npz,19546243a06e4021831662a2fe11bd4c15127f50701f9d4a326d84eb18c988dc,0.3,0.5875,6,0.05,41f025abac28b5b915aa571fb7a859708818e3067a125c96704d2e7d9d6a8066,-0.42053317327981854,0.044152427082044615,0.006600989170821376,9.880594698147522e-05,0.0618743542842778,192,"[24, 24, 24, 24, 24, 24, 24, 24]",0.13409716699970886,executed,2026-09-22T05:44:39.644243+00:00,0.9999999999999931,3.1773899917403314e-17,1.0299920638612292e-18,0.0026734631206929184,0.006670197226544783,0.004004669986251079,W2,W2/ascending/seed307,47,False,results/stage4_v1/optimization/C_W2_ascending_seed307_i47.npz
results/stage4_v1/density/ad8d058cba4f5d3d5f65e4c7e6fea1946cde4fb7caa9e0ed5841a4b3c1c2f01d.npz,2d34d130b2f4404d366d73fbbc6ffe6a32d2dff2b4d29b70b2c50dfc8f9c34a9,0.3,0.6,6,0,15b56949b7c94f047800cf8ea07da1098bd64b66e18c7f93772e63f9bacd07f2,-7.022441564108062,0.6991757267320766,0.9999957886761778,1.0000000000000036,0.9960937500000012,192,"[24, 24, 24, 24, 24, 24, 24, 24]",0.06682104198262095,executed,2026-09-22T05:44:39.711921+00:00,1.0000000000000022,4.6578182950836365e-17,7.773903470522051e-17,-5.284334082319894e-16,1.0000000000000027,1.0000000000000036,W2,W2/ascending/seed307,48,False,results/stage4_v1/optimization/C_W2_ascending_seed307_i48.npz
results/stage4_v1/density/65e9e289ab14a6f5fdc2a18c2227162f8c517c4b6008e4a9031c09a8b2f325c1.npz,9d56a5dd780413b92a2855fb0492b8d69fabe2cad899a24e63b4c1450aed0383,0.3,0.6,6,0.01,15b56949b7c94f047800cf8ea07da1098bd64b66e18c7f93772e63f9bacd07f2,-4.08042981510475,0.4070459377370564,0.24065103018494038,0.06320726820626182,0.5825622248508043,192,"[24, 24, 24, 24, 24, 24, 24, 24]",0.14124704099958763,executed,2026-09-22T05:44:39.853891+00:00,1.0000000000000009,7.915522892091437e-18,1.3969625239630852e-17,7.039235494764654e-05,0.24105998362159578,0.06686661481483111,W2,W2/ascending/seed307,48,False,results/stage4_v1/optimization/C_W2_ascending_seed307_i48.npz
results/stage4_v1/density/3052212dea830a0a9f4e5a4f4a89d38a43b6efec8337831c6e0c9a795585432b.npz,c999319eebe14ee29095f9d87c2831eb2a6af008d230d67d6a659d7f2d840a16,0.3,0.6,6,0.05,15b56949b7c94f047800cf8ea07da1098bd64b66e18c7f93772e63f9bacd07f2,-0.41719467314839,0.04451895059436289,0.006541906442922574,9.635999419274087e-05,0.061147926325279114,192,"[24, 24, 24, 24, 24, 24, 24, 24]",0.15044291599770077,executed,2026-09-22T05:44:40.004896+00:00,0.9999999999999942,2.0183524583649096e-17,7.470830594782929e-19,0.0026891395127704855,0.006625575610179639,0.0040022335879654255,W2,W2/ascending/seed307,48,False,results/stage4_v1/optimization/C_W2_ascending_seed307_i48.npz
results/stage4_v1/density/a88112dec9e3ff59c73d7d84ea2d17ed8f1970797e78386da3e1f66906ce2f93.npz,022e6fee5c3ca4b9e1adf753027c8662e10e3e93030eacd6474136dde414c2a2,0.3,0.6125,6,0,a114a30804cac4fae325f71ae1c035d6f89dba6c2b2752c6ad5a82b6cbed1815,-7.09285928195283,0.7090445811498125,0.9999935997812063,0.9999999999999984,0.9960937499999994,192,"[24, 24, 24, 24, 24, 24, 24, 24]",0.06567999999970198,executed,2026-09-22T05:44:40.071274+00:00,0.9999999999999989,2.9783478370474115e-17,5.782158671137419e-17,-5.761177197947524e-16,0.9999999999999984,0.9999999999999984,W2,W2/ascending/seed307,49,False,results/stage4_v1/optimization/C_W2_ascending_seed307_i49.npz
results/stage4_v1/density/b339dacbf8045ad6b3614c5f3de7996576ed107b2c5f1d7c26408131f5939bc4.npz,a56769c736b27eb98295e244a10febb7751e80c6cb76aa510c173bf46015d8ce,0.3,0.6125,6,0.01,a114a30804cac4fae325f71ae1c035d6f89dba6c2b2752c6ad5a82b6cbed1815,-4.1360930836207395,0.4172721398517485,0.24441193832368088,0.0652110076999711,0.5882650703837684,192,"[24, 24, 24, 24, 24, 24, 24, 24]",0.13399383300566114,executed,2026-09-22T05:44:40.205728+00:00,0.9999999999999984,1.1236739078275548e-17,1.5620132720068387e-17,6.384582045945975e-05,0.24490300904565893,0.06886252720114308,W2,W2/ascending/seed307,49,False,results/stage4_v1/optimization/C_W2_ascending_seed307_i49.npz
results/stage4_v1/density/1f1755f48f52b7c2f9b0420e8f7bdc01231f95df27aa875805aceddca8edf826.npz,ec9929917ac1fc91faa3c68b67ddec136172167d4e681f17291e14811eeb03d5,0.3,0.6125,6,0.05,a114a30804cac4fae325f71ae1c035d6f89dba6c2b2752c6ad5a82b6cbed1815,-0.43539466453435216,0.0479586690327193,0.006721067571677066,0.00010799304374710564,0.06460131505356895,192,"[24, 24, 24, 24, 24, 24, 24, 24]",0.1323839999968186,executed,2026-09-22T05:44:40.338666+00:00,0.9999999999999917,-9.019736217955824e-18,7.201897634029689e-19,0.002625726470317709,0.006826561207201727,0.0040138211959199685,W2,W2/ascending/seed307,49,False,results/stage4_v1/optimization/C_W2_ascending_seed307_i49.npz
results/stage4_v1/density/4937632c95eeb209aff177c0d84f49f00763430264bd5f192379fa3c59f65b9d.npz,ec5ebfcb806bcedd03576418228f37884cbebe095b8408a06a0d10f5f57e574e,0.3,0.625,6,0,5ad5b4184c33a9d08a680f2aaa2230ca93a416c90d21907e7f0149a078d343ed,-7.164231677068731,0.7182340156152989,0.9999928259780198,0.9999999999999973,0.99609375,192,"[24, 24, 24, 24, 24, 24, 24, 24]",0.06542616698425263,executed,2026-09-22T05:44:40.404571+00:00,0.9999999999999982,-4.874211390305469e-18,5.991087735560474e-17,-6.774095858332848e-16,0.9999999999999993,0.9999999999999973,W2,W2/ascending/seed307,50,False,results/stage4_v1/optimization/C_W2_ascending_seed307_i50.npz
results/stage4_v1/density/c6a3bba326a7130c13f81fede725e770687858ef844381fabbb0a96154bd40ae.npz,1fb357ec7b18fe0e4db6805b39c65992358f8b7845251fce47b2aae17956b97d,0.3,0.625,6,0.01,5ad5b4184c33a9d08a680f2aaa2230ca93a416c90d21907e7f0149a078d343ed,-4.209489624198413,0.41816237904904,0.24849240732843952,0.06732039299481768,0.5928586022414476,192,"[24, 24, 24, 24, 24, 24, 24, 24]",0.13178125000558794,executed,2026-09-22T05:44:40.536789+00:00,0.9999999999999976,3.2619397617440716e-17,1.2430201776638966e-17,6.125938479695227e-05,0.24899360582567187,0.07096367270968167,W2,W2/ascending/seed307,50,False,results/stage4_v1/optimization/C_W2_ascending_seed307_i50.npz
results/stage4_v1/density/8ce379c2853f35f48174227b887d2ff839552e3da3f86fac832fe1f036344a26.npz,5c7095b6921ca1b5e76031c24534e42853a7d8d0f5820b1d5adba3d37892e7e5,0.3,0.625,6,0.05,5ad5b4184c33a9d08a680f2aaa2230ca93a416c90d21907e7f0149a078d343ed,-0.45923002598552876,0.0483881415051378,0.006894276139084296,0.00011762097780628385,0.06728003473865407,192,"[24, 24, 24, 24, 24, 24, 24, 24]",0.13405716701527126,executed,2026-09-22T05:44:40.671554+00:00,0.9999999999999905,-1.2972441936097618e-17,6.261691062577415e-19,0.002587441013004736,0.007003636291537819,0.004023411520861728,W2,W2/ascending/seed307,50,False,results/stage4_v1/optimization/C_W2_ascending_seed307_i50.npz
results/stage4_v1/density/b0182d70157ae56122ec51c8f99566e30e747145608146f73b3eaa317cff1ef5.npz,df1efd376629f70c3ba486154004cb27eb59672c3731ced3cb000f56659c8255,0.3,0.6375,6,0,79f2d0443037f1439d8a303d69df65d698db6d2b46f83f1a21f3586e65162cc3,-7.2364850861816645,0.726723478276506,0.9999907791216527,0.9999999999999954,0.9960937499999989,192,"[24, 24, 24, 24, 24, 24, 24, 24]",0.06511749999481253,executed,2026-09-22T05:44:40.737135+00:00,0.9999999999999967,-5.432564921223663e-17,4.3246912604274397e-17,-9.068389809587048e-16,0.9999999999999968,0.9999999999999954,W2,W2/ascending/seed307,51,False,results/stage4_v1/optimization/C_W2_ascending_seed307_i51.npz
results/stage4_v1/density/6d17426bbbd6325e79847987f90c0c6f89db840cef3432093f795b9f855a043b.npz,86009dbf8e93ce337a065d329a5edc0f5a694d8ddc9cab571bcc0ba69c037d67,0.3,0.6375,6,0.01,79f2d0443037f1439d8a303d69df65d698db6d2b46f83f1a21f3586e65162cc3,-4.229748416365792,0.4230892715370769,0.2482748185426474,0.06721573474798398,0.5922879167381266,192,"[24, 24, 24, 24, 24, 24, 24, 24]",0.13457041699439287,executed,2026-09-22T05:44:40.872111+00:00,0.9999999999999956,1.433424261343347e-17,1.227216318610058e-17,6.282529051262518e-05,0.24881959641326246,0.07085942328412467,W2,W2/ascending/seed307,51,False,results/stage4_v1/optimization/C_W2_ascending_seed307_i51.npz
results/stage4_v1/density/66e9e0a32df81b334ea780cd91090d45d66f3e17aab3b7db789decda5c36ec20.npz,25dfce53e1b83b8f304fd39ae26681efed7b1eb3069b822ad17a83242aa1616b,0.3,0.6375,6,0.05,79f2d0443037f1439d8a303d69df65d698db6d2b46f83f1a21f3586e65162cc3,-0.4589982182640201,0.049113925804868064,0.006886857600571931,0.00011781370761452204,0.06733649555790677,192,"[24, 24, 24, 24, 24, 24, 24, 24]",0.1334419169870671,executed,2026-09-22T05:44:41.006044+00:00,0.9999999999999893,-1.8986253438872493e-17,5.833277679723951e-19,0.0025811305300686605,0.007002303077588727,0.004023603497819153,W2,W2/ascending/seed307,51,False,results/stage4_v1/optimization/C_W2_ascending_seed307_i51.npz
results/stage4_v1/density/ffe7b6e244e79413761512b1ef39913d77d98731310288e328dcee5e178ed1a9.npz,104c9e79435255a1b9772284f0edcb4659051e71677e04afeba90f6827b0f19f,0.3,0.65,6,0,de58685f24144079c65f3ead45fc3e98e5d47194834056a83c9b21750d900f41,-7.309566310168968,0.7347212956218561,0.9999911131449866,1.0000000000000067,0.9960937500000018,192,"[24, 24, 24, 24, 24, 24, 24, 24]",0.06571091699879616,executed,2026-09-22T05:44:41.072214+00:00,1.0000000000000027,5.338001633596601e-18,3.522172224755356e-17,-5.226692168011254e-16,1.0000000000000029,1.0000000000000067,W2,W2/ascending/seed307,52,False,results/stage4_v1/optimization/C_W2_ascending_seed307_i52.npz
results/stage4_v1/density/7895d82330d0ea9c5925454bbc8e1e34de2fdbf435c6d49c4d81e12b7cdfccf6.npz,d9abb4529a1657992afc251a7ec1ff4bbecc443af41fc2509b1f931b0e4c3c9b,0.3,0.65,6,0.01,de58685f24144079c65f3ead45fc3e98e5d47194834056a83c9b21750d900f41,-4.105412158800325,0.4138715496017982,0.2411769028277435,0.06319257742417511,0.5744958612952105,192,"[24, 24, 24, 24, 24, 24, 24, 24]",0.13265945800230838,executed,2026-09-22T05:44:41.205557+00:00,1.0000000000000013,-2.4204813500738886e-17,1.2266347333466993e-17,0.00010826707344860864,0.24171504377388447,0.06685198141861193,W2,W2/ascending/seed307,52,False,results/stage4_v1/optimization/C_W2_ascending_seed307_i52.npz
results/stage4_v1/density/9aa2668073a79cb648ef01143cb2b812ec946d008411742b25ae3507afdd633c.npz,89aed773ca7b2bc393150f988634c605097f7656ebc0261c06a621ef8e02d05e,0.3,0.65,6,0.05,de58685f24144079c65f3ead45fc3e98e5d47194834056a83c9b21750d900f41,-0.4000638724667871,0.04374765623107171,0.006473061139571409,9.003678512809748e-05,0.05895550971956143,192,"[24, 24, 24, 24, 24, 24, 24, 24]",0.13373462497838773,executed,2026-09-22T05:44:41.339762+00:00,0.9999999999999948,-2.739643364599309e-17,7.115076756936123e-19,0.0027231308842279424,0.00657348050878267,0.003995935078936191,W2,W2/ascending/seed307,52,False,results/stage4_v1/optimization/C_W2_ascending_seed307_i52.npz
results/stage4_v1/density/b53328c2c585b46e9c9387f24ffc2501dab747af0e2dd389b496e88c26ae2862.npz,592adf16d19386b918b19749257f64a6dd66207a26150ddd25dd40582b4010aa,0.3,0.65,6,0,4defbf1841987974ae4e02b0ca7ba8e830b9dd3f09248bc5c54eee535678007e,-7.309519722509351,0.7351771521136836,0.999983955572055,1.0000000000000013,0.996093750000001,192,"[24, 24, 24, 24, 24, 24, 24, 24]",0.06461266698897816,executed,2026-09-22T05:44:46.294147+00:00,1.0000000000000004,-2.9676646340001667e-17,2.749772692829224e-17,-5.723592477398998e-16,1.0000000000000022,1.0000000000000013,W2,W2/descending/seed307,52,False,results/stage4_v1/optimization/C_W2_descending_seed307_i52.npz
results/stage4_v1/density/98584e455af74644e920819df805b3ec1d73c3c6366a7928521d31b66085c579.npz,f2d7e97d89e5466c49038e373a48156ca92ac1695693d8a154f7d4c404f148f1,0.3,0.65,6,0.01,4defbf1841987974ae4e02b0ca7ba8e830b9dd3f09248bc5c54eee535678007e,-3.511133605821898,0.3762421984527997,0.21036487536889414,0.04836419157164743,0.5220124574229836,192,"[24, 24, 24, 24, 24, 24, 24, 24]",0.13242658297531307,executed,2026-09-22T05:44:46.427009+00:00,0.9999999999999994,-7.535205098774256e-18,6.314488766312915e-18,0.00027748537036734774,0.21090049004866362,0.052081518948320686,W2,W2/descending/seed307,52,False,results/stage4_v1/optimization/C_W2_descending_seed307_i52.npz
results/stage4_v1/density/18569d6550b507b0941ae525e01f9b9164093f90d391cadc4c91dbd62ccc4a68.npz,1c523d72124d1ca6f6375a8699de02c7ad715a25d685e0fa313ebadfa6a4674c,0.3,0.65,6,0.05,4defbf1841987974ae4e02b0ca7ba8e830b9dd3f09248bc5c54eee535678007e,-0.1907544793132574,0.024181673842912157,0.005288519850256029,2.5847049861942437e-05,0.031642172339368266,192,"[24, 24, 24, 24, 24, 24, 24, 24]",0.1316965000005439,executed,2026-09-22T05:44:46.559149+00:00,0.9999999999999931,-2.337810934421869e-18,4.58588362479686e-19,0.003272574671913571,0.005341959915247104,0.003931996084823419,W2,W2/descending/seed307,52,False,results/stage4_v1/optimization/C_W2_descending_seed307_i52.npz
results/stage4_v1/density/7707d1d8c4ffc54c55b98fde2bdffd60b73f8ea326cf67f2f72f2dacfa73d3db.npz,c1fd326eadc3865d36df97e43c1aba67ac6ef79cffbf0e5ffb61436e94a66a25,0.3,0.6375,6,0,9840cb509af5fc3ef8e6b96e1d276eef4b3a378eb051dcdbe8c288173f62ad97,-7.236396359807051,0.7275714434199523,0.999969417021997,0.9999999999999958,0.9960937499999987,192,"[24, 24, 24, 24, 24, 24, 24, 24]",0.06557470801635645,executed,2026-09-22T05:44:46.625424+00:00,0.9999999999999974,-2.4557179206796675e-17,3.508261114975577e-17,-4.545214572957892e-16,0.9999999999999971,0.9999999999999958,W2,W2/descending/seed307,51,False,results/stage4_v1/optimization/C_W2_descending_seed307_i51.npz
results/stage4_v1/density/6f774d059ec120dc6fbe419a5f9798f658cac257426e9ebf93169519c088d547.npz,f44697dda422e7c4637a35e126455807e0a1d1405c1cfaf83ba600df8df2eca6,0.3,0.6375,6,0.01,9840cb509af5fc3ef8e6b96e1d276eef4b3a378eb051dcdbe8c288173f62ad97,-3.3421613836286648,0.3578532808896999,0.20551308070444763,0.04601076368709478,0.5094057938207625,192,"[24, 24, 24, 24, 24, 24, 24, 24]",0.13215870902058668,executed,2026-09-22T05:44:46.758188+00:00,0.9999999999999962,1.5178830414797062e-17,5.918592033119377e-18,0.00037561990404405343,0.20605993806520503,0.049737284141442066,W2,W2/descending/seed307,51,False,results/stage4_v1/optimization/C_W2_descending_seed307_i51.npz
results/stage4_v1/density/07efb997fde91a6ade6c8ce4db0733bb2b51f96cf1c14ed1c7584a17e913412e.npz,3fd42aa60cb2e17f069bbd05562eb37e71b6cb2729c193fc15f9ea1368352196,0.3,0.6375,6,0.05,9840cb509af5fc3ef8e6b96e1d276eef4b3a378eb051dcdbe8c288173f62ad97,-0.15913612739418875,0.02008676125320465,0.005100654471016803,1.869166722161095e-05,0.026872044676321503,192,"[24, 24, 24, 24, 24, 24, 24, 24]",0.13193808301002719,executed,2026-09-22T05:44:46.890557+00:00,0.9999999999999897,2.947674656444965e-18,4.355825238257497e-19,0.003378689932491636,0.005149688997086836,0.0039248686528965265,W2,W2/descending/seed307,51,False,results/stage4_v1/optimization/C_W2_descending_seed307_i51.npz
results/stage4_v1/density/cb1657de6c06b50fd4130c30053627cd6f354637b28695344eed72c1a5bd6f1c.npz,357e4e8d1f5f80ffed1b16e782d379df2b11dc2a3f834941144840eb8c888fb0,0.3,0.625,6,0,5895b5670b9989823a4fb408fa701c181f96bdea6c88a29e52c478e4f9a0506c,-7.164018860583607,0.7199483628139254,0.9999023366514337,0.9999999999999956,0.9960937499999991,192,"[24, 24, 24, 24, 24, 24, 24, 24]",0.06591337500140071,executed,2026-09-22T05:44:46.956923+00:00,0.9999999999999972,-2.4340338772299575e-17,3.622208959480119e-17,-4.364555114342243e-16,0.9999999999999976,0.9999999999999956,W2,W2/descending/seed307,50,False,results/stage4_v1/optimization/C_W2_descending_seed307_i50.npz
results/stage4_v1/density/89f72983038ca7ddca83de03a8ebb5bf53706a5b20751f2f17b6044571410c73.npz,da4b886aba4eb745a7e63c0c57119b6510c528ed7393764ac5d663da844d6690,0.3,0.625,6,0.01,5895b5670b9989823a4fb408fa701c181f96bdea6c88a29e52c478e4f9a0506c,-3.276345074296003,0.3515771635945396,0.20531881009715314,0.045876922119238515,0.5077520219756617,192,"[24, 24, 24, 24, 24, 24, 24, 24]",0.13182808298734017,executed,2026-09-22T05:44:47.089395+00:00,0.9999999999999959,1.8648277366750676e-17,6.938893903907228e-18,0.00039429410378253894,0.205904486564955,0.04960396539221024,W2,W2/descending/seed307,50,False,results/stage4_v1/optimization/C_W2_descending_seed307_i50.npz
results/stage4_v1/density/6d475e92295b4b76523be8af465ef05e7db30c7c48715a4a385dc0f9e50ffd1f.npz,0096c6ee7c28242d29b71e131beafc66039e4fb6e3df00cde9cb1cf469661380,0.3,0.625,6,0.05,5895b5670b9989823a4fb408fa701c181f96bdea6c88a29e52c478e4f9a0506c,-0.15186567888362207,0.019366802204586496,0.005080205480571051,1.7779164571955093e-05,0.02618160610554085,192,"[24, 24, 24, 24, 24, 24, 24, 24]",0.13215137500083074,executed,2026-09-22T05:44:47.221985+00:00,0.9999999999999889,1.3613513528271115e-17,4.355825238257497e-19,0.003396120919215664,0.005129845714551091,0.003923959714710346,W2,W2/descending/seed307,50,False,results/stage4_v1/optimization/C_W2_descending_seed307_i50.npz
results/stage4_v1/density/b4f61f9c354236d176c41c3f70f24e11b8849921b6b05f3b694ccfb63ae78581.npz,9bf86c6a8795571b98005f70727a72ae774a337edb7580687858c536a2a926f5,0.3,0.6125,6,0,d9af02d40b825a86ae6a3823116d585ef72a5eb1db33d8eaf349f2b9eadfbff8,-7.092412674996879,0.7121390903675481,0.9997316227026141,1.0000000000000036,0.9960937500000008,192,"[24, 24, 24, 24, 24, 24, 24, 24]",0.06516145801288076,executed,2026-09-22T05:44:47.287614+00:00,1.000000000000002,-3.4423418976414766e-18,2.649449389093963e-17,-6.411458085423136e-16,1.0000000000000018,1.0000000000000036,W2,W2/descending/seed307,49,False,results/stage4_v1/optimization/C_W2_descending_seed307_i49.npz
results/stage4_v1/density/325fdd3c19ee2010d84b5467502c36e2c2d5644693f07ee9fd601c2c5066d7a9.npz,b8bf58b96eede78784ca5cc6ffda29b3d48e489ac9a0768e796294fdcce7d76f,0.3,0.6125,6,0.01,d9af02d40b825a86ae6a3823116d585ef72a5eb1db33d8eaf349f2b9eadfbff8,-3.214727075657544,0.3457077641438346,0.20501764934246341,0.04572046454894322,0.5061461673003198,192,"[24, 24, 24, 24, 24, 24, 24, 24]",0.13157174998195842,executed,2026-09-22T05:44:47.419602+00:00,1.0,7.589415207398531e-19,5.4867486113871464e-18,0.0004099041460152043,0.20566855171317744,0.04944811898429891,W2,W2/descending/seed307,49,False,results/stage4_v1/optimization/C_W2_descending_seed307_i49.npz
results/stage4_v1/density/92095210c3d0b4abc1ec66b787f9097872fcdbe07c8510201dbf8ec6b4374159.npz,b10fa5ba84ac18f2c06dbe8409a3b4eee63f12a68e1b3f135dbc3e3f360e01a3,0.3,0.6125,6,0.05,d9af02d40b825a86ae6a3823116d585ef72a5eb1db33d8eaf349f2b9eadfbff8,-0.1455087744860663,0.018754732662797948,0.005061721722698161,1.7042745068644484e-05,0.02561287773618178,192,"[24, 24, 24, 24, 24, 24, 24, 24]",0.13573574999463744,executed,2026-09-22T05:44:47.555826+00:00,0.9999999999999927,-7.365798509323396e-18,4.345270763724971e-19,0.0034099294806144,0.00511221390514905,0.00392322617184572,W2,W2/descending/seed307,49,False,results/stage4_v1/optimization/C_W2_descending_seed307_i49.npz
results/stage4_v1/density/246a5c8e3157382f5266563b624779dfe2140de3d401a18245aeb49f558e31d2.npz,f5deb0c62ab4553af5f2b34e17591af24edd4db415a2688d02b20f74d8d10956,0.3,0.6,6,0,4d36d070fd5dbba1b614d1153973a7aabebe7be97d42e94c12766a42ccfaef43,-7.021599597537834,0.7040832210989549,0.9993923159661874,0.9999999999999998,0.9960937499999994,192,"[24, 24, 24, 24, 24, 24, 24, 24]",0.06556983399786986,executed,2026-09-22T05:44:47.622081+00:00,1.0,-1.9834123492906697e-17,2.9125311042586236e-17,-4.582673813958459e-16,0.999999999999999,0.9999999999999998,W2,W2/descending/seed307,48,True,results/stage4_v1/optimization/C_W2_descending_seed307_i48.npz
results/stage4_v1/density/41ee055b0bbf6eff2d5f10e861b25505510acf6daeb202a1ae279da1563d5956.npz,07ff7d8174321eb2a1377f1bf05c2b14a348d660b37bdb0e4fe691d3eb077cb2,0.3,0.6,6,0.01,4d36d070fd5dbba1b614d1153973a7aabebe7be97d42e94c12766a42ccfaef43,-3.1556892104842063,0.339993501332556,0.20467005968631016,0.04556775427649957,0.5046213352969293,192,"[24, 24, 24, 24, 24, 24, 24, 24]",0.1299546249792911,executed,2026-09-22T05:44:47.752502+00:00,0.9999999999999984,5.149960319306146e-19,5.907658358090261e-18,0.0004245214779166034,0.2054265004064632,0.04929600523635699,W2,W2/descending/seed307,48,True,results/stage4_v1/optimization/C_W2_descending_seed307_i48.npz
results/stage4_v1/density/4fb6c6105261f7006d271b3107a49dca415c1138e283048637d86697e5024ef5.npz,965c5d428be4bf721c06a0fcd742a59989411b85d05c2e67ec7cfde584372925,0.3,0.6,6,0.05,4d36d070fd5dbba1b614d1153973a7aabebe7be97d42e94c12766a42ccfaef43,-0.13965971097052288,0.018186324746067163,0.005044507617196619,1.6388478858175195e-05,0.02509766615161582,192,"[24, 24, 24, 24, 24, 24, 24, 24]",0.13601162499981,executed,2026-09-22T05:44:47.888959+00:00,0.9999999999999918,-9.439335164201923e-18,4.345270763724971e-19,0.003422383406488248,0.005095904558265236,0.0039225744613626354,W2,W2/descending/seed307,48,True,results/stage4_v1/optimization/C_W2_descending_seed307_i48.npz
results/stage4_v1/density/fa8345f7708fc4ae23581caffccbd964441d9b93f496f4ad0bdef9f449a37e2c.npz,617844079f345433878954db2ba0d12142b88519a5a1f889696f85092759fee1,0.3,0.5875,6,0,08240a418e533c9a15e93726cbf8ca75769bc9b73436dd63068113c6ac2c7789,-6.951605171783804,0.6957608428198794,0.9988012463305371,0.9999999999999978,0.9960937499999992,192,"[24, 24, 24, 24, 24, 24, 24, 24]",0.06383316600113176,executed,2026-09-22T05:44:47.953412+00:00,0.9999999999999991,1.3034142992349174e-17,3.0124435908989334e-17,-5.813811740512508e-16,0.999999999999999,0.9999999999999978,W2,W2/descending/seed307,47,True,results/stage4_v1/optimization/C_W2_descending_seed307_i47.npz
results/stage4_v1/density/89bb6d08ed42b8191570f89a1bd880c2d948724c582098538b1be058c6970eb3.npz,5be51f1f6556364e90f25d84342b2b9a4f9ba7bbb22eecc0cc1652830e160e57,0.3,0.5875,6,0.01,08240a418e533c9a15e93726cbf8ca75769bc9b73436dd63068113c6ac2c7789,-3.099932365360054,0.334518893865226,0.2043169550987019,0.04544564870494743,0.5033384037440968,192,"[24, 24, 24, 24, 24, 24, 24, 24]",0.13427812501322478,executed,2026-09-22T05:44:48.088122+00:00,0.9999999999999982,-2.13316777436523e-17,5.222209201006512e-18,0.0004376604283570136,0.205237020688211,0.049174376639693734,W2,W2/descending/seed307,47,True,results/stage4_v1/optimization/C_W2_descending_seed307_i47.npz
results/stage4_v1/density/83f4528910eb8e406f953ad77a9d8d530583240b24aa9ea9164af2caa384fa0f.npz,ec2aa134e85dee490d354fa8d2b4e73cee9ab5d97e510e73dd9f40c505e171a4,0.3,0.5875,6,0.05,08240a418e533c9a15e93726cbf8ca75769bc9b73436dd63068113c6ac2c7789,-0.1344408248846798,0.01767781691462764,0.0050299211469863655,1.584540090916399e-05,0.024661717043581596,192,"[24, 24, 24, 24, 24, 24, 24, 24]",0.13110087500535883,executed,2026-09-22T05:44:48.219669+00:00,0.9999999999999918,-3.984442983884229e-18,4.542118912126005e-19,0.0034331294023016664,0.005082307670300585,0.003922033504811863,W2,W2/descending/seed307,47,True,results/stage4_v1/optimization/C_W2_descending_seed307_i47.npz
results/stage4_v1/density/a98685cd869a7d866c63509c75304846201f023e3a86b9c9ee8fe9bb65221ee9.npz,052222fdf66e9638f1cb48f09056844aa399a5bb1515bd39682e98c176b1cb2e,0.3,0.575,6,0,412e49ba1c395879bf3daeb40e0bd392f9486588ca306c99098cf3c7715409d8,-6.882456714233292,0.6871624885019828,0.997855667647862,0.9999999999999967,0.9960937499999996,192,"[24, 24, 24, 24, 24, 24, 24, 24]",0.06641866598511115,executed,2026-09-22T05:44:48.286506+00:00,0.9999999999999989,-4.3781438977680276e-17,3.470056762083753e-17,-4.1851525575463757e-16,0.9999999999999998,0.9999999999999967,W2,W2/descending/seed307,46,True,results/stage4_v1/optimization/C_W2_descending_seed307_i46.npz
results/stage4_v1/density/dff508ae71b4626a5912146eb466a9bdbd55241e55550ed187f2438f94d66225.npz,535269935bbb0cb53b917377d28067b517dfb03252a7ec39dcff9e2b412b9c41,0.3,0.575,6,0.01,412e49ba1c395879bf3daeb40e0bd392f9486588ca306c99098cf3c7715409d8,-3.04778639068189,0.32927969470247453,0.20395867221883668,0.04536349130159753,0.5023603504881511,192,"[24, 24, 24, 24, 24, 24, 24, 24]",0.1351508749939967,executed,2026-09-22T05:44:48.422120+00:00,0.9999999999999971,-1.0923336887791457e-17,5.204170427930421e-18,0.00044904882511012157,0.2051222528810424,0.04909254016370067,W2,W2/descending/seed307,46,True,results/stage4_v1/optimization/C_W2_descending_seed307_i46.npz
results/stage4_v1/density/5eb12b2ac1a75c1f5de9fabca7cdf9095b3a660bee3864b840001bd11f4cf27e.npz,27ce10efe29966d86cb0d76cbfa77824e7d481d4452365afc12393ffc36c9756,0.3,0.575,6,0.05,412e49ba1c395879bf3daeb40e0bd392f9486588ca306c99098cf3c7715409d8,-0.12987445187476251,0.01722290990583833,0.005018060461517011,1.540939181917253e-05,0.024306055113425443,192,"[24, 24, 24, 24, 24, 24, 24, 24]",0.13181433398858644,executed,2026-09-22T05:44:48.554660+00:00,0.9999999999999909,-7.101524229780054e-18,4.370558682921689e-19,0.0034421950514220523,0.005071472894025288,0.003921599198882379,W2,W2/descending/seed307,46,True,results/stage4_v1/optimization/C_W2_descending_seed307_i46.npz
results/stage4_v1/density/1df1592536fa0453ac94d985f123bf6b8f08deb501226ada6aea3139a7bbbcae.npz,1c022eb71ec285727ef2dcc3e88869be6fb4d264b594ad27845b26316fd219bf,0.3,0.5625,6,0,a60f94545ba6409d0467b8deabd3399a82919dae469773da45d71b4395b81ee3,-6.817701673485853,0.6639554694121819,0.9999933103277032,1.0,0.9960937500000003,192,"[24, 24, 24, 24, 24, 24, 24, 24]",0.06639020898728631,executed,2026-09-22T05:44:48.621673+00:00,0.9999999999999991,-2.5953089503871762e-18,3.469446951953614e-17,-7.443136132273063e-16,0.9999999999999993,1.0,W2,W2/descending/seed307,45,False,results/stage4_v1/optimization/C_W2_descending_seed307_i45.npz
results/stage4_v1/density/4cd0eb08259bc712cd1abc13c5798d535eafcf331bcbe60965dae83a31a11617.npz,f82b18169b176614c861d8c3ace08e504ba98a72296ce001acacad1cddca78e7,0.3,0.5625,6,0.01,a60f94545ba6409d0467b8deabd3399a82919dae469773da45d71b4395b81ee3,-3.621825451556309,0.33094569893195064,0.2182576734950678,0.052064920229482135,0.537105252873467,192,"[24, 24, 24, 24, 24, 24, 24, 24]",0.13004316698061302,executed,2026-09-22T05:44:48.752322+00:00,0.9999999999999977,-6.178597130451768e-17,6.137005703137817e-18,0.00019033826480941847,0.2185680310785864,0.05576779163483572,W2,W2/descending/seed307,45,False,results/stage4_v1/optimization/C_W2_descending_seed307_i45.npz
results/stage4_v1/density/e3f60f680f4938acfce0eea86db549903fac208156c8c52125e5fa6f81bbc28c.npz,3bed5ec9f54e195602982bad24eed6a4ecf483a640035f6bde9905af7c3ecb18,0.3,0.5625,6,0.05,a60f94545ba6409d0467b8deabd3399a82919dae469773da45d71b4395b81ee3,-0.2548882016541887,0.021348215987886974,0.00557565159698554,3.735137147041571e-05,0.038050080814953854,192,"[24, 24, 24, 24, 24, 24, 24, 24]",0.1314274159958586,executed,2026-09-22T05:44:48.884180+00:00,0.9999999999999909,1.2217603231196028e-17,4.892185426011005e-19,0.0031397839710968697,0.005613093761200963,0.003943455467675609,W2,W2/descending/seed307,45,False,results/stage4_v1/optimization/C_W2_descending_seed307_i45.npz
results/stage4_v1/density/9921d5a7af6d56682646c98301a386739011ec26be36d9d92eead54209ce59c8.npz,294952da690fba60c0c1713fb49284684311c7f21d53b3c2c8353e68898bc1f7,0.3,0.55,6,0,1f32e6974d07ae34ce482e098fed8e9e94cd029f0c64e85fda63e88513450468,-6.751991257809513,0.650056326046525,0.999997170979127,0.9999999999999956,0.996093749999998,192,"[24, 24, 24, 24, 24, 24, 24, 24]",0.06518287499784492,executed,2026-09-22T05:44:48.949823+00:00,0.9999999999999994,1.4050582529054334e-17,3.469446951953614e-17,-9.800517472803723e-16,0.9999999999999969,0.9999999999999956,W2,W2/descending/seed307,44,False,results/stage4_v1/optimization/C_W2_descending_seed307_i44.npz
results/stage4_v1/density/31b96a058db555a71c19e668ef77fc9095ef53562c12ae670d64a26a3096254e.npz,f72b1453579b00ab29058d4505afecb28321a39f5a81de10e449baabd7ce5a70,0.3,0.55,6,0.01,1f32e6974d07ae34ce482e098fed8e9e94cd029f0c64e85fda63e88513450468,-3.5422140200809835,0.3212011384258745,0.21446289619313835,0.05024943042294946,0.5295301810831583,192,"[24, 24, 24, 24, 24, 24, 24, 24]",0.13271845801500604,executed,2026-09-22T05:44:49.082967+00:00,0.9999999999999967,2.882622526095835e-17,4.771721447803476e-18,0.00021534516998934818,0.21473888194443094,0.05395939358535981,W2,W2/descending/seed307,44,False,results/stage4_v1/optimization/C_W2_descending_seed307_i44.npz
results/stage4_v1/density/7a15541faab038f23c8841222dbbb464b189e8ea4248bb9f667dc860d0817a06.npz,9a1a72d289395a8d9bf44f1386a157f32b1d580c3a42657b5b7c736cb298d9a3,0.3,0.55,6,0.05,1f32e6974d07ae34ce482e098fed8e9e94cd029f0c64e85fda63e88513450468,-0.2348748801000602,0.019747285568884963,0.005442381381887991,3.182456439714962e-05,0.03515334144632687,192,"[24, 24, 24, 24, 24, 24, 24, 24]",0.13194675001432188,executed,2026-09-22T05:44:49.215569+00:00,0.9999999999999896,1.9136168344369153e-17,6.879242626475304e-19,0.0031991775192977564,0.005474717155127016,0.003937950249692473,W2,W2/descending/seed307,44,False,results/stage4_v1/optimization/C_W2_descending_seed307_i44.npz
results/stage4_v1/density/bd7ec73a1c7d46570b4b7b64c39b5cfa82a08de5325eb2d95544490e3c911227.npz,bec7eac4e7a50748204fb0e1acfe187e470f6902c99a47e5ebe32071a37a1787,0.3,0.5375,6,0,b3c2117a369f62ffefecf12e038040fdc38aac62fc7dd7651ccdf962f081650a,-6.687737532464286,0.6348049647123989,0.9999997059139718,0.999999999999996,0.9960937499999989,192,"[24, 24, 24, 24, 24, 24, 24, 24]",0.06447504099924117,executed,2026-09-22T05:44:49.280661+00:00,0.999999999999998,2.2039797287556895e-17,2.0052758102796934e-17,-6.959524847678147e-16,0.9999999999999973,0.999999999999996,W2,W2/descending/seed307,43,False,results/stage4_v1/optimization/C_W2_descending_seed307_i43.npz
results/stage4_v1/density/779a27b0a31b3223259d499242009656eb53b53921171f348d78d5ed6b505e09.npz,34782d71714ab3222fb08b23998f3d4b7cd8cdb6ecc61b97086eaa278576e8e5,0.3,0.5375,6,0.01,b3c2117a369f62ffefecf12e038040fdc38aac62fc7dd7651ccdf962f081650a,-3.4874020626963214,0.315737489388633,0.21160264668969786,0.048893359965072554,0.5238964643545219,192,"[24, 24, 24, 24, 24, 24, 24, 24]",0.13184687501052395,executed,2026-09-22T05:44:49.412915+00:00,0.9999999999999966,6.9253413767511596e-18,6.254634441385502e-18,0.0002321242392091109,0.21180469953380937,0.05260862027770899,W2,W2/descending/seed307,43,False,results/stage4_v1/optimization/C_W2_descending_seed307_i43.npz
results/stage4_v1/density/7e4e3605a3b8bb012ad457724e6bbaaef04fcdb3ac792887ea483998907dca17.npz,877c79bbf8ce2fe038b669d18c7c2e4a214a212b8952053f2add444f3cce9598,0.3,0.5375,6,0.05,b3c2117a369f62ffefecf12e038040fdc38aac62fc7dd7651ccdf962f081650a,-0.22296723074687094,0.01930162692604122,0.005345754716634182,2.834141409183242e-05,0.03322559301357102,192,"[24, 24, 24, 24, 24, 24, 24, 24]",0.1306744589819573,executed,2026-09-22T05:44:49.544172+00:00,0.9999999999999897,6.2341624917916505e-18,6.540410851803753e-19,0.0032383661912706034,0.005372622862275973,0.003934480705443036,W2,W2/descending/seed307,43,False,results/stage4_v1/optimization/C_W2_descending_seed307_i43.npz
results/stage4_v1/density/094ebc6be52ba7e8c8db0832d4574e4d38d3d1c4cabfde70f58b522750879753.npz,9e7bff67bfad3156a88f82aa3c34572800ba0bfb665f2e8c0ce2e0c9a58d533d,0.3,0.525,6,0,25780e0d5cf351c41556dec9125daced0a39ff853f9a5fbcf6c370773ff84a4a,-6.62507637330849,0.6181675634058871,0.9999991116453535,0.9999999999999921,0.9960937499999988,192,"[24, 24, 24, 24, 24, 24, 24, 24]",0.0678506669937633,executed,2026-09-22T05:44:49.612703+00:00,0.9999999999999951,-3.059313598893082e-17,3.6563181143100383e-17,-4.634753743359042e-16,0.9999999999999963,0.9999999999999921,W2,W2/descending/seed307,42,False,results/stage4_v1/optimization/C_W2_descending_seed307_i42.npz
results/stage4_v1/density/32de6c4ec694745e35b7a4c1d1ab3890d80ed2f79c8113c0fbb38b2eca076920.npz,4500905e4f04b3851cdc3e31aebb042b74651a3422ee086307f9bd0cbcdc35f1,0.3,0.525,6,0.01,25780e0d5cf351c41556dec9125daced0a39ff853f9a5fbcf6c370773ff84a4a,-3.458389205700276,0.30821812843829804,0.20965998138341502,0.04810478598431863,0.5215391304309981,192,"[24, 24, 24, 24, 24, 24, 24, 24]",0.1353613750252407,executed,2026-09-22T05:44:49.748496+00:00,0.9999999999999944,4.153849573335089e-17,6.992893892674703e-18,0.00023871352326748787,0.20990647223429637,0.05182312666406739,W2,W2/descending/seed307,42,False,results/stage4_v1/optimization/C_W2_descending_seed307_i42.npz
results/stage4_v1/density/f9a18e12dbe2373be9dcbfe8860c4131f227b68c0e654671495d1d61542be1ec.npz,86901d836e3f12c409b7d28744323a60852fbda21e00ce0d87df6a2edc540152,0.3,0.525,6,0.05,25780e0d5cf351c41556dec9125daced0a39ff853f9a5fbcf6c370773ff84a4a,-0.22308906042840665,0.018812706355038095,0.005313716683912703,2.754520541789648e-05,0.03281497835701827,192,"[24, 24, 24, 24, 24, 24, 24, 24]",0.13335720900795422,executed,2026-09-22T05:44:49.882309+00:00,0.9999999999999876,-3.910581710883654e-17,8.677851511149104e-19,0.0032527749490828825,0.005337911331932184,0.003933687606959233,W2,W2/descending/seed307,42,False,results/stage4_v1/optimization/C_W2_descending_seed307_i42.npz
results/stage4_v1/density/e684321a2d8e922eadc230c607136e374101c3b4510bbae1ea8abdc5eb952998.npz,ad2331759e96b4485a0a76fbb948ccf2ad73f0f9d49706968a2ba373f2c74574,0.3,0.5125,6,0,d440ec38df67c74eca1a762cfd55badb4f0d71f746d5f4f74ada29b002144520,-6.564160577609641,0.599897739978354,0.999996011921445,1.0000000000000075,0.9960937500000028,192,"[24, 24, 24, 24, 24, 24, 24, 24]",0.06451237501460128,executed,2026-09-22T05:44:49.947275+00:00,1.0000000000000022,-3.54940686217442e-17,3.496446946337351e-17,-6.933209398235762e-16,1.0000000000000038,1.0000000000000075,W2,W2/descending/seed307,41,False,results/stage4_v1/optimization/C_W2_descending_seed307_i41.npz
results/stage4_v1/density/785715a2074694f338e85f6d0c088161937e1edf0fd34f895e8c815080ce8273.npz,c82381d16f7a6e01790d204643c8ac60d36e6b93ea0498e13a0b502e68b33695,0.3,0.5125,6,0.01,d440ec38df67c74eca1a762cfd55badb4f0d71f746d5f4f74ada29b002144520,-3.4398529918350187,0.3015172936345919,0.20950929524478837,0.04802789705399106,0.5207352034204168,192,"[24, 24, 24, 24, 24, 24, 24, 24]",0.1296002919843886,executed,2026-09-22T05:44:50.077273+00:00,1.0000000000000009,5.014435047745458e-19,6.938893903907228e-18,0.0002323148312149446,0.209755872130452,0.05174653808112391,W2,W2/descending/seed307,41,False,results/stage4_v1/optimization/C_W2_descending_seed307_i41.npz
results/stage4_v1/density/c2f74056136c8ab3a24bf8e8cd6f5e673f790f953c806c9964ec3c9237ae6f36.npz,50eb5aec94a7ada6667bfefc7c198e1ef087bc7dc711c7f413fdf63da6f88b93,0.3,0.5125,6,0.05,d440ec38df67c74eca1a762cfd55badb4f0d71f746d5f4f74ada29b002144520,-0.226128493705273,0.019215100417148072,0.005316953837232191,2.853918117131039e-05,0.03344953546448526,192,"[24, 24, 24, 24, 24, 24, 24, 24]",0.1344474589859601,executed,2026-09-22T05:44:50.212139+00:00,0.9999999999999951,4.9737774662772516e-18,8.690541527449943e-19,0.0032359303156025395,0.00534421609672975,0.00393467769999486,W2,W2/descending/seed307,41,False,results/stage4_v1/optimization/C_W2_descending_seed307_i41.npz
results/stage4_v1/density/d7a8076a035256feb990ec89b2c66df4f39c9dd5cb105086f0220eff983b47ad.npz,2700ea492e1cd65e8cfb381101b9986c09dbfd70527a2cd5daecfb28a2440214,0.3,0.5,6,0,3362a95a01000a99aad60998070bac783e1b262ac9bb60f338e77c7194bd5391,-6.505151571320604,0.5800113740019848,0.9999904525901099,0.9999999999999997,0.9960937500000004,192,"[24, 24, 24, 24, 24, 24, 24, 24]",0.06588645902229473,executed,2026-09-22T05:44:50.278479+00:00,0.9999999999999993,-3.631314948173911e-17,3.4737810535209724e-17,-1.1287355173565412e-15,0.9999999999999991,0.9999999999999997,W2,W2/descending/seed307,40,False,results/stage4_v1/optimization/C_W2_descending_seed307_i40.npz
results/stage4_v1/density/ec6393827331fd173f157af2e769d771c428eef94a17ead2c3e3f4b98664211c.npz,7e3a9b1983c8bbb2d04f4c112c7798ff169ac9859ceebdb7e74809e2cb7c02c8,0.3,0.5,6,0.01,3362a95a01000a99aad60998070bac783e1b262ac9bb60f338e77c7194bd5391,-3.4012578698813636,0.29196222595526056,0.2079231860443823,0.047359128122401825,0.518445059622138,192,"[24, 24, 24, 24, 24, 24, 24, 24]",0.13545575001626275,executed,2026-09-22T05:44:50.414357+00:00,0.9999999999999978,-2.949029909160572e-17,6.5052130349130266e-18,0.00024054342527311896,0.20819441561997654,0.05108038152817369,W2,W2/descending/seed307,40,False,results/stage4_v1/optimization/C_W2_descending_seed307_i40.npz
results/stage4_v1/density/e2406c9ca8c837ef1a200c8962e4b4c959a81bbd11508facd0cb55a2e5347efd.npz,3eec58c5e971c782a27464890b08692c44c206f2d91fc6363c35a6d46f317848,0.3,0.5,6,0.05,3362a95a01000a99aad60998070bac783e1b262ac9bb60f338e77c7194bd5391,-0.22185942093704286,0.01857093116099554,0.005284344690205438,2.7662300976890228e-05,0.03295130994905436,192,"[24, 24, 24, 24, 24, 24, 24, 24]",0.13363004100392573,executed,2026-09-22T05:44:50.548470+00:00,0.9999999999999911,-1.0110185258427329e-17,8.778858033695853e-19,0.0032485745736396993,0.005313155173068018,0.003933804245113699,W2,W2/descending/seed307,40,False,results/stage4_v1/optimization/C_W2_descending_seed307_i40.npz
results/stage4_v1/density/b866e0a732b39667fcac0564453970b255ba0855195d51a8f339bd12d14e3f30.npz,6e80cd6e00cfd8b70c5d4cdb74e904ea65f39eca70aa51931994109010ed78a9,0.3,0.4875,6,0,8f968a6a314224b090d19af7038d54cad396071205f54198f7a99e15807d72cb,-6.448212569776148,0.5585136636291257,0.9999833772818771,1.0000000000000004,0.9960937500000004,192,"[24, 24, 24, 24, 24, 24, 24, 24]",0.06434266699943691,executed,2026-09-22T05:44:50.613311+00:00,0.9999999999999987,-2.785383143751041e-17,3.539218529896437e-17,-4.981875036172798e-16,0.9999999999999998,1.0000000000000004,W2,W2/descending/seed307,39,False,results/stage4_v1/optimization/C_W2_descending_seed307_i39.npz
results/stage4_v1/density/242a892e5fe4e76f934a71b987816e4a9de52dfc610b6efeaa9264c1131df3f7.npz,2e02fc7619c34a244dbff90fdfebccdeea3ca81cfe020ff2bc53a6c48889239a,0.3,0.4875,6,0.01,8f968a6a314224b090d19af7038d54cad396071205f54198f7a99e15807d72cb,-3.361167466927669,0.28250805861799655,0.20611180192028827,0.04658959528008966,0.5157738041965194,192,"[24, 24, 24, 24, 24, 24, 24, 24]",0.13323929198668338,executed,2026-09-22T05:44:50.747130+00:00,0.9999999999999979,-1.2210826967617994e-17,1.214306433183765e-17,0.000248420645842833,0.20639411484873432,0.05031385467352681,W2,W2/descending/seed307,39,False,results/stage4_v1/optimization/C_W2_descending_seed307_i39.npz
results/stage4_v1/density/39a5820fb61c7a0342dead5a76a1bfb9cea2ea2d6bd49250ab8cd03bd83e6ccc.npz,8d5e8cb6ed98343922c4d82c141abc1c9a05c4e918a16e9a5703ba33e8f449d6,0.3,0.4875,6,0.05,8f968a6a314224b090d19af7038d54cad396071205f54198f7a99e15807d72cb,-0.21705149563496018,0.018135824519123378,0.005247027503083767,2.676971747388718e-05,0.032438942786365804,192,"[24, 24, 24, 24, 24, 24, 24, 24]",0.13385879099951126,executed,2026-09-22T05:44:50.881417+00:00,0.9999999999999918,2.812149384884277e-18,8.690541527449943e-19,0.0032597422967581523,0.005278127231326271,0.003932915148265005,W2,W2/descending/seed307,39,False,results/stage4_v1/optimization/C_W2_descending_seed307_i39.npz
results/stage4_v1/density/906485b7e48b4467a46a63f195f7f902b607356d4c65c698b37dc98c369de49e.npz,ffdbdd00b445c360b0462cd2d40ff2a4b5375ca38d4f7d1fe10a27160ba198c7,0.3,0.475,6,0,0c0be50c849859003c94fff0f07ec78ef68868200ecd0af67122f57f89a033f3,-6.393596032300778,0.5351636575668253,0.9999960803200951,0.9999999999999994,0.9960937499999997,192,"[24, 24, 24, 24, 24, 24, 24, 24]",0.06660995798301883,executed,2026-09-22T05:44:50.948450+00:00,0.9999999999999996,-1.9046382851960197e-17,4.553442605056512e-17,-4.2886902133346867e-16,0.9999999999999993,0.9999999999999994,W2,W2/descending/seed307,38,False,results/stage4_v1/optimization/C_W2_descending_seed307_i38.npz
results/stage4_v1/density/8fb835c44ab3a57650f66a831d18788ca4a490e428306bb7f8cba5f289db5fa5.npz,a2c8dea1f848c89fd8655f4976de1c7b8586bea3c8458bd9f904c20fc22dd4d2,0.3,0.475,6,0.01,0c0be50c849859003c94fff0f07ec78ef68868200ecd0af67122f57f89a033f3,-3.1856247207090562,0.2806565388235122,0.1960988044048116,0.0425836953321647,0.5073905145064066,192,"[24, 24, 24, 24, 24, 24, 24, 24]",0.1522708329721354,executed,2026-09-22T05:44:51.101345+00:00,0.9999999999999973,-1.4365678785432934e-17,7.238216853352029e-18,0.000302391300337023,0.19633049336984604,0.04632360277227344,W2,W2/descending/seed307,38,False,results/stage4_v1/optimization/C_W2_descending_seed307_i38.npz
results/stage4_v1/density/f554b4d4ddc744184ab7fe3ae070f16cc820650089e147fa8e7bd6a37610d49a.npz,a7620cb6e0e2a72b6f58263b898cfb99b743e788b216eb456e778eea26c0d9e5,0.3,0.475,6,0.05,0c0be50c849859003c94fff0f07ec78ef68868200ecd0af67122f57f89a033f3,-0.17039426759195725,0.01826566356759644,0.005043342882867825,1.995119104493888e-05,0.027995235649840626,192,"[24, 24, 24, 24, 24, 24, 24, 24]",0.14868195800227113,executed,2026-09-22T05:44:51.250720+00:00,0.9999999999999903,-2.059306501364655e-17,6.517906145587457e-19,0.003354916485912293,0.0050959727470462485,0.00392612325670492,W2,W2/descending/seed307,38,False,results/stage4_v1/optimization/C_W2_descending_seed307_i38.npz
results/stage4_v1/density/840d81dee09633a94f7d09413b38744a20d0572e299f27e005546ee9973ae46b.npz,4a807074e16d398afd649b6f710b7de012aa90d11504a0e89e413bc3e9986c03,0.3,0.4625,6,0,853e6926467307a3457c22ae899e7c8b94a66cdef78dd22159ebc3b7cb493475,-6.341283457219331,0.5109404353146103,0.9999952455917743,0.9999999999999936,0.9960937499999984,192,"[24, 24, 24, 24, 24, 24, 24, 24]",0.06766800000332296,executed,2026-09-22T05:44:51.319190+00:00,0.9999999999999969,3.9865605662523645e-18,6.00988432676586e-17,-1.000487379550753e-15,0.9999999999999971,0.9999999999999936,W2,W2/descending/seed307,37,False,results/stage4_v1/optimization/C_W2_descending_seed307_i37.npz
results/stage4_v1/density/d2f87177b7fb959e90592d5b17e056afb5580fcfad29938c33d6ae4c6fcfbad9.npz,6a069ff4b536d9596eefadf8a3fec6dae17d8fd9ca6ffc94851e5e7e7ce10122,0.3,0.4625,6,0.01,853e6926467307a3457c22ae899e7c8b94a66cdef78dd22159ebc3b7cb493475,-3.108456264393909,0.26645309163747516,0.19258643410021564,0.04098351325449266,0.4985468535795122,192,"[24, 24, 24, 24, 24, 24, 24, 24]",0.13708266700268723,executed,2026-09-22T05:44:51.456869+00:00,0.9999999999999951,7.562310153086393e-18,1.0551910960100404e-17,0.00033773686459525687,0.1927836713688282,0.0447296714058423,W2,W2/descending/seed307,37,False,results/stage4_v1/optimization/C_W2_descending_seed307_i37.npz
results/stage4_v1/density/a6945d07ebee6bc44a3c67440bb794d2e636614101ae5faf69b4f4bf905047f8.npz,3ac04b0b266dd69a31b6f297d6d5830c2a311ac0604b1493a4ddbf8c5aa796aa,0.3,0.4625,6,0.05,853e6926467307a3457c22ae899e7c8b94a66cdef78dd22159ebc3b7cb493475,-0.15465545809845885,0.01639144197510919,0.004935705364093244,1.647345190563891e-05,0.025451816244402844,192,"[24, 24, 24, 24, 24, 24, 24, 24]",0.13688200002070516,executed,2026-09-22T05:44:51.594490+00:00,0.9999999999999891,1.111307226797642e-18,8.758959612327589e-19,0.0034077435316966593,0.0049815251912162,0.0039226591024841325,W2,W2/descending/seed307,37,False,results/stage4_v1/optimization/C_W2_descending_seed307_i37.npz
results/stage4_v1/density/009160629fde24642a64c19d6266d975e077a4c771e95ded930334cf938b8ac0.npz,1878f82dab9d8a0c82bb4671c3b5c4830abc247d98b17fb319d1d9502d66b6a5,0.3,0.45,6,0,94a4588fca36db624414a0945c5998f56c6a9b4e3a25efaae78f9aeec01bf76c,-6.291437850327329,0.4858743287175064,0.9999948467454419,1.0000000000000027,0.9960937500000004,192,"[24, 24, 24, 24, 24, 24, 24, 24]",0.06762837499263696,executed,2026-09-22T05:44:51.662648+00:00,1.0000000000000004,7.968970671063183e-17,4.3133263485776853e-17,-4.461540174090513e-16,1.0000000000000009,1.0000000000000027,W2,W2/descending/seed307,36,False,results/stage4_v1/optimization/C_W2_descending_seed307_i36.npz
results/stage4_v1/density/512f471a31c5f26b81cf869669e4de9d5160c51c7f6deff07c6e56ef774dca0b.npz,add92a73fb8e9df652e51880e8554da4b42078add9ca4fa382bd867d654a20a5,0.3,0.45,6,0.01,94a4588fca36db624414a0945c5998f56c6a9b4e3a25efaae78f9aeec01bf76c,-3.060015542591714,0.25378847887038225,0.1905052537353275,0.04004569580724336,0.49305782100654005,192,"[24, 24, 24, 24, 24, 24, 24, 24]",0.135686916008126,executed,2026-09-22T05:44:51.799098+00:00,0.9999999999999998,-1.4121733296623695e-17,7.757919228897728e-18,0.00035979859689265156,0.19069311039693382,0.043795517307996315,W2,W2/descending/seed307,36,False,results/stage4_v1/optimization/C_W2_descending_seed307_i36.npz
results/stage4_v1/density/a2332d3674c7e4f10a0d19d8acbd199955018b5d2a8c510d8cbec6066ea8f832.npz,199ba2be20a422c99edb5c9695e8989fc4d8ff393addc6847f8af81e40bda08a,0.3,0.45,6,0.05,94a4588fca36db624414a0945c5998f56c6a9b4e3a25efaae78f9aeec01bf76c,-0.1464339194970946,0.015237969459670042,0.004876393701428168,1.4770083163573746e-05,0.024111010480035555,192,"[24, 24, 24, 24, 24, 24, 24, 24]",0.13467691699042916,executed,2026-09-22T05:44:51.934435+00:00,0.9999999999999936,-1.3877787807814457e-17,6.505213034913027e-19,0.0034372645670066597,0.0049203914403158425,0.003920962387526216,W2,W2/descending/seed307,36,False,results/stage4_v1/optimization/C_W2_descending_seed307_i36.npz
results/stage4_v1/density/b695988afb1c17a87c1a2161475cc3c58c3dd93158ecf22d8442c3a51fa970d7.npz,877024c3558ca61b61588bc8782a2af5b57ced4b1b4ebb1ab6e0f6eb58384a11,0.3,0.4375,6,0,ae37a9943738008d3c34c1db2f29eb36f7f141c4a9b801a5e6abc89c7d2fffac,-6.244121331199583,0.4604369829677709,0.9999948159922238,1.0000000000000044,0.9960937500000006,192,"[24, 24, 24, 24, 24, 24, 24, 24]",0.06596974999411032,executed,2026-09-22T05:44:52.000896+00:00,1.0000000000000022,-8.635500897257592e-17,4.654751537338637e-17,-4.879856260018609e-16,1.0000000000000018,1.0000000000000044,W2,W2/descending/seed307,35,False,results/stage4_v1/optimization/C_W2_descending_seed307_i35.npz
results/stage4_v1/density/ecb347ea3fa9418e36635b120aa5b6d1f1470baf662f0e95beb77c31076c7728.npz,48ad56677c4d85daefe239a15ca92f067d95f2dbfd72fa41290d6a0f44705a25,0.3,0.4375,6,0.01,ae37a9943738008d3c34c1db2f29eb36f7f141c4a9b801a5e6abc89c7d2fffac,-3.027659625923264,0.243015686466088,0.18921879896379198,0.03949203937799812,0.48985000552051866,192,"[24, 24, 24, 24, 24, 24, 24, 24]",0.13551537500461563,executed,2026-09-22T05:44:52.136890+00:00,1.0000000000000004,6.8575787409708155e-18,5.204170427930421e-18,0.0003685554091977482,0.18940516549411546,0.04324402359917781,W2,W2/descending/seed307,35,False,results/stage4_v1/optimization/C_W2_descending_seed307_i35.npz
results/stage4_v1/density/273c5b87ec3193a7ebc733ebd4a2db3869dd5b6d4e612297e568dbbd1ab5c625.npz,c150ea8bdc2c7ed707e7894118205f77118daeecb23c5d5e7c0a20e68c64ace5,0.3,0.4375,6,0.05,ae37a9943738008d3c34c1db2f29eb36f7f141c4a9b801a5e6abc89c7d2fffac,-0.14266338313341126,0.014702217586431941,0.004847276633072623,1.4114547716667376e-05,0.023581815887044742,192,"[24, 24, 24, 24, 24, 24, 24, 24]",0.13975654199020937,executed,2026-09-22T05:44:52.277181+00:00,0.9999999999999942,-9.2970336290632e-18,6.510857472447753e-19,0.003449552700559408,0.004893046969254217,0.003920309412764649,W2,W2/descending/seed307,35,False,results/stage4_v1/optimization/C_W2_descending_seed307_i35.npz
results/stage4_v1/density/f5bf3a4926baffd0adeb17c4694a49ecbfb4c5e3740a380e6df366a02cb048fc.npz,33a8fd1629123da73b30631aaef80e293d52e21bf3d8ec22eab6fb87d44126f3,0.3,0.425,6,0,92bd983fc3300fc9aa14c7b74838eeaa6dc62ef2d3e75dd9240209e1703ed54a,-6.199347145467925,0.43511541602091597,0.9999951274765975,0.9999999999999964,0.9960937499999992,192,"[24, 24, 24, 24, 24, 24, 24, 24]",0.06692120898514986,executed,2026-09-22T05:44:52.344750+00:00,0.9999999999999981,4.3913576117451947e-17,4.320963945974976e-17,-9.937108780568687e-16,0.999999999999998,0.9999999999999964,W2,W2/descending/seed307,34,False,results/stage4_v1/optimization/C_W2_descending_seed307_i34.npz
results/stage4_v1/density/29fc92ca2a9f53ecb74a725ceb5abda8ef5518b59ceff3594a86fc898e36fc57.npz,9dd1f911bf778ed4673a523cca89a51ce0d05a4e6d8eefcd61324b77b5c0c048,0.3,0.425,6,0.01,92bd983fc3300fc9aa14c7b74838eeaa6dc62ef2d3e75dd9240209e1703ed54a,-2.9862684133020645,0.23103631501191624,0.18768762218934631,0.038784461466104515,0.4849404394711936,192,"[24, 24, 24, 24, 24, 24, 24, 24]",0.13449924997985363,executed,2026-09-22T05:44:52.479722+00:00,0.9999999999999969,-1.1546753136970622e-17,6.938893903907228e-18,0.0003816919968400194,0.18787170922526258,0.042539209663502546,W2,W2/descending/seed307,34,False,results/stage4_v1/optimization/C_W2_descending_seed307_i34.npz
results/stage4_v1/density/bcce8af44d86ecf96dccf903dbe219e8eaa6c4115f1a52ff30db26f25fb4c271.npz,b62ad7007bbb474d4fc08d22edb67f826847eca6096abab75eafc3a5013788c7,0.3,0.425,6,0.05,92bd983fc3300fc9aa14c7b74838eeaa6dc62ef2d3e75dd9240209e1703ed54a,-0.13615977354459055,0.01378037463263677,0.004801347750660143,1.2887268156277564e-05,0.02254520531975166,192,"[24, 24, 24, 24, 24, 24, 24, 24]",0.13319599998067133,executed,2026-09-22T05:44:52.613396+00:00,0.9999999999999906,1.5551524911588954e-17,4.345270763724971e-19,0.0034724889156804587,0.00484724906890828,0.003919086927265042,W2,W2/descending/seed307,34,False,results/stage4_v1/optimization/C_W2_descending_seed307_i34.npz
results/stage4_v1/density/92cdf21b185ce3aec883c6ca8d5a988487d501d8e061527a7b198d27430c353c.npz,ee7a967f0c4a020820ab69cc4e74e751392790e2f4a1fb3f2aac340df69f99c5,0.3,0.4125,6,0,113ed4067acbdcb86971cc2d8d80816ee448e1fd9291475cbb5296bd8c23c48a,-6.157079917305275,0.4103618701115641,0.9999953107900317,1.0000000000000042,0.9960937500000009,192,"[24, 24, 24, 24, 24, 24, 24, 24]",0.06624333298532292,executed,2026-09-22T05:44:52.680299+00:00,1.0000000000000022,-7.231522611359908e-17,5.377642775528102e-17,-5.546061223435798e-16,1.0000000000000022,1.0000000000000042,W2,W2/descending/seed307,33,False,results/stage4_v1/optimization/C_W2_descending_seed307_i33.npz
results/stage4_v1/density/86d7263c797fe5a3a2a11803b7b973cd2fa1c54e6514c56bf27cd219152f0976.npz,97d16abf2097d8fd95233de2523010cac2444eb96eaf38c32f0ead61dfab2f9c,0.3,0.4125,6,0.01,113ed4067acbdcb86971cc2d8d80816ee448e1fd9291475cbb5296bd8c23c48a,-2.9590339016135463,0.22105760957118373,0.18674199324061194,0.03837438931285476,0.482168942629985,192,"[24, 24, 24, 24, 24, 24, 24, 24]",0.16972391697345302,executed,2026-09-22T05:44:52.850928+00:00,1.0,1.9786689647860456e-18,5.637851296924623e-18,0.00038538591431438557,0.18692735933928312,0.04213073935460142,W2,W2/descending/seed307,33,False,results/stage4_v1/optimization/C_W2_descending_seed307_i33.npz
results/stage4_v1/density/297740266122e5b399bf0c7cb1e44c95ab2c9d1a0f2667dcb7e7b502ce09d638.npz,94d9db7131bb362c78bc44934450ade7014727e2ac83495c2339d12ccece7a55,0.3,0.4125,6,0.05,113ed4067acbdcb86971cc2d8d80816ee448e1fd9291475cbb5296bd8c23c48a,-0.13344373481740207,0.013401852455143914,0.004780316950688119,1.2486727209037437e-05,0.02220454900885223,192,"[24, 24, 24, 24, 24, 24, 24, 24]",0.14518016600050032,executed,2026-09-22T05:44:52.996817+00:00,0.999999999999994,-8.287370355936075e-18,4.379479806163794e-19,0.003480714966612792,0.004829262043823128,0.003918687950930877,W2,W2/descending/seed307,33,False,results/stage4_v1/optimization/C_W2_descending_seed307_i33.npz
results/stage4_v1/density/ca08621466a1d03062dc9b66c59d1f86105d52a47bdc3033617c0e11fa2b0063.npz,1484040ed22717fc2356263fab8a918f72bb174b52a2e6a5813aa0c1a07f6c7c,0.3,0.4,6,0,c846cfc134eea6565c7e9391ce951b205b966c5fe3bd9547c3d26de4b10690cf,-6.11724309558236,0.38655716382853633,0.9999951967609184,1.0000000000000049,0.9960937500000011,192,"[24, 24, 24, 24, 24, 24, 24, 24]",0.06806866600527428,executed,2026-09-22T05:44:53.065546+00:00,1.0000000000000018,-8.976812823353712e-17,5.551115123125783e-17,-4.204392067864917e-16,1.0000000000000027,1.0000000000000049,W2,W2/descending/seed307,32,False,results/stage4_v1/optimization/C_W2_descending_seed307_i32.npz
results/stage4_v1/density/526ea9f153e48c7bf9c495c9f24d0b4e348c7c16ac1e932ec01ee2ca56131260.npz,4f04495470fc4cf31d727bbff0270f7897d59f4d0198d169a71b2200dd956cfd,0.3,0.4,6,0.01,c846cfc134eea6565c7e9391ce951b205b966c5fe3bd9547c3d26de4b10690cf,-2.9337557611058074,0.2115767761056181,0.18592711415995494,0.03801848167699313,0.4796000247388867,192,"[24, 24, 24, 24, 24, 24, 24, 24]",0.13542433397378772,executed,2026-09-22T05:44:53.201900+00:00,1.0000000000000009,-1.5842904245444434e-17,5.6918032563206405e-18,0.000388456024100754,0.18611453587906823,0.041776221982942376,W2,W2/descending/seed307,32,False,results/stage4_v1/optimization/C_W2_descending_seed307_i32.npz
results/stage4_v1/density/de8eecd1487b6fa35a9fdc828fa9157a4f31a2cd3c79f570c557568ba79299e4.npz,244012accff5811071d0244e1dee11774f8e9099d8f57d87f1701950217efd56,0.3,0.4,6,0.05,c846cfc134eea6565c7e9391ce951b205b966c5fe3bd9547c3d26de4b10690cf,-0.13108634921767903,0.01307172783797855,0.004762020949248729,1.2161429533819047e-05,0.02192239794603795,192,"[24, 24, 24, 24, 24, 24, 24, 24]",0.13250624999636784,executed,2026-09-22T05:44:53.334902+00:00,0.9999999999999942,-7.081195439045951e-18,5.600527786503008e-19,0.0034875231105994686,0.004814292806667989,0.0039183639239497026,W2,W2/descending/seed307,32,False,results/stage4_v1/optimization/C_W2_descending_seed307_i32.npz
results/stage4_v1/density/d143d33b626c0b4af5e86e7aecfcc30599098fc603ff7bb666964600ba88bdaf.npz,f9cda9e7db25cd43447af443b3eb96d7d92c8d97da3810be75be1b25f7bb3083,0.3,0.3875,6,0,d0034794d3099d9619b482d00994f8e7eeb544308f9553b204457b77446e8719,-6.079728296688619,0.3639541064471929,0.999994732426864,0.9999999999999982,0.9960937500000001,192,"[24, 24, 24, 24, 24, 24, 24, 24]",0.06530083299730904,executed,2026-09-22T05:44:53.400877+00:00,0.9999999999999991,-6.777078847246135e-17,9.020562075079397e-17,-5.810060312483677e-16,0.9999999999999996,0.9999999999999982,W2,W2/descending/seed307,31,False,results/stage4_v1/optimization/C_W2_descending_seed307_i31.npz
results/stage4_v1/density/21cc79e4da8b5c5036e9a3d768fb18e6501d46b6adcad4932c001df5c42bddf0.npz,578ee7bbadf02e4eab0ffe135fdee33092b75edcf716b74f465a3df39e672bf3,0.3,0.3875,6,0.01,d0034794d3099d9619b482d00994f8e7eeb544308f9553b204457b77446e8719,-2.909365587186166,0.20265460837033408,0.18516557359116306,0.037685405799087565,0.47711557395130433,192,"[24, 24, 24, 24, 24, 24, 24, 24]",0.13546716701239347,executed,2026-09-22T05:44:53.537069+00:00,0.9999999999999978,2.1914436411363258e-17,1.1636878843346593e-17,0.00039130290870136193,0.18535447606852007,0.041444447182684876,W2,W2/descending/seed307,31,False,results/stage4_v1/optimization/C_W2_descending_seed307_i31.npz
results/stage4_v1/density/7379892e56a0913f0b61e9f449be696d78b0228be71113892a2ce48d3e7001c3.npz,eb3fdbd02492560ff48def1d2355aca75c53a9321a90dc39c666e226b76c682c,0.3,0.3875,6,0.05,d0034794d3099d9619b482d00994f8e7eeb544308f9553b204457b77446e8719,-0.12883774547350263,0.012780879880231206,0.004744904387627535,1.1868189018210733e-05,0.021664629254865543,192,"[24, 24, 24, 24, 24, 24, 24, 24]",0.13457437499891967,executed,2026-09-22T05:44:53.672213+00:00,0.9999999999999909,-4.025100565352435e-17,6.517906145587457e-19,0.003493680255433426,0.00480060417934842,0.003918071828904858,W2,W2/descending/seed307,31,False,results/stage4_v1/optimization/C_W2_descending_seed307_i31.npz
results/stage4_v1/density/5d8fa47da2b12124e3fc3bebfcc3292a9204260a5a35e6a3f035dd6578566a12.npz,0336cda037d033db6f34826f813ecdb5c373102b7b164f618a08c3df096031e6,0.3,0.375,6,0,d4217812b23350de4279a986c41e3037b18268b2d7fdb6959ccedc63383eddde,-6.044407158890282,0.34269974372583384,0.9999940247783297,0.999999999999995,0.9960937499999993,192,"[24, 24, 24, 24, 24, 24, 24, 24]",0.06487958299112506,executed,2026-09-22T05:44:53.737724+00:00,0.999999999999998,-2.9937426608637584e-17,4.00703287193302e-17,-4.932865767963726e-16,0.9999999999999984,0.999999999999995,W2,W2/descending/seed307,30,False,results/stage4_v1/optimization/C_W2_descending_seed307_i30.npz
results/stage4_v1/density/11ca06f20586b67bd8087a36ccd6aec55a7d0d40c992cd30e84dace3a1d613d3.npz,33380f16148ae8cb2ee315dd3996d33461183c9c61ee3c22c6da5796fe5b6ade,0.3,0.375,6,0.01,d4217812b23350de4279a986c41e3037b18268b2d7fdb6959ccedc63383eddde,-2.888697397283768,0.1946459913467648,0.18451817466018258,0.037419207508015855,0.47526031760459797,192,"[24, 24, 24, 24, 24, 24, 24, 24]",0.13061437499709427,executed,2026-09-22T05:44:53.869040+00:00,0.9999999999999966,-6.085084693074894e-18,6.837354044672718e-18,0.0003918873105806057,0.18470628422286262,0.04117928872868767,W2,W2/descending/seed307,30,False,results/stage4_v1/optimization/C_W2_descending_seed307_i30.npz
results/stage4_v1/density/7de9c71718a84ad7d00dc6425038db0569369711bfb7bd84f0d72a512360683e.npz,2e26995f5071455a7e3690411a45394c91ce39ede3f25a9ac891c6e02f9274e3,0.3,0.375,6,0.05,d4217812b23350de4279a986c41e3037b18268b2d7fdb6959ccedc63383eddde,-0.1274937824219364,0.012631017465841375,0.004733867999709305,1.1764182564321341e-05,0.02157880681659097,192,"[24, 24, 24, 24, 24, 24, 24, 24]",0.1326886249880772,executed,2026-09-22T05:44:54.002203+00:00,0.9999999999999906,-2.5275463146068322e-18,5.590520121595875e-19,0.0034960023939465323,0.004793226839715927,0.0039179682287261795,W2,W2/descending/seed307,30,False,results/stage4_v1/optimization/C_W2_descending_seed307_i30.npz
results/stage4_v1/density/f3d4f8f80042d42234914edc770c8767f0cbf8f156fd2ec164542c27d0a9fb4d.npz,031bffd164af5b9da626712d0d99a63fce554c2fb62ae292c7d685c36950cc3d,0.3,0.3625,6,0,1b95fc7ba1a85c1d882404b1a6075d6ba215cbaaf31be07a3239799e0fef6a09,-6.011141940661327,0.32283548090696423,0.999993273226682,0.9999999999999918,0.9960937499999987,192,"[24, 24, 24, 24, 24, 24, 24, 24]",0.06706583299092017,executed,2026-09-22T05:44:54.069799+00:00,0.9999999999999964,-9.603977193324478e-18,4.231667607774315e-17,-8.386719067833677e-16,0.9999999999999966,0.9999999999999918,W2,W2/descending/seed307,29,False,results/stage4_v1/optimization/C_W2_descending_seed307_i29.npz
results/stage4_v1/density/fcbb4f423cf8fd70a7ce5af5b3d7314cf45cbc5957ca310ba2bacfbcd0d45595.npz,6e1185369c0f86c291cb392a25c04c0baec3cf9eea8b6941d16bd1eece768f25,0.3,0.3625,6,0.01,1b95fc7ba1a85c1d882404b1a6075d6ba215cbaaf31be07a3239799e0fef6a09,-2.86529788694909,0.18688816902073327,0.1837571192060071,0.037098955673711666,0.47300545887088585,192,"[24, 24, 24, 24, 24, 24, 24, 24]",0.13532100000884384,executed,2026-09-22T05:44:54.205529+00:00,0.9999999999999953,7.342759213158079e-17,1.1408362482102488e-17,0.00039465555817280046,0.18394219507081816,0.04086028787811123,W2,W2/descending/seed307,29,False,results/stage4_v1/optimization/C_W2_descending_seed307_i29.npz
results/stage4_v1/density/3b6d24ce43a822ce415635824e72b60234b616824f11bb7407fe51c82f2b4a68.npz,6d263092dc4af6696e7964e891e1c6ca9436b229fcf3070fc5c0f0297d14a68d,0.3,0.3625,6,0.05,1b95fc7ba1a85c1d882404b1a6075d6ba215cbaaf31be07a3239799e0fef6a09,-0.12528951411329645,0.012402858422455604,0.004718380158549356,1.1503106427189572e-05,0.02134617212431949,192,"[24, 24, 24, 24, 24, 24, 24, 24]",0.13235475000692531,executed,2026-09-22T05:44:54.338369+00:00,0.9999999999999889,5.942783157936171e-18,6.508388633361828e-19,0.0035012843131398217,0.004780579264979642,0.003917708172417708,W2,W2/descending/seed307,29,False,results/stage4_v1/optimization/C_W2_descending_seed307_i29.npz
results/stage4_v1/density/ed84d6ecda7093ed89ac2054aa9e42b6293f3665b68f72d0a3ded9b4bf9a866f.npz,8476eed46b69527bc11c92c7292af76f2b5dd0f730e26023afa1f439289a83fd,0.3,0.35,6,0,987f336002d9bdc3a9db36cc64ac1a6bb393ad4e850010dd4c6219e546bc212f,-5.979794601790075,0.30433128805274495,0.9999927463003966,1.0000000000000027,0.9960937500000002,192,"[24, 24, 24, 24, 24, 24, 24, 24]",0.06444462499348447,executed,2026-09-22T05:44:54.403271+00:00,1.0000000000000018,-1.1598893308830045e-16,5.427945321114595e-17,-9.480554020731224e-16,1.000000000000001,1.0000000000000027,W2,W2/descending/seed307,28,False,results/stage4_v1/optimization/C_W2_descending_seed307_i28.npz
results/stage4_v1/density/651aea91a2905dfd2ec5f8cd1187246705c3a4e5f7cca87aa058fe4ae1dbc961.npz,3a8f9aaddf3a7e7570b29d02ff84b21e5b501e93fc7edaaa0e22ec9d4ab97e3e,0.3,0.35,6,0.01,987f336002d9bdc3a9db36cc64ac1a6bb393ad4e850010dd4c6219e546bc212f,-2.841742004044236,0.17949234923329543,0.18304089767072754,0.036790102757100034,0.4707421239081825,192,"[24, 24, 24, 24, 24, 24, 24, 24]",0.13004274998093024,executed,2026-09-22T05:44:54.533718+00:00,0.9999999999999984,1.2969768488357847e-17,1.0551910960100404e-17,0.00039849439747372814,0.18322289416990734,0.04055264141820511,W2,W2/descending/seed307,28,False,results/stage4_v1/optimization/C_W2_descending_seed307_i28.npz
results/stage4_v1/density/aa955f69a60193d6becb54f0db7e6e858f8165148393b6987d40cb98e867dcee.npz,e4be91f6b1683ba8f1c2330c41182e18c7d0e893aeb05cbde1ac600a2f3be938,0.3,0.35,6,0.05,987f336002d9bdc3a9db36cc64ac1a6bb393ad4e850010dd4c6219e546bc212f,-0.12285831388696769,0.012142363490367541,0.0047021091864634,1.1196362856367856e-05,0.02106904279954873,192,"[24, 24, 24, 24, 24, 24, 24, 24]",0.13164962499286048,executed,2026-09-22T05:44:54.665794+00:00,0.9999999999999921,7.182839392716467e-19,8.680232302353658e-19,0.003507411992276312,0.004766611283737217,0.00391740262706396,W2,W2/descending/seed307,28,False,results/stage4_v1/optimization/C_W2_descending_seed307_i28.npz
results/stage4_v1/density/6a8b70aeebe3bd59651e4fa3d6fb3a65230ae9b3fe960be70e8a96376cfce520.npz,3559c02216e26ffc5986051cf5e1bd66c274acdb8cbedc4049891a95377bdc64,0.3,0.3375,6,0,4bdd078ef453b1409d9490df6f76461a0d91023bbda97b0ad28fb9ab86b6dab7,-5.9502330508021934,0.28710262297830835,0.999992457817779,1.0000000000000044,0.9960937500000013,192,"[24, 24, 24, 24, 24, 24, 24, 24]",0.06480666599236429,executed,2026-09-22T05:44:54.731034+00:00,1.0000000000000004,1.0608791202828573e-16,4.319045606620639e-17,-4.767716454121688e-16,1.000000000000002,1.0000000000000044,W2,W2/descending/seed307,27,False,results/stage4_v1/optimization/C_W2_descending_seed307_i27.npz
results/stage4_v1/density/fbe43a8227a73c64391024b173108a0d6a7829fa20ff622a3191f55c5f0fc88c.npz,06adf44876b9f1862c099ce52ed4760eda08646254d1a285d69d65fd80368995,0.3,0.3375,6,0.01,4bdd078ef453b1409d9490df6f76461a0d91023bbda97b0ad28fb9ab86b6dab7,-2.817421863661571,0.17245102099901122,0.18230380740290247,0.036470736781508,0.4683820178604795,192,"[24, 24, 24, 24, 24, 24, 24, 24]",0.13133508298778906,executed,2026-09-22T05:44:54.862816+00:00,0.9999999999999998,1.5043305143236374e-18,8.609002196500198e-18,0.0004034032474466249,0.18248148355773663,0.040234522965955234,W2,W2/descending/seed307,27,False,results/stage4_v1/optimization/C_W2_descending_seed307_i27.npz
results/stage4_v1/density/2b1d9a8f0a991fc7d5b44cd09da7d13fa06bdf194f1a09366387358e9ad7c5c7.npz,92a26dbeed8fb680406c22aa77ca0418ce9f08150dafb444ba40c192c185d12d,0.3,0.3375,6,0.05,4bdd078ef453b1409d9490df6f76461a0d91023bbda97b0ad28fb9ab86b6dab7,-0.12007677208262485,0.011850239841027716,0.004684546392315423,1.0828178031409422e-05,0.02072891948415176,192,"[24, 24, 24, 24, 24, 24, 24, 24]",0.1299552090058569,executed,2026-09-22T05:44:54.993255+00:00,0.9999999999999938,-4.160625836913123e-18,8.680232302353658e-19,0.003514783383631561,0.004750667594858867,0.003917035880460974,W2,W2/descending/seed307,27,False,results/stage4_v1/optimization/C_W2_descending_seed307_i27.npz
results/stage4_v1/density/4c1854a40f68bc851340eefcc0d0410858c2264ddce57a9ee4e0dd3c99773a51.npz,932a23944572f3035cb665c9898b1258955df3ebad531b9962be6ca7701cf384,0.3,0.325,6,0,b66a1c587dcbc2442f55e9181b76e314168ed9c8c853a391dff33af7288183de,-5.922335333443216,0.2710336482354397,0.9999924520423775,0.9999999999999964,0.9960937499999993,192,"[24, 24, 24, 24, 24, 24, 24, 24]",0.06573079200461507,executed,2026-09-22T05:44:55.059427+00:00,0.9999999999999987,1.896014431001787e-17,2.871805767347292e-17,-1.027277947714397e-15,0.9999999999999988,0.9999999999999964,W2,W2/descending/seed307,26,False,results/stage4_v1/optimization/C_W2_descending_seed307_i26.npz
results/stage4_v1/density/70794c1dfb542f5ec827796d0156d1fbeecf60fd47f3fb4f20c8f8223bd7f7e9.npz,cf5d6033e7da4d48cb6ee08f2188b590534d1b5df1d30c65faa34d7a62be73b3,0.3,0.325,6,0.01,b66a1c587dcbc2442f55e9181b76e314168ed9c8c853a391dff33af7288183de,-2.7928268882925007,0.16574056454167835,0.18163449341636345,0.03616821658571306,0.46594864075096554,192,"[24, 24, 24, 24, 24, 24, 24, 24]",0.13052020900067873,executed,2026-09-22T05:44:55.190346+00:00,0.9999999999999967,2.6508743117270583e-17,1.4846841437362876e-17,0.0004092790612882204,0.18180933818034822,0.039933184489675116,W2,W2/descending/seed307,26,False,results/stage4_v1/optimization/C_W2_descending_seed307_i26.npz
results/stage4_v1/density/b7755c7f3b01e5189336e7d3745d45a645b86e5344036ec749ba9dc0338fb9df.npz,196132513915479b599dea841bc9a5e794f331a3b3ae296c8146cecfa819829d,0.3,0.325,6,0.05,b66a1c587dcbc2442f55e9181b76e314168ed9c8c853a391dff33af7288183de,-0.1170092982045796,0.01151682400827772,0.004666187790976575,1.0405105171761973e-05,0.020325347951355204,192,"[24, 24, 24, 24, 24, 24, 24, 24]",0.13160612501087599,executed,2026-09-22T05:44:55.322379+00:00,0.9999999999999905,-1.448087526625952e-17,6.565292214992e-19,0.0035235794212588414,0.004733483822749686,0.003916614460229685,W2,W2/descending/seed307,26,False,results/stage4_v1/optimization/C_W2_descending_seed307_i26.npz
results/stage4_v1/density/30e8e1762afa196294c2f7a70f76a559f15f25ea9013e2440190bc92d16972e5.npz,2302e2435c5d7641d48ddb8af547634c8c5bc4aeaca3a725a1ed96b24e3033af,0.3,0.3125,6,0,6a0c7e6f879471e0e8ef30a94be10486ece4e108d1c36c34a61714a162aba5b4,-5.895992078470617,0.2559941694064636,0.999992691374945,0.9999999999999949,0.9960937499999983,192,"[24, 24, 24, 24, 24, 24, 24, 24]",0.0653406250057742,executed,2026-09-22T05:44:55.388179+00:00,0.9999999999999964,-4.0617956208142676e-17,4.1779924499657303e-17,-5.481976702743567e-16,0.9999999999999966,0.9999999999999949,W2,W2/descending/seed307,25,False,results/stage4_v1/optimization/C_W2_descending_seed307_i25.npz
results/stage4_v1/density/f658a5765d6bbc912ad47da369b0cba0e27cf4d2aec31d26781eb43deea56dcd.npz,e9bc1dad89485d8c9d4ed4dd2bfc43f585e742b35761662f2955d24324195c4c,0.3,0.3125,6,0.01,6a0c7e6f879471e0e8ef30a94be10486ece4e108d1c36c34a61714a162aba5b4,-2.769723631886753,0.15945550274933393,0.18094810457896623,0.03587447327602911,0.46378026689441426,192,"[24, 24, 24, 24, 24, 24, 24, 24]",0.13002554199192673,executed,2026-09-22T05:44:55.518630+00:00,0.9999999999999951,-4.54009659728305e-18,7.152448122690996e-18,0.00041465816204238124,0.18111715415730667,0.03964058861479462,W2,W2/descending/seed307,25,False,results/stage4_v1/optimization/C_W2_descending_seed307_i25.npz
results/stage4_v1/density/c6c184d6a8eddac0c22bf451d82a80b3ee3dbdbd72e49a557f57d46ff34f322c.npz,d42bbbdc9cb335ddc31cae68d5129635ce4b3c6a1cf103f388f1d11c73fc30e8,0.3,0.3125,6,0.05,6a0c7e6f879471e0e8ef30a94be10486ece4e108d1c36c34a61714a162aba5b4,-0.11426171221777554,0.011230267650760123,0.004649897784094963,1.0046134170086962e-05,0.01997817794766611,192,"[24, 24, 24, 24, 24, 24, 24, 24]",0.13111854199087247,executed,2026-09-22T05:44:55.650178+00:00,0.9999999999999887,7.20316818345057e-18,8.673617379884035e-19,0.003530794838488142,0.004717784398468361,0.003916256891458485,W2,W2/descending/seed307,25,False,results/stage4_v1/optimization/C_W2_descending_seed307_i25.npz
results/stage4_v1/density/308b29833f0f053dd6bbc4569dd0e7af99c60f76e3dd0ded6fbfecf76954e5d3.npz,b64219983b148ec2bed351518cc0441321e7d9d037e95aae0324b8e4ea0f48b1,0.3,0.3,6,0,b24f601a7e30b82191d0e8cd948df26cdf50655c322f7764121ad7ccb74d0fc5,-5.871106667743426,0.24185359090438327,0.9999931009928136,1.0000000000000027,0.9960937500000011,192,"[24, 24, 24, 24, 24, 24, 24, 24]",0.06668733400874771,executed,2026-09-22T05:44:55.717308+00:00,1.0000000000000004,3.408643221230556e-17,3.14577481590743e-17,-4.667267529845602e-16,1.0000000000000013,1.0000000000000027,W2,W2/descending/seed307,24,False,results/stage4_v1/optimization/C_W2_descending_seed307_i24.npz
results/stage4_v1/density/3f1d64e7203f24d7d2bf97a7045dcd98389d95b28371b5c74ad4978eba8b5850.npz,cf8c371fd56ebc4dbbaf7febd0cf035a65b8755dd06a3a2c8e448a1e5c5f5020,0.3,0.3,6,0.01,b24f601a7e30b82191d0e8cd948df26cdf50655c322f7764121ad7ccb74d0fc5,-2.7463081241889666,0.15339304267223997,0.18035853452946768,0.03560396043849398,0.46148354819116105,192,"[24, 24, 24, 24, 24, 24, 24, 24]",0.1317284999822732,executed,2026-09-22T05:44:55.849496+00:00,0.9999999999999998,3.995285005609084e-17,6.805474077711128e-18,0.00042098757447153957,0.18052443315464156,0.03937113246803112,W2,W2/descending/seed307,24,False,results/stage4_v1/optimization/C_W2_descending_seed307_i24.npz
results/stage4_v1/density/e9019a969e6d97373f7ec456976bfef10e71969c7a153249764c36af0a4e71f5.npz,c01a3636ecfb60bcd7cfaacd8ce4c7cf0952f5cfbff789eb54e8dc6f1bae6b7b,0.3,0.3,6,0.05,b24f601a7e30b82191d0e8cd948df26cdf50655c322f7764121ad7ccb74d0fc5,-0.11120829176562828,0.010891011677622022,0.004632623418354627,9.624671398566824e-06,0.019556214286257877,192,"[24, 24, 24, 24, 24, 24, 24, 24]",0.13336991702090017,executed,2026-09-22T05:44:55.983343+00:00,0.9999999999999936,3.598195959936268e-18,6.505213034913027e-19,0.003539728569471599,0.004700766877017036,0.003915837075025916,W2,W2/descending/seed307,24,False,results/stage4_v1/optimization/C_W2_descending_seed307_i24.npz
results/stage4_v1/density/99cd3add804e369bc38b9dd14e6c669866a2d98ca9aec123f55a98dd816b89bc.npz,4598a2b2a21936a5848060532a492f5a916ba3dc82ef099e67b3c5ef54beb78d,0.3,0.2875,6,0,e29875283c226f3ca65fdf53933cf96f6a734690ccd5beadfb62148f4eccccec,-5.847595447768308,0.22849006202285993,0.9999936166351797,0.9999999999999943,0.9960937499999987,192,"[24, 24, 24, 24, 24, 24, 24, 24]",0.06522529097856022,executed,2026-09-22T05:44:56.049013+00:00,0.9999999999999984,-9.964866168414013e-18,4.8496691610100924e-17,-6.426017507329661e-16,0.9999999999999978,0.9999999999999943,W2,W2/descending/seed307,23,False,results/stage4_v1/optimization/C_W2_descending_seed307_i23.npz
results/stage4_v1/density/4b140eea63119c76bdbcab33fd8667fcae4d154c0b9e887b9bad8ff52b3b65c6.npz,f72e92e74750fd27ad5a5350f51073d34c7b9512a812e0474826b396af6ce6b1,0.3,0.2875,6,0.01,e29875283c226f3ca65fdf53933cf96f6a734690ccd5beadfb62148f4eccccec,-2.7228917074690866,0.14753099910146605,0.17977225620323295,0.035333910615100154,0.459142768859727,192,"[24, 24, 24, 24, 24, 24, 24, 24]",0.13200366700766608,executed,2026-09-22T05:44:56.181415+00:00,0.9999999999999956,-3.9668246985813393e-17,9.341771812940338e-18,0.0004277959303692906,0.17993472605163496,0.03910213752675992,W2,W2/descending/seed307,23,False,results/stage4_v1/optimization/C_W2_descending_seed307_i23.npz
results/stage4_v1/density/3909c4b2a31f824a4a33fc38ef1d75f268e2d90b22e2780b1373aa44bc8e48fd.npz,06920bf7edf421500fb3086d6388fac214a18168dab5fb6da2a35da8cbd21d5b,0.3,0.2875,6,0.05,e29875283c226f3ca65fdf53933cf96f6a734690ccd5beadfb62148f4eccccec,-0.1080336749751202,0.01053376030364215,0.004615034000460183,9.180531881984562e-06,0.019098895970138485,192,"[24, 24, 24, 24, 24, 24, 24, 24]",0.13135908299591392,executed,2026-09-22T05:44:56.313239+00:00,0.9999999999999891,2.8392544391964147e-18,8.683141271781244e-19,0.0035492436608313945,0.004682884205781538,0.0039153946704293206,W2,W2/descending/seed307,23,False,results/stage4_v1/optimization/C_W2_descending_seed307_i23.npz
results/stage4_v1/density/1847113b6b9fb0250b76cb579f3418fe9e8a69993b4555c872472e0324581112.npz,abeb3a3931731fa689c8e23325345bf77563e82781f162f4305d9555118405c9,0.3,0.275,6,0,c41ae9bd0b6a8d9bc301cba50a67ebde1773330b77e70fb41c75915e66857079,-5.825386408103374,0.21579193794291437,0.9999942232278269,1.0000000000000084,0.9960937500000021,192,"[24, 24, 24, 24, 24, 24, 24, 24]",0.06662425000104122,executed,2026-09-22T05:44:56.380315+00:00,1.000000000000004,-7.053197029672256e-18,3.7782695702954997e-17,-9.116849650070995e-16,1.000000000000004,1.0000000000000084,W2,W2/descending/seed307,22,False,results/stage4_v1/optimization/C_W2_descending_seed307_i22.npz
results/stage4_v1/density/0c6e837f29d69a9fbd11b79cc54b051a16ffd42338f94bddb6801d18bf7af2c2.npz,ec9dce3c92d865c0af8146bca1506ac2ae4b7af9b8df4a7143a09b7f485576ba,0.3,0.275,6,0.01,c41ae9bd0b6a8d9bc301cba50a67ebde1773330b77e70fb41c75915e66857079,-2.6999269503738517,0.14184631814582832,0.17922849392663126,0.035077363765663554,0.45679852402351284,192,"[24, 24, 24, 24, 24, 24, 24, 24]",0.130468249990372,executed,2026-09-22T05:44:56.511233+00:00,1.0000000000000022,2.3296794181282277e-17,8.741117365843378e-18,0.00043492460188137216,0.17938799074665923,0.03884659281345393,W2,W2/descending/seed307,22,False,results/stage4_v1/optimization/C_W2_descending_seed307_i22.npz
results/stage4_v1/density/dbc891b2f252e9f8855e96729dfe7e7eaa21083739b309c42aab902e596d65e6.npz,4a7fffb74d7e6d126e17be892d9a61496f2d367d8c5fe214a4d3c20922a0e92f,0.3,0.275,6,0.05,c41ae9bd0b6a8d9bc301cba50a67ebde1773330b77e70fb41c75915e66857079,-0.1048436370066951,0.010164318888606035,0.00459756016252667,8.730102551785948e-06,0.018621246076523195,192,"[24, 24, 24, 24, 24, 24, 24, 24]",0.1324169580184389,executed,2026-09-22T05:44:56.644067+00:00,0.9999999999999962,-7.477606858360963e-18,5.449467699615607e-19,0.0035590283627889474,0.004664684909662527,0.003914946000588693,W2,W2/descending/seed307,22,False,results/stage4_v1/optimization/C_W2_descending_seed307_i22.npz
results/stage4_v1/density/1fc5ff41b07380fe46ae7481caa0e45d60ed6ec8eddca67f69fdcc4685b257ff.npz,92c7310e5977abdfb86b3b33e1cdf48582794fa30fa71de2f92533b4f4534122,0.3,0.2625,6,0,381cb90c8ece1f3f428219f77b9597c9c0b9dbd81ccea68b868c450056e3f14f,-5.8044179967906615,0.20366250291077576,0.9999948910291003,0.999999999999996,0.9960937499999996,192,"[24, 24, 24, 24, 24, 24, 24, 24]",0.06563749999622814,executed,2026-09-22T05:44:56.710125+00:00,0.9999999999999973,1.30175537197283e-16,7.534698080700593e-17,-5.331612916927889e-16,0.9999999999999981,0.999999999999996,W2,W2/descending/seed307,21,False,results/stage4_v1/optimization/C_W2_descending_seed307_i21.npz
results/stage4_v1/density/971bff123f1401add6af3c298f91b935ad2de1629c09d47774ec0987107255d6.npz,aec3384b4c694d6db1702abe0d8bfaaca72011404c8d4cf47d43cc243c80b551,0.3,0.2625,6,0.01,381cb90c8ece1f3f428219f77b9597c9c0b9dbd81ccea68b868c450056e3f14f,-2.6776500391928937,0.13631304023485538,0.1787379457989708,0.034838677508113834,0.45447661202733747,192,"[24, 24, 24, 24, 24, 24, 24, 24]",0.13151695800479501,executed,2026-09-22T05:44:56.842046+00:00,0.9999999999999972,-3.946495907847236e-17,8.675141905209383e-18,0.00044213609093216277,0.1788954729275447,0.03860883892409776,W2,W2/descending/seed307,21,False,results/stage4_v1/optimization/C_W2_descending_seed307_i21.npz
results/stage4_v1/density/413b715f94a1cf05b800cf78697338743e891fe4f9e580c36f09e355318e992d.npz,a658d433f43309f3c7895634b54af077e558e2f93aefa205b23da9aece4aedca,0.3,0.2625,6,0.05,381cb90c8ece1f3f428219f77b9597c9c0b9dbd81ccea68b868c450056e3f14f,-0.10172470129155702,0.009788374673087014,0.0045805581344965755,8.28753743126296e-06,0.018137216059778014,192,"[24, 24, 24, 24, 24, 24, 24, 24]",0.13063308299751952,executed,2026-09-22T05:44:56.973090+00:00,0.9999999999999911,-1.2231155758352097e-18,8.675999332981619e-19,0.003568789485727504,0.004646678737209866,0.003914505164238172,W2,W2/descending/seed307,21,False,results/stage4_v1/optimization/C_W2_descending_seed307_i21.npz
results/stage4_v1/density/9f830c2fee9a4340f17f0180ee22a5d590c397ce3068e31e6780a1ad339dec10.npz,3bfaa7b3c2e0a60f59e50c65b2bcc1ec26013c0bad045f14401f2314b24c6765,0.3,0.25,6,0,0be03ca2d72521c9268d9198981ef73c5c45ee9c43f8326885030bb5f8ed1087,-5.784637794548835,0.19201558440683147,0.9999955664194045,1.0000000000000036,0.9960937500000002,192,"[24, 24, 24, 24, 24, 24, 24, 24]",0.06641158400452696,executed,2026-09-22T05:44:57.040001+00:00,1.0000000000000022,-3.94327718264767e-17,3.4566841014530655e-17,-5.2465212462832125e-16,1.0000000000000013,1.0000000000000036,W2,W2/descending/seed307,20,False,results/stage4_v1/optimization/C_W2_descending_seed307_i20.npz
results/stage4_v1/density/056dece959bd64434ce23fa2fc73016f75d2eee377ba7bb73358804ea88a35c5.npz,b5f49e18fdd046688ec5a3ba0749ee5a689465243f2bdd5570b74aa5f80770c2,0.3,0.25,6,0.01,0be03ca2d72521c9268d9198981ef73c5c45ee9c43f8326885030bb5f8ed1087,-2.655095519212469,0.13080282467367893,0.17828732124459523,0.03460611329991332,0.4519902896421368,192,"[24, 24, 24, 24, 24, 24, 24, 24]",0.1311765410064254,executed,2026-09-22T05:44:57.171685+00:00,1.0000000000000002,-6.896881069723415e-17,1.179739509965479e-17,0.00045011778642833867,0.17844421272142955,0.03837718316983553,W2,W2/descending/seed307,20,False,results/stage4_v1/optimization/C_W2_descending_seed307_i20.npz
results/stage4_v1/density/89b9211370dacd994966bff13a54c2b4a1c4a306280f6d2eef3f58292e905e3c.npz,6f2c47172d7a9a084bcfc8ebdf09fe7f2d12bec2267ae56e247f701ec1844f9e,0.3,0.25,6,0.05,0be03ca2d72521c9268d9198981ef73c5c45ee9c43f8326885030bb5f8ed1087,-0.09844452498621784,0.009376441366471118,0.0045626722793742185,7.811318464152922e-06,0.017597713442977756,192,"[24, 24, 24, 24, 24, 24, 24, 24]",0.13313208302133717,executed,2026-09-22T05:44:57.305278+00:00,0.9999999999999939,1.2895229588999468e-17,1.084392738151173e-18,0.0035794705752558702,0.004627320688211018,0.003914030805501402,W2,W2/descending/seed307,20,False,results/stage4_v1/optimization/C_W2_descending_seed307_i20.npz
results/stage4_v1/density/afecfdb6eafda7c6458f48d6b01955331f335207f41b147fcd0c6a66f24775e6.npz,f3e36211b5f7cb2c676ac2c7a75cdcad999c6906bfac15e91df94ce4d97e15d2,0.8,0.35,6,0,1bc771059ec6bd3f576f9f673b7bc7d25f8556288a26485436f1bcc8d15cc5a2,-6.735359349457332,0.2621508359398224,0.9998912459705102,0.9999999999999893,0.9960937499999972,192,"[24, 24, 24, 24, 24, 24, 24, 24]",0.06647716599400155,executed,2026-09-22T05:45:00.700078+00:00,0.9999999999999958,9.845581430127946e-17,8.036564042647813e-17,-5.632574869508006e-16,0.9999999999999948,0.9999999999999893,W3,W3/ascending/seed101,28,False,results/stage4_v1/optimization/C_W3_ascending_seed101_i28.npz
results/stage4_v1/density/109357ec6492e28fd556efd7d7dea699060d351fbb644e9e59887ce583880806.npz,30b978d341c7e9d4f98efbef0ca289808155825786bb55a61c61b09a67680907,0.8,0.35,6,0.01,1bc771059ec6bd3f576f9f673b7bc7d25f8556288a26485436f1bcc8d15cc5a2,-3.17193678187378,0.1261012164114901,0.18542995742431378,0.038094018733760324,0.48671061504329893,192,"[24, 24, 24, 24, 24, 24, 24, 24]",0.13277858300716616,executed,2026-09-22T05:45:00.833292+00:00,0.9999999999999936,-7.111730976794468e-17,2.168404344971009e-17,0.00041253802194345606,0.18551907606082121,0.04185146397308157,W3,W3/ascending/seed101,28,False,results/stage4_v1/optimization/C_W3_ascending_seed101_i28.npz
results/stage4_v1/density/22f7826469013eeb3010eeaa8c03c90ea1d309c63ce6a7c6f5c7143c2b0a6bbd.npz,e5258eff2c595abd7bdf57a31a1b9c8d49351129e0fcb76b846480e5a3ec80bb,0.8,0.35,6,0.05,1bc771059ec6bd3f576f9f673b7bc7d25f8556288a26485436f1bcc8d15cc5a2,-0.14986316535627403,0.006419607870246968,0.0048288994875863266,1.300494263760883e-05,0.022186785407610432,192,"[24, 24, 24, 24, 24, 24, 24, 24]",0.13162070800899528,executed,2026-09-22T05:45:00.965333+00:00,0.9999999999999868,3.147680311115387e-17,8.91078660511524e-19,0.003498376006144832,0.004836549036873536,0.003919204142080431,W3,W3/ascending/seed101,28,False,results/stage4_v1/optimization/C_W3_ascending_seed101_i28.npz
results/stage4_v1/density/8c73eee74c64f5413fea853eb24246e1d157d89f67e11ed8e0e33a4083ed1ed4.npz,6d22766762e99cf5dd04f02904d1f2f4de5c2bead01548b26b7229c56f3d47dc,0.8,0.3625,6,0,c61a6995e8ede579032cb138c312d777f56dda1d70b31bb20c61269897d04d89,-6.762315190665275,0.2755191430680896,0.9998983854381065,1.0000000000000022,0.9960937500000004,192,"[24, 24, 24, 24, 24, 24, 24, 24]",0.0628210409777239,executed,2026-09-22T05:45:01.028564+00:00,1.0000000000000013,-7.763284601690237e-17,1.6883057536160646e-16,-4.784482480354958e-16,1.0000000000000002,1.0000000000000022,W3,W3/ascending/seed101,29,False,results/stage4_v1/optimization/C_W3_ascending_seed101_i29.npz
results/stage4_v1/density/441d88ac617fe8a7d2108936934a6a3a453c8c084ea2df20262998f9b8466bf3.npz,cab9b498bfce9bdf0ebd09d05379571b2768db8745ef0d9c8c4761d1aa22d0c1,0.8,0.3625,6,0.01,c61a6995e8ede579032cb138c312d777f56dda1d70b31bb20c61269897d04d89,-3.3509039196013237,0.153060693170349,0.19450133581043977,0.04194646623013107,0.5069572850248949,192,"[24, 24, 24, 24, 24, 24, 24, 24]",0.1326668330002576,executed,2026-09-22T05:45:01.161634+00:00,0.9999999999999999,2.7189810546422244e-17,3.683033343692244e-17,0.00027082316153700757,0.1947097987834904,0.04568886284641962,W3,W3/ascending/seed101,29,False,results/stage4_v1/optimization/C_W3_ascending_seed101_i29.npz
results/stage4_v1/density/52f4464befbebd944e11bb3bf55ed1b627e4ebadca425da2f02e0722f980babb.npz,4799ee12b59bc81f0b7d0c8c0819790fe7bc9553d50d44e2a424b6af4df48a7e,0.8,0.3625,6,0.05,c61a6995e8ede579032cb138c312d777f56dda1d70b31bb20c61269897d04d89,-0.19908295418139257,0.010017833518517186,0.0050949660049729745,2.2922086019733767e-05,0.02950162225864208,192,"[24, 24, 24, 24, 24, 24, 24, 24]",0.13313429098343477,executed,2026-09-22T05:45:01.295208+00:00,0.9999999999999929,2.0415188094723147e-17,8.74138001566438e-19,0.003339049438367708,0.005110103489242608,0.003929082546621219,W3,W3/ascending/seed101,29,False,results/stage4_v1/optimization/C_W3_ascending_seed101_i29.npz
results/stage4_v1/density/ecbffdda35ec5da89665bc9401618d091fdfa394e0cf9f2b1b82484f98e49c24.npz,210d147154e72df0f93d528e6ed838fece94998f7a9fa448aaa85f574a3d1fc1,0.8,0.375,6,0,6a32666eaa4dbe206a3e39c9ef5d379f601540c4ff53c38df13d33d7a988814b,-6.790542821182395,0.28910957768509793,0.9998711669318714,0.999999999999998,0.9960937500000003,192,"[24, 24, 24, 24, 24, 24, 24, 24]",0.0648870829900261,executed,2026-09-22T05:45:01.360750+00:00,0.9999999999999989,3.1327460614641095e-17,9.194034422677078e-17,-5.766588709226462e-16,1.0000000000000007,0.999999999999998,W3,W3/ascending/seed101,30,False,results/stage4_v1/optimization/C_W3_ascending_seed101_i30.npz
results/stage4_v1/density/9a9a6e2a902e9b973df3f5cbfe80c6f1280d21482fe5ffffa73f268aec3b49c6.npz,23109ae9e95ed4da05c26472f8c88313a2f426efbaff3e4c0b3edf124afb6b54,0.8,0.375,6,0.01,6a32666eaa4dbe206a3e39c9ef5d379f601540c4ff53c38df13d33d7a988814b,-3.373990177641045,0.15952244758954545,0.19514733164067583,0.04216745857180029,0.5064741098805221,192,"[24, 24, 24, 24, 24, 24, 24, 24]",0.13054625000222586,executed,2026-09-22T05:45:01.491749+00:00,0.9999999999999962,7.121027163390584e-17,1.9949319973733282e-17,0.00027024142102748106,0.1953738869007714,0.0459089919367542,W3,W3/ascending/seed101,30,False,results/stage4_v1/optimization/C_W3_ascending_seed101_i30.npz
results/stage4_v1/density/1b658d0b47357ab3eb95ca26c52ea8913d687cae96b3e3160e67e6f55e54f3cb.npz,87536039d5da1cf18f97fdaefd79de131a54a29e719ddf747fea95bb7a1e7a02,0.8,0.375,6,0.05,6a32666eaa4dbe206a3e39c9ef5d379f601540c4ff53c38df13d33d7a988814b,-0.20237214571464063,0.01045790716963866,0.005098475459173916,2.307820461717692e-05,0.029661174353515028,192,"[24, 24, 24, 24, 24, 24, 24, 24]",0.1347738339973148,executed,2026-09-22T05:45:01.626947+00:00,0.9999999999999906,6.44380314623709e-18,7.589415207398531e-19,0.0033347030283349876,0.005114294851060432,0.003929238055380391,W3,W3/ascending/seed101,30,False,results/stage4_v1/optimization/C_W3_ascending_seed101_i30.npz
results/stage4_v1/density/4899e496ef3363490c1da2c28719b62ffef3a885442e334394fc5267cc88400f.npz,f35e48729128f938a982e684e8de6d353832d2e3e7eb8dd5b113081cb07d5bd2,0.8,0.3875,6,0,452411bec56c4d1c5f663a7766795494b8ea6373007e271e2f0dacd515db8b23,-6.820153215661273,0.3031765967097496,0.9998386746643656,0.9999999999999998,0.9960937499999994,192,"[24, 24, 24, 24, 24, 24, 24, 24]",0.06518945898278616,executed,2026-09-22T05:45:01.692596+00:00,0.9999999999999993,-3.933028083985893e-17,4.066556763986789e-17,-6.01712938494269e-16,0.9999999999999984,0.9999999999999998,W3,W3/ascending/seed101,31,False,results/stage4_v1/optimization/C_W3_ascending_seed101_i31.npz
results/stage4_v1/density/c346768f804f0a577de7f2bdc4cbe1cde2029f20583ff2c6b42e7518c5a625d6.npz,65bcff1fb32426f954068e1338b03a76c9806a7624ee1eb6b90942fa0608ff4e,0.8,0.3875,6,0.01,452411bec56c4d1c5f663a7766795494b8ea6373007e271e2f0dacd515db8b23,-3.3982062484218334,0.1660689953897798,0.19581740417914284,0.04239951477421915,0.5059710820963058,192,"[24, 24, 24, 24, 24, 24, 24, 24]",0.13174258300568908,executed,2026-09-22T05:45:01.824789+00:00,0.9999999999999978,1.993650860040606e-17,2.1308917331381085e-17,0.0002696003939102727,0.1960631591893905,0.04614014166963236,W3,W3/ascending/seed101,31,False,results/stage4_v1/optimization/C_W3_ascending_seed101_i31.npz
results/stage4_v1/density/d3c73518e72a51b8380c05ae638a9fd34fdf3fa3a83b22afce9d1e405ff00b0c.npz,68743f0b6f0c1894f207767a1df9f528361da02667dce54d59b76ab5211422e1,0.8,0.3875,6,0.05,452411bec56c4d1c5f663a7766795494b8ea6373007e271e2f0dacd515db8b23,-0.20577928302941348,0.010898746453584502,0.005102724387407243,2.324562034596028e-05,0.02982301874288979,192,"[24, 24, 24, 24, 24, 24, 24, 24]",0.13211825001053512,executed,2026-09-22T05:45:01.957331+00:00,0.9999999999999907,3.2335482761432915e-18,6.979551485375435e-19,0.003330275793636453,0.0051192323410364105,0.003929404817141484,W3,W3/ascending/seed101,31,False,results/stage4_v1/optimization/C_W3_ascending_seed101_i31.npz
results/stage4_v1/density/edf47d3e920b8bbb16c3b3e50c0ce51d36d384490c1ff826052edf4b4f03678f.npz,d2b711171116efdffdbe761905c5b65a6944ce4eb5a013e3b7d748bf681bbc7d,0.8,0.4,6,0,8a3992beb78da342e08d2c40a403d156506b2e7da23dd1146e651da4f4273053,-6.851194633706945,0.31773350742722756,0.9998006081615254,1.0000000000000036,0.9960937500000009,192,"[24, 24, 24, 24, 24, 24, 24, 24]",0.06558370901620947,executed,2026-09-22T05:45:02.023340+00:00,1.000000000000003,-1.597904361589188e-16,7.0310155614222e-17,-5.502618358922995e-16,1.0000000000000027,1.0000000000000036,W3,W3/ascending/seed101,32,False,results/stage4_v1/optimization/C_W3_ascending_seed101_i32.npz
results/stage4_v1/density/b82009f4e0fd24b180e960993c880a627722a5e649629cb9475e542bf5f8befc.npz,061ab9d39d4cfeb449e5f675de949fdce858542ece11c9c5753729cf617cc250,0.8,0.4,6,0.01,8a3992beb78da342e08d2c40a403d156506b2e7da23dd1146e651da4f4273053,-3.425139964406555,0.17298234694532266,0.1966088961062682,0.04268536241111568,0.5057038737193327,192,"[24, 24, 24, 24, 24, 24, 24, 24]",0.13122016700799577,executed,2026-09-22T05:45:02.154986+00:00,1.0000000000000013,-4.315082294844945e-17,2.855797577911472e-17,0.00026838485492560333,0.19687511880019576,0.04642487271419726,W3,W3/ascending/seed101,32,False,results/stage4_v1/optimization/C_W3_ascending_seed101_i32.npz
results/stage4_v1/density/5604c77bf14b107ab8dfb073a875fcf8178a73d0cdddf4ee09ff414b832b4178.npz,f63e4c577f8ffa1498651c0715979909a9a4ab567df67267985f69ce61f5b0b2,0.8,0.4,6,0.05,8a3992beb78da342e08d2c40a403d156506b2e7da23dd1146e651da4f4273053,-0.20976121783814267,0.011398636669645724,0.005110208859033684,2.3532039341878738e-05,0.030058072160066104,192,"[24, 24, 24, 24, 24, 24, 24, 24]",0.13351045799208805,executed,2026-09-22T05:45:02.288937+00:00,0.9999999999999949,3.356113943610989e-17,9.622294280808852e-19,0.0033247878439633246,0.0051276248697864745,0.0039296901173131995,W3,W3/ascending/seed101,32,False,results/stage4_v1/optimization/C_W3_ascending_seed101_i32.npz
results/stage4_v1/density/b93462124f0bc3716de8fa358b3713cc31137667c5b5d0cfb1bc1e8cb4970edb.npz,8629f1e2c00d04d244e0dc243b75db6b5993e9279de8c02759f3d057193a6ef9,0.8,0.4125,6,0,e389db74f5142cbc32da3ffb08031adb5ce3d4d53278e986b461b095af6c13a1,-6.883716595234561,0.3327888390931988,0.9997564620076269,0.9999999999999982,0.9960937499999997,192,"[24, 24, 24, 24, 24, 24, 24, 24]",0.06555662499158643,executed,2026-09-22T05:45:02.354951+00:00,0.9999999999999993,6.01467507933438e-18,1.6855407424696038e-16,-6.98802700000768e-16,0.9999999999999993,0.9999999999999982,W3,W3/ascending/seed101,33,False,results/stage4_v1/optimization/C_W3_ascending_seed101_i33.npz
results/stage4_v1/density/27d1b9e72bc8d4dd3da13eceabf060db9e232902d77e1e152f6621706e27314b.npz,33626c074452e02bf813ec857c9366c796c243fffc15c48c42f4bbe01f332178,0.8,0.4125,6,0.01,e389db74f5142cbc32da3ffb08031adb5ce3d4d53278e986b461b095af6c13a1,-3.4539620960439277,0.18010730906057065,0.1974758024058617,0.04300462727826347,0.5055735397858196,192,"[24, 24, 24, 24, 24, 24, 24, 24]",0.13736829202389345,executed,2026-09-22T05:45:02.492781+00:00,0.9999999999999981,1.7381963110605497e-17,1.9081958235744878e-17,0.00026688737836590826,0.1977635500857139,0.04674289045295776,W3,W3/ascending/seed101,33,False,results/stage4_v1/optimization/C_W3_ascending_seed101_i33.npz
results/stage4_v1/density/029bfaa277573269b9dbb8c7630000d3ae7e14a16f9899230f7d18ce9bc2edfc.npz,519cee8e7c6b8cb420de2420e9217e9a4d748fb664ebd79930b3644b136840bd,0.8,0.4125,6,0.05,e389db74f5142cbc32da3ffb08031adb5ce3d4d53278e986b461b095af6c13a1,-0.2140859969137742,0.011921496906267615,0.005119705530794757,2.3880377732217705e-05,0.030329439954539402,192,"[24, 24, 24, 24, 24, 24, 24, 24]",0.1350781660003122,executed,2026-09-22T05:45:02.628341+00:00,0.9999999999999918,-1.2013468290907742e-17,5.926810042546634e-19,0.0033186870966664477,0.005138170553258681,0.003930037095006701,W3,W3/ascending/seed101,33,False,results/stage4_v1/optimization/C_W3_ascending_seed101_i33.npz
results/stage4_v1/density/e2bb3d53418c3ba2e1de2bd1b366f94a7a2e0de1c4c6ef6725a376cac93fa544.npz,e80530684243513496c769a5774fd7c630b57252f09040235e5f89697857534d,0.8,0.425,6,0,d0090ee5c435274b91897e6534a2f75e36d79ee2e3c23349e5b431c18dc313ad,-6.917769307991275,0.34834855323280267,0.9997062664554525,1.0000000000000018,0.9960937499999994,192,"[24, 24, 24, 24, 24, 24, 24, 24]",0.06459525000536814,executed,2026-09-22T05:45:02.693428+00:00,0.999999999999999,-6.700030612781516e-18,9.022229924233907e-17,-4.660457479386169e-16,0.9999999999999977,1.0000000000000018,W3,W3/ascending/seed101,34,False,results/stage4_v1/optimization/C_W3_ascending_seed101_i34.npz
results/stage4_v1/density/9440e2f1ebf2f1adb7258c690e0f932483bea446a5cc7056a9e048c1ca584d94.npz,05ebc24d2d414b912b8ebdce1cd3bc9329ef32bebd73c6daba7ffc67aba36ab4,0.8,0.425,6,0.01,d0090ee5c435274b91897e6534a2f75e36d79ee2e3c23349e5b431c18dc313ad,-3.484383713134733,0.1874903841545605,0.19843992647435127,0.04336447520199361,0.5055901382915016,192,"[24, 24, 24, 24, 24, 24, 24, 24]",0.1336431670060847,executed,2026-09-22T05:45:02.827483+00:00,0.9999999999999982,-6.0241512604317874e-18,1.6481299541844817e-17,0.0002653248765343998,0.19875092178223436,0.04710133272073582,W3,W3/ascending/seed101,34,False,results/stage4_v1/optimization/C_W3_ascending_seed101_i34.npz
results/stage4_v1/density/9d8bd38cff285c35708a878d9a1d4ca169949f6d2d9bc1e66903b2a9dbe8485d.npz,05e6a7ffc883433f3fc6b82e7ce61d6c309a455a2c473065be9398f4beeccafe,0.8,0.425,6,0.05,d0090ee5c435274b91897e6534a2f75e36d79ee2e3c23349e5b431c18dc313ad,-0.21872040353120112,0.012474042180625642,0.005131104370990714,2.428590192099054e-05,0.030634852541021728,192,"[24, 24, 24, 24, 24, 24, 24, 24]",0.13367999999900348,executed,2026-09-22T05:45:02.961578+00:00,0.9999999999999918,2.783350264677631e-18,5.624298769768554e-19,0.003312085550014406,0.0051509010663069585,0.003930441035116612,W3,W3/ascending/seed101,34,False,results/stage4_v1/optimization/C_W3_ascending_seed101_i34.npz
results/stage4_v1/density/74c6f79d261622415f8b1531edcc1c756af28e5556feb90ae97f42d4bc74df24.npz,53d7798ce9854bdd8015c3ba75dd5cf021ab856a8e8b3d05deeecd063ead8cce,0.8,0.4375,6,0,00021d1e3a9aab5bc9e3fd1575a013247a00a53a6cf3b9118e58830423a4eb23,-6.953402860772748,0.36440420761143005,0.9996501900708972,0.9999999999999982,0.9960937499999992,192,"[24, 24, 24, 24, 24, 24, 24, 24]",0.06500004199915566,executed,2026-09-22T05:45:03.027073+00:00,0.9999999999999997,-7.405566706196985e-17,5.991705756259507e-17,-4.904788961116058e-16,0.9999999999999994,0.9999999999999982,W3,W3/ascending/seed101,35,False,results/stage4_v1/optimization/C_W3_ascending_seed101_i35.npz
results/stage4_v1/density/e40a725db2aba6d3c9c9d0c244f52cae8a2880d1104bd30b662dfe032f97328f.npz,173327a1289ce566bda51267f7dbfa76c6f00c0f369c1508b829711bd7ebe7c6,0.8,0.4375,6,0.01,00021d1e3a9aab5bc9e3fd1575a013247a00a53a6cf3b9118e58830423a4eb23,-3.517389237133629,0.19515732429181215,0.19951002019636832,0.04377364255891701,0.5058913797452019,192,"[24, 24, 24, 24, 24, 24, 24, 24]",0.12981062498874962,executed,2026-09-22T05:45:03.157306+00:00,0.9999999999999976,-5.881627379144411e-17,1.5612511283791264e-17,0.00026321230757367305,0.19984513677080973,0.047508901767671245,W3,W3/ascending/seed101,35,False,results/stage4_v1/optimization/C_W3_ascending_seed101_i35.npz
results/stage4_v1/density/d40e8e5555d6972042d4e0a7f12e17eef4474bf22ffdbd53d0f41acab3dab976.npz,ff1e683cc8db3d531f6690bbe575e9e1599e6ee3e3d192456f43875a670aa3f5,0.8,0.4375,6,0.05,00021d1e3a9aab5bc9e3fd1575a013247a00a53a6cf3b9118e58830423a4eb23,-0.22389761973815983,0.013069769605242696,0.005145779058166794,2.480420324479447e-05,0.03100787210899464,192,"[24, 24, 24, 24, 24, 24, 24, 24]",0.1306349580117967,executed,2026-09-22T05:45:03.288431+00:00,0.9999999999999902,2.6727277617662193e-17,6.979551485375435e-19,0.003304427130905134,0.005167169720262523,0.0039309573118258695,W3,W3/ascending/seed101,35,False,results/stage4_v1/optimization/C_W3_ascending_seed101_i35.npz
results/stage4_v1/density/fdd42dca37769714e72e9c40f5609e6e1da96fe5b2ef1c2a91740f055e31657e.npz,452ce53caa22b1e7517a844b393349b97d98f1e052d03ee58c49f64ea6da1ea1,0.8,0.45,6,0,121c1ec93bd68283f359133cfd68ca433e78f5927d6343dea1ded7c6c0203380,-6.990666271742229,0.3809413941381033,0.9995889344526085,1.0000000000000089,0.9960937500000019,192,"[24, 24, 24, 24, 24, 24, 24, 24]",0.06595362498774193,executed,2026-09-22T05:45:03.354905+00:00,1.0000000000000044,2.8125326672929097e-16,2.562756726049955e-16,-4.610501973691044e-16,1.000000000000004,1.0000000000000089,W3,W3/ascending/seed101,36,False,results/stage4_v1/optimization/C_W3_ascending_seed101_i36.npz
results/stage4_v1/density/b1a8448db6f950074396312c5728ec86c15ad29e75b5375431728e8940ed48c5.npz,39bb16a6eeafac892a67d3a7f64f67b35d33622c5473c3029c5468c2c54b6e25,0.8,0.45,6,0.01,121c1ec93bd68283f359133cfd68ca433e78f5927d6343dea1ded7c6c0203380,-3.552883929865631,0.2031205346354351,0.20069475771150194,0.044235614392647726,0.5064298361179356,192,"[24, 24, 24, 24, 24, 24, 24, 24]",0.13211441598832607,executed,2026-09-22T05:45:03.487487+00:00,1.000000000000004,2.851112900457975e-17,1.3010426069826053e-17,0.0002606206076947999,0.20105508734541871,0.04796906902392645,W3,W3/ascending/seed101,36,False,results/stage4_v1/optimization/C_W3_ascending_seed101_i36.npz
results/stage4_v1/density/4d4430e4673597b2befecfffd8d0e0150507e415f68a6f724028e29239654703.npz,cd76ccf7fcffda111a6175e00b5798039c11a05cab1a764fbd0ab709ab9a5dee,0.8,0.45,6,0.05,121c1ec93bd68283f359133cfd68ca433e78f5927d6343dea1ded7c6c0203380,-0.229625392797966,0.013713007883318747,0.005163819614862775,2.543952996095625e-05,0.03144506270688477,192,"[24, 24, 24, 24, 24, 24, 24, 24]",0.1303165830031503,executed,2026-09-22T05:45:03.618259+00:00,0.9999999999999972,-1.239717421601394e-17,6.437450399132683e-19,0.003295687607888256,0.005187139124613103,0.003931590156797046,W3,W3/ascending/seed101,36,False,results/stage4_v1/optimization/C_W3_ascending_seed101_i36.npz
results/stage4_v1/density/d2e09aedbec3bbf6a1892ab7171ccf1dfb2d38dc0235311604b46ba1bb9714d3.npz,2073cf4bfea8bcb8f0e2ec8518c1df59c4bbb03e89f34d6503d9ac63c5acbeda,0.8,0.4625,6,0,d917856ce42ef3fffe837bf065ea828e3d313ff62464e0740b02c42a85b4384a,-7.029606262902128,0.3979289362024593,0.9995232118317974,1.0000000000000044,0.9960937500000009,192,"[24, 24, 24, 24, 24, 24, 24, 24]",0.06635637499857694,executed,2026-09-22T05:45:03.685100+00:00,1.0000000000000018,1.3514198915205548e-17,6.316015079719607e-17,-5.8963723192196e-16,1.0000000000000007,1.0000000000000044,W3,W3/ascending/seed101,37,False,results/stage4_v1/optimization/C_W3_ascending_seed101_i37.npz
results/stage4_v1/density/422e6040a3d51c6a675c897c907859a96f7e807202b66f529603ac01204512df.npz,6de2cf0c2ce0c7df07de556d735af66727a1b4553f8c06b335ec033a47850c0f,0.8,0.4625,6,0.01,d917856ce42ef3fffe837bf065ea828e3d313ff62464e0740b02c42a85b4384a,-3.591084889754802,0.2113564791925428,0.20198710727646815,0.044750142591134426,0.5072598413834262,192,"[24, 24, 24, 24, 24, 24, 24, 24]",0.13472604198614135,executed,2026-09-22T05:45:03.820289+00:00,1.0000000000000013,4.0318768289304696e-19,1.393864076242399e-17,0.00025743040598993135,0.2023732219946796,0.04848158734663781,W3,W3/ascending/seed101,37,False,results/stage4_v1/optimization/C_W3_ascending_seed101_i37.npz
results/stage4_v1/density/31230a4a5d75ce9033cdd15912e8ebe277c37921293e7796842b15246db36c52.npz,87d724d3648b1252e8a9e8eea4cb12a0ee594fe7bd6b0bb09de71b3c276e7674,0.8,0.4625,6,0.05,d917856ce42ef3fffe837bf065ea828e3d313ff62464e0740b02c42a85b4384a,-0.23595596106217614,0.014404791967412796,0.005185662116993017,2.621063480354735e-05,0.03195279935765038,192,"[24, 24, 24, 24, 24, 24, 24, 24]",0.13514641698566265,executed,2026-09-22T05:45:03.955865+00:00,0.9999999999999949,-7.882488607148519e-18,6.574023462990581e-19,0.0032857492876725144,0.005211201147941425,0.003932358249511346,W3,W3/ascending/seed101,37,False,results/stage4_v1/optimization/C_W3_ascending_seed101_i37.npz
results/stage4_v1/density/89a3cdf591d8e88a4a6c4820fa6cd71c6bfa85bf64a649efd38461d3a3e327e9.npz,50580ae6a37c9ade8bde7324ddd077528ac00cdf6a6df7dba1e3e9e49e2013f5,0.8,0.475,6,0,7b9f3979ccfb574ddd8d2b3ab71626013d022ac692138012c90fa3ad261ad141,-7.070265806619586,0.4153238486755727,0.999454009406485,0.9999999999999979,0.9960937499999993,192,"[24, 24, 24, 24, 24, 24, 24, 24]",0.06534979198477231,executed,2026-09-22T05:45:04.021635+00:00,0.9999999999999984,7.004538957319437e-17,3.061430632633736e-16,-5.52361667956304e-16,0.9999999999999982,0.9999999999999979,W3,W3/ascending/seed101,38,False,results/stage4_v1/optimization/C_W3_ascending_seed101_i38.npz
results/stage4_v1/density/8619859ad7915df62c414b4d75fafeaca24a7aad0c03a12e108ea54786f14d81.npz,4a9d10d784462a41c024127bae99b91093e50ccc18282868d31193771a4bd8b0,0.8,0.475,6,0.01,7b9f3979ccfb574ddd8d2b3ab71626013d022ac692138012c90fa3ad261ad141,-3.632339490459104,0.2199141984003197,0.2034146234754389,0.04532997475243718,0.5084756814232838,192,"[24, 24, 24, 24, 24, 24, 24, 24]",0.12879520800197497,executed,2026-09-22T05:45:04.150895+00:00,0.9999999999999968,1.3010426069826053e-18,1.3960550252992727e-17,0.0002535215937021982,0.2038271380279107,0.04905915453856047,W3,W3/ascending/seed101,38,False,results/stage4_v1/optimization/C_W3_ascending_seed101_i38.npz
results/stage4_v1/density/c6d10be7da6f82de04da52d0195f755ce98533e6881f753f383ccd1c0f100b52.npz,8bf6e88e88988c399817ff185a149b684ccc420d8563d682fa043f7c12b97e47,0.8,0.475,6,0.05,7b9f3979ccfb574ddd8d2b3ab71626013d022ac692138012c90fa3ad261ad141,-0.2430369047878015,0.015160814633007065,0.005212108682810044,2.7154759062449755e-05,0.03256551798012649,192,"[24, 24, 24, 24, 24, 24, 24, 24]",0.13191804100642912,executed,2026-09-22T05:45:04.283250+00:00,0.99999999999999,4.791495976028126e-17,9.486769009248164e-19,0.0032742401589383736,0.005240244624951491,0.003933298685784862,W3,W3/ascending/seed101,38,False,results/stage4_v1/optimization/C_W3_ascending_seed101_i38.npz
results/stage4_v1/density/7f9c3e4d88e1935517e3cd1e54fc572d45d00ea1c1e0127139683c4bfed400b8.npz,e1cdbda70d65d20a45dccfeae48d4acf9ef811ade673914d150b7ddacd680677,0.8,0.4875,6,0,a43ddd6055a68e3a6087aaa6f748a28ea028e286793efd9f7a2884617036cbde,-7.112682505483253,0.43306053237105363,0.9993816867447443,0.999999999999992,0.9960937499999977,192,"[24, 24, 24, 24, 24, 24, 24, 24]",0.06507433301885612,executed,2026-09-22T05:45:04.348767+00:00,0.9999999999999958,1.5947936330903967e-17,1.1150912609939193e-16,-4.529580902208714e-16,0.9999999999999959,0.999999999999992,W3,W3/ascending/seed101,39,False,results/stage4_v1/optimization/C_W3_ascending_seed101_i39.npz
results/stage4_v1/density/3f7937ed7bbc8951a500bdb51bc67b6e748fc6f25e54ba52b240dcc9c2bf8296.npz,1c5b7a3c48a29330842464659220a7dd983fabd3a1d70941631d3a20df57358f,0.8,0.4875,6,0.01,a43ddd6055a68e3a6087aaa6f748a28ea028e286793efd9f7a2884617036cbde,-3.6763327556973957,0.22872667591195164,0.20495431230297378,0.045966522156389265,0.5100070597800135,192,"[24, 24, 24, 24, 24, 24, 24, 24]",0.13248833297984675,executed,2026-09-22T05:45:04.481698+00:00,0.9999999999999934,7.691059161069047e-18,1.3920075028157926e-17,0.0002490211490996724,0.2053930832757086,0.04969321542921587,W3,W3/ascending/seed101,39,False,results/stage4_v1/optimization/C_W3_ascending_seed101_i39.npz
results/stage4_v1/density/f39d3bcc7b6f07dd2a8b734349963c2665d12ba0ce331ad6497c2dceae4aac4b.npz,432ab93cabebb30e7c4e19b529efda54aeb6507050d4941edb4d539072c1d94e,0.8,0.4875,6,0.05,a43ddd6055a68e3a6087aaa6f748a28ea028e286793efd9f7a2884617036cbde,-0.25077723539990104,0.01596864574541099,0.005242791301121624,2.8259148443875906e-05,0.03325408420184811,192,"[24, 24, 24, 24, 24, 24, 24, 24]",0.1368757909804117,executed,2026-09-22T05:45:04.619119+00:00,0.9999999999999871,-1.3850682753502319e-17,5.421010862427522e-19,0.003261374701669756,0.005273791878046433,0.003934398761145267,W3,W3/ascending/seed101,39,False,results/stage4_v1/optimization/C_W3_ascending_seed101_i39.npz
results/stage4_v1/density/7e9cd9023a38c1ea3376547c070674eb5de4daf36bc326062fa3b25387395eea.npz,816c8b838a9c9996b54a19e4bc2349d350fb4ee2365dfe0501ef7cde7240debb,0.8,0.5,6,0,2e1e18c98cc8d38dc59ab748ea9a67675b88ae6b70e6e67c06d58736dfbc21d8,-7.1568869876021735,0.45106489981124653,0.9993076705491263,1.0000000000000058,0.9960937500000013,192,"[24, 24, 24, 24, 24, 24, 24, 24]",0.06700149999232963,executed,2026-09-22T05:45:04.686618+00:00,1.000000000000003,-1.5797333872882152e-16,1.5515838457795457e-16,-4.2662277157497195e-16,1.0000000000000038,1.0000000000000058,W3,W3/ascending/seed101,40,False,results/stage4_v1/optimization/C_W3_ascending_seed101_i40.npz
results/stage4_v1/density/fdd3c8639c41ee4e079458b16cd99a7bc61baf04f12d8e4427ecc5dd3e8de992.npz,af0ba0ade2383f7a8c51c469ed3a79ff3cf41a721b4a69337925d50dada6af1d,0.8,0.5,6,0.01,2e1e18c98cc8d38dc59ab748ea9a67675b88ae6b70e6e67c06d58736dfbc21d8,-3.722973367424772,0.23776356442550856,0.20659386125168966,0.046656092202933014,0.511873739939817,192,"[24, 24, 24, 24, 24, 24, 24, 24]",0.13300145798712038,executed,2026-09-22T05:45:04.820120+00:00,1.0000000000000004,4.4364197645391235e-17,1.4253857148018713e-17,0.00024395863458259175,0.20705834417201896,0.050380091842765304,W3,W3/ascending/seed101,40,False,results/stage4_v1/optimization/C_W3_ascending_seed101_i40.npz
results/stage4_v1/density/cf86b55d273d812ea72727426952f457b91aaeaaed23fff9d46f1d40f2c54175.npz,ced60b121c8203810721c1a28ba824c760a8cfce28cfc222c01dd9940b8f07b2,0.8,0.5,6,0.05,2e1e18c98cc8d38dc59ab748ea9a67675b88ae6b70e6e67c06d58736dfbc21d8,-0.2591584955675915,0.016826753717607175,0.005277711971476672,2.9529738316218653e-05,0.034021246505486186,192,"[24, 24, 24, 24, 24, 24, 24, 24]",0.13321437500417233,executed,2026-09-22T05:45:04.953789+00:00,0.9999999999999942,-2.6359665318553827e-18,7.318364664277155e-19,0.003247209400223892,0.005311753008507301,0.003935664387775921,W3,W3/ascending/seed101,40,False,results/stage4_v1/optimization/C_W3_ascending_seed101_i40.npz
results/stage4_v1/density/33a0f6f0b8fbe662b368a1e8330524fdc863073316ffabe75b6f09c9de4168c4.npz,9e9b0b76ec9c750053335b28d0ffc8d7951df9875147b97c02b293db9074a194,0.8,0.5125,6,0,51bd39bd71ae8a7dddd434896a387f4b5529a0322c4dbbb4118874eb32cba615,-7.202901763639803,0.4692542550263374,0.9992342467851156,1.000000000000003,0.9960937499999998,192,"[24, 24, 24, 24, 24, 24, 24, 24]",0.06559725000988692,executed,2026-09-22T05:45:05.019820+00:00,1.0000000000000022,-9.659775488724855e-17,1.9678218655238043e-16,-5.148784299875646e-16,1.0,1.000000000000003,W3,W3/ascending/seed101,41,False,results/stage4_v1/optimization/C_W3_ascending_seed101_i41.npz
results/stage4_v1/density/2c8db9e8070f3fba53bef52125df860d4eb73f4a5fbfdea7895c5aaa9599381d.npz,d418ba650452df288e6e992f6e717b0649f78c4197c3657715785546aa5e758a,0.8,0.5125,6,0.01,51bd39bd71ae8a7dddd434896a387f4b5529a0322c4dbbb4118874eb32cba615,-3.773696841442721,0.24713865102461183,0.2083976411471709,0.04743005975853854,0.5142371490960149,192,"[24, 24, 24, 24, 24, 24, 24, 24]",0.13238441600697115,executed,2026-09-22T05:45:05.152654+00:00,1.0,-2.53500020454267e-17,1.7482234731686756e-17,0.00023772017500047464,0.20888720384639142,0.05115103608760675,W3,W3/ascending/seed101,41,False,results/stage4_v1/optimization/C_W3_ascending_seed101_i41.npz
results/stage4_v1/density/11ab2a0d1501d31a659990664428f90605468cfb7b13de02ece82f9c54dca2f8.npz,b5be6c7141c8ea1c2e45791e108dfc4442ec727ae9be3d372b8714fec4226b7d,0.8,0.5125,6,0.05,51bd39bd71ae8a7dddd434896a387f4b5529a0322c4dbbb4118874eb32cba615,-0.2686865923617998,0.017776067110472655,0.00531929658561893,3.10870270465663e-05,0.03492501738730388,192,"[24, 24, 24, 24, 24, 24, 24, 24]",0.13088920901645906,executed,2026-09-22T05:45:05.283968+00:00,0.9999999999999936,1.5128008437961804e-17,6.403569081242511e-19,0.0032304119144746703,0.005356598915678069,0.003937215593347166,W3,W3/ascending/seed101,41,False,results/stage4_v1/optimization/C_W3_ascending_seed101_i41.npz
results/stage4_v1/density/65bcfed14b5020ec65135b0085a73837ab9027f0ea5a077f6563fee514ef7881.npz,4e918410a8300a78e927629c710ffbea13945939e590ee0ec7ddea5669e2c71a,0.8,0.525,6,0,45e99182039b80d10c000237bbff830efb4dcff841a28173f4403a29b3f1acee,-7.251761444485899,0.4890251083010485,0.9995517778392877,0.9999999999999972,0.9960937499999996,192,"[24, 24, 24, 24, 24, 24, 24, 24]",0.06719854098628275,executed,2026-09-22T05:45:05.351641+00:00,0.9999999999999987,4.229955483645888e-17,5.3104660691607226e-17,-5.546616115741596e-16,0.9999999999999994,0.9999999999999972,W3,W3/ascending/seed101,42,False,results/stage4_v1/optimization/C_W3_ascending_seed101_i42.npz
results/stage4_v1/density/fd7e046c5f8699217f3db1f791ff6f934f5ddcfc24e8257343eed8a47a8474e7.npz,a20834aca81a641889b3cac838bf1807a028188a9a7616cf973dd7aff179d18b,0.8,0.525,6,0.01,45e99182039b80d10c000237bbff830efb4dcff841a28173f4403a29b3f1acee,-3.751712033046785,0.2533062477431554,0.20420765452981693,0.04544505264181642,0.5026646314357385,192,"[24, 24, 24, 24, 24, 24, 24, 24]",0.13146125001367182,executed,2026-09-22T05:45:05.483549+00:00,0.9999999999999971,-1.1689054672109345e-17,2.493193559904296e-17,0.00023639468366797216,0.20476097517365105,0.04917378290493432,W3,W3/ascending/seed101,42,False,results/stage4_v1/optimization/C_W3_ascending_seed101_i42.npz
results/stage4_v1/density/52c762b58aa3861e8cb55086a2f3a13d1c243f0c35e1e77f915445e0c1f8fbd2.npz,db83e53fc4ed5f86b53f446ad0ad77413b95f9a250fbc4bad013a413922ded7c,0.8,0.525,6,0.05,45e99182039b80d10c000237bbff830efb4dcff841a28173f4403a29b3f1acee,-0.261617508094742,0.01784884324649124,0.005206409828286509,2.9281891458124705e-05,0.033923625892535614,192,"[24, 24, 24, 24, 24, 24, 24, 24]",0.13159333300427534,executed,2026-09-22T05:45:05.615602+00:00,0.9999999999999905,-1.0137290312739466e-17,5.421010862427522e-19,0.0032072147392902864,0.005250343148587549,0.003935417509069616,W3,W3/ascending/seed101,42,False,results/stage4_v1/optimization/C_W3_ascending_seed101_i42.npz
results/stage4_v1/density/124fd17a3b63f440a52e053366e7183fc413d464e23a8c87e1d3ec174211949c.npz,beeff870bf42c6b5cf94332cdaa6774c3136ec479278db6d77cebe2004a74904,0.8,0.5375,6,0,85051cf4b4d1b01f84263f8ce09276c5e149108c8df8d7511195285225269107,-7.301585268517904,0.5074340483274948,0.9995329904595032,1.0000000000000004,0.9960937499999998,192,"[24, 24, 24, 24, 24, 24, 24, 24]",0.06543737498577684,executed,2026-09-22T05:45:05.681464+00:00,0.9999999999999993,-2.6972493655892313e-17,7.41594285980085e-17,-4.512943237795357e-16,0.999999999999999,1.0000000000000004,W3,W3/ascending/seed101,43,False,results/stage4_v1/optimization/C_W3_ascending_seed101_i43.npz
results/stage4_v1/density/baa8f59141c8ef143ae4aaa251a1ad47b10e1bc3386a412df79873705b2f55d7.npz,216feef16a1900b528e6d39ff83dbcb3add815e7f76232bc5cd25dabceed613f,0.8,0.5375,6,0.01,85051cf4b4d1b01f84263f8ce09276c5e149108c8df8d7511195285225269107,-3.7856305407132105,0.26038138013138173,0.20478457763193947,0.045671681044865825,0.5029534244564178,192,"[24, 24, 24, 24, 24, 24, 24, 24]",0.1336216249910649,executed,2026-09-22T05:45:05.815521+00:00,0.9999999999999978,3.068630961312879e-17,1.5666627603019534e-17,0.00023610612800740592,0.20534973993218286,0.04939952604078432,W3,W3/ascending/seed101,43,False,results/stage4_v1/optimization/C_W3_ascending_seed101_i43.npz
results/stage4_v1/density/86c5bb1e645d03a75ee9094c1486cdddf96b8a4975e30d854ded2f87a9cbc6e6.npz,b412d8edf10ed22e2e62d0eda843cf31739f939437b0522793f6e98437d81339,0.8,0.5375,6,0.05,85051cf4b4d1b01f84263f8ce09276c5e149108c8df8d7511195285225269107,-0.26470278963748906,0.01811464182283737,0.005213367054846328,2.9375355272907284e-05,0.033989081769716406,192,"[24, 24, 24, 24, 24, 24, 24, 24]",0.13484270800836384,executed,2026-09-22T05:45:05.950832+00:00,0.9999999999999916,-1.1516259950869467e-17,7.657177843178875e-19,0.00320505843306461,0.005256879781655447,0.0039355106077913725,W3,W3/ascending/seed101,43,False,results/stage4_v1/optimization/C_W3_ascending_seed101_i43.npz
results/stage4_v1/density/14f1bf7ad050db756d02762ae087e944199a2eddbfce10686beb83800144c70c.npz,d86a68174f9f00dc6f4645ec6101e3204ee85f2a8d77a37fc93cd65a506fd8a2,0.8,0.55,6,0,9497adadc8cc1256f74a64ae464728f786558f3fb91057e03e96e123ee5a1091,-7.353242571480382,0.5256737242496164,0.9995192669911136,0.999999999999999,0.9960937500000007,192,"[24, 24, 24, 24, 24, 24, 24, 24]",0.06340416599414311,executed,2026-09-22T05:45:06.014681+00:00,0.9999999999999977,9.847223879952231e-17,1.0061396160665481e-16,-4.22336596838439e-16,1.0000000000000002,0.999999999999999,W3,W3/ascending/seed101,44,False,results/stage4_v1/optimization/C_W3_ascending_seed101_i44.npz
results/stage4_v1/density/53921b07d180f3c1073578be1d855ebad9644111d118361a6b4d8493a8d12a91.npz,4621d72627cb43e114c37c6e238e04d7d974971bb9fdec9fbde67c2b7326c4ef,0.8,0.55,6,0.01,9497adadc8cc1256f74a64ae464728f786558f3fb91057e03e96e123ee5a1091,-3.821376712649288,0.2675048457159802,0.20543301019064616,0.045932615522598245,0.5034606741562988,192,"[24, 24, 24, 24, 24, 24, 24, 24]",0.1309016250015702,executed,2026-09-22T05:45:06.145996+00:00,0.9999999999999969,-7.008350605582081e-17,1.9949319973733282e-17,0.0002354924412250235,0.20600753298737823,0.049659441243213094,W3,W3/ascending/seed101,44,False,results/stage4_v1/optimization/C_W3_ascending_seed101_i44.npz
results/stage4_v1/density/4a6b1049f98cf75950b7815773f7e6256f857f2a20608c7d3a47301754a8fa71.npz,78734fc6e56f7f57aa1b05005e3f99f12ce763f48f56022b9c9a6428ee8b9e7b,0.8,0.55,6,0.05,9497adadc8cc1256f74a64ae464728f786558f3fb91057e03e96e123ee5a1091,-0.2681087445841686,0.018403206245380842,0.005222542987225768,2.9539030222314624e-05,0.03409276023146178,192,"[24, 24, 24, 24, 24, 24, 24, 24]",0.12775079099810682,executed,2026-09-22T05:45:06.274237+00:00,0.9999999999999907,-1.2973156620146864e-17,6.166399856011306e-19,0.0032024152748596157,0.005265527482160479,0.003935673643385509,W3,W3/ascending/seed101,44,False,results/stage4_v1/optimization/C_W3_ascending_seed101_i44.npz
results/stage4_v1/density/2f63d2c95d45bb51b9914b2fd8324701bb0fbfe10d56a5a9134db4692096d48c.npz,8087d2f2fa3edd25a4bb7e50a3e1f1bf9822b01998dc03ee1dcf80694e0c3fb6,0.8,0.5625,6,0,9c9998a81fd5dceb088f3538006d9fb733863998a7d1ae7b2647903a9e99f4dd,-7.406710202402069,0.5436199847901095,0.9995093830180296,0.9999999999999973,0.9960937499999977,192,"[24, 24, 24, 24, 24, 24, 24, 24]",0.06556020799325779,executed,2026-09-22T05:45:06.340215+00:00,0.9999999999999997,2.616018905947544e-17,5.561946577567963e-17,-5.520616672556342e-16,0.9999999999999967,0.9999999999999973,W3,W3/ascending/seed101,45,False,results/stage4_v1/optimization/C_W3_ascending_seed101_i45.npz
results/stage4_v1/density/08af416468a49e24789cc7fc366f755a237fa7ecec1386c34164ff012946aaab.npz,c476822e66ddde8981bb840c77c1a219a662295c6d6bd624b521e71bd28fba9f,0.8,0.5625,6,0.01,9c9998a81fd5dceb088f3538006d9fb733863998a7d1ae7b2647903a9e99f4dd,-3.8586425814131045,0.2746159441981146,0.20613046963833573,0.046217996404879454,0.5041297565207741,192,"[24, 24, 24, 24, 24, 24, 24, 24]",0.13129120800294913,executed,2026-09-22T05:45:06.472038+00:00,0.9999999999999978,2.2012692233244757e-17,1.0783315871444213e-17,0.00023462029081968444,0.20671166054690604,0.049943707356422895,W3,W3/ascending/seed101,45,False,results/stage4_v1/optimization/C_W3_ascending_seed101_i45.npz
results/stage4_v1/density/29f957d0fdc79171c4eef78b9e90b370453eb94f1a809cd348bed2f6e7dd4548.npz,914359d4273c23167de826a1050ad082ef030070a60184498e9bf0d1319e93ba,0.8,0.5625,6,0.05,9c9998a81fd5dceb088f3538006d9fb733863998a7d1ae7b2647903a9e99f4dd,-0.27176940836467045,0.018707870830704104,0.005233427490184655,2.97573219453982e-05,0.034225057739964905,192,"[24, 24, 24, 24, 24, 24, 24, 24]",0.13234212499810383,executed,2026-09-22T05:45:06.604833+00:00,0.999999999999992,3.3142705160166264e-17,8.131516293641283e-19,0.0031993824435259223,0.005275773025011731,0.003935891082406549,W3,W3/ascending/seed101,45,False,results/stage4_v1/optimization/C_W3_ascending_seed101_i45.npz
results/stage4_v1/density/d361e33da27188bf2563eb687097c42aebb710e8ffd68cf20d6c90730b52f969.npz,842458a23a4fe91ac7ad9df3d5238e557364ca35065736a45be7546c94df3551,0.8,0.575,6,0,c098ae91f125384c6a6272c0e9e72c0f772acb7f47d92a94ac9e46424b4728f0,-7.461952703442588,0.5611529255505415,0.9995015678853933,1.0000000000000129,0.9960937500000042,192,"[24, 24, 24, 24, 24, 24, 24, 24]",0.06668087499565445,executed,2026-09-22T05:45:06.671935+00:00,1.0000000000000044,7.512250505903664e-17,4.4347977498954626e-17,-6.245256805012198e-16,1.0000000000000069,1.0000000000000129,W3,W3/ascending/seed101,46,False,results/stage4_v1/optimization/C_W3_ascending_seed101_i46.npz
results/stage4_v1/density/7da2a863034b78d9f7c478c01f5bfebabd8c4cc494daa51bd77de324f3cba955.npz,1ee29a894c167625d8f066f2c15d825f7e282fdde465d9589b555c830e09d595,0.8,0.575,6,0.01,c098ae91f125384c6a6272c0e9e72c0f772acb7f47d92a94ac9e46424b4728f0,-3.8977238910294023,0.28171362663198846,0.20688922095249623,0.04653441577586691,0.505012288050244,192,"[24, 24, 24, 24, 24, 24, 24, 24]",0.1329665829834994,executed,2026-09-22T05:45:06.805323+00:00,1.0000000000000036,9.963817965141786e-17,1.1275702593849246e-17,0.00023341678560445474,0.20747466842391432,0.05025889071424243,W3,W3/ascending/seed101,46,False,results/stage4_v1/optimization/C_W3_ascending_seed101_i46.npz
results/stage4_v1/density/c6f4dac8ed76893522c571385652be81347e27790017e86868668d888bfa3fa6.npz,ef7922e9e3eed373fd6f35ecf314797b3448a5ec19798c51eb519f4b0753de36,0.8,0.575,6,0.05,c098ae91f125384c6a6272c0e9e72c0f772acb7f47d92a94ac9e46424b4728f0,-0.2757889454914488,0.019039816559935037,0.005246634030922424,3.005531583653935e-05,0.034402336796533595,192,"[24, 24, 24, 24, 24, 24, 24, 24]",0.13230295799439773,executed,2026-09-22T05:45:06.938102+00:00,0.9999999999999976,-3.913969842672671e-17,1.1384122811097797e-18,0.0031958142828311742,0.005288263943060252,0.003936187912259053,W3,W3/ascending/seed101,46,False,results/stage4_v1/optimization/C_W3_ascending_seed101_i46.npz
results/stage4_v1/density/27cd535f04f76045809172fa6e47809e2edaa89533cc4be50e448ea2aca66956.npz,21baa34b14ed053942d70949a8788a3d079fe5fee09a04450a102fabc9cadea4,0.8,0.5875,6,0,a206687afa8cb8a285d0124d86857091159ac3c191ff13f6f0304d6608efd07f,-7.518923581587983,0.5781714859957887,0.9994942194987533,0.9999999999999993,0.9960937499999997,192,"[24, 24, 24, 24, 24, 24, 24, 24]",0.06549833301687613,executed,2026-09-22T05:45:07.004054+00:00,0.9999999999999989,-2.571846137748232e-17,5.991705756259507e-17,-4.1463936769846827e-16,0.999999999999999,0.9999999999999993,W3,W3/ascending/seed101,47,False,results/stage4_v1/optimization/C_W3_ascending_seed101_i47.npz
results/stage4_v1/density/99b94f47c54b121256aff6463092a801aa60820b7f89bf8f7b26f080e1194548.npz,0b0c284ec32c542dfdb69a084c2d85a5cf338fc13bb44d4b76c538efe048ae67,0.8,0.5875,6,0.01,a206687afa8cb8a285d0124d86857091159ac3c191ff13f6f0304d6608efd07f,-3.9384177899683372,0.28874598835272725,0.207694081013102,0.04687522409279991,0.5060698345369578,192,"[24, 24, 24, 24, 24, 24, 24, 24]",0.13096254199626856,executed,2026-09-22T05:45:07.135412+00:00,0.9999999999999976,6.372398268783552e-17,1.010127954208038e-17,0.00023191424017350828,0.20828149165502008,0.05059836774868741,W3,W3/ascending/seed101,47,False,results/stage4_v1/optimization/C_W3_ascending_seed101_i47.npz
results/stage4_v1/density/7f4246b8e7c3734ea190b6d5d136fb0de16a369ad660e38fdcfe44f702fa2c8e.npz,275fd7e12bc9f6a27b7a93d33acccbac6864b6cd2f1ab354ab5359ca5e6ef844,0.8,0.5875,6,0.05,a206687afa8cb8a285d0124d86857091159ac3c191ff13f6f0304d6608efd07f,-0.2801405653739959,0.019393517941601258,0.005261834723492892,3.0424784923514774e-05,0.03461878238289189,192,"[24, 24, 24, 24, 24, 24, 24, 24]",0.13414758301223628,executed,2026-09-22T05:45:07.269967+00:00,0.9999999999999913,-8.900622209748188e-18,5.55653613398821e-19,0.00319171006085221,0.0053026636339725056,0.003936555938107407,W3,W3/ascending/seed101,47,False,results/stage4_v1/optimization/C_W3_ascending_seed101_i47.npz
results/stage4_v1/density/b0342d198ec0329fd35a19888f11ae7eba337363ac2871f32077ed0827a0a1e9.npz,f784eb7ac45da40b75774e697a270d79d270715eab7a03b17ff199ba98b519c7,0.8,0.6,6,0,ee8a129a67c582f32506d3f83e8aa74700f94e6cbd41bd7d76d8105df4123ee1,-7.577567128331261,0.5945939144203355,0.9994857511807473,0.9999999999999963,0.9960937500000001,192,"[24, 24, 24, 24, 24, 24, 24, 24]",0.06617641600314528,executed,2026-09-22T05:45:07.336606+00:00,0.9999999999999973,-2.937849074256815e-17,4.336808689942018e-17,-4.579588099757298e-16,0.9999999999999994,0.9999999999999963,W3,W3/ascending/seed101,48,False,results/stage4_v1/optimization/C_W3_ascending_seed101_i48.npz
results/stage4_v1/density/7b134e6b62eb6f0d720ef0f8b4456dd55dfde3769f38ac9d4e1479869c710752.npz,c8b1a1f77d41b57c49df1c67ebd6feb8c70c13611b9aba5cecaf3125432c515d,0.8,0.6,6,0.01,ee8a129a67c582f32506d3f83e8aa74700f94e6cbd41bd7d76d8105df4123ee1,-3.9809862640802227,0.29571469340412004,0.20855670213139793,0.04724664179231769,0.5073444152471747,192,"[24, 24, 24, 24, 24, 24, 24, 24]",0.13310404200456105,executed,2026-09-22T05:45:07.470081+00:00,0.9999999999999969,3.504683522559393e-17,1.214306433183765e-17,0.0002300474901088154,0.2091443762613473,0.050968334597816446,W3,W3/ascending/seed101,48,False,results/stage4_v1/optimization/C_W3_ascending_seed101_i48.npz
results/stage4_v1/density/e352acce73ee56e6093667ad1fdf511eb214f2c68f6004329b4c4f3a71e57d5d.npz,3d7c8043eacea221118a5c3bad0573e70a4ab5d69f0cd76e155e0cd891b6c825,0.8,0.6,6,0.05,ee8a129a67c582f32506d3f83e8aa74700f94e6cbd41bd7d76d8105df4123ee1,-0.2849275724143883,0.019778708584507174,0.0052796114131093055,3.089037359847327e-05,0.03488662318112702,192,"[24, 24, 24, 24, 24, 24, 24, 24]",0.13382433401420712,executed,2026-09-22T05:45:07.604396+00:00,0.9999999999999902,-3.333244054035123e-17,7.589415207398531e-19,0.003186909361033499,0.005319583185224791,0.003937019708076604,W3,W3/ascending/seed101,48,False,results/stage4_v1/optimization/C_W3_ascending_seed101_i48.npz
results/stage4_v1/density/0003dbcdd65e34e3efd962839f22c532dd3d26e804a4e5266fc856624621c0a4.npz,5e662618146ce0d719469f470ebdd52e138933a39914db3ec164ae1ac8b90aa5,0.8,0.6125,6,0,2cdd7171abadd96fd0596e835fcca1bf165a9d7830a78628cd79bcd13d672a02,-7.637820546892739,0.6103611560678722,0.9994751588203745,1.000000000000004,0.9960937500000007,192,"[24, 24, 24, 24, 24, 24, 24, 24]",0.06478612500359304,executed,2026-09-22T05:45:07.669654+00:00,1.0000000000000027,-1.0188027586279999e-16,1.0103182026100664e-16,-5.061702182755594e-16,1.000000000000002,1.000000000000004,W3,W3/ascending/seed101,49,False,results/stage4_v1/optimization/C_W3_ascending_seed101_i49.npz
results/stage4_v1/density/5d294c8241ad56702d010b02d0484335050be77695b07bba2f370cc24fc454e5.npz,b717ec9375049045b76ec90b4dbd87abe794f87bdccf90fc3dbe06ea6233567b,0.8,0.6125,6,0.01,2cdd7171abadd96fd0596e835fcca1bf165a9d7830a78628cd79bcd13d672a02,-4.025566494205952,0.3026178040199212,0.20948384062574565,0.047652209161545736,0.5088476330687521,192,"[24, 24, 24, 24, 24, 24, 24, 24]",0.13103108300128952,executed,2026-09-22T05:45:07.801123+00:00,1.0000000000000004,-6.850802477392781e-18,1.214306433183765e-17,0.00022776603847383692,0.21007049831832708,0.05137231771950845,W3,W3/ascending/seed101,49,False,results/stage4_v1/optimization/C_W3_ascending_seed101_i49.npz
results/stage4_v1/density/91282d5b140e38dad02e69b0af07c3672b854e6faace7ac297ac30f33c0c7a52.npz,ac25c3f7ad0bf89160b1dad7c6603bfc4a5462ab4f9b988e3b9f7552ba5e079b,0.8,0.6125,6,0.05,2cdd7171abadd96fd0596e835fcca1bf165a9d7830a78628cd79bcd13d672a02,-0.2902205837669807,0.02020074942894299,0.00530028973163296,3.1467543383136144e-05,0.035214945508885966,192,"[24, 24, 24, 24, 24, 24, 24, 24]",0.1335301250219345,executed,2026-09-22T05:45:07.935115+00:00,0.999999999999994,-2.5390659626894907e-17,7.318364664277155e-19,0.003181275283272556,0.005339361757999933,0.003937594623291796,W3,W3/ascending/seed101,49,False,results/stage4_v1/optimization/C_W3_ascending_seed101_i49.npz
results/stage4_v1/density/a6c9ae732973501f04e553102331d67f4123b132e77df5b78caa38174f05f718.npz,b4611b13daf320a47fa566deb21fe3cf3e17c6b4bfb182d3d9ce96302363c248,0.8,0.625,6,0,35109152ea0705137f604f832c5757fe5c406793544b58404b7d9d1631ce9cab,-7.699616140161037,0.6254336479454844,0.9994622451676823,0.9999999999999991,0.996093750000001,192,"[24, 24, 24, 24, 24, 24, 24, 24]",0.06633687499561347,executed,2026-09-22T05:45:08.001913+00:00,0.9999999999999993,3.734737671033661e-17,9.790051449744584e-17,-4.1234867448609674e-16,1.000000000000001,0.9999999999999991,W3,W3/ascending/seed101,50,False,results/stage4_v1/optimization/C_W3_ascending_seed101_i50.npz
results/stage4_v1/density/c8460b80e54823f7fdd05bf658e98a43e8c95fbab6ac3367e83d7344f31a2414.npz,e5ba98d31d714da972139e2ef55f6ea8453b261c6c8e87951dcb58e8c8302593,0.8,0.625,6,0.01,35109152ea0705137f604f832c5757fe5c406793544b58404b7d9d1631ce9cab,-4.071749283276655,0.3094152639042592,0.21045774597235234,0.048083663577490034,0.510522225183311,192,"[24, 24, 24, 24, 24, 24, 24, 24]",0.1325619159906637,executed,2026-09-22T05:45:08.134939+00:00,0.9999999999999984,2.0328790734103208e-20,1.3010426069826053e-17,0.00022518312228760233,0.21104235805271135,0.051802086766640464,W3,W3/ascending/seed101,50,False,results/stage4_v1/optimization/C_W3_ascending_seed101_i50.npz
results/stage4_v1/density/1ac44030141a9873f3b9196c24e33ea1c5e1b601e0de6c0ced6b23c5cf45dd38.npz,aec5c1f8638fc4ad8fc667b53b96637ddb5852423636fdf067d10ec80a9f712d,0.8,0.625,6,0.05,35109152ea0705137f604f832c5757fe5c406793544b58404b7d9d1631ce9cab,-0.2959342281995345,0.020652516215819483,0.005323331820853742,3.2140091476127434e-05,0.035590836514416566,192,"[24, 24, 24, 24, 24, 24, 24, 24]",0.13096549999318086,executed,2026-09-22T05:45:08.266334+00:00,0.999999999999992,-5.227887350453542e-18,6.572975670693371e-19,0.0031749530438183095,0.005361481693334619,0.003938264544243799,W3,W3/ascending/seed101,50,False,results/stage4_v1/optimization/C_W3_ascending_seed101_i50.npz
results/stage4_v1/density/2689b94d52b23b7180228c4b77d921f8a4015cfb5f598a7941bdec95f0fbc770.npz,210aaa4b896e06e8664c89f9efe2542481d585d5e71e5253b89188894e2ce89c,0.8,0.6375,6,0,267e9c7e28ed799ee4c785e105fc4694a91ea5f85cedd7262f940d5674cfc995,-7.762883354042939,0.6397923713266658,0.9994472975052822,1.0000000000000049,0.9960937500000037,192,"[24, 24, 24, 24, 24, 24, 24, 24]",0.06673004099866375,executed,2026-09-22T05:45:08.333496+00:00,1.0000000000000009,2.698054046889123e-17,7.539564046734035e-17,-5.406283262706145e-16,1.0000000000000053,1.0000000000000049,W3,W3/ascending/seed101,51,False,results/stage4_v1/optimization/C_W3_ascending_seed101_i51.npz
results/stage4_v1/density/4dca365472fdd7ce5336d49872f6fde0380f314233bcc27f73428629874019e6.npz,6413ac82a11888c56cda8e58fd383ebfd27900591dc5a331bce220dcdcbd3788,0.8,0.6375,6,0.01,267e9c7e28ed799ee4c785e105fc4694a91ea5f85cedd7262f940d5674cfc995,-4.12002596101971,0.31613810227398575,0.2115065667630942,0.04855469432376555,0.5124330938205204,192,"[24, 24, 24, 24, 24, 24, 24, 24]",0.13277849997393787,executed,2026-09-22T05:45:08.466684+00:00,0.9999999999999999,-9.893344823930228e-19,1.0428649832939931e-17,0.0002221806528150712,0.21208867716140595,0.05227127754906334,W3,W3/ascending/seed101,51,False,results/stage4_v1/optimization/C_W3_ascending_seed101_i51.npz
results/stage4_v1/density/d85665b091f52da68c8a08c067024ad588d3865de72201534fd688f9de6c8906.npz,52bfa54ec31a1b38439b265b6b74dea73861b9291c74f8b6812e47d31d276084,0.8,0.6375,6,0.05,267e9c7e28ed799ee4c785e105fc4694a91ea5f85cedd7262f940d5674cfc995,-0.30224009536743013,0.021147262814188002,0.005349744236972685,3.294786400273706e-05,0.03603456502537395,192,"[24, 24, 24, 24, 24, 24, 24, 24]",0.12891762499930337,executed,2026-09-22T05:45:08.596045+00:00,0.9999999999999937,4.089813882522664e-17,1.0638733817514012e-18,0.003167664360684644,0.0053869590795104895,0.003939069161408976,W3,W3/ascending/seed101,51,False,results/stage4_v1/optimization/C_W3_ascending_seed101_i51.npz
results/stage4_v1/density/7c39277c488e8d779eedc7cc516a8933886a99d279d55b9f59d187ca52b4ceeb.npz,37526c9df8bfc3bc357f43a017b70ff30e4ced7f62e578d01ad3265d72d177e8,0.8,0.65,6,0,c669da161f7035d06627357c69420b5430db0b33aec96d222704bfde41876ede,-7.827550550473678,0.6534325850686225,0.9994312938977526,0.9999999999999987,0.9960937499999997,192,"[24, 24, 24, 24, 24, 24, 24, 24]",0.06378587501239963,executed,2026-09-22T05:45:08.660242+00:00,0.9999999999999987,-5.28963605230838e-17,7.152448122690996e-17,-4.678053258228747e-16,0.999999999999999,0.9999999999999987,W3,W3/ascending/seed101,52,False,results/stage4_v1/optimization/C_W3_ascending_seed101_i52.npz
results/stage4_v1/density/dbaa0868c780eb37fb5f20bd92f8a9503f31b41031c20fab607da93b884d7feb.npz,c0b6f0e6656d8eb772bed9a5b6f4e6f99a850177495903ad8abcba9ccc256725,0.8,0.65,6,0.01,c669da161f7035d06627357c69420b5430db0b33aec96d222704bfde41876ede,-4.1700933168068435,0.32276936359878455,0.21261919643977456,0.04906011509628798,0.5145357496181775,192,"[24, 24, 24, 24, 24, 24, 24, 24]",0.13222945798770525,executed,2026-09-22T05:45:08.792850+00:00,0.9999999999999976,2.927345865710862e-18,1.3879481770324007e-17,0.00021884413357037248,0.21319841999513212,0.0527747240216931,W3,W3/ascending/seed101,52,False,results/stage4_v1/optimization/C_W3_ascending_seed101_i52.npz
results/stage4_v1/density/62fa9bd5864c5cf0017d7ed0b43c2fb2463dfdb0131f6de5edf0a0ffc423e290.npz,d39e40c00f913335edcbd1e14a19436c4402b3ebae8df94b49888e1c33b0083d,0.8,0.65,6,0.05,c669da161f7035d06627357c69420b5430db0b33aec96d222704bfde41876ede,-0.3090744401742611,0.02168157725605321,0.005379194161416396,3.388218667989105e-05,0.036539593991177226,192,"[24, 24, 24, 24, 24, 24, 24, 24]",0.131341208005324,executed,2026-09-22T05:45:08.924623+00:00,0.9999999999999911,-2.1761970480857484e-17,9.351243737687476e-19,0.0031595489699055754,0.0054154837949221555,0.003939999834388173,W3,W3/ascending/seed101,52,False,results/stage4_v1/optimization/C_W3_ascending_seed101_i52.npz
results/stage4_v1/density/53deeb5096a3456f9bf399e7430af49e28b1224ccd8bc38ebd0f78b23bac75a1.npz,61afb73e5165e4cf02ebd4d2dd587de3e318bc03c3ae2db55888c11d2fcb14ec,0.8,0.6625,6,0,61126c757aad5fde231dabbdf32a1d7561cda1d5649fee47a7ea3fb90425f2e4,-7.89354642748909,0.6663680505942919,0.9994157246316933,0.9999999999999991,0.996093749999999,192,"[24, 24, 24, 24, 24, 24, 24, 24]",0.06731812498765066,executed,2026-09-22T05:45:08.992442+00:00,0.9999999999999991,1.1943164556285635e-18,3.933846467480048e-17,-7.334262324076703e-16,0.9999999999999966,0.9999999999999991,W3,W3/ascending/seed101,53,False,results/stage4_v1/optimization/C_W3_ascending_seed101_i53.npz
results/stage4_v1/density/ee5f04ae83f97af8e715b6eea49ecccfed11620d6f25a99348017a63e51edcee.npz,1c7c9986c5d7da3836aebeba6441acff3ea09dcb0d8eb62293960ff3ec4c604e,0.8,0.6625,6,0.01,61126c757aad5fde231dabbdf32a1d7561cda1d5649fee47a7ea3fb90425f2e4,-4.222137155928517,0.32933486772661236,0.21381432618430907,0.049608806533668164,0.5168551628578761,192,"[24, 24, 24, 24, 24, 24, 24, 24]",0.1307452920009382,executed,2026-09-22T05:45:09.123681+00:00,0.9999999999999976,3.4958743799079484e-17,1.0971354589302191e-17,0.00021514697215969602,0.21439053764718619,0.053321272133146025,W3,W3/ascending/seed101,53,False,results/stage4_v1/optimization/C_W3_ascending_seed101_i53.npz
results/stage4_v1/density/6cd7f891f54d4aa6579ed65bf5bd6924a0c979112f501771fb3a823aebe0a413.npz,316ac60912c6161c2d090b744e248a9e71683d38e5f327ce48cbd8ad0a1d58b0,0.8,0.6625,6,0.05,61126c757aad5fde231dabbdf32a1d7561cda1d5649fee47a7ea3fb90425f2e4,-0.3165232977546273,0.022262990748550596,0.0054122604349391085,3.496716352390522e-05,0.03711521726065632,192,"[24, 24, 24, 24, 24, 24, 24, 24]",0.13295145900337957,executed,2026-09-22T05:45:09.257082+00:00,0.9999999999999913,8.11118750290718e-18,5.624298769768554e-19,0.0031504860635868702,0.005447651234917095,0.00394108057304139,W3,W3/ascending/seed101,53,False,results/stage4_v1/optimization/C_W3_ascending_seed101_i53.npz
results/stage4_v1/density/7fe75d5ef432f4920acd1df3f5630200dabb584ae23a4a6417845a88641f17f8.npz,63c97be584aeee932ed3c130ea7e9e51935d7125f723d0f13c0d033fcb2af6f5,0.8,0.675,6,0,731fa0c45d59aa030a5363a98717b7446cc82b806fd6d0839ea57f96cd5e8165,-7.960801069321148,0.6786112945203255,0.9994019958171452,1.000000000000006,0.996093750000002,192,"[24, 24, 24, 24, 24, 24, 24, 24]",0.06465604199911468,executed,2026-09-22T05:45:09.322224+00:00,1.0000000000000018,-5.537901409148616e-18,8.092071311423671e-17,-4.458777410860588e-16,1.0000000000000033,1.000000000000006,W3,W3/ascending/seed101,54,False,results/stage4_v1/optimization/C_W3_ascending_seed101_i54.npz
results/stage4_v1/density/fc870f61254cb935833f3e16327396d06b6ce8b3b536b637135273fc3b042df1.npz,d223da263dc393eeec4e6171a0f07841ea6ad36ecb60922dca15e5d0f6e4d5e3,0.8,0.675,6,0.01,731fa0c45d59aa030a5363a98717b7446cc82b806fd6d0839ea57f96cd5e8165,-4.275699366549095,0.3357923007564909,0.21507041721917197,0.05019055780628711,0.5193468576813769,192,"[24, 24, 24, 24, 24, 24, 24, 24]",0.1319299580063671,executed,2026-09-22T05:45:09.454605+00:00,1.0000000000000013,-2.144009796090085e-17,1.4214217144089745e-17,0.00021122772486734394,0.2156433446712357,0.0539007509398563,W3,W3/ascending/seed101,54,False,results/stage4_v1/optimization/C_W3_ascending_seed101_i54.npz
results/stage4_v1/density/4032bc52091a5e1b1c4694fa85d178b4834ee53a4c2325fbb859ae766cbdbfda.npz,8871a64a5a7cc6976aaa38808ba9066ddb88c836cbbd3fed8553bfc0208bfc09,0.8,0.675,6,0.05,731fa0c45d59aa030a5363a98717b7446cc82b806fd6d0839ea57f96cd5e8165,-0.3244641790253417,0.022880406915652213,0.00544823930958944,3.6179912506335e-05,0.03774557369336509,192,"[24, 24, 24, 24, 24, 24, 24, 24]",0.1338417090009898,executed,2026-09-22T05:45:09.588875+00:00,0.9999999999999949,-6.2511031507367365e-18,6.81784476331423e-19,0.003140721084935548,0.005482749584181638,0.003942288584723107,W3,W3/ascending/seed101,54,False,results/stage4_v1/optimization/C_W3_ascending_seed101_i54.npz
results/stage4_v1/density/0ff1e8106e0a9785b2b08f4b14f3268f0185e536b1f66930d091545e777a1b01.npz,b5779b8e1585d845d989b2e0739874ec9fa587e0dff39f54e48105f35c47f9cb,0.8,0.6875,6,0,f2297f81a0c6cb8e45bdd2c284aeaf1fc0ac7f26e1c083b4b72862677be37de3,-8.029246636455488,0.6901894356723179,0.9993914017560995,0.9999999999999986,0.9960937500000002,192,"[24, 24, 24, 24, 24, 24, 24, 24]",0.06660837499657646,executed,2026-09-22T05:45:09.656190+00:00,0.9999999999999996,4.168079726848961e-17,3.878959614448864e-17,-4.802146087390931e-16,1.000000000000001,0.9999999999999986,W3,W3/ascending/seed101,55,False,results/stage4_v1/optimization/C_W3_ascending_seed101_i55.npz
results/stage4_v1/density/bbfc7f771fe529ef88e59b90b90e72d8f2eabd9f6d714e725a95396f9daf9e1b.npz,ba40b3a559ffda2325c4c416c62e22914486c00acf891a01e54530907a9b5354,0.8,0.6875,6,0.01,f2297f81a0c6cb8e45bdd2c284aeaf1fc0ac7f26e1c083b4b72862677be37de3,-4.330871932574665,0.34217973553091996,0.21640185564213074,0.050812271608681785,0.5220593033958805,192,"[24, 24, 24, 24, 24, 24, 24, 24]",0.13233004201902077,executed,2026-09-22T05:45:09.788932+00:00,0.9999999999999982,2.434711503587761e-17,8.840736359951807e-18,0.0002070827757342783,0.21697122846851152,0.054520036172710375,W3,W3/ascending/seed101,55,False,results/stage4_v1/optimization/C_W3_ascending_seed101_i55.npz
results/stage4_v1/density/806cc72e243637601d98ee7845a4234f26388d5b4402427838679d3c8a58308d.npz,3111728ec60488ad53f51ef47a791060a9961a98e72c55b09ca6182e0c1e95e2,0.8,0.6875,6,0.05,f2297f81a0c6cb8e45bdd2c284aeaf1fc0ac7f26e1c083b4b72862677be37de3,-0.33294046423646373,0.023542956312197674,0.005487606626681438,3.754009937116442e-05,0.03843650680904712,192,"[24, 24, 24, 24, 24, 24, 24, 24]",0.13223870799993165,executed,2026-09-22T05:45:09.921591+00:00,0.9999999999999916,4.801660371395178e-17,1.0299920638612292e-18,0.0031302625852160583,0.005521292615250301,0.003943643458357996,W3,W3/ascending/seed101,55,False,results/stage4_v1/optimization/C_W3_ascending_seed101_i55.npz
results/stage4_v1/density/ebe18424028b5c7e4e99b615afe66ad08d1fa2fa9586293cebdd2014a1cb7ec7.npz,12a0135491efa4f0fc403b8a8c2be9338c1b62336f4bb4b6d2a011f244b0a2ab,0.8,0.7,6,0,d44ebe15615f0e949f049e3a28feb27bbccf3440b603e8225d07dd390d145ef5,-8.098817774659178,0.7011286155124501,0.9993851259895055,0.999999999999993,0.9960937499999976,192,"[24, 24, 24, 24, 24, 24, 24, 24]",0.06772466699476354,executed,2026-09-22T05:45:09.989884+00:00,0.9999999999999968,4.7389799332983595e-17,4.8199097454382936e-17,-4.559463642300737e-16,0.9999999999999959,0.999999999999993,W3,W3/ascending/seed101,56,False,results/stage4_v1/optimization/C_W3_ascending_seed101_i56.npz
results/stage4_v1/density/24f9c0085e1e2c4646a3cdfdcf5634de8e9e8cb90b4f73bd51f4439a6073b1dc.npz,dfe0f9ba170d37ad83be2f89f5da9c4b82027d80c1e5a96c8c647e47016e90e6,0.8,0.7,6,0.01,d44ebe15615f0e949f049e3a28feb27bbccf3440b603e8225d07dd390d145ef5,-4.387456400225716,0.3484831063287213,0.21780379084208443,0.05147158784208549,0.5249385254839193,192,"[24, 24, 24, 24, 24, 24, 24, 24]",0.13357666600495577,executed,2026-09-22T05:45:10.123914+00:00,0.9999999999999953,-1.7780915628762273e-17,1.0408340855860843e-17,0.0002027903560661337,0.2183691156720357,0.055176776952077344,W3,W3/ascending/seed101,56,False,results/stage4_v1/optimization/C_W3_ascending_seed101_i56.npz
results/stage4_v1/density/db0f892ef3bf5f322d3cf44053f0870b2e513a6674cac3e20f22a3fe26ce249b.npz,989d7be2b4baaf932f49b82b568b3b835e46271256dd7c4712c7e08d27f7258d,0.8,0.7,6,0.05,d44ebe15615f0e949f049e3a28feb27bbccf3440b603e8225d07dd390d145ef5,-0.341904185524907,0.024246273957302996,0.005530165158302582,3.904246542140188e-05,0.03918144287817541,192,"[24, 24, 24, 24, 24, 24, 24, 24]",0.13375000000814907,executed,2026-09-22T05:45:10.258165+00:00,0.9999999999999893,1.4182719668826005e-17,8.334804200982315e-19,0.0031186622043604113,0.005563074820490647,0.0039451399557908495,W3,W3/ascending/seed101,56,False,results/stage4_v1/optimization/C_W3_ascending_seed101_i56.npz
results/stage4_v1/density/fb39d32a55af147625372cf17f305d1d7e76aeee58ede2b6faf54f51fe90b684.npz,57267253c85b91e33f13e65eae62c85ac09d3b4ff775b68afd4bfa9f6be48f31,0.8,0.7125,6,0,7f4f4c14df67ea3b851ec1f6c587fe771480d8616618ed61ee309d2757e1125e,-8.169451806996292,0.7114524961265721,0.9993834924697355,0.9999999999999962,0.9960937499999993,192,"[24, 24, 24, 24, 24, 24, 24, 24]",0.06565904198214412,executed,2026-09-22T05:45:10.324313+00:00,0.9999999999999978,-5.824029138731118e-17,3.3682237275240583e-17,-5.589757189159204e-16,0.9999999999999979,0.9999999999999962,W3,W3/ascending/seed101,57,False,results/stage4_v1/optimization/C_W3_ascending_seed101_i57.npz
results/stage4_v1/density/a07b6bfa04602ada5a67dcbb482746a11ee4d8bf5086c035eaa02766f895c461.npz,74e3084865195ab15d604a63e9bc94528c3c68a715cab2ea69b0fd2eb408835f,0.8,0.7125,6,0.01,7f4f4c14df67ea3b851ec1f6c587fe771480d8616618ed61ee309d2757e1125e,-4.444967452147926,0.35467682616762675,0.21924974790795676,0.05215604658466511,0.5278830160321972,192,"[24, 24, 24, 24, 24, 24, 24, 24]",0.1300881670031231,executed,2026-09-22T05:45:10.454832+00:00,0.9999999999999966,1.0991099523571801e-17,9.540979117872439e-18,0.00019847307346041598,0.2198103469585742,0.055858562027693764,W3,W3/ascending/seed101,57,False,results/stage4_v1/optimization/C_W3_ascending_seed101_i57.npz
results/stage4_v1/density/a0eb7e7a048b738577f273ec34c165b48b4bad248978741f622e51dad1e610f4.npz,b22ba6155420266566b1a5eb4cfa0e46e14341fb73df3b02bf42412efbab5618,0.8,0.7125,6,0.05,7f4f4c14df67ea3b851ec1f6c587fe771480d8616618ed61ee309d2757e1125e,-0.35120239751332966,0.024981670020829738,0.005575109354843999,4.0659377372846234e-05,0.039966750234367396,192,"[24, 24, 24, 24, 24, 24, 24, 24]",0.13178829199750908,executed,2026-09-22T05:45:10.587066+00:00,0.9999999999999903,2.951740414591786e-17,8.944667923005412e-19,0.0031065866776042424,0.005607304680584358,0.0039467505516799836,W3,W3/ascending/seed101,57,False,results/stage4_v1/optimization/C_W3_ascending_seed101_i57.npz
results/stage4_v1/density/6cc69c2981eef2d2ab7b0bf5cd1171fecccc8b80e64c814e5262511252e64feb.npz,bedd26e8b693c96dafcd679fc237171e95d042d859b49c944d45f4cfe41bc1b2,0.8,0.725,6,0,8067e97806fbc2f7bde83469f38320b82e4680a26e6fab24a37046d90fd09a46,-8.241088813980832,0.7211920473899762,0.9993867500957532,1.0000000000000067,0.9960937500000016,192,"[24, 24, 24, 24, 24, 24, 24, 24]",0.06541650000144728,executed,2026-09-22T05:45:10.653000+00:00,1.0000000000000033,1.7245590806097555e-18,3.7053709689590213e-17,-3.026566615535668e-16,1.000000000000003,1.0000000000000067,W3,W3/ascending/seed101,58,False,results/stage4_v1/optimization/C_W3_ascending_seed101_i58.npz
results/stage4_v1/density/23cde0f25725221fecf215d877d6e76bc77dfbc9624502bf73b700962392dcb6.npz,dc9e47b8a70b2f42f8409b6e6c65474f19a7d4a0f46af0228f86cb4d0dbb2d4c,0.8,0.725,6,0.01,8067e97806fbc2f7bde83469f38320b82e4680a26e6fab24a37046d90fd09a46,-4.503382414398859,0.36076550808894997,0.2207436677471113,0.05286733691166488,0.5308814781458873,192,"[24, 24, 24, 24, 24, 24, 24, 24]",0.13198479200946167,executed,2026-09-22T05:45:10.785425+00:00,1.0000000000000018,-1.2739375526704677e-18,6.071532165918825e-18,0.00019415229759545572,0.22129856467565617,0.05656707387685369,W3,W3/ascending/seed101,58,False,results/stage4_v1/optimization/C_W3_ascending_seed101_i58.npz
results/stage4_v1/density/b2422f367e9d3b8d82cb3b07b87e28f4b2f41eb0c41b46f866cecc649134809c.npz,7cedc2b67e5830f6e9b6cc973554755697ae760bbb5dce6b47b8c5340315a536,0.8,0.725,6,0.05,8067e97806fbc2f7bde83469f38320b82e4680a26e6fab24a37046d90fd09a46,-0.360835630501972,0.02574845311013052,0.00562248842348222,4.2393715242089566e-05,0.04079327044744857,192,"[24, 24, 24, 24, 24, 24, 24, 24]",0.1318682919954881,executed,2026-09-22T05:45:10.917708+00:00,0.9999999999999956,-1.7618285302889447e-19,7.589415207398531e-19,0.003094111987920619,0.005654020710601594,0.003948478114791925,W3,W3/ascending/seed101,58,False,results/stage4_v1/optimization/C_W3_ascending_seed101_i58.npz
results/stage4_v1/density/eb7cc0f297c66c8f7c28148d0c218dbb5c99b082fb8151a70a4d2e7f5434a26e.npz,8bbf01d45749ad8ce3042eea1cf27be6739fd02984d61b7f3df244ad1242b2ac,0.8,0.7375,6,0,edc12e95563d8eb6589afb1dbf986b13a661e2024c71c78a9e8eef4286f56df5,-8.313671653580915,0.7303733398619697,0.9993944519461504,0.9999999999999958,0.9960937499999987,192,"[24, 24, 24, 24, 24, 24, 24, 24]",0.06378266599494964,executed,2026-09-22T05:45:10.981912+00:00,0.999999999999998,-9.335997144636898e-17,3.6349080460504796e-17,-3.425017810145633e-16,0.999999999999998,0.9999999999999958,W3,W3/ascending/seed101,59,False,results/stage4_v1/optimization/C_W3_ascending_seed101_i59.npz
results/stage4_v1/density/ffcb54830ff3f3b4c8f74caec8dc3ed25a8712e11432c9c76ed6e2d1b1138543.npz,dd4c452a745ed987c9d9c93461caec3c2c66d01e7cfdef08339a08027da61cef,0.8,0.7375,6,0.01,edc12e95563d8eb6589afb1dbf986b13a661e2024c71c78a9e8eef4286f56df5,-4.5622373029524255,0.3667200945560188,0.2222560517948059,0.053591485178709874,0.5338731905291108,192,"[24, 24, 24, 24, 24, 24, 24, 24]",0.12939424999058247,executed,2026-09-22T05:45:11.111704+00:00,0.9999999999999962,-3.361704361062867e-17,8.890457814381136e-18,0.0001899289058386215,0.2228041579401521,0.05728839343973054,W3,W3/ascending/seed101,59,False,results/stage4_v1/optimization/C_W3_ascending_seed101_i59.npz
results/stage4_v1/density/bd485d646aaee81649c9f2a37ed287e346c1219c92021e6c143759deaeb7934f.npz,4cd66f03a3d98bd0fda388a6546daac95309713bf77f7caeb52e968c4937def5,0.8,0.7375,6,0.05,edc12e95563d8eb6589afb1dbf986b13a661e2024c71c78a9e8eef4286f56df5,-0.3706441555663288,0.026536466931755254,0.005671402651981483,4.4212746099801884e-05,0.041642697747014124,192,"[24, 24, 24, 24, 24, 24, 24, 24]",0.13366016701911576,executed,2026-09-22T05:45:11.245798+00:00,0.9999999999999898,3.5670251474773096e-17,8.199278929421627e-19,0.0030815167761943053,0.0057023310994907435,0.0039502900400603495,W3,W3/ascending/seed101,59,False,results/stage4_v1/optimization/C_W3_ascending_seed101_i59.npz
results/stage4_v1/density/1a8fa12bea7c46ffcfaab460d8342af7bfa4fa4fd9f5aad2a6cef196f95be558.npz,0473d1d51b730c714c77a56797cf84b7a4d9caac674d472bc4faafbd4d5c05f1,0.8,0.75,6,0,b946134157d6396385bba3855e934665ab2beefc7b38596dc81869d36062795e,-8.3871459761232,0.7390268837456675,0.9994062705875233,0.9999999999999962,0.996093749999998,192,"[24, 24, 24, 24, 24, 24, 24, 24]",0.06496054099989124,executed,2026-09-22T05:45:11.311243+00:00,0.9999999999999991,3.7133924407628527e-17,4.654751537338637e-17,-6.366551508568142e-16,0.9999999999999964,0.9999999999999962,W3,W3/ascending/seed101,60,False,results/stage4_v1/optimization/C_W3_ascending_seed101_i60.npz
results/stage4_v1/density/93c57aaa9fb2a3e60e838847217b73c8fa343ab090092958d676cf40e83b00d6.npz,b4576e70fe479fd867e89545360fb14654375bbe9b7d76e0354b1d3c71f69e7a,0.8,0.75,6,0.01,b946134157d6396385bba3855e934665ab2beefc7b38596dc81869d36062795e,-4.621438942309878,0.37253572311746896,0.22378041432433518,0.05432530917918865,0.5368426600843347,192,"[24, 24, 24, 24, 24, 24, 24, 24]",0.1311293329927139,executed,2026-09-22T05:45:11.442811+00:00,0.9999999999999972,-1.537534205856006e-17,7.860465750519907e-18,0.00018581948249218186,0.2243205406283686,0.058019350940207444,W3,W3/ascending/seed101,60,False,results/stage4_v1/optimization/C_W3_ascending_seed101_i60.npz
results/stage4_v1/density/5e8fa5ef3f807318e6aa87afe1596f57c4981dba283a83389070eb81c4a86a06.npz,30eb01e798988ea6bba0e6510f16ffbcbe2c06b17e1afe7320d9bd8f9f0fa90d,0.8,0.75,6,0.05,b946134157d6396385bba3855e934665ab2beefc7b38596dc81869d36062795e,-0.38059619540167844,0.027342127262065766,0.0057216192644554955,4.610892860600281e-05,0.04250547771259353,192,"[24, 24, 24, 24, 24, 24, 24, 24]",0.12918337498558685,executed,2026-09-22T05:45:11.572411+00:00,0.9999999999999913,-2.2720811777149352e-17,7.453889935837843e-19,0.003068821554088605,0.005751990421161458,0.003952178815603636,W3,W3/ascending/seed101,60,False,results/stage4_v1/optimization/C_W3_ascending_seed101_i60.npz
results/stage4_v1/density/92681629bfb2287179c2d17ddb446ce7085cce68bb952b70eac55d86ff2feff8.npz,88199fe888ec1ca55d08c5c61523350e4d56aac25205209b65d00c588467c5c0,0.8,0.7625,6,0,b11268a8d6d570589808ff1e5ec7f7c080f92916d8eb5c90864906769cd06126,-8.461460234001551,0.7471743058286913,0.9994212567966512,0.9999999999999991,0.9960937500000004,192,"[24, 24, 24, 24, 24, 24, 24, 24]",0.06503433402394876,executed,2026-09-22T05:45:11.637857+00:00,0.9999999999999998,-3.9934215331251244e-17,4.235887837390338e-17,-4.0192430479852344e-16,1.0000000000000009,0.9999999999999991,W3,W3/ascending/seed101,61,False,results/stage4_v1/optimization/C_W3_ascending_seed101_i61.npz
results/stage4_v1/density/ba1e55a568807b059f33515aab6aa7f59edaac30276fe404010da398fd4af945.npz,dbea1824edbe6a4f14abf42a6dc8ed73b59ecd388cd12a7691cca2b778aac37e,0.8,0.7625,6,0.01,b11268a8d6d570589808ff1e5ec7f7c080f92916d8eb5c90864906769cd06126,-4.680468990267434,0.3781688292867088,0.22527855099307445,0.05505024377615656,0.539723107776073,192,"[24, 24, 24, 24, 24, 24, 24, 24]",0.1338914580119308,executed,2026-09-22T05:45:11.772152+00:00,0.9999999999999986,-1.509751525186065e-17,6.537658188977026e-18,0.0001819169519650811,0.22580938494818853,0.05874145376140595,W3,W3/ascending/seed101,61,False,results/stage4_v1/optimization/C_W3_ascending_seed101_i61.npz
results/stage4_v1/density/0f6638ede1374213774e56d425d274863a0a2e9ddcd05055748e5adb20374b5f.npz,45f63cd40b55e3add624e8c855a58088cf2547a8b6141227b0c1ccd2da3931d7,0.8,0.7625,6,0.05,b11268a8d6d570589808ff1e5ec7f7c080f92916d8eb5c90864906769cd06126,-0.39050194659994164,0.028150219456543446,0.005771885211728415,4.803399921089164e-05,0.043362471905116245,192,"[24, 24, 24, 24, 24, 24, 24, 24]",0.13357691597775556,executed,2026-09-22T05:45:11.906182+00:00,0.9999999999999913,2.1629833341085813e-17,6.911788849595091e-19,0.0030563189337483817,0.0058017419000964375,0.003954096366401474,W3,W3/ascending/seed101,61,False,results/stage4_v1/optimization/C_W3_ascending_seed101_i61.npz
results/stage4_v1/density/018e2471c2d2df36b4636cf6744cdc9358f37d540156f85c590369a0b7a07ebf.npz,ec3a3dfb6d6bff9404d5d8ddedb27e207ff088379c8816b3e5c3e3ec8646cef7,0.8,0.775,6,0,2eaa2babd6262a4458f6fbe71294e1c332787be7783f2994ded3a6d4c6518e8b,-8.536565704538972,0.754854612787349,0.9994391621392609,1.0000000000000124,0.9960937500000033,192,"[24, 24, 24, 24, 24, 24, 24, 24]",0.06588654100778513,executed,2026-09-22T05:45:11.972495+00:00,1.0000000000000058,1.5524419857276817e-17,8.604385823591923e-17,-4.0352611769484996e-16,1.0000000000000058,1.0000000000000124,W3,W3/ascending/seed101,62,False,results/stage4_v1/optimization/C_W3_ascending_seed101_i62.npz
results/stage4_v1/density/3eaaea813df00399240ddd34f65daadff5ea4dd56b07a80fb0cffd3a4cd3154c.npz,4a0d5e2a94a943a4625ef9b61da24ace54ca00a1e0858c1e1c8a08fcb0bfd423,0.8,0.775,6,0.01,2eaa2babd6262a4458f6fbe71294e1c332787be7783f2994ded3a6d4c6518e8b,-4.739596942513916,0.38365128555264727,0.22676902033750934,0.05577511250313937,0.5425631228635837,192,"[24, 24, 24, 24, 24, 24, 24, 24]",0.15806050001992844,executed,2026-09-22T05:45:12.131021+00:00,1.0000000000000044,2.757939276260002e-17,7.38337898277969e-18,0.0001781578534930393,0.22728933432607146,0.05946349096992398,W3,W3/ascending/seed101,62,False,results/stage4_v1/optimization/C_W3_ascending_seed101_i62.npz
results/stage4_v1/density/0c884a2d70341693a22a9ecd733592f18e7665ce45084a4a12b30f65cb5e60bc.npz,e93deccf7e821fb6eaf5385a129a891c691ef2cb248c407db9a913bbada8f8a8,0.8,0.775,6,0.05,2eaa2babd6262a4458f6fbe71294e1c332787be7783f2994ded3a6d4c6518e8b,-0.400454589607275,0.028967004064481095,0.005822762359345701,5.00099692666716e-05,0.044221589782933765,192,"[24, 24, 24, 24, 24, 24, 24, 24]",0.14375016701524146,executed,2026-09-22T05:45:12.275424+00:00,0.9999999999999982,1.8905775382715984e-18,6.510857472447753e-19,0.0030438061146721256,0.005852139047673248,0.003956064617824224,W3,W3/ascending/seed101,62,False,results/stage4_v1/optimization/C_W3_ascending_seed101_i62.npz
results/stage4_v1/density/42a46105205365ff32e3d695ab0a567eab4c0d9e3fc3bfbf21ddf232417f0093.npz,8f9720dba90acfcdf6fb3369cbcd14b372189ef428d7dba42649bcbef8ab8e7e,0.8,0.7875,6,0,6e3d617eae36fdc4be98a2ec00aedd1a5d9ea74d7f314e88c52da96f00f08355,-8.612416487479166,0.7620876054318104,0.9994589677474782,0.9999999999999957,0.9960937499999991,192,"[24, 24, 24, 24, 24, 24, 24, 24]",0.07003766699926928,executed,2026-09-22T05:45:12.346183+00:00,0.9999999999999976,2.0227146780432692e-18,3.7527806648313014e-17,-4.2779323396487975e-16,0.9999999999999973,0.9999999999999957,W3,W3/ascending/seed101,63,False,results/stage4_v1/optimization/C_W3_ascending_seed101_i63.npz
results/stage4_v1/density/749800d6b786a774104c99f45f66054972caaa7ebfddee375e9a7c433c98fafe.npz,af8fcbf1afbe6d416c013146880afc14c7bfac55c08d9a8566f34d6f0cf3d895,0.8,0.7875,6,0.01,6e3d617eae36fdc4be98a2ec00aedd1a5d9ea74d7f314e88c52da96f00f08355,-4.798132753004179,0.3889178895767346,0.22819660952392323,0.05647291622898056,0.5452563660303036,192,"[24, 24, 24, 24, 24, 24, 24, 24]",0.13861137500498444,executed,2026-09-22T05:45:12.485314+00:00,0.9999999999999959,4.0793106739767104e-18,6.837354044672719e-18,0.00017464868704533017,0.22870542985186876,0.06015856889996111,W3,W3/ascending/seed101,63,False,results/stage4_v1/optimization/C_W3_ascending_seed101_i63.npz
results/stage4_v1/density/6043001f40863e3562a4a4c989dc480369743ba8e9b31bd674e78562bdb4d646.npz,7002f575aed13669a0b181fc43a23bd03b8e3e99af2a4ebbb1e716848d49441e,0.8,0.7875,6,0.05,6e3d617eae36fdc4be98a2ec00aedd1a5d9ea74d7f314e88c52da96f00f08355,-0.41020148964544634,0.029769825205507826,0.005872392551751162,5.1965080871583506e-05,0.045054041146298754,192,"[24, 24, 24, 24, 24, 24, 24, 24]",0.13655250001465902,executed,2026-09-22T05:45:12.622369+00:00,0.9999999999999899,-1.5172054151219028e-17,6.098637220230962e-19,0.0030316533452973134,0.005901319692732309,0.003958012092274429,W3,W3/ascending/seed101,63,False,results/stage4_v1/optimization/C_W3_ascending_seed101_i63.npz
results/stage4_v1/density/67e12b2d08e996bcdacc086bb5b87bd64d8e1c1af3de701eaa5ef36abef0dd2d.npz,77bd6d1909fb2152c107a15a4fe825dcf3a9be2494410221510aea6bff753d76,0.8,0.8,6,0,c59f435171177379eb49685edbdeedcc37e8c3934629a00bbfa52d3bd73e9c98,-8.688969517635865,0.7689043852005548,0.9994802048009341,1.000000000000006,0.9960937500000027,192,"[24, 24, 24, 24, 24, 24, 24, 24]",0.0659230420133099,executed,2026-09-22T05:45:12.688822+00:00,1.0000000000000027,-6.2002811739014785e-19,3.496446946337351e-17,-4.512138851168916e-16,1.000000000000005,1.000000000000006,W3,W3/ascending/seed101,64,False,results/stage4_v1/optimization/C_W3_ascending_seed101_i64.npz
results/stage4_v1/density/09efe0e2314cbc02d82f62be7193d7b6a4ee9a7eadd8fab52484d0a909ff2f30.npz,0c147b2f1613f7968f1fc17b93d3cf2c4b2a1194a73e594f77dc3677c27890ad,0.8,0.8,6,0.01,c59f435171177379eb49685edbdeedcc37e8c3934629a00bbfa52d3bd73e9c98,-4.856353957504085,0.3940020963970246,0.22958103502864063,0.057152936807960734,0.5478442717161873,192,"[24, 24, 24, 24, 24, 24, 24, 24]",0.13594524998916313,executed,2026-09-22T05:45:12.825288+00:00,1.0000000000000013,-9.391901319155682e-18,1.2298886659523777e-17,0.00017133002856648888,0.23007738019984103,0.060835933148554636,W3,W3/ascending/seed101,64,False,results/stage4_v1/optimization/C_W3_ascending_seed101_i64.npz
results/stage4_v1/density/27a78ed1a9155f09d1290d298e0219b313317b0a4ff97c5e83fd624965ee3dc5.npz,046b575c99118a67cbd60991f7687d87cd0e755aaecc6009c9d92b6acd97d01a,0.8,0.8,6,0.05,c59f435171177379eb49685edbdeedcc37e8c3934629a00bbfa52d3bd73e9c98,-0.41982839719165976,0.030566225486765575,0.005921394131783134,5.3921166759640216e-05,0.045870000825020456,192,"[24, 24, 24, 24, 24, 24, 24, 24]",0.1360735000052955,executed,2026-09-22T05:45:12.961842+00:00,0.9999999999999947,-2.825701912040346e-18,6.618574745922403e-19,0.003019697784360165,0.005949901530527395,0.003959960537201985,W3,W3/ascending/seed101,64,False,results/stage4_v1/optimization/C_W3_ascending_seed101_i64.npz
results/stage4_v1/density/cb219ac077b554773809bfc6cb426cec44eaa3284e945d25fc66add21d076183.npz,6870bee0f93be7ab1cf957739ed95730db8ac7c365c1e1a64f9972b4a475835b,0.8,0.8125,6,0,6971d079514a5f76ce89d02c031e764077b7b34cb8d693c2f2f3f426b9f0744b,-8.766184530806289,0.7753349127479601,0.9995024861243645,1.0000000000000022,0.9960937500000002,192,"[24, 24, 24, 24, 24, 24, 24, 24]",0.0827901249867864,executed,2026-09-22T05:45:13.045166+00:00,1.0000000000000013,-4.819617469876969e-17,2.834893256844394e-17,-5.470218742880688e-16,1.0000000000000004,1.0000000000000022,W3,W3/ascending/seed101,65,False,results/stage4_v1/optimization/C_W3_ascending_seed101_i65.npz
results/stage4_v1/density/a8022b25f53037f0439f3d04784481fe4c8edc7bd2f2829d89a83d49418e1ab1.npz,72037f813a459ac1bae609d0d4b267590b3044a56a74ad24254e27e181924e9d,0.8,0.8125,6,0.01,6971d079514a5f76ce89d02c031e764077b7b34cb8d693c2f2f3f426b9f0744b,-4.913960486783557,0.39887331723010744,0.23089541914766798,0.05780168706084056,0.5502942499053253,192,"[24, 24, 24, 24, 24, 24, 24, 24]",0.13580675001139753,executed,2026-09-22T05:45:13.181462+00:00,1.0,-1.497554250745603e-17,7.996680103938911e-18,0.0001682300191009579,0.23137875626590892,0.061482149220759154,W3,W3/ascending/seed101,65,False,results/stage4_v1/optimization/C_W3_ascending_seed101_i65.npz
results/stage4_v1/density/a98e662262f217b8e6938996b306751250721dee7d82689770896735bd410fb5.npz,30c2ec67d3a5b9fc55aa3f3ce26a677b8a03300c0c87564429a37223dae41ab4,0.8,0.8125,6,0.05,6971d079514a5f76ce89d02c031e764077b7b34cb8d693c2f2f3f426b9f0744b,-0.42922756923227534,0.03134286920224691,0.005968757593156535,5.583892199676216e-05,0.04665229644314051,192,"[24, 24, 24, 24, 24, 24, 24, 24]",0.13557958300225437,executed,2026-09-22T05:45:13.317547+00:00,0.9999999999999936,-1.1519648082658485e-18,6.555838024382534e-19,0.003008071044794801,0.005996865535159163,0.003961870801207712,W3,W3/ascending/seed101,65,False,results/stage4_v1/optimization/C_W3_ascending_seed101_i65.npz
results/stage4_v1/density/01a17c6a43a100a1a76e289ed6f819e3c45a09737f6915d3504cb278a5d5fbf5.npz,ced0bfb0204fdb497d66cfa6bf649f43c190c2d3183ce1aa584906f8eecb4859,0.8,0.825,6,0,6115330b3d80e9ba59034b61d71c34886fbc180360110950f6d7798004841c87,-8.844024018395267,0.7813978707482787,0.9995252113026669,0.9999999999999931,0.9960937499999982,192,"[24, 24, 24, 24, 24, 24, 24, 24]",0.0654254580149427,executed,2026-09-22T05:45:13.383503+00:00,0.999999999999997,9.900121087508262e-18,4.336808689942018e-17,-6.313290982115375e-16,0.9999999999999969,0.9999999999999931,W3,W3/ascending/seed101,66,False,results/stage4_v1/optimization/C_W3_ascending_seed101_i66.npz
results/stage4_v1/density/4250efe94e3473b10ae15e128a8da1ea3398f327a13f631c0ba5015b33797029.npz,606358b1863d9c8119666877507f34488274ccd87fdd1c0180644ccb48e3c61f,0.8,0.825,6,0.01,6115330b3d80e9ba59034b61d71c34886fbc180360110950f6d7798004841c87,-4.970796567604113,0.4035165519212577,0.2321253324389691,0.058411696352370375,0.5525881254336469,192,"[24, 24, 24, 24, 24, 24, 24, 24]",0.13106208402314223,executed,2026-09-22T05:45:13.514990+00:00,0.9999999999999949,-6.545870616381233e-18,7.773245677845429e-18,0.0001639905141233296,0.23259530525018496,0.062089775663493926,W3,W3/ascending/seed101,66,False,results/stage4_v1/optimization/C_W3_ascending_seed101_i66.npz
results/stage4_v1/density/e70899390e77823dc1ec025a76bf28d649c887103f828bdc4df5386a7b046aa2.npz,7c2413e6f57f1d90f92b5618b9daa2ca7527f68f56ce87cd6ddbe49b0bd79157,0.8,0.825,6,0.05,6115330b3d80e9ba59034b61d71c34886fbc180360110950f6d7798004841c87,-0.43832633981854807,0.03209315324600895,0.006013952852296783,5.769464402910811e-05,0.04739339939251024,192,"[24, 24, 24, 24, 24, 24, 24, 24]",0.13159633398754522,executed,2026-09-22T05:45:13.647067+00:00,0.9999999999999889,1.7259143333253624e-17,1.1384122811097797e-18,0.0029968853925536622,0.0060416837951711745,0.003963719274325869,W3,W3/ascending/seed101,66,False,results/stage4_v1/optimization/C_W3_ascending_seed101_i66.npz
results/stage4_v1/density/5420684e946461b905d306370b52d615c2421c74050b9e7ac02262a82957aeeb.npz,269c0ddae1f6a4ec89aad0c69907a66f34322a138ea0cc9273459309c9c882b3,0.8,0.8375,6,0,ca557e7cce15c5a620c67e33523e8e27bd72d35430df2f1896d79343dacc475a,-8.92245314167933,0.7871296333518267,0.9995481175201067,1.0000000000000009,0.9960937499999994,192,"[24, 24, 24, 24, 24, 24, 24, 24]",0.06656095798825845,executed,2026-09-22T05:45:13.714101+00:00,1.0,2.6203811256259035e-17,3.0929230554593136e-17,-3.603470744370589e-16,0.9999999999999993,1.0000000000000009,W3,W3/ascending/seed101,67,False,results/stage4_v1/optimization/C_W3_ascending_seed101_i67.npz
results/stage4_v1/density/df95746ede5ffb400c414ee8e8bda5fa090f3e780c33d0b3ef47d4892421c5ab.npz,4415902548edfbc8d91f2399c73c8d46a9e9d416ff317a2c5dcecc93b5200be2,0.8,0.8375,6,0.01,ca557e7cce15c5a620c67e33523e8e27bd72d35430df2f1896d79343dacc475a,-5.027127826000536,0.4079710570395999,0.23329149935663587,0.05899262289151315,0.554756430978574,192,"[24, 24, 24, 24, 24, 24, 24, 24]",0.13476487499428913,executed,2026-09-22T05:45:13.849332+00:00,0.9999999999999991,2.913793338554793e-18,6.950953643542235e-18,0.00015952848573305727,0.23374788283459624,0.06266843295834318,W3,W3/ascending/seed101,67,False,results/stage4_v1/optimization/C_W3_ascending_seed101_i67.npz
results/stage4_v1/density/ff910f201cff9a9d38cb1b548fab226a19b3de200e1281a38e5f24d5f8631865.npz,f015587d16c49df3c487cb5fdaf8a854ee439af204879eb655af268e655c8e9c,0.8,0.8375,6,0.05,ca557e7cce15c5a620c67e33523e8e27bd72d35430df2f1896d79343dacc475a,-0.44722533235141937,0.03282373526318863,0.006057510830724151,5.950813630608042e-05,0.048104288434918915,192,"[24, 24, 24, 24, 24, 24, 24, 24]",0.13271216698922217,executed,2026-09-22T05:45:13.982517+00:00,0.9999999999999928,-3.3542504711270293e-18,6.776263578034403e-19,0.002985966583107393,0.006084889273798175,0.003965525682648635,W3,W3/ascending/seed101,67,False,results/stage4_v1/optimization/C_W3_ascending_seed101_i67.npz
results/stage4_v1/density/1210cf6637efb6f9e6f29ccc0d59825af0a4f5562a1525f5ea141a8958db1a8c.npz,3ba880ad00d35d7a9c10d2b75fa38a7eda545e4479fbd7dff72d6a12c95c1012,0.8,0.85,6,0,1bf1ec59aeba5f9f830eb8c8e482dcc23a7cf91e2f31f3410e72172b5d551140,-9.001439622855209,0.7925499591566822,0.999570989546078,0.9999999999999952,0.9960937499999997,192,"[24, 24, 24, 24, 24, 24, 24, 24]",0.06796504100202583,executed,2026-09-22T05:45:14.050963+00:00,0.9999999999999978,-2.2839396389764954e-17,5.701542859207485e-17,-4.942612122073351e-16,0.9999999999999989,0.9999999999999952,W3,W3/ascending/seed101,68,False,results/stage4_v1/optimization/C_W3_ascending_seed101_i68.npz
results/stage4_v1/density/7efe9e320c4c926092ee407f9ca0f0a405d3810e299d98ae81f831eab97970b8.npz,3c6be8084410e134321221472a88553a80d10a6900c5a0e457e304f8fb0bb8d0,0.8,0.85,6,0.01,1bf1ec59aeba5f9f830eb8c8e482dcc23a7cf91e2f31f3410e72172b5d551140,-5.082867079434522,0.41222385898938213,0.23438291398346145,0.059538966480277046,0.5567988176554092,192,"[24, 24, 24, 24, 24, 24, 24, 24]",0.13289570799679495,executed,2026-09-22T05:45:14.184276+00:00,0.9999999999999962,2.72405795836983e-17,9.540979117872439e-18,0.0001553220239937462,0.23482591950195494,0.06321264239246346,W3,W3/ascending/seed101,68,False,results/stage4_v1/optimization/C_W3_ascending_seed101_i68.npz
results/stage4_v1/density/699c4bfe2835595e7011cb7f20842fe381e2dcde0b7401f374127aa02d8f37fd.npz,ee01565fb0b8a787aa430ea69e650ceddc8bb7c9a62a34c61348b7d320a67a2b,0.8,0.85,6,0.05,1bf1ec59aeba5f9f830eb8c8e482dcc23a7cf91e2f31f3410e72172b5d551140,-0.4558828113246607,0.03353010622168904,0.006099102986639385,6.126569171913458e-05,0.04878104994210647,192,"[24, 24, 24, 24, 24, 24, 24, 24]",0.13207341698580422,executed,2026-09-22T05:45:14.316806+00:00,0.9999999999999899,-2.6759464869657856e-17,7.453889935837843e-19,0.0029753768951290634,0.006126151399593412,0.003967276372610857,W3,W3/ascending/seed101,68,False,results/stage4_v1/optimization/C_W3_ascending_seed101_i68.npz
results/stage4_v1/density/1f434702b6509e037a462a0f9d7644a0f2783d683b1d7b082936e07fdea66a08.npz,d7365be6a8c74ae1de44bd34cfe2ee442e150d23f040e4046b7b78a955e6f65f,0.8,0.85,6,0,2eeac9701e987d7acedee2c7d66042990dce58d8f135fbc613b843f67d2e0bf2,-8.999425965998075,0.7939151455944271,0.9992965920653542,0.9999999999999973,0.9960937499999999,192,"[24, 24, 24, 24, 24, 24, 24, 24]",0.11567529200692661,executed,2026-09-22T05:45:18.780615+00:00,0.9999999999999984,-2.3688123402913763e-17,2.7755575615628914e-17,-4.534543637276556e-16,1.0,0.9999999999999973,W3,W3/descending/seed101,68,False,results/stage4_v1/optimization/C_W3_descending_seed101_i68.npz
results/stage4_v1/density/c57470a7145876e5a857c531388f46d8a3117529e75cd867a1fb8744bb8137c7.npz,2549dfd300232daabed084d0387593b52fbda4831b94fdfd97318f2145680acd,0.8,0.85,6,0.01,2eeac9701e987d7acedee2c7d66042990dce58d8f135fbc613b843f67d2e0bf2,-4.359555067421369,0.37300756848535216,0.20918461879053277,0.046914974441192116,0.48633863139511235,192,"[24, 24, 24, 24, 24, 24, 24, 24]",0.1358129580039531,executed,2026-09-22T05:45:18.916944+00:00,0.9999999999999972,-4.980553729855286e-17,6.5052130349130266e-18,0.00039403583956944206,0.20964944255371276,0.05063796282228121,W3,W3/descending/seed101,68,False,results/stage4_v1/optimization/C_W3_descending_seed101_i68.npz
results/stage4_v1/density/495280483b2dd2d315f36efc421f312446a3fed07eaf8f9f153b9e6758fce79a.npz,8362e5d460c32592129d5b0fe40bc6d5b6a2f0590faa5886735b21f1a5f993d6,0.8,0.85,6,0.05,2eeac9701e987d7acedee2c7d66042990dce58d8f135fbc613b843f67d2e0bf2,-0.21016358753703146,0.017474044326257772,0.005014529675969842,1.503022031672562e-05,0.024024076013992236,192,"[24, 24, 24, 24, 24, 24, 24, 24]",0.13692437499412335,executed,2026-09-22T05:45:19.054380+00:00,0.9999999999999903,-1.588356182691264e-17,1.3688052427629493e-18,0.0034256903384522366,0.005036642763372378,0.003921221508518613,W3,W3/descending/seed101,68,False,results/stage4_v1/optimization/C_W3_descending_seed101_i68.npz
results/stage4_v1/density/5832fffe89e3e1cb79f38b7576f2ce70508867c4fa054f4a5f208e1b565db34f.npz,e3daeb7d1bbd6c825ca126a1152fbd9e807a676d0272340b67fc4af698ef5b1b,0.8,0.8375,6,0,01c27c9d7a63e824505b1bec5d656f60a3956df4774bf1455e4931029c2589e3,-8.920297378351782,0.7886074110634006,0.9992499845807241,1.000000000000001,0.9960937500000001,192,"[24, 24, 24, 24, 24, 24, 24, 24]",0.06702870799927041,executed,2026-09-22T05:45:19.121992+00:00,1.0000000000000004,-3.9633306876739154e-17,3.642919299551295e-17,-5.605787001860786e-16,0.9999999999999998,1.000000000000001,W3,W3/descending/seed101,67,False,results/stage4_v1/optimization/C_W3_descending_seed101_i67.npz
results/stage4_v1/density/0170d6b72fcc78948df2027d1d95c163ff0b9bd80fe2a650e15be270ad3a1335.npz,c4f560d541c2ca79f6bf3844e3e240d5672752e2f2474fde0fba764eff89ea63,0.8,0.8375,6,0.01,01c27c9d7a63e824505b1bec5d656f60a3956df4774bf1455e4931029c2589e3,-4.321987296393827,0.3709535134746233,0.20900127432898208,0.046846190399065124,0.4862483527909056,192,"[24, 24, 24, 24, 24, 24, 24, 24]",0.1480914170097094,executed,2026-09-22T05:45:19.270713+00:00,0.9999999999999981,-3.5914196963582334e-18,6.0956850664623835e-18,0.000393240022617499,0.20948851179778682,0.05056944746781877,W3,W3/descending/seed101,67,False,results/stage4_v1/optimization/C_W3_descending_seed101_i67.npz
results/stage4_v1/density/b33e4ad9b645c8bf752cffc2799a93339ea4acb1aaa8e1db932f3e2ae1e20746.npz,f4b0dbb146c3c939555e899e57789e419bebabd3bb60c090c51a932ca013dd8f,0.8,0.8375,6,0.05,01c27c9d7a63e824505b1bec5d656f60a3956df4774bf1455e4931029c2589e3,-0.20858442906986732,0.017453895662540575,0.005012850378986902,1.5049320629811031e-05,0.024043894406436832,192,"[24, 24, 24, 24, 24, 24, 24, 24]",0.13696195901138708,executed,2026-09-22T05:45:19.408448+00:00,0.999999999999992,1.6906777627195835e-17,1.260385025514399e-18,0.003425006111503662,0.005036068269820169,0.003921240534221101,W3,W3/descending/seed101,67,False,results/stage4_v1/optimization/C_W3_descending_seed101_i67.npz
results/stage4_v1/density/05281af1a16d5ea754b6ea389f2808381ef41d361ed8f51022ce45e39266d905.npz,6609e02ccc2f864f44177199f169d4b9c0e0f60f98a123e6462650687d89b33c,0.8,0.825,6,0,1f66706dd9daec4ba856c0cf8305a3a30387b354021d0d83ea5715f3dbb74b63,-8.841714556612494,0.7829939837272082,0.999201070112716,1.0000000000000007,0.9960937500000008,192,"[24, 24, 24, 24, 24, 24, 24, 24]",0.06610087500303052,executed,2026-09-22T05:45:19.475086+00:00,0.9999999999999996,-4.218732297094768e-17,3.047206093459288e-17,-8.46168712697438e-16,1.0000000000000007,1.0000000000000007,W3,W3/descending/seed101,66,False,results/stage4_v1/optimization/C_W3_descending_seed101_i66.npz
results/stage4_v1/density/4e61d332be1a0f1ea19c9120f0cabda4416f339237a548e547af301031f09b9c.npz,63bb1d5be59f5f8c23f222fd2219dbd19bb5425e1363731812db012eadf35151,0.8,0.825,6,0.01,1f66706dd9daec4ba856c0cf8305a3a30387b354021d0d83ea5715f3dbb74b63,-4.284469060538116,0.3687908419201775,0.2088041575335255,0.04677185993927755,0.48613284306685856,192,"[24, 24, 24, 24, 24, 24, 24, 24]",0.1380477499915287,executed,2026-09-22T05:45:19.613690+00:00,0.999999999999998,2.839254439196415e-17,8.097654822523881e-18,0.00039228010851884474,0.20931471969433546,0.05049540736138975,W3,W3/descending/seed101,66,False,results/stage4_v1/optimization/C_W3_descending_seed101_i66.npz
results/stage4_v1/density/1388c311007cf151b05b1ecbf34683e984d80c956b4557dd9166a8322bb4cfd5.npz,cbdcf2329c60025cc22a4fc460f035c4f2ec6a2659f8ee28c77da739cbe657f8,0.8,0.825,6,0.05,1f66706dd9daec4ba856c0cf8305a3a30387b354021d0d83ea5715f3dbb74b63,-0.20699706739450785,0.0174333024506959,0.005010979076672025,1.5068887706366149e-05,0.024064137218842416,192,"[24, 24, 24, 24, 24, 24, 24, 24]",0.17289225000422448,executed,2026-09-22T05:45:19.787109+00:00,0.9999999999999911,-2.3306958576649328e-17,1.480613591800517e-18,0.003424253995219268,0.005035380443667503,0.003921260024863763,W3,W3/descending/seed101,66,False,results/stage4_v1/optimization/C_W3_descending_seed101_i66.npz
results/stage4_v1/density/12a62b545604a7c5b9836ad2fd990f617486246d503c77d746e52ae5f2c7e2fd.npz,f41313052fd89abb154a1e32794ac3697ff8ba0c29ff9fee1dab486eef1d77f8,0.8,0.8125,6,0,643edb3bbb9295102bc73a8765460c972c294fd9a55810efc9ee7a13efe3acfc,-8.763709372692635,0.7770504670360315,0.9991498108434393,0.9999999999999992,0.9960937500000001,192,"[24, 24, 24, 24, 24, 24, 24, 24]",0.06665608298499137,executed,2026-09-22T05:45:19.854417+00:00,0.9999999999999991,-2.2469666508288452e-17,3.3153902599345747e-17,-3.352980430829681e-16,1.0000000000000002,0.9999999999999992,W3,W3/descending/seed101,65,False,results/stage4_v1/optimization/C_W3_descending_seed101_i65.npz
results/stage4_v1/density/48c1275ec198cca0f18b296fbe8dc04b1d3e866398272f2abba15fa437e102ef.npz,b83e40c9781beca0c3987d15ae53928ea547717df2c481dd5d5593d9a773ab2d,0.8,0.8125,6,0.01,643edb3bbb9295102bc73a8765460c972c294fd9a55810efc9ee7a13efe3acfc,-4.246851324268945,0.3664890454606244,0.20857885709558466,0.046685604482948825,0.48597187065073366,192,"[24, 24, 24, 24, 24, 24, 24, 24]",0.14037849998567253,executed,2026-09-22T05:45:19.995354+00:00,0.999999999999998,1.3254371558635292e-17,6.95602517359752e-18,0.0003913028317596954,0.20911346958095361,0.050409488840437305,W3,W3/descending/seed101,65,False,results/stage4_v1/optimization/C_W3_descending_seed101_i65.npz
results/stage4_v1/density/3625738b7cf6ef68a57a27c0916fafffad0d1017764ae0cc8eb2d8dd341a2b72.npz,a58edb94165642ebb55ff95031913b6d1984b2ea6c2bfb90b4aaf0c794d10860,0.8,0.8125,6,0.05,643edb3bbb9295102bc73a8765460c972c294fd9a55810efc9ee7a13efe3acfc,-0.20536318188881694,0.01740695353715233,0.005008602240239488,1.50819296726809e-05,0.024079436271894617,192,"[24, 24, 24, 24, 24, 24, 24, 24]",0.1457045839924831,executed,2026-09-22T05:45:20.141677+00:00,0.9999999999999912,-8.582137821580571e-18,1.311207002349657e-18,0.0034235329995098087,0.005034255160471844,0.003921273015884897,W3,W3/descending/seed101,65,False,results/stage4_v1/optimization/C_W3_descending_seed101_i65.npz
results/stage4_v1/density/62c3ef382ec3675f12847e069400c2bb00bf74a1fb6347b58c757c68a57f02bb.npz,a6f6533c5f664974fb5eff9047022fa24b231390ef5829e5a3b841720ce55303,0.8,0.8,6,0,e16023ae6047fc2d7442b39a7b56e7cc3502d13083a4a253e29d0182a7bf4d40,-8.686316498033566,0.7707438939303648,0.9990964995861621,1.0000000000000058,0.9960937500000017,192,"[24, 24, 24, 24, 24, 24, 24, 24]",0.06818579099490307,executed,2026-09-22T05:45:20.210396+00:00,1.000000000000003,-3.930741095028306e-17,2.9554802354423305e-17,-3.531808904962289e-16,1.0000000000000033,1.0000000000000058,W3,W3/descending/seed101,64,False,results/stage4_v1/optimization/C_W3_descending_seed101_i64.npz
results/stage4_v1/density/114705da9b72e6a32d12cfcaadcb40b02aecf0b5b12526b485eb3d925f633d0e.npz,6555785e2b0cd9269e2755e475a536592421b8e2a1727509b2f1c3f6bd04e67a,0.8,0.8,6,0.01,e16023ae6047fc2d7442b39a7b56e7cc3502d13083a4a253e29d0182a7bf4d40,-4.209678355688563,0.36409632686931653,0.2083556407791637,0.046601464260464055,0.48583828209755114,192,"[24, 24, 24, 24, 24, 24, 24, 24]",0.13574412500020117,executed,2026-09-22T05:45:20.346657+00:00,1.000000000000001,8.036648603548802e-18,7.075249932951936e-18,0.0003900575708798016,0.20891515581735703,0.05032567729069662,W3,W3/descending/seed101,64,False,results/stage4_v1/optimization/C_W3_descending_seed101_i64.npz
results/stage4_v1/density/59fede52a91d9980b0b6abb77d5a93fe3a4fed0524607a9760ceb64351002857.npz,3e73e7176a1b36549296360a990676ec801ce957b1f38c7cd0ad45ce16cac0fb,0.8,0.8,6,0.05,e16023ae6047fc2d7442b39a7b56e7cc3502d13083a4a253e29d0182a7bf4d40,-0.20382455216575215,0.01739027551603935,0.00500660561032637,1.5111954557361374e-05,0.024108332037104913,192,"[24, 24, 24, 24, 24, 24, 24, 24]",0.1406645410170313,executed,2026-09-22T05:45:20.487911+00:00,0.9999999999999948,2.825701912040346e-18,1.311207002349657e-18,0.0034224834791156,0.005033622013069534,0.003921302923484872,W3,W3/descending/seed101,64,False,results/stage4_v1/optimization/C_W3_descending_seed101_i64.npz
results/stage4_v1/density/b2532405ca6a0de8ba1b8bf5c411669166b841a04e965b09de9149feae349f3b.npz,cde5b98a065f036e488dd79a16fcb981907674b42a4b4bac9038bcbea6e4da3c,0.8,0.7875,6,0,eeeb95556e38bc1bcdb3d5ac082c14b2114291ef39b39027bb9117ce8bd12ad2,-8.609573622664016,0.7640443651269707,0.9990413454719327,1.0000000000000064,0.9960937500000012,192,"[24, 24, 24, 24, 24, 24, 24, 24]",0.06861379099427722,executed,2026-09-22T05:45:20.557251+00:00,1.0000000000000022,1.6933035648560718e-17,2.787728152484798e-17,-4.683939969972086e-16,1.0000000000000022,1.0000000000000064,W3,W3/descending/seed101,63,False,results/stage4_v1/optimization/C_W3_descending_seed101_i63.npz
results/stage4_v1/density/069f1214d3bd90b6b3b1c64f0f657e2720fa70cc390c33898c8bbe6c275cb55f.npz,130954f3d403079f528487e755051180dff8603eb4dfee1d5fe05654113d6d09,0.8,0.7875,6,0.01,eeeb95556e38bc1bcdb3d5ac082c14b2114291ef39b39027bb9117ce8bd12ad2,-4.172598615779585,0.3615599618426436,0.20810635280537204,0.0465067827059959,0.48568721000036563,192,"[24, 24, 24, 24, 24, 24, 24, 24]",0.1366757080249954,executed,2026-09-22T05:45:20.694462+00:00,1.0000000000000022,-1.888544659198188e-17,6.613633252161577e-18,0.00038854173087318766,0.20869112862592526,0.050231365586050604,W3,W3/descending/seed101,63,False,results/stage4_v1/optimization/C_W3_descending_seed101_i63.npz
results/stage4_v1/density/2839db4ce4d6561806ee4f5085249223e9595168f2251f881db3bfbf4081144e.npz,d9d18652bf637997565a8788595fef5af872002dd4ecbaf340cdd3eed9c7ec6a,0.8,0.7875,6,0.05,eeeb95556e38bc1bcdb3d5ac082c14b2114291ef39b39027bb9117ce8bd12ad2,-0.20229266641364757,0.01737254483754091,0.0050043360823721185,1.5143869329119181e-05,0.024139118666830037,192,"[24, 24, 24, 24, 24, 24, 24, 24]",0.14023266601725481,executed,2026-09-22T05:45:20.835397+00:00,0.9999999999999944,-6.993104012531504e-18,1.3654171109739321e-18,0.0034213207383803927,0.005032801255146184,0.003921334713589552,W3,W3/descending/seed101,63,False,results/stage4_v1/optimization/C_W3_descending_seed101_i63.npz
results/stage4_v1/density/5abcb44ac1c77060af980ac931ec63d8e5bdc41ffd682fff6fc28288a331f0cc.npz,aad5d76aafd3a5a00121c9aa67e4a539e2ccd5e386a57a0039ca0a53164777b4,0.8,0.775,6,0,44a1c7c8936176e91a95411170dfefc0b46157aef902fadf75d936f95b8fdce3,-8.533521667056599,0.7569201628458428,0.9989844611269106,1.000000000000004,0.9960937500000011,192,"[24, 24, 24, 24, 24, 24, 24, 24]",0.06776783301029354,executed,2026-09-22T05:45:20.903672+00:00,1.0000000000000013,1.0566736016997397e-17,2.5537737189886525e-17,-5.814623936844229e-16,1.0000000000000013,1.000000000000004,W3,W3/descending/seed101,62,False,results/stage4_v1/optimization/C_W3_descending_seed101_i62.npz
results/stage4_v1/density/f2142adb14605eda70079592c61877a79147434c5e650ca0814b040309c5588f.npz,e0737864ba860d113f5f41a01ce519d771775210023fe65493c381b9ee1bdd47,0.8,0.775,6,0.01,44a1c7c8936176e91a95411170dfefc0b46157aef902fadf75d936f95b8fdce3,-4.1355522094478285,0.35886449178819196,0.20783153280678088,0.046401553023666914,0.48550128753240324,192,"[24, 24, 24, 24, 24, 24, 24, 24]",0.1361345000041183,executed,2026-09-22T05:45:21.040427+00:00,1.0000000000000009,-7.508100044462118e-18,5.87912626918177e-18,0.0003868792862831984,0.20844196184346453,0.050126546957168214,W3,W3/descending/seed101,62,False,results/stage4_v1/optimization/C_W3_descending_seed101_i62.npz
results/stage4_v1/density/c6d41423eb3f51e6fd00620ccc67bfddd66bedb6c42d23a1df48324b9aa661cc.npz,e074f55eee2d221724456b187fef80d0e15451cdd279add5446cfebf079e564b,0.8,0.775,6,0.05,44a1c7c8936176e91a95411170dfefc0b46157aef902fadf75d936f95b8fdce3,-0.20075234021765404,0.017352617884490697,0.005001728740876911,1.5175618426373678e-05,0.024170158872924806,192,"[24, 24, 24, 24, 24, 24, 24, 24]",0.13824262499110773,executed,2026-09-22T05:45:21.179330+00:00,0.9999999999999947,1.8902387250926966e-17,1.6534083130403943e-18,0.003420076961436214,0.005031737750663864,0.003921366338666896,W3,W3/descending/seed101,62,False,results/stage4_v1/optimization/C_W3_descending_seed101_i62.npz
results/stage4_v1/density/08436be75edaf75f5508f2a6ead79feaa45d464b89f09a77e6f567b2b8c7e6c9.npz,c1ec0d5416d5811ee8ded04e3d82d6d329d83afd0c47b56642c13a7d55fa7be0,0.8,0.7625,6,0,2f2aff73795637a44d6e03f53aeb3beac67c8fa2fe0f152b57728612bec72b99,-8.458204967612108,0.7493343613798389,0.9989261452367082,1.0000000000000013,0.9960937499999993,192,"[24, 24, 24, 24, 24, 24, 24, 24]",0.06802266702288762,executed,2026-09-22T05:45:21.247895+00:00,1.0000000000000004,-5.98301722293075e-17,4.8959861929919786e-17,-6.249132396216479e-16,0.9999999999999986,1.0000000000000013,W3,W3/descending/seed101,61,False,results/stage4_v1/optimization/C_W3_descending_seed101_i61.npz
results/stage4_v1/density/6c745f130d5e37ccd6fee0a4ca0dddaced6dd1748cbb3c1f2561bf6fac0569ba.npz,59c9a4ed745c3a92477b3285e7d1c37970b98ee9dcca7c0fb78383c8665a53ea,0.8,0.7625,6,0.01,2f2aff73795637a44d6e03f53aeb3beac67c8fa2fe0f152b57728612bec72b99,-4.098825020937551,0.3560249690391116,0.20753795676000925,0.04628943605408646,0.48532603093204885,192,"[24, 24, 24, 24, 24, 24, 24, 24]",0.13682416698429734,executed,2026-09-22T05:45:21.385238+00:00,0.9999999999999987,4.257526406079015e-17,1.1275702593849246e-17,0.00038490853702850266,0.2081742064010229,0.050014867944500184,W3,W3/descending/seed101,61,False,results/stage4_v1/optimization/C_W3_descending_seed101_i61.npz
results/stage4_v1/density/85a7cd2d35dd866a87c086de76669b5d7762113c0ef23c92db8e913420a3716b.npz,9a05807e33e17e30e8ccd1f80e74749e90fc57015585bea586f63f77fe98a906,0.8,0.7625,6,0.05,2f2aff73795637a44d6e03f53aeb3beac67c8fa2fe0f152b57728612bec72b99,-0.19927986930116548,0.017337880820301896,0.004999168571429586,1.5219532526738477e-05,0.024211519988875732,192,"[24, 24, 24, 24, 24, 24, 24, 24]",0.13205245800781995,executed,2026-09-22T05:45:21.517781+00:00,0.9999999999999925,-1.3742262536253769e-17,1.1384122811097797e-18,0.0034185536842861685,0.005030836377097896,0.003921410081227806,W3,W3/descending/seed101,61,False,results/stage4_v1/optimization/C_W3_descending_seed101_i61.npz
results/stage4_v1/density/cb2ea1a59aa231cfd84d7a979fdf55c99e070be434c6adc82966a7cb48361646.npz,89c5aa4915996d9d60591aa4bdee1eee8e08c78680e467a98df43b2a9838eec7,0.8,0.75,6,0,2007c5a5f99595c2e7a9cf9827feac52bd1041b0342cdc78bb49178586c942be,-8.383671446560058,0.7412499758411515,0.998866773006186,0.9999999999999978,0.9960937499999991,192,"[24, 24, 24, 24, 24, 24, 24, 24]",0.0668398339767009,executed,2026-09-22T05:45:21.585126+00:00,0.9999999999999991,1.1927070930287803e-17,4.177767360805209e-17,-4.154325470705879e-16,0.9999999999999978,0.9999999999999978,W3,W3/descending/seed101,60,False,results/stage4_v1/optimization/C_W3_descending_seed101_i60.npz
results/stage4_v1/density/9ae767f21eb5e520eacffe29df79935a9cd93baf75d0cbf2a191d8fc7dc7690b.npz,de2cb238f2ae3a697f8b8234a30fc2aecef1d2a66d20b47e34d1e5ffc693ec31,0.8,0.75,6,0.01,2007c5a5f99595c2e7a9cf9827feac52bd1041b0342cdc78bb49178586c942be,-4.062236234999173,0.35301045599213776,0.20722093242680723,0.04616787500160127,0.485126984772583,192,"[24, 24, 24, 24, 24, 24, 24, 24]",0.13547741700313054,executed,2026-09-22T05:45:21.721352+00:00,0.9999999999999979,-1.3918445389282663e-17,8.995611769668934e-18,0.00038273715683613313,0.2078830323029182,0.04989378173987627,W3,W3/descending/seed101,60,False,results/stage4_v1/optimization/C_W3_descending_seed101_i60.npz
results/stage4_v1/density/0f40ecf02007dcb893d55cce1c06835a291b9ce069674c28ea2b0e0de297c049.npz,ee6725e5cbf0ebc16df0c1dd2489e823dd38c050027f6a5b107910454b9bba26,0.8,0.75,6,0.05,2007c5a5f99595c2e7a9cf9827feac52bd1041b0342cdc78bb49178586c942be,-0.19783096322477262,0.017324034326043868,0.004996418668288143,1.5268928113735192e-05,0.024257627018326244,192,"[24, 24, 24, 24, 24, 24, 24, 24]",0.13519070800975896,executed,2026-09-22T05:45:21.857148+00:00,0.9999999999999916,5.908901840045999e-18,1.3755815063409838e-18,0.0034168513142810012,0.005029862489110252,0.003921459283863291,W3,W3/descending/seed101,60,False,results/stage4_v1/optimization/C_W3_descending_seed101_i60.npz
results/stage4_v1/density/57bf8e9c6432868cbee4fc8f12bcf0fe723d72ce7e518d53d58251ef84f37245.npz,29f47d949c0a1789dba8174e5a883314aa8152dbb3592c4d5256897315baf8ed,0.8,0.7375,6,0,3af9a07f0003eae6e9db07ae7a69518c45c76db504c249d82ebc1858c5aad674,-8.309972705211818,0.7326325212637215,0.9988069338097156,1.0000000000000058,0.9960937500000017,192,"[24, 24, 24, 24, 24, 24, 24, 24]",0.06601725000655279,executed,2026-09-22T05:45:21.923696+00:00,1.0000000000000027,-1.1096978641978589e-17,3.804545602077247e-17,-3.640900150936192e-16,1.0000000000000036,1.0000000000000058,W3,W3/descending/seed101,59,False,results/stage4_v1/optimization/C_W3_descending_seed101_i59.npz
results/stage4_v1/density/b6a441534f77eec8baba8f89302fcba2127908ba459882e2c157aa26935e90da.npz,f5a50dbb9bb4e82f89a4a50d649045335a526453899dbd0ae5930356e675b29e,0.8,0.7375,6,0.01,3af9a07f0003eae6e9db07ae7a69518c45c76db504c249d82ebc1858c5aad674,-4.025712153801363,0.3497967916178535,0.20686656264608813,0.04603087343217643,0.48492457530543187,192,"[24, 24, 24, 24, 24, 24, 24, 24]",0.13173449999885634,executed,2026-09-22T05:45:22.055886+00:00,1.0000000000000016,6.227386228213616e-18,6.60918830693726e-18,0.00038041745844248723,0.2075539982291344,0.049757315332831994,W3,W3/descending/seed101,59,False,results/stage4_v1/optimization/C_W3_descending_seed101_i59.npz
results/stage4_v1/density/7ac2e374ebab4d2022c8af230b87a98f216e18cbf74d5cde089599155eca0c66.npz,ab336f6c42c8f976df33bc52125344ec9fa093a07a7993b8254f0541340fd5d2,0.8,0.7375,6,0.05,3af9a07f0003eae6e9db07ae7a69518c45c76db504c249d82ebc1858c5aad674,-0.19638268552428245,0.017307470605528005,0.004993237319073305,1.53190341655065e-05,0.02430533436636075,192,"[24, 24, 24, 24, 24, 24, 24, 24]",0.13258641699212603,executed,2026-09-22T05:45:22.188946+00:00,0.9999999999999942,-3.3481518339067984e-17,1.2332799712022613e-18,0.0034150388044775553,0.005028554920530485,0.0039215091941882975,W3,W3/descending/seed101,59,False,results/stage4_v1/optimization/C_W3_descending_seed101_i59.npz
results/stage4_v1/density/d97ffeb112f672a88a964573ace1436c9fe4ef9587fa3a5f8acbcdaddaa3a11e.npz,d3c20284406e11ab835d383c9371bc1a61ad0e5c9369cbe052d1283cc817bd65,0.8,0.725,6,0,9b57502713e1357a8bb7348f0d7050f0a5aca5db8efcf3641b87ac2276b59601,-8.237164074616686,0.7234412507880746,0.9987470150754836,0.9999999999999949,0.9960937499999991,192,"[24, 24, 24, 24, 24, 24, 24, 24]",0.07029912501457147,executed,2026-09-22T05:45:22.260195+00:00,0.9999999999999969,1.402432450768945e-17,3.580691550984091e-17,-4.193549230179777e-16,0.999999999999998,0.9999999999999949,W3,W3/descending/seed101,58,False,results/stage4_v1/optimization/C_W3_descending_seed101_i58.npz
results/stage4_v1/density/ceec2f39d20991d6fec6bff867cf0ad94b31dbed46dea8f48d87e1c3fa5349eb.npz,2e80a492ee0a53b10b377d7e0d71dd24ec0cb48f8fa1681ded00fe0964b9fbee,0.8,0.725,6,0.01,9b57502713e1357a8bb7348f0d7050f0a5aca5db8efcf3641b87ac2276b59601,-3.989296772998684,0.3463739411925217,0.2064777299250648,0.0458797186639046,0.48473392977443797,192,"[24, 24, 24, 24, 24, 24, 24, 24]",0.14399437501560897,executed,2026-09-22T05:45:22.404688+00:00,0.9999999999999956,1.1499319291924381e-17,1.2191370132924767e-17,0.0003779273328029645,0.2071897234016365,0.04960675101287372,W3,W3/descending/seed101,58,False,results/stage4_v1/optimization/C_W3_descending_seed101_i58.npz
results/stage4_v1/density/7c3b38e7441bdf9a09d49fd3288b4f7df82b997bec4c7849f16ec7a327b595f2.npz,1e582b07edc67064afa3204d437e83e899d3e8f5054d979adf722a1e8c27232a,0.8,0.725,6,0.05,9b57502713e1357a8bb7348f0d7050f0a5aca5db8efcf3641b87ac2276b59601,-0.19494721695535522,0.017289547786921888,0.004989709483473947,1.5372358880440388e-05,0.02435610574854042,192,"[24, 24, 24, 24, 24, 24, 24, 24]",0.13939658299204893,executed,2026-09-22T05:45:22.544842+00:00,0.9999999999999896,6.69494841509799e-18,1.2061749168901237e-18,0.003413073669671882,0.005027003866458249,0.003921562310603564,W3,W3/descending/seed101,58,False,results/stage4_v1/optimization/C_W3_descending_seed101_i58.npz
results/stage4_v1/density/e69ff3acdf1ba895ecf8bd2e06d0fff55f865958e9549acc5dd44f12f098ebc7.npz,01c3c3e890d6c29d59ce0e2b5fd6444ab09be7c503c108de1205ea4dbac2ea90,0.8,0.7125,6,0,2e01cb659141116c06f3ca3c430c80bde3db79389b618390fafd9bb9ed253acf,-8.165304577631556,0.7136430210990907,0.9986878203110621,0.9999999999999989,0.996093749999999,192,"[24, 24, 24, 24, 24, 24, 24, 24]",0.06614058400737122,executed,2026-09-22T05:45:22.611493+00:00,0.9999999999999993,-1.1256305539357123e-16,3.704419124707595e-17,-8.571082005420513e-16,0.9999999999999976,0.9999999999999989,W3,W3/descending/seed101,57,False,results/stage4_v1/optimization/C_W3_descending_seed101_i57.npz
results/stage4_v1/density/8f2102303994cdaae8b457dcef1a2ddcec79ca0bff2c9d268e591a32853d9ff9.npz,33f39c1a0dadc01eda7209e6b3d893aee2e4f8decd03025176338955eb986783,0.8,0.7125,6,0.01,2e01cb659141116c06f3ca3c430c80bde3db79389b618390fafd9bb9ed253acf,-3.9533154688066188,0.34276381310492304,0.20607427515991467,0.04572359022579699,0.48456158850356135,192,"[24, 24, 24, 24, 24, 24, 24, 24]",0.13325091698789038,executed,2026-09-22T05:45:22.745218+00:00,0.9999999999999984,2.1013193355484683e-17,1.561853346773125e-17,0.00037516244464201327,0.20681031180725679,0.049451232451477464,W3,W3/descending/seed101,57,False,results/stage4_v1/optimization/C_W3_descending_seed101_i57.npz
results/stage4_v1/density/a131e851080f0bf9dc8efc06ae5e2b31fbdfe81e28422074cc7d7bc511b9da88.npz,f08365a0272a3999263c33bd8b450866f91df9a92671f116a2a4b942805f0ee5,0.8,0.7125,6,0.05,2e01cb659141116c06f3ca3c430c80bde3db79389b618390fafd9bb9ed253acf,-0.19361357265583132,0.017280146257635704,0.004986403511185772,1.544463970409707e-05,0.02442213268600775,192,"[24, 24, 24, 24, 24, 24, 24, 24]",0.13157875000615604,executed,2026-09-22T05:45:22.877238+00:00,0.9999999999999925,1.0699720189716322e-17,1.3078188705606397e-18,0.003410724099065505,0.0050258323405565864,0.003921634309080253,W3,W3/descending/seed101,57,False,results/stage4_v1/optimization/C_W3_descending_seed101_i57.npz
results/stage4_v1/density/9832a6ff779a0df52c99660b77a3d174b4693009bbe42532a9673f3fd0d28370.npz,512b3321d73416cfaf3dc4afe164bbcb7150955bfc1c190231d22d4528f7a8da,0.8,0.7,6,0,685c0775bb32a2b10357485657f3a32e3eaa263530f9f180452da613e4dae754,-8.094456742775357,0.7032031059730519,0.998630167560399,1.0000000000000049,0.9960937500000011,192,"[24, 24, 24, 24, 24, 24, 24, 24]",0.09192174999043345,executed,2026-09-22T05:45:22.971580+00:00,1.0000000000000022,4.15308724368256e-17,3.469446951953614e-17,-5.171281541584557e-16,1.0000000000000016,1.0000000000000049,W3,W3/descending/seed101,56,False,results/stage4_v1/optimization/C_W3_descending_seed101_i56.npz
results/stage4_v1/density/b3122d55795b6e77b5fef697cbc84cb2336a30e7466def733349bae94b6ff24c.npz,f624f9fe1cde76531a21209fff7c1c65782e81729b69c311622a5bda29c979ce,0.8,0.7,6,0.01,685c0775bb32a2b10357485657f3a32e3eaa263530f9f180452da613e4dae754,-3.9172416715070755,0.3388917180391363,0.20562214053494357,0.045546636037343546,0.484322786612492,192,"[24, 24, 24, 24, 24, 24, 24, 24]",0.1362784999946598,executed,2026-09-22T05:45:23.108627+00:00,1.0000000000000018,1.3091741232762466e-17,9.540979117872439e-18,0.0003724428983865177,0.20638059305068607,0.04927496949032267,W3,W3/descending/seed101,56,False,results/stage4_v1/optimization/C_W3_descending_seed101_i56.npz
results/stage4_v1/density/28f00e66768d319cacff2d1fe7d0d5e7117d2024227f173daaefd0b4b995cb7a.npz,d5a0203202e064f42c6fd324c26aa61ddfe2d8ae553f1c7d877712c1921c391b,0.8,0.7,6,0.05,685c0775bb32a2b10357485657f3a32e3eaa263530f9f180452da613e4dae754,-0.19222751730050988,0.017261440590278163,0.004982318764404865,1.5508135397040227e-05,0.024481795036303395,192,"[24, 24, 24, 24, 24, 24, 24, 24]",0.13163183300639503,executed,2026-09-22T05:45:23.240803+00:00,0.9999999999999953,-1.3027366728771139e-17,1.1384122811097797e-18,0.0034084196122675017,0.005023949831251106,0.0039216975567431455,W3,W3/descending/seed101,56,False,results/stage4_v1/optimization/C_W3_descending_seed101_i56.npz
results/stage4_v1/density/5eb9e02a275a915f5492bc2cdc06b9fa9c946a62032ab9d61eeefa7240dc6f85.npz,34519ee864bad2457b80bb5beee24c89de94e1690eb7613b1d41eec8e2be1fd5,0.8,0.6875,6,0,89937c5a4d20aced1c050a92848fda02717a65dc47f4e3f116ee13e2c3e617ea,-8.024686368225344,0.6920895904113716,0.9985745485064861,0.9999999999999956,0.9960937499999987,192,"[24, 24, 24, 24, 24, 24, 24, 24]",0.065553207998164,executed,2026-09-22T05:45:23.306824+00:00,0.9999999999999978,4.813688239246189e-17,4.9984424704218846e-17,-3.8769837282157576e-16,0.9999999999999974,0.9999999999999956,W3,W3/descending/seed101,55,False,results/stage4_v1/optimization/C_W3_descending_seed101_i55.npz
results/stage4_v1/density/a10f0d947f62f874361737988fa957c6d391aaf4cd14884bc85716bda1f13484.npz,bdc872a2b03303d824b03397fd26b866e645d6b249d5013a3fef4fdcdcec08b8,0.8,0.6875,6,0.01,89937c5a4d20aced1c050a92848fda02717a65dc47f4e3f116ee13e2c3e617ea,-3.8812472228513357,0.3347604358270556,0.20512745205298052,0.045351884175836285,0.4840407868978341,192,"[24, 24, 24, 24, 24, 24, 24, 24]",0.13351595899439417,executed,2026-09-22T05:45:23.440818+00:00,0.999999999999996,1.691355389077387e-17,1.1709383462843448e-17,0.0003696972837676419,0.20590640675754768,0.04908097837827442,W3,W3/descending/seed101,55,False,results/stage4_v1/optimization/C_W3_descending_seed101_i55.npz
results/stage4_v1/density/92b9b0394f170bab7a8b37b91723cd50227e451b96f8f3ab833a7a810b896665.npz,34224fd63938bed8bcf0762a66a3e4424c72f6db5f181c734d60494f7935c5e1,0.8,0.6875,6,0.05,89937c5a4d20aced1c050a92848fda02717a65dc47f4e3f116ee13e2c3e617ea,-0.1908282948135722,0.017237048294069465,0.004977680481053808,1.556924981281055e-05,0.02454016193245461,192,"[24, 24, 24, 24, 24, 24, 24, 24]",0.1332408750022296,executed,2026-09-22T05:45:23.574524+00:00,0.9999999999999896,6.461167321655803e-18,1.043544591017298e-18,0.0034060611368149155,0.00502157870636334,0.003921758432430729,W3,W3/descending/seed101,55,False,results/stage4_v1/optimization/C_W3_descending_seed101_i55.npz
results/stage4_v1/density/7b6cb14d95e14dae79f157f391c732f99e7c33893e6801c4ea47fefd2c415623.npz,445abb1a2b0df2dc96a618dd1e18c90fe2a3b7568c78f962cacd8bfb3365999b,0.8,0.675,6,0,b55e6c706aa4d9cb8d2580084d67a1ae6549d58081a96dbf056041643f09201f,-7.956062131743996,0.6802795713427228,0.9985224155756823,1.0000000000000022,0.9960937500000012,192,"[24, 24, 24, 24, 24, 24, 24, 24]",0.06539816697477363,executed,2026-09-22T05:45:23.640414+00:00,1.0000000000000013,7.829210234766223e-17,2.841188977517478e-17,-6.265104372897653e-16,1.0000000000000022,1.0000000000000022,W3,W3/descending/seed101,54,True,results/stage4_v1/optimization/C_W3_descending_seed101_i54.npz
results/stage4_v1/density/d55fb8b09e89011ee8fa2807eb1d3dbd89aec39eb4ccbc6648c74b78ac56401c.npz,a6042eb4fdfff5447c3b6f07fb5aaa47f70dbfbb00d4ab8a1c7e02c6584014c8,0.8,0.675,6,0.01,b55e6c706aa4d9cb8d2580084d67a1ae6549d58081a96dbf056041643f09201f,-3.8453499994690556,0.3303568161559428,0.2045962780003732,0.04514179699857174,0.48371141365137466,192,"[24, 24, 24, 24, 24, 24, 24, 24]",0.13100120797753334,executed,2026-09-22T05:45:23.771832+00:00,1.0,-3.2526065174565133e-18,7.531108977247333e-18,0.00036703983476600485,0.20539366682660198,0.04887171185404607,W3,W3/descending/seed101,54,True,results/stage4_v1/optimization/C_W3_descending_seed101_i54.npz
results/stage4_v1/density/b14d0273f8b21c99acf068cc102e6da67a2a99fb737ccc8b4e8b40c60460eb63.npz,c9cb187bfb1c60a467f1ccb9c4f614b336197dcc30de32251ef43201a48617ba,0.8,0.675,6,0.05,b55e6c706aa4d9cb8d2580084d67a1ae6549d58081a96dbf056041643f09201f,-0.18941173112115997,0.017206390546530212,0.004972532517356425,1.5626945939521658e-05,0.024596194515244106,192,"[24, 24, 24, 24, 24, 24, 24, 24]",0.13311150000663474,executed,2026-09-22T05:45:23.905405+00:00,0.9999999999999936,8.297534751303126e-18,1.0367683274392636e-18,0.0034036922796059454,0.005018762423997368,0.003921815903181945,W3,W3/descending/seed101,54,True,results/stage4_v1/optimization/C_W3_descending_seed101_i54.npz
results/stage4_v1/density/c2724e582a6bf0666749840b3d19179607695a3a127d5b281ed76582ce5e59e7.npz,af227bdfa2a4fc71b96bcad244de2796cde7869cd52fd226b11d64242244d34a,0.8,0.6625,6,0,fdd7e23e14c988ca2fa883724c43dd30abb2520590993951f07e63dd45f1909a,-7.88865510922904,0.6677423756981509,0.9984739106542005,0.9999999999999869,0.9960937499999973,192,"[24, 24, 24, 24, 24, 24, 24, 24]",0.06370091700227931,executed,2026-09-22T05:45:23.969567+00:00,0.9999999999999938,-4.562797080269465e-17,5.1584785274763223e-17,-5.055687142296808e-16,0.9999999999999944,0.9999999999999869,W3,W3/descending/seed101,53,True,results/stage4_v1/optimization/C_W3_descending_seed101_i53.npz
results/stage4_v1/density/c41d40fe2d47fee0ce9ceab550714a1dd6d04998975546b839a79870b79eef55.npz,cb76905ec85efe047edc82b684175e487349f10ba3dc81ce9a2b93be701fa969,0.8,0.6625,6,0.01,fdd7e23e14c988ca2fa883724c43dd30abb2520590993951f07e63dd45f1909a,-3.809196707927643,0.3256383419198977,0.20401004788354574,0.044907567721866215,0.48327988345107153,192,"[24, 24, 24, 24, 24, 24, 24, 24]",0.13201216599554755,executed,2026-09-22T05:45:24.101973+00:00,0.9999999999999926,-7.148958074826295e-18,7.589415207398531e-18,0.0003647116482343997,0.20482295095587716,0.048638397535452675,W3,W3/descending/seed101,53,True,results/stage4_v1/optimization/C_W3_descending_seed101_i53.npz
results/stage4_v1/density/9c83454c489a02b89927d99a400f107e8c5a344b29e0c7d7cfe14b06fc0815ac.npz,eacf02f30a3a5e3a64ec4e7cdeb1c029ec2bf11100887331c1efcc23f4a957c2,0.8,0.6625,6,0.05,fdd7e23e14c988ca2fa883724c43dd30abb2520590993951f07e63dd45f1909a,-0.1878705816827574,0.017158896395137815,0.004966250825252032,1.566182483061202e-05,0.024634646879153822,192,"[24, 24, 24, 24, 24, 24, 24, 24]",0.1342182079970371,executed,2026-09-22T05:45:24.236665+00:00,0.9999999999999855,7.877406409464993e-18,1.5415999640028266e-18,0.003401621035028187,0.005014807577591857,0.0039218506458273674,W3,W3/descending/seed101,53,True,results/stage4_v1/optimization/C_W3_descending_seed101_i53.npz
results/stage4_v1/density/94d2472d8bc5c037f4e92b43e989c2c41ca7069cd2c8e501ebff3b7fcab7194b.npz,64170a8511dfa0fe0368f1cd525c32edfed84f00da0f75858a60186594c1f23d,0.8,0.65,6,0,daf83d489a8c480d64fb527b70bcd17daafcd4a469fa71dc2cc1a4dd2b546beb,-7.82253817270043,0.6544718296752787,0.9984295596354062,0.9999999999999984,0.9960937500000009,192,"[24, 24, 24, 24, 24, 24, 24, 24]",0.06674212499638088,executed,2026-09-22T05:45:24.303834+00:00,0.9999999999999984,-1.9806171405647305e-17,4.4167367875803996e-17,-4.634470113274843e-16,1.0000000000000007,0.9999999999999984,W3,W3/descending/seed101,52,True,results/stage4_v1/optimization/C_W3_descending_seed101_i52.npz
results/stage4_v1/density/03985b80f7416c44681c368eabab08143edccb7a1ba37e3f336b6ffd8d51186f.npz,9130557ab158cf2d4f556fa76040639b380c13792de22098d596d5576b7fa6cb,0.8,0.65,6,0.01,daf83d489a8c480d64fb527b70bcd17daafcd4a469fa71dc2cc1a4dd2b546beb,-3.773030338575575,0.3206106318975135,0.20337807472552646,0.04465366015093678,0.4827844907508242,192,"[24, 24, 24, 24, 24, 24, 24, 24]",0.1345177080074791,executed,2026-09-22T05:45:24.438819+00:00,0.999999999999997,6.390016554086442e-18,1.0413421813378925e-17,0.00036266134872503216,0.20420339008705207,0.048385481790972185,W3,W3/descending/seed101,52,True,results/stage4_v1/optimization/C_W3_descending_seed101_i52.npz
results/stage4_v1/density/7fc6cec07c4449aca462af833d969521e5a688284607283731f112fbc2efa231.npz,81c9828ed04188fd655840c2f49c8a89c6ca072bc58c686c4c6365d921c6c189,0.8,0.65,6,0.05,daf83d489a8c480d64fb527b70bcd17daafcd4a469fa71dc2cc1a4dd2b546beb,-0.18625079426243635,0.017097048177361962,0.004959093885244024,1.5679785017084703e-05,0.024660238213306346,192,"[24, 24, 24, 24, 24, 24, 24, 24]",0.13379754198831506,executed,2026-09-22T05:45:24.573071+00:00,0.9999999999999912,1.8709263738952986e-17,1.179069862577986e-18,0.0033997712412943623,0.005009947264928733,0.003921868535856862,W3,W3/descending/seed101,52,True,results/stage4_v1/optimization/C_W3_descending_seed101_i52.npz
results/stage4_v1/density/0afdaf4fdc661a6881bca617a43c471b0a6d71d37d57f0336782e8adb4199e5f.npz,8556fa827148c2d96a2b1579af321784a0019d6960b5993bf97247a4e12bf381,0.8,0.6375,6,0,05c2a8f36412a78fe1bc601f139e2eb809be471ac569ba5066b6651c98bffacd,-7.757785261677933,0.6404618453606921,0.9983898829574847,1.0000000000000029,0.9960937500000001,192,"[24, 24, 24, 24, 24, 24, 24, 24]",0.06608008401235566,executed,2026-09-22T05:45:24.639618+00:00,1.0000000000000022,-6.832083049258461e-17,4.683753385137379e-17,-5.155646585672799e-16,1.0000000000000009,1.0000000000000029,W3,W3/descending/seed101,51,True,results/stage4_v1/optimization/C_W3_descending_seed101_i51.npz
results/stage4_v1/density/4201e6e867bacba58a0b8abadb37498e982cf8287cf656efa8ddf233766a2381.npz,3fa7945c8dedefa7083cfd90ae164aa25186fa504ce6ffd12fb588f391a41152,0.8,0.6375,6,0.01,05c2a8f36412a78fe1bc601f139e2eb809be471ac569ba5066b6651c98bffacd,-3.736816114015201,0.31526928249576974,0.20270486168167848,0.04438189267893031,0.48227385154301555,192,"[24, 24, 24, 24, 24, 24, 24, 24]",0.1389861670031678,executed,2026-09-22T05:45:24.779009+00:00,1.0000000000000007,-7.718164215381185e-18,1.0681592597861439e-17,0.0003610075093675698,0.20353941887601634,0.04811477591065324,W3,W3/descending/seed101,51,True,results/stage4_v1/optimization/C_W3_descending_seed101_i51.npz
results/stage4_v1/density/e3e17f75d9173859abc554a35d98422a79fe263d7622c8521c5d977971aa427d.npz,5e0c6f7ce7c92b8402a4d772fdbd9d95b76343ebb3b9403e2b97b2d6950e2498,0.8,0.6375,6,0.05,05c2a8f36412a78fe1bc601f139e2eb809be471ac569ba5066b6651c98bffacd,-0.1845353932235767,0.017020465103674408,0.004951060809591908,1.567799573665631e-05,0.024670457047975096,192,"[24, 24, 24, 24, 24, 24, 24, 24]",0.13121683298959397,executed,2026-09-22T05:45:24.910716+00:00,0.9999999999999944,1.1712771594632465e-17,1.260385025514399e-18,0.003398213041313092,0.0050041782927620565,0.00392186675356581,W3,W3/descending/seed101,51,True,results/stage4_v1/optimization/C_W3_descending_seed101_i51.npz
results/stage4_v1/density/9575a3b9e117b0a86b85d2c3b3dd10132d91de8a6611ce67793bf0d32b927c65.npz,9b0f4289252125c1b4c3ca13c38b58f8fbb545ae2a1bfe1ef5b4a7e7ccbea617,0.8,0.625,6,0,e97d30aad48c1b40facc91b7b1540bb0787823622aa96d5c6e02db49b4317cc0,-7.694470473417578,0.6257123345604109,0.998354812384922,1.0000000000000007,0.9960937499999996,192,"[24, 24, 24, 24, 24, 24, 24, 24]",0.0669269579811953,executed,2026-09-22T05:45:24.978081+00:00,1.0000000000000009,-5.4382056312567845e-17,1.1150912609939193e-16,-4.2535888640686655e-16,0.9999999999999999,1.0000000000000007,W3,W3/descending/seed101,50,True,results/stage4_v1/optimization/C_W3_descending_seed101_i50.npz
results/stage4_v1/density/4fde8c47ca6bc1265d4129f6516f2c62354eae5976e702cbeaded9fc1ad66a76.npz,051645e4d9bba24fb633caf35219b9fc1d913fe4da58971f2f45ff6667ebdb15,0.8,0.625,6,0.01,e97d30aad48c1b40facc91b7b1540bb0787823622aa96d5c6e02db49b4317cc0,-3.700698981323221,0.3096194613715599,0.2019973401848229,0.044095444245515,0.4817399143609502,192,"[24, 24, 24, 24, 24, 24, 24, 24]",0.1340941670059692,executed,2026-09-22T05:45:25.112620+00:00,0.9999999999999996,-2.6230916310571173e-17,1.4081277892886834e-17,0.00035971488469855917,0.20283768800558732,0.04782944641643096,W3,W3/descending/seed101,50,True,results/stage4_v1/optimization/C_W3_descending_seed101_i50.npz
results/stage4_v1/density/41ffedfb58e54a650270e98f1ef104acbe17d6753583159e75c9e3e266593d78.npz,1a0c54386cd56bbd26f97f4c0c69a2a89ae2d72d3fe50a7ad17653a6bce990b4,0.8,0.625,6,0.05,e97d30aad48c1b40facc91b7b1540bb0787823622aa96d5c6e02db49b4317cc0,-0.18275395840396208,0.016931221761661237,0.004942327254518901,1.5660414948575194e-05,0.024668316416177463,192,"[24, 24, 24, 24, 24, 24, 24, 24]",0.1353572080261074,executed,2026-09-22T05:45:25.248517+00:00,0.9999999999999934,1.8743145056843158e-17,1.2061749168901237e-18,0.0033968873832098505,0.00499765907089754,0.003921849241452682,W3,W3/descending/seed101,50,True,results/stage4_v1/optimization/C_W3_descending_seed101_i50.npz
results/stage4_v1/density/34346e218cc78e8b4133bafcec2247bc78ad15efe81b339b97d8723b64092ea4.npz,c1836d8bd47eeb6dbc85c9aefcdf02547fa2b80c169adb914f5ec11d817157a2,0.8,0.6125,6,0,20546e1bd7e04c2b1172193cf3d56aabb7868621cc333dee7bd64aac0931ce66,-7.632666960208166,0.6102389092867658,0.9983225179972615,1.0000000000000029,0.9960937500000013,192,"[24, 24, 24, 24, 24, 24, 24, 24]",0.06657241701032035,executed,2026-09-22T05:45:25.315569+00:00,1.0000000000000013,-3.3411214604445877e-17,5.974731160962076e-17,-7.591924827810561e-16,1.0000000000000022,1.0000000000000029,W3,W3/descending/seed101,49,True,results/stage4_v1/optimization/C_W3_descending_seed101_i49.npz
results/stage4_v1/density/31c7d4598dbbf42435330c0773f06ca2152eacbc182ba6122844d9ed0d8e3d0c.npz,941e56a88b15b5a80c10187d6b583efcae6ba360142d6b7031fdf85eeece0046,0.8,0.6125,6,0.01,20546e1bd7e04c2b1172193cf3d56aabb7868621cc333dee7bd64aac0931ce66,-3.664752217908924,0.30367621174579845,0.2012650627809957,0.043798772682791066,0.48117862983778203,192,"[24, 24, 24, 24, 24, 24, 24, 24]",0.13201420899713412,executed,2026-09-22T05:45:25.448025+00:00,1.0000000000000004,-1.0394788328704774e-17,2.433351627685984e-17,0.0003587751517269122,0.20210827971147205,0.04753393372699891,W3,W3/descending/seed101,49,True,results/stage4_v1/optimization/C_W3_descending_seed101_i49.npz
results/stage4_v1/density/2442c403f07b51bda9c5f7af8e3630bf9756399784235e8c8d6b3ba08063fe53.npz,5088ca3327b76f04377ebe756fed1e269e140f19ed4b583add6311ded4b1124b,0.8,0.6125,6,0.05,20546e1bd7e04c2b1172193cf3d56aabb7868621cc333dee7bd64aac0931ce66,-0.18093030488404585,0.016833894034666754,0.004933129733591796,1.5632792868137005e-05,0.024658082004722345,192,"[24, 24, 24, 24, 24, 24, 24, 24]",0.13122512499103323,executed,2026-09-22T05:45:25.579698+00:00,0.9999999999999933,-8.517763317589244e-18,1.0842021724855044e-18,0.0033957150540969627,0.004990666867898701,0.003921821727270996,W3,W3/descending/seed101,49,True,results/stage4_v1/optimization/C_W3_descending_seed101_i49.npz
results/stage4_v1/density/01d62da7a966bce389f969d234abe0f840b8f43d847b304728162d5b02919e61.npz,68be595465ce09e4c918d5eaf1e98c5f3de1633e11de675dc7e932e0d1e8db17,0.8,0.6,6,0,d69410059adb6a57e3e211fc18193ff17d57658b4c3187571c89997f9bba5579,-7.572445807945869,0.59406850104395,0.9982877761657585,0.9999999999999969,0.9960937499999989,192,"[24, 24, 24, 24, 24, 24, 24, 24]",0.06660791698959656,executed,2026-09-22T05:45:25.646780+00:00,0.999999999999999,-7.228070952099847e-17,4.1714599331759725e-17,-5.739035148310639e-16,0.9999999999999984,0.9999999999999969,W3,W3/descending/seed101,48,True,results/stage4_v1/optimization/C_W3_descending_seed101_i48.npz
results/stage4_v1/density/038f3f9e0caa597522905ab9a637aff784041ba70bc8ab7eee6b6385e6465ae8.npz,8b854a692c76ab56babed666eb8441c2ce5367bf985fcdfa7859685d141fe974,0.8,0.6,6,0.01,d69410059adb6a57e3e211fc18193ff17d57658b4c3187571c89997f9bba5579,-3.62873457418189,0.2973913989695958,0.2004886784872598,0.043482900416617794,0.4805326583609229,192,"[24, 24, 24, 24, 24, 24, 24, 24]",0.13144629198359326,executed,2026-09-22T05:45:25.778666+00:00,0.9999999999999969,-3.5887091909270197e-17,1.3010426069826053e-17,0.0003583425266818738,0.20133164646613105,0.04721929533686538,W3,W3/descending/seed101,48,True,results/stage4_v1/optimization/C_W3_descending_seed101_i48.npz
results/stage4_v1/density/a36f9473905d696e4a53e8e3a404acc40e59547a9ba2f79b2e1b6637492389c3.npz,836f525342da676506691c324addac0696808de37a202815659224f2cd12964d,0.8,0.6,6,0.05,d69410059adb6a57e3e211fc18193ff17d57658b4c3187571c89997f9bba5579,-0.17898396088370688,0.016712998956528148,0.004922845361923889,1.5575130829744122e-05,0.024624395842317626,192,"[24, 24, 24, 24, 24, 24, 24, 24]",0.13405204197624698,executed,2026-09-22T05:45:25.913154+00:00,0.99999999999999,-1.3549139024279788e-17,9.554531645028508e-19,0.0033950008596229514,0.004982447084050926,0.0039217642904749404,W3,W3/descending/seed101,48,True,results/stage4_v1/optimization/C_W3_descending_seed101_i48.npz
results/stage4_v1/density/652d6f79c5c0e90d71cd9a4b2cfbed0a679c7bd8393a6b89f3f43c3cf6649760.npz,50c8d0a5842b8842c7831d40c0dfbf875470d5b01b9d64dc07f6a79f5fd8cdcb,0.8,0.5875,6,0,a09363eb195da9803c18d0dc6eb2bd7dec9adc1facaf9035f43501b78f6c6c3e,-7.5139521882154865,0.5759235002617287,0.9979265678363622,0.9999999999999911,0.9960937499999976,192,"[24, 24, 24, 24, 24, 24, 24, 24]",0.06646850000834092,executed,2026-09-22T05:45:25.980074+00:00,0.9999999999999958,-5.757960568845283e-17,3.77501696868885e-17,-6.426366430456341e-16,0.999999999999995,0.9999999999999911,W3,W3/descending/seed101,47,False,results/stage4_v1/optimization/C_W3_descending_seed101_i47.npz
results/stage4_v1/density/f8de03917bec6a2ac6548e8ad67d989033b5a7adcb1b07a32b6ceb533f68815a.npz,617ba4e57c9c12acf1d9f8519b431eec65d0cc5b59c8344369cc2c074cf85baa,0.8,0.5875,6,0.01,a09363eb195da9803c18d0dc6eb2bd7dec9adc1facaf9035f43501b78f6c6c3e,-3.565526074282459,0.2873912905889102,0.19886342421239472,0.0427732088677214,0.4771289467970997,192,"[24, 24, 24, 24, 24, 24, 24, 24]",0.13145270899985917,executed,2026-09-22T05:45:26.112018+00:00,0.9999999999999944,-6.9253413767511596e-18,1.0783315871444213e-17,0.00036805066707045874,0.19972609738215658,0.046512376020581864,W3,W3/descending/seed101,47,False,results/stage4_v1/optimization/C_W3_descending_seed101_i47.npz
results/stage4_v1/density/cbe68d6306e39d3743b8d06dabbe9155dff80afa9b73166dc591421552da2afb.npz,8c367ec241c58066ff1053ed6bb93b93f735d7b12a44d628f5c940b8d5308864,0.8,0.5875,6,0.05,a09363eb195da9803c18d0dc6eb2bd7dec9adc1facaf9035f43501b78f6c6c3e,-0.1721388134823457,0.01602923532409339,0.004886399107436931,1.4722105946432583e-05,0.023955740390991985,192,"[24, 24, 24, 24, 24, 24, 24, 24]",0.13088358400273137,executed,2026-09-22T05:45:26.243403+00:00,0.9999999999999873,-9.554531645028508e-19,7.995991022080595e-19,0.0034068639107992108,0.004948374761600808,0.003920914597720079,W3,W3/descending/seed101,47,False,results/stage4_v1/optimization/C_W3_descending_seed101_i47.npz
results/stage4_v1/density/a74dbfde02461de96235675708b7004f9f0c4f114f4d3debbc7b3873ef43a76a.npz,92ef3b4c896df337971bd35a92e7f30fd1b01a0eb0abbbf89d6eecc1b40110c4,0.8,0.575,6,0,079e26090c75590064c205c8ecaa109554a8cd4d6b08f937a9788dc9dbe656d0,-7.45724508283017,0.5581723759911058,0.9978683651289417,1.0000000000000013,0.9960937500000012,192,"[24, 24, 24, 24, 24, 24, 24, 24]",0.06438779100426473,executed,2026-09-22T05:45:26.308245+00:00,1.0000000000000004,1.0024211414281017e-17,8.355534721610418e-17,-5.750571024447482e-16,1.0000000000000022,1.0000000000000013,W3,W3/descending/seed101,46,False,results/stage4_v1/optimization/C_W3_descending_seed101_i46.npz
results/stage4_v1/density/461a590d01b8ca86fcdf6b23e0d53e5cd937038fc9da11cc91379bce1de06457.npz,7dd50f67f8631077ea903224c58f735251367facb6394aaf3e85ffcfc0d4659d,0.8,0.575,6,0.01,079e26090c75590064c205c8ecaa109554a8cd4d6b08f937a9788dc9dbe656d0,-3.5171721671767497,0.27941980957094054,0.19775925658454258,0.0422967255337518,0.474987931264122,192,"[24, 24, 24, 24, 24, 24, 24, 24]",0.12916975002735853,executed,2026-09-22T05:45:26.437831+00:00,0.9999999999999991,2.3744027577432547e-17,7.806255641895632e-18,0.00037446704605634447,0.19861271830771104,0.04603775394963558,W3,W3/descending/seed101,46,False,results/stage4_v1/optimization/C_W3_descending_seed101_i46.npz
results/stage4_v1/density/10325a9b78f6819727c8a32f3405b0caa80ba91bd458c04e0c04f86c548bde9d.npz,63269bbaad9be9df758481374f554c6610ad300f8a18ff7cc34dc095a0159a9f,0.8,0.575,6,0.05,079e26090c75590064c205c8ecaa109554a8cd4d6b08f937a9788dc9dbe656d0,-0.16782081216085298,0.01569370772349141,0.004863932491915279,1.4290606871912444e-05,0.023611300798667762,192,"[24, 24, 24, 24, 24, 24, 24, 24]",0.13215250000939704,executed,2026-09-22T05:45:26.570480+00:00,0.9999999999999918,7.846913223363838e-18,8.470329472543003e-19,0.003412458201179038,0.004928459831595757,0.003920484784188819,W3,W3/descending/seed101,46,False,results/stage4_v1/optimization/C_W3_descending_seed101_i46.npz
results/stage4_v1/density/b2c4d1511dfa4cc9d7bb571dc505d3bddaf877c4912d03ceb5dbb676051dbf78.npz,309897b09b43a037a759035e8a57f5d273c2203e164df54c26d4d04cf3b051c9,0.8,0.5625,6,0,de7a25d3ab103508610239261a9cc71b0e3f913658a39d57508a4013cd268663,-7.402326991989479,0.5401467577029355,0.9978637378495154,0.9999999999999901,0.9960937499999984,192,"[24, 24, 24, 24, 24, 24, 24, 24]",0.06455349997850135,executed,2026-09-22T05:45:26.635476+00:00,0.9999999999999964,-5.628533934504826e-18,5.0090140368830305e-17,-6.97895997318257e-16,0.9999999999999967,0.9999999999999901,W3,W3/descending/seed101,45,False,results/stage4_v1/optimization/C_W3_descending_seed101_i45.npz
results/stage4_v1/density/9130d9a0b29c894614c9e0aa7d5c4c0eacd7a21cc11840ddb0c5eda62baa8824.npz,2c4224c96d933518d94fdf734ef117ba56939c92a396b92119b3e0b75cbb6e89,0.8,0.5625,6,0.01,de7a25d3ab103508610239261a9cc71b0e3f913658a39d57508a4013cd268663,-3.471267347406667,0.27155331184824016,0.19673365260817585,0.0418548025500035,0.47300763925574746,192,"[24, 24, 24, 24, 24, 24, 24, 24]",0.13217116598389111,executed,2026-09-22T05:45:26.768064+00:00,0.999999999999995,3.4423418976414766e-18,8.792237897483818e-18,0.0003804975523151451,0.1975711225738977,0.045597557227542544,W3,W3/descending/seed101,45,False,results/stage4_v1/optimization/C_W3_descending_seed101_i45.npz
results/stage4_v1/density/07e42933f8f26e6fde56a30949ca9d33070204d9927146aa1f4d2cf0c9fae818.npz,d1d02e4ed6ab232d26a771cc90894cc557b8ab4ba5edfa2de4bfb2d38f657f8f,0.8,0.5625,6,0.05,de7a25d3ab103508610239261a9cc71b0e3f913658a39d57508a4013cd268663,-0.16388182191888595,0.015395701765682508,0.004843375314013778,1.3917017343855873e-05,0.02331060905595904,192,"[24, 24, 24, 24, 24, 24, 24, 24]",0.13341266600764357,executed,2026-09-22T05:45:26.901940+00:00,0.9999999999999889,2.198558717893262e-17,7.928228386300251e-19,0.0034172068978904476,0.004910372722739698,0.0039201126539948564,W3,W3/descending/seed101,45,False,results/stage4_v1/optimization/C_W3_descending_seed101_i45.npz
results/stage4_v1/density/370e4e18c01cf89b06b71fe560c7f0ecca3fa0432bac5c75ccb8930bbfa6fbf4.npz,add911ca02a34543f8d21adb2bedbc51e16ecb29531cf29b35cab0c94b785f5d,0.8,0.55,6,0,c9245b5d60e5b424cb3cda911eb01cc88c8e457925d99e166ae6703327aeb2c5,-7.349222437284503,0.5219163383088516,0.9979031348288411,1.0000000000000022,0.9960937500000009,192,"[24, 24, 24, 24, 24, 24, 24, 24]",0.06681662498158403,executed,2026-09-22T05:45:26.969191+00:00,1.0000000000000009,1.3205111298796534e-18,4.532795016229236e-17,-5.533486844001674e-16,1.0000000000000013,1.0000000000000022,W3,W3/descending/seed101,44,False,results/stage4_v1/optimization/C_W3_descending_seed101_i44.npz
results/stage4_v1/density/c945eb7ff43a77640fcef76c9a6335c1e2dc6351bed86ef35377e861105d7c57.npz,c8234dfd82dac3948b480dfcb00e6f6365491181f2137aa2a0a9f4427bc79e56,0.8,0.55,6,0.01,c9245b5d60e5b424cb3cda911eb01cc88c8e457925d99e166ae6703327aeb2c5,-3.4274660773165415,0.2637511312228487,0.19577827607608791,0.04144394763744366,0.47117833051580676,192,"[24, 24, 24, 24, 24, 24, 24, 24]",0.13361358299152926,executed,2026-09-22T05:45:27.103210+00:00,0.9999999999999989,-1.6242703796548463e-17,1.4253857148018713e-17,0.00038617245952406735,0.19659431298433294,0.0451883072169849,W3,W3/descending/seed101,44,False,results/stage4_v1/optimization/C_W3_descending_seed101_i44.npz
results/stage4_v1/density/8243370b49c2b51f4e9e12f8da031ac7461ef2666f62be2b5071ba660362e556.npz,e3ce02cd7b86ad5bdf9c2662867beb7d7ba5c23e0173e47a66c21cccfc220618,0.8,0.55,6,0.05,c9245b5d60e5b424cb3cda911eb01cc88c8e457925d99e166ae6703327aeb2c5,-0.16026379557736026,0.015126662133062617,0.004824513210166161,1.3592425725298113e-05,0.023047160826818132,192,"[24, 24, 24, 24, 24, 24, 24, 24]",0.1309166249993723,executed,2026-09-22T05:45:27.234599+00:00,0.9999999999999926,3.506038775275e-17,1.0299920638612292e-18,0.003421235073380723,0.004893916247142967,0.003919789330312309,W3,W3/descending/seed101,44,False,results/stage4_v1/optimization/C_W3_descending_seed101_i44.npz
results/stage4_v1/density/18094b186c97b6fa2455b44f037d3f783c915d0dbb1318cbea8ce3fdeaf49fa7.npz,f276c6f906ba1dd0917a43efb5a2b5d39ba434d9c5f4b5283441f140b19ab9c6,0.8,0.5375,6,0,5a8392b1a348d7114bbd3cdfdfdde13ac05919e45af8e4b4a5f1c9aa05466e4c,-7.297947592715766,0.5035717563535282,0.9979801904389506,0.9999999999999998,0.9960937500000002,192,"[24, 24, 24, 24, 24, 24, 24, 24]",0.06428845899063163,executed,2026-09-22T05:45:27.299368+00:00,0.9999999999999993,3.2084496311249626e-17,3.469446951953614e-17,-4.969059593942934e-16,1.0000000000000002,0.9999999999999998,W3,W3/descending/seed101,43,False,results/stage4_v1/optimization/C_W3_descending_seed101_i43.npz
results/stage4_v1/density/a06d72efe7de73a13f25b4c5133240d01a130a0a67f00f427a4795ede240fd8b.npz,7235acd78155b883a1bf4f1295b576c90d7008111304e9b9181c4c015d41ee54,0.8,0.5375,6,0.01,5a8392b1a348d7114bbd3cdfdfdde13ac05919e45af8e4b4a5f1c9aa05466e4c,-3.3852618324319397,0.2559784283714773,0.19486717131959347,0.04105253041507335,0.46943300930792853,192,"[24, 24, 24, 24, 24, 24, 24, 24]",0.13273191699408926,executed,2026-09-22T05:45:27.432549+00:00,0.9999999999999991,1.2874900798265365e-19,1.144950348284595e-17,0.0003917712103901906,0.1956568681111947,0.044798418968139464,W3,W3/descending/seed101,43,False,results/stage4_v1/optimization/C_W3_descending_seed101_i43.npz
results/stage4_v1/density/7e18ca9b580abe358ce7d1b63c850b42a1ce029ec7ae0c433a985198f1f6a0b2.npz,da92798b454b92a8447b12ae513e0dbb13a69b559a5c7c688b4cd49e40a227bc,0.8,0.5375,6,0.05,5a8392b1a348d7114bbd3cdfdfdde13ac05919e45af8e4b4a5f1c9aa05466e4c,-0.15682904680551252,0.01487066422873247,0.004806560543645344,1.3291156405574138e-05,0.02280133772557953,192,"[24, 24, 24, 24, 24, 24, 24, 24]",0.13209266599733382,executed,2026-09-22T05:45:27.565116+00:00,0.9999999999999923,8.307699146670178e-18,8.199278929421627e-19,0.00342496957177111,0.004878204527527552,0.003919489237825865,W3,W3/descending/seed101,43,False,results/stage4_v1/optimization/C_W3_descending_seed101_i43.npz
results/stage4_v1/density/3537022c6cdf1b3777e275bc56f14d9c82b636d6a1edf30b990248b9e6fe36ff.npz,eb24296a57fa130923363c4d665f89761c42d1e5b1d804a9bf0e56c63507e8ac,0.8,0.525,6,0,5a9730c0fc9625ea6a5bb2f1c46160d61cff617f15ec64ec078537f83afb80d4,-7.248509000159039,0.48520611151894155,0.998088645394879,1.0000000000000009,0.9960937500000007,192,"[24, 24, 24, 24, 24, 24, 24, 24]",0.06479645799845457,executed,2026-09-22T05:45:27.630392+00:00,1.0,-2.9860664247792663e-17,8.391472671209643e-17,-4.216732480101328e-16,1.0000000000000007,1.0000000000000009,W3,W3/descending/seed101,42,False,results/stage4_v1/optimization/C_W3_descending_seed101_i42.npz
results/stage4_v1/density/0e04597efa1d1e09ec0742a85590eef75d4d7aa30e6016e0296382c863a2c0d9.npz,0c09241b1ad6927e32824d3047bbf201d463fbdce9a096b16e3ea0f81417cc43,0.8,0.525,6,0.01,5a9730c0fc9625ea6a5bb2f1c46160d61cff617f15ec64ec078537f83afb80d4,-3.3453465250800485,0.24830055349391,0.1940312228619233,0.04069515617566071,0.46788491708221325,192,"[24, 24, 24, 24, 24, 24, 24, 24]",0.13101045798975974,executed,2026-09-22T05:45:27.761861+00:00,0.9999999999999988,-5.698837669126933e-18,7.860465750519907e-18,0.0003968230134007244,0.1947908230757988,0.04444244072184954,W3,W3/descending/seed101,42,False,results/stage4_v1/optimization/C_W3_descending_seed101_i42.npz
results/stage4_v1/density/65d07d3fd0d42692c80abf3d56cd8e41b6ad10f4b564f236c04a59f4ec75e725.npz,6e9d3a21e5531c180d1cc1755034814112b6bf75281c54ed7095aa989dfece3a,0.8,0.525,6,0.05,5a9730c0fc9625ea6a5bb2f1c46160d61cff617f15ec64ec078537f83afb80d4,-0.15372892415809203,0.014640721166829102,0.00479051169947812,1.3040135960439967e-05,0.02259703603117259,192,"[24, 24, 24, 24, 24, 24, 24, 24]",0.13123912501032464,executed,2026-09-22T05:45:27.893525+00:00,0.9999999999999917,-9.520650327138336e-19,5.759824041329242e-19,0.003427960343577485,0.004864263212604021,0.0039192391979293445,W3,W3/descending/seed101,42,False,results/stage4_v1/optimization/C_W3_descending_seed101_i42.npz
results/stage4_v1/density/217f5d4dd355d8a5ea87711b6f0217f6f78c3ba099ee47498f0ab631d4330341.npz,de8b89209e1723fd7cd7e3aaef5a0a3ea3a8b13d9b583a7ce0afd9fb5e498b7b,0.8,0.5125,6,0,7bbce0395fb5d8580890d70582f3042602082ac490f00066964562d43c3e6646,-7.200903614371943,0.46692165547856845,0.9982227567890224,0.9999999999999881,0.9960937499999971,192,"[24, 24, 24, 24, 24, 24, 24, 24]",0.06547258299542591,executed,2026-09-22T05:45:27.959457+00:00,0.9999999999999942,3.064025219662184e-17,3.5168951589935274e-17,-5.488735803448574e-16,0.9999999999999942,0.9999999999999881,W3,W3/descending/seed101,41,False,results/stage4_v1/optimization/C_W3_descending_seed101_i41.npz
results/stage4_v1/density/f8545b1bf3bbb4e012eb43a66c82ec2e3e3bec97900474307ef8dbdfb4a97d88.npz,dd457ed8045f981e8665127582cde09bbc9f307c2c66a7b1ea99fc0b18addab6,0.8,0.5125,6,0.01,7bbce0395fb5d8580890d70582f3042602082ac490f00066964562d43c3e6646,-3.307632518341208,0.24071929367522202,0.19325615569901677,0.040365741912520445,0.4665067982795502,192,"[24, 24, 24, 24, 24, 24, 24, 24]",0.1328063750115689,executed,2026-09-22T05:45:28.092698+00:00,0.9999999999999922,-1.2366681029912785e-17,1.0444418402013022e-17,0.0004002271640005709,0.193982355218264,0.04411431323317466,W3,W3/descending/seed101,41,False,results/stage4_v1/optimization/C_W3_descending_seed101_i41.npz
results/stage4_v1/density/dea3d82b9c076b622e814e8777d8d43d7c1d478256cc17b3d689e68729ba0e1f.npz,8307b625f4b91151b62be3722496b48b6a03c0475e8ea2a8f0094ac6b2a18bd4,0.8,0.5125,6,0.05,7bbce0395fb5d8580890d70582f3042602082ac490f00066964562d43c3e6646,-0.15090231964910697,0.014427233996952787,0.004775992965389334,1.2825788130072938e-05,0.02242298500782329,192,"[24, 24, 24, 24, 24, 24, 24, 24]",0.1324343339947518,executed,2026-09-22T05:45:28.225558+00:00,0.9999999999999856,-2.2429432443293873e-18,8.538092108323347e-19,0.0034304407848531246,0.004851582567251007,0.00391902568739519,W3,W3/descending/seed101,41,False,results/stage4_v1/optimization/C_W3_descending_seed101_i41.npz
results/stage4_v1/density/81eca6ee86a7c454a2a67a3a1b82175c21dbb4629b1c9aca2c58dd34ae77cf2f.npz,ee4818d157758e3192448c65a2e71b420a6fbf7c52faa59dd6f6bc4c12a83097,0.8,0.5,6,0,d3e4e653e45cbd57618b20b2a0e9b4e4a42bb2bea121ef247d97a081017bcc83,-7.155119378481118,0.4487974907022459,0.9983746525965611,0.9999999999999986,0.9960937500000004,192,"[24, 24, 24, 24, 24, 24, 24, 24]",0.06517362498561852,executed,2026-09-22T05:45:28.291167+00:00,1.0000000000000004,-5.3632220396010975e-17,8.505453752507596e-17,-4.60245623255412e-16,1.0000000000000018,0.9999999999999986,W3,W3/descending/seed101,40,False,results/stage4_v1/optimization/C_W3_descending_seed101_i40.npz
results/stage4_v1/density/aa9bb25de9b03f78701361e6fe9f232eabfb897617d629c6cbb541b3384b1bba.npz,80846328b0312806eef4d67ad545e51ae5cb9cb5b2be14759a51c403cab43f87,0.8,0.5,6,0.01,d3e4e653e45cbd57618b20b2a0e9b4e4a42bb2bea121ef247d97a081017bcc83,-3.271951610185043,0.23323100926556187,0.1925321641981822,0.04006009032995879,0.46529969119749326,192,"[24, 24, 24, 24, 24, 24, 24, 24]",0.13046524999663234,executed,2026-09-22T05:45:28.422074+00:00,0.9999999999999987,4.8118247667622294e-17,8.415715615502468e-18,0.0004026514764353051,0.1932222604921245,0.043809855602107386,W3,W3/descending/seed101,40,False,results/stage4_v1/optimization/C_W3_descending_seed101_i40.npz
results/stage4_v1/density/086a54ddaabfbac6350839d612a3d4d9f6ba348d73f55972f5bf755aaf26b554.npz,3b1a3da5d77857939b115556991dd91c607252f2e146f2e9d469c6a3dd3b10c7,0.8,0.5,6,0.05,d3e4e653e45cbd57618b20b2a0e9b4e4a42bb2bea121ef247d97a081017bcc83,-0.14829412344629275,0.014223129058895716,0.004762739931252697,1.2638149805408494e-05,0.022272201298406798,192,"[24, 24, 24, 24, 24, 24, 24, 24]",0.13055537501350045,executed,2026-09-22T05:45:28.553084+00:00,0.9999999999999925,-1.7604732775733378e-17,6.301925127571995e-19,0.003432593243985395,0.004839815154301638,0.003918838782032731,W3,W3/descending/seed101,40,False,results/stage4_v1/optimization/C_W3_descending_seed101_i40.npz
results/stage4_v1/density/f0921c880894b88752e1a4b7d3d00575d0d1faeb18edd1a9f17e46b6208dfbb5.npz,5caa2e96782243b3803fe98d2fb4a4909fa4a942d885a6c74c4a376efa5235c8,0.8,0.4875,6,0,651c6c94af178b20b92129a194fb69752e85d4c022e3f156a046c898cfebff5b,-7.111136043907618,0.43091586349156336,0.9985368854881718,1.0000000000000022,0.9960937500000012,192,"[24, 24, 24, 24, 24, 24, 24, 24]",0.06605383299756795,executed,2026-09-22T05:45:28.619567+00:00,1.0000000000000007,-2.1938259213004786e-17,6.285829819150323e-17,-5.133359174347478e-16,1.0000000000000018,1.0000000000000022,W3,W3/descending/seed101,39,False,results/stage4_v1/optimization/C_W3_descending_seed101_i39.npz
results/stage4_v1/density/5069ca8b0814ad38d0a8522c4a36efa0415b2aa68942dcfa4f7d5394227022a0.npz,a459494a0e944b68e10cfd964443e2c96f4af6a6dda66643d6d93eb2d1a4d7bc,0.8,0.4875,6,0.01,651c6c94af178b20b92129a194fb69752e85d4c022e3f156a046c898cfebff5b,-3.238868939927468,0.22590356404987239,0.1918879544812507,0.03979166480042526,0.46436236961833177,192,"[24, 24, 24, 24, 24, 24, 24, 24]",0.1320672080037184,executed,2026-09-22T05:45:28.752076+00:00,0.9999999999999996,3.2051726724102725e-18,1.7359427749116664e-17,0.00040429744654046863,0.19254109163895006,0.043542478609798596,W3,W3/descending/seed101,39,False,results/stage4_v1/optimization/C_W3_descending_seed101_i39.npz
results/stage4_v1/density/f0da936d66c791881040bcad159712eecc74c6c8d06b35a7083881a0389d8b5c.npz,47f10668d15e040e6da4f1474aea6e6c6159843fd40513a5272eea0e20176431,0.8,0.4875,6,0.05,651c6c94af178b20b92129a194fb69752e85d4c022e3f156a046c898cfebff5b,-0.14603664319756074,0.01404294868486739,0.004751665489024736,1.2503313566207949e-05,0.02216815928838676,192,"[24, 24, 24, 24, 24, 24, 24, 24]",0.13315291699836962,executed,2026-09-22T05:45:28.885671+00:00,0.9999999999999933,-7.528428835196221e-18,6.979551485375435e-19,0.0034339611085601285,0.004829995520218073,0.00391870447249759,W3,W3/descending/seed101,39,False,results/stage4_v1/optimization/C_W3_descending_seed101_i39.npz
results/stage4_v1/density/43796123d3c01f0c3491bd6bec5c4ce7d0e4bc437401792c9d0a72ee7cd29943.npz,54b86e51c87c56b4ee3a686459522af8c24c81af86f48f166c3fa61262ee9ad9,0.8,0.475,6,0,9f06974307aff8de659c7fb2e80ec14ecc8d2520797c829cea0f526ec01fce81,-7.068926137401241,0.4133389103696974,0.99870216998262,0.9999999999999976,0.9960937499999988,192,"[24, 24, 24, 24, 24, 24, 24, 24]",0.0681531660084147,executed,2026-09-22T05:45:28.954268+00:00,0.9999999999999996,3.67185606261187e-17,4.443059973708341e-17,-4.288437942963759e-16,0.9999999999999981,0.9999999999999976,W3,W3/descending/seed101,38,False,results/stage4_v1/optimization/C_W3_descending_seed101_i38.npz
results/stage4_v1/density/b872e9c722dfde67fb24be2e709db9a00fe375739643a68256cbcd8d5476e6d1.npz,ecfa310dbae7c5d60b51fe16125d632e64708d8c00830d6ae62b95125889d796,0.8,0.475,6,0.01,9f06974307aff8de659c7fb2e80ec14ecc8d2520797c829cea0f526ec01fce81,-3.208084007260811,0.21869591962014068,0.19130355266283183,0.0395516710399196,0.4636426243013535,192,"[24, 24, 24, 24, 24, 24, 24, 24]",0.13506491700536571,executed,2026-09-22T05:45:29.089806+00:00,0.999999999999998,5.332919435913075e-18,7.269816092100959e-18,0.000405318522542483,0.191918735912744,0.04330342232491991,W3,W3/descending/seed101,38,False,results/stage4_v1/optimization/C_W3_descending_seed101_i38.npz
results/stage4_v1/density/e50e9323db8a2b5cb5e0d70b481458239727d32ae0421ab002176a4154650b79.npz,8b0ab25624d2427384608e7e64a47718e498906b2fd6375e5c8e58ee8a60b0d0,0.8,0.475,6,0.05,9f06974307aff8de659c7fb2e80ec14ecc8d2520797c829cea0f526ec01fce81,-0.1440315305087112,0.01387094286112881,0.004742202896083687,1.2401533108292598e-05,0.022093987447802846,192,"[24, 24, 24, 24, 24, 24, 24, 24]",0.13734529199427925,executed,2026-09-22T05:45:29.227721+00:00,0.9999999999999905,9.557919776817525e-18,5.488773498207866e-19,0.003434936677456989,0.004821375069185018,0.003918603089619588,W3,W3/descending/seed101,38,False,results/stage4_v1/optimization/C_W3_descending_seed101_i38.npz
results/stage4_v1/density/3116f75d3aad6bebd50c3c5a4273743b453e6d2eba2be455d25895dd8909c42c.npz,8ec799b171424e8230ae9f383542f7f0ff7162f9eec19905e8a51ff3d1548c65,0.8,0.4625,6,0,af20363398bc4ab5f033d44fb7a5aae220de80025c3df40babe7057a184827a3,-7.028455999815779,0.3961286162898633,0.9988653516217036,1.0000000000000009,0.9960937500000018,192,"[24, 24, 24, 24, 24, 24, 24, 24]",0.06697912499657832,executed,2026-09-22T05:45:29.295163+00:00,0.9999999999999999,8.982286773775343e-17,3.6658220658674075e-17,-5.297246192468483e-16,1.0000000000000027,1.0000000000000009,W3,W3/descending/seed101,37,False,results/stage4_v1/optimization/C_W3_descending_seed101_i37.npz
results/stage4_v1/density/98730aecada5082cb91d91ade4568ce73e5302cac7fd90fb8453b356ea10baf1.npz,fb029810d0e97794b15f88c732c148591d7f9867678cee590dc92a3bf8d8e255,0.8,0.4625,6,0.01,af20363398bc4ab5f033d44fb7a5aae220de80025c3df40babe7057a184827a3,-3.1793141203080912,0.21161090608902658,0.19076399537121985,0.03933341961491399,0.4630868557399975,192,"[24, 24, 24, 24, 24, 24, 24, 24]",0.13412891697953455,executed,2026-09-22T05:45:29.429803+00:00,0.9999999999999993,-1.1614515772750966e-17,8.673617379884035e-18,0.0004058852446489068,0.19134072529262863,0.04308602344454323,W3,W3/descending/seed101,37,False,results/stage4_v1/optimization/C_W3_descending_seed101_i37.npz
results/stage4_v1/density/6bbabf88d0e08a4b8751ef3f92492a76d064439d5441a87bb513a0b129632588.npz,d7d155ec0d8da30c8ecdc8c21ba4e485afed02e2da4165eef2473c98ead29254,0.8,0.4625,6,0.05,af20363398bc4ab5f033d44fb7a5aae220de80025c3df40babe7057a184827a3,-0.1422061401208119,0.013700464366680026,0.004733954648679229,1.2320925535110731e-05,0.022038273618279758,192,"[24, 24, 24, 24, 24, 24, 24, 24]",0.1330477500159759,executed,2026-09-22T05:45:29.563370+00:00,0.9999999999999922,-1.1655173354219173e-18,5.827586677109586e-19,0.0034357330597428216,0.004813502378924522,0.003918522796919739,W3,W3/descending/seed101,37,False,results/stage4_v1/optimization/C_W3_descending_seed101_i37.npz
results/stage4_v1/density/82b47e3d69d1e27b69446c06ff66fd734f0d63ed08ebbacd521affd99104fb81.npz,9a29dc4d8987a441c567cd47836a4bccdad9816eedef510dc643335c488e2841,0.8,0.45,6,0,a0e20de59fdbef827ac5c039f7a3e73474c91344f32054684ae5fa26064440dc,-6.989686841181868,0.3793260299055413,0.999021511141412,0.9999999999999978,0.9960937499999997,192,"[24, 24, 24, 24, 24, 24, 24, 24]",0.06632924999576062,executed,2026-09-22T05:45:29.630151+00:00,0.9999999999999991,5.921882619962671e-17,3.696477557615935e-17,-5.340907299501567e-16,0.9999999999999997,0.9999999999999978,W3,W3/descending/seed101,36,False,results/stage4_v1/optimization/C_W3_descending_seed101_i36.npz
results/stage4_v1/density/11e11548ec04d527a2c94c810f0ce74cbbf80912f5ef106ca0df2909222c5ade.npz,f738319202d5672c2477fc8788e0b61cb9fa78707ef1fa494616348ff4f459da,0.8,0.45,6,0.01,a0e20de59fdbef827ac5c039f7a3e73474c91344f32054684ae5fa26064440dc,-3.153434217386531,0.20467551330910297,0.19030629548534483,0.03915422368315726,0.46282026696263245,192,"[24, 24, 24, 24, 24, 24, 24, 24]",0.13311208301456645,executed,2026-09-22T05:45:29.763683+00:00,0.9999999999999973,-2.778268066994105e-18,1.3904866443919908e-17,0.0004054740634679819,0.19084466276587758,0.04290752749689493,W3,W3/descending/seed101,36,False,results/stage4_v1/optimization/C_W3_descending_seed101_i36.npz
results/stage4_v1/density/6de3877766e8cea0e5627791486043be0581cf83aaddc514ce7a0c2fa9cdbf61.npz,664b9a7cef7f3611e5f9f83bedb24605eb07fd7054a938e29df98304c13868f3,0.8,0.45,6,0.05,a0e20de59fdbef827ac5c039f7a3e73474c91344f32054684ae5fa26064440dc,-0.14074210781442478,0.013542093077010165,0.0047281056172251,1.2293784669808254e-05,0.022029657843737952,192,"[24, 24, 24, 24, 24, 24, 24, 24]",0.13122441599261947,executed,2026-09-22T05:45:29.895385+00:00,0.9999999999999913,2.8529763729419344e-17,7.657177843178875e-19,0.003435868913671837,0.0048075887524416565,0.003918495762073442,W3,W3/descending/seed101,36,False,results/stage4_v1/optimization/C_W3_descending_seed101_i36.npz
results/stage4_v1/density/b2ecd91ce8d0940a2f5d075ba759383863bc0cfefc9a1bef99d4fd5fb199d933.npz,8386c182210101c2955e3148a5c8168405ca4f9f75fd95faf538d94516c10738,0.8,0.4375,6,0,a552e814f7aa77d598b299a38466cf46f607ee558487d5616126feb35a3ee0f4,-6.95257579421112,0.36297148237556476,0.9991675307635516,0.9999999999999952,0.9960937500000001,192,"[24, 24, 24, 24, 24, 24, 24, 24]",0.06549516698578373,executed,2026-09-22T05:45:29.961335+00:00,0.9999999999999971,9.468991905267664e-17,7.979727989493313e-17,-5.401814304108734e-16,0.9999999999999996,0.9999999999999952,W3,W3/descending/seed101,35,False,results/stage4_v1/optimization/C_W3_descending_seed101_i35.npz
results/stage4_v1/density/05b1299b27ba97f21f84c7ee8090fe34e84fbc5ddeb1bcbe22e5d10856d3656a.npz,f81db31c51bed41a8d89732cb8b4baa6dca09cd841f6a88e26078c2dd0319205,0.8,0.4375,6,0.01,a552e814f7aa77d598b299a38466cf46f607ee558487d5616126feb35a3ee0f4,-3.1296604319283263,0.19790870320608903,0.1899060453023531,0.03900262635831882,0.4627515746630617,192,"[24, 24, 24, 24, 24, 24, 24, 24]",0.1383205000020098,executed,2026-09-22T05:45:30.100148+00:00,0.9999999999999962,-2.3374721212429672e-17,1.435902883673646e-17,0.0004044883032650143,0.19040733987231773,0.04275652234910664,W3,W3/descending/seed101,35,False,results/stage4_v1/optimization/C_W3_descending_seed101_i35.npz
results/stage4_v1/density/a22f17ce6d485509aa99d0a7c804e442dff81c6cc5136012169c8d746ee690da.npz,79bbe8d4c74fa9feef09ba4d8dea6282834c695b1c2704662398e5c4d8563c3b,0.8,0.4375,6,0.05,a552e814f7aa77d598b299a38466cf46f607ee558487d5616126feb35a3ee0f4,-0.1395041581870072,0.01339352637120677,0.00472394264580585,1.2304122550184833e-05,0.02205277149094368,192,"[24, 24, 24, 24, 24, 24, 24, 24]",0.13595908301067539,executed,2026-09-22T05:45:30.236614+00:00,0.9999999999999896,7.34885785037831e-18,7.860465750519907e-19,0.0034355594090315672,0.004803072628286505,0.003918506059571473,W3,W3/descending/seed101,35,False,results/stage4_v1/optimization/C_W3_descending_seed101_i35.npz
results/stage4_v1/density/534868218ee97780c715a8d05b8c547e320e0ffb63c16e572a3f95a29cd983cb.npz,b80d3db7b688bb9529ce28d023d43552105172cee4ed42f7a1d2c9fdf55b34b3,0.8,0.425,6,0,7b09e1750ae27b31ab6d4f346bd611456348a3c68fc9b1676c607ebcaa6c0da7,-6.9170769055485755,0.34708407763699334,0.9993009664551249,0.9999999999999964,0.9960937499999991,192,"[24, 24, 24, 24, 24, 24, 24, 24]",0.06867879099445418,executed,2026-09-22T05:45:30.305766+00:00,0.9999999999999986,2.893263377495717e-17,4.8479721585773186e-17,-5.876075442926172e-16,0.9999999999999977,0.9999999999999964,W3,W3/descending/seed101,34,False,results/stage4_v1/optimization/C_W3_descending_seed101_i34.npz
results/stage4_v1/density/0c191d0de75b989554cf660d28ffa4d267a7fe374f0346a390b6535ad3d24a48.npz,17c8a7d54508c5859b55905bd1c97320249c1b7cf1d0f2c8ae48dfa62d54033f,0.8,0.425,6,0.01,7b09e1750ae27b31ab6d4f346bd611456348a3c68fc9b1676c607ebcaa6c0da7,-3.1091897415616807,0.1912860085928753,0.18959876968792022,0.038895643714270824,0.46300643039308176,192,"[24, 24, 24, 24, 24, 24, 24, 24]",0.13803591701434925,executed,2026-09-22T05:45:30.444456+00:00,0.9999999999999967,5.746610327352075e-17,9.644525285392101e-18,0.0004022540480083977,0.19006326545479835,0.04264995760601195,W3,W3/descending/seed101,34,False,results/stage4_v1/optimization/C_W3_descending_seed101_i34.npz
results/stage4_v1/density/b992359cdd07cc3c4f22f322a1a8108bdb38579d17d754e1a938c0e78517c8d9.npz,9ce7bb30b74dc76552e18e0ca16aee3bb5e5a7bfc7fc0b167d7b9f1bf37d5988,0.8,0.425,6,0.05,7b09e1750ae27b31ab6d4f346bd611456348a3c68fc9b1676c607ebcaa6c0da7,-0.1387031258387527,0.013254884521105842,0.004722696679168373,1.2383483090023882e-05,0.02213549658566044,192,"[24, 24, 24, 24, 24, 24, 24, 24]",0.13729058398166671,executed,2026-09-22T05:45:30.582304+00:00,0.9999999999999907,-1.421321285492716e-18,5.929230630780102e-19,0.0034344480781130335,0.004800998334658849,0.0039185851101092035,W3,W3/descending/seed101,34,False,results/stage4_v1/optimization/C_W3_descending_seed101_i34.npz
results/stage4_v1/density/f9be995a80b72e910a3dd66d39875879c85ddf3e635830bfe14eb9f4d15c19ef.npz,58089312f7ef17a0dc08c142b160bc77040d97fd5b0a052345505b92d8e9a04d,0.8,0.4125,6,0,1a010eaf725560ddd1fbe8a416f3a23188968fead8876f91180d09f74eb0f6bb,-6.8831422008411565,0.3316879251149636,0.9994207804050146,1.0,0.996093750000001,192,"[24, 24, 24, 24, 24, 24, 24, 24]",0.06764683400979266,executed,2026-09-22T05:45:30.650454+00:00,1.0000000000000009,-9.367983226307589e-17,5.928593550334434e-17,-7.162795919054272e-16,1.0000000000000027,1.0,W3,W3/descending/seed101,33,False,results/stage4_v1/optimization/C_W3_descending_seed101_i33.npz
results/stage4_v1/density/c656a05c66281041e74a09f8ea0efb668bfb224c92b6f6ed6429518f3bd361a2.npz,9ebd39d2763540970cba9a1c303acca6e5fde8d8920311e123117840b846451e,0.8,0.4125,6,0.01,1a010eaf725560ddd1fbe8a416f3a23188968fead8876f91180d09f74eb0f6bb,-3.089364772194526,0.18481514469988133,0.18930448934360136,0.03879478681674509,0.4632472063824752,192,"[24, 24, 24, 24, 24, 24, 24, 24]",0.13200466698617674,executed,2026-09-22T05:45:30.782900+00:00,0.9999999999999989,2.8080836267374565e-17,1.542008421780933e-17,0.0004001786021257131,0.18973483736953192,0.042549494680742185,W3,W3/descending/seed101,33,False,results/stage4_v1/optimization/C_W3_descending_seed101_i33.npz
results/stage4_v1/density/fdc9e65f40f9b7968a138ab634e62431151b83ec1e09f9f88a6f7aeb281f4b9b.npz,a72950a11ad05b7c01177f356efaa5f514dd63b2a0b0707d2e62cc6a76320759,0.8,0.4125,6,0.05,1a010eaf725560ddd1fbe8a416f3a23188968fead8876f91180d09f74eb0f6bb,-0.13788064192170968,0.013113614668535957,0.004721671814941529,1.2464400250222339e-05,0.022216495185883846,192,"[24, 24, 24, 24, 24, 24, 24, 24]",0.1330995000025723,executed,2026-09-22T05:45:30.916468+00:00,0.9999999999999925,1.207021949837378e-17,7.657177843178875e-19,0.0034334574030801617,0.004799079019681413,0.003918665711186745,W3,W3/descending/seed101,33,False,results/stage4_v1/optimization/C_W3_descending_seed101_i33.npz
results/stage4_v1/density/39884ee382dfddba65193a0f3e47a44cd9d9e6a3e3c8c0a2df9d9abfbd97288a.npz,de70a7ee0640bc418d8afc8bb193bac645791e1ae703068ba04f70158dfb2541,0.8,0.4,6,0,2dc3cded0faf0f106fe14e24991e24c03d797b1eeb8034cba2c409f8851545a0,-6.850722564530596,0.3167858699660398,0.9995264528457841,0.9999999999999918,0.9960937499999984,192,"[24, 24, 24, 24, 24, 24, 24, 24]",0.06706183298956603,executed,2026-09-22T05:45:30.984012+00:00,0.9999999999999964,2.5990676590906172e-17,5.204170427930421e-17,-5.583914756010184e-16,0.9999999999999973,0.9999999999999918,W3,W3/descending/seed101,32,False,results/stage4_v1/optimization/C_W3_descending_seed101_i32.npz
results/stage4_v1/density/edae6b693210fcf9a53cd6f9c19710d045e69baff006f00a1ad50adf4e488c67.npz,a1374430cd2aeca51ce3209f201a517c2c27764d3cd69ef1964b4ad89d59b58b,0.8,0.4,6,0.01,2dc3cded0faf0f106fe14e24991e24c03d797b1eeb8034cba2c409f8851545a0,-3.070849213373873,0.17850880088659862,0.18904598309808934,0.03871043106483514,0.46355865400321294,192,"[24, 24, 24, 24, 24, 24, 24, 24]",0.13241725001716986,executed,2026-09-22T05:45:31.116906+00:00,0.9999999999999949,-3.2559946492455305e-17,1.431146867680866e-17,0.00039788181179998644,0.18944444251180143,0.04246546844348813,W3,W3/descending/seed101,32,False,results/stage4_v1/optimization/C_W3_descending_seed101_i32.npz
results/stage4_v1/density/cc56ff99d84197d11a06567fffd4442bd1c950eda94302b1ad28638b087f1e7b.npz,25f3c2e1ac2f7bd713cb1773fe774923b142308d995a13252f138c7baed47082,0.8,0.4,6,0.05,2dc3cded0faf0f106fe14e24991e24c03d797b1eeb8034cba2c409f8851545a0,-0.1371670945759187,0.012975206472170925,0.004721619807302196,1.2567650111846638e-05,0.02231691540602617,192,"[24, 24, 24, 24, 24, 24, 24, 24]",0.13031116701313294,executed,2026-09-22T05:45:31.247690+00:00,0.999999999999988,-1.245816058821625e-17,7.115076756936123e-19,0.0034322629522572047,0.004798017397681598,0.003918768557728597,W3,W3/descending/seed101,32,False,results/stage4_v1/optimization/C_W3_descending_seed101_i32.npz
results/stage4_v1/density/8c916c77884b52123fc57d427115ca8e89dd04750367b8a32aa69fe187c4aea2.npz,306ec63ae8aada8549f592377d51b48572643a05a238dcd3b266acd9a15f3d53,0.8,0.3875,6,0,e89c3e5266f584c8257a74ae22489c495949ba076981dfc7debf1264aa2e9b64,-6.819768848488723,0.30236893437002055,0.9996183857638183,1.0000000000000053,0.9960937500000021,192,"[24, 24, 24, 24, 24, 24, 24, 24]",0.06519579200539738,executed,2026-09-22T05:45:31.313353+00:00,1.0000000000000022,-8.329404365943569e-17,3.9139548259932754e-17,-5.355709072407886e-16,1.0000000000000033,1.0000000000000053,W3,W3/descending/seed101,31,False,results/stage4_v1/optimization/C_W3_descending_seed101_i31.npz
results/stage4_v1/density/5bd06dd605253dca72560c7ff56f7eaf04835240aa2394831f0c6117bafb4672.npz,92628f2b172f9e7226e4b1e548080833555327e6d3b6edb27cf0d8e17d55ead0,0.8,0.3875,6,0.01,e89c3e5266f584c8257a74ae22489c495949ba076981dfc7debf1264aa2e9b64,-3.0556236919899895,0.1724348030847736,0.18889665172096304,0.03867598656188834,0.46427764963356,192,"[24, 24, 24, 24, 24, 24, 24, 24]",0.13227812497643754,executed,2026-09-22T05:45:31.446074+00:00,1.0000000000000013,-2.582095236410009e-17,2.0857299665879863e-17,0.00039418330939678216,0.18926476509477178,0.04243115848938096,W3,W3/descending/seed101,31,False,results/stage4_v1/optimization/C_W3_descending_seed101_i31.npz
results/stage4_v1/density/4c000721a1fcc191f9befe8b9b72d38aabb5efddfa34596d76d027bdeea81f8c.npz,cf17a9658a8dd9ea03cbcfc0426c68a1f261b8f97d7f27593f8aac452a7475ee,0.8,0.3875,6,0.05,e89c3e5266f584c8257a74ae22489c495949ba076981dfc7debf1264aa2e9b64,-0.13699320801402376,0.012865002004872988,0.004725020972561862,1.2769508729613612e-05,0.022509445102458447,192,"[24, 24, 24, 24, 24, 24, 24, 24]",0.13178487500408664,executed,2026-09-22T05:45:31.578365+00:00,0.9999999999999953,1.843821319583161e-17,6.555838024382534e-19,0.003429572608350534,0.004800322904294026,0.0039189696278361386,W3,W3/descending/seed101,31,False,results/stage4_v1/optimization/C_W3_descending_seed101_i31.npz
results/stage4_v1/density/782f9ea74a7fa2bc275c8bd79852f8a03b47b939b0b312929d7f36d6eb05c30f.npz,88f0435eccfb8ba2ab7f6284df1bb2393249cc1e596d7b868a5dff08c6b35195,0.8,0.375,6,0,fae0532b3210dc5af99043c282ef99ebc8eb736db20754f33bce97041b342371,-6.790232730107611,0.2884314970455385,0.9996961109682253,1.000000000000004,0.9960937500000009,192,"[24, 24, 24, 24, 24, 24, 24, 24]",0.0658159590093419,executed,2026-09-22T05:45:31.644635+00:00,1.0000000000000027,-1.6654891204506087e-17,7.28583859910259e-17,-6.498386884649975e-16,1.0000000000000027,1.000000000000004,W3,W3/descending/seed101,30,False,results/stage4_v1/optimization/C_W3_descending_seed101_i30.npz
results/stage4_v1/density/108cf583678821765ab6df80851bc1b93257224435f0661da2570fb55f1b382b.npz,09d272c70d6cb2d69cbf366d514ad2b6626d61405b5fc71c3bef9a19f042f7b9,0.8,0.375,6,0.01,fae0532b3210dc5af99043c282ef99ebc8eb736db20754f33bce97041b342371,-3.038746013275672,0.16632651850304012,0.18864099319523978,0.03859130773370495,0.46451516650990177,192,"[24, 24, 24, 24, 24, 24, 24, 24]",0.13371012499555945,executed,2026-09-22T05:45:31.778791+00:00,1.0000000000000009,-7.26415455565288e-18,1.1309866083365357e-17,0.00039216615371867104,0.1889784224873784,0.04234681043787016,W3,W3/descending/seed101,30,False,results/stage4_v1/optimization/C_W3_descending_seed101_i30.npz
results/stage4_v1/density/9d1256cbda1e8e2909bea3c59dcbae2bd9728b133d10e334940e4f95af014977.npz,b360bd6cfd0eece8a51febbcebaa4f2c97aeb7a9693f9f6f7ff7d4586aa5079b,0.8,0.375,6,0.05,fae0532b3210dc5af99043c282ef99ebc8eb736db20754f33bce97041b342371,-0.13622082772014443,0.012684537701646546,0.004724537419200018,1.2841373031580825e-05,0.022584424069185094,192,"[24, 24, 24, 24, 24, 24, 24, 24]",0.13289487501606345,executed,2026-09-22T05:45:31.912160+00:00,0.9999999999999948,-7.003268407898555e-18,5.082197683525802e-19,0.003429316860002726,0.004798053041407503,0.003919041211418176,W3,W3/descending/seed101,30,False,results/stage4_v1/optimization/C_W3_descending_seed101_i30.npz
results/stage4_v1/density/6776eb9bb4af9a494e44f162fb8eeba433a083b5e87440d64b815b44b9ac484e.npz,6e5accbe1dfe748633d25b07cc21d989c7dd03f0cd84c9894cadc46fcdc7568b,0.8,0.3625,6,0,8ca93ed7312cd835be4131ebae08a6d92f10969eecc1c53d832d78e46b14ae04,-6.76206718474549,0.27495492057745025,0.9997611539678024,1.000000000000007,0.9960937500000027,192,"[24, 24, 24, 24, 24, 24, 24, 24]",0.06607362499926239,executed,2026-09-22T05:45:31.978712+00:00,1.0000000000000036,-2.8872653254379725e-17,6.514458323692505e-17,-5.890200702322734e-16,1.0000000000000049,1.000000000000007,W3,W3/descending/seed101,29,False,results/stage4_v1/optimization/C_W3_descending_seed101_i29.npz
results/stage4_v1/density/751555ece948dae8f6126b8ecbb469e9a5afe38b4ab02f528036932b8747231a.npz,04c1961e24caa543349976d2a59e0ab22acf773f9a7beef338b3bf014b081fa3,0.8,0.3625,6,0.01,8ca93ed7312cd835be4131ebae08a6d92f10969eecc1c53d832d78e46b14ae04,-3.0239319430641,0.1606641766572406,0.18854391037890939,0.03857802585066943,0.46530460752305725,192,"[24, 24, 24, 24, 24, 24, 24, 24]",0.13324250001460314,executed,2026-09-22T05:45:32.112396+00:00,1.000000000000003,-8.226383983733765e-18,1.4304896245381992e-17,0.0003887269523896682,0.18885986557816445,0.04233358043719025,W3,W3/descending/seed101,29,False,results/stage4_v1/optimization/C_W3_descending_seed101_i29.npz
results/stage4_v1/density/4dc37e52954fdbc129c401e8a5aaae9a626ca89ba36bd0997f49f2ee59f03b04.npz,93fc6b945afbe5c017c5006a46d96a5c2ffc556b13db5f954abdd8a412393a8c,0.8,0.3625,6,0.05,8ca93ed7312cd835be4131ebae08a6d92f10969eecc1c53d832d78e46b14ae04,-0.13602439208342304,0.012607407630219617,0.004728987507603655,1.3081882399791987e-05,0.022802614580116537,192,"[24, 24, 24, 24, 24, 24, 24, 24]",0.13238216598983854,executed,2026-09-22T05:45:32.245227+00:00,0.9999999999999967,1.7279472123987727e-18,5.04831636563563e-19,0.00342579809821988,0.004802181795533624,0.003919280781296668,W3,W3/descending/seed101,29,False,results/stage4_v1/optimization/C_W3_descending_seed101_i29.npz
results/stage4_v1/density/86ac508b7ece162d8bb997cb584630fbf19cb8caddd9f4b49c3bc7c2745b3bd1.npz,ff28f5d69f0d58fc174e0fbbed8ee9d81b0e756645cb94da47b9dae0d3a85c08,0.8,0.35,6,0,6c1ce4017cb5c0658c35ab7f0ccafa64faa419fb09c6b03a4c44ca85b6597973,-6.735227167701599,0.261918931884881,0.9998149102384437,0.9999999999999953,0.9960937499999988,192,"[24, 24, 24, 24, 24, 24, 24, 24]",0.06637725001201034,executed,2026-09-22T05:45:32.312082+00:00,0.999999999999998,-2.5482959748366024e-17,6.245606819011808e-17,-6.933997454873036e-16,0.9999999999999976,0.9999999999999953,W3,W3/descending/seed101,28,False,results/stage4_v1/optimization/C_W3_descending_seed101_i28.npz
results/stage4_v1/density/86480b1e7ca3f7b729c073df9861ac25c2d7ec6d91bcf8f35ab37dd36167a922.npz,0acd7be2955baa19b2c434c785142cc04986f39c93514d14efba3aa735ab7ae1,0.8,0.35,6,0.01,6c1ce4017cb5c0658c35ab7f0ccafa64faa419fb09c6b03a4c44ca85b6597973,-3.011379490404378,0.15492036437193218,0.18840916178656675,0.038545633404223394,0.4659331145735257,192,"[24, 24, 24, 24, 24, 24, 24, 24]",0.13336208299733698,executed,2026-09-22T05:45:32.445882+00:00,0.999999999999996,2.3081647812679684e-17,2.776319786554118e-17,0.0003853317045413676,0.1886964465171409,0.04230131452373814,W3,W3/descending/seed101,28,False,results/stage4_v1/optimization/C_W3_descending_seed101_i28.npz
results/stage4_v1/density/181559fa87904caf56f5f6d24000f1addc21a7535190a765e6fad26e200c48ea.npz,9017fc8bf1c60591c99fca4272cad05445cd99157dd653cdfe3f9b51935bc75d,0.8,0.35,6,0.05,6c1ce4017cb5c0658c35ab7f0ccafa64faa419fb09c6b03a4c44ca85b6597973,-0.13586822651198827,0.012443285562423943,0.0047319243311735254,1.3250364607161837e-05,0.022954382482356747,192,"[24, 24, 24, 24, 24, 24, 24, 24]",0.1339446250058245,executed,2026-09-22T05:45:32.580280+00:00,0.9999999999999891,-2.219226321806267e-17,7.521652571618187e-19,0.0034240871538536964,0.004803090960970687,0.003919448605370415,W3,W3/descending/seed101,28,False,results/stage4_v1/optimization/C_W3_descending_seed101_i28.npz
