n,kappa,h,ref,seed,method,cnots,delta_e,fidelity,joint_pass
8,0.8,0.5,antiphase,11,fixed,6,0.0949470817314596,0.6790659494168515,False
8,0.8,0.5,antiphase,11,fixed,22,0.0949470817314596,0.6790659494168515,False
8,0.1,2.0,antiphase,11,cost,6,2.019101226402434,0.011919950084573978,False
8,0.1,2.0,antiphase,11,cost,16,0.6056309438180261,0.42822235097520966,False
8,0.1,2.0,antiphase,11,cost,32,0.016119148081348733,0.9832448050019111,False
8,0.1,2.0,antiphase,11,cost,64,2.658487041173885e-06,0.9999982939744949,True
8,0.1,2.0,antiphase,11,cost,96,2.3842387975037127e-07,0.9999998810226123,True
8,0.1,2.0,antiphase,11,cost,114,9.248006760387284e-08,0.9999999539614887,True
8,0.475,0.55,ghz,11,cost,7,0.30070174964565255,0.0203236156649562,False
8,0.475,0.55,ghz,11,cost,15,0.2325396883291626,0.04712699335222189,False
8,0.475,0.55,ghz,11,cost,31,0.05152704612767134,0.819152078271934,False
8,0.475,0.55,ghz,11,cost,63,0.004148346731964958,0.9828604673284855,False
8,0.475,0.55,ghz,11,cost,95,0.001066102289421611,0.9975408447929708,False
8,0.475,0.55,ghz,11,cost,127,0.00033752058743963254,0.9994299186067381,True
8,0.475,0.55,ghz,11,cost,127,0.00033752058743963254,0.9994299186067381,True
8,0.45,0.15,ghz,37,fixed,7,0.02172680403016114,0.07046572400413456,False
8,0.45,0.15,ghz,37,fixed,23,0.011545370634793328,0.08204431793956661,False
8,0.8,0.8,ghz,37,fixed,7,0.8865110832348602,0.0018445784874687094,False
8,0.8,0.8,ghz,37,fixed,23,0.094461422920887,0.3796122618586383,False
8,0.5,0.3,plus,11,cost,0,0.3555373893015126,0.36326154129154725,False
8,0.5,0.3,plus,11,cost,16,0.03744341732749912,0.7267379032373397,False
8,0.5,0.3,plus,11,cost,32,0.022184118750115278,0.8065005315235247,False
8,0.5,0.3,plus,11,cost,64,0.007655616251615371,0.9389421533523566,False
8,0.5,0.3,plus,11,cost,128,0.0007824443832740169,0.9972621453634726,False
8,0.5,0.3,plus,11,cost,128,0.0007824443832740169,0.9972621453634726,False
8,0.55,1.6,ghz,11,cost,7,1.2962657633901276,0.013319913615106174,False
8,0.55,1.6,ghz,11,cost,15,0.8000557809572006,0.1002380739070972,False
8,0.55,1.6,ghz,11,cost,31,0.34678281213073947,0.4894597422466301,False
8,0.55,1.6,ghz,11,cost,63,0.0012357692720468272,0.9989011855756277,False
8,0.55,1.6,ghz,11,cost,95,5.777436681220216e-05,0.9999623989111338,True
8,0.55,1.6,ghz,11,cost,127,2.057643047193025e-05,0.9999874238256309,True
8,0.55,1.6,ghz,11,cost,127,2.057643047193025e-05,0.9999874238256309,True
8,0.35,1.5,antiphase,11,cost,6,1.2934478981972626,0.01990235209502268,False
8,0.35,1.5,antiphase,11,cost,16,0.7817154800827072,0.19560063794527538,False
8,0.35,1.5,antiphase,11,cost,32,0.339999258533223,0.4476965609306086,False
8,0.35,1.5,antiphase,11,cost,64,0.00023760256484672837,0.9997313129619478,True
8,0.35,1.5,antiphase,11,cost,96,1.0487005477122224e-05,0.9999930491822324,True
8,0.35,1.5,antiphase,11,cost,128,1.470215334364866e-06,0.99999906657816,True
8,0.35,1.5,antiphase,11,cost,128,1.470215334364866e-06,0.99999906657816,True
8,0.7,0.2,ghz,11,cost,7,0.4149295200226794,9.533957208862071e-07,False
8,0.7,0.2,ghz,11,cost,15,0.39790431429792483,3.207135082742117e-05,False
8,0.7,0.2,ghz,11,cost,31,0.13705802747521945,0.0006503807526911942,False
8,0.7,0.2,ghz,11,cost,63,0.12940489046092152,0.004065857734681747,False
8,0.7,0.2,ghz,11,cost,95,0.0004186595894827283,0.5016572001180912,False
8,0.7,0.2,ghz,11,cost,127,0.0003999871521561671,0.5027764797367654,False
8,0.7,0.2,ghz,11,cost,127,0.0003999871521561671,0.5027764797367654,False
8,0.0,1.4,plus,11,cost,0,0.18702813951457053,0.7259156848541252,False
8,0.0,1.4,plus,11,cost,16,0.021377772072968426,0.9486487230677133,False
8,0.0,1.4,plus,11,cost,32,0.006565364232484994,0.9822266078873519,False
8,0.0,1.4,plus,11,cost,64,0.0006442458852231603,0.9992873869391432,False
8,0.0,1.4,plus,11,cost,96,4.375515644428063e-05,0.9999672224236916,True
8,0.0,1.4,plus,11,cost,128,5.109830347960198e-06,0.9999965265212105,True
8,0.0,1.4,plus,11,cost,128,5.109830347960198e-06,0.9999965265212105,True
8,0.9,1.5,plus,11,cost,0,0.21172053674250124,0.8067115977624633,False
8,0.9,1.5,plus,11,cost,16,0.07492269953448405,0.8942670498058105,False
8,0.9,1.5,plus,11,cost,32,0.015001349245644224,0.9839894614894761,False
8,0.9,1.5,plus,11,cost,96,0.0005501286290914287,0.9995780045514419,True
8,0.9,1.5,plus,11,cost,128,0.00020695987362051582,0.9998443491861109,True
8,0.9,1.5,plus,11,cost,128,0.00020695987362051582,0.9998443491861109,True
8,0.6,1.1,plus,11,cost,0,0.19427704765032794,0.7940076650913083,False
8,0.6,1.1,plus,11,cost,16,0.02829160627646865,0.9434726268461447,False
8,0.6,1.1,plus,11,cost,32,0.010194196127559563,0.9839311989339256,False
8,0.6,1.1,plus,11,cost,64,0.0009399895996133889,0.9989959387247207,True
8,0.6,1.1,plus,11,cost,96,0.00016237284418330056,0.9998445118431765,True
8,0.6,1.1,plus,11,cost,128,5.089927514800863e-05,0.9999589623044184,True
8,0.6,1.1,plus,11,cost,128,5.089927514800863e-05,0.9999589623044184,True
8,0.525,0.55,plus,11,gradient,0,0.2775269602368696,0.5731529075562487,False
8,0.525,0.55,plus,11,gradient,16,0.029218648109847867,0.8911397686391006,False
8,0.525,0.55,plus,11,gradient,32,0.01572175013744692,0.9325243125783015,False
8,0.525,0.55,plus,11,gradient,96,0.0011241304438179833,0.9975542161988227,False
8,0.525,0.55,plus,11,gradient,128,0.0007139131049958003,0.9983621929713866,True
8,0.525,0.55,plus,11,gradient,128,0.0007139131049958003,0.9983621929713866,True
8,0.2,1.0,plus,11,cost,0,0.20839678755441238,0.6864486888695296,False
8,0.2,1.0,plus,11,cost,16,0.012704392445897383,0.9671123132385693,False
8,0.2,1.0,plus,11,cost,32,0.0012112702693660715,0.9959189218516169,False
8,0.2,1.0,plus,11,cost,64,4.55726968422443e-05,0.999917863267301,True
8,0.2,1.0,plus,11,cost,128,9.027489369373143e-07,0.9999991700262919,True
8,0.2,1.0,plus,11,cost,128,9.027489369373143e-07,0.9999991700262919,True
8,0.4,0.5,ghz,11,cost,7,0.19053957087283158,0.060978891513332564,False
8,0.4,0.5,ghz,11,cost,15,0.140290143329863,0.09720791331774623,False
8,0.4,0.5,ghz,11,cost,31,0.08401446849711858,0.21049663789163559,False
8,0.4,0.5,ghz,11,cost,63,0.00314561335384278,0.9815327900055733,False
8,0.4,0.5,ghz,11,cost,95,0.0009238482173814511,0.996190905793396,False
8,0.4,0.5,ghz,11,cost,127,0.00024280286494959835,0.9993928541475684,True
8,0.4,0.5,ghz,11,cost,127,0.00024280286494959835,0.9993928541475684,True
8,0.0,0.2,plus,37,fixed,0,0.8100253198889197,0.017434082290676986,False
8,0.0,0.2,plus,37,fixed,16,0.434694416048495,0.14416673108886355,False
8,0.525,1.25,antiphase,11,cost,6,0.8963906429529297,0.035914632971368494,False
8,0.525,1.25,antiphase,11,cost,16,0.571375221026963,0.1949550161840197,False
8,0.525,1.25,antiphase,11,cost,32,0.04245777090148262,0.9311272837429099,False
8,0.525,1.25,antiphase,11,cost,64,0.0018028383493504663,0.9976655606861873,False
8,0.525,1.25,antiphase,11,cost,96,7.554214115379487e-05,0.9999382272109245,True
8,0.525,1.25,antiphase,11,cost,128,1.7858586319308145e-05,0.9999871082956341,True
8,0.525,1.25,antiphase,11,cost,128,1.7858586319308145e-05,0.9999871082956341,True
8,0.7,0.3,plus,11,cost,0,0.4359133802182592,0.12467350048325992,False
8,0.7,0.3,plus,11,cost,16,0.08905359876867025,0.28247233972795116,False
8,0.7,0.3,plus,11,cost,32,0.0033722356307799295,0.4977458200743363,False
8,0.7,0.3,plus,11,cost,64,0.0026567651159675743,0.5067730146621723,False
8,0.7,0.3,plus,11,cost,96,0.0023818793730290277,0.5144003561381199,False
8,0.7,0.3,plus,11,cost,128,0.002256695176602097,0.522582164206547,False
8,0.7,0.3,plus,11,cost,128,0.002256695176602097,0.522582164206547,False
12,0.3,1.9,ghz,11,cost,11,1.318462832961938,0.00308507718928381,False
12,0.3,1.9,ghz,11,cost,31,0.3642718026967149,0.4197936205479128,False
12,0.3,1.9,ghz,11,cost,63,0.2362052356348808,0.493251640106245,False
12,0.3,1.9,ghz,11,cost,95,0.0006907197383897076,0.9988801444336987,True
12,0.3,1.9,ghz,11,cost,127,2.4663921654640337e-05,0.9999690073169065,True
12,0.3,1.9,ghz,11,cost,127,2.4663921654640337e-05,0.9999690073169065,True
8,0.3,0.9,ghz,11,cost,7,0.4114088148068963,0.07790309535640665,False
8,0.3,0.9,ghz,11,cost,15,0.27281319178234165,0.17852277701624839,False
8,0.3,0.9,ghz,11,cost,31,0.026950546925173402,0.9360211792819422,False
8,0.3,0.9,ghz,11,cost,63,0.00025028901374835044,0.9993608257658417,False
8,0.3,0.9,ghz,11,cost,95,3.0139168623488644e-05,0.9999644241614486,True
8,0.3,0.9,ghz,11,cost,127,1.0250048259052846e-05,0.9999879943911107,True
8,0.3,0.9,ghz,11,cost,127,1.0250048259052846e-05,0.9999879943911107,True
8,0.7,1.3,plus,11,cost,0,0.18868706294771886,0.8204384378238704,False
8,0.7,1.3,plus,11,cost,16,0.04323181577267188,0.926212049495926,False
8,0.7,1.3,plus,11,cost,32,0.00992138149462396,0.9884394141751104,False
8,0.7,1.3,plus,11,cost,64,0.000691649962950569,0.9994055137939671,True
8,0.7,1.3,plus,11,cost,96,0.00024280299331613797,0.9997947017124623,True
8,0.7,1.3,plus,11,cost,128,7.356417058912434e-05,0.9999436771923512,True
8,0.7,1.3,plus,11,cost,128,7.356417058912434e-05,0.9999436771923512,True
8,0.55,0.5,antiphase,11,cost,6,0.24205638164172238,0.041165033555969975,False
8,0.55,0.5,antiphase,11,cost,16,0.17715154783290943,0.09129350356784977,False
8,0.55,0.5,antiphase,11,cost,32,0.09688944639844255,0.4233934208328866,False
8,0.55,0.5,antiphase,11,cost,64,0.008704189307674137,0.9684053109014499,False
8,0.55,0.5,antiphase,11,cost,96,0.002085046846744043,0.995286393265129,False
8,0.55,0.5,antiphase,11,cost,128,0.0005867256755983652,0.9984264369556657,True
8,0.55,0.5,antiphase,11,cost,128,0.0005867256755983652,0.9984264369556657,True
8,0.0,1.4,ghz,11,cost,7,0.5870281395145673,0.15135213367141442,False
8,0.0,1.4,ghz,11,cost,15,0.35681872799744685,0.30398466397007456,False
8,0.0,1.4,ghz,11,cost,31,0.04895493618372493,0.9239951605300377,False
8,0.0,1.4,ghz,11,cost,63,0.00045645105059510804,0.9995923939833269,True
8,0.0,1.4,ghz,11,cost,95,4.0397778905854054e-05,0.9999712668031376,True
8,0.0,1.4,ghz,11,cost,127,8.298654985416931e-07,0.9999994396229818,True
8,0.0,1.4,ghz,11,cost,127,8.298654985416931e-07,0.9999994396229818,True
8,0.95,1.2,ghz,11,cost,7,1.4165312116800506,0.0019621540770645655,False
8,0.95,1.2,ghz,11,cost,15,0.7059881670595464,0.04915505644641179,False
8,0.95,1.2,ghz,11,cost,31,0.10110844534184471,0.8328380367939752,False
8,0.95,1.2,ghz,11,cost,95,0.0020513604968765975,0.9978283873769228,False
8,0.95,1.2,ghz,11,cost,127,0.0009030554695794724,0.9991299277782792,True
8,0.95,1.2,ghz,11,cost,127,0.0009030554695794724,0.9991299277782792,True
8,0.3,0.3,ghz,11,cost,7,0.0338932078435259,0.8839856496397982,False
8,0.3,0.3,ghz,11,cost,15,0.01789451829160038,0.9313177885482187,False
8,0.3,0.3,ghz,11,cost,31,0.0015098130033268653,0.9862969739643015,False
8,0.3,0.3,ghz,11,cost,63,0.0006749615141634635,0.9930505411431305,True
8,0.3,0.3,ghz,11,cost,95,0.0001360954080368293,0.9992637561564237,True
8,0.3,0.3,ghz,11,cost,127,8.359197440577226e-06,0.9999808473290366,True
8,0.3,0.3,ghz,11,cost,127,8.359197440577226e-06,0.9999808473290366,True
8,0.025,1.25,plus,11,gradient,0,0.20565897217935003,0.6695489125372552,False
8,0.025,1.25,plus,11,gradient,16,0.024907201379858357,0.9284716867782471,False
8,0.025,1.25,plus,11,gradient,64,0.007599224963803053,0.9741234613032222,False
8,0.025,1.25,plus,11,gradient,96,1.3794442139669627e-06,0.999998833655034,True
8,0.025,1.25,plus,11,gradient,120,1.0677199124842218e-07,0.999999901719334,True
8,1.0,1.0,antiphase,11,cost,6,0.33198804061375675,0.3423846726166197,False
8,1.0,1.0,antiphase,11,cost,16,0.16020014600896593,0.6325921398567473,False
8,1.0,1.0,antiphase,11,cost,32,0.022967364751385055,0.9454925962586693,False
8,1.0,1.0,antiphase,11,cost,128,0.001361437943844468,0.9981834827087157,False
8,1.0,1.0,antiphase,11,cost,128,0.001361437943844468,0.9981834827087157,False
8,0.1,0.3,antiphase,11,cost,6,0.8252554134819927,4.865682883939035e-07,False
8,0.1,0.3,antiphase,11,cost,16,0.5736667669279595,0.0014633133088432745,False
8,0.1,0.3,antiphase,11,cost,32,0.00328149066909178,0.9925335882666955,False
8,0.1,0.3,antiphase,11,cost,122,3.0596943201288695e-08,0.9999999636438045,True
8,0.85,0.9,ghz,11,cost,7,1.034716947159263,0.001718023083318317,False
8,0.85,0.9,ghz,11,cost,15,0.5257716243328345,0.04169977999018673,False
8,0.85,0.9,ghz,11,cost,31,0.08920909410813382,0.5507766644808424,False
8,0.85,0.9,ghz,11,cost,63,0.008131331192740454,0.9871791618764157,False
8,0.85,0.9,ghz,11,cost,95,0.0036021640314498615,0.9943313070019814,False
8,0.85,0.9,ghz,11,cost,127,0.001814953672854891,0.997512965775001,False
8,0.85,0.9,ghz,11,cost,127,0.001814953672854891,0.997512965775001,False
8,0.25,0.65,plus,11,cost,0,0.2790166345293722,0.4645028304460479,False
8,0.25,0.65,plus,11,cost,16,0.021100645785244843,0.8861896421075852,False
8,0.25,0.65,plus,11,cost,32,0.004188324359484796,0.965906833706949,False
8,0.25,0.65,plus,11,cost,64,0.000686146535640697,0.9972439065071076,False
8,0.25,0.65,plus,11,cost,96,0.00016546902076775005,0.9996135289439536,True
8,0.25,0.65,plus,11,cost,128,9.691885774598674e-06,0.9999830843752562,True
8,0.25,0.65,plus,11,cost,128,9.691885774598674e-06,0.9999830843752562,True
8,0.0,1.1,plus,23,fixed,0,0.2494084590468375,0.5240703132648579,False
8,0.0,1.1,plus,23,fixed,16,0.06984560278989105,0.7651879719246522,False
8,0.5,0.1,ghz,11,cost,7,0.04598192362975495,0.001050536625933077,False
8,0.5,0.1,ghz,11,cost,15,0.04348810450376017,0.0012694559037434484,False
8,0.5,0.1,ghz,11,cost,31,0.00864381424130134,0.5214432598276073,False
8,0.5,0.1,ghz,11,cost,63,0.0062393697679851146,0.642291334935076,False
8,0.5,0.1,ghz,11,cost,95,0.0035579498424740397,0.7978934376314841,False
8,0.5,0.1,ghz,11,cost,127,0.0013073462466018926,0.9816534588531032,False
8,0.5,0.1,ghz,11,cost,127,0.0013073462466018926,0.9816534588531032,False
8,0.2,0.1,plus,11,cost,0,0.703131488927818,0.013011836070043402,False
8,0.2,0.1,plus,11,cost,16,0.15081268755310384,0.49705387036729837,False
8,0.2,0.1,plus,11,cost,32,0.0003968618316309014,0.9989998438142073,True
8,0.2,0.1,plus,11,cost,64,1.0131659478052057e-07,0.9999997216102211,True
8,0.2,0.1,plus,11,cost,86,1.0988538190481734e-08,0.9999999672033539,True
8,0.15,0.1,plus,11,cost,0,0.7529455112015504,0.012579284893363773,False
8,0.15,0.1,plus,11,cost,16,0.16872569074253985,0.49944271603584534,False
8,0.15,0.1,plus,11,cost,64,5.4247138780993964e-08,0.9999998655938088,True
8,0.15,0.1,plus,11,cost,86,7.222286879660089e-09,0.9999999810228616,True
8,0.05,1.2,antiphase,11,cost,6,1.357882497515875,0.004601969557957916,False
8,0.05,1.2,antiphase,11,cost,16,0.5012305778572643,0.27596021622777295,False
8,0.05,1.2,antiphase,11,cost,32,0.043854887458359526,0.8940957512446894,False
8,0.05,1.2,antiphase,11,cost,64,0.0005126484958646316,0.9993278495346639,True
8,0.05,1.2,antiphase,11,cost,128,3.755902920454801e-06,0.9999971397851828,True
8,0.05,1.2,antiphase,11,cost,128,3.755902920454801e-06,0.9999971397851828,True
8,0.0,1.2,ghz,11,cost,7,0.4240249564406866,0.24575729081845699,False
8,0.0,1.2,ghz,11,cost,15,0.25159731335053115,0.40895207887770313,False
8,0.0,1.2,ghz,11,cost,31,0.04543961039455402,0.9313825721156274,False
8,0.0,1.2,ghz,11,cost,63,0.0019207227536393034,0.9979400383354755,False
8,0.0,1.2,ghz,11,cost,95,0.00010253307695506919,0.9999074381019127,True
8,0.0,1.2,ghz,11,cost,127,9.970917247414945e-08,0.9999999292010479,True
8,0.0,1.2,ghz,11,cost,127,9.970917247414945e-08,0.9999999292010479,True
8,0.9,1.5,antiphase,11,cost,6,0.8117205367425003,0.10606760013834975,False
8,0.9,1.5,antiphase,11,cost,16,0.32786786756289343,0.5179786736239073,False
8,0.9,1.5,antiphase,11,cost,32,0.03857470940817964,0.9509123421070795,False
8,0.9,1.5,antiphase,11,cost,64,0.0016179510832903254,0.9987640045507554,False
8,0.9,1.5,antiphase,11,cost,96,0.000502647148276747,0.9996051539230454,True
8,0.9,1.5,antiphase,11,cost,128,0.0002909576489469323,0.9997736704944589,True
8,0.9,1.5,antiphase,11,cost,128,0.0002909576489469323,0.9997736704944589,True
8,0.75,0.6,ghz,11,cost,7,0.6684676383587187,0.0011821982119976995,False
8,0.75,0.6,ghz,11,cost,15,0.2891616697442617,0.04676226110229809,False
8,0.75,0.6,ghz,11,cost,31,0.11229084722718419,0.3871701224825274,False
8,0.75,0.6,ghz,11,cost,95,0.006575261282357081,0.9817940058134669,False
8,0.75,0.6,ghz,11,cost,127,0.003667782690991994,0.9906667786460663,False
8,0.75,0.6,ghz,11,cost,127,0.003667782690991994,0.9906667786460663,False
8,0.95,0.9,antiphase,11,cost,6,0.28342389785388833,0.36925792254310974,False
8,0.95,0.9,antiphase,11,cost,16,0.13762661157663514,0.650161506656285,False
8,0.95,0.9,antiphase,11,cost,32,0.023539111198230156,0.9349817019227747,False
8,0.95,0.9,antiphase,11,cost,64,0.005118605563076306,0.9891062583279734,False
8,0.95,0.9,antiphase,11,cost,96,0.0023832544641750886,0.9959495520640143,False
8,0.95,0.9,antiphase,11,cost,128,0.0012842701484618857,0.9983171847633486,False
8,0.95,0.9,antiphase,11,cost,128,0.0012842701484618857,0.9983171847633486,False
8,0.35,0.1,plus,11,cost,0,0.5538770185180588,0.015375236161743681,False
8,0.35,0.1,plus,11,cost,16,0.06895782557178987,0.5016339656134046,False
8,0.35,0.1,plus,11,cost,64,1.2710002177396262e-06,0.9999918592291865,True
8,0.35,0.1,plus,11,cost,96,3.488167319432023e-07,0.9999977381830014,True
8,0.35,0.1,plus,11,cost,114,2.4592330394312967e-08,0.9999999316269136,True
8,0.7,0.8,antiphase,11,cost,6,0.3537065771445598,0.12996651496078604,False
8,0.7,0.8,antiphase,11,cost,16,0.2282482868815372,0.2761677214668729,False
8,0.7,0.8,antiphase,11,cost,32,0.06623724477989978,0.7450948360331371,False
8,0.7,0.8,antiphase,11,cost,64,0.005195732139149811,0.9908646767649878,False
8,0.7,0.8,antiphase,11,cost,96,0.00200263928992217,0.9971320138872293,False
8,0.7,0.8,antiphase,11,cost,128,0.000778561710949699,0.9990703730863827,True
8,0.7,0.8,antiphase,11,cost,128,0.000778561710949699,0.9990703730863827,True
8,0.45,0.15,antiphase,37,fixed,6,0.12172680403016128,0.00048412150083379453,False
8,0.45,0.15,antiphase,37,fixed,22,0.12172680403016123,0.00048412150083379437,False
12,0.3,0.4,antiphase,11,cost,10,0.4637644421345281,3.0490125897488175e-06,False
12,0.3,0.4,antiphase,11,cost,32,0.3370847341808243,0.006974834726941306,False
12,0.3,0.4,antiphase,11,cost,64,0.0487132997993475,0.04508176410497866,False
12,0.3,0.4,antiphase,11,cost,96,0.035139409481572535,0.06537601272193978,False
12,0.3,0.4,antiphase,11,cost,128,0.03340883154379378,0.0563965414919524,False
12,0.3,0.4,antiphase,11,cost,128,0.03340883154379378,0.0563965414919524,False
8,0.8,0.8,antiphase,11,cost,6,0.2865110832348605,0.2505289620486456,False
8,0.8,0.8,antiphase,11,cost,16,0.1739918987931388,0.42486524836435885,False
8,0.8,0.8,antiphase,11,cost,32,0.03958145041666894,0.8383695852015352,False
8,0.8,0.8,antiphase,11,cost,64,0.0074096854759879704,0.9820291784124038,False
8,0.8,0.8,antiphase,11,cost,128,0.0008844196395401127,0.9988202817706114,True
8,0.8,0.8,antiphase,11,cost,128,0.0008844196395401127,0.9988202817706114,True
8,0.15,1.0,plus,11,cost,0,0.2196808663279758,0.6393926627027671,False
8,0.15,1.0,plus,11,cost,16,0.01679361472651708,0.9441442537769004,False
8,0.15,1.0,plus,11,cost,32,0.005136447462039229,0.9794117825499514,False
8,0.15,1.0,plus,11,cost,64,0.0002321298797509641,0.9996137250191567,True
8,0.15,1.0,plus,11,cost,96,1.5033380440510058e-05,0.9999832691228747,True
8,0.15,1.0,plus,11,cost,128,1.2928198303008287e-06,0.9999988047407621,True
8,0.15,1.0,plus,11,cost,128,1.2928198303008287e-06,0.9999988047407621,True
8,0.15,0.9,antiphase,11,cost,6,0.9929379415134127,0.00362352278207196,False
8,0.15,0.9,antiphase,11,cost,16,0.6075220120612747,0.17950326499139171,False
8,0.15,0.9,antiphase,11,cost,32,0.3614393022753303,0.325854936643802,False
8,0.15,0.9,antiphase,11,cost,64,0.012160764078103403,0.9752206294969347,False
8,0.15,0.9,antiphase,11,cost,128,1.3811199069069247e-05,0.9999844080801276,True
8,0.15,0.9,antiphase,11,cost,128,1.3811199069069247e-05,0.9999844080801276,True
8,0.025,1.75,antiphase,11,cost,6,1.868210363706416,0.008647355457729015,False
8,0.025,1.75,antiphase,11,cost,16,0.5775177526995741,0.38729668567051945,False
8,0.025,1.75,antiphase,11,cost,32,0.026330053692684485,0.9649256256974982,False
8,0.025,1.75,antiphase,11,cost,64,8.74830580273045e-05,0.9999344337037523,True
8,0.025,1.75,antiphase,11,cost,96,8.276168559362418e-06,0.9999951212672711,True
8,0.025,1.75,antiphase,11,cost,128,7.586975678819385e-07,0.9999995879526715,True
8,0.025,1.75,antiphase,11,cost,128,7.586975678819385e-07,0.9999995879526715,True
8,0.45,1.3,antiphase,11,cost,6,1.0121222995690569,0.02706875503867532,False
8,0.45,1.3,antiphase,11,cost,16,0.4065178597672028,0.36994516037630165,False
8,0.45,1.3,antiphase,11,cost,32,0.027776245366064378,0.9539165848306238,False
8,0.45,1.3,antiphase,11,cost,64,0.0008206471364600176,0.9988365193325834,True
8,0.45,1.3,antiphase,11,cost,96,6.283356710801158e-05,0.999950515033641,True
8,0.45,1.3,antiphase,11,cost,128,1.1742624492550036e-05,0.9999920216343613,True
8,0.45,1.3,antiphase,11,cost,128,1.1742624492550036e-05,0.9999920216343613,True
8,0.85,1.1,plus,11,cost,0,0.24804375416061775,0.7246750271766408,False
8,0.85,1.1,plus,11,cost,16,0.07573459814068628,0.8417692420551454,False
8,0.85,1.1,plus,11,cost,32,0.020292480452313022,0.959080993026014,False
8,0.85,1.1,plus,11,cost,64,0.0028603279253578417,0.9966690950936664,False
8,0.85,1.1,plus,11,cost,96,0.001348729679404359,0.9984898533575716,False
8,0.85,1.1,plus,11,cost,128,0.00039914934401874547,0.999653552465372,True
8,0.85,1.1,plus,11,cost,128,0.00039914934401874547,0.999653552465372,True
8,0.05,1.9,antiphase,11,cost,6,1.9791507058432438,0.01012954757827211,False
8,0.05,1.9,antiphase,11,cost,16,1.0421164394102647,0.2297332862628642,False
8,0.05,1.9,antiphase,11,cost,32,0.7724447657434172,0.2549115699783741,False
8,0.05,1.9,antiphase,11,cost,64,0.0006101255530683858,0.999195851306315,True
8,0.05,1.9,antiphase,11,cost,96,1.2090228929118041e-05,0.9999932403347018,True
8,0.05,1.9,antiphase,11,cost,128,2.1198131250343977e-06,0.9999988645532863,True
8,0.05,1.9,antiphase,11,cost,128,2.1198131250343977e-06,0.9999988645532863,True
8,0.5,0.15,antiphase,37,fixed,6,0.07108108440839944,0.001959175486408019,False
8,0.5,0.15,antiphase,37,fixed,22,0.07108108440839961,0.0019591754864080172,False
8,0.2,0.2,plus,11,cost,0,0.6126067070249535,0.022258004977941566,False
8,0.2,0.2,plus,11,cost,16,0.14753421073015882,0.4774286516532277,False
8,0.2,0.2,plus,11,cost,64,4.796484279645519e-06,0.9999828645549255,True
8,0.2,0.2,plus,11,cost,116,2.8570370513847365e-08,0.9999999622711314,True
8,0.85,1.0,antiphase,11,cost,6,0.41478667160435234,0.19355897754105636,False
8,0.85,1.0,antiphase,11,cost,16,0.20268116467488984,0.5069460302296512,False
8,0.85,1.0,antiphase,11,cost,32,0.04028615079255693,0.9049932549731518,False
8,0.85,1.0,antiphase,11,cost,64,0.0055496364336564685,0.9890563669960158,False
8,0.85,1.0,antiphase,11,cost,96,0.0016993902172024455,0.9978659703275125,False
8,0.85,1.0,antiphase,11,cost,128,0.0008650171173181231,0.9990187003410895,True
8,0.85,1.0,antiphase,11,cost,128,0.0008650171173181231,0.9990187003410895,True
8,0.8,0.6,plus,11,fixed,0,0.3475761295690428,0.4098035720244742,False
8,0.8,0.6,plus,11,fixed,16,0.11303112511253555,0.5021880040338691,False
8,0.45,0.3,antiphase,11,cost,6,0.20578267160314206,0.0038971961534984105,False
8,0.45,0.3,antiphase,11,cost,16,0.17614733042090308,0.01077729826036674,False
8,0.45,0.3,antiphase,11,cost,32,0.14851909389470896,0.04666408860647111,False
8,0.45,0.3,antiphase,11,cost,64,0.008562512031926595,0.9025685397129002,False
8,0.45,0.3,antiphase,11,cost,96,0.0026227126710579585,0.988204960522875,False
8,0.45,0.3,antiphase,11,cost,128,0.0006516286549145267,0.9971644523331741,False
8,0.45,0.3,antiphase,11,cost,128,0.0006516286549145267,0.9971644523331741,False
12,0.8,1.1,plus,11,cost,0,0.23998283268388962,0.6189422409263057,False
12,0.8,1.1,plus,11,cost,32,0.04086278335338308,0.8741185697413572,False
12,0.8,1.1,plus,11,cost,64,0.015029130934944845,0.9544947449472594,False
12,0.8,1.1,plus,11,cost,96,0.006246597871678065,0.9825930700026202,False
12,0.8,1.1,plus,11,cost,128,0.003906682383751321,0.9895613738303777,False
12,0.8,1.1,plus,11,cost,128,0.003906682383751321,0.9895613738303777,False
8,0.45,0.4,plus,11,cost,0,0.31953281668757444,0.4435099554040711,False
8,0.45,0.4,plus,11,cost,16,0.02682763207175931,0.8333874151805395,False
8,0.45,0.4,plus,11,cost,32,0.012744912758934968,0.8855886507903233,False
8,0.45,0.4,plus,11,cost,64,0.004326137745696679,0.9731947824370618,False
8,0.45,0.4,plus,11,cost,96,0.001146820510337987,0.9966955568343727,False
8,0.45,0.4,plus,11,cost,128,0.00025038923443099215,0.9995243313180058,True
8,0.45,0.4,plus,11,cost,128,0.00025038923443099215,0.9995243313180058,True
12,0.8,0.7,plus,11,cost,0,0.3197753540951182,0.4009444182306065,False
12,0.8,0.7,plus,11,cost,32,0.0639046663732441,0.7324228902225963,False
12,0.8,0.7,plus,11,cost,64,0.020195882418130157,0.8768334829535799,False
12,0.8,0.7,plus,11,cost,96,0.01079117433491176,0.9260617372485545,False
12,0.8,0.7,plus,11,cost,128,0.008014794119067137,0.9430476737698608,False
12,0.8,0.7,plus,11,cost,128,0.008014794119067137,0.9430476737698608,False
8,0.65,0.1,plus,11,cost,0,0.5538987182082508,0.030259304063870434,False
8,0.65,0.1,plus,11,cost,16,0.07500997783264352,0.2520795295126747,False
8,0.65,0.1,plus,11,cost,64,3.2618854154287114e-05,0.5000842537104028,False
8,0.65,0.1,plus,11,cost,108,2.9962065955846384e-05,0.5001426804309898,False
8,0.45,0.8,ghz,11,cost,7,0.4732006138187098,0.02604928464908023,False
8,0.45,0.8,ghz,11,cost,15,0.34085244129648085,0.07828922334143346,False
8,0.45,0.8,ghz,11,cost,31,0.04520651000217846,0.8915469684978025,False
8,0.45,0.8,ghz,11,cost,63,0.0028998130412731804,0.9913455799294139,False
8,0.45,0.8,ghz,11,cost,95,0.0006344206995039237,0.9988943393936071,False
8,0.45,0.8,ghz,11,cost,127,0.0001427583087423301,0.9998136794856327,True
8,0.45,0.8,ghz,11,cost,127,0.0001427583087423301,0.9998136794856327,True
8,0.675,1.75,ghz,11,cost,7,1.575276030914213,0.00895293999862962,False
8,0.675,1.75,ghz,11,cost,15,0.9214196719727981,0.08948805356636863,False
8,0.675,1.75,ghz,11,cost,31,0.035068816049865115,0.9596117536947304,False
8,0.675,1.75,ghz,11,cost,95,0.0001444436310746866,0.9999135728734431,True
8,0.675,1.75,ghz,11,cost,127,5.233485446054509e-05,0.9999700622437283,True
8,0.675,1.75,ghz,11,cost,127,5.233485446054509e-05,0.9999700622437283,True
8,0.3,0.4,plus,37,cost,0,0.3646590718118202,0.17390399323898878,False
8,0.3,0.4,plus,37,cost,16,0.05062003246506852,0.548532462345927,False
8,0.3,0.4,plus,37,cost,32,0.0179262895906378,0.7512810722060295,False
8,0.3,0.4,plus,37,cost,64,0.0005709702103856573,0.9975612723791183,True
8,0.3,0.4,plus,37,cost,96,4.9057427465859504e-05,0.9998825821749162,True
8,0.3,0.4,plus,37,cost,128,8.028641725887908e-06,0.9999842786302734,True
8,0.3,0.4,plus,37,cost,128,8.028641725887908e-06,0.9999842786302734,True
8,0.95,1.5,ghz,11,cost,7,1.6751241990397272,0.0030776527632034095,False
8,0.95,1.5,ghz,11,cost,15,0.9472090947136103,0.04314358875861033,False
8,0.95,1.5,ghz,11,cost,31,0.2470187593717077,0.46474517970665097,False
8,0.95,1.5,ghz,11,cost,127,0.0003510395208385919,0.9997416536785937,True
8,0.95,1.5,ghz,11,cost,127,0.0003510395208385919,0.9997416536785937,True
8,0.05,1.4,plus,11,cost,0,0.17626802828720356,0.7584724591427305,False
8,0.05,1.4,plus,11,cost,16,0.0139473521591289,0.9691820554304611,False
8,0.05,1.4,plus,11,cost,32,0.0033484473711848928,0.9915865689872251,False
8,0.05,1.4,plus,11,cost,96,2.478911007752771e-05,0.9999812511306996,True
8,0.05,1.4,plus,11,cost,128,5.059397009787858e-06,0.9999963798562866,True
8,0.05,1.4,plus,11,cost,128,5.059397009787858e-06,0.9999963798562866,True
12,0.8,0.9,ghz,11,cost,11,0.9741358672226262,7.783451842722682e-05,False
12,0.8,0.9,ghz,11,cost,31,0.17426250160335308,0.08615373053862818,False
12,0.8,0.9,ghz,11,cost,95,0.015529134480113468,0.9467998950872728,False
12,0.8,0.9,ghz,11,cost,127,0.007332365395748071,0.977897985677768,False
12,0.8,0.9,ghz,11,cost,127,0.007332365395748071,0.977897985677768,False
8,0.5,0.15,plus,23,gradient,0,0.42108108440839953,0.23835876833969474,False
8,0.5,0.15,plus,23,gradient,16,0.0388081630739151,0.46610414415642093,False
8,0.5,0.15,plus,23,gradient,32,0.028651630357428126,0.673164848024256,False
8,0.5,0.15,plus,23,gradient,64,0.018859604941162234,0.7091577133677717,False
8,0.5,0.15,plus,23,gradient,96,0.005235616190717773,0.9041856854473216,False
8,0.5,0.15,plus,23,gradient,128,0.0016471453885241738,0.9848657434450884,False
8,0.5,0.15,plus,23,gradient,128,0.0016471453885241738,0.9848657434450884,False
8,0.4,0.25,antiphase,11,cost,6,0.2342105999709404,0.0006246395918983935,False
8,0.4,0.25,antiphase,11,cost,16,0.208974970441611,0.003375344324289419,False
8,0.4,0.25,antiphase,11,cost,64,0.0007207194210832046,0.99140971008446,False
8,0.4,0.25,antiphase,11,cost,128,4.414397593821562e-05,0.9996006018633685,False
8,0.4,0.25,antiphase,11,cost,128,4.414397593821562e-05,0.9996006018633685,False
8,0.0,1.9,antiphase,11,cost,6,2.0342908932383548,0.008923134142652648,False
8,0.0,1.9,antiphase,11,cost,16,0.6092908932383554,0.3983502203904049,False
8,0.0,1.9,antiphase,11,cost,32,0.02042091226478071,0.9759888293611703,False
8,0.0,1.9,antiphase,11,cost,64,5.25882409716516e-05,0.999967374222865,True
8,0.0,1.9,antiphase,11,cost,96,6.415961176564622e-06,0.999996388975328,True
8,0.0,1.9,antiphase,11,cost,128,1.350750145512336e-06,0.9999993089698492,True
8,0.0,1.9,antiphase,11,cost,128,1.350750145512336e-06,0.9999993089698492,True
8,0.6,0.8,ghz,11,cost,7,0.634740141036835,0.00862864350396211,False
8,0.6,0.8,ghz,11,cost,15,0.3174480965714839,0.11829535674471026,False
8,0.6,0.8,ghz,11,cost,31,0.12418633002840807,0.49753511972571984,False
8,0.6,0.8,ghz,11,cost,63,0.009726215015005701,0.9780085205663104,False
8,0.6,0.8,ghz,11,cost,95,0.0008403717430756075,0.9987247340754023,True
8,0.6,0.8,ghz,11,cost,127,0.00041551825652152985,0.9993944364437404,True
8,0.6,0.8,ghz,11,cost,127,0.00041551825652152985,0.9993944364437404,True
8,0.4,0.1,antiphase,11,cost,6,0.20423370525193385,1.0889462191450362e-07,False
8,0.4,0.1,antiphase,11,cost,16,0.2003601122581674,4.926708953868613e-07,False
8,0.4,0.1,antiphase,11,cost,32,0.19783932093163686,1.4514111531024225e-06,False
8,0.4,0.1,antiphase,11,cost,128,2.1301914820970325e-07,0.9999989114636798,True
8,0.4,0.1,antiphase,11,cost,128,2.1301914820970325e-07,0.9999989114636798,True
8,0.025,1.75,plus,11,cost,0,0.14321036370641727,0.8395817807044554,False
8,0.025,1.75,plus,11,cost,16,0.010594922655498884,0.9837122522499078,False
8,0.025,1.75,plus,11,cost,32,0.001463294320460884,0.9974447896458668,False
8,0.025,1.75,plus,11,cost,64,3.4718226928909246e-05,0.9999766629950426,True
8,0.025,1.75,plus,11,cost,96,8.619900006001657e-06,0.9999948795950749,True
8,0.025,1.75,plus,11,cost,128,2.0958407076498986e-06,0.9999988233507586,True
8,0.025,1.75,plus,11,cost,128,2.0958407076498986e-06,0.9999988233507586,True
8,0.9,1.8,ghz,11,cost,7,1.8847873247819382,0.0046298929493282315,False
8,0.9,1.8,ghz,11,cost,15,0.8997415378749118,0.11500054529278875,False
8,0.9,1.8,ghz,11,cost,31,0.07450010378497884,0.9151605214868601,False
8,0.9,1.8,ghz,11,cost,63,0.0011600281328703055,0.9991940325779622,False
8,0.9,1.8,ghz,11,cost,95,0.0004683192393191149,0.9997114744002977,True
8,0.9,1.8,ghz,11,cost,127,0.00016700221783327862,0.9999011338200334,True
8,0.9,1.8,ghz,11,cost,127,0.00016700221783327862,0.9999011338200334,True
8,0.95,1.1,ghz,11,cost,7,1.3348387259113763,0.001554527504940168,False
8,0.95,1.1,ghz,11,cost,15,0.7325617410976191,0.024917018763654042,False
8,0.95,1.1,ghz,11,cost,31,0.10541817943522891,0.6853030783042252,False
8,0.95,1.1,ghz,11,cost,127,0.000982058956342291,0.9989356313041818,True
8,0.95,1.1,ghz,11,cost,127,0.000982058956342291,0.9989356313041818,True
8,0.3,1.4,plus,11,cost,0,0.15173311944302825,0.8382487067146934,False
8,0.3,1.4,plus,11,cost,16,0.0034491475998013055,0.9950790018580938,False
8,0.3,1.4,plus,11,cost,32,0.0008612308124009704,0.9982899196666205,False
8,0.3,1.4,plus,11,cost,64,5.0514169944948506e-05,0.9999494084240572,True
8,0.3,1.4,plus,11,cost,96,3.4893781839517857e-06,0.99999772085086,True
8,0.3,1.4,plus,11,cost,128,8.59439123201966e-07,0.9999994279989012,True
8,0.3,1.4,plus,11,cost,128,8.59439123201966e-07,0.9999994279989012,True
8,0.3,0.8,antiphase,11,cost,6,0.7295234892862603,0.008617035068992583,False
8,0.3,0.8,antiphase,11,cost,16,0.37199116797023013,0.2243802378363484,False
8,0.3,0.8,antiphase,11,cost,32,0.1374455527856029,0.45955347483221554,False
8,0.3,0.8,antiphase,11,cost,64,0.0002381446976200685,0.9991154185022026,False
8,0.3,0.8,antiphase,11,cost,128,1.4791697570348816e-05,0.9999789600923625,True
8,0.3,0.8,antiphase,11,cost,128,1.4791697570348816e-05,0.9999789600923625,True
8,0.0,1.1,antiphase,37,fixed,6,1.3494084590468363,0.0023935758742727104,False
8,0.0,1.1,antiphase,37,fixed,22,1.3494084590468363,0.002713283270564399,False
8,0.975,0.55,antiphase,11,fixed,6,0.08819858601632957,0.7877467199398103,False
8,0.975,0.55,antiphase,11,fixed,22,0.08819858601632946,0.7877467199398104,False
8,0.5,0.15,ghz,11,cost,7,0.07108108440839933,0.0022785653611650893,False
8,0.5,0.15,ghz,11,cost,15,0.06548695379492864,0.003015547256862105,False
8,0.5,0.15,ghz,11,cost,31,0.013427217927572621,0.526067784134126,False
8,0.5,0.15,ghz,11,cost,63,0.00856023164075781,0.710389729635067,False
8,0.5,0.15,ghz,11,cost,95,0.004595224385070762,0.8484497827359169,False
8,0.5,0.15,ghz,11,cost,127,0.0009385590874509964,0.9941485620012684,False
8,0.5,0.15,ghz,11,cost,127,0.0009385590874509964,0.9941485620012684,False
8,0.3,0.2,ghz,23,fixed,7,0.014576327734931338,0.9557837954156849,False
8,0.3,0.2,ghz,23,fixed,23,0.0003606474844168872,0.997808064853222,True
8,0.25,0.3,plus,11,cost,0,0.4809464176370406,0.04805735706294796,False
8,0.25,0.3,plus,11,cost,16,0.09300815379063343,0.4570111921825889,False
8,0.25,0.3,plus,11,cost,32,0.0007690507284681125,0.9965407733498967,True
8,0.25,0.3,plus,11,cost,64,0.00010633655357383809,0.9994171550586055,True
8,0.25,0.3,plus,11,cost,96,1.4632348072973755e-05,0.9999646116372625,True
8,0.25,0.3,plus,11,cost,128,1.1433418111161942e-06,0.9999982990290782,True
8,0.25,0.3,plus,11,cost,128,1.1433418111161942e-06,0.9999982990290782,True
8,0.05,0.7,antiphase,11,cost,6,1.0368645463108042,0.00022038673919995506,False
8,0.05,0.7,antiphase,11,cost,16,0.6959572147962672,0.019755875629259734,False
8,0.05,0.7,antiphase,11,cost,32,0.02234935547814021,0.9346736041508399,False
8,0.05,0.7,antiphase,11,cost,128,4.4387180841987117e-07,0.9999994676516766,True
8,0.05,0.7,antiphase,11,cost,128,4.4387180841987117e-07,0.9999994676516766,True
8,0.675,1.25,ghz,11,cost,7,1.1144112447230714,0.0077469572891554215,False
8,0.675,1.25,ghz,11,cost,15,0.6346856346274321,0.10698379844858544,False
8,0.675,1.25,ghz,11,cost,31,0.062119444840774474,0.9017627541294675,False
8,0.675,1.25,ghz,11,cost,63,0.0014222131465573273,0.9987061350968014,False
8,0.675,1.25,ghz,11,cost,95,0.00015388493171197837,0.9998670730942691,True
8,0.675,1.25,ghz,11,cost,127,8.843124211210807e-05,0.9999278633469466,True
8,0.675,1.25,ghz,11,cost,127,8.843124211210807e-05,0.9999278633469466,True
8,0.35,0.7,antiphase,11,cost,6,0.5946849420147013,0.009673776135711746,False
8,0.35,0.7,antiphase,11,cost,16,0.3301245272485027,0.20477019177773656,False
8,0.35,0.7,antiphase,11,cost,32,0.027366869811648598,0.9284261314657717,False
8,0.35,0.7,antiphase,11,cost,64,0.000996894873291021,0.9964953865331404,False
8,0.35,0.7,antiphase,11,cost,96,0.0001839506851331052,0.999665899366679,True
8,0.35,0.7,antiphase,11,cost,128,4.7676255107376164e-05,0.9999284174134343,True
8,0.35,0.7,antiphase,11,cost,128,4.7676255107376164e-05,0.9999284174134343,True
8,0.9,1.5,ghz,11,cost,7,1.6117205367425,0.0037204728581364858,False
8,0.9,1.5,ghz,11,cost,15,0.925985501147277,0.047687115285034457,False
8,0.9,1.5,ghz,11,cost,31,0.26039844660105116,0.4725042481594272,False
8,0.9,1.5,ghz,11,cost,63,0.0021497353977935063,0.9981346823336282,False
8,0.9,1.5,ghz,11,cost,95,0.0006283607351993403,0.9995237171657088,True
8,0.9,1.5,ghz,11,cost,127,0.0002886355193087997,0.9997853288757796,True
8,0.9,1.5,ghz,11,cost,127,0.0002886355193087997,0.9997853288757796,True
8,0.05,1.3,antiphase,11,cost,6,1.4406198548430829,0.005665663542489875,False
8,0.05,1.3,antiphase,11,cost,16,0.5145394588660432,0.3690292781363772,False
8,0.05,1.3,antiphase,11,cost,32,0.07128952602304572,0.8793636817584543,False
8,0.05,1.3,antiphase,11,cost,96,2.2463687157747714e-05,0.9999817232990221,True
8,0.05,1.3,antiphase,11,cost,128,5.116971696361716e-06,0.999996316359535,True
8,0.05,1.3,antiphase,11,cost,128,5.116971696361716e-06,0.999996316359535,True
8,0.6,0.7,plus,11,cost,0,0.25237415063998614,0.667606593738265,False
8,0.6,0.7,plus,11,cost,16,0.035631261147078264,0.8979565175086761,False
8,0.6,0.7,plus,11,cost,32,0.01882540420224943,0.9517417297772641,False
8,0.6,0.7,plus,11,cost,64,0.0021926746155335186,0.9962017902805262,False
8,0.6,0.7,plus,11,cost,128,0.00035852586586992974,0.9994488329699605,True
8,0.6,0.7,plus,11,cost,128,0.00035852586586992974,0.9994488329699605,True
8,0.825,0.35,plus,11,fixed,0,0.5153475045344833,0.09987367059600374,False
8,0.825,0.35,plus,11,fixed,16,0.23188032540571735,0.12330934036071024,False
12,0.0,0.5,plus,11,cost,0,0.5635474292520042,0.010501711235095312,False
12,0.0,0.5,plus,11,cost,32,0.14655114054546706,0.38408829601731226,False
12,0.0,0.5,plus,11,cost,64,0.09929859417799314,0.5135124472516258,False
12,0.0,0.5,plus,11,cost,96,0.00019836702741778586,0.9992520931650128,True
12,0.0,0.5,plus,11,cost,128,3.357425444727724e-05,0.9998991455717247,True
12,0.0,0.5,plus,11,cost,128,3.357425444727724e-05,0.9998991455717247,True
8,0.3,0.4,antiphase,11,fixed,6,0.4646590718118197,0.00035639974590884096,False
8,0.3,0.4,antiphase,11,fixed,22,0.46465907181181976,0.00035639974590884096,False
8,0.675,0.55,antiphase,11,cost,6,0.17642346072264692,0.21945404442402464,False
8,0.675,0.55,antiphase,11,cost,16,0.10194540358137494,0.3871791704002226,False
8,0.675,0.55,antiphase,11,cost,32,0.041334615763051974,0.6546253315214914,False
8,0.675,0.55,antiphase,11,cost,64,0.010201199154385332,0.9455379405720268,False
8,0.675,0.55,antiphase,11,cost,96,0.004300690078922087,0.9901952489797758,False
8,0.675,0.55,antiphase,11,cost,128,0.0018936873764027196,0.9963196206207433,False
8,0.675,0.55,antiphase,11,cost,128,0.0018936873764027196,0.9963196206207433,False
8,0.3,1.3,ghz,11,cost,7,0.76079213153035,0.042394461243827036,False
8,0.3,1.3,ghz,11,cost,15,0.4806930835561989,0.16144816989053307,False
8,0.3,1.3,ghz,11,cost,31,0.03559735464531055,0.9493970377313381,False
8,0.3,1.3,ghz,11,cost,63,0.00015087490626530808,0.9997725121618343,True
8,0.3,1.3,ghz,11,cost,95,5.173294704841069e-06,0.9999962519684727,True
8,0.3,1.3,ghz,11,cost,127,1.7602489177370728e-06,0.9999987425456857,True
8,0.3,1.3,ghz,11,cost,127,1.7602489177370728e-06,0.9999987425456857,True
8,0.2,0.4,ghz,11,cost,7,0.052048129348920336,0.8583073128002069,False
8,0.2,0.4,ghz,11,cost,15,0.027237935907223343,0.9195133589229846,False
8,0.2,0.4,ghz,11,cost,31,0.0018281023484577608,0.9899406923565517,False
8,0.2,0.4,ghz,11,cost,63,0.0008615558196984896,0.9948423080467689,True
8,0.2,0.4,ghz,11,cost,95,7.033951448875975e-05,0.9997985658860411,True
8,0.2,0.4,ghz,11,cost,127,4.673566834312304e-06,0.999993238793026,True
8,0.2,0.4,ghz,11,cost,127,4.673566834312304e-06,0.999993238793026,True
8,0.8,0.4,plus,23,gradient,0,0.4564908659982555,0.148165412310859,False
8,0.8,0.4,plus,23,gradient,16,0.13763796699770325,0.2762318915160732,False
8,0.8,0.4,plus,23,gradient,64,0.005137870346320961,0.5066208123918772,False
8,0.8,0.4,plus,23,gradient,128,0.0006074971599930867,0.9971321744459802,True
8,0.8,0.4,plus,23,gradient,128,0.0006074971599930867,0.9971321744459802,True
8,0.4,0.7,ghz,11,cost,7,0.3418972167285773,0.044165747474203675,False
8,0.4,0.7,ghz,11,cost,15,0.24303215380394194,0.10828287542461516,False
8,0.4,0.7,ghz,11,cost,31,0.11634121813595555,0.5037947665554767,False
8,0.4,0.7,ghz,11,cost,63,0.0019580526779955365,0.9928447622807529,False
8,0.4,0.7,ghz,11,cost,95,0.00021944886428493238,0.9997004016132724,True
8,0.4,0.7,ghz,11,cost,127,4.1993461945333266e-05,0.9999427672837224,True
8,0.4,0.7,ghz,11,cost,127,4.1993461945333266e-05,0.9999427672837224,True
8,0.0,0.9,ghz,11,fixed,7,0.2216609572519983,0.534477467885496,False
8,0.0,0.9,ghz,11,fixed,23,0.026302906257428482,0.8914196279470605,False
8,0.1,0.9,antiphase,11,cost,6,1.063807314467714,0.0022425922250441247,False
8,0.1,0.9,antiphase,11,cost,16,0.5353907383174589,0.0871629638194669,False
8,0.1,0.9,antiphase,11,cost,32,0.05413260555076915,0.801414365421211,False
8,0.1,0.9,antiphase,11,cost,64,0.0027009444846695096,0.9949841780687774,False
8,0.1,0.9,antiphase,11,cost,96,5.074700279816824e-05,0.9999342234342987,True
8,0.1,0.9,antiphase,11,cost,128,1.8764396125803273e-06,0.9999981897573694,True
8,0.1,0.9,antiphase,11,cost,128,1.8764396125803273e-06,0.9999981897573694,True
8,0.15,0.5,plus,11,cost,0,0.42712091664905816,0.10478373996673473,False
8,0.15,0.5,plus,11,cost,16,0.10131583707262082,0.47921215378028914,False
8,0.15,0.5,plus,11,cost,32,0.010941084708608995,0.9695583486790589,False
8,0.15,0.5,plus,11,cost,128,1.224370749897119e-06,0.9999982587417532,True
8,0.15,0.5,plus,11,cost,128,1.224370749897119e-06,0.9999982587417532,True
8,0.175,0.35,antiphase,11,fixed,6,0.6880134350898235,5.755045519151704e-06,False
8,0.175,0.35,antiphase,11,fixed,22,0.6880134350898235,5.755045519151704e-06,False
8,0.65,0.9,antiphase,11,cost,6,0.4771605869487402,0.07951664434618176,False
8,0.65,0.9,antiphase,11,cost,16,0.2396726876748565,0.38360756478434704,False
8,0.65,0.9,antiphase,11,cost,32,0.02542118863103826,0.9369698156437942,False
8,0.65,0.9,antiphase,11,cost,64,0.004152430596439549,0.9923459218640656,False
8,0.65,0.9,antiphase,11,cost,96,0.001312554131958299,0.9982744349478647,False
8,0.65,0.9,antiphase,11,cost,128,0.0003687800060379054,0.9996160286074959,True
8,0.65,0.9,antiphase,11,cost,128,0.0003687800060379054,0.9996160286074959,True
8,0.25,1.3,plus,11,cost,0,0.16304739420065317,0.809381323695529,False
8,0.25,1.3,plus,11,cost,16,0.0047182556062439485,0.99295523721674,False
8,0.25,1.3,plus,11,cost,32,0.00032040015375334185,0.9993525376983619,False
8,0.25,1.3,plus,11,cost,64,4.2988189706827384e-05,0.9999417501629356,True
8,0.25,1.3,plus,11,cost,96,4.330147505449133e-06,0.9999964911798547,True
8,0.25,1.3,plus,11,cost,128,1.2659359793776304e-06,0.9999990163812108,True
8,0.25,1.3,plus,11,cost,128,1.2659359793776304e-06,0.9999990163812108,True
8,0.25,1.4,antiphase,11,cost,6,1.3034856714971945,0.01388435509423939,False
8,0.25,1.4,antiphase,11,cost,16,0.4627041328213455,0.39876939926213517,False
8,0.25,1.4,antiphase,11,cost,32,0.016466900560183184,0.974675386286076,False
8,0.25,1.4,antiphase,11,cost,64,4.2728845709216756e-05,0.9999529871802618,True
8,0.25,1.4,antiphase,11,cost,128,1.6052861613324865e-06,0.999998864204782,True
8,0.25,1.4,antiphase,11,cost,128,1.6052861613324865e-06,0.999998864204782,True
12,0.3,1.1,plus,11,cost,0,0.18242999096956666,0.6775149955756469,False
12,0.3,1.1,plus,11,cost,32,0.0029689576744901616,0.9917950212522109,False
12,0.3,1.1,plus,11,cost,64,0.00040159804085189893,0.9982970085747623,False
12,0.3,1.1,plus,11,cost,96,0.00013377143309837672,0.9995455709292532,True
12,0.3,1.1,plus,11,cost,128,3.7600689186974755e-05,0.9999116201278311,True
12,0.3,1.1,plus,11,cost,128,3.7600689186974755e-05,0.9999116201278311,True
8,0.475,0.15,plus,11,gradient,0,0.4211354819813206,0.23911114215905582,False
8,0.475,0.15,plus,11,gradient,16,0.03669964496348599,0.5054654645152894,False
8,0.475,0.15,plus,11,gradient,32,0.015081854091291369,0.6950093017296901,False
8,0.475,0.15,plus,11,gradient,64,0.00931245893746424,0.7331962338961522,False
8,0.475,0.15,plus,11,gradient,96,0.004493053314843953,0.8731431459710066,False
8,0.475,0.15,plus,11,gradient,128,0.0014653314250858696,0.9857648319053769,False
8,0.475,0.15,plus,11,gradient,128,0.0014653314250858696,0.9857648319053769,False
8,0.8,0.4,plus,11,fixed,0,0.4564908659982555,0.148165412310859,False
8,0.8,0.4,plus,11,fixed,16,0.18364011427156746,0.1814584248807157,False
8,0.0,1.8,ghz,11,fixed,7,0.9421716759656829,0.07645152241152128,False
8,0.0,1.8,ghz,11,fixed,23,0.09651021506098023,0.8955040952432352,False
8,0.5,0.3,antiphase,11,cost,6,0.1555373893015124,0.009158298032769387,False
8,0.5,0.3,antiphase,11,cost,16,0.12655010075260886,0.021350381391074414,False
8,0.5,0.3,antiphase,11,cost,64,0.008890318651679885,0.9432493910156818,False
8,0.5,0.3,antiphase,11,cost,128,0.0007821401754998236,0.9976663610375618,True
8,0.5,0.3,antiphase,11,cost,128,0.0007821401754998236,0.9976663610375618,True
8,0.3,1.3,plus,11,cost,0,0.16079213153035266,0.8193532508072391,False
8,0.3,1.3,plus,11,cost,16,0.004047874330578516,0.9938982896287443,False
8,0.3,1.3,plus,11,cost,32,0.0008918618986164528,0.9980098328104199,False
8,0.3,1.3,plus,11,cost,64,5.648879572595078e-05,0.9999391315614813,True
8,0.3,1.3,plus,11,cost,96,6.417589162976967e-06,0.9999953576868365,True
8,0.3,1.3,plus,11,cost,128,1.4452444050405688e-06,0.9999989866325971,True
8,0.3,1.3,plus,11,cost,128,1.4452444050405688e-06,0.9999989866325971,True
8,0.2,0.5,plus,11,cost,0,0.38408610390637676,0.14311148850009786,False
8,0.2,0.5,plus,11,cost,16,0.08759042409390749,0.4514407282272997,False
8,0.2,0.5,plus,11,cost,32,0.04336881092355538,0.6648861688558511,False
8,0.2,0.5,plus,11,cost,64,0.001799439226158106,0.9896253676927339,False
8,0.2,0.5,plus,11,cost,96,2.5475185426837577e-05,0.99996205579086,True
8,0.2,0.5,plus,11,cost,128,3.340617511948807e-06,0.9999948975489239,True
8,0.2,0.5,plus,11,cost,128,3.340617511948807e-06,0.9999948975489239,True
8,0.9,0.8,plus,11,cost,0,0.33620991583155446,0.493186255606717,False
8,0.9,0.8,plus,11,cost,16,0.11719803858533218,0.6217687012094401,False
8,0.9,0.8,plus,11,cost,32,0.027619536114932064,0.945440603711331,False
8,0.9,0.8,plus,11,cost,64,0.005382245913128525,0.9881590937147073,False
8,0.9,0.8,plus,11,cost,96,0.003568067957119503,0.991765308492636,False
8,0.9,0.8,plus,11,cost,128,0.001378040178500406,0.9980790885565987,False
8,0.9,0.8,plus,11,cost,128,0.001378040178500406,0.9980790885565987,False
8,0.2,1.4,ghz,11,cost,7,0.7566301446884512,0.060095287204337045,False
8,0.2,1.4,ghz,11,cost,15,0.47241195076817655,0.19331027761885294,False
8,0.2,1.4,ghz,11,cost,31,0.035164883329512175,0.9515501394404315,False
8,0.2,1.4,ghz,11,cost,63,5.149762817069359e-06,0.9999925331822204,True
8,0.2,1.4,ghz,11,cost,95,1.5138273967707505e-06,0.9999987372246008,True
8,0.2,1.4,ghz,11,cost,127,4.299041511668378e-07,0.9999996753656685,True
8,0.2,1.4,ghz,11,cost,127,4.299041511668378e-07,0.9999996753656685,True
8,0.65,1.7,ghz,11,cost,7,1.5002942581401106,0.009609322006159318,False
8,0.65,1.7,ghz,11,cost,15,0.8880207217911286,0.09082455560701468,False
8,0.65,1.7,ghz,11,cost,31,0.052322079517613806,0.9396000479555562,False
8,0.65,1.7,ghz,11,cost,63,0.00040777207405318094,0.9997526676770616,True
8,0.65,1.7,ghz,11,cost,95,0.00010576950744223268,0.9999342714878888,True
8,0.65,1.7,ghz,11,cost,127,2.0817063260070157e-05,0.9999881080874837,True
8,0.65,1.7,ghz,11,cost,127,2.0817063260070157e-05,0.9999881080874837,True
8,0.85,1.8,ghz,11,cost,7,1.8247730819011037,0.00537434881235632,False
8,0.85,1.8,ghz,11,cost,15,0.8996764170990219,0.10006783887405417,False
8,0.85,1.8,ghz,11,cost,31,0.06741591306720007,0.9230313236598126,False
8,0.85,1.8,ghz,11,cost,63,0.0017395491411977826,0.9986065951107987,False
8,0.85,1.8,ghz,11,cost,95,0.0002898958391743811,0.999826629480542,True
8,0.85,1.8,ghz,11,cost,127,0.00010626904281485494,0.9999392326381472,True
8,0.85,1.8,ghz,11,cost,127,0.00010626904281485494,0.9999392326381472,True
8,0.2,1.4,antiphase,11,cost,6,1.3566301446884512,0.011673179679845241,False
8,0.2,1.4,antiphase,11,cost,16,0.7972969155588048,0.19956554101951665,False
8,0.2,1.4,antiphase,11,cost,32,0.5516393058405433,0.23157689198903741,False
8,0.2,1.4,antiphase,11,cost,64,0.00013453384103900845,0.9997833378482555,True
8,0.2,1.4,antiphase,11,cost,124,2.864591506224201e-07,0.9999997808626973,True
12,0.3,1.8,plus,11,cost,0,0.12387726229707911,0.8407416408858353,False
12,0.3,1.8,plus,11,cost,32,0.0011029324924143324,0.998087986337615,False
12,0.3,1.8,plus,11,cost,64,0.0006053248652528135,0.998815233709735,False
12,0.3,1.8,plus,11,cost,96,5.194565257848893e-05,0.999918136551653,True
12,0.3,1.8,plus,11,cost,128,9.313934091833195e-06,0.9999890749987292,True
12,0.3,1.8,plus,11,cost,128,9.313934091833195e-06,0.9999890749987292,True
8,1.0,1.4,ghz,11,cost,7,1.6533285251120162,0.0022044233862412075,False
8,1.0,1.4,ghz,11,cost,15,0.42311911359489596,0.18262226834388276,False
8,1.0,1.4,ghz,11,cost,31,0.2056327508543605,0.44888225134348086,False
8,1.0,1.4,ghz,11,cost,63,0.003245479962044495,0.9970763988514658,False
8,1.0,1.4,ghz,11,cost,95,0.0009374687602439202,0.9992169576937072,True
8,1.0,1.4,ghz,11,cost,127,0.00048050779853436865,0.9996197005733082,True
8,1.0,1.4,ghz,11,cost,127,0.00048050779853436865,0.9996197005733082,True
8,0.6,0.2,plus,11,cost,0,0.4189114731367646,0.12651912235627388,False
8,0.6,0.2,plus,11,cost,16,0.05286458684659623,0.24332236888721692,False
8,0.6,0.2,plus,11,cost,32,0.019678396248286156,0.37868559132435636,False
8,0.6,0.2,plus,11,cost,64,0.013080898007363562,0.42013014864141224,False
8,0.6,0.2,plus,11,cost,96,0.0013365897032674434,0.507591716176551,False
8,0.6,0.2,plus,11,cost,128,0.0012229840502724354,0.513542383318233,False
8,0.6,0.2,plus,11,cost,128,0.0012229840502724354,0.513542383318233,False
8,0.65,0.5,plus,11,cost,0,0.3076592569188543,0.5495923818783729,False
8,0.65,0.5,plus,11,cost,16,0.05239596202107333,0.7315763251737327,False
8,0.65,0.5,plus,11,cost,32,0.021121657562652052,0.8961380500690959,False
8,0.65,0.5,plus,11,cost,64,0.009108379327299465,0.9427561164153462,False
8,0.65,0.5,plus,11,cost,96,0.004993337445234669,0.9786533884189843,False
8,0.65,0.5,plus,11,cost,128,0.0010960972796730806,0.9979939236134161,False
8,0.65,0.5,plus,11,cost,128,0.0010960972796730806,0.9979939236134161,False
8,0.7,2.0,antiphase,11,cost,6,1.4392150931810113,0.04483218262108542,False
8,0.7,2.0,antiphase,11,cost,16,0.5126340640855105,0.45281166490000546,False
8,0.7,2.0,antiphase,11,cost,32,0.02952909845153906,0.9682060966630504,False
8,0.7,2.0,antiphase,11,cost,64,0.0005638849700462245,0.9996746480720848,True
8,0.7,2.0,antiphase,11,cost,96,6.600111750065807e-05,0.9999645700083212,True
8,0.7,2.0,antiphase,11,cost,128,3.0731522899341e-05,0.9999844622081033,True
8,0.7,2.0,antiphase,11,cost,128,3.0731522899341e-05,0.9999844622081033,True
8,0.8,0.4,antiphase,23,cost,6,0.056490865998255035,0.8255540500485854,False
8,0.8,0.4,antiphase,23,cost,16,0.02469364968529031,0.9167580161229568,False
8,0.8,0.4,antiphase,23,cost,32,0.002160439124891056,0.9887911678331384,False
8,0.8,0.4,antiphase,23,cost,64,0.0009701667447465923,0.995076748299039,True
8,0.8,0.4,antiphase,23,cost,128,0.00036430444987090027,0.9983804671497202,True
8,0.8,0.4,antiphase,23,cost,128,0.00036430444987090027,0.9983804671497202,True
8,1.0,1.6,plus,11,cost,0,0.22812073480721784,0.7928271138062234,False
8,1.0,1.6,plus,11,cost,16,0.07639513700558953,0.9215317382411037,False
8,1.0,1.6,plus,11,cost,32,0.015222218530053677,0.984657163249892,False
8,1.0,1.6,plus,11,cost,96,0.0005903200279309129,0.9995980818279012,True
8,1.0,1.6,plus,11,cost,128,0.0002899538831857562,0.999803113813414,True
8,1.0,1.6,plus,11,cost,128,0.0002899538831857562,0.999803113813414,True
8,0.0,1.1,antiphase,37,cost,6,1.3494084590468363,0.0023935758742727104,False
8,0.0,1.1,antiphase,37,cost,16,0.5244084590468362,0.30894882627811804,False
8,0.0,1.1,antiphase,37,cost,32,0.07380315993707787,0.7139151884057238,False
8,0.0,1.1,antiphase,37,cost,64,0.0012035269921897296,0.9981946366725425,False
8,0.0,1.1,antiphase,37,cost,96,7.281751617860266e-05,0.9999338197555362,True
8,0.0,1.1,antiphase,37,cost,128,1.4860827208806882e-06,0.9999988870902735,True
8,0.0,1.1,antiphase,37,cost,128,1.4860827208806882e-06,0.9999988870902735,True
8,0.85,1.5,plus,11,cost,0,0.19969937181317698,0.8210658604181783,False
8,0.85,1.5,plus,11,cost,16,0.0668769732760588,0.9057776763042608,False
8,0.85,1.5,plus,11,cost,32,0.01144662726396839,0.9859248490285585,False
8,0.85,1.5,plus,11,cost,96,0.00039890354038463194,0.9997047234127157,True
8,0.85,1.5,plus,11,cost,128,0.00014981835019134415,0.9999009169006089,True
8,0.85,1.5,plus,11,cost,128,0.00014981835019134415,0.9999009169006089,True
8,0.8,1.6,antiphase,11,cost,6,0.9805354422712667,0.07233387588164941,False
8,0.8,1.6,antiphase,11,cost,16,0.3864702807118916,0.4555846510984224,False
8,0.8,1.6,antiphase,11,cost,32,0.03808264175701437,0.9507466396533023,False
8,0.8,1.6,antiphase,11,cost,64,0.0017160407754797102,0.9986307333439234,False
8,0.8,1.6,antiphase,11,cost,128,8.797905065338618e-05,0.999944393997002,True
8,0.8,1.6,antiphase,11,cost,128,8.797905065338618e-05,0.999944393997002,True
8,0.45,0.2,plus,11,cost,0,0.3981074441474554,0.281523052344797,False
8,0.45,0.2,plus,11,cost,16,0.02150635619695984,0.6777464241666769,False
8,0.45,0.2,plus,11,cost,32,0.010183081146028283,0.8065323087750863,False
8,0.45,0.2,plus,11,cost,64,0.006400771789583093,0.842342250181048,False
8,0.45,0.2,plus,11,cost,96,0.0032222259277620013,0.9310880758347139,False
8,0.45,0.2,plus,11,cost,128,0.0006291409675603932,0.9960285091534438,False
8,0.45,0.2,plus,11,cost,128,0.0006291409675603932,0.9960285091534438,False
8,0.25,0.1,antiphase,11,cost,6,0.5033434950928447,1.0004414012946656e-09,False
8,0.25,0.1,antiphase,11,cost,16,0.4970262910629777,1.882045182840295e-07,False
8,0.25,0.1,antiphase,11,cost,32,0.36972363035932704,0.0001753307297845393,False
8,0.25,0.1,antiphase,11,cost,116,4.30871727186144e-08,0.9999998180789366,True
8,0.3,0.4,plus,11,cost,0,0.3646590718118202,0.17390399323898878,False
8,0.3,0.4,plus,11,cost,16,0.05062003246505631,0.5485324563924782,False
8,0.3,0.4,plus,11,cost,32,0.017926289590453726,0.7512811395803592,False
8,0.3,0.4,plus,11,cost,64,0.0005709702088093627,0.9975613058407791,True
8,0.3,0.4,plus,11,cost,96,4.905743952487995e-05,0.9998825707048843,True
8,0.3,0.4,plus,11,cost,128,8.028621422795368e-06,0.99998427714555,True
8,0.3,0.4,plus,11,cost,128,8.028621422795368e-06,0.99998427714555,True
8,0.05,0.1,antiphase,11,cost,6,0.9026337196771655,3.6573322152019907e-11,False
8,0.05,0.1,antiphase,11,cost,16,0.6742965672970315,1.0972803134996695e-06,False
8,0.05,0.1,antiphase,11,cost,32,0.22230275032489533,0.510884499277462,False
8,0.05,0.1,antiphase,11,cost,64,1.5860732283101697e-08,0.9999999666649292,True
8,0.05,0.1,antiphase,11,cost,64,1.5860732283101697e-08,0.9999999666649292,True
8,0.525,1.25,ghz,11,cost,7,0.9463906429529296,0.015169075021763005,False
8,0.525,1.25,ghz,11,cost,15,0.5424871179953183,0.12679892657102643,False
8,0.525,1.25,ghz,11,cost,31,0.289802212205436,0.46370615041311647,False
8,0.525,1.25,ghz,11,cost,63,0.0011368281294850124,0.9986729477732774,False
8,0.525,1.25,ghz,11,cost,95,8.984074815709953e-05,0.9999271512049871,True
8,0.525,1.25,ghz,11,cost,127,1.9362725361071753e-05,0.9999846140911592,True
8,0.525,1.25,ghz,11,cost,127,1.9362725361071753e-05,0.9999846140911592,True
8,0.4,1.6,antiphase,11,cost,6,1.3374459754262862,0.023327790383876036,False
8,0.4,1.6,antiphase,11,cost,16,0.8055133973075388,0.2059778575509037,False
8,0.4,1.6,antiphase,11,cost,32,0.36718826400724214,0.45276011165196256,False
8,0.4,1.6,antiphase,11,cost,64,0.0003164229402112806,0.9996525879700844,True
8,0.4,1.6,antiphase,11,cost,96,1.1159452191433772e-05,0.9999928909568429,True
8,0.4,1.6,antiphase,11,cost,128,2.7576921666216947e-06,0.9999984308831784,True
8,0.4,1.6,antiphase,11,cost,128,2.7576921666216947e-06,0.9999984308831784,True
8,0.9,0.1,plus,11,cost,0,0.802792590207686,0.02452745117295117,False
8,0.9,0.1,plus,11,cost,32,1.3978789853985596e-05,0.5000035309219183,False
8,0.9,0.1,plus,11,cost,64,1.1305602913291857e-05,0.5000280887342127,False
8,0.9,0.1,plus,11,cost,76,1.075678570960914e-05,0.5000368081423672,False
8,0.325,0.85,ghz,11,cost,7,0.39275388315801185,0.07008590232875245,False
8,0.325,0.85,ghz,11,cost,15,0.2602467796178214,0.18040988494274643,False
8,0.325,0.85,ghz,11,cost,31,0.041004888312528465,0.9058029858079297,False
8,0.325,0.85,ghz,11,cost,63,0.0004396494856335753,0.9987728429259289,False
8,0.325,0.85,ghz,11,cost,95,5.1787551405002574e-05,0.9999331783805041,True
8,0.325,0.85,ghz,11,cost,127,1.632277063334797e-05,0.9999807531225999,True
8,0.325,0.85,ghz,11,cost,127,1.632277063334797e-05,0.9999807531225999,True
12,0.3,1.7,antiphase,11,cost,10,1.529813577512421,0.0012015719021803257,False
12,0.3,1.7,antiphase,11,cost,32,0.6397474392394326,0.19877296907231,False
12,0.3,1.7,antiphase,11,cost,64,0.20974028116975033,0.4962521820670381,False
12,0.3,1.7,antiphase,11,cost,96,0.010029638763256798,0.9820942959110852,False
12,0.3,1.7,antiphase,11,cost,128,0.00020995268647479767,0.9996434946068675,True
12,0.3,1.7,antiphase,11,cost,128,0.00020995268647479767,0.9996434946068675,True
8,0.35,1.8,plus,11,cost,0,0.12425998257812432,0.8932826602798934,False
8,0.35,1.8,plus,11,cost,16,0.004374992964815805,0.9945405262950191,False
8,0.35,1.8,plus,11,cost,32,0.0010762271861541883,0.998639500709403,False
8,0.35,1.8,plus,11,cost,64,1.3513477848281497e-05,0.9999916837389748,True
8,0.35,1.8,plus,11,cost,128,6.294782446403246e-07,0.9999996683416621,True
8,0.35,1.8,plus,11,cost,128,6.294782446403246e-07,0.9999996683416621,True
8,0.5,1.1,plus,11,cost,0,0.1846497081631917,0.7953840874110757,False
8,0.5,1.1,plus,11,cost,16,0.017085130016522898,0.9644544502771485,False
8,0.5,1.1,plus,11,cost,32,0.006597083646137092,0.9872159387968737,False
8,0.5,1.1,plus,11,cost,64,0.0002865491481400806,0.9997238535715292,True
8,0.5,1.1,plus,11,cost,96,7.044813719425669e-05,0.9999414926726393,True
8,0.5,1.1,plus,11,cost,128,3.7189852598151774e-05,0.9999699356878805,True
8,0.5,1.1,plus,11,cost,128,3.7189852598151774e-05,0.9999699356878805,True
8,0.9,0.7,plus,11,cost,0,0.37318596477270805,0.38424070954793343,False
8,0.9,0.7,plus,11,cost,16,0.14170163654382462,0.49931371762746013,False
8,0.9,0.7,plus,11,cost,32,0.022336251984284905,0.9433633882175224,False
8,0.9,0.7,plus,11,cost,64,0.004208484872278095,0.9869103531884375,False
8,0.9,0.7,plus,11,cost,96,0.0025944104964508163,0.9925622044540588,False
8,0.9,0.7,plus,11,cost,128,0.001294813413525553,0.9971884741014065,False
8,0.9,0.7,plus,11,cost,128,0.001294813413525553,0.9971884741014065,False
8,0.15,0.1,antiphase,11,cost,6,0.7029455112015502,1.564040208492989e-10,False
8,0.15,0.1,antiphase,11,cost,16,0.692121786123246,3.030090668118016e-07,False
8,0.15,0.1,antiphase,11,cost,32,0.3212678331931368,5.888547812287861e-06,False
8,0.15,0.1,antiphase,11,cost,64,2.5884327237157834e-08,0.9999999481400041,True
8,0.15,0.1,antiphase,11,cost,72,1.3634836815157314e-08,0.999999959796158,True
8,0.1,1.6,plus,11,cost,0,0.14750646490769714,0.8325571827543083,False
8,0.1,1.6,plus,11,cost,16,0.007331238018953856,0.9884629606367732,False
8,0.1,1.6,plus,11,cost,32,0.0008583454088890718,0.9985811090537999,False
8,0.1,1.6,plus,11,cost,64,5.652648730558596e-05,0.9999388005995853,True
8,0.1,1.6,plus,11,cost,96,4.616804324397705e-06,0.9999968925351264,True
8,0.1,1.6,plus,11,cost,128,1.1433512154823688e-06,0.9999992864351849,True
8,0.1,1.6,plus,11,cost,128,1.1433512154823688e-06,0.9999992864351849,True
8,0.7,1.2,antiphase,11,cost,6,0.6988002890000986,0.0737230658659087,False
8,0.7,1.2,antiphase,11,cost,16,0.4445774388248285,0.2481614206510264,False
8,0.7,1.2,antiphase,11,cost,32,0.046744714498326845,0.9217747964257195,False
8,0.7,1.2,antiphase,11,cost,64,0.0031475334420429935,0.9963007478981212,False
8,0.7,1.2,antiphase,11,cost,96,0.0005919874102406908,0.9994302530808153,True
8,0.7,1.2,antiphase,11,cost,128,0.0001590388356460526,0.9998567483380628,True
8,0.7,1.2,antiphase,11,cost,128,0.0001590388356460526,0.9998567483380628,True
8,1.0,0.2,antiphase,11,cost,6,0.010167254826702887,0.9791252096640115,False
8,1.0,0.2,antiphase,11,cost,16,0.003901345509699894,0.991967425586536,False
8,1.0,0.2,antiphase,11,cost,32,1.8794271131827855e-05,0.9999666826658189,True
8,1.0,0.2,antiphase,11,cost,64,9.319578219368907e-06,0.999983315908143,True
8,1.0,0.2,antiphase,11,cost,98,4.44469564486738e-07,0.999999084130787,True
8,0.95,1.3,ghz,11,cost,7,1.5008547052521035,0.002355400987637449,False
8,0.95,1.3,ghz,11,cost,15,0.6814639367072229,0.09588295257751314,False
8,0.95,1.3,ghz,11,cost,31,0.19189044610247175,0.4395927379391129,False
8,0.95,1.3,ghz,11,cost,63,0.0035751270598445295,0.9965057034821514,False
8,0.95,1.3,ghz,11,cost,95,0.0008973865311325824,0.9991873005812449,True
8,0.95,1.3,ghz,11,cost,127,0.00044037561479948195,0.9996288403849112,True
8,0.95,1.3,ghz,11,cost,127,0.00044037561479948195,0.9996288403849112,True
8,0.9,0.4,plus,11,cost,0,0.5484009600549737,0.10458496160690632,False
8,0.9,0.4,plus,11,cost,16,0.18267819457552403,0.2680918523280589,False
8,0.9,0.4,plus,11,cost,32,0.003718346278348994,0.5018566156907365,False
8,0.9,0.4,plus,11,cost,64,0.003105307844465055,0.5066525958946954,False
8,0.9,0.4,plus,11,cost,96,0.002804527623284203,0.511697852048518,False
8,0.9,0.4,plus,11,cost,128,0.00027619755120567024,0.9966705706994007,True
8,0.9,0.4,plus,11,cost,128,0.00027619755120567024,0.9966705706994007,True
8,0.3,0.2,antiphase,11,cost,6,0.4145763277349313,9.105552136202063e-07,False
8,0.3,0.2,antiphase,11,cost,16,0.39303267626258487,4.18887132729201e-05,False
8,0.3,0.2,antiphase,11,cost,32,0.14311770203754115,0.0014796167456855908,False
8,0.3,0.2,antiphase,11,cost,64,1.738086723956922e-05,0.9998950743635443,True
8,0.3,0.2,antiphase,11,cost,96,2.7268586059170374e-06,0.999988467785928,True
8,0.3,0.2,antiphase,11,cost,128,1.8924939559905596e-07,0.9999996888891454,True
8,0.3,0.2,antiphase,11,cost,128,1.8924939559905596e-07,0.9999996888891454,True
8,0.9,0.7,antiphase,11,cost,6,0.1731859647727071,0.5282900247252069,False
8,0.9,0.7,antiphase,11,cost,16,0.08329965093961555,0.7423027406487915,False
8,0.9,0.7,antiphase,11,cost,32,0.01397113370070957,0.9473381633862689,False
8,0.9,0.7,antiphase,11,cost,64,0.004036703092139771,0.9876036163695757,False
8,0.9,0.7,antiphase,11,cost,96,0.002411899243806692,0.9930586989873169,False
8,0.9,0.7,antiphase,11,cost,128,0.001399962822901557,0.9968748251954928,False
8,0.9,0.7,antiphase,11,cost,128,0.001399962822901557,0.9968748251954928,False
8,0.825,0.55,ghz,11,cost,7,0.7630750272771889,0.00021532465901914936,False
8,0.825,0.55,ghz,11,cost,15,0.36965630343384814,0.015575526311713472,False
8,0.825,0.55,ghz,11,cost,63,0.018631375623375135,0.5024598367229897,False
8,0.825,0.55,ghz,11,cost,95,0.013234112537021336,0.5876748382588216,False
8,0.825,0.55,ghz,11,cost,127,0.011683567173990772,0.626513729697152,False
8,0.825,0.55,ghz,11,cost,127,0.011683567173990772,0.626513729697152,False
8,0.8,0.7,ghz,11,cost,7,0.812777037731139,0.001166479881273,False
8,0.8,0.7,ghz,11,cost,15,0.4114775094607621,0.03261787666772087,False
8,0.8,0.7,ghz,11,cost,31,0.0576988685282821,0.44312577845633244,False
8,0.8,0.7,ghz,11,cost,95,0.005612937885323133,0.9857383645518815,False
8,0.8,0.7,ghz,11,cost,127,0.0022498135542310393,0.9956811531631334,False
8,0.8,0.7,ghz,11,cost,127,0.0022498135542310393,0.9956811531631334,False
8,0.0,1.8,antiphase,23,cost,6,1.9421716759656826,0.008353127322230923,False
8,0.0,1.8,antiphase,23,cost,16,0.592171675965683,0.43022685028105034,False
8,0.0,1.8,antiphase,23,cost,32,0.05189749646373398,0.9416628649639118,False
8,0.0,1.8,antiphase,23,cost,64,0.00015255720606832668,0.9998555006318824,True
8,0.0,1.8,antiphase,23,cost,96,8.602812994196185e-06,0.9999951552191655,True
8,0.0,1.8,antiphase,23,cost,128,2.151988208076716e-06,0.9999989367807918,True
8,0.0,1.8,antiphase,23,cost,128,2.151988208076716e-06,0.9999989367807918,True
8,0.65,0.7,antiphase,11,cost,6,0.3108667409525999,0.10714521560918719,False
8,0.65,0.7,antiphase,11,cost,16,0.17735786505925444,0.32067446778355635,False
8,0.65,0.7,antiphase,11,cost,32,0.06164946433861829,0.7556163162561045,False
8,0.65,0.7,antiphase,11,cost,64,0.005965887722845231,0.987964134564633,False
8,0.65,0.7,antiphase,11,cost,96,0.002174171442850814,0.9960699609551318,False
8,0.65,0.7,antiphase,11,cost,128,0.0005931216647918625,0.9990173665433942,True
8,0.65,0.7,antiphase,11,cost,128,0.0005931216647918625,0.9990173665433942,True
8,0.2,0.3,antiphase,11,cost,6,0.6287006860549063,2.6023663012119746e-06,False
8,0.2,0.3,antiphase,11,cost,16,0.48085644885746426,0.00041029518360686704,False
8,0.2,0.3,antiphase,11,cost,32,0.007297977428711633,0.9803970134451854,False
8,0.2,0.3,antiphase,11,cost,64,8.209977279582947e-05,0.9996357305602278,True
8,0.2,0.3,antiphase,11,cost,96,2.3403678549360762e-05,0.9999231885120028,True
8,0.2,0.3,antiphase,11,cost,128,2.233799163420258e-07,0.9999996877575452,True
8,0.2,0.3,antiphase,11,cost,128,2.233799163420258e-07,0.9999996877575452,True
8,0.2,2.0,antiphase,11,cost,6,1.9146306817643144,0.014950249385201965,False
8,0.2,2.0,antiphase,11,cost,16,1.084049290682406,0.2234009453491758,False
8,0.2,2.0,antiphase,11,cost,32,0.8238984872800943,0.23408036065482968,False
8,0.2,2.0,antiphase,11,cost,64,0.0001455494788302758,0.9998462209289601,True
8,0.2,2.0,antiphase,11,cost,96,9.309487545294814e-07,0.9999995063748829,True
8,0.2,2.0,antiphase,11,cost,128,2.178553506482217e-07,0.9999998918071451,True
8,0.2,2.0,antiphase,11,cost,128,2.178553506482217e-07,0.9999998918071451,True
8,0.0,1.0,ghz,11,cost,7,0.28145772387075385,0.4215096173044162,False
8,0.0,1.0,ghz,11,cost,15,0.16017037064841433,0.5839953792086635,False
8,0.0,1.0,ghz,11,cost,31,0.026760428751887222,0.9006968014320481,False
8,0.0,1.0,ghz,11,cost,63,0.0008355915175597417,0.9988173255835178,True
8,0.0,1.0,ghz,11,cost,115,6.041012134971879e-10,0.9999999994467452,True
8,0.0,1.8,ghz,23,fixed,7,0.9421716759656829,0.07645152241152128,False
8,0.0,1.8,ghz,23,fixed,23,0.09651021506067048,0.8955041234041115,False
8,0.8,0.4,ghz,11,fixed,7,0.6564908659982547,2.967040635574974e-05,False
8,0.8,0.4,ghz,11,fixed,23,0.20887464099695086,0.014804310034126472,False
8,0.55,1.8,ghz,11,cost,7,1.4842138207946283,0.013083220718482702,False
8,0.55,1.8,ghz,11,cost,15,0.7811155645610266,0.15510211735550747,False
8,0.55,1.8,ghz,11,cost,31,0.39106985826805274,0.4961814235495687,False
8,0.55,1.8,ghz,11,cost,63,0.0009445015700331183,0.9992888194895864,True
8,0.55,1.8,ghz,11,cost,95,3.0001908467802707e-05,0.9999828610819413,True
8,0.55,1.8,ghz,11,cost,127,1.0454619162381107e-05,0.9999944888229939,True
8,0.55,1.8,ghz,11,cost,127,1.0454619162381107e-05,0.9999944888229939,True
8,0.0,0.9,plus,23,fixed,0,0.3216609572519995,0.3126943576453465,False
8,0.0,0.9,plus,23,fixed,16,0.11770073191624242,0.5459201047392102,False
8,0.2,1.5,plus,11,cost,0,0.1475784460615075,0.8385836449711049,False
8,0.2,1.5,plus,11,cost,16,0.0035518091308439637,0.9951305480599087,False
8,0.2,1.5,plus,11,cost,32,0.00012295221333880058,0.9998391314788254,True
8,0.2,1.5,plus,11,cost,96,2.2690424639204565e-06,0.9999978393199253,True
8,0.2,1.5,plus,11,cost,128,3.292545425193083e-07,0.999999777542646,True
8,0.2,1.5,plus,11,cost,128,3.292545425193083e-07,0.999999777542646,True
8,0.2,0.6,antiphase,11,cost,6,0.7274346425847917,0.0007623688341404841,False
8,0.2,0.6,antiphase,11,cost,16,0.4471723730034091,0.03618278809149056,False
8,0.2,0.6,antiphase,11,cost,32,0.09112784273463359,0.6347738896324105,False
8,0.2,0.6,antiphase,11,cost,64,0.003963219179243471,0.9866338278881452,False
8,0.2,0.6,antiphase,11,cost,96,4.11539703438768e-05,0.999936710326653,True
8,0.2,0.6,antiphase,11,cost,128,8.0361837029308e-06,0.9999866460745936,True
8,0.2,0.6,antiphase,11,cost,128,8.0361837029308e-06,0.9999866460745936,True
12,0.3,2.0,plus,11,cost,0,0.11350403180877706,0.8650198670132138,False
12,0.3,2.0,plus,11,cost,32,0.0012263016266471638,0.9979784345757652,False
12,0.3,2.0,plus,11,cost,64,0.00031491044300195153,0.9994777434540041,True
12,0.3,2.0,plus,11,cost,96,3.846604482700874e-05,0.9999455793768824,True
12,0.3,2.0,plus,11,cost,128,7.470141304348014e-06,0.9999920128331024,True
12,0.3,2.0,plus,11,cost,128,7.470141304348014e-06,0.9999920128331024,True
8,0.05,1.1,plus,11,cost,0,0.229148630978534,0.5925968222379943,False
8,0.05,1.1,plus,11,cost,16,0.03546901814358994,0.8792803074412198,False
8,0.05,1.1,plus,11,cost,32,0.011955686923344144,0.9531962800682152,False
8,0.05,1.1,plus,11,cost,64,0.0006991244009861841,0.9991406990411558,True
8,0.05,1.1,plus,11,cost,96,1.6176154721714298e-05,0.9999838387801289,True
8,0.05,1.1,plus,11,cost,128,5.01343260017606e-07,0.9999995501912617,True
8,0.05,1.1,plus,11,cost,128,5.01343260017606e-07,0.9999995501912617,True
8,0.0,0.9,plus,37,gradient,0,0.3216609572519995,0.3126943576453465,False
8,0.0,0.9,plus,37,gradient,16,0.07255768808384833,0.6859207549031084,False
8,0.0,0.9,plus,37,gradient,32,0.048176814916881305,0.7859638344853436,False
8,0.0,0.9,plus,37,gradient,84,1.6417978088156815e-12,0.9999999999969995,True
12,0.0,1.3,ghz,11,cost,11,0.5013547998897981,0.06439336469940048,False
12,0.0,1.3,ghz,11,cost,31,0.17505289556616668,0.28811989771295404,False
12,0.0,1.3,ghz,11,cost,63,0.009419746782632169,0.9694068759143276,False
12,0.0,1.3,ghz,11,cost,95,0.0027122498073882304,0.9916838795454339,False
12,0.0,1.3,ghz,11,cost,127,0.0006815492399153319,0.9981904575850219,False
12,0.0,1.3,ghz,11,cost,127,0.0006815492399153319,0.9981904575850219,False
8,0.675,1.75,antiphase,11,cost,6,1.2252760309142132,0.04715903985697732,False
8,0.675,1.75,antiphase,11,cost,16,0.4552201856411189,0.4397897229356544,False
8,0.675,1.75,antiphase,11,cost,32,0.02984062412905053,0.9629798962352066,False
8,0.675,1.75,antiphase,11,cost,96,0.00016921091819299683,0.9998943368406664,True
8,0.675,1.75,antiphase,11,cost,128,5.111784663980323e-05,0.9999677780250158,True
8,0.675,1.75,antiphase,11,cost,128,5.111784663980323e-05,0.9999677780250158,True
8,0.525,1.25,plus,11,fixed,0,0.17139064295293083,0.8262210483570329,False
8,0.525,1.25,plus,11,fixed,16,0.012921706387459375,0.9762945709425522,False
8,0.4,1.5,ghz,11,cost,7,1.0443286840457504,0.023625489589811092,False
8,0.4,1.5,ghz,11,cost,15,0.6275322499026801,0.15369208758114927,False
8,0.4,1.5,ghz,11,cost,31,0.018736122325087923,0.9768260955616843,False
8,0.4,1.5,ghz,11,cost,63,0.0002922691679847489,0.9997244695595843,True
8,0.4,1.5,ghz,11,cost,127,2.529985040355953e-06,0.9999984841300784,True
8,0.4,1.5,ghz,11,cost,127,2.529985040355953e-06,0.9999984841300784,True
8,0.3,0.4,antiphase,37,fixed,6,0.4646590718118197,0.00035639974590884096,False
8,0.3,0.4,antiphase,37,fixed,22,0.46465907181181976,0.00035639974590884096,False
8,0.6,2.0,antiphase,11,cost,6,1.528319980126005,0.03603779756414996,False
8,0.6,2.0,antiphase,11,cost,16,0.9118872481308438,0.2425939196538342,False
8,0.6,2.0,antiphase,11,cost,32,0.035572052310855806,0.9640073385197732,False
8,0.6,2.0,antiphase,11,cost,64,0.0004890622387954124,0.9996001527787193,True
8,0.6,2.0,antiphase,11,cost,96,4.446775707522832e-05,0.9999774967775802,True
8,0.6,2.0,antiphase,11,cost,128,1.5448705519283124e-05,0.9999920703404271,True
8,0.6,2.0,antiphase,11,cost,128,1.5448705519283124e-05,0.9999920703404271,True
8,0.9,0.6,antiphase,11,cost,6,0.12059123589229814,0.666706367699185,False
8,0.9,0.6,antiphase,11,cost,16,0.05596028147525878,0.8276488252661534,False
8,0.9,0.6,antiphase,11,cost,32,0.0065347631055567845,0.9749694529068731,False
8,0.9,0.6,antiphase,11,cost,64,0.002354816006572502,0.9917625375850343,False
8,0.9,0.6,antiphase,11,cost,96,0.001157308130316892,0.9963942186042191,False
8,0.9,0.6,antiphase,11,cost,128,0.0008868601262621567,0.9974714490939269,True
8,0.9,0.6,antiphase,11,cost,128,0.0008868601262621567,0.9974714490939269,True
8,0.15,0.5,antiphase,11,cost,6,0.7771209166490578,6.919462512110148e-05,False
8,0.15,0.5,antiphase,11,cost,16,0.5284099826784003,0.03776750435993032,False
8,0.15,0.5,antiphase,11,cost,32,0.005709829702184255,0.9733875980004854,False
8,0.15,0.5,antiphase,11,cost,96,1.019840483640344e-05,0.999981436559223,True
8,0.15,0.5,antiphase,11,cost,128,1.2653064180856433e-06,0.9999982650321104,True
8,0.15,0.5,antiphase,11,cost,128,1.2653064180856433e-06,0.9999982650321104,True
8,0.0,1.5,ghz,11,cost,7,0.6731256541438451,0.12344530304657945,False
8,0.0,1.5,ghz,11,cost,15,0.4172035147999551,0.2612715405250679,False
8,0.0,1.5,ghz,11,cost,31,0.023899319761230275,0.9658191173880267,False
8,0.0,1.5,ghz,11,cost,63,0.00014689643485321646,0.9998802470884789,True
8,0.0,1.5,ghz,11,cost,127,4.481960658164752e-07,0.9999997312090659,True
8,0.0,1.5,ghz,11,cost,127,4.481960658164752e-07,0.9999997312090659,True
8,0.1,0.2,antiphase,11,cost,6,0.8111598524580801,1.8752350147638608e-08,False
8,0.1,0.2,antiphase,11,cost,16,0.6029397802291929,2.603984670920106e-05,False
8,0.1,0.2,antiphase,11,cost,32,0.0028174016638803367,0.993627441093021,False
8,0.1,0.2,antiphase,11,cost,96,9.476851982048728e-07,0.9999973756327548,True
8,0.1,0.2,antiphase,11,cost,122,5.474180997389055e-09,0.99999999331019,True
8,0.35,1.0,plus,11,cost,0,0.1934631204362458,0.7517944531810872,False
8,0.35,1.0,plus,11,cost,16,0.006884298290688484,0.9857365939617424,False
8,0.35,1.0,plus,11,cost,32,0.0019570685020426914,0.9937267797814984,False
8,0.35,1.0,plus,11,cost,64,0.00027508824809063803,0.9995317027476793,True
8,0.35,1.0,plus,11,cost,96,2.6343585086019417e-05,0.9999732645881225,True
8,0.35,1.0,plus,11,cost,128,7.3528495918573356e-06,0.9999931583478768,True
8,0.35,1.0,plus,11,cost,128,7.3528495918573356e-06,0.9999931583478768,True
8,0.475,0.15,ghz,11,cost,7,0.04613548198132045,0.007062735805954379,False
8,0.475,0.15,ghz,11,cost,15,0.040804475751528235,0.00835675373416541,False
8,0.475,0.15,ghz,11,cost,31,0.03497234622111034,0.01725373391230939,False
8,0.475,0.15,ghz,11,cost,63,0.011052375514868817,0.620599512871846,False
8,0.475,0.15,ghz,11,cost,95,0.005737245388278245,0.8229656607809538,False
8,0.475,0.15,ghz,11,cost,127,0.00282185558864001,0.955311656880219,False
8,0.475,0.15,ghz,11,cost,127,0.00282185558864001,0.955311656880219,False
8,0.05,0.1,plus,11,cost,0,0.8526337196771656,0.011919502949740785,False
8,0.05,0.1,plus,11,cost,16,0.21862821491909468,0.4992144242150778,False
8,0.05,0.1,plus,11,cost,54,1.7487694292661615e-08,0.9999999634482369,True
8,0.675,1.25,antiphase,11,cost,6,0.7644112447230715,0.06391510246133567,False
8,0.675,1.25,antiphase,11,cost,16,0.3279850110048623,0.4071741775688014,False
8,0.675,1.25,antiphase,11,cost,32,0.03516580613278508,0.94179313320176,False
8,0.675,1.25,antiphase,11,cost,64,0.002027613016116092,0.9976291995538609,False
8,0.675,1.25,antiphase,11,cost,96,0.0004576146461632291,0.9996015201485146,True
8,0.675,1.25,antiphase,11,cost,128,0.0001998866765222651,0.9998289846715732,True
8,0.675,1.25,antiphase,11,cost,128,0.0001998866765222651,0.9998289846715732,True
8,0.2,1.8,plus,11,cost,0,0.12584669119773118,0.8814483373472679,False
8,0.2,1.8,plus,11,cost,16,0.0019666725154099396,0.9978960605016542,False
8,0.2,1.8,plus,11,cost,32,7.301417034066837e-05,0.9999073392211204,True
8,0.2,1.8,plus,11,cost,64,3.2417464941314478e-06,0.9999977741912991,True
8,0.2,1.8,plus,11,cost,128,3.2162448149186673e-07,0.9999998251701371,True
8,0.2,1.8,plus,11,cost,128,3.2162448149186673e-07,0.9999998251701371,True
8,0.8,0.2,ghz,23,fixed,7,0.612866025175266,1.0087696733655373e-07,False
8,0.8,0.2,ghz,23,fixed,23,0.0004133776061460148,0.49986316126746333,False
8,0.7,1.3,antiphase,11,cost,6,0.788687062947717,0.0673801690693766,False
8,0.7,1.3,antiphase,11,cost,16,0.49818893346182036,0.24779160704932363,False
8,0.7,1.3,antiphase,11,cost,32,0.050077544326462275,0.9211613727789496,False
8,0.7,1.3,antiphase,11,cost,64,0.002431224383447228,0.9970709126808048,False
8,0.7,1.3,antiphase,11,cost,96,0.0005071413954560455,0.9995956812638612,True
8,0.7,1.3,antiphase,11,cost,128,0.00015145235302171933,0.9998765802232615,True
8,0.7,1.3,antiphase,11,cost,128,0.00015145235302171933,0.9998765802232615,True
8,0.6,0.7,ghz,11,cost,7,0.5523741506399849,0.007628571836291872,False
8,0.6,0.7,ghz,11,cost,15,0.2519206056756539,0.08792625202232306,False
8,0.6,0.7,ghz,11,cost,31,0.06655618861571777,0.8279453986238144,False
8,0.6,0.7,ghz,11,cost,63,0.004470435240229498,0.9899178080999322,False
8,0.6,0.7,ghz,11,cost,127,0.0004825308283592511,0.9992643037055504,True
8,0.6,0.7,ghz,11,cost,127,0.0004825308283592511,0.9992643037055504,True
8,0.3,1.2,ghz,37,fixed,7,0.6710134982110622,0.04761908843861139,False
8,0.3,1.2,ghz,37,fixed,23,0.12368846110227083,0.8388981172755231,False
8,0.525,0.15,antiphase,11,cost,6,0.046168178770682466,0.006151299656577135,False
8,0.525,0.15,antiphase,11,cost,16,0.03942960580813337,0.007975790221069146,False
8,0.525,0.15,antiphase,11,cost,64,0.015355328688589576,0.550258212114695,False
8,0.525,0.15,antiphase,11,cost,96,0.005763778573903311,0.810837068597378,False
8,0.525,0.15,antiphase,11,cost,128,0.002451454346602433,0.9720377369295645,False
8,0.525,0.15,antiphase,11,cost,128,0.002451454346602433,0.9720377369295645,False
8,0.8,1.2,ghz,37,fixed,7,1.2202060867657851,0.004183336731216742,False
8,0.8,1.2,ghz,37,fixed,23,0.13868123865132542,0.8438562811024204,False
8,0.5,1.6,ghz,11,cost,7,1.2423789229499231,0.015827957993003825,False
8,0.5,1.6,ghz,11,cost,15,0.7064021719340965,0.136136343542469,False
8,0.5,1.6,ghz,11,cost,31,0.3495519675779506,0.450227989329498,False
8,0.5,1.6,ghz,11,cost,63,0.0007348168870155991,0.9991343259118101,True
8,0.5,1.6,ghz,11,cost,95,4.47419915681202e-05,0.9999717301345229,True
8,0.5,1.6,ghz,11,cost,127,2.0189273352677617e-05,0.9999874525063249,True
8,0.5,1.6,ghz,11,cost,127,2.0189273352677617e-05,0.9999874525063249,True
8,0.8,1.2,antiphase,37,fixed,6,0.6202060867657855,0.11001980552767686,False
8,0.8,1.2,antiphase,37,fixed,22,0.6202060867657856,0.11001980552767679,False
8,0.75,0.2,antiphase,11,cost,6,0.013806329972659293,0.9606431754263238,False
8,0.75,0.2,antiphase,11,cost,16,0.005427473895777135,0.9842657514603738,False
8,0.75,0.2,antiphase,11,cost,32,0.00012402333685368472,0.9994659405577005,True
8,0.75,0.2,antiphase,11,cost,64,6.460097806093579e-05,0.9997200707750504,True
8,0.75,0.2,antiphase,11,cost,128,1.0023642602940974e-05,0.9999513873637172,True
8,0.75,0.2,antiphase,11,cost,128,1.0023642602940974e-05,0.9999513873637172,True
8,0.2,0.3,plus,11,cost,0,0.5287006860549068,0.039550971997070736,False
8,0.2,0.3,plus,11,cost,16,0.12180349004649504,0.4565072418026698,False
8,0.2,0.3,plus,11,cost,32,0.00048279603538925464,0.9983772054410694,True
8,0.2,0.3,plus,11,cost,64,5.72680743478049e-05,0.9997680843654143,True
8,0.2,0.3,plus,11,cost,96,1.8504042746947391e-06,0.9999968872097921,True
8,0.2,0.3,plus,11,cost,126,1.8748831220882778e-07,0.9999997384919832,True
12,0.8,0.3,plus,11,cost,0,0.5288550945955911,0.012127892058395737,False
12,0.8,0.3,plus,11,cost,32,0.18208531901145278,0.024608803088014455,False
12,0.8,0.3,plus,11,cost,64,0.05277641362640365,0.25580600340753945,False
12,0.8,0.3,plus,11,cost,128,0.04660491192250552,0.2652082178570668,False
12,0.8,0.3,plus,11,cost,128,0.04660491192250552,0.2652082178570668,False
8,0.0,1.8,plus,23,fixed,0,0.14217167596568547,0.8415226516860692,False
8,0.0,1.8,plus,23,fixed,16,0.017782016757617036,0.9735346187207365,False
8,0.55,0.6,antiphase,11,cost,6,0.317437046125139,0.04371115804003454,False
8,0.55,0.6,antiphase,11,cost,16,0.20219035552424036,0.17528501938112212,False
8,0.55,0.6,antiphase,11,cost,32,0.06836899048143341,0.7351870138497502,False
8,0.55,0.6,antiphase,11,cost,64,0.00651403169629905,0.9808276606001596,False
8,0.55,0.6,antiphase,11,cost,128,0.00040343158486955133,0.9993283947034017,True
8,0.55,0.6,antiphase,11,cost,128,0.00040343158486955133,0.9993283947034017,True
8,0.2,0.1,antiphase,11,cost,6,0.6031314889278179,3.704755144139409e-10,False
8,0.2,0.1,antiphase,11,cost,16,0.5951821848495766,4.4392067190693053e-07,False
8,0.2,0.1,antiphase,11,cost,32,0.27202094698358203,9.631534131215558e-06,False
8,0.2,0.1,antiphase,11,cost,94,4.4444188329606504e-09,0.9999999867110829,True
8,0.6,1.2,antiphase,11,cost,6,0.783761265666521,0.0491177128469041,False
8,0.6,1.2,antiphase,11,cost,16,0.3382123944969899,0.37993002252729946,False
8,0.6,1.2,antiphase,11,cost,32,0.03419063422975932,0.9367528975326833,False
8,0.6,1.2,antiphase,11,cost,64,0.0008658695759231616,0.9991250664601155,True
8,0.6,1.2,antiphase,11,cost,128,6.603506470614917e-05,0.9999492315388531,True
8,0.6,1.2,antiphase,11,cost,128,6.603506470614917e-05,0.9999492315388531,True
8,0.9,1.3,plus,11,cost,0,0.23502158357765301,0.7616560694160442,False
8,0.9,1.3,plus,11,cost,16,0.08193518113103138,0.8647259705723671,False
8,0.9,1.3,plus,11,cost,32,0.01949562585454445,0.9752971733460005,False
8,0.9,1.3,plus,11,cost,64,0.0018945131211713928,0.9981189813292607,False
8,0.9,1.3,plus,11,cost,128,0.00043297062260183594,0.9996685576167008,True
8,0.9,1.3,plus,11,cost,128,0.00043297062260183594,0.9996685576167008,True
8,0.75,1.1,antiphase,11,cost,6,0.570654183813687,0.10257383725096575,False
8,0.75,1.1,antiphase,11,cost,16,0.3618798372485159,0.2786129228204895,False
8,0.75,1.1,antiphase,11,cost,32,0.05246597947498488,0.9043138279375306,False
8,0.75,1.1,antiphase,11,cost,64,0.003942504644376399,0.9950641925968061,False
8,0.75,1.1,antiphase,11,cost,96,0.0009393117152050046,0.9990220655361995,True
8,0.75,1.1,antiphase,11,cost,128,0.00028007600108015396,0.9997401513670351,True
8,0.75,1.1,antiphase,11,cost,128,0.00028007600108015396,0.9997401513670351,True
8,0.25,0.65,antiphase,11,cost,6,0.6790166345293711,0.0028985619504317615,False
8,0.25,0.65,antiphase,11,cost,16,0.39253936193090533,0.14116920584711098,False
8,0.25,0.65,antiphase,11,cost,32,0.0935099897755639,0.5853196084616508,False
8,0.25,0.65,antiphase,11,cost,64,0.0029613818089460064,0.9833404597813765,False
8,0.25,0.65,antiphase,11,cost,96,4.8373141738333736e-05,0.9998765495386001,True
8,0.25,0.65,antiphase,11,cost,128,8.166607286641536e-06,0.9999850365258707,True
8,0.25,0.65,antiphase,11,cost,128,8.166607286641536e-06,0.9999850365258707,True
12,0.8,1.3,ghz,11,cost,11,1.313536515855921,0.00020831758426873695,False
12,0.8,1.3,ghz,11,cost,31,0.24853263793093427,0.29721022419665805,False
12,0.8,1.3,ghz,11,cost,63,0.03740727705782879,0.906107848447684,False
12,0.8,1.3,ghz,11,cost,95,0.0050287527004059624,0.9897985659388528,False
12,0.8,1.3,ghz,11,cost,127,0.0015327446560432871,0.9973379133698544,False
12,0.8,1.3,ghz,11,cost,127,0.0015327446560432871,0.9973379133698544,False
8,0.0,1.1,plus,37,cost,0,0.2494084590468375,0.5240703132648579,False
8,0.0,1.1,plus,37,cost,16,0.03932645109518096,0.8531288582360339,False
8,0.0,1.1,plus,37,cost,32,0.020791415342660047,0.9179876667524871,False
8,0.0,1.1,plus,37,cost,64,0.0005712142906924011,0.9993268970177424,True
8,0.0,1.1,plus,37,cost,96,5.8403927164052405e-05,0.9999462711073154,True
8,0.0,1.1,plus,37,cost,128,1.0549994211572766e-09,0.9999999991773629,True
8,0.0,1.1,plus,37,cost,128,1.0549994211572766e-09,0.9999999991773629,True
8,0.8,0.4,plus,23,fixed,0,0.4564908659982555,0.148165412310859,False
8,0.8,0.4,plus,23,fixed,16,0.18364011427163507,0.1814584313482633,False
8,1.0,1.3,antiphase,11,cost,6,0.5685633501613323,0.18954799982551265,False
8,1.0,1.3,antiphase,11,cost,16,0.25493460900629583,0.5451795130405447,False
8,1.0,1.3,antiphase,11,cost,32,0.0343917205553661,0.9475011418056596,False
8,1.0,1.3,antiphase,11,cost,64,0.004748150643827165,0.9938969720131948,False
8,1.0,1.3,antiphase,11,cost,96,0.001397516943012933,0.998542825070285,False
8,1.0,1.3,antiphase,11,cost,128,0.00039052553890805974,0.999663923013648,True
8,1.0,1.3,antiphase,11,cost,128,0.00039052553890805974,0.999663923013648,True
8,0.8,0.5,ghz,37,fixed,7,0.6949470817314594,0.00016996601402328608,False
8,0.8,0.5,ghz,37,fixed,23,0.1955363690578107,0.05766194229399969,False
8,0.175,1.75,antiphase,11,cost,6,1.7051847583286581,0.013056459039708047,False
8,0.175,1.75,antiphase,11,cost,16,0.9750993914326462,0.21747515699263364,False
8,0.175,1.75,antiphase,11,cost,32,0.7408866100021332,0.23526116501380914,False
8,0.175,1.75,antiphase,11,cost,64,5.212698157142093e-05,0.9999439033128398,True
8,0.175,1.75,antiphase,11,cost,96,9.044446629413727e-07,0.9999994133325586,True
8,0.175,1.75,antiphase,11,cost,116,1.8530831447094442e-07,0.9999998920210353,True
8,0.75,0.4,antiphase,11,cost,6,0.06242860689272278,0.7727118573732364,False
8,0.75,0.4,antiphase,11,cost,16,0.028420472348007486,0.8791491546843792,False
8,0.75,0.4,antiphase,11,cost,32,0.003909371855837507,0.9710798645768987,False
8,0.75,0.4,antiphase,11,cost,64,0.0019594409599437146,0.9860634446130163,False
8,0.75,0.4,antiphase,11,cost,128,0.0008851255810069514,0.9946611218464726,False
8,0.75,0.4,antiphase,11,cost,128,0.0008851255810069514,0.9946611218464726,False
8,0.95,0.7,antiphase,11,cost,6,0.159038785610373,0.5961232456830771,False
8,0.95,0.7,antiphase,11,cost,16,0.07492900920262313,0.7874788324559258,False
8,0.95,0.7,antiphase,11,cost,32,0.008977385307026964,0.9706278293476529,False
8,0.95,0.7,antiphase,11,cost,64,0.002842782836133928,0.9919066383681462,False
8,0.95,0.7,antiphase,11,cost,96,0.0016430636918196573,0.9954230941817854,False
8,0.95,0.7,antiphase,11,cost,128,0.0008371297718314796,0.9983334249314896,True
8,0.95,0.7,antiphase,11,cost,128,0.0008371297718314796,0.9983334249314896,True
8,0.0,1.1,ghz,37,cost,7,0.3494084590468365,0.3223640575305645,False
8,0.0,1.1,ghz,37,cost,15,0.20354950996224486,0.4874220638759781,False
8,0.0,1.1,ghz,37,cost,31,0.04466355178262571,0.8765304268598972,False
8,0.0,1.1,ghz,37,cost,63,0.0021113785296125176,0.9977438710881332,False
8,0.0,1.1,ghz,37,cost,95,0.00023378990634381758,0.9997786999686936,True
8,0.0,1.1,ghz,37,cost,127,2.3180959568991355e-05,0.999981340323998,True
8,0.0,1.1,ghz,37,cost,127,2.3180959568991355e-05,0.999981340323998,True
8,0.8,0.2,ghz,37,fixed,7,0.612866025175266,1.0087696733655373e-07,False
8,0.8,0.2,ghz,37,fixed,23,0.00041337760614723607,0.49986316080058396,False
8,0.8,1.8,ghz,11,cost,7,1.7657405042357783,0.006233314315206596,False
8,0.8,1.8,ghz,11,cost,15,0.890606582202861,0.12137233001113833,False
8,0.8,1.8,ghz,11,cost,31,0.06307141894026502,0.9295063244173057,False
8,0.8,1.8,ghz,11,cost,63,0.0008309107218373857,0.9994709460495284,True
8,0.8,1.8,ghz,11,cost,95,0.00015115930754250329,0.9999095028850546,True
8,0.8,1.8,ghz,11,cost,127,4.353073879959091e-05,0.9999765265472654,True
8,0.8,1.8,ghz,11,cost,127,4.353073879959091e-05,0.9999765265472654,True
8,0.75,1.3,antiphase,11,cost,6,0.7479221190855466,0.08084370662839115,False
8,0.75,1.3,antiphase,11,cost,16,0.3195174443872193,0.43494661605080864,False
8,0.75,1.3,antiphase,11,cost,32,0.03852162436779949,0.9388246995329089,False
8,0.75,1.3,antiphase,11,cost,64,0.0026182050155645342,0.9972602290107867,False
8,0.75,1.3,antiphase,11,cost,96,0.0005406125855427213,0.9995243770507742,True
8,0.75,1.3,antiphase,11,cost,128,0.00018338706524279047,0.9998415107195279,True
8,0.75,1.3,antiphase,11,cost,128,0.00018338706524279047,0.9998415107195279,True
8,0.7,1.8,ghz,11,cost,7,1.6504849766064014,0.008376218944604717,False
8,0.7,1.8,ghz,11,cost,15,0.8096344849857373,0.12990607545705946,False
8,0.7,1.8,ghz,11,cost,31,0.054389843871238464,0.9402865013220648,False
8,0.7,1.8,ghz,11,cost,63,0.0005631021723537799,0.9996118932790417,True
8,0.7,1.8,ghz,11,cost,127,4.06504580969802e-05,0.9999778491899943,True
8,0.7,1.8,ghz,11,cost,127,4.06504580969802e-05,0.9999778491899943,True
8,0.325,0.15,plus,11,cost,0,0.5334515656016539,0.021185111098108656,False
8,0.325,0.15,plus,11,cost,16,0.07687181963069911,0.4883293123225505,False
8,0.325,0.15,plus,11,cost,64,7.010164534748675e-06,0.9999550901418081,True
8,0.325,0.15,plus,11,cost,96,2.2834198983856524e-06,0.9999874343191412,True
8,0.325,0.15,plus,11,cost,126,6.08019997683229e-08,0.9999998898409322,True
8,0.475,1.25,ghz,11,cost,7,0.892926175041374,0.019094649471001618,False
8,0.475,1.25,ghz,11,cost,15,0.5644042464692811,0.12687143607325413,False
8,0.475,1.25,ghz,11,cost,31,0.266414445681455,0.4201455040081193,False
8,0.475,1.25,ghz,11,cost,63,0.0009094550419546099,0.9988831719209198,True
8,0.475,1.25,ghz,11,cost,95,4.180408263332325e-05,0.9999673448548353,True
8,0.475,1.25,ghz,11,cost,127,1.1536595720063048e-05,0.9999912927931298,True
8,0.475,1.25,ghz,11,cost,127,1.1536595720063048e-05,0.9999912927931298,True
8,0.4,0.5,plus,11,cost,0,0.2905395708728319,0.5136848093159196,False
8,0.4,0.5,plus,11,cost,16,0.016048426035983554,0.9145523919075691,False
8,0.4,0.5,plus,11,cost,32,0.00592747784272174,0.952882228379309,False
8,0.4,0.5,plus,11,cost,64,0.00252578388127056,0.9866466198504034,False
8,0.4,0.5,plus,11,cost,96,0.0003171292120895952,0.9992938554336424,True
8,0.4,0.5,plus,11,cost,128,0.0001673212640124211,0.9996551453449319,True
8,0.4,0.5,plus,11,cost,128,0.0001673212640124211,0.9996551453449319,True
8,0.35,0.1,ghz,11,cost,7,0.0038770185180587724,0.9877276781587345,False
8,0.35,0.1,ghz,11,cost,15,0.0019542680988138272,0.9937226264060962,False
8,0.35,0.1,ghz,11,cost,31,2.3707772092151913e-05,0.9998317437208164,True
8,0.35,0.1,ghz,11,cost,63,1.9690989696563577e-06,0.9999866209700586,True
8,0.35,0.1,ghz,11,cost,95,7.948690950998483e-07,0.9999942429221731,True
8,0.35,0.1,ghz,11,cost,123,7.243426058956004e-08,0.9999997636347437,True
8,0.15,1.9,plus,11,cost,0,0.12206038804350205,0.88617102281264,False
8,0.15,1.9,plus,11,cost,16,0.0024399218485036123,0.9972789843241834,False
8,0.15,1.9,plus,11,cost,32,6.806795247138453e-05,0.9999287872149564,True
8,0.15,1.9,plus,11,cost,64,5.508323182912278e-06,0.9999935567465511,True
8,0.15,1.9,plus,11,cost,108,3.4959222627861664e-08,0.9999999794043931,True
8,0.475,0.35,plus,11,gradient,0,0.33667329258933837,0.4034696504168636,False
8,0.475,0.35,plus,11,gradient,16,0.02873306869915171,0.7796678414312045,False
8,0.475,0.35,plus,11,gradient,32,0.01880422707235796,0.8378876361932011,False
8,0.475,0.35,plus,11,gradient,96,0.002580733220952647,0.9879019859240531,False
8,0.475,0.35,plus,11,gradient,128,0.0010682241491628552,0.9951082763689523,False
8,0.475,0.35,plus,11,gradient,128,0.0010682241491628552,0.9951082763689523,False
8,0.025,0.55,plus,11,fixed,0,0.5046286305212352,0.08070595170284629,False
8,0.025,0.55,plus,11,fixed,16,0.24177466228592892,0.2408669187668642,False
8,0.9,0.6,ghz,11,cost,7,0.9205912358922977,0.00012644666113021698,False
8,0.9,0.6,ghz,11,cost,15,0.4331422032067982,0.015163880547043514,False
8,0.9,0.6,ghz,11,cost,31,0.02117554648855713,0.4879759276689782,False
8,0.9,0.6,ghz,11,cost,63,0.015006706449634644,0.5517725819174214,False
8,0.9,0.6,ghz,11,cost,95,0.0031980904880009042,0.9914848680066596,False
8,0.9,0.6,ghz,11,cost,127,0.001034876379681915,0.9969580814413347,False
8,0.9,0.6,ghz,11,cost,127,0.001034876379681915,0.9969580814413347,False
8,0.2,1.2,plus,11,cost,0,0.17866137906029422,0.7669915746711203,False
8,0.2,1.2,plus,11,cost,16,0.00725586617649987,0.9863683470648161,False
8,0.2,1.2,plus,11,cost,32,0.0003619908444840725,0.9992884404593835,True
8,0.2,1.2,plus,11,cost,64,3.6695191225621926e-06,0.9999963991860553,True
8,0.2,1.2,plus,11,cost,96,4.0687412639073273e-07,0.9999996619664079,True
8,0.2,1.2,plus,11,cost,124,9.600297001810532e-08,0.9999999184718517,True
8,0.55,0.15,antiphase,11,cost,6,0.02174241968599655,0.06324481814481525,False
8,0.55,0.15,antiphase,11,cost,16,0.015313810250855209,0.06940545670934145,False
8,0.55,0.15,antiphase,11,cost,64,0.010935932942526039,0.09544367222927451,False
8,0.55,0.15,antiphase,11,cost,128,0.010505839045146237,0.15105686921086525,False
8,0.55,0.15,antiphase,11,cost,128,0.010505839045146237,0.15105686921086525,False
8,0.8,1.2,plus,11,gradient,0,0.22020608676578757,0.7758501240364228,False
8,0.8,1.2,plus,11,gradient,16,0.06494256964558476,0.8855834943954685,False
8,0.8,1.2,plus,11,gradient,32,0.011549762223005633,0.9826749319469121,False
8,0.8,1.2,plus,11,gradient,96,0.001367488961500296,0.9986074742716898,False
8,0.8,1.2,plus,11,gradient,128,0.0006782996262355567,0.9994021655040258,True
8,0.8,1.2,plus,11,gradient,128,0.0006782996262355567,0.9994021655040258,True
8,0.95,1.0,antiphase,11,cost,6,0.35668948030134096,0.29008130372146695,False
8,0.95,1.0,antiphase,11,cost,16,0.17156112787163647,0.6080386767720765,False
8,0.95,1.0,antiphase,11,cost,32,0.029636411967920218,0.9288820362018566,False
8,0.95,1.0,antiphase,11,cost,64,0.004627253807834908,0.9919236268810214,False
8,0.95,1.0,antiphase,11,cost,96,0.0022387051934051883,0.9969028574106135,False
8,0.95,1.0,antiphase,11,cost,128,0.0009082939457685235,0.998965842304158,True
8,0.95,1.0,antiphase,11,cost,128,0.0009082939457685235,0.998965842304158,True
8,0.5,0.15,plus,23,cost,0,0.42108108440839953,0.23835876833969474,False
8,0.5,0.15,plus,23,cost,16,0.0388081630739151,0.46610414415642093,False
8,0.5,0.15,plus,23,cost,32,0.0242164515297264,0.6337502379406638,False
8,0.5,0.15,plus,23,cost,64,0.008877075777674825,0.7000596077399955,False
8,0.5,0.15,plus,23,cost,96,0.0033264769956808937,0.9551026223250502,False
8,0.5,0.15,plus,23,cost,128,0.0014991708714026108,0.9843901905944789,False
8,0.5,0.15,plus,23,cost,128,0.0014991708714026108,0.9843901905944789,False
12,0.3,0.9,plus,11,cost,0,0.21118445074328296,0.58559921926597,False
12,0.3,0.9,plus,11,cost,32,0.0045803745200728345,0.9838739224015405,False
12,0.3,0.9,plus,11,cost,64,0.00035267084122351616,0.9977907878088056,False
12,0.3,0.9,plus,11,cost,96,0.00030087827550199603,0.998171946628994,False
12,0.3,0.9,plus,11,cost,128,7.765983680692774e-05,0.9996536057313192,True
12,0.3,0.9,plus,11,cost,128,7.765983680692774e-05,0.9996536057313192,True
8,0.5,0.15,antiphase,23,fixed,6,0.07108108440839944,0.001959175486408019,False
8,0.5,0.15,antiphase,23,fixed,22,0.07108108440839944,0.001959175486408019,False
8,0.45,1.2,plus,11,cost,0,0.17145201557152223,0.8150583030534804,False
8,0.45,1.2,plus,11,cost,16,0.01030648186133476,0.980006208716908,False
8,0.45,1.2,plus,11,cost,32,0.004639927005593236,0.9909139689911698,False
8,0.45,1.2,plus,11,cost,64,0.00044717198439858663,0.9994902095847296,True
8,0.45,1.2,plus,11,cost,96,4.724891010665644e-05,0.999961558681454,True
8,0.45,1.2,plus,11,cost,128,1.1720811720294932e-05,0.9999906699685924,True
8,0.45,1.2,plus,11,cost,128,1.1720811720294932e-05,0.9999906699685924,True
8,0.4,0.7,antiphase,11,cost,6,0.5418972167285774,0.014004816043004206,False
8,0.4,0.7,antiphase,11,cost,16,0.30921220703445007,0.1884164728751432,False
8,0.4,0.7,antiphase,11,cost,32,0.040259212826040836,0.883922423244772,False
8,0.4,0.7,antiphase,11,cost,64,0.0019250005614509513,0.9936147481444965,False
8,0.4,0.7,antiphase,11,cost,96,0.00022731209846116318,0.9996485312085097,True
8,0.4,0.7,antiphase,11,cost,128,6.199766160686071e-05,0.9999127834121472,True
8,0.4,0.7,antiphase,11,cost,128,6.199766160686071e-05,0.9999127834121472,True
8,0.675,0.85,plus,11,cost,0,0.23957178374968202,0.7162430183443944,False
8,0.675,0.85,plus,11,cost,16,0.05411907560832585,0.8642156733103504,False
8,0.675,0.85,plus,11,cost,32,0.015486368548044194,0.9709348916953158,False
8,0.675,0.85,plus,11,cost,96,0.0010368875727437832,0.9984636553478741,False
8,0.675,0.85,plus,11,cost,128,0.0003687254678794716,0.9995771183052812,True
8,0.675,0.85,plus,11,cost,128,0.0003687254678794716,0.9995771183052812,True
8,0.675,0.85,antiphase,11,cost,6,0.4145717837496816,0.09978198124780284,False
8,0.675,0.85,antiphase,11,cost,16,0.21761509159256298,0.36419136298291394,False
8,0.675,0.85,antiphase,11,cost,32,0.03436446821733474,0.9133116318753496,False
8,0.675,0.85,antiphase,11,cost,64,0.0036206071250757255,0.9945125842470085,False
8,0.675,0.85,antiphase,11,cost,96,0.001098567855311705,0.9984178935052103,False
8,0.675,0.85,antiphase,11,cost,128,0.00035845420592117705,0.9995171520526721,True
8,0.675,0.85,antiphase,11,cost,128,0.00035845420592117705,0.9995171520526721,True
8,0.3,1.0,plus,11,cost,0,0.19596542644917325,0.7385764937712236,False
8,0.3,1.0,plus,11,cost,16,0.006645745657487323,0.9867407657315721,False
8,0.3,1.0,plus,11,cost,32,0.0008691133304754572,0.9972763985765896,False
8,0.3,1.0,plus,11,cost,64,0.00011084545975847959,0.9998152959295982,True
8,0.3,1.0,plus,11,cost,96,1.9801474539837827e-05,0.9999794297269997,True
8,0.3,1.0,plus,11,cost,128,5.267308623491118e-06,0.9999946851664789,True
8,0.3,1.0,plus,11,cost,128,5.267308623491118e-06,0.9999946851664789,True
8,0.0,1.0,ghz,23,fixed,7,0.28145772387075385,0.4215096173044162,False
8,0.0,1.0,ghz,23,fixed,23,0.04142938685543207,0.8300655200933268,False
8,0.3,0.2,antiphase,37,cost,6,0.4145763277349313,9.105552136202063e-07,False
8,0.3,0.2,antiphase,37,cost,16,0.393032676262585,4.18887137952185e-05,False
8,0.3,0.2,antiphase,37,cost,32,0.1437204890813203,0.001212982511173911,False
8,0.3,0.2,antiphase,37,cost,64,2.094100852767511e-05,0.9998768083787739,True
8,0.3,0.2,antiphase,37,cost,96,2.2481041386246403e-06,0.9999917281055744,True
8,0.3,0.2,antiphase,37,cost,128,1.6476663888820298e-07,0.9999997250293033,True
8,0.3,0.2,antiphase,37,cost,128,1.6476663888820298e-07,0.9999997250293033,True
8,0.7,1.6,antiphase,11,cost,6,1.0637401848676284,0.05457185999915774,False
8,0.7,1.6,antiphase,11,cost,16,0.41117976436663595,0.43587786894115427,False
8,0.7,1.6,antiphase,11,cost,32,0.036117792080117006,0.9535027878940229,False
8,0.7,1.6,antiphase,11,cost,64,0.0005580733523309345,0.9995782301625604,True
8,0.7,1.6,antiphase,11,cost,96,0.00015868176663280664,0.9998961379096454,True
8,0.7,1.6,antiphase,11,cost,128,3.904252360209526e-05,0.9999757672555104,True
8,0.7,1.6,antiphase,11,cost,128,3.904252360209526e-05,0.9999757672555104,True
8,0.8,0.3,plus,11,cost,0,0.5300567404255764,0.08034503848335613,False
8,0.8,0.3,plus,11,cost,16,0.18309459994780375,0.17101950777835218,False
8,0.8,0.3,plus,11,cost,32,0.005223406669050079,0.49527106294596357,False
8,0.8,0.3,plus,11,cost,64,0.0014914016773857064,0.5028308898835405,False
8,0.8,0.3,plus,11,cost,96,0.0013169090362719071,0.5069416302633307,False
8,0.8,0.3,plus,11,cost,128,0.0012955355636052879,0.5081887166976388,False
8,0.8,0.3,plus,11,cost,128,0.0012955355636052879,0.5081887166976388,False
8,0.0,1.8,antiphase,11,cost,6,1.9421716759656826,0.008353127322230923,False
8,0.0,1.8,antiphase,11,cost,16,0.592171675965683,0.4302268502813156,False
8,0.0,1.8,antiphase,11,cost,32,0.054681647133572264,0.936202425244126,False
8,0.0,1.8,antiphase,11,cost,64,0.00018851242531781054,0.9998604498627772,True
8,0.0,1.8,antiphase,11,cost,96,1.9193783220794458e-05,0.9999887289125131,True
8,0.0,1.8,antiphase,11,cost,128,3.668292765990344e-06,0.9999980392284368,True
8,0.0,1.8,antiphase,11,cost,128,3.668292765990344e-06,0.9999980392284368,True
8,0.3,0.5,antiphase,23,cost,6,0.5131492927909107,0.001845464296981564,False
8,0.3,0.5,antiphase,23,cost,16,0.35025247643656576,0.05402194421987334,False
8,0.3,0.5,antiphase,23,cost,32,0.08156617071628924,0.5510330234509039,False
8,0.3,0.5,antiphase,23,cost,64,0.002302287282264337,0.9825446014048217,False
8,0.3,0.5,antiphase,23,cost,128,1.943386981118067e-06,0.9999955472957118,True
8,0.3,0.5,antiphase,23,cost,128,1.943386981118067e-06,0.9999955472957118,True
8,0.1,0.2,plus,11,cost,0,0.7111598524580804,0.019288819076178215,False
8,0.1,0.2,plus,11,cost,16,0.1869814370891324,0.4979301319185302,False
8,0.1,0.2,plus,11,cost,64,1.02908970911475e-06,0.9999974712319726,True
8,0.1,0.2,plus,11,cost,102,1.873688704190357e-08,0.9999999645289347,True
8,0.45,0.1,antiphase,11,cost,6,0.10487638107306568,6.808768922933738e-06,False
8,0.45,0.1,antiphase,11,cost,16,0.10142722477580968,1.3416448922045239e-05,False
8,0.45,0.1,antiphase,11,cost,32,0.09921913917989028,2.5261387529417655e-05,False
8,0.45,0.1,antiphase,11,cost,64,0.014987851450540823,0.04084807228402586,False
8,0.45,0.1,antiphase,11,cost,96,3.386853632103559e-06,0.9999052301451005,True
8,0.45,0.1,antiphase,11,cost,128,5.029290787161855e-07,0.9999956518379134,True
8,0.45,0.1,antiphase,11,cost,128,5.029290787161855e-07,0.9999956518379134,True
8,0.8,1.2,plus,11,cost,0,0.22020608676578757,0.7758501240364228,False
8,0.8,1.2,plus,11,cost,16,0.06494256964558476,0.8855834943954685,False
8,0.8,1.2,plus,11,cost,32,0.011549762223005633,0.9826749319469121,False
8,0.8,1.2,plus,11,cost,64,0.0018359458573034004,0.9980610849416551,False
8,0.8,1.2,plus,11,cost,128,0.0003745976255866701,0.9996570563359916,True
8,0.8,1.2,plus,11,cost,128,0.0003745976255866701,0.9996570563359916,True
8,0.4,1.7,plus,11,cost,0,0.1311960337116016,0.8853709491955009,False
8,0.4,1.7,plus,11,cost,16,0.005959652143958216,0.991961365690918,False
8,0.4,1.7,plus,11,cost,32,0.0019037328941915455,0.9975292185021971,False
8,0.4,1.7,plus,11,cost,64,0.00022407527354406653,0.9997142476245678,True
8,0.4,1.7,plus,11,cost,96,9.318083524334497e-06,0.9999949505223401,True
8,0.4,1.7,plus,11,cost,128,2.442927750756496e-06,0.9999986746652988,True
8,0.4,1.7,plus,11,cost,128,2.442927750756496e-06,0.9999986746652988,True
8,0.3,1.2,ghz,37,cost,7,0.6710134982110622,0.04761908843861139,False
8,0.3,1.2,ghz,37,cost,15,0.4284628656567421,0.16953922000405156,False
8,0.3,1.2,ghz,37,cost,31,0.03702275724507831,0.9417831734592607,False
8,0.3,1.2,ghz,37,cost,63,0.0001634626753268531,0.9997143187791754,True
8,0.3,1.2,ghz,37,cost,95,2.102680948312674e-05,0.9999807755773406,True
8,0.3,1.2,ghz,37,cost,127,4.435630032606497e-06,0.9999964256004257,True
8,0.3,1.2,ghz,37,cost,127,4.435630032606497e-06,0.9999964256004257,True
12,0.8,1.4,ghz,11,cost,11,1.4024425519897283,0.00023909255825468003,False
12,0.8,1.4,ghz,11,cost,31,0.34416104330837705,0.1422425626973464,False
12,0.8,1.4,ghz,11,cost,63,0.1652177476915139,0.5049424881580323,False
12,0.8,1.4,ghz,11,cost,95,0.005955593714264573,0.9878198640728469,False
12,0.8,1.4,ghz,11,cost,127,0.0019072089418340117,0.9964937841098783,False
12,0.8,1.4,ghz,11,cost,127,0.0019072089418340117,0.9964937841098783,False
8,0.3,0.5,ghz,37,cost,7,0.1131492927909108,0.4122106125931625,False
8,0.3,0.5,ghz,37,cost,15,0.06902985961840213,0.5100087372803942,False
8,0.3,0.5,ghz,37,cost,31,0.02307935455311616,0.6651611415214148,False
8,0.3,0.5,ghz,37,cost,63,0.014250801827014548,0.8356826466149319,False
8,0.3,0.5,ghz,37,cost,127,2.121834632329289e-06,0.9999948908202985,True
8,0.3,0.5,ghz,37,cost,127,2.121834632329289e-06,0.9999948908202985,True
8,0.75,0.7,ghz,11,cost,7,0.7401813605574248,0.0020254682530990178,False
8,0.75,0.7,ghz,11,cost,15,0.39163340744867803,0.03796202333424416,False
8,0.75,0.7,ghz,11,cost,31,0.07280663511042484,0.42595562349612265,False
8,0.75,0.7,ghz,11,cost,95,0.004886751931950428,0.9904533542497187,False
8,0.75,0.7,ghz,11,cost,127,0.002061248647527103,0.9962361241012211,False
8,0.75,0.7,ghz,11,cost,127,0.002061248647527103,0.9962361241012211,False
8,0.975,0.85,antiphase,11,fixed,6,0.23952155151026722,0.4504386061417893,False
8,0.975,0.85,antiphase,11,fixed,22,0.23952155151026722,0.4504386061417892,False
8,0.15,1.2,ghz,11,cost,7,0.5356297383884068,0.11037310193471098,False
8,0.15,1.2,ghz,11,cost,15,0.33595812068234787,0.24185903402930214,False
8,0.15,1.2,ghz,11,cost,31,0.04258562915515407,0.9282063599818884,False
8,0.15,1.2,ghz,11,cost,63,0.00010569909836211089,0.9998575028197734,True
8,0.15,1.2,ghz,11,cost,95,1.1431606764977786e-05,0.999988984193621,True
8,0.15,1.2,ghz,11,cost,127,1.6408522278688054e-06,0.9999985225940556,True
8,0.15,1.2,ghz,11,cost,127,1.6408522278688054e-06,0.9999985225940556,True
8,0.6,1.3,plus,11,cost,0,0.17433516392174453,0.8318299704912542,False
8,0.6,1.3,plus,11,cost,16,0.029399510447631005,0.9502321793417837,False
8,0.6,1.3,plus,11,cost,32,0.007767998449738522,0.9895017091612354,False
8,0.6,1.3,plus,11,cost,64,0.000890527680482478,0.9991360363797297,True
8,0.6,1.3,plus,11,cost,96,0.0001083287975176539,0.999913387680806,True
8,0.6,1.3,plus,11,cost,128,2.990203315267337e-05,0.9999765801933094,True
8,0.6,1.3,plus,11,cost,128,2.990203315267337e-05,0.9999765801933094,True
12,0.8,1.0,ghz,11,cost,11,1.0559066862235063,0.00010922841855515002,False
12,0.8,1.0,ghz,11,cost,31,0.2113543789073001,0.09355505663967617,False
12,0.8,1.0,ghz,11,cost,63,0.07070669887820473,0.788920497427756,False
12,0.8,1.0,ghz,11,cost,95,0.010956597870143359,0.9684789061009813,False
12,0.8,1.0,ghz,11,cost,127,0.005075532319442318,0.9856261555462583,False
12,0.8,1.0,ghz,11,cost,127,0.005075532319442318,0.9856261555462583,False
8,0.3,0.5,ghz,23,cost,7,0.1131492927909108,0.4122106125931625,False
8,0.3,0.5,ghz,23,cost,15,0.06902985961840169,0.5100087373297534,False
8,0.3,0.5,ghz,23,cost,31,0.023079354553131592,0.6651611681575785,False
8,0.3,0.5,ghz,23,cost,63,0.014250801827725756,0.8356834236931503,False
8,0.3,0.5,ghz,23,cost,127,2.1221191405240702e-06,0.9999948822169981,True
8,0.3,0.5,ghz,23,cost,127,2.1221191405240702e-06,0.9999948822169981,True
8,0.3,0.2,antiphase,23,cost,6,0.4145763277349313,9.105552136202063e-07,False
8,0.3,0.2,antiphase,23,cost,16,0.3930326762625848,4.188871379725787e-05,False
8,0.3,0.2,antiphase,23,cost,32,0.14372048908131851,0.001212982362910523,False
8,0.3,0.2,antiphase,23,cost,64,1.7768819470020958e-05,0.999895402192247,True
8,0.3,0.2,antiphase,23,cost,96,2.919845417559408e-06,0.9999878514947113,True
8,0.3,0.2,antiphase,23,cost,128,1.8233475496121088e-07,0.9999997031961949,True
8,0.3,0.2,antiphase,23,cost,128,1.8233475496121088e-07,0.9999997031961949,True
8,0.0,1.8,plus,11,fixed,0,0.14217167596568547,0.8415226516860692,False
8,0.0,1.8,plus,11,fixed,16,0.017782016757626806,0.9735346189881253,False
8,0.6,1.8,antiphase,11,cost,6,1.3387849307944895,0.03830986609106276,False
8,0.6,1.8,antiphase,11,cost,16,0.8104859640698392,0.23486173850419975,False
8,0.6,1.8,antiphase,11,cost,32,0.03696612906021146,0.9585764923263798,False
8,0.6,1.8,antiphase,11,cost,64,0.0012879246610868478,0.9986513121350302,False
8,0.6,1.8,antiphase,11,cost,128,1.5069854483629186e-05,0.9999914850121957,True
8,0.6,1.8,antiphase,11,cost,128,1.5069854483629186e-05,0.9999914850121957,True
8,0.25,0.65,ghz,11,cost,7,0.1790166345293711,0.3191167863041156,False
8,0.25,0.65,ghz,11,cost,15,0.11114325161405625,0.4273281716027577,False
8,0.25,0.65,ghz,11,cost,31,0.03847379842066512,0.6325574024624327,False
8,0.25,0.65,ghz,11,cost,63,0.0038525408379334047,0.9806346869734985,False
8,0.25,0.65,ghz,11,cost,127,3.1307039380923385e-06,0.9999948754298832,True
8,0.25,0.65,ghz,11,cost,127,3.1307039380923385e-06,0.9999948754298832,True
8,0.8,0.2,plus,37,cost,0,0.6128660251752662,0.044882969890375046,False
8,0.8,0.2,plus,37,cost,16,0.20410876563162805,0.1419244225222285,False
8,0.8,0.2,plus,37,cost,32,0.0018815381025367728,0.4980674531766633,False
8,0.8,0.2,plus,37,cost,64,0.0002779496533660275,0.5005619311079064,False
8,0.8,0.2,plus,37,cost,96,0.00025193599440220815,0.501098301007788,False
8,0.8,0.2,plus,37,cost,128,0.00025076935059420435,0.5010950803082932,False
8,0.8,0.2,plus,37,cost,128,0.00025076935059420435,0.5010950803082932,False
8,0.8,0.5,ghz,23,fixed,7,0.6949470817314594,0.00016996601402328608,False
8,0.8,0.5,ghz,23,fixed,23,0.018415419522443743,0.4682746549016166,False
8,0.325,0.15,plus,11,gradient,0,0.5334515656016539,0.021185111098108656,False
8,0.325,0.15,plus,11,gradient,16,0.07828570736730589,0.5018365104815988,False
8,0.325,0.15,plus,11,gradient,64,7.97740181701645e-06,0.9999482944775749,True
8,0.325,0.15,plus,11,gradient,128,5.252068446814917e-08,0.9999999131782348,True
8,0.325,0.15,plus,11,gradient,128,5.252068446814917e-08,0.9999999131782348,True
8,0.65,1.6,ghz,11,cost,7,1.4069225212537722,0.009476842141572427,False
8,0.65,1.6,ghz,11,cost,15,0.7791271570915809,0.12855406655993085,False
8,0.65,1.6,ghz,11,cost,31,0.0538854379489615,0.9338860400443719,False
8,0.65,1.6,ghz,11,cost,63,0.0006030966083558909,0.9995902542377184,True
8,0.65,1.6,ghz,11,cost,95,7.401341497415004e-05,0.9999500717230695,True
8,0.65,1.6,ghz,11,cost,127,1.9168562273241818e-05,0.9999883571636468,True
8,0.65,1.6,ghz,11,cost,127,1.9168562273241818e-05,0.9999883571636468,True
8,0.8,1.4,plus,11,cost,0,0.1983175387143059,0.8168176985263549,False
8,0.8,1.4,plus,11,cost,16,0.0635841304006508,0.9042925367873429,False
8,0.8,1.4,plus,11,cost,32,0.010462288723457114,0.9865752061208466,False
8,0.8,1.4,plus,11,cost,64,0.0021114665210357764,0.9981990194375956,False
8,0.8,1.4,plus,11,cost,96,0.0004924684408469382,0.9995907352808108,True
8,0.8,1.4,plus,11,cost,128,0.00024312580464247446,0.9998057537419144,True
8,0.8,1.4,plus,11,cost,128,0.00024312580464247446,0.9998057537419144,True
8,0.525,0.35,plus,11,gradient,0,0.33734675404006453,0.4147327296990897,False
8,0.525,0.35,plus,11,gradient,16,0.03940104952469503,0.7688753025685096,False
8,0.525,0.35,plus,11,gradient,32,0.022608950942782147,0.8471295676274483,False
8,0.525,0.35,plus,11,gradient,64,0.008770770689286334,0.938096840079318,False
8,0.525,0.35,plus,11,gradient,96,0.004089223556868804,0.9833223545120743,False
8,0.525,0.35,plus,11,gradient,128,0.0015482307864783662,0.9941308679744686,False
8,0.525,0.35,plus,11,gradient,128,0.0015482307864783662,0.9941308679744686,False
8,0.55,1.5,antiphase,11,cost,6,1.1031455748506551,0.03668601816218399,False
8,0.55,1.5,antiphase,11,cost,16,0.41011663596234404,0.453369458998164,False
8,0.55,1.5,antiphase,11,cost,32,0.02018464852780144,0.9702878977494843,False
8,0.55,1.5,antiphase,11,cost,64,0.00048640382225606515,0.999606582674938,True
8,0.55,1.5,antiphase,11,cost,128,2.2979229114206134e-05,0.9999850114896346,True
8,0.55,1.5,antiphase,11,cost,128,2.2979229114206134e-05,0.9999850114896346,True
12,0.3,1.9,antiphase,11,cost,10,1.718462832961938,0.0012566209921300502,False
12,0.3,1.9,antiphase,11,cost,32,0.7021014391415193,0.212240330007088,False
12,0.3,1.9,antiphase,11,cost,64,0.48881082733488057,0.24512187449678613,False
12,0.3,1.9,antiphase,11,cost,96,0.4611149875838875,0.2511508362532718,False
12,0.3,1.9,antiphase,11,cost,128,8.568478673491124e-05,0.9998643078851606,True
12,0.3,1.9,antiphase,11,cost,128,8.568478673491124e-05,0.9998643078851606,True
8,0.025,1.25,plus,11,fixed,0,0.20565897217935003,0.6695489125372552,False
8,0.025,1.25,plus,11,fixed,16,0.04157053217126716,0.8890121308719611,False
8,0.5,0.15,ghz,37,cost,7,0.07108108440839933,0.0022785653611650893,False
8,0.5,0.15,ghz,37,cost,15,0.06548695379492864,0.003015547346253364,False
8,0.5,0.15,ghz,37,cost,31,0.013613871846133496,0.5256033610168435,False
8,0.5,0.15,ghz,37,cost,63,0.008720595164533718,0.6886780188886578,False
8,0.5,0.15,ghz,37,cost,95,0.004065462616709481,0.929177075233334,False
8,0.5,0.15,ghz,37,cost,127,0.0016126042484695402,0.9869824007751363,False
8,0.5,0.15,ghz,37,cost,127,0.0016126042484695402,0.9869824007751363,False
8,0.25,1.2,antiphase,11,cost,6,1.1239012873625684,0.012007465862003632,False
8,0.25,1.2,antiphase,11,cost,16,0.7131123321226471,0.17519290410035332,False
8,0.25,1.2,antiphase,11,cost,32,0.4648514639064918,0.2192804412634924,False
8,0.25,1.2,antiphase,11,cost,64,0.0004254733426638513,0.999493693802511,True
8,0.25,1.2,antiphase,11,cost,96,1.060044572076535e-05,0.9999879911761238,True
8,0.25,1.2,antiphase,11,cost,128,1.7007520343170768e-06,0.9999985866487628,True
8,0.25,1.2,antiphase,11,cost,128,1.7007520343170768e-06,0.9999985866487628,True
8,0.3,0.2,ghz,11,fixed,7,0.014576327734931338,0.9557837954156849,False
8,0.3,0.2,ghz,11,fixed,23,0.0003606474844172203,0.9978080648473316,True
8,0.3,0.2,plus,11,gradient,0,0.5145763277349316,0.028532910116002473,False
8,0.3,0.2,plus,11,gradient,16,0.08721653396563023,0.5002296628721316,False
8,0.3,0.2,plus,11,gradient,64,2.6871205922929242e-05,0.9998420443200875,True
8,0.3,0.2,plus,11,gradient,128,2.760919642907922e-07,0.9999995620715478,True
8,0.3,0.2,plus,11,gradient,128,2.760919642907922e-07,0.9999995620715478,True
8,0.325,0.85,plus,11,gradient,0,0.21775388315801258,0.6882707987829805,False
8,0.325,0.85,plus,11,gradient,16,0.010332674674996767,0.9760813132520412,False
8,0.325,0.85,plus,11,gradient,32,0.002288533204480636,0.9906920896859084,False
8,0.325,0.85,plus,11,gradient,64,0.0014657580768613343,0.9935193531228197,False
8,0.325,0.85,plus,11,gradient,96,0.0002353461258881584,0.9994933164004269,True
8,0.325,0.85,plus,11,gradient,128,7.51992257717049e-05,0.9999063020557407,True
8,0.325,0.85,plus,11,gradient,128,7.51992257717049e-05,0.9999063020557407,True
8,0.0,0.2,antiphase,11,cost,6,1.0100253198889193,5.0019913954562725e-09,False
8,0.0,0.2,antiphase,11,cost,16,0.7312649597657945,0.0008246367960510965,False
8,0.0,0.2,antiphase,11,cost,32,4.645531595737218e-05,0.9999043944347649,True
8,0.0,0.2,antiphase,11,cost,64,7.706504188131902e-07,0.9999983181068479,True
8,0.0,0.2,antiphase,11,cost,96,8.364379922021214e-08,0.9999998266459298,True
8,0.0,0.2,antiphase,11,cost,96,8.364379922021214e-08,0.9999998266459298,True
8,0.75,1.5,ghz,11,cost,7,1.4295448337471166,0.006471414742097726,False
8,0.75,1.5,ghz,11,cost,15,0.7526849162457596,0.11890249567336307,False
8,0.75,1.5,ghz,11,cost,31,0.06397556703944018,0.9140956185002528,False
8,0.75,1.5,ghz,11,cost,63,0.0010539990500535446,0.9991354392625664,False
8,0.75,1.5,ghz,11,cost,95,0.00042644144471037926,0.9996768407181573,True
8,0.75,1.5,ghz,11,cost,127,0.00010730212819787255,0.9999262403043785,True
8,0.75,1.5,ghz,11,cost,127,0.00010730212819787255,0.9999262403043785,True
8,0.55,0.7,antiphase,11,cost,6,0.3966855176067612,0.04459903368998918,False
8,0.55,0.7,antiphase,11,cost,16,0.2322690238775147,0.22967498228132485,False
8,0.55,0.7,antiphase,11,cost,32,0.03809813188889022,0.8813561940651857,False
8,0.55,0.7,antiphase,11,cost,64,0.004001505554711682,0.9906499364510637,False
8,0.55,0.7,antiphase,11,cost,96,0.0008508330911433104,0.9986303722503435,True
8,0.55,0.7,antiphase,11,cost,128,0.00040481953686821726,0.9993871001003152,True
8,0.55,0.7,antiphase,11,cost,128,0.00040481953686821726,0.9993871001003152,True
8,0.9,1.8,plus,11,cost,0,0.1847873247819405,0.8522375927090936,False
8,0.9,1.8,plus,11,cost,16,0.06634856503860487,0.9233362690534195,False
8,0.9,1.8,plus,11,cost,32,0.00986530178730094,0.9899089726527098,False
8,0.9,1.8,plus,11,cost,64,0.0007065550711087276,0.9995432199377314,True
8,0.9,1.8,plus,11,cost,96,0.0003005440175805063,0.9998139144772302,True
8,0.9,1.8,plus,11,cost,128,6.666326045867699e-05,0.999963184913099,True
8,0.9,1.8,plus,11,cost,128,6.666326045867699e-05,0.999963184913099,True
12,0.3,1.6,ghz,11,cost,11,1.036351660697146,0.004123617613023852,False
12,0.3,1.6,ghz,11,cost,31,0.4047031382511322,0.19160230876878487,False
12,0.3,1.6,ghz,11,cost,95,0.17913772594996935,0.49205353646254796,False
12,0.3,1.6,ghz,11,cost,127,0.00010460194670199503,0.9998209085282297,True
12,0.3,1.6,ghz,11,cost,127,0.00010460194670199503,0.9998209085282297,True
8,0.45,0.2,ghz,11,cost,7,0.04810744414745516,0.03010611115606814,False
8,0.45,0.2,ghz,11,cost,15,0.03903777861980473,0.035642211984940525,False
8,0.45,0.2,ghz,11,cost,31,0.029326445895017872,0.05503826870706215,False
8,0.45,0.2,ghz,11,cost,63,0.015173767127587001,0.6262889777919611,False
8,0.45,0.2,ghz,11,cost,95,0.004934421168726222,0.8957907402020118,False
8,0.45,0.2,ghz,11,cost,127,0.0020114847597936247,0.9822267530253525,False
8,0.45,0.2,ghz,11,cost,127,0.0020114847597936247,0.9822267530253525,False
8,0.65,1.4,ghz,11,cost,7,1.2221027192575022,0.009091655114285847,False
8,0.65,1.4,ghz,11,cost,15,0.7694678823450349,0.07405413444034527,False
8,0.65,1.4,ghz,11,cost,31,0.05724360624984248,0.9196763874159283,False
8,0.65,1.4,ghz,11,cost,63,0.0008884491138692052,0.9992932594169329,True
8,0.65,1.4,ghz,11,cost,127,4.3769192091813736e-05,0.9999692227541409,True
8,0.65,1.4,ghz,11,cost,127,4.3769192091813736e-05,0.9999692227541409,True
8,0.3,1.2,antiphase,11,fixed,6,1.0710134982110622,0.01475669103723503,False
8,0.3,1.2,antiphase,11,fixed,22,1.0710134982110624,0.01475669103723502,False
8,0.8,1.9,ghz,11,cost,7,1.8592287925775277,0.006452296435876792,False
8,0.8,1.9,ghz,11,cost,15,0.7740034651785841,0.1479409708916355,False
8,0.8,1.9,ghz,11,cost,31,0.061181812093106025,0.9353893217018688,False
8,0.8,1.9,ghz,11,cost,63,0.0006949669323197405,0.9995788456815224,True
8,0.8,1.9,ghz,11,cost,95,0.00011871868816326625,0.9999334096054969,True
8,0.8,1.9,ghz,11,cost,127,5.684314306231286e-05,0.999968818070579,True
8,0.8,1.9,ghz,11,cost,127,5.684314306231286e-05,0.999968818070579,True
8,0.55,1.2,ghz,11,cost,7,0.9283557338654177,0.013529471828371744,False
8,0.55,1.2,ghz,11,cost,15,0.46718884245500336,0.16095131141224236,False
8,0.55,1.2,ghz,11,cost,31,0.029030084960849356,0.9535904783340045,False
8,0.55,1.2,ghz,11,cost,63,0.0014506495241670692,0.9982069227239566,False
8,0.55,1.2,ghz,11,cost,95,0.0001701284971347139,0.9998529130067209,True
8,0.55,1.2,ghz,11,cost,127,5.246899201005739e-05,0.9999593169988111,True
8,0.55,1.2,ghz,11,cost,127,5.246899201005739e-05,0.9999593169988111,True
8,0.8,0.8,antiphase,37,fixed,6,0.2865110832348605,0.2505289620486456,False
8,0.8,0.8,antiphase,37,fixed,22,0.2865110832348605,0.2505289620486456,False
8,0.15,1.5,plus,11,cost,0,0.15151668262070594,0.8265283234406995,False
8,0.15,1.5,plus,11,cost,16,0.005575692484081296,0.9913616488089312,False
8,0.15,1.5,plus,11,cost,32,0.00022132027859433911,0.9996245531440845,True
8,0.15,1.5,plus,11,cost,64,5.822306181402226e-06,0.9999951475937884,True
8,0.15,1.5,plus,11,cost,96,7.159259229894133e-08,0.9999999533321325,True
8,0.15,1.5,plus,11,cost,100,7.07199367955269e-08,0.9999999539872154,True
8,0.65,1.8,ghz,11,cost,7,1.5942026801008253,0.009711727365847444,False
8,0.65,1.8,ghz,11,cost,15,0.845325499544515,0.11926950527653561,False
8,0.65,1.8,ghz,11,cost,31,0.05083180991918157,0.9445973857801184,False
8,0.65,1.8,ghz,11,cost,63,0.00032993907666378774,0.9998109057317115,True
8,0.65,1.8,ghz,11,cost,127,3.1390022782185056e-05,0.9999816490384892,True
8,0.65,1.8,ghz,11,cost,127,3.1390022782185056e-05,0.9999816490384892,True
8,0.8,1.2,ghz,23,cost,7,1.2202060867657851,0.004183336731216742,False
8,0.8,1.2,ghz,23,cost,15,0.7221587393113844,0.04366728311537155,False
8,0.8,1.2,ghz,23,cost,31,0.21021808745460357,0.43416035866115543,False
8,0.8,1.2,ghz,23,cost,63,0.002194700080729417,0.997870345706744,False
8,0.8,1.2,ghz,23,cost,95,0.0007635212719561135,0.9992426942107805,True
8,0.8,1.2,ghz,23,cost,127,0.0003898129224182423,0.999633225700405,True
8,0.8,1.2,ghz,23,cost,127,0.0003898129224182423,0.999633225700405,True
8,0.8,0.9,ghz,11,cost,7,0.9655854892123392,0.0025056259930070685,False
8,0.8,0.9,ghz,11,cost,15,0.5529968971702095,0.02935320470592387,False
8,0.8,0.9,ghz,11,cost,31,0.124783965450179,0.37530177790083746,False
8,0.8,0.9,ghz,11,cost,63,0.006603746863097726,0.9874008184755013,False
8,0.8,0.9,ghz,11,cost,95,0.0021087866702256264,0.997032635851668,False
8,0.8,0.9,ghz,11,cost,127,0.0010827566551971923,0.9985532862556764,False
8,0.8,0.9,ghz,11,cost,127,0.0010827566551971923,0.9985532862556764,False
8,0.0,1.1,antiphase,11,cost,6,1.3494084590468363,0.0023935758742727104,False
8,0.0,1.1,antiphase,11,cost,16,0.5244084590468366,0.30894882627608494,False
8,0.0,1.1,antiphase,11,cost,32,0.07467183661322019,0.8224634170191613,False
8,0.0,1.1,antiphase,11,cost,64,0.003563239904295079,0.9930730711417175,False
8,0.0,1.1,antiphase,11,cost,96,0.0005417076219782491,0.9994272662797283,True
8,0.0,1.1,antiphase,11,cost,128,4.788637676544916e-05,0.9999605551303888,True
8,0.0,1.1,antiphase,11,cost,128,4.788637676544916e-05,0.9999605551303888,True
8,0.3,0.2,plus,37,fixed,0,0.5145763277349316,0.028532910116002473,False
8,0.3,0.2,plus,37,fixed,16,0.16509360274546114,0.16347826770575102,False
8,0.825,0.15,plus,11,cost,0,0.6819203126954497,0.033135575059120945,False
8,0.825,0.15,plus,11,cost,32,9.509013609088068e-05,0.5000177678932969,False
8,0.825,0.15,plus,11,cost,64,7.54570336445326e-05,0.5002111494155541,False
8,0.825,0.15,plus,11,cost,96,7.131874215571266e-05,0.50027965431995,False
8,0.825,0.15,plus,11,cost,116,7.127073296298025e-05,0.5002802277953271,False
8,0.35,2.0,antiphase,11,cost,6,1.7641047827841525,0.02084542326574263,False
8,0.35,2.0,antiphase,11,cost,16,0.5804802881003901,0.4373225528826438,False
8,0.35,2.0,antiphase,11,cost,32,0.4237414230026131,0.4653455314523791,False
8,0.35,2.0,antiphase,11,cost,64,0.00016792692638922802,0.9998205809831929,True
8,0.35,2.0,antiphase,11,cost,96,3.4591760700308782e-06,0.9999982781374808,True
8,0.35,2.0,antiphase,11,cost,128,5.926148594070924e-07,0.9999997199574352,True
8,0.35,2.0,antiphase,11,cost,128,5.926148594070924e-07,0.9999997199574352,True
8,0.3,0.1,ghz,11,cost,7,0.003588341597923539,0.989611287611268,False
8,0.3,0.1,ghz,11,cost,15,0.0018037620662112452,0.9947333027713032,False
8,0.3,0.1,ghz,11,cost,31,1.2970487727637092e-05,0.9999333599372731,True
8,0.3,0.1,ghz,11,cost,63,8.301772504992755e-07,0.9999961513060359,True
8,0.3,0.1,ghz,11,cost,117,2.2743670280434003e-08,0.9999999592501156,True
8,0.3,0.5,antiphase,37,fixed,6,0.5131492927909107,0.001845464296981564,False
8,0.3,0.5,antiphase,37,fixed,22,0.5131492927909108,0.001845464296981564,False
8,0.15,1.1,antiphase,11,cost,6,1.151045417113565,0.006485615998849012,False
8,0.15,1.1,antiphase,11,cost,16,0.46471189696066517,0.3234030867824798,False
8,0.15,1.1,antiphase,11,cost,32,0.18341786839514063,0.531845512110793,False
8,0.15,1.1,antiphase,11,cost,64,0.00038297074777338125,0.9992901246987058,True
8,0.15,1.1,antiphase,11,cost,96,1.8921042572728197e-05,0.9999802053015565,True
8,0.15,1.1,antiphase,11,cost,128,5.252530474342265e-06,0.9999949113730408,True
8,0.15,1.1,antiphase,11,cost,128,5.252530474342265e-06,0.9999949113730408,True
8,0.85,1.7,plus,11,cost,0,0.18233412511053837,0.8501124229911334,False
8,0.85,1.7,plus,11,cost,16,0.06287601776530538,0.9236941483379848,False
8,0.85,1.7,plus,11,cost,32,0.01027122277550041,0.9906003898229426,False
8,0.85,1.7,plus,11,cost,64,0.0007031712337874918,0.9995040712321156,True
8,0.85,1.7,plus,11,cost,96,0.00026686735838521436,0.9998267635876478,True
8,0.85,1.7,plus,11,cost,128,6.557341418078622e-05,0.9999601905034903,True
8,0.85,1.7,plus,11,cost,128,6.557341418078622e-05,0.9999601905034903,True
8,0.45,0.6,ghz,11,cost,7,0.31320812212653937,0.02749907336672951,False
8,0.45,0.6,ghz,11,cost,15,0.23202116746013823,0.07133601301969579,False
8,0.45,0.6,ghz,11,cost,31,0.09259729976071096,0.5420699187175846,False
8,0.45,0.6,ghz,11,cost,63,0.004176333643411523,0.9813219697054797,False
8,0.45,0.6,ghz,11,cost,127,0.00011314824367070209,0.9997972743657282,True
8,0.45,0.6,ghz,11,cost,127,0.00011314824367070209,0.9997972743657282,True
8,1.0,0.3,antiphase,11,cost,6,0.02335034449051765,0.950595301923219,False
8,1.0,0.3,antiphase,11,cost,16,0.009205459426925078,0.9803704416920932,False
8,1.0,0.3,antiphase,11,cost,32,0.00010946982025128449,0.9997898710820392,True
8,1.0,0.3,antiphase,11,cost,64,5.38586258267415e-05,0.999894773439129,True
8,1.0,0.3,antiphase,11,cost,114,5.740903106232764e-06,0.9999871343780449,True
8,0.55,0.15,ghz,37,fixed,7,0.12174241968599653,0.0005756623987300661,False
8,0.55,0.15,ghz,37,fixed,23,0.10932463853692986,0.001928275374931778,False
12,0.0,1.4,plus,11,cost,0,0.18544295436042665,0.6304421511214563,False
12,0.0,1.4,plus,11,cost,32,0.010133438150885965,0.9636523326558125,False
12,0.0,1.4,plus,11,cost,64,0.003027911410156866,0.9871651774265316,False
12,0.0,1.4,plus,11,cost,96,0.001142351097044525,0.994923190145636,False
12,0.0,1.4,plus,11,cost,128,0.0004762335095455465,0.9983358545523516,False
12,0.0,1.4,plus,11,cost,128,0.0004762335095455465,0.9983358545523516,False
8,0.0,1.0,ghz,23,cost,7,0.28145772387075385,0.4215096173044162,False
8,0.0,1.0,ghz,23,cost,15,0.1603488909292894,0.5817948693522054,False
8,0.0,1.0,ghz,23,cost,31,0.03173168683961425,0.8937935213785705,False
8,0.0,1.0,ghz,23,cost,63,0.002156414250526595,0.9974185453843801,False
8,0.0,1.0,ghz,23,cost,123,3.9761083314715506e-11,0.9999999999595104,True
8,0.5,1.9,antiphase,11,cost,6,1.5252461576906893,0.02943695858203977,False
8,0.5,1.9,antiphase,11,cost,16,0.5077980388042374,0.47838300446216947,False
8,0.5,1.9,antiphase,11,cost,32,0.01609226660661811,0.9815827478806444,False
8,0.5,1.9,antiphase,11,cost,64,0.00018781517672028514,0.9998712920350705,True
8,0.5,1.9,antiphase,11,cost,96,2.2706216193491002e-05,0.9999878478246372,True
8,0.5,1.9,antiphase,11,cost,128,6.0743331768975395e-06,0.9999970119933187,True
8,0.5,1.9,antiphase,11,cost,128,6.0743331768975395e-06,0.9999970119933187,True
8,0.675,1.25,antiphase,11,fixed,6,0.7644112447230715,0.06391510246133567,False
8,0.675,1.25,antiphase,11,fixed,22,0.7644112447230715,0.06391510246133567,False
8,0.0,0.2,ghz,11,cost,7,0.010025319888919526,0.979973219821065,False
8,0.0,0.2,ghz,11,cost,15,0.005034663813344276,0.9898721308552759,False
8,0.0,0.2,ghz,11,cost,31,1.9516313906509097e-05,0.9999594049745507,True
8,0.0,0.2,ghz,11,cost,63,1.330769151541844e-06,0.9999971238030216,True
8,0.0,0.2,ghz,11,cost,97,3.267679016261127e-09,0.9999999936985189,True
8,0.45,0.15,plus,37,gradient,0,0.4217268040301613,0.2479639860297743,False
8,0.45,0.15,plus,37,gradient,16,0.017619059622697497,0.6690201611834032,False
8,0.45,0.15,plus,37,gradient,32,0.006426855513188112,0.7391760141857784,False
8,0.45,0.15,plus,37,gradient,64,0.003151009802516702,0.8122227960823829,False
8,0.45,0.15,plus,37,gradient,96,0.002959471393230384,0.8242392141651748,False
8,0.45,0.15,plus,37,gradient,128,0.001968252222417033,0.9321292474778652,False
8,0.45,0.15,plus,37,gradient,128,0.001968252222417033,0.9321292474778652,False
8,0.3,0.2,plus,37,gradient,0,0.5145763277349316,0.028532910116002473,False
8,0.3,0.2,plus,37,gradient,16,0.08721653396563023,0.5002296673483708,False
8,0.3,0.2,plus,37,gradient,64,2.687120572464341e-05,0.9998420460108611,True
8,0.3,0.2,plus,37,gradient,128,2.8111279004594536e-07,0.9999995559108483,True
8,0.3,0.2,plus,37,gradient,128,2.8111279004594536e-07,0.9999995559108483,True
8,0.55,0.9,plus,11,cost,0,0.21374399276759914,0.7420892940894777,False
8,0.55,0.9,plus,11,cost,16,0.023388357099110246,0.943143056627473,False
8,0.55,0.9,plus,11,cost,32,0.011597870355307682,0.9742854959186751,False
8,0.55,0.9,plus,11,cost,96,0.00031208063835541644,0.999649051247349,True
8,0.55,0.9,plus,11,cost,128,8.627536124783397e-05,0.9999124706019971,True
8,0.55,0.9,plus,11,cost,128,8.627536124783397e-05,0.9999124706019971,True
8,0.85,1.0,ghz,11,cost,7,1.114786671604352,0.002270558717014978,False
8,0.85,1.0,ghz,11,cost,15,0.5472699265559359,0.07533344006346189,False
8,0.85,1.0,ghz,11,cost,31,0.11247071566196554,0.5770199853187239,False
8,0.85,1.0,ghz,11,cost,63,0.005979891838266527,0.9923626756726731,False
8,0.85,1.0,ghz,11,cost,95,0.002209125593416905,0.9971414675164583,False
8,0.85,1.0,ghz,11,cost,127,0.0007233907392534267,0.9992302062826056,True
8,0.85,1.0,ghz,11,cost,127,0.0007233907392534267,0.9992302062826056,True
8,1.0,0.8,plus,11,cost,0,0.40060043946937884,0.3743878392221829,False
8,1.0,0.8,plus,11,cost,16,0.08157330153467957,0.8596893684663296,False
8,1.0,0.8,plus,11,cost,32,0.009713106026638885,0.9744597403150731,False
8,1.0,0.8,plus,11,cost,96,0.0014264017300484877,0.9969288601768679,False
8,1.0,0.8,plus,11,cost,128,0.0008142297792641529,0.9987435525550722,True
8,1.0,0.8,plus,11,cost,128,0.0008142297792641529,0.9987435525550722,True
8,0.7,0.8,plus,11,cost,0,0.253706577144561,0.6895949236334648,False
8,0.7,0.8,plus,11,cost,16,0.0597456538424731,0.8269053510699854,False
8,0.7,0.8,plus,11,cost,32,0.016160901027342023,0.9618635780730663,False
8,0.7,0.8,plus,11,cost,64,0.005983014232793904,0.9887856309686163,False
8,0.7,0.8,plus,11,cost,128,0.0005452627692701384,0.9993310468773049,True
8,0.7,0.8,plus,11,cost,128,0.0005452627692701384,0.9993310468773049,True
8,0.5,0.2,plus,11,cost,0,0.3976751385031161,0.2774070389034783,False
8,0.5,0.2,plus,11,cost,16,0.03723748413751571,0.5678178796323503,False
8,0.5,0.2,plus,11,cost,32,0.02247257866512431,0.7250074775400215,False
8,0.5,0.2,plus,11,cost,64,0.008365984663332049,0.8305413345832828,False
8,0.5,0.2,plus,11,cost,96,0.0034929496701960883,0.9578174974554537,False
8,0.5,0.2,plus,11,cost,128,0.0014317054855129685,0.9876657413190133,False
8,0.5,0.2,plus,11,cost,128,0.0014317054855129685,0.9876657413190133,False
8,0.0,0.9,plus,11,cost,0,0.3216609572519995,0.3126943576453465,False
8,0.0,0.9,plus,11,cost,16,0.08118490751004481,0.6601766733229227,False
8,0.0,0.9,plus,11,cost,32,0.01310367940914503,0.9740134292633981,False
8,0.0,0.9,plus,11,cost,64,0.0005281798042984232,0.9992382546462575,True
8,0.0,0.9,plus,11,cost,96,5.418344342089654e-07,0.9999995411807394,True
8,0.0,0.9,plus,11,cost,114,3.398870074278193e-10,0.9999999997110716,True
8,0.175,0.35,plus,11,gradient,0,0.513013435089824,0.048772568725760274,False
8,0.175,0.35,plus,11,gradient,16,0.1366650175148395,0.49139182184360225,False
8,0.175,0.35,plus,11,gradient,96,1.0919309519352716e-05,0.9999787683995726,True
8,0.175,0.35,plus,11,gradient,128,4.923698702086199e-07,0.9999993238302738,True
8,0.175,0.35,plus,11,gradient,128,4.923698702086199e-07,0.9999993238302738,True
8,0.825,0.55,plus,11,cost,0,0.3880750272771897,0.29794481629068964,False
8,0.825,0.55,plus,11,cost,16,0.10986415298578955,0.4495003650471245,False
8,0.825,0.55,plus,11,cost,32,0.006937008388525179,0.9645649470692753,False
8,0.825,0.55,plus,11,cost,64,0.003095581391395319,0.9860002363131776,False
8,0.825,0.55,plus,11,cost,128,0.0013556128920146904,0.9955591547814463,False
8,0.825,0.55,plus,11,cost,128,0.0013556128920146904,0.9955591547814463,False
8,0.1,1.3,ghz,11,cost,7,0.5803705022744055,0.11632904658030176,False
8,0.1,1.3,ghz,11,cost,15,0.35941689519638254,0.2551965051168381,False
8,0.1,1.3,ghz,11,cost,31,0.043677302213603664,0.9295649836819675,False
8,0.1,1.3,ghz,11,cost,63,0.00010702572615395312,0.9998855654282229,True
8,0.1,1.3,ghz,11,cost,127,1.7453302598724463e-06,0.9999986334984988,True
8,0.1,1.3,ghz,11,cost,127,1.7453302598724463e-06,0.9999986334984988,True
8,0.45,0.3,plus,11,cost,0,0.35578267160314236,0.36030290200510157,False
8,0.45,0.3,plus,11,cost,16,0.02974547170018027,0.7536651549535522,False
8,0.45,0.3,plus,11,cost,32,0.012103715762732947,0.848191824952143,False
8,0.45,0.3,plus,11,cost,64,0.008309973849191299,0.8950761668878492,False
8,0.45,0.3,plus,11,cost,96,0.001694489196770621,0.9914548700489518,False
8,0.45,0.3,plus,11,cost,128,0.0002682814848662396,0.9990996880948215,True
8,0.45,0.3,plus,11,cost,128,0.0002682814848662396,0.9990996880948215,True
8,0.55,0.4,antiphase,11,cost,6,0.17149642905204543,0.03654518168658495,False
8,0.55,0.4,antiphase,11,cost,16,0.12412196779916818,0.07847740289981761,False
8,0.55,0.4,antiphase,11,cost,32,0.0846826143181948,0.21008939194098764,False
8,0.55,0.4,antiphase,11,cost,64,0.009459467179172676,0.9563786041483523,False
8,0.55,0.4,antiphase,11,cost,96,0.0034621137457663265,0.9887762667401052,False
8,0.55,0.4,antiphase,11,cost,128,0.001359663182236459,0.9953480418806762,False
8,0.55,0.4,antiphase,11,cost,128,0.001359663182236459,0.9953480418806762,False
8,0.525,0.15,ghz,11,cost,7,0.0961681787706824,0.0010615655865213603,False
8,0.525,0.15,ghz,11,cost,15,0.09024515657179111,0.001666182985604064,False
8,0.525,0.15,ghz,11,cost,31,0.014044705446418893,0.515748054863181,False
8,0.525,0.15,ghz,11,cost,63,0.008854257658256093,0.6839618525499453,False
8,0.525,0.15,ghz,11,cost,95,0.005177324537628203,0.9436168993025741,False
8,0.525,0.15,ghz,11,cost,127,0.0020483779247324474,0.9806328049179504,False
8,0.525,0.15,ghz,11,cost,127,0.0020483779247324474,0.9806328049179504,False
8,0.4,1.2,ghz,11,cost,7,0.7699290998849901,0.02815905968290602,False
8,0.4,1.2,ghz,11,cost,15,0.514019148589175,0.11019558194789428,False
8,0.4,1.2,ghz,11,cost,31,0.03742007404381509,0.9415229247322434,False
8,0.4,1.2,ghz,11,cost,63,0.0004588719079081649,0.9994168175745299,True
8,0.4,1.2,ghz,11,cost,127,1.0395104862892524e-05,0.9999917694091957,True
8,0.4,1.2,ghz,11,cost,127,1.0395104862892524e-05,0.9999917694091957,True
8,0.75,2.0,plus,11,cost,0,0.14581775894173976,0.8943602700144857,False
8,0.75,2.0,plus,11,cost,16,0.041418718579810054,0.9544710801289198,False
8,0.75,2.0,plus,11,cost,32,0.005449056072388991,0.9957033790119546,False
8,0.75,2.0,plus,11,cost,64,0.00029655144248907916,0.9998360972853765,True
8,0.75,2.0,plus,11,cost,96,3.961504843008612e-05,0.9999799340971641,True
8,0.75,2.0,plus,11,cost,128,1.6114391615751344e-05,0.9999923983672401,True
8,0.75,2.0,plus,11,cost,128,1.6114391615751344e-05,0.9999923983672401,True
8,0.975,1.25,plus,11,cost,0,0.2674691779887697,0.7063692994695989,False
8,0.975,1.25,plus,11,cost,16,0.10187796450745279,0.8155428161778824,False
8,0.975,1.25,plus,11,cost,32,0.017405232809594606,0.9666468162336358,False
8,0.975,1.25,plus,11,cost,128,0.0008729830037554898,0.9991104836105347,True
8,0.975,1.25,plus,11,cost,128,0.0008729830037554898,0.9991104836105347,True
8,0.3,1.2,plus,23,gradient,0,0.17101349821106382,0.7970358254836657,False
8,0.3,1.2,plus,23,gradient,16,0.0045035085134443875,0.9927820338982293,False
8,0.3,1.2,plus,23,gradient,32,0.0012311698761036105,0.9973773033946883,False
8,0.3,1.2,plus,23,gradient,64,0.00021750962728916967,0.9996199710296866,True
8,0.3,1.2,plus,23,gradient,96,4.1018161961670074e-05,0.9999574905814125,True
8,0.3,1.2,plus,23,gradient,128,1.0589252029236107e-05,0.9999908863916459,True
8,0.3,1.2,plus,23,gradient,128,1.0589252029236107e-05,0.9999908863916459,True
8,1.0,1.9,ghz,11,cost,7,2.099185682968413,0.0036803927262774455,False
8,1.0,1.9,ghz,11,cost,15,1.082365041668402,0.06846161541165706,False
8,1.0,1.9,ghz,11,cost,31,0.07982746591235657,0.9268231914151409,False
8,1.0,1.9,ghz,11,cost,63,0.0008743134408719655,0.9993650602934985,True
8,1.0,1.9,ghz,11,cost,95,0.0003448731215929257,0.9998039131388393,True
8,1.0,1.9,ghz,11,cost,127,0.00018718275974638487,0.9998978869692959,True
8,1.0,1.9,ghz,11,cost,127,0.00018718275974638487,0.9998978869692959,True
8,0.3,1.0,antiphase,11,cost,6,0.8959654264491728,0.01221124511398426,False
8,0.3,1.0,antiphase,11,cost,16,0.587749060451592,0.13356495908543722,False
8,0.3,1.0,antiphase,11,cost,32,0.21265732453261288,0.41762990457341637,False
8,0.3,1.0,antiphase,11,cost,64,0.00034291644927120224,0.9991298618485523,False
8,0.3,1.0,antiphase,11,cost,96,3.605177572785223e-05,0.9999555122260695,True
8,0.3,1.0,antiphase,11,cost,128,5.268131656244179e-06,0.9999946826309445,True
8,0.3,1.0,antiphase,11,cost,128,5.268131656244179e-06,0.9999946826309445,True
8,0.8,0.5,plus,11,cost,0,0.39494708173145954,0.2646472959279824,False
8,0.8,0.5,plus,11,cost,16,0.13950933528041431,0.33330879460492735,False
8,0.8,0.5,plus,11,cost,32,0.021965174849705837,0.9301926854672082,False
8,0.8,0.5,plus,11,cost,96,0.0019437670923522221,0.989605984642721,False
8,0.8,0.5,plus,11,cost,128,0.00136785126160055,0.9939566824419752,False
8,0.8,0.5,plus,11,cost,128,0.00136785126160055,0.9939566824419752,False
8,0.45,1.3,ghz,11,cost,7,0.9121222995690567,0.021034118830464875,False
8,0.45,1.3,ghz,11,cost,15,0.5485131663930406,0.1430275742728102,False
8,0.45,1.3,ghz,11,cost,31,0.03737796955531136,0.9454818932209517,False
8,0.45,1.3,ghz,11,cost,63,0.0005267230111583032,0.9994384329029529,True
8,0.45,1.3,ghz,11,cost,95,6.608788029915935e-05,0.9999474579252506,True
8,0.45,1.3,ghz,11,cost,127,1.7782851592373916e-05,0.9999871754867686,True
8,0.45,1.3,ghz,11,cost,127,1.7782851592373916e-05,0.9999871754867686,True
8,0.8,0.8,ghz,23,fixed,7,0.8865110832348602,0.0018445784874687094,False
8,0.8,0.8,ghz,23,fixed,23,0.09446142292089332,0.37961225478995936,False
8,0.65,0.7,plus,11,cost,0,0.260866740952601,0.6636579147965833,False
8,0.65,0.7,plus,11,cost,16,0.04657900890753064,0.8646766603121213,False
8,0.65,0.7,plus,11,cost,32,0.021203583409233673,0.9502190596838764,False
8,0.65,0.7,plus,11,cost,64,0.004868478288264422,0.9883605592990328,False
8,0.65,0.7,plus,11,cost,96,0.00184953081779482,0.9966118377080198,False
8,0.65,0.7,plus,11,cost,128,0.0006536253783294699,0.9990629743669551,True
8,0.65,0.7,plus,11,cost,128,0.0006536253783294699,0.9990629743669551,True
8,0.9,0.1,ghz,11,cost,7,0.8027925902076858,7.344746357750809e-11,False
8,0.9,0.1,ghz,11,cost,15,0.0014041776995489252,0.49842377098817875,False
8,0.9,0.1,ghz,11,cost,31,1.8580456992323136e-05,0.4999910230916483,False
8,0.9,0.1,ghz,11,cost,63,1.1579961827545837e-05,0.5000205304038863,False
8,0.9,0.1,ghz,11,cost,87,1.0752404231317847e-05,0.500034628200351,False
8,0.025,1.25,antiphase,11,fixed,6,1.4306589721793488,0.004504818480279983,False
8,0.025,1.25,antiphase,11,fixed,22,1.4306589721793495,0.0045048184802796475,False
8,0.65,1.3,antiphase,11,cost,6,0.8308526747317534,0.05610836174402924,False
8,0.65,1.3,antiphase,11,cost,16,0.33952619016595564,0.4484786098402154,False
8,0.65,1.3,antiphase,11,cost,32,0.026319622807020382,0.9551925177393025,False
8,0.65,1.3,antiphase,11,cost,128,0.00013320083778811664,0.9998942633209617,True
8,0.65,1.3,antiphase,11,cost,128,0.00013320083778811664,0.9998942633209617,True
8,0.175,0.85,ghz,11,cost,7,0.2723097544121672,0.2622062723720108,False
8,0.175,0.85,ghz,11,cost,15,0.16808285649600152,0.3885827225485286,False
8,0.175,0.85,ghz,11,cost,31,0.057833843942586505,0.6377262024877247,False
8,0.175,0.85,ghz,11,cost,63,0.0015393679214352751,0.9969893656992556,False
8,0.175,0.85,ghz,11,cost,127,3.11194133661985e-06,0.9999965117507881,True
8,0.175,0.85,ghz,11,cost,127,3.11194133661985e-06,0.9999965117507881,True
8,0.35,0.8,ghz,11,cost,7,0.37488742170548583,0.061721319494604715,False
8,0.35,0.8,ghz,11,cost,15,0.26021225978234186,0.1301176726903843,False
8,0.35,0.8,ghz,11,cost,31,0.12593435150116195,0.5223153879207107,False
8,0.35,0.8,ghz,11,cost,63,0.0008865371910391495,0.9970231936636891,False
8,0.35,0.8,ghz,11,cost,95,8.933980593250901e-05,0.9998798564612917,True
8,0.35,0.8,ghz,11,cost,127,4.4364786215167484e-05,0.9999487007364337,True
8,0.35,0.8,ghz,11,cost,127,4.4364786215167484e-05,0.9999487007364337,True
8,0.8,0.5,antiphase,11,cost,6,0.0949470817314596,0.6790659494168515,False
8,0.8,0.5,antiphase,11,cost,16,0.04837542368789505,0.8061498770769384,False
8,0.8,0.5,antiphase,11,cost,32,0.006855726258594097,0.9577660695117111,False
8,0.8,0.5,antiphase,11,cost,64,0.002697303146011132,0.9853252763136637,False
8,0.8,0.5,antiphase,11,cost,96,0.0013284204709927971,0.9942381336126068,False
8,0.8,0.5,antiphase,11,cost,128,0.0005982404868959401,0.9982093883228896,True
8,0.8,0.5,antiphase,11,cost,128,0.0005982404868959401,0.9982093883228896,True
8,0.35,0.3,ghz,11,cost,7,0.03894143197563649,0.7895743632939061,False
8,0.35,0.3,ghz,11,cost,15,0.021830353977083217,0.8448896660919019,False
8,0.35,0.3,ghz,11,cost,31,0.003905875510380463,0.9217929362647492,False
8,0.35,0.3,ghz,11,cost,63,0.0024714256836378956,0.9443924748414975,False
8,0.35,0.3,ghz,11,cost,95,0.0005456524670696128,0.9951091342975185,False
8,0.35,0.3,ghz,11,cost,127,1.6049417288721557e-05,0.9999590409937115,True
8,0.35,0.3,ghz,11,cost,127,1.6049417288721557e-05,0.9999590409937115,True
8,0.7,1.0,plus,11,cost,0,0.22276299549596845,0.7557322693602144,False
8,0.7,1.0,plus,11,cost,16,0.049733003573495305,0.890710382070298,False
8,0.7,1.0,plus,11,cost,32,0.01487978712361726,0.9784070326883835,False
8,0.7,1.0,plus,11,cost,64,0.001471124960785275,0.9982921185644599,False
8,0.7,1.0,plus,11,cost,128,0.00012765537976577868,0.9998730764971466,True
8,0.7,1.0,plus,11,cost,128,0.00012765537976577868,0.9998730764971466,True
12,0.3,0.4,ghz,11,cost,11,0.06376444213452803,0.611614903948721,False
12,0.3,0.4,ghz,11,cost,31,0.017588241576694585,0.792807163377476,False
12,0.3,0.4,ghz,11,cost,95,0.003812191696645447,0.8948980391111263,False
12,0.3,0.4,ghz,11,cost,127,0.002515091817935596,0.9281488571001051,False
12,0.3,0.4,ghz,11,cost,127,0.002515091817935596,0.9281488571001051,False
8,0.65,1.0,plus,11,cost,0,0.21346039133584138,0.7653657083043076,False
8,0.65,1.0,plus,11,cost,16,0.038713694967543955,0.9161521232326777,False
8,0.65,1.0,plus,11,cost,32,0.013827620923476447,0.9782758380826204,False
8,0.65,1.0,plus,11,cost,96,0.0003320800408146418,0.9996386279420157,True
8,0.65,1.0,plus,11,cost,128,0.0001511986857387626,0.9998382687396133,True
8,0.65,1.0,plus,11,cost,128,0.0001511986857387626,0.9998382687396133,True
12,0.8,0.6,ghz,11,cost,11,0.7493904304337113,1.2087116700319663e-05,False
12,0.8,0.6,ghz,11,cost,31,0.1613209047073365,0.06553347015752177,False
12,0.8,0.6,ghz,11,cost,63,0.05797636305808288,0.3091198846803415,False
12,0.8,0.6,ghz,11,cost,95,0.022390319713633478,0.7193392640836912,False
12,0.8,0.6,ghz,11,cost,127,0.01047105228900902,0.8560835824192758,False
12,0.8,0.6,ghz,11,cost,127,0.01047105228900902,0.8560835824192758,False
8,0.325,0.85,plus,11,fixed,0,0.21775388315801258,0.6882707987829805,False
8,0.325,0.85,plus,11,fixed,16,0.013154193896013577,0.9717854231327842,False
8,0.75,0.5,antiphase,11,cost,6,0.10752195918457308,0.5666772441788137,False
8,0.75,0.5,antiphase,11,cost,16,0.05340333379305162,0.7304469892357395,False
8,0.75,0.5,antiphase,11,cost,32,0.012768733836141855,0.8966755664946038,False
8,0.75,0.5,antiphase,11,cost,64,0.005623823665642846,0.9627886608377647,False
8,0.75,0.5,antiphase,11,cost,128,0.0024246048864616787,0.9900478511129014,False
8,0.75,0.5,antiphase,11,cost,128,0.0024246048864616787,0.9900478511129014,False
8,0.6,0.6,plus,11,cost,0,0.2729643342707998,0.61844607715137,False
8,0.6,0.6,plus,11,cost,16,0.0389946907689398,0.876105296306512,False
8,0.6,0.6,plus,11,cost,32,0.02249021478458979,0.932656062147841,False
8,0.6,0.6,plus,11,cost,64,0.002745059830305707,0.9943903315488878,False
8,0.6,0.6,plus,11,cost,96,0.0010110705206697324,0.9978972422219216,False
8,0.6,0.6,plus,11,cost,128,0.0005869908325627504,0.998780890984724,True
8,0.6,0.6,plus,11,cost,128,0.0005869908325627504,0.998780890984724,True
12,0.8,0.2,antiphase,11,cost,10,0.012624341917982859,0.9522256033161183,False
12,0.8,0.2,antiphase,11,cost,32,0.0012648112375884442,0.9949386431491946,False
12,0.8,0.2,antiphase,11,cost,64,9.007253730282845e-05,0.9995802903157947,True
12,0.8,0.2,antiphase,11,cost,96,6.858608427625275e-05,0.9996808953268554,True
12,0.8,0.2,antiphase,11,cost,128,4.53421683411411e-05,0.9997935173055399,True
12,0.8,0.2,antiphase,11,cost,128,4.53421683411411e-05,0.9997935173055399,True
8,0.3,0.4,antiphase,23,fixed,6,0.4646590718118197,0.00035639974590884096,False
8,0.3,0.4,antiphase,23,fixed,22,0.46465907181181976,0.00035639974590884096,False
8,0.3,0.4,ghz,11,cost,7,0.06465907181181973,0.7120144585039689,False
8,0.3,0.4,ghz,11,cost,15,0.036167434033635315,0.796671252135609,False
8,0.3,0.4,ghz,11,cost,31,0.006761366676576008,0.9060338979973979,False
8,0.3,0.4,ghz,11,cost,63,0.003893753206542727,0.9452856657869241,False
8,0.3,0.4,ghz,11,cost,95,0.00025422256637330776,0.9992063445474507,True
8,0.3,0.4,ghz,11,cost,127,1.4940012787123536e-05,0.9999689301197028,True
8,0.3,0.4,ghz,11,cost,127,1.4940012787123536e-05,0.9999689301197028,True
8,0.65,1.4,antiphase,11,cost,6,0.9221027192575023,0.052714452844302914,False
8,0.65,1.4,antiphase,11,cost,16,0.3734635323887674,0.41328891286209374,False
8,0.65,1.4,antiphase,11,cost,32,0.03511997712186954,0.9478839523810266,False
8,0.65,1.4,antiphase,11,cost,64,0.001072585907528456,0.9990701345572361,False
8,0.65,1.4,antiphase,11,cost,128,9.168768841272268e-05,0.9999319119314942,True
8,0.65,1.4,antiphase,11,cost,128,9.168768841272268e-05,0.9999319119314942,True
8,0.55,0.7,plus,11,cost,0,0.24668551760676238,0.6634768257185812,False
8,0.55,0.7,plus,11,cost,16,0.02738937067285363,0.9178155482521406,False
8,0.55,0.7,plus,11,cost,32,0.013162056231649899,0.9604655274088949,False
8,0.55,0.7,plus,11,cost,64,0.0017858536862921381,0.9967079389559574,False
8,0.55,0.7,plus,11,cost,96,0.00046240495571192586,0.9993120635726579,True
8,0.55,0.7,plus,11,cost,128,0.00017895363121733787,0.9997230301884499,True
8,0.55,0.7,plus,11,cost,128,0.00017895363121733787,0.9997230301884499,True
8,0.05,1.5,ghz,11,cost,7,0.7140941311370987,0.09986870013611358,False
8,0.05,1.5,ghz,11,cost,15,0.4383121188546908,0.24674692552989316,False
8,0.05,1.5,ghz,11,cost,31,0.04051508094610945,0.9440792031278078,False
8,0.05,1.5,ghz,11,cost,63,0.00014187688117095476,0.9998825411603675,True
8,0.05,1.5,ghz,11,cost,127,2.5852061482645183e-06,0.9999983409715172,True
8,0.05,1.5,ghz,11,cost,127,2.5852061482645183e-06,0.9999983409715172,True
8,0.55,1.1,plus,11,cost,0,0.18874360267323342,0.7958710242243756,False
8,0.55,1.1,plus,11,cost,16,0.021113324452822768,0.9571278896818423,False
8,0.55,1.1,plus,11,cost,32,0.00851850950941091,0.9850009787077031,False
8,0.55,1.1,plus,11,cost,64,0.0005285536158914361,0.999450958276053,True
8,0.55,1.1,plus,11,cost,128,4.41985581565163e-05,0.9999612452185038,True
8,0.55,1.1,plus,11,cost,128,4.41985581565163e-05,0.9999612452185038,True
12,0.8,1.6,ghz,11,cost,11,1.5834790659059195,0.00029409701169258717,False
12,0.8,1.6,ghz,11,cost,31,0.37049101702381,0.20882434445523412,False
12,0.8,1.6,ghz,11,cost,63,0.043738265080185044,0.9139055082352017,False
12,0.8,1.6,ghz,11,cost,95,0.0033283583934690477,0.9940845059972497,False
12,0.8,1.6,ghz,11,cost,127,0.001296707118647748,0.9980352065639152,False
12,0.8,1.6,ghz,11,cost,127,0.001296707118647748,0.9980352065639152,False
8,0.05,1.3,plus,11,cost,0,0.19061985484308552,0.7174198304019108,False
8,0.05,1.3,plus,11,cost,16,0.02117244580546296,0.9472570710598813,False
8,0.05,1.3,plus,11,cost,32,0.004999767450857506,0.9855436072355555,False
8,0.05,1.3,plus,11,cost,64,0.0001890543512910181,0.9998102522506762,True
8,0.05,1.3,plus,11,cost,96,4.11756567881838e-05,0.9999645336865799,True
8,0.05,1.3,plus,11,cost,128,2.2212379622299494e-06,0.9999984488709195,True
8,0.05,1.3,plus,11,cost,128,2.2212379622299494e-06,0.9999984488709195,True
8,0.5,2.0,ghz,11,cost,7,1.6204195191244515,0.01465888106373062,False
8,0.5,2.0,ghz,11,cost,15,0.9767069397820864,0.11107520249382392,False
8,0.5,2.0,ghz,11,cost,31,0.4389029918153957,0.4661916782532344,False
8,0.5,2.0,ghz,11,cost,63,0.00039852013495256244,0.9996222500430936,True
8,0.5,2.0,ghz,11,cost,95,2.534491712591347e-05,0.9999874680514688,True
8,0.5,2.0,ghz,11,cost,127,5.5160313068292055e-06,0.9999972810856206,True
8,0.5,2.0,ghz,11,cost,127,5.5160313068292055e-06,0.9999972810856206,True
8,0.55,1.9,plus,11,cost,0,0.1289046579347255,0.9014357120398776,False
8,0.55,1.9,plus,11,cost,16,0.016999685519167862,0.9800351546558729,False
8,0.55,1.9,plus,11,cost,32,0.0031400639285488197,0.9969915440101141,False
8,0.55,1.9,plus,11,cost,64,9.149542494224505e-05,0.9999480541800051,True
8,0.55,1.9,plus,11,cost,96,3.224514626198882e-05,0.9999824068615801,True
8,0.55,1.9,plus,11,cost,128,7.043209964585628e-06,0.9999964061786283,True
8,0.55,1.9,plus,11,cost,128,7.043209964585628e-06,0.9999964061786283,True
8,0.8,0.6,ghz,11,cost,7,0.7475761295690422,0.000558553013722585,False
8,0.8,0.6,ghz,11,cost,15,0.37002850441902835,0.023144674126448567,False
8,0.8,0.6,ghz,11,cost,31,0.03674838242184508,0.4331093957846646,False
8,0.8,0.6,ghz,11,cost,63,0.02821809916260032,0.5258666150017703,False
8,0.8,0.6,ghz,11,cost,95,0.0067596478250473435,0.9770768935687377,False
8,0.8,0.6,ghz,11,cost,127,0.00196016503556784,0.9948167599430503,False
8,0.8,0.6,ghz,11,cost,127,0.00196016503556784,0.9948167599430503,False
8,0.2,0.9,plus,11,cost,0,0.2278282232600375,0.6261264788295402,False
8,0.2,0.9,plus,11,cost,16,0.013750585245829727,0.9539828221191771,False
8,0.2,0.9,plus,11,cost,32,0.0028567342268170925,0.9872608051790627,False
8,0.2,0.9,plus,11,cost,64,9.67535145734999e-05,0.9998406588486135,True
8,0.2,0.9,plus,11,cost,96,1.3145166512407158e-05,0.9999808410804071,True
8,0.2,0.9,plus,11,cost,128,1.3160782914578562e-06,0.9999984672880584,True
8,0.2,0.9,plus,11,cost,128,1.3160782914578562e-06,0.9999984672880584,True
8,0.3,1.2,plus,11,fixed,0,0.17101349821106382,0.7970358254836657,False
8,0.3,1.2,plus,11,fixed,16,0.00564011782609497,0.9911273419467173,False
8,0.75,1.8,ghz,11,cost,7,1.7076549988927276,0.007226155562764283,False
8,0.75,1.8,ghz,11,cost,15,0.8721955431840047,0.10918388501669035,False
8,0.75,1.8,ghz,11,cost,31,0.042708528194380646,0.9513438044962776,False
8,0.75,1.8,ghz,11,cost,127,5.2037990047715255e-05,0.999971943529639,True
8,0.75,1.8,ghz,11,cost,127,5.2037990047715255e-05,0.999971943529639,True
8,0.675,1.75,antiphase,11,fixed,6,1.2252760309142132,0.04715903985697732,False
8,0.675,1.75,antiphase,11,fixed,22,1.2252760309142132,0.04715903985697732,False
8,0.8,0.5,ghz,37,cost,7,0.6949470817314594,0.00016996601402328608,False
8,0.8,0.5,ghz,37,cost,15,0.0562464333622853,0.3931991683847209,False
8,0.8,0.5,ghz,37,cost,63,0.014023207785137215,0.5046920943757879,False
8,0.8,0.5,ghz,37,cost,95,0.010173617317471018,0.5917358659366738,False
8,0.8,0.5,ghz,37,cost,127,0.0014499046715344965,0.9934053034433247,False
8,0.8,0.5,ghz,37,cost,127,0.0014499046715344965,0.9934053034433247,False
8,0.6,0.3,plus,11,cost,0,0.3624027642032328,0.40394989513236723,False
8,0.6,0.3,plus,11,cost,16,0.04375936873015385,0.6345651159371947,False
8,0.6,0.3,plus,11,cost,32,0.02571490470214688,0.7589317708263907,False
8,0.6,0.3,plus,11,cost,96,0.008335151126076856,0.8317674338993725,False
8,0.6,0.3,plus,11,cost,128,0.00357733346989364,0.9431872246435742,False
8,0.6,0.3,plus,11,cost,128,0.00357733346989364,0.9431872246435742,False
12,0.8,0.4,plus,11,cost,0,0.4529951715909925,0.03841066705977512,False
12,0.8,0.4,plus,11,cost,32,0.1389505768329425,0.10356160595111051,False
12,0.8,0.4,plus,11,cost,64,0.038107894332952696,0.3071520789611105,False
12,0.8,0.4,plus,11,cost,96,0.029552008351427645,0.3283769697074597,False
12,0.8,0.4,plus,11,cost,128,0.028464865451184835,0.33487424808994193,False
12,0.8,0.4,plus,11,cost,128,0.028464865451184835,0.33487424808994193,False
8,0.15,1.3,antiphase,11,cost,6,1.3225757013964188,0.008805705751109073,False
8,0.15,1.3,antiphase,11,cost,16,0.4879455699265802,0.36731591236328026,False
8,0.15,1.3,antiphase,11,cost,32,0.22710155583332248,0.5118198673690467,False
8,0.15,1.3,antiphase,11,cost,64,0.0002043293334175189,0.99952822115916,False
8,0.15,1.3,antiphase,11,cost,128,1.1342155727955827e-06,0.9999991178331067,True
8,0.15,1.3,antiphase,11,cost,128,1.1342155727955827e-06,0.9999991178331067,True
8,0.7,0.9,ghz,11,cost,7,0.837156430684683,0.004979826951579071,False
8,0.7,0.9,ghz,11,cost,15,0.40906592996286584,0.08869239057488715,False
8,0.7,0.9,ghz,11,cost,31,0.16505510781651633,0.3461843529374619,False
8,0.7,0.9,ghz,11,cost,63,0.004131539452832955,0.9928076433832235,False
8,0.7,0.9,ghz,11,cost,127,0.0006403532920662425,0.9991737912273793,True
8,0.7,0.9,ghz,11,cost,127,0.0006403532920662425,0.9991737912273793,True
8,0.8,0.2,plus,11,fixed,0,0.6128660251752662,0.044882969890375046,False
8,0.8,0.2,plus,11,fixed,16,0.27134554464887317,0.07161270239392066,False
8,0.4,0.6,plus,11,cost,0,0.2641573336378703,0.5809824618303892,False
8,0.4,0.6,plus,11,cost,16,0.01605230890259468,0.9360917256476177,False
8,0.4,0.6,plus,11,cost,32,0.005770585044211685,0.9631850605736857,False
8,0.4,0.6,plus,11,cost,64,0.001345400328753854,0.9953728068743335,False
8,0.4,0.6,plus,11,cost,96,0.00029886017381308694,0.9994854544123566,True
8,0.4,0.6,plus,11,cost,128,9.469896382874321e-05,0.9998426198443436,True
8,0.4,0.6,plus,11,cost,128,9.469896382874321e-05,0.9998426198443436,True
8,0.6,0.4,antiphase,11,cost,6,0.12647789499525952,0.1093741343909799,False
8,0.6,0.4,antiphase,11,cost,16,0.08339059205056654,0.17570887483057807,False
8,0.6,0.4,antiphase,11,cost,32,0.049357408753572085,0.3121100456502822,False
8,0.6,0.4,antiphase,11,cost,64,0.01196074584540674,0.959666697301534,False
8,0.6,0.4,antiphase,11,cost,96,0.0038340499953712914,0.9829528299758584,False
8,0.6,0.4,antiphase,11,cost,128,0.0014869611662442495,0.9925017735044722,False
8,0.6,0.4,antiphase,11,cost,128,0.0014869611662442495,0.9925017735044722,False
12,0.3,1.6,antiphase,11,cost,10,1.436351660697146,0.0011632077363142423,False
12,0.3,1.6,antiphase,11,cost,32,0.7002837762211028,0.09972202424395575,False
12,0.3,1.6,antiphase,11,cost,64,0.40320635352515904,0.24078558258338503,False
12,0.3,1.6,antiphase,11,cost,96,0.371590658999058,0.24858304756894944,False
12,0.3,1.6,antiphase,11,cost,128,0.36343027145637424,0.25493759819414896,False
12,0.3,1.6,antiphase,11,cost,128,0.36343027145637424,0.25493759819414896,False
8,0.025,0.15,plus,11,cost,0,0.8307785126306163,0.014488687578571538,False
8,0.025,0.15,plus,11,cost,16,0.2388293535519962,0.49556454703809943,False
8,0.025,0.15,plus,11,cost,32,0.0007375500885696828,0.9984762655386685,True
8,0.025,0.15,plus,11,cost,86,7.068330587500782e-09,0.9999999885794864,True
12,0.0,0.3,antiphase,11,cost,10,1.022629522066643,1.6267736908008544e-11,False
12,0.0,0.3,antiphase,11,cost,32,0.33920052119180716,4.8778725105069114e-05,False
12,0.0,0.3,antiphase,11,cost,64,0.2726534678841029,0.0015993815178797634,False
12,0.0,0.3,antiphase,11,cost,96,0.26527994278346495,3.8256782122419944e-05,False
12,0.0,0.3,antiphase,11,cost,128,0.26160918685172474,0.00010522415286273908,False
12,0.0,0.3,antiphase,11,cost,128,0.26160918685172474,0.00010522415286273908,False
8,0.75,0.8,ghz,11,cost,7,0.8180875139930246,0.002832789766720811,False
8,0.75,0.8,ghz,11,cost,15,0.37650914085744347,0.07195528618319337,False
8,0.75,0.8,ghz,11,cost,31,0.07708339068290426,0.7684557129309704,False
8,0.75,0.8,ghz,11,cost,63,0.007925417086803277,0.9839667291794719,False
8,0.75,0.8,ghz,11,cost,95,0.0036928737050645477,0.9937202629753981,False
8,0.75,0.8,ghz,11,cost,127,0.0009405444617283099,0.9987805392815927,True
8,0.75,0.8,ghz,11,cost,127,0.0009405444617283099,0.9987805392815927,True
8,0.35,0.1,antiphase,11,cost,6,0.3038770185180588,1.4244842584181647e-08,False
8,0.35,0.1,antiphase,11,cost,16,0.29938910025708887,1.8327180226857697e-07,False
8,0.35,0.1,antiphase,11,cost,32,0.296487937943778,1.2386444961432813e-06,False
8,0.35,0.1,antiphase,11,cost,104,5.832592919752244e-08,0.9999997792190329,True
8,0.1,1.5,antiphase,11,cost,6,1.5569611100205483,0.008946037756665618,False
8,0.1,1.5,antiphase,11,cost,16,0.5282249244752295,0.3985565727765792,False
8,0.1,1.5,antiphase,11,cost,32,0.26764743823524695,0.5167267694995539,False
8,0.1,1.5,antiphase,11,cost,64,0.0003170704990345108,0.9995071336230104,True
8,0.1,1.5,antiphase,11,cost,96,1.2253988359800516e-05,0.99999081482011,True
8,0.1,1.5,antiphase,11,cost,128,1.2575289312088955e-06,0.9999991719933696,True
8,0.1,1.5,antiphase,11,cost,128,1.2575289312088955e-06,0.9999991719933696,True
8,0.0,2.0,ghz,11,cost,7,1.1272705587850702,0.06028556232278817,False
8,0.0,2.0,ghz,11,cost,15,0.6997515490291983,0.18726376267161027,False
8,0.0,2.0,ghz,11,cost,31,0.03178215958991126,0.9681525404770905,False
8,0.0,2.0,ghz,11,cost,63,4.355475515804841e-05,0.9999650752545276,True
8,0.0,2.0,ghz,11,cost,95,2.3109302187407366e-06,0.9999988108744957,True
8,0.0,2.0,ghz,11,cost,115,4.729436398065445e-09,0.9999999976270075,True
8,1.0,0.2,ghz,11,cost,7,1.0101672548267024,5.137684347647983e-09,False
8,1.0,0.2,ghz,11,cost,15,0.4804727831618243,1.3416800948809748e-05,False
8,1.0,0.2,ghz,11,cost,31,0.42939368642667797,0.0001294061661583092,False
8,1.0,0.2,ghz,11,cost,63,0.0001331140914855311,0.5002826573817281,False
8,1.0,0.2,ghz,11,cost,95,0.0001252694342293026,0.5004162756439596,False
8,1.0,0.2,ghz,11,cost,107,0.00012512248701823658,0.5004191650832451,False
8,0.175,0.85,plus,11,fixed,0,0.24730975441216774,0.5494274399230202,False
8,0.175,0.85,plus,11,fixed,16,0.039978806152698665,0.8499010849331631,False
8,0.475,1.75,antiphase,11,fixed,6,1.406694706481276,0.028322249698221644,False
8,0.475,1.75,antiphase,11,fixed,22,1.406694706481276,0.028322249698221637,False
8,0.75,0.2,ghz,11,cost,7,0.513806329972659,2.7907341258989906e-07,False
8,0.75,0.2,ghz,11,cost,15,0.4936097337272042,1.4044179729627636e-05,False
8,0.75,0.2,ghz,11,cost,31,0.18594004060719316,0.00027807471376559996,False
8,0.75,0.2,ghz,11,cost,63,0.17881244984677913,0.001784214115956427,False
8,0.75,0.2,ghz,11,cost,95,0.00031801893827454464,0.5013704200418598,False
8,0.75,0.2,ghz,11,cost,127,0.0003110362623075513,0.5019401935823543,False
8,0.75,0.2,ghz,11,cost,127,0.0003110362623075513,0.5019401935823543,False
8,0.8,2.0,plus,11,cost,0,0.15321455010663243,0.8885504021055464,False
8,0.8,2.0,plus,11,cost,16,0.04951598829987036,0.9455025616645855,False
8,0.8,2.0,plus,11,cost,32,0.0063227043132036975,0.9950785431714837,False
8,0.8,2.0,plus,11,cost,64,0.0003683805705851917,0.9997710676178627,True
8,0.8,2.0,plus,11,cost,128,3.321432216329967e-05,0.9999833872473413,True
8,0.8,2.0,plus,11,cost,128,3.321432216329967e-05,0.9999833872473413,True
12,0.3,0.3,antiphase,11,cost,10,0.4337557895035915,5.40884951723739e-08,False
12,0.3,0.3,antiphase,11,cost,32,0.3721810817737796,3.2278425629934867e-05,False
12,0.3,0.3,antiphase,11,cost,64,0.07235743429652637,0.004425914444214549,False
12,0.3,0.3,antiphase,11,cost,128,8.531236045368946e-05,0.9987243725378588,True
12,0.3,0.3,antiphase,11,cost,128,8.531236045368946e-05,0.9987243725378588,True
8,0.65,1.9,plus,11,cost,0,0.13858493446342735,0.8957914255988763,False
8,0.65,1.9,plus,11,cost,16,0.028293028497897055,0.9671055934463135,False
8,0.65,1.9,plus,11,cost,32,0.004416340070596547,0.9961396910661717,False
8,0.65,1.9,plus,11,cost,96,6.972933188631458e-05,0.9999624538233487,True
8,0.65,1.9,plus,11,cost,128,1.4060863569476112e-05,0.9999927439951005,True
8,0.65,1.9,plus,11,cost,128,1.4060863569476112e-05,0.9999927439951005,True
8,0.5,0.8,antiphase,11,cost,6,0.5252097681680146,0.031627374022019865,False
8,0.5,0.8,antiphase,11,cost,16,0.28101308407340264,0.25214873680882904,False
8,0.5,0.8,antiphase,11,cost,32,0.035196829862571,0.8983535006863168,False
8,0.5,0.8,antiphase,11,cost,64,0.0020069295769673534,0.995998423156072,False
8,0.5,0.8,antiphase,11,cost,96,0.0001979353298211528,0.9997404242767781,True
8,0.5,0.8,antiphase,11,cost,128,9.531541819640665e-05,0.9998961365761896,True
8,0.5,0.8,antiphase,11,cost,128,9.531541819640665e-05,0.9998961365761896,True
12,0.8,0.9,antiphase,11,cost,10,0.3741358672226263,0.030359017063359285,False
12,0.8,0.9,antiphase,11,cost,32,0.1630528724755953,0.18134918514984077,False
12,0.8,0.9,antiphase,11,cost,64,0.044721783005670236,0.8208133046647674,False
12,0.8,0.9,antiphase,11,cost,96,0.011474100958511238,0.956699899379011,False
12,0.8,0.9,antiphase,11,cost,128,0.004482459605287037,0.9875610995716955,False
12,0.8,0.9,antiphase,11,cost,128,0.004482459605287037,0.9875610995716955,False
8,0.2,0.4,plus,11,cost,0,0.45204812934892097,0.07378323538498492,False
8,0.2,0.4,plus,11,cost,16,0.09814167291843556,0.4603922316445206,False
8,0.2,0.4,plus,11,cost,32,0.0017782912072893398,0.9929158797669624,False
8,0.2,0.4,plus,11,cost,64,0.00018941791210258518,0.9992850912667001,True
8,0.2,0.4,plus,11,cost,128,9.835627000631675e-07,0.9999984665250162,True
8,0.2,0.4,plus,11,cost,128,9.835627000631675e-07,0.9999984665250162,True
8,0.975,1.75,ghz,11,fixed,7,1.9312139933758994,0.0035568753231392373,False
8,0.975,1.75,ghz,11,fixed,23,0.13073835226235353,0.8845988609700512,False
8,0.675,0.85,ghz,11,fixed,7,0.7645717837496815,0.0054690272157384215,False
8,0.675,0.85,ghz,11,fixed,23,0.1596198173891964,0.6021535594242063,False
8,0.525,1.25,antiphase,11,fixed,6,0.8963906429529297,0.035914632971368494,False
8,0.525,1.25,antiphase,11,fixed,22,0.8963906429529297,0.035914632971368494,False
8,0.95,1.4,ghz,11,cost,7,1.5871937523252775,0.0027281352643655403,False
8,0.95,1.4,ghz,11,cost,15,0.7246510741425161,0.1001911435113095,False
8,0.95,1.4,ghz,11,cost,31,0.21981434515812204,0.4517282480635411,False
8,0.95,1.4,ghz,11,cost,63,0.002919720961666261,0.9973423973998934,False
8,0.95,1.4,ghz,11,cost,95,0.0006463460113539377,0.9994549261084161,True
8,0.95,1.4,ghz,11,cost,127,0.0002776184986814645,0.9997904263511395,True
8,0.95,1.4,ghz,11,cost,127,0.0002776184986814645,0.9997904263511395,True
8,0.05,0.2,antiphase,11,cost,6,0.9105609806571829,9.386286910939152e-09,False
8,0.05,0.2,antiphase,11,cost,16,0.6537785652221998,1.594580542800542e-05,False
8,0.05,0.2,antiphase,11,cost,32,0.0013348936818230461,0.9971811834187995,False
8,0.05,0.2,antiphase,11,cost,96,2.352504753222462e-07,0.9999994596074357,True
8,0.05,0.2,antiphase,11,cost,114,1.1055352189259793e-09,0.9999999984775934,True
8,0.5,0.15,plus,37,gradient,0,0.42108108440839953,0.23835876833969474,False
8,0.5,0.15,plus,37,gradient,16,0.02902849583151068,0.5373964737046132,False
8,0.5,0.15,plus,37,gradient,32,0.02263984820253173,0.6631515877610115,False
8,0.5,0.15,plus,37,gradient,64,0.016691385246739077,0.7549370723222399,False
8,0.5,0.15,plus,37,gradient,96,0.006919359263187874,0.8146248017236933,False
8,0.5,0.15,plus,37,gradient,128,0.0022590590010297396,0.9818233879471007,False
8,0.5,0.15,plus,37,gradient,128,0.0022590590010297396,0.9818233879471007,False
8,0.8,2.0,antiphase,11,cost,6,1.3532145501066306,0.05573276581752108,False
8,0.8,2.0,antiphase,11,cost,16,0.4912621831103665,0.46314170763404017,False
8,0.8,2.0,antiphase,11,cost,32,0.03488375133670818,0.963729271660234,False
8,0.8,2.0,antiphase,11,cost,64,0.0008654867837507574,0.9994920743206215,True
8,0.8,2.0,antiphase,11,cost,96,0.0002047655962411632,0.999891898882142,True
8,0.8,2.0,antiphase,11,cost,128,2.0814005108338307e-05,0.9999896554433174,True
8,0.8,2.0,antiphase,11,cost,128,2.0814005108338307e-05,0.9999896554433174,True
8,0.025,0.15,plus,11,fixed,0,0.8307785126306163,0.014488687578571538,False
8,0.025,0.15,plus,11,fixed,16,0.43232779158550483,0.13972576629706795,False
8,0.3,1.2,ghz,23,cost,7,0.6710134982110622,0.04761908843861139,False
8,0.3,1.2,ghz,23,cost,15,0.444730539683178,0.13824509093157866,False
8,0.3,1.2,ghz,23,cost,31,0.03699919767802928,0.9421976293987618,False
8,0.3,1.2,ghz,23,cost,63,0.00011183956025240249,0.9998129419077025,True
8,0.3,1.2,ghz,23,cost,95,1.3810004093173234e-05,0.9999879890066266,True
8,0.3,1.2,ghz,23,cost,127,4.151168656818527e-06,0.9999968244501144,True
8,0.3,1.2,ghz,23,cost,127,4.151168656818527e-06,0.9999968244501144,True
8,0.45,1.5,ghz,11,cost,7,1.0962498614125513,0.01950675784481793,False
8,0.45,1.5,ghz,11,cost,15,0.6437844727013522,0.1442367946280724,False
8,0.45,1.5,ghz,11,cost,31,0.020520427931887353,0.9742671426733766,False
8,0.45,1.5,ghz,11,cost,63,0.00022374936927871403,0.9997854988218928,True
8,0.45,1.5,ghz,11,cost,95,2.938064193513945e-05,0.999979976676422,True
8,0.45,1.5,ghz,11,cost,127,1.0866322499358816e-05,0.999992926608321,True
8,0.45,1.5,ghz,11,cost,127,1.0866322499358816e-05,0.999992926608321,True
8,0.0,0.9,plus,23,gradient,0,0.3216609572519995,0.3126943576453465,False
8,0.0,0.9,plus,23,gradient,16,0.08158799698320651,0.6560866349029641,False
8,0.0,0.9,plus,23,gradient,32,0.048355033910762124,0.7908097041264674,False
8,0.0,0.9,plus,23,gradient,64,0.0022659698168272513,0.9959108382367298,False
8,0.0,0.9,plus,23,gradient,96,8.405114858778262e-06,0.9999915017526113,True
8,0.0,0.9,plus,23,gradient,100,2.3928858894350924e-11,0.9999999999695621,True
8,0.975,0.35,plus,11,gradient,0,0.6581335550223383,0.06991664435039159,False
8,0.975,0.35,plus,11,gradient,32,0.0016594238086875546,0.5002401743952204,False
8,0.975,0.35,plus,11,gradient,64,0.001420242917301362,0.502381191323406,False
8,0.975,0.35,plus,11,gradient,96,0.0012703885832736628,0.5044872129157244,False
8,0.975,0.35,plus,11,gradient,128,0.0012642545299847985,0.5044693700447745,False
8,0.975,0.35,plus,11,gradient,128,0.0012642545299847985,0.5044693700447745,False
8,0.4,0.3,ghz,11,cost,7,0.05991199968237104,0.19574299269926798,False
8,0.4,0.3,ghz,11,cost,15,0.04121186514217634,0.2285089968448824,False
8,0.4,0.3,ghz,11,cost,31,0.021599268524193804,0.294635075377877,False
8,0.4,0.3,ghz,11,cost,63,0.018269837184368143,0.40115785910753754,False
8,0.4,0.3,ghz,11,cost,95,0.0011353815583120541,0.9801931225240117,False
8,0.4,0.3,ghz,11,cost,127,0.0005410596234664,0.9929601236225171,False
8,0.4,0.3,ghz,11,cost,127,0.0005410596234664,0.9929601236225171,False
8,0.0,1.8,plus,23,gradient,0,0.14217167596568547,0.8415226516860692,False
8,0.0,1.8,plus,23,gradient,16,0.009957137558152418,0.984810631165482,False
8,0.0,1.8,plus,23,gradient,64,0.0015794166905853668,0.9971849674842708,False
8,0.0,1.8,plus,23,gradient,96,5.6173386314473106e-05,0.999963986305801,True
8,0.0,1.8,plus,23,gradient,128,1.3485184635619873e-06,0.99999926809501,True
8,0.0,1.8,plus,23,gradient,128,1.3485184635619873e-06,0.99999926809501,True
8,0.675,1.25,plus,11,fixed,0,0.1894112447230727,0.8155595429928644,False
8,0.675,1.25,plus,11,fixed,16,0.03233478619002117,0.9418816011112344,False
8,0.8,1.2,antiphase,11,cost,6,0.6202060867657855,0.11001980552767686,False
8,0.8,1.2,antiphase,11,cost,16,0.38870753252076673,0.2957041187364295,False
8,0.8,1.2,antiphase,11,cost,32,0.06188721375684958,0.8834040355257547,False
8,0.8,1.2,antiphase,11,cost,64,0.001950311469874233,0.998071266639651,False
8,0.8,1.2,antiphase,11,cost,96,0.0005237841240093299,0.9994953028516558,True
8,0.8,1.2,antiphase,11,cost,128,0.0002345083119150715,0.999794717859046,True
8,0.8,1.2,antiphase,11,cost,128,0.0002345083119150715,0.999794717859046,True
8,0.65,1.9,antiphase,11,cost,6,1.3885849344634233,0.04167628741503193,False
8,0.65,1.9,antiphase,11,cost,16,0.49833045882342253,0.44435669011665035,False
8,0.65,1.9,antiphase,11,cost,32,0.030716030403163508,0.9653219713719491,False
8,0.65,1.9,antiphase,11,cost,64,0.0005260923430734366,0.999608861603071,True
8,0.65,1.9,antiphase,11,cost,96,5.7772964307645225e-05,0.9999679921657126,True
8,0.65,1.9,antiphase,11,cost,128,2.1628872863388438e-05,0.9999885530812013,True
8,0.65,1.9,antiphase,11,cost,128,2.1628872863388438e-05,0.9999885530812013,True
12,0.8,1.7,antiphase,11,cost,10,1.075308416282959,0.008344160754393933,False
12,0.8,1.7,antiphase,11,cost,32,0.31190583508163766,0.42452395807332494,False
12,0.8,1.7,antiphase,11,cost,64,0.024152733694487043,0.9520781281703864,False
12,0.8,1.7,antiphase,11,cost,96,0.0030565854777571864,0.9949596301475279,False
12,0.8,1.7,antiphase,11,cost,128,0.0009982074174779143,0.9986845823554444,True
12,0.8,1.7,antiphase,11,cost,128,0.0009982074174779143,0.9986845823554444,True
8,0.6,0.7,antiphase,11,cost,6,0.3523741506399851,0.06856118904264319,False
8,0.6,0.7,antiphase,11,cost,16,0.20552474617740313,0.26131253054128045,False
8,0.6,0.7,antiphase,11,cost,32,0.07282027931299451,0.7556203855893281,False
8,0.6,0.7,antiphase,11,cost,96,0.0012661023645518243,0.9979266699313104,False
8,0.6,0.7,antiphase,11,cost,128,0.0004801823059323862,0.9992389994665387,True
8,0.6,0.7,antiphase,11,cost,128,0.0004801823059323862,0.9992389994665387,True
8,1.0,0.1,ghz,11,cost,7,1.0025104258628816,1.9671944536899218e-11,False
8,1.0,0.1,ghz,11,cost,15,0.0012608164877290218,0.49872939836670915,False
8,1.0,0.1,ghz,11,cost,31,1.3405415131506615e-05,0.4999912155156343,False
8,1.0,0.1,ghz,11,cost,63,8.613406058399775e-06,0.500013229895923,False
8,1.0,0.1,ghz,11,cost,83,7.824097452813206e-06,0.5000268746970384,False
12,0.8,1.8,ghz,11,cost,11,1.7678554685149093,0.000339862146652149,False
12,0.8,1.8,ghz,11,cost,31,0.4490151015214196,0.19833051824878423,False
12,0.8,1.8,ghz,11,cost,63,0.22836488349723036,0.5063760085716402,False
12,0.8,1.8,ghz,11,cost,95,0.004158707957065448,0.9935502979341885,False
12,0.8,1.8,ghz,11,cost,127,0.00099150630149758,0.9985715850729994,True
12,0.8,1.8,ghz,11,cost,127,0.00099150630149758,0.9985715850729994,True
8,0.8,0.5,ghz,23,cost,7,0.6949470817314594,0.00016996601402328608,False
8,0.8,0.5,ghz,23,cost,15,0.600768691950987,0.0014736790922578343,False
8,0.8,0.5,ghz,23,cost,31,0.1569938705427515,0.09044692664123642,False
8,0.8,0.5,ghz,23,cost,63,0.01258715716292047,0.5311966652651738,False
8,0.8,0.5,ghz,23,cost,95,0.010320533701718815,0.5714837086318264,False
8,0.8,0.5,ghz,23,cost,127,0.001911786463414944,0.9915741101858949,False
8,0.8,0.5,ghz,23,cost,127,0.001911786463414944,0.9915741101858949,False
8,0.0,0.6,antiphase,11,cost,6,1.0926043067862417,3.3486918400669104e-05,False
8,0.0,0.6,antiphase,11,cost,16,0.7328268644601088,0.012010886365942799,False
8,0.0,0.6,antiphase,11,cost,32,0.4254186703727695,0.47994975916519267,False
8,0.0,0.6,antiphase,11,cost,64,0.003446993646347485,0.990089263085052,False
8,0.0,0.6,antiphase,11,cost,96,0.0002713898810491333,0.9994668908597711,True
8,0.0,0.6,antiphase,11,cost,128,1.7131143225102008e-05,0.9999821087617596,True
8,0.0,0.6,antiphase,11,cost,128,1.7131143225102008e-05,0.9999821087617596,True
8,1.0,1.7,plus,11,cost,0,0.21750106162119676,0.8118894697973389,False
8,1.0,1.7,plus,11,cost,16,0.08069134317043902,0.9049768126666147,False
8,1.0,1.7,plus,11,cost,32,0.01707686184068624,0.9798513034833736,False
8,1.0,1.7,plus,11,cost,64,0.0008369047690188758,0.9994052880177893,True
8,1.0,1.7,plus,11,cost,96,0.0003994191211640352,0.9997416681824688,True
8,1.0,1.7,plus,11,cost,128,0.00013663043988421109,0.999917124062232,True
8,1.0,1.7,plus,11,cost,128,0.00013663043988421109,0.999917124062232,True
8,0.325,1.25,ghz,11,cost,7,0.7400461773692338,0.039479183816623985,False
8,0.325,1.25,ghz,11,cost,15,0.4700194439861143,0.1557589007169553,False
8,0.325,1.25,ghz,11,cost,31,0.036451912644043905,0.9459131568582221,False
8,0.325,1.25,ghz,11,cost,63,0.00038023913997076164,0.9992338302765216,False
8,0.325,1.25,ghz,11,cost,95,9.448638542242094e-06,0.9999925143417014,True
8,0.325,1.25,ghz,11,cost,127,2.8393444020391456e-06,0.9999978820201482,True
8,0.325,1.25,ghz,11,cost,127,2.8393444020391456e-06,0.9999978820201482,True
8,0.75,1.3,ghz,11,cost,7,1.2479221190855463,0.005753864563394501,False
8,0.75,1.3,ghz,11,cost,15,0.4856611642500619,0.14132612853846105,False
8,0.75,1.3,ghz,11,cost,31,0.0688218142012822,0.8934635243101477,False
8,0.75,1.3,ghz,11,cost,63,0.0012359043833978234,0.9987907024421394,False
8,0.75,1.3,ghz,11,cost,95,0.00035926046375700516,0.9996636607984862,True
8,0.75,1.3,ghz,11,cost,127,0.00022286467766718943,0.9998108795823426,True
8,0.75,1.3,ghz,11,cost,127,0.00022286467766718943,0.9998108795823426,True
8,0.825,0.85,plus,11,fixed,0,0.2854187034614859,0.6238655695756237,False
8,0.825,0.85,plus,11,fixed,16,0.08800211204929687,0.7388381859275949,False
8,0.15,1.9,ghz,11,cost,7,1.172060388043498,0.04210221824534259,False
8,0.15,1.9,ghz,11,cost,15,0.73355741499079,0.1567521861320355,False
8,0.15,1.9,ghz,11,cost,31,0.02872537513537754,0.9703708342048218,False
8,0.15,1.9,ghz,11,cost,89,8.210418744880599e-08,0.9999999534376324,True
8,0.5,0.4,antiphase,11,cost,6,0.21964314576140664,0.015708478227469968,False
8,0.5,0.4,antiphase,11,cost,16,0.166948275452244,0.04828970563314626,False
8,0.5,0.4,antiphase,11,cost,32,0.11913073060076662,0.22574677082947686,False
8,0.5,0.4,antiphase,11,cost,64,0.00715755658164563,0.9582103377308091,False
8,0.5,0.4,antiphase,11,cost,96,0.002417375991275561,0.9925269507865339,False
8,0.5,0.4,antiphase,11,cost,128,0.0007440431075022014,0.9980790368695778,True
8,0.5,0.4,antiphase,11,cost,128,0.0007440431075022014,0.9980790368695778,True
8,0.9,0.5,plus,11,cost,0,0.47930541589793174,0.17132685949397763,False
8,0.9,0.5,plus,11,cost,16,0.1616771898158864,0.325096319297375,False
8,0.9,0.5,plus,11,cost,32,0.00820920809667025,0.6654223677021767,False
8,0.9,0.5,plus,11,cost,64,0.0007538769077528595,0.9974971201786917,True
8,0.9,0.5,plus,11,cost,96,0.00046755844648493916,0.9983645923307048,True
8,0.9,0.5,plus,11,cost,128,0.00037695003582949305,0.9987844994668725,True
8,0.9,0.5,plus,11,cost,128,0.00037695003582949305,0.9987844994668725,True
8,0.025,0.85,plus,11,gradient,0,0.3275247217057198,0.29268996911459916,False
8,0.025,0.85,plus,11,gradient,16,0.08017879185691745,0.6441697907031015,False
8,0.025,0.85,plus,11,gradient,64,0.0008436028217460034,0.9984926071425636,True
8,0.025,0.85,plus,11,gradient,96,6.508318035614025e-07,0.9999992895662589,True
8,0.025,0.85,plus,11,gradient,102,2.5959158822530526e-07,0.9999996920382124,True
8,0.1,1.1,ghz,11,cost,7,0.4131413847636949,0.19085143506617455,False
8,0.1,1.1,ghz,11,cost,15,0.252505219228512,0.33624321728522294,False
8,0.1,1.1,ghz,11,cost,31,0.043668582807641965,0.9269270287832221,False
8,0.1,1.1,ghz,11,cost,63,0.000563026952774548,0.9991203515386217,False
8,0.1,1.1,ghz,11,cost,127,1.0683466701522093e-05,0.9999900352771064,True
8,0.1,1.1,ghz,11,cost,127,1.0683466701522093e-05,0.9999900352771064,True
8,0.0,0.7,plus,11,cost,0,0.4279667676728792,0.142418458887198,False
8,0.0,0.7,plus,11,cost,16,0.13534146205605424,0.4965342689770301,False
8,0.0,0.7,plus,11,cost,32,0.0034280787717149153,0.9899981389546094,False
8,0.0,0.7,plus,11,cost,64,8.842960546640022e-05,0.9998588070564174,True
8,0.0,0.7,plus,11,cost,92,1.180811004530824e-11,0.9999999999803366,True
8,0.3,0.9,plus,11,cost,0,0.21140881480689766,0.6999081446232818,False
8,0.3,0.9,plus,11,cost,16,0.009825470659256874,0.9793840866404037,False
8,0.3,0.9,plus,11,cost,32,0.000927492924727602,0.9971036872382807,False
8,0.3,0.9,plus,11,cost,64,0.00013350049031402023,0.9997496383489876,True
8,0.3,0.9,plus,11,cost,96,2.3535875106173165e-05,0.9999717052425842,True
8,0.3,0.9,plus,11,cost,128,6.376445223832405e-06,0.9999924699680504,True
8,0.3,0.9,plus,11,cost,128,6.376445223832405e-06,0.9999924699680504,True
8,0.475,0.55,plus,11,gradient,0,0.2757017496456531,0.5622310492877789,False
8,0.475,0.55,plus,11,gradient,16,0.02414672598022971,0.8995139681302956,False
8,0.475,0.55,plus,11,gradient,32,0.015541031179073572,0.921243188230379,False
8,0.475,0.55,plus,11,gradient,64,0.005655095164283308,0.9750431640352348,False
8,0.475,0.55,plus,11,gradient,128,0.0003985100965504529,0.9992042643562009,True
8,0.475,0.55,plus,11,gradient,128,0.0003985100965504529,0.9992042643562009,True
8,0.675,0.15,antiphase,11,fixed,6,0.008564562137106657,0.972983683524209,False
8,0.675,0.15,antiphase,11,fixed,22,0.008564562137106657,0.972983683524209,False
8,0.45,0.5,ghz,11,cost,7,0.23891827461213977,0.02737321060366971,False
8,0.45,0.5,ghz,11,cost,15,0.18447938195428903,0.05272314303204732,False
8,0.45,0.5,ghz,11,cost,31,0.05579001050231769,0.6397366410144203,False
8,0.45,0.5,ghz,11,cost,63,0.005458889168440395,0.9731676881618612,False
8,0.45,0.5,ghz,11,cost,95,0.0012793109081565834,0.9966004358928042,False
8,0.45,0.5,ghz,11,cost,127,0.0003827689454183325,0.9989807543858791,True
8,0.45,0.5,ghz,11,cost,127,0.0003827689454183325,0.9989807543858791,True
8,0.8,0.5,antiphase,37,fixed,6,0.0949470817314596,0.6790659494168515,False
8,0.8,0.5,antiphase,37,fixed,22,0.0949470817314596,0.6790659494168515,False
8,0.6,1.2,ghz,11,cost,7,0.9837612656665209,0.010698961900599036,False
8,0.6,1.2,ghz,11,cost,15,0.6197289429374399,0.07913595810693283,False
8,0.6,1.2,ghz,11,cost,31,0.21764264701374558,0.5040494089119067,False
8,0.6,1.2,ghz,11,cost,63,0.001354418382950584,0.9986242467449442,False
8,0.6,1.2,ghz,11,cost,95,0.00019202037578258668,0.9998397402560891,True
8,0.6,1.2,ghz,11,cost,127,6.114082547536981e-05,0.9999506135811421,True
8,0.6,1.2,ghz,11,cost,127,6.114082547536981e-05,0.9999506135811421,True
8,0.0,0.9,ghz,37,fixed,7,0.2216609572519983,0.534477467885496,False
8,0.0,0.9,ghz,37,fixed,23,0.026302906257427594,0.8914196287781212,False
8,0.55,0.8,plus,11,cost,0,0.22899740015422565,0.7066996677443441,False
8,0.55,0.8,plus,11,cost,16,0.02508451138440826,0.9325690103908798,False
8,0.55,0.8,plus,11,cost,32,0.013592908698181638,0.9648964797530154,False
8,0.55,0.8,plus,11,cost,64,0.0014951279005726015,0.9976391655574072,False
8,0.55,0.8,plus,11,cost,96,0.0003185866119577163,0.9996027527571946,True
8,0.55,0.8,plus,11,cost,128,0.00014740044286032372,0.9998357755656698,True
8,0.55,0.8,plus,11,cost,128,0.00014740044286032372,0.9998357755656698,True
8,0.15,1.1,ghz,11,cost,7,0.45104541711356494,0.14048028823707417,False
8,0.15,1.1,ghz,11,cost,15,0.2813745075518912,0.27767467708391774,False
8,0.15,1.1,ghz,11,cost,31,0.04592344579057994,0.9146446247345764,False
8,0.15,1.1,ghz,11,cost,63,0.00018414951582945704,0.9996868283234862,True
8,0.15,1.1,ghz,11,cost,127,7.654681386526363e-07,0.9999992780576619,True
8,0.15,1.1,ghz,11,cost,127,7.654681386526363e-07,0.9999992780576619,True
8,0.325,1.25,antiphase,11,cost,6,1.0900461773692338,0.01678996760782206,False
8,0.325,1.25,antiphase,11,cost,16,0.43236624673735236,0.3546524577956059,False
8,0.325,1.25,antiphase,11,cost,32,0.24055468245587308,0.4511537373256681,False
8,0.325,1.25,antiphase,11,cost,64,0.00030981029207444166,0.9994842717722867,True
8,0.325,1.25,antiphase,11,cost,96,6.960380312781567e-06,0.9999947686521687,True
8,0.325,1.25,antiphase,11,cost,128,3.167404462267598e-06,0.9999976069201015,True
8,0.325,1.25,antiphase,11,cost,128,3.167404462267598e-06,0.9999976069201015,True
12,0.8,1.5,plus,11,cost,0,0.1924786748583728,0.744281733064625,False
12,0.8,1.5,plus,11,cost,32,0.03644638371304065,0.919077061763557,False
12,0.8,1.5,plus,11,cost,64,0.004657534209408769,0.9908441399219381,False
12,0.8,1.5,plus,11,cost,128,0.0012312411050213374,0.9977393607062011,False
12,0.8,1.5,plus,11,cost,128,0.0012312411050213374,0.9977393607062011,False
8,0.15,0.6,antiphase,11,cost,6,0.8146643244468316,0.0003047970779500766,False
8,0.15,0.6,antiphase,11,cost,16,0.5692482049250287,0.11570508521457405,False
8,0.15,0.6,antiphase,11,cost,32,0.3240185814765918,0.46153737057013555,False
8,0.15,0.6,antiphase,11,cost,128,2.7860785450584125e-05,0.9999660442810155,True
8,0.15,0.6,antiphase,11,cost,128,2.7860785450584125e-05,0.9999660442810155,True
8,0.45,0.15,antiphase,23,cost,6,0.12172680403016128,0.00048412150083379453,False
8,0.45,0.15,antiphase,23,cost,16,0.11385725380094014,0.0010544370965192916,False
8,0.45,0.15,antiphase,23,cost,32,0.10868686420985046,0.0025663779389999836,False
8,0.45,0.15,antiphase,23,cost,64,0.0036963874397883956,0.8001360432869843,False
8,0.45,0.15,antiphase,23,cost,96,0.002954570499651532,0.8275156565327374,False
8,0.45,0.15,antiphase,23,cost,128,0.001688826962204626,0.9317736648925411,False
8,0.45,0.15,antiphase,23,cost,128,0.001688826962204626,0.9317736648925411,False
8,0.55,0.3,antiphase,11,cost,6,0.10670554462705817,0.030662593345979757,False
8,0.55,0.3,antiphase,11,cost,16,0.08059266525555253,0.04971186393912391,False
8,0.55,0.3,antiphase,11,cost,32,0.06130180895724724,0.09287141214216667,False
8,0.55,0.3,antiphase,11,cost,64,0.012088521370268501,0.8722537813616608,False
8,0.55,0.3,antiphase,11,cost,96,0.004319540693629609,0.9717057916131417,False
8,0.55,0.3,antiphase,11,cost,128,0.0015483281149033523,0.9938352957874926,False
8,0.55,0.3,antiphase,11,cost,128,0.0015483281149033523,0.9938352957874926,False
8,0.25,0.4,antiphase,11,cost,6,0.5569147683005566,8.553497552830322e-05,False
8,0.25,0.4,antiphase,11,cost,16,0.47611880823014474,0.003708331942204003,False
8,0.25,0.4,antiphase,11,cost,32,0.01624899541412128,0.9338421911184145,False
8,0.25,0.4,antiphase,11,cost,128,6.734769317673361e-06,0.9999888021985273,True
8,0.25,0.4,antiphase,11,cost,128,6.734769317673361e-06,0.9999888021985273,True
8,0.55,0.2,plus,11,cost,0,0.398340939129821,0.2976654799775132,False
8,0.55,0.2,plus,11,cost,16,0.04092621237112182,0.5374564809216581,False
8,0.55,0.2,plus,11,cost,32,0.02709333058367991,0.6023604691900912,False
8,0.55,0.2,plus,11,cost,64,0.01575359921126629,0.6029901403137472,False
8,0.55,0.2,plus,11,cost,96,0.005331358290860733,0.9116467424805729,False
8,0.55,0.2,plus,11,cost,128,0.0009888623083869064,0.9862949358740591,False
8,0.55,0.2,plus,11,cost,128,0.0009888623083869064,0.9862949358740591,False
8,0.4,0.25,plus,11,cost,0,0.38421059997094054,0.23798112360024104,False
8,0.4,0.25,plus,11,cost,16,0.028174533852892703,0.7427849367243631,False
8,0.4,0.25,plus,11,cost,32,0.003542741411577177,0.9375721611113752,False
8,0.4,0.25,plus,11,cost,64,0.0005016497543601783,0.996450968512653,False
8,0.4,0.25,plus,11,cost,96,9.400382021862441e-05,0.9996523362357137,True
8,0.4,0.25,plus,11,cost,128,3.775698731511845e-05,0.9997390301845613,True
8,0.4,0.25,plus,11,cost,128,3.775698731511845e-05,0.9997390301845613,True
8,0.4,0.7,plus,11,cost,0,0.24189721672857833,0.6387376044211874,False
8,0.4,0.7,plus,11,cost,16,0.01359807465979257,0.9529334669932348,False
8,0.4,0.7,plus,11,cost,32,0.00587443938766008,0.9718877762221148,False
8,0.4,0.7,plus,11,cost,64,0.0009239321728655714,0.9979665779165069,False
8,0.4,0.7,plus,11,cost,96,0.00017154276677366909,0.9997623821665262,True
8,0.4,0.7,plus,11,cost,128,4.760741964549009e-05,0.9999345674777514,True
8,0.4,0.7,plus,11,cost,128,4.760741964549009e-05,0.9999345674777514,True
8,0.6,1.8,ghz,11,cost,7,1.5387849307944892,0.011266882589839197,False
8,0.6,1.8,ghz,11,cost,15,0.8553846805276188,0.134324288690859,False
8,0.6,1.8,ghz,11,cost,31,0.07034772490104091,0.9348296132995847,False
8,0.6,1.8,ghz,11,cost,63,0.0007915163955978244,0.9993542669614467,True
8,0.6,1.8,ghz,11,cost,95,9.534952575007694e-05,0.9999428651108185,True
8,0.6,1.8,ghz,11,cost,127,2.2953005460069065e-05,0.9999870000241712,True
8,0.6,1.8,ghz,11,cost,127,2.2953005460069065e-05,0.9999870000241712,True
8,0.3,0.4,antiphase,23,cost,6,0.4646590718118197,0.00035639974590884096,False
8,0.3,0.4,antiphase,23,cost,16,0.3556480415371001,0.018113964132681792,False
8,0.3,0.4,antiphase,23,cost,32,0.11207938231795089,0.07512783257460345,False
8,0.3,0.4,antiphase,23,cost,64,0.0032099966995843277,0.9601596640078611,False
8,0.3,0.4,antiphase,23,cost,128,2.2573082294141678e-05,0.9999500378880284,True
8,0.3,0.4,antiphase,23,cost,128,2.2573082294141678e-05,0.9999500378880284,True
8,0.0,1.0,plus,37,fixed,0,0.2814577238707543,0.4215096173044166,False
8,0.0,1.0,plus,37,fixed,16,0.09037356989493284,0.665276296325692,False
8,0.95,0.1,plus,11,cost,0,0.8526439293922242,0.023924340851807294,False
8,0.95,0.1,plus,11,cost,32,1.1746943804014087e-05,0.5000030434780038,False
8,0.95,0.1,plus,11,cost,64,9.597313419873466e-06,0.5000225704702139,False
8,0.95,0.1,plus,11,cost,76,9.133575760933432e-06,0.5000295650761024,False
8,1.0,1.6,antiphase,11,cost,6,0.8281207348072144,0.12478634811291313,False
8,1.0,1.6,antiphase,11,cost,16,0.33253480992336293,0.540503228943825,False
8,1.0,1.6,antiphase,11,cost,32,0.033891288243875994,0.9609217070997836,False
8,1.0,1.6,antiphase,11,cost,64,0.002142721971432504,0.9983593820432738,False
8,1.0,1.6,antiphase,11,cost,128,0.00027012144587557074,0.999812400759231,True
8,1.0,1.6,antiphase,11,cost,128,0.00027012144587557074,0.999812400759231,True
8,0.45,1.9,antiphase,11,cost,6,1.5723678376976111,0.0262126348499301,False
8,0.45,1.9,antiphase,11,cost,16,0.9277028344608889,0.2278642477637047,False
8,0.45,1.9,antiphase,11,cost,32,0.03487747577048772,0.9632877307855088,False
8,0.45,1.9,antiphase,11,cost,64,0.00025302333995735893,0.9998293685798204,True
8,0.45,1.9,antiphase,11,cost,128,2.1179665434800654e-06,0.9999989489792728,True
8,0.45,1.9,antiphase,11,cost,128,2.1179665434800654e-06,0.9999989489792728,True
8,0.3,1.7,antiphase,11,cost,6,1.5298347398184866,0.01793387874390037,False
8,0.3,1.7,antiphase,11,cost,16,0.5257828895518595,0.41500704191300125,False
8,0.3,1.7,antiphase,11,cost,32,0.3438290207194974,0.4660907011515769,False
8,0.3,1.7,antiphase,11,cost,64,0.00015880871786655426,0.9998020798295689,True
8,0.3,1.7,antiphase,11,cost,96,5.733871635271726e-06,0.9999964017585311,True
8,0.3,1.7,antiphase,11,cost,128,6.410630188913302e-07,0.9999996438430243,True
8,0.3,1.7,antiphase,11,cost,128,6.410630188913302e-07,0.9999996438430243,True
8,0.8,0.6,ghz,37,cost,7,0.7475761295690422,0.000558553013722585,False
8,0.8,0.6,ghz,37,cost,15,0.09208011641717007,0.31738174781523876,False
8,0.8,0.6,ghz,37,cost,31,0.03674838242184597,0.43310939593804704,False
8,0.8,0.6,ghz,37,cost,63,0.02821809916148288,0.5258650407751921,False
8,0.8,0.6,ghz,37,cost,95,0.006759647307335803,0.977078976232803,False
8,0.8,0.6,ghz,37,cost,127,0.001960165041830053,0.9948166694477509,False
8,0.8,0.6,ghz,37,cost,127,0.001960165041830053,0.9948166694477509,False
8,0.975,1.25,antiphase,11,cost,6,0.5424691779887693,0.19074592679448815,False
8,0.975,1.25,antiphase,11,cost,16,0.24613681696493117,0.5412759080064825,False
8,0.975,1.25,antiphase,11,cost,32,0.035197531562348505,0.942902276944609,False
8,0.975,1.25,antiphase,11,cost,64,0.004957516108074156,0.9933152287507698,False
8,0.975,1.25,antiphase,11,cost,128,0.0006420194669087831,0.9994124286873854,True
8,0.975,1.25,antiphase,11,cost,128,0.0006420194669087831,0.9994124286873854,True
12,0.0,1.7,plus,11,cost,0,0.15059337506716908,0.7479717387905753,False
12,0.0,1.7,plus,11,cost,32,0.0036582686566178544,0.9907911586873273,False
12,0.0,1.7,plus,11,cost,64,0.0010057454858832433,0.9973610211347343,False
12,0.0,1.7,plus,11,cost,96,0.00018214877283462272,0.9995145813441116,True
12,0.0,1.7,plus,11,cost,128,0.00011078152510564838,0.9997041191830879,True
12,0.0,1.7,plus,11,cost,128,0.00011078152510564838,0.9997041191830879,True
8,0.4,0.2,ghz,11,cost,7,0.01847657081312004,0.8740138223102706,False
8,0.4,0.2,ghz,11,cost,15,0.01023670175814162,0.903819404714489,False
8,0.4,0.2,ghz,11,cost,31,0.0016066527579104983,0.9462050230262959,False
8,0.4,0.2,ghz,11,cost,63,0.0009578819541319339,0.9621635181337131,False
8,0.4,0.2,ghz,11,cost,95,1.4617682750017735e-05,0.9999243275137017,True
8,0.4,0.2,ghz,11,cost,127,4.705001021898525e-06,0.9999839082280532,True
8,0.4,0.2,ghz,11,cost,127,4.705001021898525e-06,0.9999839082280532,True
8,0.975,1.75,plus,11,fixed,0,0.2062139933759004,0.8273886082001359,False
8,0.975,1.75,plus,11,fixed,16,0.0851724398117093,0.8872930728551849,False
8,0.7,1.5,antiphase,11,cost,6,0.9712854327634708,0.05808377646405382,False
8,0.7,1.5,antiphase,11,cost,16,0.3855537733010137,0.43058555753316996,False
8,0.7,1.5,antiphase,11,cost,32,0.034114100778331435,0.9528453550409729,False
8,0.7,1.5,antiphase,11,cost,64,0.000760294644198245,0.9993980906206688,True
8,0.7,1.5,antiphase,11,cost,96,0.0001876709783283914,0.9998582815652491,True
8,0.7,1.5,antiphase,11,cost,128,7.94213809061084e-05,0.9999457723926454,True
8,0.7,1.5,antiphase,11,cost,128,7.94213809061084e-05,0.9999457723926454,True
8,0.15,1.7,antiphase,11,cost,6,1.6851671276655926,0.011933133268752479,False
8,0.15,1.7,antiphase,11,cost,16,0.5387770078568082,0.4123060057185172,False
8,0.15,1.7,antiphase,11,cost,32,0.018065912362235093,0.9775172902226457,False
8,0.15,1.7,antiphase,11,cost,64,2.504489995835968e-06,0.999997807579114,True
8,0.15,1.7,antiphase,11,cost,96,1.175863522107079e-07,0.9999999312413045,True
8,0.15,1.7,antiphase,11,cost,96,1.175863522107079e-07,0.9999999312413045,True
8,0.1,1.9,plus,11,cost,0,0.125098463036859,0.8788101292725307,False
8,0.1,1.9,plus,11,cost,16,0.004122222594721947,0.9949655309987907,False
8,0.1,1.9,plus,11,cost,32,0.0002890817412306568,0.999646677449795,True
8,0.1,1.9,plus,11,cost,64,3.480064683758499e-05,0.9999563751419519,True
8,0.1,1.9,plus,11,cost,96,6.777399645940818e-07,0.9999996264223243,True
8,0.1,1.9,plus,11,cost,126,1.3062419856879615e-07,0.9999999293877947,True
8,0.85,1.0,plus,11,cost,0,0.264786671604353,0.6845837365639135,False
8,0.85,1.0,plus,11,cost,16,0.08625686888356321,0.8116455049918622,False
8,0.85,1.0,plus,11,cost,32,0.01723793819801611,0.9566521787901815,False
8,0.85,1.0,plus,11,cost,96,0.0016352386434428379,0.9980082501089519,False
8,0.85,1.0,plus,11,cost,128,0.000687310568318944,0.9992842323387432,True
8,0.85,1.0,plus,11,cost,128,0.000687310568318944,0.9992842323387432,True
8,0.0,0.2,antiphase,37,fixed,6,1.0100253198889193,5.0019913954562725e-09,False
8,0.0,0.2,antiphase,37,fixed,22,1.0100253198889193,6.409599438837169e-08,False
8,0.325,0.55,antiphase,11,cost,6,0.5114993930355265,0.004253396411258563,False
8,0.325,0.55,antiphase,11,cost,16,0.3342176380284092,0.10777704744684193,False
8,0.325,0.55,antiphase,11,cost,32,0.09133202996737388,0.4863583809326335,False
8,0.325,0.55,antiphase,11,cost,64,0.00041396460545439773,0.9987729138541207,False
8,0.325,0.55,antiphase,11,cost,96,7.831295164772989e-05,0.9997168524725628,True
8,0.325,0.55,antiphase,11,cost,128,2.89967110808087e-05,0.9999095139684498,True
8,0.325,0.55,antiphase,11,cost,128,2.89967110808087e-05,0.9999095139684498,True
8,0.95,0.2,plus,11,cost,0,0.760724877521572,0.037077888082863546,False
8,0.95,0.2,plus,11,cost,16,0.22063531755323496,0.24851080233683487,False
8,0.95,0.2,plus,11,cost,64,0.00015853685264599626,0.5002971719203753,False
8,0.95,0.2,plus,11,cost,104,0.0001463625587285744,0.5004835516641294,False
8,0.4,1.7,ghz,11,cost,7,1.2311960337116001,0.02152623769569394,False
8,0.4,1.7,ghz,11,cost,15,0.7739621622030375,0.11841452667034516,False
8,0.4,1.7,ghz,11,cost,31,0.35732420112841634,0.4531842452279225,False
8,0.4,1.7,ghz,11,cost,63,0.00020117593677526635,0.9998402853938448,True
8,0.4,1.7,ghz,11,cost,95,1.7190746119721823e-05,0.9999894898093995,True
8,0.4,1.7,ghz,11,cost,127,1.8207622254351463e-06,0.9999989836618746,True
8,0.4,1.7,ghz,11,cost,127,1.8207622254351463e-06,0.9999989836618746,True
8,0.8,1.2,antiphase,23,cost,6,0.6202060867657855,0.11001980552767686,False
8,0.8,1.2,antiphase,23,cost,16,0.2730637697431981,0.4830692386068646,False
8,0.8,1.2,antiphase,23,cost,32,0.030237979929201853,0.9463288222531656,False
8,0.8,1.2,antiphase,23,cost,96,0.0011545755376083378,0.9988524802148506,False
8,0.8,1.2,antiphase,23,cost,128,0.00032925170385178504,0.9997338696051669,True
8,0.8,1.2,antiphase,23,cost,128,0.00032925170385178504,0.9997338696051669,True
8,0.35,1.9,ghz,11,cost,7,1.368964436810551,0.023025718195782235,False
8,0.35,1.9,ghz,11,cost,15,0.7510795155781924,0.19010016970043214,False
8,0.35,1.9,ghz,11,cost,31,0.015167996027264152,0.9850847201981356,False
8,0.35,1.9,ghz,11,cost,63,6.210451158583652e-05,0.9999547808924891,True
8,0.35,1.9,ghz,11,cost,95,3.2976587993616135e-06,0.9999983449434526,True
8,0.35,1.9,ghz,11,cost,127,6.580799079003441e-07,0.9999996668364302,True
8,0.35,1.9,ghz,11,cost,127,6.580799079003441e-07,0.9999996668364302,True
8,0.75,2.0,antiphase,11,cost,6,1.3958177589417393,0.04999298557299019,False
8,0.75,2.0,antiphase,11,cost,16,0.5019869556516641,0.45762049800845334,False
8,0.75,2.0,antiphase,11,cost,32,0.03215309190594162,0.9654623928045976,False
8,0.75,2.0,antiphase,11,cost,64,0.0006466500271744557,0.9995498679160908,True
8,0.75,2.0,antiphase,11,cost,96,7.445747852941054e-05,0.9999603362759787,True
8,0.75,2.0,antiphase,11,cost,128,2.8850161487348203e-05,0.9999849183284354,True
8,0.75,2.0,antiphase,11,cost,128,2.8850161487348203e-05,0.9999849183284354,True
8,0.0,0.3,plus,11,cost,0,0.7226311671161211,0.026179454505674177,False
8,0.0,0.3,plus,11,cost,16,0.22502660373639216,0.48782755863042165,False
8,0.0,0.3,plus,11,cost,32,0.0002027847345131839,0.9995626915234286,True
8,0.0,0.3,plus,11,cost,64,2.02177008001847e-06,0.9999957548525775,True
8,0.0,0.3,plus,11,cost,80,1.5977907885655895e-10,0.9999999997113118,True
8,0.35,0.6,ghz,11,cost,7,0.2181643093715322,0.10272391598761654,False
8,0.35,0.6,ghz,11,cost,15,0.15180350306177337,0.16268485467682733,False
8,0.35,0.6,ghz,11,cost,31,0.07892228560026715,0.3217307296964873,False
8,0.35,0.6,ghz,11,cost,63,0.001158903412236012,0.9943691440757187,False
8,0.35,0.6,ghz,11,cost,95,0.0002871828929038589,0.999158698691244,False
8,0.35,0.6,ghz,11,cost,127,9.09183887611853e-05,0.9998062775103908,True
8,0.35,0.6,ghz,11,cost,127,9.09183887611853e-05,0.9998062775103908,True
8,0.75,1.6,antiphase,11,cost,6,1.0215967448355632,0.06285087635181212,False
8,0.75,1.6,antiphase,11,cost,16,0.39876799735252133,0.4450956763300788,False
8,0.75,1.6,antiphase,11,cost,32,0.03514745597259017,0.9524353097328535,False
8,0.75,1.6,antiphase,11,cost,64,0.0010120589420785642,0.9992451217424791,False
8,0.75,1.6,antiphase,11,cost,96,0.00032892614521751184,0.9997787490113654,True
8,0.75,1.6,antiphase,11,cost,128,6.792407772859832e-05,0.9999538501469394,True
8,0.75,1.6,antiphase,11,cost,128,6.792407772859832e-05,0.9999538501469394,True
8,0.5,1.3,plus,11,cost,0,0.1650041098706898,0.8349219989223953,False
8,0.5,1.3,plus,11,cost,16,0.01604923965031957,0.9718478714233884,False
8,0.5,1.3,plus,11,cost,32,0.004997034813121193,0.9920617568553021,False
8,0.5,1.3,plus,11,cost,64,0.000388680083077686,0.9996310993894967,True
8,0.5,1.3,plus,11,cost,128,1.0458745570263162e-05,0.9999928217024642,True
8,0.5,1.3,plus,11,cost,128,1.0458745570263162e-05,0.9999928217024642,True
8,0.05,0.1,ghz,11,cost,7,0.0026337196771657467,0.9944550097741436,False
8,0.05,0.1,ghz,11,cost,15,0.0013183854423592933,0.9972191679259658,False
8,0.05,0.1,ghz,11,cost,31,1.6241559498419988e-06,0.9999963530326992,True
8,0.05,0.1,ghz,11,cost,63,3.915280966104717e-08,0.9999999139411845,True
8,0.05,0.1,ghz,11,cost,63,3.915280966104717e-08,0.9999999139411845,True
8,0.8,1.0,ghz,11,cost,7,1.0481706220069038,0.0031199871159331123,False
8,0.8,1.0,ghz,11,cost,15,0.2978795364457072,0.1642352627613688,False
8,0.8,1.0,ghz,11,cost,31,0.10873997923866785,0.7608136795059117,False
8,0.8,1.0,ghz,11,cost,63,0.00487188359486268,0.9926661194144036,False
8,0.8,1.0,ghz,11,cost,95,0.002332135244394351,0.9971579366515075,False
8,0.8,1.0,ghz,11,cost,127,0.0009302248703995097,0.9989890649897378,True
8,0.8,1.0,ghz,11,cost,127,0.0009302248703995097,0.9989890649897378,True
8,0.2,1.3,plus,11,cost,0,0.16689811632936236,0.7955105906056772,False
8,0.2,1.3,plus,11,cost,16,0.006831816831330606,0.9884602589393111,False
8,0.2,1.3,plus,11,cost,32,0.0002483017452152847,0.9995739859084489,True
8,0.2,1.3,plus,11,cost,64,4.208390658178018e-06,0.9999955579363193,True
8,0.2,1.3,plus,11,cost,96,9.409987473674164e-07,0.9999986845062748,True
8,0.2,1.3,plus,11,cost,128,2.128536706891282e-07,0.9999998331611247,True
8,0.2,1.3,plus,11,cost,128,2.128536706891282e-07,0.9999998331611247,True
8,0.675,0.85,antiphase,11,fixed,6,0.4145717837496816,0.09978198124780284,False
8,0.675,0.85,antiphase,11,fixed,22,0.4145717837496816,0.0997819812478028,False
8,0.825,1.25,ghz,11,fixed,7,1.2954638602691564,0.003934755407100253,False
8,0.825,1.25,ghz,11,fixed,23,0.1387092251069313,0.8471783336336342,False
8,0.025,1.25,plus,11,cost,0,0.20565897217935003,0.6695489125372552,False
8,0.025,1.25,plus,11,cost,16,0.024907201379858357,0.9284716867782471,False
8,0.025,1.25,plus,11,cost,32,0.008613875324643416,0.9721170758627455,False
8,0.025,1.25,plus,11,cost,64,0.0006070204510448818,0.9992244577426962,False
8,0.025,1.25,plus,11,cost,96,6.774581621460385e-05,0.9999454766973865,True
8,0.025,1.25,plus,11,cost,128,1.390953314750476e-06,0.9999989518687007,True
8,0.025,1.25,plus,11,cost,128,1.390953314750476e-06,0.9999989518687007,True
12,0.8,0.3,ghz,11,cost,11,0.628855094595591,1.8204350077876669e-09,False
12,0.8,0.3,ghz,11,cost,31,0.15540214478679815,8.96207002942927e-05,False
12,0.8,0.3,ghz,11,cost,63,0.09817280540515554,0.00031898481678305186,False
12,0.8,0.3,ghz,11,cost,95,0.09371201656389501,0.0007376245380675359,False
12,0.8,0.3,ghz,11,cost,127,0.09016997101172623,0.0016237015585759988,False
12,0.8,0.3,ghz,11,cost,127,0.09016997101172623,0.0016237015585759988,False
8,0.75,1.1,plus,11,cost,0,0.22065418381368795,0.7677075535156603,False
8,0.75,1.1,plus,11,cost,16,0.06280132341319389,0.8756773835969992,False
8,0.75,1.1,plus,11,cost,32,0.012578155226575571,0.9792568234024065,False
8,0.75,1.1,plus,11,cost,64,0.0015848039187276175,0.9981416176476688,False
8,0.75,1.1,plus,11,cost,96,0.0005121448715903476,0.9994763664108418,True
8,0.75,1.1,plus,11,cost,128,0.00024242066631119386,0.999776312917166,True
8,0.75,1.1,plus,11,cost,128,0.00024242066631119386,0.999776312917166,True
12,0.8,1.7,plus,11,cost,0,0.17530841628295057,0.7854952688546589,False
12,0.8,1.7,plus,11,cost,32,0.035264760015883446,0.9286973080375117,False
12,0.8,1.7,plus,11,cost,64,0.004993980433855978,0.9911735656807598,False
12,0.8,1.7,plus,11,cost,96,0.0013904174235624585,0.9979902454154992,False
12,0.8,1.7,plus,11,cost,128,0.000636284425175937,0.9990965375924228,True
12,0.8,1.7,plus,11,cost,128,0.000636284425175937,0.9990965375924228,True
8,0.3,0.5,plus,23,gradient,0,0.31314929279091114,0.3677511084063065,False
8,0.3,0.5,plus,23,gradient,16,0.029610759240068507,0.8141117966981763,False
8,0.3,0.5,plus,23,gradient,64,0.003610892527095566,0.9521777633678487,False
8,0.3,0.5,plus,23,gradient,96,9.371475238240112e-05,0.9997560469672644,True
8,0.3,0.5,plus,23,gradient,128,7.5777889493311434e-06,0.9999844462962784,True
8,0.3,0.5,plus,23,gradient,128,7.5777889493311434e-06,0.9999844462962784,True
8,0.8,0.8,antiphase,23,fixed,6,0.2865110832348605,0.2505289620486456,False
8,0.8,0.8,antiphase,23,fixed,22,0.2865110832348605,0.2505289620486456,False
8,0.6,1.7,antiphase,11,cost,6,1.2446841397538964,0.03963233797633072,False
8,0.6,1.7,antiphase,11,cost,16,0.46040471277250283,0.42846146325147,False
8,0.6,1.7,antiphase,11,cost,32,0.027081033241879382,0.9653315436148188,False
8,0.6,1.7,antiphase,11,cost,64,0.0005577597810291213,0.999564230069466,True
8,0.6,1.7,antiphase,11,cost,96,8.02586973440711e-05,0.9999509576016884,True
8,0.6,1.7,antiphase,11,cost,128,3.0046434694952495e-05,0.9999817736529837,True
8,0.6,1.7,antiphase,11,cost,128,3.0046434694952495e-05,0.9999817736529837,True
8,0.0,0.2,antiphase,11,fixed,6,1.0100253198889193,5.0019913954562725e-09,False
8,0.0,0.2,antiphase,11,fixed,22,1.0100253198889193,8.171717903401696e-09,False
8,0.325,0.55,ghz,11,fixed,7,0.16149939303552652,0.1953508211518435,False
8,0.325,0.55,ghz,11,fixed,23,0.05290329026492824,0.40329623198344217,False
8,0.75,2.0,ghz,11,cost,7,1.8958177589417389,0.007576119583737297,False
8,0.75,2.0,ghz,11,cost,15,0.971248231422916,0.11264324429134484,False
8,0.75,2.0,ghz,11,cost,31,0.05141723559956768,0.9485244730096397,False
8,0.75,2.0,ghz,11,cost,127,2.800633602317859e-05,0.9999859818325192,True
8,0.75,2.0,ghz,11,cost,127,2.800633602317859e-05,0.9999859818325192,True
8,0.85,1.9,antiphase,11,cost,6,1.217829324554279,0.06609407541421586,False
8,0.85,1.9,antiphase,11,cost,16,0.7414768138118306,0.27723791515224233,False
8,0.85,1.9,antiphase,11,cost,32,0.0481221251282542,0.9492650093808479,False
8,0.85,1.9,antiphase,11,cost,64,0.0008006000093363497,0.9995296746933254,True
8,0.85,1.9,antiphase,11,cost,96,0.00018691139772375465,0.9998888130316425,True
8,0.85,1.9,antiphase,11,cost,128,4.859401193302304e-05,0.9999729067821542,True
8,0.85,1.9,antiphase,11,cost,128,4.859401193302304e-05,0.9999729067821542,True
8,0.9,0.3,plus,11,cost,0,0.6262270714307718,0.06353646195580538,False
8,0.9,0.3,plus,11,cost,16,0.19496273422751487,0.2477229588395182,False
8,0.9,0.3,plus,11,cost,32,0.001323061117042501,0.5000452418842762,False
8,0.9,0.3,plus,11,cost,64,0.0009880807196527286,0.5019529738187892,False
8,0.9,0.3,plus,11,cost,96,0.0008921876663658956,0.5032090142216755,False
8,0.9,0.3,plus,11,cost,128,0.0008713022672515169,0.5121831041924109,False
8,0.9,0.3,plus,11,cost,128,0.0008713022672515169,0.5121831041924109,False
8,0.675,1.75,plus,11,fixed,0,0.15027603091421504,0.8808274301863631,False
8,0.675,1.75,plus,11,fixed,16,0.027594869916118592,0.9642864313946216,False
8,0.05,0.4,plus,11,cost,0,0.5927060950292611,0.044053055922505725,False
8,0.05,0.4,plus,11,cost,16,0.20517409951608157,0.4223307913196309,False
8,0.05,0.4,plus,11,cost,32,0.0004093684462139757,0.9989803459109943,True
8,0.05,0.4,plus,11,cost,64,5.24287927189393e-05,0.9998791774828165,True
8,0.05,0.4,plus,11,cost,96,2.9352450099384697e-06,0.9999961501296665,True
8,0.05,0.4,plus,11,cost,122,9.48140622680782e-08,0.9999998992152145,True
8,0.95,1.7,antiphase,11,cost,6,0.9546322529606037,0.09867061294126717,False
8,0.95,1.7,antiphase,11,cost,16,0.3782506630407323,0.4901141080827177,False
8,0.95,1.7,antiphase,11,cost,32,0.04297140576256253,0.9520017639026231,False
8,0.95,1.7,antiphase,11,cost,64,0.0011117156338227296,0.999160358117112,False
8,0.95,1.7,antiphase,11,cost,128,0.00019055720852190206,0.9998787734528072,True
8,0.95,1.7,antiphase,11,cost,128,0.00019055720852190206,0.9998787734528072,True
8,0.55,0.15,plus,11,gradient,0,0.4217424196859966,0.2660809996518718,False
8,0.55,0.15,plus,11,gradient,16,0.039704495518259275,0.32215194218196563,False
8,0.55,0.15,plus,11,gradient,32,0.021612662546855343,0.573778382659673,False
8,0.55,0.15,plus,11,gradient,128,0.006207664741953112,0.6484819548718755,False
8,0.55,0.15,plus,11,gradient,128,0.006207664741953112,0.6484819548718755,False
8,0.5,0.6,ghz,11,cost,7,0.36434319739172205,0.016166733583267937,False
8,0.5,0.6,ghz,11,cost,15,0.2743431973917223,0.05712947935464302,False
8,0.5,0.6,ghz,11,cost,31,0.0970656465560833,0.5140018824826826,False
8,0.5,0.6,ghz,11,cost,63,0.0044417949115498345,0.9863179141109073,False
8,0.5,0.6,ghz,11,cost,95,0.0005370679466192296,0.9990868490413359,True
8,0.5,0.6,ghz,11,cost,127,0.00027808510304760947,0.9995598094937048,True
8,0.5,0.6,ghz,11,cost,127,0.00027808510304760947,0.9995598094937048,True
8,0.3,0.2,antiphase,11,fixed,6,0.4145763277349313,9.105552136202063e-07,False
8,0.3,0.2,antiphase,11,fixed,22,0.41457632773493136,9.105552136202063e-07,False
8,0.35,0.9,ghz,11,cost,7,0.458003664433944,0.05216202093224435,False
8,0.35,0.9,ghz,11,cost,15,0.3074551413320672,0.14708261329783082,False
8,0.35,0.9,ghz,11,cost,31,0.04180103874039265,0.910745198637417,False
8,0.35,0.9,ghz,11,cost,63,0.0005075143712143237,0.9987811928238597,False
8,0.35,0.9,ghz,11,cost,95,2.9269941431042668e-05,0.9999698073750354,True
8,0.35,0.9,ghz,11,cost,127,1.383625871964611e-05,0.9999863478699319,True
8,0.35,0.9,ghz,11,cost,127,1.383625871964611e-05,0.9999863478699319,True
8,0.35,0.4,antiphase,11,cost,6,0.3830730613047264,0.001796032644807741,False
8,0.35,0.4,antiphase,11,cost,16,0.3014055976750397,0.032489070898915014,False
8,0.35,0.4,antiphase,11,cost,32,0.05927043880648597,0.33359701156334043,False
8,0.35,0.4,antiphase,11,cost,64,0.0012162086986402532,0.9867693826529291,False
8,0.35,0.4,antiphase,11,cost,96,8.304319039642571e-05,0.9997449582524176,True
8,0.35,0.4,antiphase,11,cost,128,2.0556613332334273e-05,0.9999290592551,True
8,0.35,0.4,antiphase,11,cost,128,2.0556613332334273e-05,0.9999290592551,True
8,0.0,0.2,ghz,37,fixed,7,0.010025319888919526,0.979973219821065,False
8,0.0,0.2,ghz,37,fixed,23,4.9830994940158746e-05,0.9998966183395256,True
8,0.0,1.1,ghz,11,cost,7,0.3494084590468365,0.3223640575305645,False
8,0.0,1.1,ghz,11,cost,15,0.20599133839355654,0.4778035217900925,False
8,0.0,1.1,ghz,11,cost,31,0.054579644498015556,0.7795684099477794,False
8,0.0,1.1,ghz,11,cost,63,0.002153660106972932,0.997342633497652,False
8,0.0,1.1,ghz,11,cost,127,3.342187970822863e-08,0.999999969354807,True
8,0.0,1.1,ghz,11,cost,127,3.342187970822863e-08,0.999999969354807,True
8,0.25,1.7,ghz,11,cost,7,1.0805770610790182,0.03584604162691959,False
8,0.25,1.7,ghz,11,cost,15,0.684850301177782,0.14163512202467368,False
8,0.25,1.7,ghz,11,cost,31,0.030189369952731804,0.9665613204052914,False
8,0.25,1.7,ghz,11,cost,63,5.507142036198509e-05,0.9999304951930456,True
8,0.25,1.7,ghz,11,cost,95,1.4306998961099993e-06,0.9999991794858765,True
8,0.25,1.7,ghz,11,cost,127,2.876783276040129e-07,0.9999998410901393,True
8,0.25,1.7,ghz,11,cost,127,2.876783276040129e-07,0.9999998410901393,True
8,0.45,0.15,plus,37,cost,0,0.4217268040301613,0.2479639860297743,False
8,0.45,0.15,plus,37,cost,16,0.017619059622697497,0.6690201611834032,False
8,0.45,0.15,plus,37,cost,32,0.006426855513188112,0.7391760141857784,False
8,0.45,0.15,plus,37,cost,64,0.0030939515213828095,0.8251549967262742,False
8,0.45,0.15,plus,37,cost,96,0.0025979923038830233,0.8527178662437112,False
8,0.45,0.15,plus,37,cost,128,0.001289395074070221,0.9575951834511329,False
8,0.45,0.15,plus,37,cost,128,0.001289395074070221,0.9575951834511329,False
12,0.3,2.0,ghz,11,cost,11,1.4135040318087764,0.0028495330452980934,False
12,0.3,2.0,ghz,11,cost,31,0.37580729476250774,0.4319427169099691,False
12,0.3,2.0,ghz,11,cost,63,0.25491868403102824,0.4948462182362178,False
12,0.3,2.0,ghz,11,cost,95,0.00038662494608576736,0.9993698312509167,True
12,0.3,2.0,ghz,11,cost,127,3.692879278697584e-05,0.9999515674467789,True
12,0.3,2.0,ghz,11,cost,127,3.692879278697584e-05,0.9999515674467789,True
8,0.3,1.2,plus,11,gradient,0,0.17101349821106382,0.7970358254836657,False
8,0.3,1.2,plus,11,gradient,16,0.004503508513447274,0.9927820338835665,False
8,0.3,1.2,plus,11,gradient,32,0.0012311698761042766,0.9973773034751574,False
8,0.3,1.2,plus,11,gradient,64,0.00021750961035693628,0.9996199956288628,True
8,0.3,1.2,plus,11,gradient,96,4.101813547241484e-05,0.9999574936972204,True
8,0.3,1.2,plus,11,gradient,128,1.0588632476382642e-05,0.9999908902794038,True
8,0.3,1.2,plus,11,gradient,128,1.0588632476382642e-05,0.9999908902794038,True
8,0.175,0.85,plus,11,gradient,0,0.24730975441216774,0.5494274399230202,False
8,0.175,0.85,plus,11,gradient,16,0.02193256873138072,0.9044901368753947,False
8,0.175,0.85,plus,11,gradient,32,0.00755500141453691,0.9577977244548204,False
8,0.175,0.85,plus,11,gradient,64,0.004460041457718278,0.9745547498268942,False
8,0.175,0.85,plus,11,gradient,96,0.00013221038154842546,0.9998231824234716,True
8,0.175,0.85,plus,11,gradient,128,6.003005069032952e-06,0.999992821335343,True
8,0.175,0.85,plus,11,gradient,128,6.003005069032952e-06,0.999992821335343,True
12,0.8,0.5,plus,11,cost,0,0.39026577641892296,0.16281002194786892,False
12,0.8,0.5,plus,11,cost,32,0.09338310207651383,0.37562146995304757,False
12,0.8,0.5,plus,11,cost,64,0.025744217853975442,0.5756054221248471,False
12,0.8,0.5,plus,11,cost,96,0.016752317388548803,0.5994837542839347,False
12,0.8,0.5,plus,11,cost,128,0.01366101756355261,0.6292625486048942,False
12,0.8,0.5,plus,11,cost,128,0.01366101756355261,0.6292625486048942,False
8,0.7,0.7,antiphase,11,cost,6,0.27311051416835797,0.16674955574315858,False
8,0.7,0.7,antiphase,11,cost,16,0.1528589879450043,0.3818341835896348,False
8,0.7,0.7,antiphase,11,cost,32,0.051386217900861286,0.7457227460600929,False
8,0.7,0.7,antiphase,11,cost,64,0.00709992874697607,0.985526371127756,False
8,0.7,0.7,antiphase,11,cost,96,0.003113000095252394,0.9938866890970777,False
8,0.7,0.7,antiphase,11,cost,128,0.0012204280755746533,0.9977573391720275,False
8,0.7,0.7,antiphase,11,cost,128,0.0012204280755746533,0.9977573391720275,False
8,0.85,0.9,antiphase,11,cost,6,0.33471694715926337,0.2460862276227161,False
8,0.85,0.9,antiphase,11,cost,16,0.20202579779883045,0.43330765544695243,False
8,0.85,0.9,antiphase,11,cost,32,0.03857818595732998,0.8756756839953748,False
8,0.85,0.9,antiphase,11,cost,64,0.006449320398833613,0.9865327721875772,False
8,0.85,0.9,antiphase,11,cost,96,0.0021518198769832075,0.9969655998028212,False
8,0.85,0.9,antiphase,11,cost,128,0.0007758384989882128,0.9990750317156577,True
8,0.85,0.9,antiphase,11,cost,128,0.0007758384989882128,0.9990750317156577,True
8,1.0,1.5,antiphase,11,cost,6,0.7399722265440187,0.1411179083896772,False
8,1.0,1.5,antiphase,11,cost,16,0.4505990337377457,0.3545869912867006,False
8,1.0,1.5,antiphase,11,cost,32,0.04511524799274391,0.937952275863365,False
8,1.0,1.5,antiphase,11,cost,64,0.004672156959641072,0.9946769582272832,False
8,1.0,1.5,antiphase,11,cost,96,0.0007580824918094198,0.9994276802415192,True
8,1.0,1.5,antiphase,11,cost,128,0.0002865305035710808,0.9997857407850373,True
8,1.0,1.5,antiphase,11,cost,128,0.0002865305035710808,0.9997857407850373,True
8,0.7,2.0,ghz,11,cost,7,1.839215093181011,0.008636448913064108,False
8,0.7,2.0,ghz,11,cost,15,1.0550347274796295,0.09299199904287629,False
8,0.7,2.0,ghz,11,cost,31,0.05137518216951875,0.9493071417898322,False
8,0.7,2.0,ghz,11,cost,63,0.0003880249586187823,0.9997537053381348,True
8,0.7,2.0,ghz,11,cost,95,9.423201810543347e-05,0.9999510490611649,True
8,0.7,2.0,ghz,11,cost,127,2.4516542163066646e-05,0.9999874703881645,True
8,0.7,2.0,ghz,11,cost,127,2.4516542163066646e-05,0.9999874703881645,True
8,0.0,1.8,ghz,37,fixed,7,0.9421716759656829,0.07645152241152128,False
8,0.0,1.8,ghz,37,fixed,23,0.09651021506048774,0.8955041200988509,False
8,0.8,0.8,plus,37,fixed,0,0.28651108323486185,0.6160227628886743,False
8,0.8,0.8,plus,37,fixed,16,0.08222997000228416,0.7421672327695252,False
8,0.3,0.2,plus,11,fixed,0,0.5145763277349316,0.028532910116002473,False
8,0.3,0.2,plus,11,fixed,16,0.16509360274541574,0.16347828764025085,False
8,0.75,0.5,plus,11,cost,0,0.3575219591845731,0.3538460534210586,False
8,0.75,0.5,plus,11,cost,16,0.08132424431080276,0.5103932290919272,False
8,0.75,0.5,plus,11,cost,32,0.010632710132180256,0.9162236014109362,False
8,0.75,0.5,plus,11,cost,64,0.005597932633580105,0.9624901113173163,False
8,0.75,0.5,plus,11,cost,96,0.0040852492843200805,0.9731355557797731,False
8,0.75,0.5,plus,11,cost,128,0.0021960574553039347,0.9900835102137896,False
8,0.75,0.5,plus,11,cost,128,0.0021960574553039347,0.9900835102137896,False
8,0.5,0.9,plus,11,cost,0,0.20978299039263937,0.7393223608911644,False
8,0.5,0.9,plus,11,cost,16,0.01733050052927143,0.9561262544379724,False
8,0.5,0.9,plus,11,cost,32,0.009283395247196014,0.9761667566876938,False
8,0.5,0.9,plus,11,cost,64,0.0010980236854387648,0.9981684944420507,False
8,0.5,0.9,plus,11,cost,96,0.0001759184289427118,0.9998172286017405,True
8,0.5,0.9,plus,11,cost,128,5.9931852038230815e-05,0.999943005505192,True
8,0.5,0.9,plus,11,cost,128,5.9931852038230815e-05,0.999943005505192,True
8,0.5,1.4,ghz,11,cost,7,1.0566937164988879,0.016497639281243332,False
8,0.5,1.4,ghz,11,cost,15,0.6775441097916732,0.10210161249207882,False
8,0.5,1.4,ghz,11,cost,31,0.02379573224098097,0.9676552788670783,False
8,0.5,1.4,ghz,11,cost,63,0.0009740201069345922,0.99903189524824,True
8,0.5,1.4,ghz,11,cost,127,1.928519312821564e-05,0.9999862897169709,True
8,0.5,1.4,ghz,11,cost,127,1.928519312821564e-05,0.9999862897169709,True
8,0.525,0.55,antiphase,11,cost,6,0.3025269602368692,0.031983068266361894,False
8,0.525,0.55,antiphase,11,cost,16,0.20228631151221088,0.13256356458410715,False
8,0.525,0.55,antiphase,11,cost,32,0.09245174233436937,0.6014954936150813,False
8,0.525,0.55,antiphase,11,cost,64,0.006169740474465613,0.9849303608558033,False
8,0.525,0.55,antiphase,11,cost,96,0.001299820580932809,0.9970125801299916,False
8,0.525,0.55,antiphase,11,cost,128,0.00042096862578899774,0.9993555379644656,True
8,0.525,0.55,antiphase,11,cost,128,0.00042096862578899774,0.9993555379644656,True
8,0.8,1.2,plus,37,gradient,0,0.22020608676578757,0.7758501240364228,False
8,0.8,1.2,plus,37,gradient,32,0.018336396072955896,0.9709284572224905,False
8,0.8,1.2,plus,37,gradient,64,0.006022180432437185,0.9928683819671493,False
8,0.8,1.2,plus,37,gradient,128,0.0006167235403720106,0.9994465679818813,True
8,0.8,1.2,plus,37,gradient,128,0.0006167235403720106,0.9994465679818813,True
8,0.65,1.5,antiphase,11,cost,6,1.0141621578932432,0.0498370934309299,False
8,0.65,1.5,antiphase,11,cost,16,0.3986002226233816,0.4210563874516649,False
8,0.65,1.5,antiphase,11,cost,32,0.03386322520208984,0.9509569909922171,False
8,0.65,1.5,antiphase,11,cost,64,0.001047394379140032,0.9991949139972767,False
8,0.65,1.5,antiphase,11,cost,96,0.0002143755200672004,0.9998475380155318,True
8,0.65,1.5,antiphase,11,cost,128,6.52392103763777e-05,0.9999572556544625,True
8,0.65,1.5,antiphase,11,cost,128,6.52392103763777e-05,0.9999572556544625,True
8,0.25,0.8,plus,11,cost,0,0.2380701699811496,0.6111142581179271,False
8,0.25,0.8,plus,11,cost,16,0.015101580839117723,0.9539787670857801,False
8,0.25,0.8,plus,11,cost,32,0.001224468926621869,0.9953792551015944,False
8,0.25,0.8,plus,11,cost,64,4.119312389727625e-05,0.999928333898388,True
8,0.25,0.8,plus,11,cost,96,5.424507842466397e-06,0.9999936728170554,True
8,0.25,0.8,plus,11,cost,128,1.345184881929029e-06,0.9999984252889254,True
8,0.25,0.8,plus,11,cost,128,1.345184881929029e-06,0.9999984252889254,True
8,0.9,1.0,plus,11,cost,0,0.28426999848498924,0.645149388106439,False
8,0.9,1.0,plus,11,cost,16,0.09992037157582478,0.7719904738335309,False
8,0.9,1.0,plus,11,cost,32,0.019166583401745596,0.9529285957012226,False
8,0.9,1.0,plus,11,cost,64,0.004888639103449943,0.9915789942375821,False
8,0.9,1.0,plus,11,cost,96,0.0023700456468689346,0.9967896627008407,False
8,0.9,1.0,plus,11,cost,128,0.0015076873427664061,0.9981892883334886,False
8,0.9,1.0,plus,11,cost,128,0.0015076873427664061,0.9981892883334886,False
8,0.3,0.2,plus,11,cost,0,0.5145763277349316,0.028532910116002473,False
8,0.3,0.2,plus,11,cost,16,0.0843218720499308,0.4818787854610558,False
8,0.3,0.2,plus,11,cost,64,2.970147394953937e-05,0.9998167980151219,True
8,0.3,0.2,plus,11,cost,128,3.6884598586528483e-07,0.9999994527230729,True
8,0.3,0.2,plus,11,cost,128,3.6884598586528483e-07,0.9999994527230729,True
8,0.1,1.2,plus,11,cost,0,0.1952196574830598,0.7082567057595608,False
8,0.1,1.2,plus,11,cost,16,0.01843202792781362,0.9518299461299555,False
8,0.1,1.2,plus,11,cost,32,0.004567977774314613,0.9859359803438463,False
8,0.1,1.2,plus,11,cost,64,0.00021519875030406865,0.9997173322842362,True
8,0.1,1.2,plus,11,cost,96,2.068555484235901e-05,0.999981858804149,True
8,0.1,1.2,plus,11,cost,128,7.698875668094018e-07,0.9999993488929809,True
8,0.1,1.2,plus,11,cost,128,7.698875668094018e-07,0.9999993488929809,True
8,0.1,1.4,antiphase,11,cost,6,1.4677940268912815,0.008089659942248006,False
8,0.1,1.4,antiphase,11,cost,16,0.8401938334090959,0.21534285637757436,False
8,0.1,1.4,antiphase,11,cost,32,0.5551776362859147,0.26006321301155094,False
8,0.1,1.4,antiphase,11,cost,64,0.0016764125095085625,0.9972668406914857,False
8,0.1,1.4,antiphase,11,cost,96,8.636092736047374e-05,0.9999161082053527,True
8,0.1,1.4,antiphase,11,cost,128,3.3885717098947055e-06,0.999997480161747,True
8,0.1,1.4,antiphase,11,cost,128,3.3885717098947055e-06,0.999997480161747,True
8,0.55,1.9,antiphase,11,cost,6,1.4789046579347218,0.033055583213406695,False
8,0.55,1.9,antiphase,11,cost,16,0.5196823990226842,0.4371076213662573,False
8,0.55,1.9,antiphase,11,cost,32,0.024542978595060383,0.9729574727133581,False
8,0.55,1.9,antiphase,11,cost,64,0.0004820556634026474,0.999597796624157,True
8,0.55,1.9,antiphase,11,cost,128,6.956670985935887e-06,0.9999963648708188,True
8,0.55,1.9,antiphase,11,cost,128,6.956670985935887e-06,0.9999963648708188,True
8,0.4,1.1,ghz,11,cost,7,0.6806486097628868,0.03022961915471907,False
8,0.4,1.1,ghz,11,cost,15,0.4477500700548551,0.12722039967780568,False
8,0.4,1.1,ghz,11,cost,31,0.0390066524014232,0.9334854005886721,False
8,0.4,1.1,ghz,11,cost,63,0.0007611936325802038,0.998844937136636,True
8,0.4,1.1,ghz,11,cost,95,5.329332164771827e-05,0.9999527120054842,True
8,0.4,1.1,ghz,11,cost,127,1.1317524273302126e-05,0.9999904802784173,True
8,0.4,1.1,ghz,11,cost,127,1.1317524273302126e-05,0.9999904802784173,True
8,0.4,1.4,antiphase,11,cost,6,1.1519471033561417,0.022961938731425335,False
8,0.4,1.4,antiphase,11,cost,16,0.44140559001545787,0.3819037014270669,False
8,0.4,1.4,antiphase,11,cost,32,0.28775976794810143,0.4409521347102512,False
8,0.4,1.4,antiphase,11,cost,64,0.00040094213306529625,0.999453355057893,True
8,0.4,1.4,antiphase,11,cost,96,1.5509065971253122e-05,0.999989304962504,True
8,0.4,1.4,antiphase,11,cost,128,6.257861487446448e-06,0.9999959378857405,True
8,0.4,1.4,antiphase,11,cost,128,6.257861487446448e-06,0.9999959378857405,True
8,0.8,0.5,antiphase,37,cost,6,0.0949470817314596,0.6790659494168515,False
8,0.8,0.5,antiphase,37,cost,16,0.04837542368789538,0.8061498776795955,False
8,0.8,0.5,antiphase,37,cost,32,0.006855726260101558,0.9577661952590147,False
8,0.8,0.5,antiphase,37,cost,64,0.002697303146410923,0.9853253197729679,False
8,0.8,0.5,antiphase,37,cost,96,0.0013284204655888976,0.9942382112039524,False
8,0.8,0.5,antiphase,37,cost,128,0.0005982404875441993,0.9982094378104767,True
8,0.8,0.5,antiphase,37,cost,128,0.0005982404875441993,0.9982094378104767,True
8,0.5,0.7,plus,11,cost,0,0.24317756902547383,0.6563468138568734,False
8,0.5,0.7,plus,11,cost,16,0.021797920578808805,0.9301307964220158,False
8,0.5,0.7,plus,11,cost,32,0.011247922735885707,0.9597260235382246,False
8,0.5,0.7,plus,11,cost,64,0.001243689044504337,0.9980107990000939,False
8,0.5,0.7,plus,11,cost,96,0.0003561371271213476,0.9995115402086696,True
8,0.5,0.7,plus,11,cost,128,0.00011386871516050334,0.9998439630499948,True
8,0.5,0.7,plus,11,cost,128,0.00011386871516050334,0.9998439630499948,True
12,0.0,0.4,plus,11,cost,0,0.6404173040961635,0.005567836764009064,False
12,0.0,0.4,plus,11,cost,32,0.14151073856770177,0.4621967195678185,False
12,0.0,0.4,plus,11,cost,64,0.000249169614039572,0.9992062578522054,True
12,0.0,0.4,plus,11,cost,96,6.632112692657917e-05,0.999811343862906,True
12,0.0,0.4,plus,11,cost,128,2.3013600665885054e-05,0.9999221733074993,True
12,0.0,0.4,plus,11,cost,128,2.3013600665885054e-05,0.9999221733074993,True
8,0.975,1.75,plus,11,gradient,0,0.2062139933759004,0.8273886082001359,False
8,0.975,1.75,plus,11,gradient,16,0.07734289939726624,0.9049938926207832,False
8,0.975,1.75,plus,11,gradient,32,0.010611840054047361,0.9888494561359232,False
8,0.975,1.75,plus,11,gradient,96,0.0006870523525825956,0.9995692656106271,True
8,0.975,1.75,plus,11,gradient,128,0.000267186980538181,0.9998261435624227,True
8,0.975,1.75,plus,11,gradient,128,0.000267186980538181,0.9998261435624227,True
8,0.05,1.8,plus,11,cost,0,0.13634923852989367,0.854949650678193,False
8,0.05,1.8,plus,11,cost,16,0.007819585134392515,0.9888689878555265,False
8,0.05,1.8,plus,11,cost,32,0.0008219514962273244,0.9986891301008017,False
8,0.05,1.8,plus,11,cost,64,5.60621700247399e-05,0.9999531152578437,True
8,0.05,1.8,plus,11,cost,128,5.372060662978129e-07,0.9999997038525074,True
8,0.05,1.8,plus,11,cost,128,5.372060662978129e-07,0.9999997038525074,True
8,0.8,1.2,antiphase,37,cost,6,0.6202060867657855,0.11001980552767686,False
8,0.8,1.2,antiphase,37,cost,16,0.3887075325207672,0.2979102834271971,False
8,0.8,1.2,antiphase,37,cost,32,0.05028798814694024,0.9158252621095181,False
8,0.8,1.2,antiphase,37,cost,64,0.003989717525114234,0.994776959642729,False
8,0.8,1.2,antiphase,37,cost,96,0.001033984861608106,0.9990176743137286,False
8,0.8,1.2,antiphase,37,cost,128,0.00033732489420046363,0.9997022050486007,True
8,0.8,1.2,antiphase,37,cost,128,0.00033732489420046363,0.9997022050486007,True
8,0.3,1.7,ghz,11,cost,7,1.1298347398184867,0.0301609340133722,False
8,0.3,1.7,ghz,11,cost,15,0.6801274948034359,0.16262665308240135,False
8,0.3,1.7,ghz,11,cost,31,0.04442596400127341,0.9510967637274834,False
8,0.3,1.7,ghz,11,cost,63,4.427342018598068e-05,0.9999621516865792,True
8,0.3,1.7,ghz,11,cost,127,6.760840101094345e-07,0.9999996225308104,True
8,0.3,1.7,ghz,11,cost,127,6.760840101094345e-07,0.9999996225308104,True
8,1.0,0.8,antiphase,11,cost,6,0.20060043946937745,0.535892253816097,False
8,1.0,0.8,antiphase,11,cost,16,0.09521069885105238,0.7540231078034976,False
8,1.0,0.8,antiphase,11,cost,32,0.011289139393003689,0.9684461166400473,False
8,1.0,0.8,antiphase,11,cost,64,0.0031307508392295347,0.9926294661064295,False
8,1.0,0.8,antiphase,11,cost,96,0.0018065265371816075,0.9960783151394155,False
8,1.0,0.8,antiphase,11,cost,128,0.000746494518198304,0.9988102878154926,True
8,1.0,0.8,antiphase,11,cost,128,0.000746494518198304,0.9988102878154926,True
8,0.6,1.3,ghz,11,cost,7,1.074335163921742,0.010917673940239075,False
8,0.6,1.3,ghz,11,cost,15,0.5553964664278734,0.13035130401051728,False
8,0.6,1.3,ghz,11,cost,31,0.032366361455349546,0.9511687815596485,False
8,0.6,1.3,ghz,11,cost,63,0.0014903094174467668,0.9983799439247598,False
8,0.6,1.3,ghz,11,cost,95,0.00027404491164961797,0.9997629331516775,True
8,0.6,1.3,ghz,11,cost,127,5.626603839870015e-05,0.999957831911264,True
8,0.6,1.3,ghz,11,cost,127,5.626603839870015e-05,0.999957831911264,True
8,0.7,1.8,antiphase,11,cost,6,1.2504849766064017,0.04902126448258551,False
8,0.7,1.8,antiphase,11,cost,16,0.7621567615078839,0.24890874476866742,False
8,0.7,1.8,antiphase,11,cost,32,0.04283572069813846,0.9518540297242959,False
8,0.7,1.8,antiphase,11,cost,64,0.0006032305069272326,0.9995533072365511,True
8,0.7,1.8,antiphase,11,cost,128,2.6715628365980848e-05,0.9999851425297508,True
8,0.7,1.8,antiphase,11,cost,128,2.6715628365980848e-05,0.9999851425297508,True
8,0.8,0.2,plus,11,cost,0,0.6128660251752662,0.044882969890375046,False
8,0.8,0.2,plus,11,cost,16,0.1488350692463567,0.24560927937080348,False
8,0.8,0.2,plus,11,cost,32,0.0003864358546006308,0.5000023186027864,False
8,0.8,0.2,plus,11,cost,64,0.00027975812452407656,0.5005296278486363,False
8,0.8,0.2,plus,11,cost,96,0.00025223797322326824,0.5010310079389028,False
8,0.8,0.2,plus,11,cost,128,0.00025036430275293675,0.5014709129688077,False
8,0.8,0.2,plus,11,cost,128,0.00025036430275293675,0.5014709129688077,False
8,0.95,0.9,plus,11,cost,0,0.3334238978538894,0.5245288372137505,False
8,0.95,0.9,plus,11,cost,16,0.11275637232505242,0.67209977161892,False
8,0.95,0.9,plus,11,cost,32,0.013458223510671496,0.9709169567736914,False
8,0.95,0.9,plus,11,cost,96,0.0027126010908418152,0.9950495228749672,False
8,0.95,0.9,plus,11,cost,128,0.0010275077437587044,0.9987913218519917,False
8,0.95,0.9,plus,11,cost,128,0.0010275077437587044,0.9987913218519917,False
8,0.4,1.1,plus,11,cost,0,0.18064860976288832,0.7882180680312199,False
8,0.4,1.1,plus,11,cost,16,0.00833300197958109,0.9825054555160816,False
8,0.4,1.1,plus,11,cost,32,0.00324304194985392,0.9918974287043352,False
8,0.4,1.1,plus,11,cost,64,0.00018999834005328786,0.9997931745448289,True
8,0.4,1.1,plus,11,cost,96,1.8993561214930565e-05,0.9999841958227372,True
8,0.4,1.1,plus,11,cost,128,9.411382550394976e-06,0.9999927502551582,True
8,0.4,1.1,plus,11,cost,128,9.411382550394976e-06,0.9999927502551582,True
8,0.3,1.2,plus,37,fixed,0,0.17101349821106382,0.7970358254836657,False
8,0.3,1.2,plus,37,fixed,16,0.005640117826054336,0.991127340186028,False
8,0.9,0.4,ghz,11,cost,7,0.848400960054973,5.364252593874042e-06,False
8,0.9,0.4,ghz,11,cost,15,0.37523934754930033,0.0015705347096539946,False
8,0.9,0.4,ghz,11,cost,31,0.27030934522273065,0.012127552780526605,False
8,0.9,0.4,ghz,11,cost,63,0.003006955708701131,0.508843250495884,False
8,0.9,0.4,ghz,11,cost,95,0.0028082108858904498,0.5136322968288524,False
8,0.9,0.4,ghz,11,cost,127,0.00022775494621229964,0.998834217972013,True
8,0.9,0.4,ghz,11,cost,127,0.00022775494621229964,0.998834217972013,True
8,0.55,0.5,ghz,11,cost,7,0.34205638164172236,0.008157799362244563,False
8,0.55,0.5,ghz,11,cost,15,0.2736564017458166,0.03080670244114117,False
8,0.55,0.5,ghz,11,cost,31,0.0642702688005885,0.6387665956306828,False
8,0.55,0.5,ghz,11,cost,63,0.008735129418060428,0.9595957084472349,False
8,0.55,0.5,ghz,11,cost,95,0.0012776283573400216,0.9968644969004627,False
8,0.55,0.5,ghz,11,cost,127,0.0006719229722619291,0.9983185724544689,True
8,0.55,0.5,ghz,11,cost,127,0.0006719229722619291,0.9983185724544689,True
8,0.55,0.6,plus,11,cost,0,0.2674370461251395,0.6103461221773312,False
8,0.55,0.6,plus,11,cost,16,0.03140385096972764,0.8934995083317995,False
8,0.55,0.6,plus,11,cost,32,0.01704920540498478,0.9379582989851856,False
8,0.55,0.6,plus,11,cost,64,0.0020187839804099994,0.9963872837519485,False
8,0.55,0.6,plus,11,cost,96,0.0005516729112315932,0.998947784960096,True
8,0.55,0.6,plus,11,cost,128,0.0002530518132901616,0.9995805922229223,True
8,0.55,0.6,plus,11,cost,128,0.0002530518132901616,0.9995805922229223,True
8,0.4,0.9,ghz,11,cost,7,0.5068177321641267,0.035710511285443655,False
8,0.4,0.9,ghz,11,cost,15,0.35489699035365363,0.0995013619788702,False
8,0.4,0.9,ghz,11,cost,31,0.042845137911956765,0.9103521135195638,False
8,0.4,0.9,ghz,11,cost,63,0.001137783998307107,0.9970551559448856,False
8,0.4,0.9,ghz,11,cost,95,9.876315941381719e-05,0.999897671691493,True
8,0.4,0.9,ghz,11,cost,127,2.3201260283212122e-05,0.9999772490503487,True
8,0.4,0.9,ghz,11,cost,127,2.3201260283212122e-05,0.9999772490503487,True
8,0.0,1.3,antiphase,11,cost,6,1.5036751512038862,0.004416486878557029,False
8,0.0,1.3,antiphase,11,cost,16,0.5286751512038863,0.3676158168344249,False
8,0.0,1.3,antiphase,11,cost,32,0.05394659280980374,0.901670565297406,False
8,0.0,1.3,antiphase,11,cost,64,0.0014391973743654862,0.998404216852279,False
8,0.0,1.3,antiphase,11,cost,128,6.85082902163181e-06,0.9999951279782011,True
8,0.0,1.3,antiphase,11,cost,128,6.85082902163181e-06,0.9999951279782011,True
8,0.1,0.8,ghz,11,cost,7,0.20078525536087044,0.49142291111205566,False
8,0.1,0.8,ghz,11,cost,15,0.11508388723228546,0.630537228664239,False
8,0.1,0.8,ghz,11,cost,31,0.022564166669521768,0.8932891463716358,False
8,0.1,0.8,ghz,11,cost,95,5.131261245328034e-05,0.9999349853601667,True
8,0.1,0.8,ghz,11,cost,127,3.0804467565648253e-06,0.9999961731790493,True
8,0.1,0.8,ghz,11,cost,127,3.0804467565648253e-06,0.9999961731790493,True
8,1.0,0.9,ghz,11,cost,7,1.262629102461286,0.0004916689986786698,False
8,1.0,0.9,ghz,11,cost,15,0.6626698176008048,0.011755754225378143,False
8,1.0,0.9,ghz,11,cost,31,0.0664224369949129,0.45524190806256737,False
8,1.0,0.9,ghz,11,cost,63,0.027814445784708708,0.7923004241263321,False
8,1.0,0.9,ghz,11,cost,95,0.002814909559764933,0.9950762944762911,False
8,1.0,0.9,ghz,11,cost,127,0.0014573715566088552,0.997923947695127,False
8,1.0,0.9,ghz,11,cost,127,0.0014573715566088552,0.997923947695127,False
8,0.475,0.85,antiphase,11,cost,6,0.5909159456800984,0.027647371734672216,False
8,0.475,0.85,antiphase,11,cost,16,0.405566300180078,0.12999003588413566,False
8,0.475,0.85,antiphase,11,cost,32,0.05512192532395632,0.8656760494102186,False
8,0.475,0.85,antiphase,11,cost,64,0.0021503640188256234,0.9952990245301061,False
8,0.475,0.85,antiphase,11,cost,128,7.012610693823973e-05,0.9999287025672121,True
8,0.475,0.85,antiphase,11,cost,128,7.012610693823973e-05,0.9999287025672121,True
8,0.05,0.7,plus,11,cost,0,0.3868645463108056,0.17715022108822306,False
8,0.05,0.7,plus,11,cost,16,0.1055071579439083,0.5326823222782409,False
8,0.05,0.7,plus,11,cost,32,0.00498487495415012,0.9828254251581863,False
8,0.05,0.7,plus,11,cost,96,7.780971926774072e-07,0.9999990562603807,True
8,0.05,0.7,plus,11,cost,122,4.139995033458632e-07,0.9999994806079177,True
8,0.975,0.85,plus,11,gradient,0,0.36452155151026755,0.45066976778850365,False
8,0.975,0.85,plus,11,gradient,16,0.12877738836599284,0.6039122358430014,False
8,0.975,0.85,plus,11,gradient,32,0.04101351122292618,0.9275145125373893,False
8,0.975,0.85,plus,11,gradient,96,0.0028016494260014735,0.9938937103466154,False
8,0.975,0.85,plus,11,gradient,128,0.0011729947407088659,0.9980275984454248,False
8,0.975,0.85,plus,11,gradient,128,0.0011729947407088659,0.9980275984454248,False
8,0.525,0.35,plus,11,fixed,0,0.33734675404006453,0.4147327296990897,False
8,0.525,0.35,plus,11,fixed,16,0.04634486441048602,0.7895819988663116,False
8,0.15,0.4,plus,11,cost,0,0.49834800756346004,0.059162584216579744,False
8,0.15,0.4,plus,11,cost,16,0.14360387939012298,0.4102396902388785,False
8,0.15,0.4,plus,11,cost,32,0.0009227135365560413,0.9967825784620802,True
8,0.15,0.4,plus,11,cost,64,0.0001498954673652131,0.9995755391935948,True
8,0.15,0.4,plus,11,cost,96,1.8109801802501657e-05,0.9999577994881951,True
8,0.15,0.4,plus,11,cost,128,4.382432564620231e-07,0.9999994559737522,True
8,0.15,0.4,plus,11,cost,128,4.382432564620231e-07,0.9999994559737522,True
8,0.3,0.5,plus,37,fixed,0,0.31314929279091114,0.3677511084063065,False
8,0.3,0.5,plus,37,fixed,16,0.0490427546774177,0.74480371839321,False
8,0.0,0.2,ghz,11,fixed,7,0.010025319888919526,0.979973219821065,False
8,0.0,0.2,ghz,11,fixed,23,4.98309949399367e-05,0.9998966183397214,True
8,0.4,2.0,ghz,11,cost,7,1.5154681262996286,0.01921131310708585,False
8,0.4,2.0,ghz,11,cost,15,0.9280297102678512,0.12046011464091895,False
8,0.4,2.0,ghz,11,cost,31,0.02811873236090312,0.9732168743300577,False
8,0.4,2.0,ghz,11,cost,63,0.00023640146025272202,0.9998510571464754,True
8,0.4,2.0,ghz,11,cost,95,5.8723073443900375e-06,0.9999971086654141,True
8,0.4,2.0,ghz,11,cost,127,1.6815241274947823e-06,0.9999991891212351,True
8,0.4,2.0,ghz,11,cost,127,1.6815241274947823e-06,0.9999991891212351,True
8,0.475,0.55,antiphase,11,fixed,6,0.3507017496456527,0.01885656503664871,False
8,0.475,0.55,antiphase,11,fixed,22,0.35070174964565265,0.018856565036648704,False
8,0.95,0.3,ghz,11,cost,7,0.924697681875182,2.561328275556785e-07,False
8,0.95,0.3,ghz,11,cost,15,0.41696545335895163,0.00017776740177464178,False
8,0.95,0.3,ghz,11,cost,31,0.0009571747732526337,0.5005657846437103,False
8,0.95,0.3,ghz,11,cost,63,0.0008165960222814572,0.5012195644278343,False
8,0.95,0.3,ghz,11,cost,127,0.0007387535167747705,0.5037600564618276,False
8,0.95,0.3,ghz,11,cost,127,0.0007387535167747705,0.5037600564618276,False
8,0.45,0.9,plus,11,cost,0,0.20746870258857286,0.7344055386499484,False
8,0.45,0.9,plus,11,cost,16,0.012819635682197461,0.9669477310726146,False
8,0.45,0.9,plus,11,cost,32,0.007080764454340027,0.9797028624479929,False
8,0.45,0.9,plus,11,cost,64,0.000440673551197035,0.999303499069973,True
8,0.45,0.9,plus,11,cost,96,8.301242047092927e-05,0.9999141178276441,True
8,0.45,0.9,plus,11,cost,128,3.469455731952564e-05,0.9999690963986966,True
8,0.45,0.9,plus,11,cost,128,3.469455731952564e-05,0.9999690963986966,True
8,1.0,2.0,antiphase,11,cost,6,1.1912088837887218,0.0855973975889193,False
8,1.0,2.0,antiphase,11,cost,16,0.44862743183950293,0.49229683002867974,False
8,1.0,2.0,antiphase,11,cost,32,0.0406168473176618,0.9623608482581477,False
8,1.0,2.0,antiphase,11,cost,64,0.0007349829045506517,0.999538813073032,True
8,1.0,2.0,antiphase,11,cost,96,0.00020240003574079068,0.9998911530243186,True
8,1.0,2.0,antiphase,11,cost,128,7.034204858813453e-05,0.9999642453831918,True
8,1.0,2.0,antiphase,11,cost,128,7.034204858813453e-05,0.9999642453831918,True
12,0.8,0.9,plus,11,cost,0,0.2741358672226258,0.5241633964754429,False
12,0.8,0.9,plus,11,cost,32,0.05167267267056719,0.8166616766851923,False
12,0.8,0.9,plus,11,cost,64,0.017677391256964842,0.9400243473218862,False
12,0.8,0.9,plus,11,cost,96,0.0067865434405159535,0.9746889624833728,False
12,0.8,0.9,plus,11,cost,128,0.004534274723083875,0.9851606587975656,False
12,0.8,0.9,plus,11,cost,128,0.004534274723083875,0.9851606587975656,False
8,0.8,0.6,plus,11,gradient,0,0.3475761295690428,0.4098035720244742,False
8,0.8,0.6,plus,11,gradient,16,0.10819487233944103,0.5329324835067373,False
8,0.8,0.6,plus,11,gradient,96,0.005344911271364827,0.9745976059492057,False
8,0.8,0.6,plus,11,gradient,128,0.0029133226137365575,0.9904001313542626,False
8,0.8,0.6,plus,11,gradient,128,0.0029133226137365575,0.9904001313542626,False
8,0.975,0.35,plus,11,cost,0,0.6581335550223383,0.06991664435039159,False
8,0.975,0.35,plus,11,cost,16,0.2907353540734614,0.16628752256430826,False
8,0.975,0.35,plus,11,cost,32,0.005471658453888084,0.49644911735521063,False
8,0.975,0.35,plus,11,cost,64,0.001404294718739374,0.5027403912800362,False
8,0.975,0.35,plus,11,cost,128,7.420584761930193e-05,0.9998430669411533,True
8,0.975,0.35,plus,11,cost,128,7.420584761930193e-05,0.9998430669411533,True
8,0.55,0.15,plus,23,gradient,0,0.4217424196859966,0.2660809996518718,False
8,0.55,0.15,plus,23,gradient,16,0.03970449551825861,0.32215193332661374,False
8,0.55,0.15,plus,23,gradient,32,0.0216126625466192,0.573777952784086,False
8,0.55,0.15,plus,23,gradient,128,0.006207664744308117,0.64848187852767,False
8,0.55,0.15,plus,23,gradient,128,0.006207664744308117,0.64848187852767,False
8,0.65,1.3,plus,11,cost,0,0.18085267473175537,0.8273213348321609,False
8,0.65,1.3,plus,11,cost,16,0.03767037923748706,0.9366362874783302,False
8,0.65,1.3,plus,11,cost,32,0.00902909062548396,0.9886357705056863,False
8,0.65,1.3,plus,11,cost,64,0.001047634965971156,0.9990837669627404,False
8,0.65,1.3,plus,11,cost,128,6.459771093458855e-05,0.9999511701389927,True
8,0.65,1.3,plus,11,cost,128,6.459771093458855e-05,0.9999511701389927,True
8,0.95,0.9,ghz,11,cost,7,1.1834238978538878,0.0007562461887366598,False
8,0.95,0.9,ghz,11,cost,15,0.5156637829954445,0.03985443390570598,False
8,0.95,0.9,ghz,11,cost,31,0.07812514376078994,0.4344212630498751,False
8,0.95,0.9,ghz,11,cost,63,0.008549117485216806,0.9868779214394604,False
8,0.95,0.9,ghz,11,cost,95,0.0034739165033754738,0.9938117129172487,False
8,0.95,0.9,ghz,11,cost,127,0.0015994009192332737,0.9976542153626888,False
8,0.95,0.9,ghz,11,cost,127,0.0015994009192332737,0.9976542153626888,False
8,0.525,0.85,ghz,11,fixed,7,0.5939370696579316,0.014966115328206202,False
8,0.525,0.85,ghz,11,fixed,23,0.1399940298572231,0.6487068622363887,False
8,0.85,1.7,ghz,11,cost,7,1.732334125110537,0.005108081082863478,False
8,0.85,1.7,ghz,11,cost,15,0.8507964114905515,0.11610958168288191,False
8,0.85,1.7,ghz,11,cost,31,0.07070222786460545,0.9152732060124303,False
8,0.85,1.7,ghz,11,cost,63,0.0009623365418314211,0.9993644700422029,True
8,0.85,1.7,ghz,11,cost,95,0.00031270475893774297,0.99979112102042,True
8,0.85,1.7,ghz,11,cost,127,0.0001197248667115236,0.9999275861775835,True
8,0.85,1.7,ghz,11,cost,127,0.0001197248667115236,0.9999275861775835,True
8,0.8,0.4,ghz,23,cost,7,0.6564908659982547,2.967040635574974e-05,False
8,0.8,0.4,ghz,23,cost,15,0.3340396207249783,0.0017056980546040952,False
8,0.8,0.4,ghz,23,cost,31,0.17947150602439033,0.02266796629786634,False
8,0.8,0.4,ghz,23,cost,63,0.004685405611778548,0.5153609271931037,False
8,0.8,0.4,ghz,23,cost,127,0.0007972662990874957,0.9964991828815356,True
8,0.8,0.4,ghz,23,cost,127,0.0007972662990874957,0.9964991828815356,True
8,0.55,0.9,ghz,11,cost,7,0.6637439927675978,0.012886171529100723,False
8,0.55,0.9,ghz,11,cost,15,0.3835511797981408,0.10355427954835536,False
8,0.55,0.9,ghz,11,cost,31,0.141312593559349,0.5165833117650201,False
8,0.55,0.9,ghz,11,cost,63,0.00622030911551108,0.9862603378326927,False
8,0.55,0.9,ghz,11,cost,95,0.0005326505184091168,0.9993777078506765,True
8,0.55,0.9,ghz,11,cost,127,0.00014526941844228425,0.9998412642215813,True
8,0.55,0.9,ghz,11,cost,127,0.00014526941844228425,0.9998412642215813,True
8,0.0,1.1,antiphase,23,fixed,6,1.3494084590468363,0.0023935758742727104,False
8,0.0,1.1,antiphase,23,fixed,22,1.3494084590468363,0.002204161600889743,False
8,0.475,0.85,plus,11,gradient,0,0.2159159456800991,0.7190369955786484,False
8,0.475,0.85,plus,11,gradient,16,0.016498954390272935,0.9550108381185151,False
8,0.475,0.85,plus,11,gradient,32,0.0076224119352539255,0.9769634042651756,False
8,0.475,0.85,plus,11,gradient,64,0.003434114799703236,0.9914789380685419,False
8,0.475,0.85,plus,11,gradient,96,0.00045414922465969454,0.9994313954149138,True
8,0.475,0.85,plus,11,gradient,128,0.00018624925171595308,0.999772241370843,True
8,0.475,0.85,plus,11,gradient,128,0.00018624925171595308,0.999772241370843,True
8,0.4,1.8,ghz,11,cost,7,1.3254944268838453,0.02066223330711125,False
8,0.4,1.8,ghz,11,cost,15,0.7178833126484041,0.1843832433050438,False
8,0.4,1.8,ghz,11,cost,31,0.0169066737723782,0.982364082678287,False
8,0.4,1.8,ghz,11,cost,63,0.0001189752141053102,0.9999095816509884,True
8,0.4,1.8,ghz,11,cost,95,9.490118863419994e-06,0.9999946669065849,True
8,0.4,1.8,ghz,11,cost,127,1.943419347893993e-06,0.9999989472656032,True
8,0.4,1.8,ghz,11,cost,127,1.943419347893993e-06,0.9999989472656032,True
8,0.8,1.2,antiphase,11,fixed,6,0.6202060867657855,0.11001980552767686,False
8,0.8,1.2,antiphase,11,fixed,22,0.6202060867657855,0.11001980552767686,False
8,0.85,1.2,ghz,11,cost,7,1.2836251149167124,0.003275665149213292,False
8,0.85,1.2,ghz,11,cost,15,0.5449640538109002,0.10717087113592044,False
8,0.85,1.2,ghz,11,cost,31,0.0856293333806395,0.8433351860839803,False
8,0.85,1.2,ghz,11,cost,63,0.0033271154991991736,0.9961853792251093,False
8,0.85,1.2,ghz,11,cost,95,0.0009374976862184248,0.9991068328703642,True
8,0.85,1.2,ghz,11,cost,127,0.0003372049707675018,0.9996929154580964,True
8,0.85,1.2,ghz,11,cost,127,0.0003372049707675018,0.9996929154580964,True
12,0.0,1.1,antiphase,11,cost,10,1.3451707487382514,6.267791034523256e-05,False
12,0.0,1.1,antiphase,11,cost,32,0.5075082367836387,0.17022056008010705,False
12,0.0,1.1,antiphase,11,cost,96,0.21223012429557242,0.3657320685429769,False
12,0.0,1.1,antiphase,11,cost,128,0.20616119646036601,0.363122120215,False
12,0.0,1.1,antiphase,11,cost,128,0.20616119646036601,0.363122120215,False
8,0.8,0.8,antiphase,37,cost,6,0.2865110832348605,0.2505289620486456,False
8,0.8,0.8,antiphase,37,cost,16,0.1490807675510275,0.5104227377444551,False
8,0.8,0.8,antiphase,37,cost,32,0.036178252575438385,0.8590486456474339,False
8,0.8,0.8,antiphase,37,cost,64,0.007983289208359334,0.982007163131149,False
8,0.8,0.8,antiphase,37,cost,96,0.0026647495650296005,0.9954698320097731,False
8,0.8,0.8,antiphase,37,cost,128,0.0012068425344085032,0.9983753686808923,False
8,0.8,0.8,antiphase,37,cost,128,0.0012068425344085032,0.9983753686808923,False
8,0.7,1.6,ghz,11,cost,7,1.4637401848676281,0.008003634529876999,False
8,0.7,1.6,ghz,11,cost,15,0.8532759947963446,0.08242139899647075,False
8,0.7,1.6,ghz,11,cost,31,0.052319134665660405,0.934446932349767,False
8,0.7,1.6,ghz,11,cost,63,0.0015913548369534958,0.9982245729800824,False
8,0.7,1.6,ghz,11,cost,95,0.00011795258479052606,0.9999228404419952,True
8,0.7,1.6,ghz,11,cost,127,3.77641965032538e-05,0.9999769272144742,True
8,0.7,1.6,ghz,11,cost,127,3.77641965032538e-05,0.9999769272144742,True
8,1.0,1.9,plus,11,cost,0,0.199185682968418,0.8423622598297383,False
8,1.0,1.9,plus,11,cost,16,0.0748632647134615,0.9202012718067157,False
8,1.0,1.9,plus,11,cost,32,0.01046743095423075,0.9903771345190084,False
8,1.0,1.9,plus,11,cost,64,0.0007457686925462781,0.9995431007334308,True
8,1.0,1.9,plus,11,cost,128,9.740210204522981e-05,0.9999440426340541,True
8,1.0,1.9,plus,11,cost,128,9.740210204522981e-05,0.9999440426340541,True
12,0.3,0.4,plus,11,cost,0,0.3637644421345249,0.06411811772353405,False
12,0.3,0.4,plus,11,cost,32,0.027288608898426325,0.47984731564427535,False
12,0.3,0.4,plus,11,cost,64,0.00959195971967978,0.6881099024813998,False
12,0.3,0.4,plus,11,cost,96,0.0034319327297687905,0.927243952214171,False
12,0.3,0.4,plus,11,cost,128,0.0007433987449750509,0.9872112971002077,False
12,0.3,0.4,plus,11,cost,128,0.0007433987449750509,0.9872112971002077,False
8,0.9,1.9,ghz,11,cost,7,1.97733496432458,0.004881655256625755,False
8,0.9,1.9,ghz,11,cost,15,0.891992438948398,0.11375252823821944,False
8,0.9,1.9,ghz,11,cost,31,0.060770702518395225,0.9328318456386251,False
8,0.9,1.9,ghz,11,cost,63,0.0010512509264546388,0.9993196745026917,False
8,0.9,1.9,ghz,11,cost,95,0.0002693111400065007,0.9998436135884089,True
8,0.9,1.9,ghz,11,cost,127,0.00011674629122193636,0.9999337987781743,True
8,0.9,1.9,ghz,11,cost,127,0.00011674629122193636,0.9999337987781743,True
8,0.45,0.15,plus,11,cost,0,0.4217268040301613,0.2479639860297743,False
8,0.45,0.15,plus,11,cost,16,0.022629041503461567,0.5770220660675883,False
8,0.45,0.15,plus,11,cost,32,0.008242136043006498,0.7698686880045227,False
8,0.45,0.15,plus,11,cost,64,0.0030134796631391403,0.821447964552214,False
8,0.45,0.15,plus,11,cost,96,0.0027055969600320307,0.8259076739763871,False
8,0.45,0.15,plus,11,cost,128,0.0009592287891376783,0.9878967198117294,False
8,0.45,0.15,plus,11,cost,128,0.0009592287891376783,0.9878967198117294,False
12,0.8,1.7,ghz,11,cost,11,1.6753084162829588,0.0003181112222490625,False
12,0.8,1.7,ghz,11,cost,31,0.3973420584375085,0.2115304704500657,False
12,0.8,1.7,ghz,11,cost,63,0.21129294261011733,0.5096984409169065,False
12,0.8,1.7,ghz,11,cost,95,0.0024126345215570075,0.9962039463149764,False
12,0.8,1.7,ghz,11,cost,127,0.0009600691849727857,0.998572943570366,True
12,0.8,1.7,ghz,11,cost,127,0.0009600691849727857,0.998572943570366,True
8,0.9,0.9,antiphase,11,cost,6,0.30735975036693597,0.30681128450964,False
8,0.9,0.9,antiphase,11,cost,16,0.1513669653364178,0.6000718888312971,False
8,0.9,0.9,antiphase,11,cost,32,0.029115417276420974,0.9157026354810492,False
8,0.9,0.9,antiphase,11,cost,64,0.005293138276409648,0.9892045806934504,False
8,0.9,0.9,antiphase,11,cost,96,0.002484665811836262,0.9957812501810751,False
8,0.9,0.9,antiphase,11,cost,128,0.0014578142229457747,0.9980620963948691,False
8,0.9,0.9,antiphase,11,cost,128,0.0014578142229457747,0.9980620963948691,False
8,0.45,1.1,antiphase,11,cost,6,0.8319484521586822,0.02647197296785131,False
8,0.45,1.1,antiphase,11,cost,16,0.5416810844229085,0.16973673413303197,False
8,0.45,1.1,antiphase,11,cost,32,0.04510986397125483,0.9164074950327444,False
8,0.45,1.1,antiphase,11,cost,64,0.0008943271808639075,0.9987644355747152,True
8,0.45,1.1,antiphase,11,cost,96,9.499415278213519e-05,0.9999129393622849,True
8,0.45,1.1,antiphase,11,cost,128,2.216745987726476e-05,0.9999804944608857,True
8,0.45,1.1,antiphase,11,cost,128,2.216745987726476e-05,0.9999804944608857,True
12,0.3,0.6,antiphase,11,cost,10,0.5780884641109741,0.000131228921833512,False
12,0.3,0.6,antiphase,11,cost,32,0.32165714469102835,0.02402628456205484,False
12,0.3,0.6,antiphase,11,cost,64,0.0681412744054537,0.25278015950666777,False
12,0.3,0.6,antiphase,11,cost,96,0.036873437786590024,0.47399368262725056,False
12,0.3,0.6,antiphase,11,cost,128,0.033646995583861784,0.47578817334064893,False
12,0.3,0.6,antiphase,11,cost,128,0.033646995583861784,0.47578817334064893,False
8,0.3,1.1,antiphase,11,cost,6,0.9826354927917884,0.01360642254330771,False
8,0.3,1.1,antiphase,11,cost,16,0.41408709676894273,0.3216835709755494,False
8,0.3,1.1,antiphase,11,cost,32,0.2021763879235603,0.45638905406158387,False
8,0.3,1.1,antiphase,11,cost,64,0.00026428648540699484,0.9994187532442471,True
8,0.3,1.1,antiphase,11,cost,96,1.973905955310329e-05,0.999979305812621,True
8,0.3,1.1,antiphase,11,cost,128,3.340358558645562e-06,0.9999969943117865,True
8,0.3,1.1,antiphase,11,cost,128,3.340358558645562e-06,0.9999969943117865,True
8,0.8,1.2,ghz,11,fixed,7,1.2202060867657851,0.004183336731216742,False
8,0.8,1.2,ghz,11,fixed,23,0.13868123865130944,0.8438562808642377,False
8,0.8,0.6,plus,37,cost,0,0.3475761295690428,0.4098035720244742,False
8,0.8,0.6,plus,37,cost,16,0.09039333805167649,0.563788116204004,False
8,0.8,0.6,plus,37,cost,32,0.013501277343878959,0.9251181429250438,False
8,0.8,0.6,plus,37,cost,64,0.006048163648873284,0.9731363601908957,False
8,0.8,0.6,plus,37,cost,96,0.004341416357673822,0.9808414267282818,False
8,0.8,0.6,plus,37,cost,128,0.0019164648685449093,0.9917869070198206,False
8,0.8,0.6,plus,37,cost,128,0.0019164648685449093,0.9917869070198206,False
8,0.8,0.4,ghz,23,fixed,7,0.6564908659982547,2.967040635574974e-05,False
8,0.8,0.4,ghz,23,fixed,23,0.20809676599444493,0.010795128551684493,False
12,0.8,0.5,ghz,11,cost,11,0.6902657764189226,2.2461959413958144e-06,False
12,0.8,0.5,ghz,11,cost,31,0.14911283615826662,0.03004657464434255,False
12,0.8,0.5,ghz,11,cost,63,0.054282940896049826,0.11275331966899993,False
12,0.8,0.5,ghz,11,cost,95,0.04770666827351233,0.13921963916178615,False
12,0.8,0.5,ghz,11,cost,127,0.0421104543025268,0.15951402781018129,False
12,0.8,0.5,ghz,11,cost,127,0.0421104543025268,0.15951402781018129,False
12,0.0,1.9,antiphase,11,cost,10,2.034045009907924,0.00042299306915087007,False
12,0.0,1.9,antiphase,11,cost,32,0.7230867780916533,0.19967356441014444,False
12,0.0,1.9,antiphase,11,cost,64,0.23036140851804396,0.472764204579932,False
12,0.0,1.9,antiphase,11,cost,96,0.20054588274314314,0.47711578937379134,False
12,0.0,1.9,antiphase,11,cost,128,6.074587652952582e-05,0.9998757399796221,True
12,0.0,1.9,antiphase,11,cost,128,6.074587652952582e-05,0.9998757399796221,True
8,0.75,1.9,antiphase,11,cost,6,1.3015046764494067,0.052520092806209964,False
8,0.75,1.9,antiphase,11,cost,16,0.7901903222127686,0.2597931100168595,False
8,0.75,1.9,antiphase,11,cost,32,0.04454229516747077,0.9528236581281821,False
8,0.75,1.9,antiphase,11,cost,128,4.323310628784327e-05,0.9999757576547225,True
8,0.75,1.9,antiphase,11,cost,128,4.323310628784327e-05,0.9999757576547225,True
8,0.975,0.55,plus,11,gradient,0,0.5131985860163298,0.16866382525392112,False
8,0.975,0.55,plus,11,gradient,16,0.21280433650340957,0.2743320514566227,False
8,0.975,0.55,plus,11,gradient,96,0.0075008093191408776,0.5311018919834994,False
8,0.975,0.55,plus,11,gradient,128,0.0007227327187990795,0.9983955661280985,True
8,0.975,0.55,plus,11,gradient,128,0.0007227327187990795,0.9983955661280985,True
8,1.0,0.7,ghz,11,cost,7,1.1473967598874601,0.00010731911575903449,False
8,1.0,0.7,ghz,11,cost,15,0.5193990487168916,0.017790812289346022,False
8,1.0,0.7,ghz,11,cost,31,0.024098093690362976,0.49918234945652334,False
8,1.0,0.7,ghz,11,cost,63,0.018655026673344066,0.5584323731974199,False
8,1.0,0.7,ghz,11,cost,127,0.0011713020939141394,0.997269396114817,False
8,1.0,0.7,ghz,11,cost,127,0.0011713020939141394,0.997269396114817,False
8,0.45,2.0,antiphase,11,cost,6,1.6675751880922118,0.025958596409702866,False
8,0.45,2.0,antiphase,11,cost,16,0.56279992065039,0.4388334451984779,False
8,0.45,2.0,antiphase,11,cost,32,0.022607017818686348,0.9760972349021957,False
8,0.45,2.0,antiphase,11,cost,64,0.00023184394854336432,0.9998362996997032,True
8,0.45,2.0,antiphase,11,cost,96,1.031334278511764e-05,0.9999947521825903,True
8,0.45,2.0,antiphase,11,cost,128,3.0153877501604143e-06,0.9999985331085711,True
8,0.45,2.0,antiphase,11,cost,128,3.0153877501604143e-06,0.9999985331085711,True
8,0.15,0.3,antiphase,11,cost,6,0.7268452416032568,1.0639503600192963e-06,False
8,0.15,0.3,antiphase,11,cost,16,0.5157503859920318,0.0016645505975797573,False
8,0.15,0.3,antiphase,11,cost,32,0.003551155396007477,0.9912390849386087,False
8,0.15,0.3,antiphase,11,cost,64,4.780685986460753e-05,0.9998218018889465,True
8,0.15,0.3,antiphase,11,cost,96,1.1460985771982735e-05,0.9999693978059492,True
8,0.15,0.3,antiphase,11,cost,128,1.0709076836423748e-07,0.9999998692221995,True
8,0.15,0.3,antiphase,11,cost,128,1.0709076836423748e-07,0.9999998692221995,True
8,0.0,0.9,ghz,23,cost,7,0.2216609572519983,0.534477467885496,False
8,0.0,0.9,ghz,23,cost,15,0.12296732941751465,0.6847301070197824,False
8,0.0,0.9,ghz,23,cost,31,0.021487473503100984,0.9044926947881907,False
8,0.0,0.9,ghz,23,cost,63,0.00324312261797588,0.9954850791718793,False
8,0.0,0.9,ghz,23,cost,95,4.7010697181715244e-05,0.9999477879572114,True
8,0.0,0.9,ghz,23,cost,127,5.06152358470402e-07,0.9999995641027033,True
8,0.0,0.9,ghz,23,cost,127,5.06152358470402e-07,0.9999995641027033,True
8,0.65,0.3,ghz,11,cost,7,0.34163006886230146,0.0001836111004524044,False
8,0.65,0.3,ghz,11,cost,15,0.3087087593223248,0.0017641021676621403,False
8,0.65,0.3,ghz,11,cost,31,0.06982309297205669,0.051187885960514386,False
8,0.65,0.3,ghz,11,cost,63,0.05552426583242398,0.10345880817676381,False
8,0.65,0.3,ghz,11,cost,95,0.004369767959150783,0.5264667553369363,False
8,0.65,0.3,ghz,11,cost,127,0.0036162391935463667,0.5696386348797848,False
8,0.65,0.3,ghz,11,cost,127,0.0036162391935463667,0.5696386348797848,False
8,0.0,1.1,antiphase,23,cost,6,1.3494084590468363,0.0023935758742727104,False
8,0.0,1.1,antiphase,23,cost,16,0.5244084590468365,0.3089488262817214,False
8,0.0,1.1,antiphase,23,cost,32,0.0744931813138705,0.7177466793359593,False
8,0.0,1.1,antiphase,23,cost,64,0.003631805241327557,0.9954514520132569,False
8,0.0,1.1,antiphase,23,cost,96,0.0002478068523297239,0.9997739218354351,True
8,0.0,1.1,antiphase,23,cost,128,4.0651487287490795e-08,0.9999999658453239,True
8,0.0,1.1,antiphase,23,cost,128,4.0651487287490795e-08,0.9999999658453239,True
8,0.325,0.15,plus,11,fixed,0,0.5334515656016539,0.021185111098108656,False
8,0.325,0.15,plus,11,fixed,16,0.15626155762548455,0.14760423750021712,False
8,0.0,0.1,antiphase,11,cost,6,1.0025015666823316,1.953173815028542e-11,False
8,0.0,0.1,antiphase,11,cost,16,0.7146876933684688,9.962008489846003e-05,False
8,0.0,0.1,antiphase,11,cost,32,0.0003148418743565973,0.999370274029431,True
8,0.0,0.1,antiphase,11,cost,62,2.152544520406252e-08,0.999999957994987,True
12,0.3,1.0,antiphase,11,cost,10,0.8957309481676822,0.000677518431113752,False
12,0.3,1.0,antiphase,11,cost,32,0.4385297657523422,0.132467219068084,False
12,0.3,1.0,antiphase,11,cost,64,0.10043451699806989,0.496885701235529,False
12,0.3,1.0,antiphase,11,cost,96,0.08657806534449586,0.5086533904485554,False
12,0.3,1.0,antiphase,11,cost,128,0.0001535450531819175,0.9994445938726753,True
12,0.3,1.0,antiphase,11,cost,128,0.0001535450531819175,0.9994445938726753,True
8,0.025,1.25,antiphase,11,cost,6,1.4306589721793488,0.004504818480279983,False
8,0.025,1.25,antiphase,11,cost,16,0.5178778162388032,0.3576192878395754,False
8,0.025,1.25,antiphase,11,cost,32,0.18537312277796447,0.5982068957445736,False
8,0.025,1.25,antiphase,11,cost,64,0.004083234211768927,0.9900759586643649,False
8,0.025,1.25,antiphase,11,cost,128,4.9008167284370074e-06,0.9999964552612852,True
8,0.025,1.25,antiphase,11,cost,128,4.9008167284370074e-06,0.9999964552612852,True
8,0.85,1.5,antiphase,11,cost,6,0.8496993718131763,0.09149509403901317,False
8,0.85,1.5,antiphase,11,cost,16,0.33924050963539876,0.5038240793339107,False
8,0.85,1.5,antiphase,11,cost,32,0.032156607326942366,0.9564591542216591,False
8,0.85,1.5,antiphase,11,cost,64,0.0013382526562828456,0.9988586045382627,False
8,0.85,1.5,antiphase,11,cost,128,0.00015574264386231107,0.9998902455856351,True
8,0.85,1.5,antiphase,11,cost,128,0.00015574264386231107,0.9998902455856351,True
8,0.45,1.9,ghz,11,cost,7,1.472367837697611,0.01722009856469762,False
8,0.45,1.9,ghz,11,cost,15,0.9024571187095058,0.11483745600699846,False
8,0.45,1.9,ghz,11,cost,31,0.41168973531770514,0.4642840855817865,False
8,0.45,1.9,ghz,11,cost,63,0.00033436117790586195,0.9997022723833554,True
8,0.45,1.9,ghz,11,cost,95,2.2275012093508906e-05,0.9999880127345792,True
8,0.45,1.9,ghz,11,cost,127,3.0225749507728494e-06,0.9999984690801627,True
8,0.45,1.9,ghz,11,cost,127,3.0225749507728494e-06,0.9999984690801627,True
8,0.2,1.8,ghz,11,cost,7,1.1258466911977285,0.039091867069059975,False
8,0.2,1.8,ghz,11,cost,15,0.7087981397273249,0.14951753882816005,False
8,0.2,1.8,ghz,11,cost,31,0.0291037712208142,0.9689601899046867,False
8,0.2,1.8,ghz,11,cost,63,7.516511500993417e-06,0.9999944741030933,True
8,0.2,1.8,ghz,11,cost,95,9.330609092028652e-07,0.9999994224284964,True
8,0.2,1.8,ghz,11,cost,127,2.1441566833146908e-07,0.9999998837075956,True
8,0.2,1.8,ghz,11,cost,127,2.1441566833146908e-07,0.9999998837075956,True
8,0.2,0.9,antiphase,11,cost,6,0.9278282232600361,0.005463560425448601,False
8,0.2,0.9,antiphase,11,cost,16,0.4180179237720232,0.24778387631133783,False
8,0.2,0.9,antiphase,11,cost,32,0.0417672314840456,0.8857024744338681,False
8,0.2,0.9,antiphase,11,cost,64,0.0006913315460372882,0.9976711141447501,False
8,0.2,0.9,antiphase,11,cost,96,3.4564467751740935e-05,0.9999538258319923,True
8,0.2,0.9,antiphase,11,cost,128,6.938620228602588e-06,0.9999922332546529,True
8,0.2,0.9,antiphase,11,cost,128,6.938620228602588e-06,0.9999922332546529,True
8,0.8,0.4,plus,37,cost,0,0.4564908659982555,0.148165412310859,False
8,0.8,0.4,plus,37,cost,16,0.1736390935266543,0.197356960968122,False
8,0.8,0.4,plus,37,cost,32,0.08899839719501745,0.37702662246282925,False
8,0.8,0.4,plus,37,cost,64,0.001252311116908933,0.9927945898254156,False
8,0.8,0.4,plus,37,cost,96,0.0005295383821077859,0.9973068081334715,True
8,0.8,0.4,plus,37,cost,128,0.0003833296133317621,0.9982050471086537,True
8,0.8,0.4,plus,37,cost,128,0.0003833296133317621,0.9982050471086537,True
8,0.35,0.5,antiphase,11,cost,6,0.4465448934622269,0.004354760969110326,False
8,0.35,0.5,antiphase,11,cost,16,0.3534607321407531,0.031500312711553353,False
8,0.35,0.5,antiphase,11,cost,32,0.10748710273064832,0.3320582484105029,False
8,0.35,0.5,antiphase,11,cost,64,0.0007176775568453753,0.9941954542312575,False
8,0.35,0.5,antiphase,11,cost,96,0.0003656549381809704,0.9972790087364434,False
8,0.35,0.5,antiphase,11,cost,128,0.00010713422470631784,0.9996822269890399,True
8,0.35,0.5,antiphase,11,cost,128,0.00010713422470631784,0.9996822269890399,True
12,0.3,1.3,antiphase,11,cost,10,1.1606684654060369,0.0009855583050275318,False
12,0.3,1.3,antiphase,11,cost,32,0.5218151818581171,0.170290874479643,False
12,0.3,1.3,antiphase,11,cost,64,0.14606441247302668,0.4964317971641543,False
12,0.3,1.3,antiphase,11,cost,96,0.1284479414627905,0.5176053148503614,False
12,0.3,1.3,antiphase,11,cost,128,0.00027553815811742766,0.9992627158367483,True
12,0.3,1.3,antiphase,11,cost,128,0.00027553815811742766,0.9992627158367483,True
12,0.0,1.6,antiphase,11,cost,10,1.7605724749549883,0.0002973596109062628,False
12,0.0,1.6,antiphase,11,cost,32,0.6218675252708682,0.18252586780792118,False
12,0.0,1.6,antiphase,11,cost,64,0.3670086664717811,0.23210655719588263,False
12,0.0,1.6,antiphase,11,cost,96,0.3367076144067414,0.23130700302650165,False
12,0.0,1.6,antiphase,11,cost,128,0.3283564383041231,0.23204872917428132,False
12,0.0,1.6,antiphase,11,cost,128,0.3283564383041231,0.23204872917428132,False
8,1.0,0.2,plus,11,cost,0,0.8101672548267027,0.03537692550735806,False
8,1.0,0.2,plus,11,cost,16,0.24538164159631903,0.24810538154327808,False
8,1.0,0.2,plus,11,cost,64,0.0001354147698946484,0.5002604913158976,False
8,1.0,0.2,plus,11,cost,108,0.00012510291219181013,0.50040759819328,False
8,0.1,0.1,plus,11,cost,0,0.8027807789671171,0.012222006271936117,False
8,0.1,0.1,plus,11,cost,16,0.2006965448246102,0.4976814825059329,False
8,0.1,0.1,plus,11,cost,32,0.0003506561640571615,0.9992191789161154,True
8,0.1,0.1,plus,11,cost,64,2.7571306349116753e-08,0.9999999364110613,True
8,0.1,0.1,plus,11,cost,70,2.3604987298142532e-08,0.9999999397568164,True
8,0.05,0.5,antiphase,11,cost,6,0.9673857793466784,1.4775872979064625e-05,False
8,0.05,0.5,antiphase,11,cost,16,0.699944521538799,0.0009378006389990632,False
8,0.05,0.5,antiphase,11,cost,32,0.38038820975593124,0.48765353595533484,False
8,0.05,0.5,antiphase,11,cost,64,0.0007938137097509568,0.9974610810946853,True
8,0.05,0.5,antiphase,11,cost,128,2.291652553054746e-06,0.9999975389457082,True
8,0.05,0.5,antiphase,11,cost,128,2.291652553054746e-06,0.9999975389457082,True
12,0.0,0.1,ghz,11,cost,11,0.002501566421599044,0.9925070214162464,False
12,0.0,0.1,ghz,11,cost,31,0.00041849350503560717,0.9987417423577486,True
12,0.0,0.1,ghz,11,cost,63,6.668374092910767e-07,0.9999979784584323,True
12,0.0,0.1,ghz,11,cost,83,2.469524362780362e-08,0.9999999251868373,True
8,0.3,1.2,antiphase,37,fixed,6,1.0710134982110622,0.01475669103723503,False
8,0.3,1.2,antiphase,37,fixed,22,1.0710134982110622,0.01475669103723503,False
8,0.825,0.55,plus,11,gradient,0,0.3880750272771897,0.29794481629068964,False
8,0.825,0.55,plus,11,gradient,16,0.10986415298578955,0.4495003650471245,False
8,0.825,0.55,plus,11,gradient,32,0.006937008388525179,0.9645649470692753,False
8,0.825,0.55,plus,11,gradient,96,0.0023152967621484777,0.9891384930160089,False
8,0.825,0.55,plus,11,gradient,128,0.0020220364715954897,0.991219165810084,False
8,0.825,0.55,plus,11,gradient,128,0.0020220364715954897,0.991219165810084,False
8,0.325,0.15,antiphase,11,cost,6,0.35845156560165375,1.7509415572952666e-07,False
8,0.325,0.15,antiphase,11,cost,16,0.34792445016387064,3.368384545651121e-06,False
8,0.325,0.15,antiphase,11,cost,64,0.12116229034174852,0.0011860084907418774,False
8,0.325,0.15,antiphase,11,cost,96,5.77661419398634e-06,0.9999625293198545,True
8,0.325,0.15,antiphase,11,cost,128,1.7418483067022095e-07,0.9999996269248613,True
8,0.325,0.15,antiphase,11,cost,128,1.7418483067022095e-07,0.9999996269248613,True
8,0.6,0.2,antiphase,11,cost,6,0.018911473136764445,0.8699469306189836,False
8,0.6,0.2,antiphase,11,cost,16,0.008646507847878127,0.910190097283843,False
8,0.6,0.2,antiphase,11,cost,32,0.0015706779227583345,0.9441846613851301,False
8,0.6,0.2,antiphase,11,cost,64,0.0011903022981919475,0.956639265564638,False
8,0.6,0.2,antiphase,11,cost,128,0.0007360512581708889,0.9741362290132969,False
8,0.6,0.2,antiphase,11,cost,128,0.0007360512581708889,0.9741362290132969,False
8,0.4,0.8,plus,11,cost,0,0.22299787954058892,0.6871221523041317,False
8,0.4,0.8,plus,11,cost,16,0.011762406694266314,0.967768006387162,False
8,0.4,0.8,plus,11,cost,32,0.005265268547235857,0.9787377019017469,False
8,0.4,0.8,plus,11,cost,64,0.0012400886314984927,0.9969854099110282,False
8,0.4,0.8,plus,11,cost,96,0.00012647609951965677,0.9998460420410364,True
8,0.4,0.8,plus,11,cost,128,4.602582361745711e-05,0.9999503016544415,True
8,0.4,0.8,plus,11,cost,128,4.602582361745711e-05,0.9999503016544415,True
8,0.85,0.5,plus,11,cost,0,0.43610219424689123,0.2080798849375727,False
8,0.85,0.5,plus,11,cost,16,0.16617936231609198,0.29801513340938135,False
8,0.85,0.5,plus,11,cost,32,0.011910612488783778,0.964433413302078,False
8,0.85,0.5,plus,11,cost,96,0.0009856845169764483,0.9957277253906194,False
8,0.85,0.5,plus,11,cost,128,0.0006626879862834389,0.9977210513221725,True
8,0.85,0.5,plus,11,cost,128,0.0006626879862834389,0.9977210513221725,True
8,0.025,0.85,ghz,11,fixed,7,0.2025247217057189,0.5563914527110492,False
8,0.025,0.85,ghz,11,fixed,23,0.023535463917063737,0.8973398936355955,False
8,0.25,0.2,antiphase,11,cost,6,0.5135028407429617,2.6751991821788596e-07,False
8,0.25,0.2,antiphase,11,cost,16,0.4902567269081921,2.906322901951348e-05,False
8,0.25,0.2,antiphase,11,cost,32,0.003426202714445603,0.9905268547639914,False
8,0.25,0.2,antiphase,11,cost,64,1.5465383631618757e-05,0.9999361027792598,True
8,0.25,0.2,antiphase,11,cost,96,5.515569966751954e-06,0.9999786891288008,True
8,0.25,0.2,antiphase,11,cost,128,3.7208618985928865e-07,0.999999240166376,True
8,0.25,0.2,antiphase,11,cost,128,3.7208618985928865e-07,0.999999240166376,True
8,0.975,0.35,antiphase,11,cost,6,0.03313355502233806,0.9264105622024867,False
8,0.975,0.35,antiphase,11,cost,16,0.01333453514784222,0.96997241929908,False
8,0.975,0.35,antiphase,11,cost,32,0.0002603591205823097,0.9994347444758289,True
8,0.975,0.35,antiphase,11,cost,64,8.848608200096031e-05,0.9998047216234225,True
8,0.975,0.35,antiphase,11,cost,128,1.9896307956734915e-05,0.9999512490853861,True
8,0.975,0.35,antiphase,11,cost,128,1.9896307956734915e-05,0.9999512490853861,True
8,0.0,0.2,plus,23,gradient,0,0.8100253198889197,0.017434082290676986,False
8,0.0,0.2,plus,23,gradient,16,0.23814698127379885,0.49257985137616195,False
8,0.0,0.2,plus,23,gradient,94,2.829765310963239e-10,0.9999999995751805,True
8,0.55,0.15,plus,11,fixed,0,0.4217424196859966,0.2660809996518718,False
8,0.55,0.15,plus,11,fixed,16,0.04744979100562996,0.3874115306686817,False
8,0.975,0.85,plus,11,fixed,0,0.36452155151026755,0.45066976778850365,False
8,0.975,0.85,plus,11,fixed,16,0.16882777906700253,0.5065185977010248,False
8,0.55,2.0,plus,11,cost,0,0.12399991612510441,0.9085572917262086,False
8,0.55,2.0,plus,11,cost,16,0.018496275964129172,0.9796870381675551,False
8,0.55,2.0,plus,11,cost,32,0.002993200369787008,0.9972608490844568,False
8,0.55,2.0,plus,11,cost,64,7.779981348310372e-05,0.9999583017858855,True
8,0.55,2.0,plus,11,cost,128,4.333224119523749e-06,0.9999978904192136,True
8,0.55,2.0,plus,11,cost,128,4.333224119523749e-06,0.9999978904192136,True
8,0.1,1.5,ghz,11,cost,7,0.7569611100205482,0.08066638801271749,False
8,0.1,1.5,ghz,11,cost,15,0.4687844334564417,0.21679142723023923,False
8,0.1,1.5,ghz,11,cost,31,0.03789321970922721,0.948103823960506,False
8,0.1,1.5,ghz,11,cost,63,4.5251208727004055e-05,0.9999521204864404,True
8,0.1,1.5,ghz,11,cost,95,2.504601469777157e-06,0.9999980060422585,True
8,0.1,1.5,ghz,11,cost,125,1.8346678620773105e-07,0.9999998808069632,True
8,0.975,1.25,ghz,11,fixed,7,1.4924691779887689,0.0019064798195693909,False
8,0.975,1.25,ghz,11,fixed,23,0.15944495729728714,0.5197043870786938,False
8,0.3,0.4,antiphase,11,cost,6,0.4646590718118197,0.00035639974590884096,False
8,0.3,0.4,antiphase,11,cost,16,0.3939331989182683,0.005576399354955917,False
8,0.3,0.4,antiphase,11,cost,32,0.07364054283972254,0.5838720793273481,False
8,0.3,0.4,antiphase,11,cost,64,0.004191174802242625,0.9383113107904991,False
8,0.3,0.4,antiphase,11,cost,96,4.005536524021025e-05,0.9999091696821767,True
8,0.3,0.4,antiphase,11,cost,128,1.4021973893996176e-05,0.9999710742017811,True
8,0.3,0.4,antiphase,11,cost,128,1.4021973893996176e-05,0.9999710742017811,True
8,0.3,0.2,ghz,23,cost,7,0.014576327734931338,0.9557837954156849,False
8,0.3,0.2,ghz,23,cost,15,0.00746439034623636,0.9763601299209423,False
8,0.3,0.2,ghz,23,cost,31,0.00023346662577095056,0.998551763758384,True
8,0.3,0.2,ghz,23,cost,63,5.045102852119232e-05,0.9996544988850021,True
8,0.3,0.2,ghz,23,cost,95,2.8869450544921627e-05,0.9998007524018616,True
8,0.3,0.2,ghz,23,cost,127,1.940210293760458e-06,0.9999964468142363,True
8,0.3,0.2,ghz,23,cost,127,1.940210293760458e-06,0.9999964468142363,True
8,0.5,0.15,plus,37,cost,0,0.42108108440839953,0.23835876833969474,False
8,0.5,0.15,plus,37,cost,16,0.02902849583151068,0.5373964737046132,False
8,0.5,0.15,plus,37,cost,32,0.02105253274620167,0.681852968256779,False
8,0.5,0.15,plus,37,cost,64,0.0075844139712855085,0.7600325675786062,False
8,0.5,0.15,plus,37,cost,96,0.0037169070139005944,0.9017160463411602,False
8,0.5,0.15,plus,37,cost,128,0.000945484422664733,0.9939771225474023,False
8,0.5,0.15,plus,37,cost,128,0.000945484422664733,0.9939771225474023,False
8,0.45,0.1,plus,11,cost,0,0.45487638107306566,0.03860584922769714,False
8,0.45,0.1,plus,11,cost,16,0.019364420563710016,0.3697121650248159,False
8,0.45,0.1,plus,11,cost,32,0.006071516275444333,0.6007672548529227,False
8,0.45,0.1,plus,11,cost,64,0.00495589288391729,0.6182390838072659,False
8,0.45,0.1,plus,11,cost,96,5.912081534575897e-05,0.9971804914089631,True
8,0.45,0.1,plus,11,cost,128,9.926985504726815e-07,0.9999908954812966,True
8,0.45,0.1,plus,11,cost,128,9.926985504726815e-07,0.9999908954812966,True
8,0.175,0.15,ghz,11,fixed,7,0.006845131571494467,0.9833122176246963,False
8,0.175,0.15,ghz,11,fixed,23,4.0808245850065816e-05,0.9998697093015774,True
8,0.4,0.4,ghz,11,cost,7,0.12193088407533903,0.08416535951272942,False
8,0.4,0.4,ghz,11,cost,15,0.08937933709587353,0.11420631560163733,False
8,0.4,0.4,ghz,11,cost,31,0.0535025294606184,0.19829308148683267,False
8,0.4,0.4,ghz,11,cost,63,0.004214568422237885,0.9608615424535014,False
8,0.4,0.4,ghz,11,cost,95,0.0017785381984427584,0.9850927753886709,False
8,0.4,0.4,ghz,11,cost,127,0.000534711821892575,0.9981276358086332,False
8,0.4,0.4,ghz,11,cost,127,0.000534711821892575,0.9981276358086332,False
8,0.85,0.7,ghz,11,cost,7,0.8907403301251923,0.0006415008144545157,False
8,0.85,0.7,ghz,11,cost,15,0.43529176865814434,0.027542708509225338,False
8,0.85,0.7,ghz,11,cost,31,0.04503800922305223,0.4715684056835097,False
8,0.85,0.7,ghz,11,cost,63,0.008212778596190295,0.9725628647798723,False
8,0.85,0.7,ghz,11,cost,127,0.002767702549276718,0.9927966307600238,False
8,0.85,0.7,ghz,11,cost,127,0.002767702549276718,0.9927966307600238,False
8,0.85,2.0,antiphase,11,cost,6,1.3114271305773553,0.06210678068183377,False
8,0.85,2.0,antiphase,11,cost,16,0.7948852133971145,0.27520404017477257,False
8,0.85,2.0,antiphase,11,cost,32,0.04829430351488906,0.9528308063752885,False
8,0.85,2.0,antiphase,11,cost,64,0.0007506089689783835,0.9995557910158344,True
8,0.85,2.0,antiphase,11,cost,96,0.00014191417116116156,0.9999239510015022,True
8,0.85,2.0,antiphase,11,cost,128,5.214712904377805e-05,0.9999732896993028,True
8,0.85,2.0,antiphase,11,cost,128,5.214712904377805e-05,0.9999732896993028,True
8,0.3,1.2,plus,23,fixed,0,0.17101349821106382,0.7970358254836657,False
8,0.3,1.2,plus,23,fixed,16,0.0056401178260563345,0.9911273398168302,False
12,0.3,0.9,ghz,11,cost,11,0.41118445074328375,0.01547108664466966,False
12,0.3,0.9,ghz,11,cost,31,0.1746393229583001,0.1536425637028495,False
12,0.3,0.9,ghz,11,cost,63,0.0016768078241559496,0.9918917836042895,False
12,0.3,0.9,ghz,11,cost,95,0.0003466455719527417,0.9983808724836429,False
12,0.3,0.9,ghz,11,cost,127,8.143142885449113e-05,0.9996295973668323,True
12,0.3,0.9,ghz,11,cost,127,8.143142885449113e-05,0.9996295973668323,True
8,0.325,0.15,ghz,11,cost,7,0.008451565601653721,0.9737909265570718,False
8,0.325,0.15,ghz,11,cost,15,0.004296019766872439,0.9862612154887254,False
8,0.325,0.15,ghz,11,cost,31,9.295298354539128e-05,0.9993919195887314,True
8,0.325,0.15,ghz,11,cost,63,1.3882120599162384e-05,0.9999033928956805,True
8,0.325,0.15,ghz,11,cost,95,7.366135531872153e-06,0.9999471889378624,True
8,0.325,0.15,ghz,11,cost,127,4.4443219071599316e-07,0.9999988261443117,True
8,0.325,0.15,ghz,11,cost,127,4.4443219071599316e-07,0.9999988261443117,True
8,0.325,1.25,ghz,11,fixed,7,0.7400461773692338,0.039479183816623985,False
8,0.325,1.25,ghz,11,fixed,23,0.12109923035939141,0.850292319104561,False
8,0.7,0.1,ghz,11,cost,7,0.4036089767555275,3.3006823976325956e-09,False
8,0.7,0.1,ghz,11,cost,15,0.3994794983137929,3.004604855981999e-08,False
8,0.7,0.1,ghz,11,cost,31,0.16641769408291585,1.2393930616647733e-05,False
8,0.7,0.1,ghz,11,cost,63,0.1643506621264873,4.822610411827642e-05,False
8,0.7,0.1,ghz,11,cost,125,2.332278048744474e-05,0.5001308154496001,False
8,0.175,1.75,ghz,11,fixed,7,1.0551847583286582,0.04445184422364383,False
8,0.175,1.75,ghz,11,fixed,23,0.09467210573899254,0.9048236437275797,False
8,0.75,1.2,antiphase,11,cost,6,0.6586434833035589,0.09019965840967754,False
8,0.75,1.2,antiphase,11,cost,16,0.416255603092323,0.2686418046531324,False
8,0.75,1.2,antiphase,11,cost,32,0.05044382463397934,0.9169775328550948,False
8,0.75,1.2,antiphase,11,cost,96,0.0006220970751122934,0.9994362806172568,True
8,0.75,1.2,antiphase,11,cost,128,0.000232197932287459,0.9998022287896988,True
8,0.75,1.2,antiphase,11,cost,128,0.000232197932287459,0.9998022287896988,True
8,0.175,1.25,antiphase,11,fixed,6,1.250439365541907,0.0092236757744983,False
8,0.175,1.25,antiphase,11,fixed,22,1.250439365541908,0.009223675774498204,False
8,0.2,1.6,antiphase,11,cost,6,1.5395331801753318,0.013126009020534879,False
8,0.2,1.6,antiphase,11,cost,16,0.5256485773442225,0.4066300491498084,False
8,0.2,1.6,antiphase,11,cost,32,0.3052718317132974,0.48507991992752275,False
8,0.2,1.6,antiphase,11,cost,64,2.3565867447894462e-05,0.9999612392888114,True
8,0.2,1.6,antiphase,11,cost,128,2.856766374570441e-07,0.999999819638831,True
8,0.2,1.6,antiphase,11,cost,128,2.856766374570441e-07,0.999999819638831,True
8,0.65,1.5,plus,11,cost,0,0.1641621578932444,0.8560703979348137,False
8,0.65,1.5,plus,11,cost,16,0.034970728018026254,0.9488978643989915,False
8,0.65,1.5,plus,11,cost,32,0.007100375039117868,0.9921683795701831,False
8,0.65,1.5,plus,11,cost,64,0.0005643203985696843,0.9995641133483169,True
8,0.65,1.5,plus,11,cost,96,0.00010373268879937392,0.9999284260954805,True
8,0.65,1.5,plus,11,cost,128,4.736958703510652e-05,0.9999698145212685,True
8,0.65,1.5,plus,11,cost,128,4.736958703510652e-05,0.9999698145212685,True
8,0.3,0.5,antiphase,37,cost,6,0.5131492927909107,0.001845464296981564,False
8,0.3,0.5,antiphase,37,cost,16,0.4092456931844163,0.023131784158049406,False
8,0.3,0.5,antiphase,37,cost,32,0.09986440956965603,0.5091230277389551,False
8,0.3,0.5,antiphase,37,cost,64,0.003196129477045173,0.977856810589343,False
8,0.3,0.5,antiphase,37,cost,96,6.568694897346461e-06,0.9999803890919904,True
8,0.3,0.5,antiphase,37,cost,128,2.276438229364963e-06,0.9999945810149736,True
8,0.3,0.5,antiphase,37,cost,128,2.276438229364963e-06,0.9999945810149736,True
8,0.3,1.9,ghz,11,cost,7,1.3184625544636734,0.026697291395121756,False
8,0.3,1.9,ghz,11,cost,15,0.8248239039199254,0.1299649011895427,False
8,0.3,1.9,ghz,11,cost,31,0.014515284729871958,0.9857511752231509,False
8,0.3,1.9,ghz,11,cost,63,3.200816439852261e-05,0.9999797322573175,True
8,0.3,1.9,ghz,11,cost,95,1.5716719552472114e-06,0.9999991975218805,True
8,0.3,1.9,ghz,11,cost,127,5.153360143062002e-07,0.9999997369707068,True
8,0.3,1.9,ghz,11,cost,127,5.153360143062002e-07,0.9999997369707068,True
8,0.05,1.4,antiphase,11,cost,6,1.5262680282872008,0.006633015926675802,False
8,0.05,1.4,antiphase,11,cost,16,0.8499669992879579,0.22641754165135813,False
8,0.05,1.4,antiphase,11,cost,32,0.5843272027590972,0.27799318831715053,False
8,0.05,1.4,antiphase,11,cost,64,0.0019266340645749391,0.9953886059304374,False
8,0.05,1.4,antiphase,11,cost,96,4.5935840571997844e-05,0.9999595427282946,True
8,0.05,1.4,antiphase,11,cost,128,1.6966730196354973e-06,0.999998838464885,True
8,0.05,1.4,antiphase,11,cost,128,1.6966730196354973e-06,0.999998838464885,True
8,0.15,0.6,plus,11,cost,0,0.3646643244468323,0.18631203526868792,False
8,0.15,0.6,plus,11,cost,16,0.08340980369430695,0.5366440548803023,False
8,0.15,0.6,plus,11,cost,32,0.013818940407180569,0.9654591311755617,False
8,0.15,0.6,plus,11,cost,96,1.5299638193244647e-05,0.9999803347204104,True
8,0.15,0.6,plus,11,cost,128,3.195777809161804e-06,0.9999954242993399,True
8,0.15,0.6,plus,11,cost,128,3.195777809161804e-06,0.9999954242993399,True
8,0.25,1.2,plus,11,cost,0,0.1739012873625705,0.784642540467669,False
8,0.25,1.2,plus,11,cost,16,0.00505046747604565,0.9916368584557262,False
8,0.25,1.2,plus,11,cost,32,0.00030700961478213884,0.999380909435852,True
8,0.25,1.2,plus,11,cost,64,2.489987038112318e-05,0.9999709068802464,True
8,0.25,1.2,plus,11,cost,96,6.580530677258167e-06,0.9999940199783188,True
8,0.25,1.2,plus,11,cost,128,8.078291426905082e-07,0.9999993280557536,True
8,0.25,1.2,plus,11,cost,128,8.078291426905082e-07,0.9999993280557536,True
8,0.825,0.85,ghz,11,cost,7,0.9604187034614851,0.0017760580391941476,False
8,0.825,0.85,ghz,11,cost,15,0.4304874504811935,0.05844348716943128,False
8,0.825,0.85,ghz,11,cost,31,0.08474271406444411,0.5261932208570167,False
8,0.825,0.85,ghz,11,cost,63,0.008683007501676165,0.985786606817652,False
8,0.825,0.85,ghz,11,cost,95,0.003612074591061276,0.994353986325941,False
8,0.825,0.85,ghz,11,cost,127,0.0012931115772754076,0.9983505871900994,False
8,0.825,0.85,ghz,11,cost,127,0.0012931115772754076,0.9983505871900994,False
12,0.3,0.2,ghz,11,cost,11,0.01457085277603746,0.9346285188140898,False
12,0.3,0.2,ghz,11,cost,31,0.002678090643856527,0.9864500494582387,False
12,0.3,0.2,ghz,11,cost,63,0.00014341474888412975,0.9987216150783318,True
12,0.3,0.2,ghz,11,cost,95,4.288505840473652e-05,0.9996087945956208,True
12,0.3,0.2,ghz,11,cost,127,3.0569049655445234e-05,0.9997217559776953,True
12,0.3,0.2,ghz,11,cost,127,3.0569049655445234e-05,0.9997217559776953,True
8,0.3,1.2,antiphase,37,cost,6,1.0710134982110622,0.01475669103723503,False
8,0.3,1.2,antiphase,37,cost,16,0.4166088765735263,0.3736481261949566,False
8,0.3,1.2,antiphase,37,cost,32,0.018146657767437846,0.9684737444972679,False
8,0.3,1.2,antiphase,37,cost,64,0.00019152379027853605,0.9996837478822987,True
8,0.3,1.2,antiphase,37,cost,96,8.855750036618204e-06,0.9999922004254552,True
8,0.3,1.2,antiphase,37,cost,128,2.4459408114463344e-06,0.9999980429097853,True
8,0.3,1.2,antiphase,37,cost,128,2.4459408114463344e-06,0.9999980429097853,True
8,0.3,0.8,ghz,11,cost,7,0.3295234892862603,0.09980790577321451,False
8,0.3,0.8,ghz,11,cost,15,0.2189898613788701,0.19293079019830997,False
8,0.3,0.8,ghz,11,cost,31,0.064090304584276,0.8533383748583985,False
8,0.3,0.8,ghz,11,cost,63,0.00022517746692463092,0.9992196119300694,False
8,0.3,0.8,ghz,11,cost,95,6.950948674333546e-05,0.9998729395763201,True
8,0.3,0.8,ghz,11,cost,127,2.95661351241705e-05,0.9999564520322286,True
8,0.3,0.8,ghz,11,cost,127,2.95661351241705e-05,0.9999564520322286,True
12,0.8,1.1,antiphase,11,cost,10,0.5399828326838918,0.019004921164953285,False
12,0.8,1.1,antiphase,11,cost,32,0.25769319981224514,0.1399315815712664,False
12,0.8,1.1,antiphase,11,cost,64,0.03868619306695079,0.8802988004289011,False
12,0.8,1.1,antiphase,11,cost,96,0.00788989283775902,0.9797947846379758,False
12,0.8,1.1,antiphase,11,cost,128,0.003407946919548562,0.9920732187299334,False
12,0.8,1.1,antiphase,11,cost,128,0.003407946919548562,0.9920732187299334,False
8,1.0,1.1,ghz,11,cost,7,1.4069890585036968,0.0011397645989282845,False
8,1.0,1.1,ghz,11,cost,15,0.6708839649829609,0.042000018891444946,False
8,1.0,1.1,ghz,11,cost,31,0.12025114967962214,0.4335271801416938,False
8,1.0,1.1,ghz,11,cost,63,0.006606423037252451,0.9908730553111735,False
8,1.0,1.1,ghz,11,cost,95,0.0017306271119830186,0.9980847076722673,False
8,1.0,1.1,ghz,11,cost,127,0.0009257644324094372,0.9990549444130841,True
8,1.0,1.1,ghz,11,cost,127,0.0009257644324094372,0.9990549444130841,True
8,0.25,1.9,ghz,11,cost,7,1.268788604811455,0.031014223190570858,False
8,0.25,1.9,ghz,11,cost,15,0.7928559712741641,0.13888226037742893,False
8,0.25,1.9,ghz,11,cost,31,0.027837174895369188,0.9722870500682473,False
8,0.25,1.9,ghz,11,cost,63,4.353236204845956e-05,0.9999550076450587,True
8,0.25,1.9,ghz,11,cost,95,1.6022291671191624e-06,0.9999991148774698,True
8,0.25,1.9,ghz,11,cost,127,4.2181303916422053e-07,0.9999997813824657,True
8,0.25,1.9,ghz,11,cost,127,4.2181303916422053e-07,0.9999997813824657,True
8,0.2,1.3,antiphase,11,cost,6,1.26689811632936,0.010756628391910477,False
8,0.2,1.3,antiphase,11,cost,16,0.47491666796699905,0.36563756209769227,False
8,0.2,1.3,antiphase,11,cost,32,0.2348278996497255,0.490373036485095,False
8,0.2,1.3,antiphase,11,cost,64,7.529108716486377e-06,0.9999920663162285,True
8,0.2,1.3,antiphase,11,cost,128,1.6218130038936351e-07,0.9999998622972134,True
8,0.2,1.3,antiphase,11,cost,128,1.6218130038936351e-07,0.9999998622972134,True
8,0.0,0.2,plus,37,gradient,0,0.8100253198889197,0.017434082290676986,False
8,0.0,0.2,plus,37,gradient,90,7.377043420575546e-10,0.9999999985549701,True
8,0.45,0.1,ghz,11,cost,7,0.004876381073065539,0.9551599276237362,False
8,0.45,0.1,ghz,11,cost,15,0.002605041914916617,0.96453590012187,False
8,0.45,0.1,ghz,11,cost,31,0.0002909433028180919,0.9767749794288739,False
8,0.45,0.1,ghz,11,cost,63,0.00016656118853319857,0.9833661479950958,False
8,0.45,0.1,ghz,11,cost,95,0.00011511124108487536,0.9904439407824713,False
8,0.45,0.1,ghz,11,cost,127,1.3587561864536468e-06,0.9999726642074529,True
8,0.45,0.1,ghz,11,cost,127,1.3587561864536468e-06,0.9999726642074529,True
8,0.95,1.7,ghz,11,cost,7,1.8546322529606032,0.003704913508552576,False
8,0.95,1.7,ghz,11,cost,15,0.8796465016979587,0.08867533181518382,False
8,0.95,1.7,ghz,11,cost,31,0.0842972589774782,0.8966511428948246,False
8,0.95,1.7,ghz,11,cost,63,0.0013858386561209635,0.9989181460704788,False
8,0.95,1.7,ghz,11,cost,95,0.0004668959792450966,0.9996957769539974,True
8,0.95,1.7,ghz,11,cost,127,0.00018650661761343557,0.9998832321197823,True
8,0.95,1.7,ghz,11,cost,127,0.00018650661761343557,0.9998832321197823,True
8,0.8,1.1,plus,11,cost,0,0.23324694045313543,0.7492149819361005,False
8,0.8,1.1,plus,11,cost,16,0.0674647995459503,0.8689438424587292,False
8,0.8,1.1,plus,11,cost,32,0.0131626519923278,0.977439592743002,False
8,0.8,1.1,plus,11,cost,96,0.0008117391981590227,0.9992032750742902,True
8,0.8,1.1,plus,11,cost,128,0.0003105410172603573,0.9997063672318369,True
8,0.8,1.1,plus,11,cost,128,0.0003105410172603573,0.9997063672318369,True
8,0.35,1.2,ghz,11,cost,7,0.7197471571872636,0.03646548697789323,False
8,0.35,1.2,ghz,11,cost,15,0.4805642697521967,0.12067797291669764,False
8,0.35,1.2,ghz,11,cost,31,0.021344857967246167,0.9664322471402762,False
8,0.35,1.2,ghz,11,cost,63,0.0002787336405525309,0.9996603498926259,True
8,0.35,1.2,ghz,11,cost,95,3.9841327816425576e-05,0.9999643422414877,True
8,0.35,1.2,ghz,11,cost,127,4.9387078138174445e-06,0.9999959612325785,True
8,0.35,1.2,ghz,11,cost,127,4.9387078138174445e-06,0.9999959612325785,True
8,0.9,0.5,antiphase,11,cost,6,0.07930541589793172,0.7883589924387834,False
8,0.9,0.5,antiphase,11,cost,16,0.03493845703648213,0.9002233811475948,False
8,0.9,0.5,antiphase,11,cost,32,0.0026175162526614892,0.9906679505486065,False
8,0.9,0.5,antiphase,11,cost,64,0.0007723952607605611,0.9973713666835274,True
8,0.9,0.5,antiphase,11,cost,96,0.0004160345518824382,0.9986319701499872,True
8,0.9,0.5,antiphase,11,cost,128,0.0002772054926043488,0.9992359059903865,True
8,0.9,0.5,antiphase,11,cost,128,0.0002772054926043488,0.9992359059903865,True
8,0.75,0.5,ghz,11,cost,7,0.6075219591845729,0.00045290649060608087,False
8,0.75,0.5,ghz,11,cost,15,0.30389874548198936,0.01827628537834166,False
8,0.75,0.5,ghz,11,cost,31,0.11717809614081964,0.17281504033564227,False
8,0.75,0.5,ghz,11,cost,63,0.015860976014461903,0.6088581920054635,False
8,0.75,0.5,ghz,11,cost,95,0.005244501304617288,0.9615467264529516,False
8,0.75,0.5,ghz,11,cost,127,0.0033804097491176854,0.9831352923460056,False
8,0.75,0.5,ghz,11,cost,127,0.0033804097491176854,0.9831352923460056,False
8,0.85,0.4,ghz,11,cost,7,0.7520242794330333,1.1897584739664817e-05,False
8,0.85,0.4,ghz,11,cost,15,0.3803093463620322,0.0009858153948967313,False
8,0.85,0.4,ghz,11,cost,31,0.004946709153163087,0.49803711645611914,False
8,0.85,0.4,ghz,11,cost,63,0.004176085408829966,0.5039668632487203,False
8,0.85,0.4,ghz,11,cost,95,0.0036797173609814937,0.5109774554501443,False
8,0.85,0.4,ghz,11,cost,127,0.0033570847081503263,0.5391525116004704,False
8,0.85,0.4,ghz,11,cost,127,0.0033570847081503263,0.5391525116004704,False
8,0.3,0.5,ghz,11,fixed,7,0.1131492927909108,0.4122106125931625,False
8,0.3,0.5,ghz,11,fixed,23,0.026119090633994868,0.6406104784353948,False
8,0.85,0.8,plus,11,cost,0,0.3092630451721934,0.5576250538753476,False
8,0.85,0.8,plus,11,cost,16,0.10358507291981134,0.6992172152816798,False
8,0.85,0.8,plus,11,cost,32,0.02280224460387137,0.9301072832442128,False
8,0.85,0.8,plus,11,cost,64,0.005251448246179624,0.9894016222746537,False
8,0.85,0.8,plus,11,cost,96,0.0030880418055452274,0.9945828608202927,False
8,0.85,0.8,plus,11,cost,128,0.0012567950339024136,0.9982957974660609,False
8,0.85,0.8,plus,11,cost,128,0.0012567950339024136,0.9982957974660609,False
8,0.95,1.5,plus,11,cost,0,0.22512419903972902,0.7898031457795179,False
8,0.95,1.5,plus,11,cost,16,0.07938254280489132,0.8841060253561607,False
8,0.95,1.5,plus,11,cost,32,0.017498189567560773,0.9756449577875371,False
8,0.95,1.5,plus,11,cost,96,0.0005935424879706108,0.999534272238581,True
8,0.95,1.5,plus,11,cost,128,0.000393152379481565,0.9996880674395465,True
8,0.95,1.5,plus,11,cost,128,0.000393152379481565,0.9996880674395465,True
8,0.0,1.0,plus,37,cost,0,0.2814577238707543,0.4215096173044166,False
8,0.0,1.0,plus,37,cost,16,0.060987243388296974,0.753292524649098,False
8,0.0,1.0,plus,37,cost,32,0.026344611253974692,0.9075148759537525,False
8,0.0,1.0,plus,37,cost,64,0.0011742103004281912,0.9986857861082867,False
8,0.0,1.0,plus,37,cost,96,2.3041658972822177e-05,0.9999784507492906,True
8,0.0,1.0,plus,37,cost,128,2.6398698338425675e-08,0.9999999789171502,True
8,0.0,1.0,plus,37,cost,128,2.6398698338425675e-08,0.9999999789171502,True
8,0.3,1.9,plus,11,cost,0,0.11846255446367704,0.8997424751616185,False
8,0.3,1.9,plus,11,cost,16,0.00222890239790674,0.9974681295595911,False
8,0.3,1.9,plus,11,cost,32,0.0006539763717099412,0.9991778774974733,False
8,0.3,1.9,plus,11,cost,64,1.277624736717442e-05,0.9999921675171116,True
8,0.3,1.9,plus,11,cost,96,1.6593224851924049e-06,0.9999991230172407,True
8,0.3,1.9,plus,11,cost,128,5.030054328614142e-07,0.999999745239925,True
8,0.3,1.9,plus,11,cost,128,5.030054328614142e-07,0.999999745239925,True
8,0.15,1.1,plus,11,cost,0,0.2010454171135665,0.6981358792944259,False
8,0.15,1.1,plus,11,cost,16,0.012172925832823811,0.9667793699519927,False
8,0.15,1.1,plus,11,cost,32,0.0029063384805787518,0.9903567574853308,False
8,0.15,1.1,plus,11,cost,64,0.00015679589206873956,0.9997387665690972,True
8,0.15,1.1,plus,11,cost,96,9.95187730135072e-06,0.9999896780446837,True
8,0.15,1.1,plus,11,cost,128,4.858227000692494e-07,0.9999995651459821,True
8,0.15,1.1,plus,11,cost,128,4.858227000692494e-07,0.9999995651459821,True
8,0.0,1.2,plus,11,cost,0,0.22402495644068843,0.6090637527863392,False
8,0.0,1.2,plus,11,cost,16,0.03984575689825398,0.8757981607399994,False
8,0.0,1.2,plus,11,cost,32,0.014020583398352215,0.9506807576226393,False
8,0.0,1.2,plus,11,cost,64,0.0011089547770211095,0.9985499287729124,False
8,0.0,1.2,plus,11,cost,96,5.0362672427528565e-05,0.9999624490315772,True
8,0.0,1.2,plus,11,cost,128,1.0343366982912272e-05,0.9999930495903261,True
8,0.0,1.2,plus,11,cost,128,1.0343366982912272e-05,0.9999930495903261,True
8,0.975,0.35,ghz,11,fixed,7,0.9831335550223376,6.442893467775459e-07,False
8,0.975,0.35,ghz,11,fixed,23,0.3829609225556476,0.0030353915910230184,False
8,0.5,0.15,plus,23,fixed,0,0.42108108440839953,0.23835876833969474,False
8,0.5,0.15,plus,23,fixed,16,0.0463617765016785,0.3585250565379159,False
8,0.65,1.1,plus,11,cost,0,0.20134469208408712,0.7892289055873464,False
8,0.65,1.1,plus,11,cost,16,0.0369580887763139,0.9264422017501649,False
8,0.65,1.1,plus,11,cost,32,0.012001379442225346,0.9826703021310426,False
8,0.65,1.1,plus,11,cost,96,0.0005794203141693544,0.99939857198222,True
8,0.65,1.1,plus,11,cost,128,0.00020613971508232076,0.9998146170304898,True
8,0.65,1.1,plus,11,cost,128,0.00020613971508232076,0.9998146170304898,True
8,0.8,0.6,ghz,23,cost,7,0.7475761295690422,0.000558553013722585,False
8,0.8,0.6,ghz,23,cost,15,0.37002850441902857,0.023144674050874742,False
8,0.8,0.6,ghz,23,cost,31,0.03399667651457006,0.4539602030571489,False
8,0.8,0.6,ghz,23,cost,95,0.005809372658757361,0.9793730958344181,False
8,0.8,0.6,ghz,23,cost,127,0.0024467253481003093,0.9921683933927804,False
8,0.8,0.6,ghz,23,cost,127,0.0024467253481003093,0.9921683933927804,False
8,0.45,0.4,ghz,11,cost,7,0.16953281668757392,0.02637128064430692,False
8,0.45,0.4,ghz,11,cost,15,0.1341959916617428,0.04314733341996009,False
8,0.45,0.4,ghz,11,cost,31,0.06457653938062735,0.3919514131057797,False
8,0.45,0.4,ghz,11,cost,63,0.006566923164788796,0.9582064049919259,False
8,0.45,0.4,ghz,11,cost,127,0.0007515903552650638,0.9976799136382035,False
8,0.45,0.4,ghz,11,cost,127,0.0007515903552650638,0.9976799136382035,False
8,0.975,1.75,ghz,11,cost,7,1.9312139933758994,0.0035568753231392373,False
8,0.975,1.75,ghz,11,cost,15,0.9986004414474126,0.06579003928252203,False
8,0.975,1.75,ghz,11,cost,31,0.0863868864441304,0.8968021232568205,False
8,0.975,1.75,ghz,11,cost,63,0.0013313975801154676,0.9989978385264622,False
8,0.975,1.75,ghz,11,cost,95,0.00044672383567623264,0.9997189969748299,True
8,0.975,1.75,ghz,11,cost,127,0.00018033622452051645,0.9998901454156166,True
8,0.975,1.75,ghz,11,cost,127,0.00018033622452051645,0.9998901454156166,True
8,0.325,0.55,plus,11,fixed,0,0.2864993930355273,0.4975458335718956,False
8,0.325,0.55,plus,11,fixed,16,0.03316312319750825,0.8920346535152903,False
8,0.85,0.1,ghz,11,cost,7,0.7029592104028793,1.5792804940269995e-10,False
8,0.85,0.1,ghz,11,cost,15,0.33986932296757955,1.1005472577298383e-05,False
8,0.85,0.1,ghz,11,cost,31,0.3152243963911723,5.1086064216912644e-06,False
8,0.85,0.1,ghz,11,cost,63,0.313176896746197,0.00021014449016642207,False
8,0.85,0.1,ghz,11,cost,95,1.284357097652844e-05,0.5000508552317418,False
8,0.85,0.1,ghz,11,cost,107,1.2814337344568827e-05,0.5000511489681233,False
8,0.4,1.3,ghz,11,cost,7,0.8604280024339814,0.026408512553391602,False
8,0.4,1.3,ghz,11,cost,15,0.5343265822542145,0.14967107127812,False
8,0.4,1.3,ghz,11,cost,31,0.035961169837949836,0.948112244977918,False
8,0.4,1.3,ghz,11,cost,63,0.00029819235662209564,0.9996689969664475,True
8,0.4,1.3,ghz,11,cost,127,8.157549349796511e-06,0.9999943865573957,True
8,0.4,1.3,ghz,11,cost,127,8.157549349796511e-06,0.9999943865573957,True
8,0.475,0.15,plus,11,cost,0,0.4211354819813206,0.23911114215905582,False
8,0.475,0.15,plus,11,cost,16,0.03669964496348599,0.5054654645152894,False
8,0.475,0.15,plus,11,cost,32,0.015081854091291369,0.6950093017296901,False
8,0.475,0.15,plus,11,cost,64,0.0056974760023438265,0.8283145845663771,False
8,0.475,0.15,plus,11,cost,96,0.003677469059777172,0.9082143402759425,False
8,0.475,0.15,plus,11,cost,128,0.0014249446944825106,0.9854540637911778,False
8,0.475,0.15,plus,11,cost,128,0.0014249446944825106,0.9854540637911778,False
8,0.15,0.9,ghz,11,cost,7,0.2929379415134128,0.2621349104452497,False
8,0.15,0.9,ghz,11,cost,15,0.17981535715332853,0.39366157158499165,False
8,0.15,0.9,ghz,11,cost,31,0.05853590557185728,0.6745217514304744,False
8,0.15,0.9,ghz,11,cost,63,0.0016425314645438505,0.9964303024674681,False
8,0.15,0.9,ghz,11,cost,127,5.50759751205554e-06,0.9999942097933304,True
8,0.15,0.9,ghz,11,cost,127,5.50759751205554e-06,0.9999942097933304,True
8,0.05,0.6,antiphase,11,cost,6,0.9984585951174428,6.448495169735942e-05,False
8,0.05,0.6,antiphase,11,cost,16,0.6843369135673119,0.011994782703321107,False
8,0.05,0.6,antiphase,11,cost,32,0.01456356688454541,0.9630199728553166,False
8,0.05,0.6,antiphase,11,cost,64,0.001320510913692674,0.9949775567503014,False
8,0.05,0.6,antiphase,11,cost,128,2.5216672994154976e-07,0.999999698221398,True
8,0.05,0.6,antiphase,11,cost,128,2.5216672994154976e-07,0.999999698221398,True
8,0.1,0.9,plus,11,cost,0,0.2638073144677153,0.473353655612629,False
8,0.1,0.9,plus,11,cost,16,0.037131348389435326,0.8300276482054392,False
8,0.1,0.9,plus,11,cost,32,0.017904914743563705,0.9043133591625261,False
8,0.1,0.9,plus,11,cost,64,0.0004338239789998255,0.9993948173137843,True
8,0.1,0.9,plus,11,cost,96,3.238547691064575e-05,0.9999627359308367,True
8,0.1,0.9,plus,11,cost,128,1.4618102184282833e-06,0.9999984629547383,True
8,0.1,0.9,plus,11,cost,128,1.4618102184282833e-06,0.9999984629547383,True
8,0.3,0.1,plus,11,cost,0,0.6035883415979235,0.014281753924756129,False
8,0.3,0.1,plus,11,cost,16,0.09390633653451019,0.5005593863435746,False
8,0.3,0.1,plus,11,cost,64,4.7045860140926266e-07,0.9999979985637524,True
8,0.3,0.1,plus,11,cost,104,1.6905307709258466e-08,0.9999999465355007,True
8,0.3,0.4,antiphase,11,cost,6,0.4646590718118197,0.00035639974590884096,False
8,0.3,0.4,antiphase,11,cost,16,0.3939331989182683,0.005576399354955917,False
8,0.3,0.4,antiphase,11,cost,32,0.07364054283972254,0.5838720793273481,False
8,0.3,0.4,antiphase,11,cost,64,0.0024648169459025038,0.9789045868779181,False
8,0.3,0.4,antiphase,11,cost,96,3.003269007773035e-05,0.9999304733439763,True
8,0.3,0.4,antiphase,11,cost,128,4.700736221940893e-06,0.9999900218854619,True
8,0.3,0.4,antiphase,11,cost,128,4.700736221940893e-06,0.9999900218854619,True
8,0.525,0.35,antiphase,11,fixed,6,0.16234675404006416,0.019610113512143226,False
8,0.525,0.35,antiphase,11,fixed,22,0.16234675404006405,0.019610113512143226,False
8,0.025,0.55,antiphase,11,cost,6,1.0296286305212348,2.285643736563534e-05,False
8,0.025,0.55,antiphase,11,cost,16,0.6443907134974867,0.17791129297146974,False
8,0.025,0.55,antiphase,11,cost,32,0.3898853014863326,0.48633691380799865,False
8,0.025,0.55,antiphase,11,cost,64,0.0015880116669630961,0.9947779374753324,False
8,0.025,0.55,antiphase,11,cost,96,0.0006973772215665974,0.997804306608213,True
8,0.025,0.55,antiphase,11,cost,128,3.866861857071413e-05,0.9999515641678324,True
8,0.025,0.55,antiphase,11,cost,128,3.866861857071413e-05,0.9999515641678324,True
12,0.3,1.7,plus,11,cost,0,0.1298135775124134,0.8261257446389186,False
12,0.3,1.7,plus,11,cost,32,0.0012410990753668472,0.9977863354825163,False
12,0.3,1.7,plus,11,cost,64,0.0005630007421493962,0.9988287101576081,True
12,0.3,1.7,plus,11,cost,96,4.241193615269386e-05,0.9999361897445052,True
12,0.3,1.7,plus,11,cost,128,7.078092221668442e-06,0.9999895119500978,True
12,0.3,1.7,plus,11,cost,128,7.078092221668442e-06,0.9999895119500978,True
8,0.025,0.35,ghz,11,fixed,7,0.0317001786801423,0.9350029915560393,False
8,0.025,0.35,ghz,11,fixed,23,0.0005276671307110625,0.9987315583335521,True
8,0.05,0.2,plus,11,cost,0,0.7605609806571831,0.01827036205700524,False
8,0.05,0.2,plus,11,cost,16,0.2118277228202029,0.4975155466706372,False
8,0.05,0.2,plus,11,cost,98,1.6926307355724646e-08,0.9999999642078848,True
8,0.825,0.15,ghz,11,fixed,7,0.6569203126954495,6.261568237689433e-09,False
8,0.825,0.15,ghz,11,fixed,23,0.00011598936980550256,0.49998019248160536,False
8,0.25,1.4,ghz,11,cost,7,0.8034856714971946,0.0478728344092537,False
8,0.25,1.4,ghz,11,cost,15,0.5013506711189788,0.17962017345054454,False
8,0.25,1.4,ghz,11,cost,31,0.034068340941533215,0.9540674973880984,False
8,0.25,1.4,ghz,11,cost,63,5.264649960157186e-05,0.9999399958300369,True
8,0.25,1.4,ghz,11,cost,127,1.0237989456207686e-06,0.9999992473036476,True
8,0.25,1.4,ghz,11,cost,127,1.0237989456207686e-06,0.9999992473036476,True
8,0.8,1.3,antiphase,11,cost,6,0.7086541404717293,0.09680334731539053,False
8,0.8,1.3,antiphase,11,cost,16,0.30566302921246913,0.4534844232124743,False
8,0.8,1.3,antiphase,11,cost,32,0.040887146276409325,0.9362206353073697,False
8,0.8,1.3,antiphase,11,cost,64,0.001677714356928206,0.9983562653135591,False
8,0.8,1.3,antiphase,11,cost,96,0.0006366851260248829,0.9994273558569787,True
8,0.8,1.3,antiphase,11,cost,128,0.0002835366852891319,0.9997557578432117,True
8,0.8,1.3,antiphase,11,cost,128,0.0002835366852891319,0.9997557578432117,True
8,0.25,1.8,plus,11,cost,0,0.12440154911496748,0.8867248478862362,False
8,0.25,1.8,plus,11,cost,16,0.00185204080926904,0.9979927996578595,False
8,0.25,1.8,plus,11,cost,32,0.00030454503758292617,0.999564675525158,True
8,0.25,1.8,plus,11,cost,64,1.2921236655305535e-05,0.9999915287044323,True
8,0.25,1.8,plus,11,cost,128,2.512763179751687e-07,0.9999998669651151,True
8,0.25,1.8,plus,11,cost,128,2.512763179751687e-07,0.9999998669651151,True
8,0.1,1.1,plus,11,cost,0,0.21314138476369648,0.6518525595695166,False
8,0.1,1.1,plus,11,cost,16,0.019135240794241337,0.9392928661117094,False
8,0.1,1.1,plus,11,cost,32,0.006173561126136873,0.976592414110506,False
8,0.1,1.1,plus,11,cost,64,0.0003162397057130395,0.9995875743259227,True
8,0.1,1.1,plus,11,cost,96,5.280321291789569e-05,0.9999469395879215,True
8,0.1,1.1,plus,11,cost,128,6.639214513048941e-06,0.9999936519678927,True
8,0.1,1.1,plus,11,cost,128,6.639214513048941e-06,0.9999936519678927,True
8,0.05,1.0,ghz,11,cost,7,0.3059894577888045,0.3401156214986445,False
8,0.05,1.0,ghz,11,cost,15,0.176583181427862,0.5108520917690677,False
8,0.05,1.0,ghz,11,cost,31,0.03539710920997319,0.8670868793264878,False
8,0.05,1.0,ghz,11,cost,63,0.0010606947382663101,0.9987777392792558,False
8,0.05,1.0,ghz,11,cost,95,2.370130920770208e-05,0.9999744792559565,True
8,0.05,1.0,ghz,11,cost,127,5.087189323127461e-07,0.9999994629576571,True
8,0.05,1.0,ghz,11,cost,127,5.087189323127461e-07,0.9999994629576571,True
8,0.3,0.5,ghz,37,fixed,7,0.1131492927909108,0.4122106125931625,False
8,0.3,0.5,ghz,37,fixed,23,0.02611909063399409,0.6406104761639508,False
8,0.55,0.1,plus,11,cost,0,0.4548242601586151,0.058023709205502774,False
8,0.55,0.1,plus,11,cost,16,0.03175071913118399,0.18503036838548848,False
8,0.55,0.1,plus,11,cost,32,0.022067998346430473,0.20557896363793726,False
8,0.55,0.1,plus,11,cost,96,0.006432158213930728,0.34077779737056435,False
8,0.55,0.1,plus,11,cost,128,0.00015111779095755562,0.4988419732947312,False
8,0.55,0.1,plus,11,cost,128,0.00015111779095755562,0.4988419732947312,False
8,0.4,1.2,antiphase,11,cost,6,0.9699290998849902,0.02203215506605858,False
8,0.4,1.2,antiphase,11,cost,16,0.3880407030087174,0.38943526184033106,False
8,0.4,1.2,antiphase,11,cost,32,0.016663700127485637,0.9690886746959417,False
8,0.4,1.2,antiphase,11,cost,64,0.0004669795649241415,0.9993418842659948,True
8,0.4,1.2,antiphase,11,cost,96,2.259832810391771e-05,0.9999827486590985,True
8,0.4,1.2,antiphase,11,cost,128,1.2788999036672521e-05,0.999990468520242,True
8,0.4,1.2,antiphase,11,cost,128,1.2788999036672521e-05,0.999990468520242,True
8,0.025,0.55,antiphase,11,fixed,6,1.0296286305212348,2.285643736563534e-05,False
8,0.025,0.55,antiphase,11,fixed,22,1.029628630521237,2.2856437365645087e-05,False
8,0.65,1.7,plus,11,cost,0,0.15029425814011232,0.8782849967908866,False
8,0.65,1.7,plus,11,cost,16,0.03269612603562555,0.9579027049955937,False
8,0.65,1.7,plus,11,cost,32,0.005694418116384492,0.9944066100045962,False
8,0.65,1.7,plus,11,cost,64,0.0004259386323983705,0.9996984788103852,True
8,0.65,1.7,plus,11,cost,96,6.30095016660448e-05,0.9999625220285393,True
8,0.65,1.7,plus,11,cost,128,2.10547574084341e-05,0.9999875184081592,True
8,0.65,1.7,plus,11,cost,128,2.10547574084341e-05,0.9999875184081592,True
8,0.0,0.5,ghz,11,cost,7,0.0636352793925361,0.8727736352867862,False
8,0.0,0.5,ghz,11,cost,15,0.03262583216921233,0.9316782249748166,False
8,0.0,0.5,ghz,11,cost,31,0.0009906028732911132,0.9972850935201378,True
8,0.0,0.5,ghz,11,cost,95,6.418955638132218e-07,0.9999988738911729,True
8,0.0,0.5,ghz,11,cost,97,3.416711358283919e-11,0.99999999993278,True
8,0.825,1.75,antiphase,11,fixed,6,1.0987114599840824,0.06898374691589708,False
8,0.825,1.75,antiphase,11,fixed,22,1.0987114599840824,0.06898374691589708,False
8,0.15,1.4,antiphase,11,cost,6,1.4113305532650375,0.009757589072564757,False
8,0.15,1.4,antiphase,11,cost,16,0.48932964255856426,0.3719897450051364,False
8,0.15,1.4,antiphase,11,cost,32,0.025288936260279504,0.9601319088955735,False
8,0.15,1.4,antiphase,11,cost,64,8.678345506374363e-05,0.99986943146932,True
8,0.15,1.4,antiphase,11,cost,96,1.1621309730092122e-06,0.9999990644505133,True
8,0.15,1.4,antiphase,11,cost,128,2.9885626307013524e-07,0.9999997811475327,True
8,0.15,1.4,antiphase,11,cost,128,2.9885626307013524e-07,0.9999997811475327,True
8,0.3,0.4,plus,11,gradient,0,0.3646590718118202,0.17390399323898878,False
8,0.3,0.4,plus,11,gradient,16,0.05062003246505631,0.5485324563924782,False
8,0.3,0.4,plus,11,gradient,96,6.774885527627283e-05,0.9998263436677975,True
8,0.3,0.4,plus,11,gradient,128,1.3661711636192564e-05,0.9999720935973865,True
8,0.3,0.4,plus,11,gradient,128,1.3661711636192564e-05,0.9999720935973865,True
8,0.3,0.2,ghz,37,fixed,7,0.014576327734931338,0.9557837954156849,False
8,0.3,0.2,ghz,37,fixed,23,0.0003606474844174423,0.9978080648789139,True
8,0.9,1.8,antiphase,11,cost,6,1.0847873247819386,0.07988946974914937,False
8,0.9,1.8,antiphase,11,cost,16,0.4164640180276411,0.4769952050261539,False
8,0.9,1.8,antiphase,11,cost,32,0.04321140150596969,0.951890362248182,False
8,0.9,1.8,antiphase,11,cost,96,0.00025803932161716503,0.999842481911153,True
8,0.9,1.8,antiphase,11,cost,128,0.00013703362502814898,0.9999186067944947,True
8,0.9,1.8,antiphase,11,cost,128,0.00013703362502814898,0.9999186067944947,True
8,0.8,0.6,ghz,37,fixed,7,0.7475761295690422,0.000558553013722585,False
8,0.8,0.6,ghz,37,fixed,23,0.038142009208955274,0.42631612260657054,False
8,0.45,1.5,antiphase,11,cost,6,1.1962498614125516,0.027024861496244394,False
8,0.45,1.5,antiphase,11,cost,16,0.4334440512712552,0.4413925516367762,False
8,0.45,1.5,antiphase,11,cost,32,0.01644709545089218,0.975674812218225,False
8,0.45,1.5,antiphase,11,cost,64,0.0002593059002153897,0.9997664843119497,True
8,0.45,1.5,antiphase,11,cost,96,1.5408741891098643e-05,0.9999899440975206,True
8,0.45,1.5,antiphase,11,cost,128,4.253291775890844e-06,0.9999974082544518,True
8,0.45,1.5,antiphase,11,cost,128,4.253291775890844e-06,0.9999974082544518,True
8,0.4,1.9,ghz,11,cost,7,1.4202712520033456,0.019895583285645845,False
8,0.4,1.9,ghz,11,cost,15,0.8767563396525837,0.11989976692871827,False
8,0.4,1.9,ghz,11,cost,31,0.029028449357618502,0.9709761749041278,False
8,0.4,1.9,ghz,11,cost,63,0.00020494333952569832,0.9998683685823894,True
8,0.4,1.9,ghz,11,cost,95,8.431998276492436e-06,0.9999955880886636,True
8,0.4,1.9,ghz,11,cost,127,1.1509201218729004e-06,0.999999402464494,True
8,0.4,1.9,ghz,11,cost,127,1.1509201218729004e-06,0.999999402464494,True
8,0.175,0.15,ghz,11,cost,7,0.006845131571494467,0.9833122176246963,False
8,0.175,0.15,ghz,11,cost,15,0.0034395496829610073,0.991553364517894,False
8,0.175,0.15,ghz,11,cost,31,2.0640665585935913e-05,0.9999340950653977,True
8,0.175,0.15,ghz,11,cost,63,1.3920089829699833e-06,0.9999956306460545,True
8,0.175,0.15,ghz,11,cost,115,3.0836454056881735e-08,0.9999999235298241,True
8,0.025,0.35,plus,11,gradient,0,0.6567001786801427,0.033581253315529656,False
8,0.025,0.35,plus,11,gradient,16,0.24114401589858414,0.47502181437974844,False
8,0.025,0.35,plus,11,gradient,32,0.004270085483348618,0.9911299725570275,False
8,0.025,0.35,plus,11,gradient,96,7.454395212214138e-08,0.9999999231793933,True
8,0.025,0.35,plus,11,gradient,112,2.131946619243763e-09,0.9999999976910354,True
8,0.525,0.15,antiphase,11,fixed,6,0.046168178770682466,0.006151299656577135,False
8,0.525,0.15,antiphase,11,fixed,22,0.046168178770682466,0.006151299656577135,False
8,0.95,1.6,ghz,11,cost,7,1.7643443120259097,0.003403152420074254,False
8,0.95,1.6,ghz,11,cost,15,0.8130137569422051,0.10697502873147455,False
8,0.95,1.6,ghz,11,cost,31,0.08874742248544787,0.8844627344779794,False
8,0.95,1.6,ghz,11,cost,95,0.0005376520747435443,0.9996206406063514,True
8,0.95,1.6,ghz,11,cost,127,0.0001805986396359316,0.9998738940918862,True
8,0.95,1.6,ghz,11,cost,127,0.0001805986396359316,0.9998738940918862,True
8,0.3,0.2,ghz,37,cost,7,0.014576327734931338,0.9557837954156849,False
8,0.3,0.2,ghz,37,cost,15,0.007464319988274348,0.976360635898697,False
8,0.3,0.2,ghz,37,cost,31,0.00023346662577072852,0.9985517637581173,True
8,0.3,0.2,ghz,37,cost,63,5.0451028502651596e-05,0.9996544929891894,True
8,0.3,0.2,ghz,37,cost,95,2.886947208924351e-05,0.9998007395953351,True
8,0.3,0.2,ghz,37,cost,127,1.939707567566451e-06,0.9999964478946346,True
8,0.3,0.2,ghz,37,cost,127,1.939707567566451e-06,0.9999964478946346,True
8,0.35,1.2,antiphase,11,cost,6,1.0197471571872636,0.01805031667621967,False
8,0.35,1.2,antiphase,11,cost,16,0.41578933470186374,0.34525001600112903,False
8,0.35,1.2,antiphase,11,cost,32,0.23290472044946542,0.4426507890948104,False
8,0.35,1.2,antiphase,11,cost,64,0.0004827050071973815,0.9991396434524242,False
8,0.35,1.2,antiphase,11,cost,96,1.4891039948228268e-05,0.9999885739774349,True
8,0.35,1.2,antiphase,11,cost,128,4.971054397895358e-06,0.9999965091672476,True
8,0.35,1.2,antiphase,11,cost,128,4.971054397895358e-06,0.9999965091672476,True
8,0.85,0.1,antiphase,11,cost,6,0.0029592104028798305,0.9929636078499023,False
8,0.85,0.1,antiphase,11,cost,16,0.0011190580626638802,0.9973369763342731,False
8,0.85,0.1,antiphase,11,cost,32,2.820459838792644e-06,0.9999929743515804,True
8,0.85,0.1,antiphase,11,cost,64,1.4114179723856424e-06,0.9999964754858932,True
8,0.85,0.1,antiphase,11,cost,94,3.711412355222876e-08,0.9999999046345796,True
8,0.325,0.35,ghz,11,cost,7,0.051227336694247505,0.7496701837652999,False
8,0.325,0.35,ghz,11,cost,15,0.028681043318531385,0.8195035159919428,False
8,0.325,0.35,ghz,11,cost,31,0.005349723887372204,0.9117294453902218,False
8,0.325,0.35,ghz,11,cost,63,0.003492063703360304,0.9365585733691368,False
8,0.325,0.35,ghz,11,cost,95,0.00087092784847842,0.9952265466148569,False
8,0.325,0.35,ghz,11,cost,127,2.575102304447352e-05,0.999939629344632,True
8,0.325,0.35,ghz,11,cost,127,2.575102304447352e-05,0.999939629344632,True
8,0.3,0.4,ghz,23,fixed,7,0.06465907181181973,0.7120144585039689,False
8,0.3,0.4,ghz,23,fixed,23,0.008517740423241493,0.8887911379742881,False
8,0.5,1.2,antiphase,11,cost,6,0.8742632365726715,0.03282296858520786,False
8,0.5,1.2,antiphase,11,cost,16,0.5608424055636126,0.18544195468484873,False
8,0.5,1.2,antiphase,11,cost,32,0.04276646423805763,0.9256790454595207,False
8,0.5,1.2,antiphase,11,cost,64,0.0017106519369161077,0.9972716879831351,False
8,0.5,1.2,antiphase,11,cost,96,0.00012662071836055944,0.9998867674551994,True
8,0.5,1.2,antiphase,11,cost,128,2.3873445280209182e-05,0.9999815311605016,True
8,0.5,1.2,antiphase,11,cost,128,2.3873445280209182e-05,0.9999815311605016,True
8,0.95,0.1,antiphase,11,cost,6,0.0026439293922245755,0.9943908369663553,False
8,0.95,0.1,antiphase,11,cost,16,0.0009980478393943892,0.9978810103879542,False
8,0.95,0.1,antiphase,11,cost,32,1.4458942770856353e-06,0.9999972623424859,True
8,0.95,0.1,antiphase,11,cost,32,1.4458942770856353e-06,0.9999972623424859,True
8,0.0,0.2,ghz,11,cost,7,0.010025319888919526,0.979973219821065,False
8,0.0,0.2,ghz,11,cost,15,0.005034663813344276,0.9898721308552759,False
8,0.0,0.2,ghz,11,cost,31,1.9405426077812038e-05,0.999959947302087,True
8,0.0,0.2,ghz,11,cost,49,3.1701159186603434e-07,0.9999994487743775,True
8,0.4,1.6,plus,11,cost,0,0.1374459754262889,0.8745611472600797,False
8,0.4,1.6,plus,11,cost,16,0.007072367757288589,0.9898900128292104,False
8,0.4,1.6,plus,11,cost,32,0.0019670159559137534,0.9972573893611856,False
8,0.4,1.6,plus,11,cost,64,5.530140374920833e-05,0.9999622469697086,True
8,0.4,1.6,plus,11,cost,128,1.789170225974246e-06,0.9999989676987138,True
8,0.4,1.6,plus,11,cost,128,1.789170225974246e-06,0.9999989676987138,True
8,0.8,1.8,antiphase,11,cost,6,1.1657405042357787,0.0626629244492431,False
8,0.8,1.8,antiphase,11,cost,16,0.7127184275055576,0.2670376076441707,False
8,0.8,1.8,antiphase,11,cost,32,0.04712360824284967,0.9474957351007667,False
8,0.8,1.8,antiphase,11,cost,64,0.0005708497317145067,0.9996657545382974,True
8,0.8,1.8,antiphase,11,cost,96,0.00020407431841662493,0.9998790561459792,True
8,0.8,1.8,antiphase,11,cost,128,4.966119732108254e-05,0.9999717750817002,True
8,0.8,1.8,antiphase,11,cost,128,4.966119732108254e-05,0.9999717750817002,True
8,0.65,0.7,ghz,11,cost,7,0.6108667409525999,0.005092881148632318,False
8,0.65,0.7,ghz,11,cost,15,0.3834314792030191,0.03759163344218386,False
8,0.65,0.7,ghz,11,cost,31,0.11160528380183243,0.4548638259867433,False
8,0.65,0.7,ghz,11,cost,63,0.009206256865400775,0.9800012197341931,False
8,0.65,0.7,ghz,11,cost,95,0.0016386814808697636,0.9970378011248758,False
8,0.65,0.7,ghz,11,cost,127,0.0008430915913959502,0.9985011182540603,True
8,0.65,0.7,ghz,11,cost,127,0.0008430915913959502,0.9985011182540603,True
8,0.7,1.9,antiphase,11,cost,6,1.344630966462427,0.046789836468394325,False
8,0.7,1.9,antiphase,11,cost,16,0.4873857707700724,0.4491528561414208,False
8,0.7,1.9,antiphase,11,cost,32,0.030136560134886192,0.9657488016441242,False
8,0.7,1.9,antiphase,11,cost,64,0.000639514987714751,0.9995201877126518,True
8,0.7,1.9,antiphase,11,cost,96,9.268335846757125e-05,0.9999470516425328,True
8,0.7,1.9,antiphase,11,cost,128,4.14502323597965e-05,0.9999768749222041,True
8,0.7,1.9,antiphase,11,cost,128,4.14502323597965e-05,0.9999768749222041,True
8,0.7,0.6,ghz,11,cost,7,0.5966475750220992,0.0022952380684810266,False
8,0.7,0.6,ghz,11,cost,15,0.4902753758608115,0.011114631745573348,False
8,0.7,0.6,ghz,11,cost,31,0.10748086417668268,0.3444067130972471,False
8,0.7,0.6,ghz,11,cost,63,0.010332660113849257,0.9434209900177702,False
8,0.7,0.6,ghz,11,cost,95,0.00512118117939675,0.9877191068159945,False
8,0.7,0.6,ghz,11,cost,127,0.0025650771679800455,0.9948881638961155,False
8,0.7,0.6,ghz,11,cost,127,0.0025650771679800455,0.9948881638961155,False
8,0.75,0.1,antiphase,11,cost,6,0.0033617996410443274,0.9908904288118964,False
8,0.75,0.1,antiphase,11,cost,16,0.001283518275259743,0.9965053724998736,False
8,0.75,0.1,antiphase,11,cost,32,6.341180327273932e-06,0.9999768778863249,True
8,0.75,0.1,antiphase,11,cost,64,3.1985147566082617e-06,0.9999883200396307,True
8,0.75,0.1,antiphase,11,cost,106,1.5031489319916602e-07,0.9999994438137877,True
8,0.4,0.3,antiphase,11,cost,6,0.2599119996823711,0.0017257240940058071,False
8,0.4,0.3,antiphase,11,cost,16,0.22293551582025406,0.010213661836354996,False
8,0.4,0.3,antiphase,11,cost,32,0.04962220314487864,0.3651529780871728,False
8,0.4,0.3,antiphase,11,cost,64,0.0012933430264762125,0.9787581941117461,False
8,0.4,0.3,antiphase,11,cost,96,0.0009679147049369563,0.9784057720018364,False
8,0.4,0.3,antiphase,11,cost,128,0.0004290049360601289,0.9957882418699622,False
8,0.4,0.3,antiphase,11,cost,128,0.0004290049360601289,0.9957882418699622,False
8,0.9,0.5,ghz,11,cost,7,0.8793054158979313,3.2028830578086234e-05,False
8,0.9,0.5,ghz,11,cost,15,0.381145472221877,0.004886145044648447,False
8,0.9,0.5,ghz,11,cost,31,0.009673743632887977,0.4985342948252668,False
8,0.9,0.5,ghz,11,cost,63,0.0081951935382375,0.5095726921043551,False
8,0.9,0.5,ghz,11,cost,127,0.00039112135977648066,0.9988238644537212,True
8,0.9,0.5,ghz,11,cost,127,0.00039112135977648066,0.9988238644537212,True
8,0.35,0.3,antiphase,11,cost,6,0.33894143197563653,0.00018328929248248753,False
8,0.35,0.3,antiphase,11,cost,16,0.2961617513698318,0.0026470819291373755,False
8,0.35,0.3,antiphase,11,cost,32,0.07979133599375698,0.04477130296810228,False
8,0.35,0.3,antiphase,11,cost,64,0.0009699033420083047,0.9879006325396523,False
8,0.35,0.3,antiphase,11,cost,128,8.346452759933065e-06,0.9999790102595276,True
8,0.35,0.3,antiphase,11,cost,128,8.346452759933065e-06,0.9999790102595276,True
8,0.825,1.75,ghz,11,fixed,7,1.7487114599840818,0.005663002497855406,False
8,0.825,1.75,ghz,11,fixed,23,0.11068426093020278,0.9066669645560742,False
8,0.65,0.5,ghz,11,cost,7,0.45765925691885395,0.0026924583608255873,False
8,0.65,0.5,ghz,11,cost,15,0.20366750551697732,0.07961922921699201,False
8,0.65,0.5,ghz,11,cost,31,0.0629063041296537,0.5299140310232237,False
8,0.65,0.5,ghz,11,cost,95,0.004341449297600164,0.9818093881247077,False
8,0.65,0.5,ghz,11,cost,127,0.002977324455120778,0.9878319499188816,False
8,0.65,0.5,ghz,11,cost,127,0.002977324455120778,0.9878319499188816,False
8,0.975,0.15,antiphase,11,cost,6,0.005826682185997023,0.9878550821379665,False
8,0.975,0.15,antiphase,11,cost,16,0.0022155218008330646,0.9953745207897609,False
8,0.975,0.15,antiphase,11,cost,32,6.550062853216687e-06,0.999988046089915,True
8,0.975,0.15,antiphase,11,cost,64,3.260723252740405e-06,0.9999940139767123,True
8,0.975,0.15,antiphase,11,cost,98,1.098850779257532e-07,0.9999997834622667,True
8,1.0,1.7,ghz,11,cost,7,1.917501061621196,0.003146392686206579,False
8,1.0,1.7,ghz,11,cost,15,0.8950657857958626,0.08440498570653379,False
8,1.0,1.7,ghz,11,cost,31,0.08566884217363802,0.9142499709582554,False
8,1.0,1.7,ghz,11,cost,63,0.0013909164995673517,0.9989666650397568,False
8,1.0,1.7,ghz,11,cost,95,0.00042438863546223615,0.9997197346133179,True
8,1.0,1.7,ghz,11,cost,127,0.00024111974706486627,0.9998429186785853,True
8,1.0,1.7,ghz,11,cost,127,0.00024111974706486627,0.9998429186785853,True
8,0.15,1.4,ghz,11,cost,7,0.7113305532650376,0.07571688677809928,False
8,0.15,1.4,ghz,11,cost,15,0.4427245388153025,0.21256580287170107,False
8,0.15,1.4,ghz,11,cost,31,0.03728927840636875,0.9469725076456325,False
8,0.15,1.4,ghz,11,cost,63,1.4738464066965662e-05,0.9999854001253751,True
8,0.15,1.4,ghz,11,cost,95,1.159303246733856e-06,0.9999991365758144,True
8,0.15,1.4,ghz,11,cost,127,5.970541840927268e-07,0.999999561387865,True
8,0.15,1.4,ghz,11,cost,127,5.970541840927268e-07,0.999999561387865,True
8,0.475,1.75,plus,11,fixed,0,0.131694706481277,0.8908487389134923,False
8,0.475,1.75,plus,11,fixed,16,0.007798123898309806,0.989576074150942,False
8,0.65,1.8,antiphase,11,cost,6,1.2942026801008253,0.04333840161925038,False
8,0.65,1.8,antiphase,11,cost,16,0.7865120350504853,0.24140931389746195,False
8,0.65,1.8,antiphase,11,cost,32,0.03921350509785371,0.9559588409418021,False
8,0.65,1.8,antiphase,11,cost,64,0.0011174579419541697,0.9990384119142692,False
8,0.65,1.8,antiphase,11,cost,96,0.00011583900261125102,0.9999327143825923,True
8,0.65,1.8,antiphase,11,cost,128,2.627110849040548e-05,0.9999842524620296,True
8,0.65,1.8,antiphase,11,cost,128,2.627110849040548e-05,0.9999842524620296,True
8,0.4,0.1,ghz,11,cost,7,0.004233705251933784,0.9847418984847847,False
8,0.4,0.1,ghz,11,cost,15,0.002152166888792051,0.9918813459452231,False
8,0.4,0.1,ghz,11,cost,31,5.257745415343518e-05,0.9993707385308876,True
8,0.4,0.1,ghz,11,cost,63,7.94956890060039e-06,0.9998936205359015,True
8,0.4,0.1,ghz,11,cost,95,5.385925974432659e-06,0.9999279297546694,True
8,0.4,0.1,ghz,11,cost,127,1.3395171192254196e-06,0.9999865835717272,True
8,0.4,0.1,ghz,11,cost,127,1.3395171192254196e-06,0.9999865835717272,True
8,0.825,1.25,antiphase,11,fixed,6,0.6454638602691569,0.11298208289079345,False
8,0.825,1.25,antiphase,11,fixed,22,0.6454638602691569,0.11298208289079345,False
8,0.3,1.9,antiphase,11,cost,6,1.7184625544636734,0.018482229759724196,False
8,0.3,1.9,antiphase,11,cost,16,0.5460073822530398,0.4538002633336216,False
8,0.3,1.9,antiphase,11,cost,32,0.012659030657726777,0.9859596168845363,False
8,0.3,1.9,antiphase,11,cost,64,0.0003151109854475642,0.9996491792594948,True
8,0.3,1.9,antiphase,11,cost,96,1.963270225946445e-06,0.9999989876404407,True
8,0.3,1.9,antiphase,11,cost,128,3.904276462129985e-07,0.9999998036498708,True
8,0.3,1.9,antiphase,11,cost,128,3.904276462129985e-07,0.9999998036498708,True
8,0.3,0.6,antiphase,11,cost,6,0.5778077277419498,0.004133564859980817,False
8,0.3,0.6,antiphase,11,cost,16,0.43721638083359204,0.04736275501004147,False
8,0.3,0.6,antiphase,11,cost,32,0.12710322422637244,0.4148221971155154,False
8,0.3,0.6,antiphase,11,cost,64,0.00044787118394951086,0.9985209054939761,True
8,0.3,0.6,antiphase,11,cost,96,2.6124832480212135e-05,0.9999489136748019,True
8,0.3,0.6,antiphase,11,cost,128,5.972022050437786e-06,0.9999885926154236,True
8,0.3,0.6,antiphase,11,cost,128,5.972022050437786e-06,0.9999885926154236,True
8,1.0,1.8,plus,11,cost,0,0.20790850180337506,0.8282192574874806,False
8,1.0,1.8,plus,11,cost,16,0.07059901683725434,0.9351178654606076,False
8,1.0,1.8,plus,11,cost,32,0.012750149458874649,0.9894588107381203,False
8,1.0,1.8,plus,11,cost,64,0.001982310181380509,0.9985250419729368,False
8,1.0,1.8,plus,11,cost,96,0.00040168000543649995,0.9997476423621964,True
8,1.0,1.8,plus,11,cost,128,0.00018864986542110884,0.999883417035778,True
8,1.0,1.8,plus,11,cost,128,0.00018864986542110884,0.999883417035778,True
8,0.15,0.7,antiphase,11,cost,6,0.863033359014775,0.0009622031101189601,False
8,0.15,0.7,antiphase,11,cost,16,0.5867032350359802,0.1462385166078926,False
8,0.15,0.7,antiphase,11,cost,32,0.31970845591306984,0.42906103890772374,False
8,0.15,0.7,antiphase,11,cost,64,0.010458789154737858,0.9508742889159306,False
8,0.15,0.7,antiphase,11,cost,128,0.00011449633026794359,0.9998616532918942,True
8,0.15,0.7,antiphase,11,cost,128,0.00011449633026794359,0.9998616532918942,True
8,1.0,0.6,plus,11,cost,0,0.5036906559633476,0.19216156392022107,False
8,1.0,0.6,plus,11,cost,16,0.04894575300627402,0.9003765060343002,False
8,1.0,0.6,plus,11,cost,32,0.002531030075646701,0.9935146688329857,False
8,1.0,0.6,plus,11,cost,96,0.00047342157356733416,0.9987847074684972,True
8,1.0,0.6,plus,11,cost,128,0.0002578462863529474,0.9994415971100972,True
8,1.0,0.6,plus,11,cost,128,0.0002578462863529474,0.9994415971100972,True
8,0.6,1.9,plus,11,cost,0,0.13334768237125783,0.8990743425348103,False
8,0.6,1.9,plus,11,cost,16,0.022257225970005123,0.9740179748955908,False
8,0.6,1.9,plus,11,cost,32,0.003750856883637965,0.9965768007973812,False
8,0.6,1.9,plus,11,cost,64,0.00014428814499023446,0.9999142695064316,True
8,0.6,1.9,plus,11,cost,96,2.1571793956454144e-05,0.9999886823017438,True
8,0.6,1.9,plus,11,cost,128,6.195484594684331e-06,0.9999967717196367,True
8,0.6,1.9,plus,11,cost,128,6.195484594684331e-06,0.9999967717196367,True
12,0.3,0.5,plus,11,cost,0,0.31275980843117585,0.23332729436434818,False
12,0.3,0.5,plus,11,cost,32,0.013178203658104515,0.8602409437650607,False
12,0.3,0.5,plus,11,cost,64,0.003204048979221774,0.941727405965961,False
12,0.3,0.5,plus,11,cost,96,0.0011847891452670585,0.9749357828671029,False
12,0.3,0.5,plus,11,cost,128,0.0005611646610865032,0.9888291669006632,False
12,0.3,0.5,plus,11,cost,128,0.0005611646610865032,0.9888291669006632,False
8,0.05,1.7,plus,11,cost,0,0.14443594591211006,0.8374599048693989,False
8,0.05,1.7,plus,11,cost,16,0.009322580469455888,0.9854937717674177,False
8,0.05,1.7,plus,11,cost,32,0.0011449599053410253,0.9979795032327626,False
8,0.05,1.7,plus,11,cost,64,9.563460512995725e-05,0.999911860370142,True
8,0.05,1.7,plus,11,cost,96,7.030997042800635e-06,0.9999956760007138,True
8,0.05,1.7,plus,11,cost,128,1.0797237521842362e-06,0.9999993730551254,True
8,0.05,1.7,plus,11,cost,128,1.0797237521842362e-06,0.9999993730551254,True
12,0.3,1.1,ghz,11,cost,11,0.5824299909695686,0.009052409302305973,False
12,0.3,1.1,ghz,11,cost,31,0.26822738941965013,0.11678136151136835,False
12,0.3,1.1,ghz,11,cost,63,0.12052607942920875,0.46505732892116897,False
12,0.3,1.1,ghz,11,cost,95,0.0006936606272239428,0.9976536665866187,False
12,0.3,1.1,ghz,11,cost,127,8.262380703098297e-05,0.9997866511529232,True
12,0.3,1.1,ghz,11,cost,127,8.262380703098297e-05,0.9997866511529232,True
8,0.6,0.1,ghz,11,cost,7,0.20425026021350362,1.1067104609133799e-07,False
8,0.6,0.1,ghz,11,cost,15,0.2011386528080082,3.1061564550986994e-07,False
8,0.6,0.1,ghz,11,cost,31,0.06705564193701896,0.00013459666099983477,False
8,0.6,0.1,ghz,11,cost,63,0.06496384792383525,0.0002553461497265146,False
8,0.6,0.1,ghz,11,cost,95,0.06278168345206381,0.0008431184726264072,False
8,0.6,0.1,ghz,11,cost,127,4.174146067559281e-05,0.5002363878982904,False
8,0.6,0.1,ghz,11,cost,127,4.174146067559281e-05,0.5002363878982904,False
8,0.9,1.7,ghz,11,cost,7,1.7929247972411824,0.0043537884269819515,False
8,0.9,1.7,ghz,11,cost,15,0.9558457769878895,0.06902748695957892,False
8,0.9,1.7,ghz,11,cost,31,0.07703152361187926,0.9067915234667878,False
8,0.9,1.7,ghz,11,cost,63,0.0007637184727751212,0.9994940753941861,True
8,0.9,1.7,ghz,11,cost,95,0.00026847297089216404,0.9998293549412238,True
8,0.9,1.7,ghz,11,cost,127,0.00014870133357947068,0.9999020355905891,True
8,0.9,1.7,ghz,11,cost,127,0.00014870133357947068,0.9999020355905891,True
8,0.475,0.35,ghz,11,cost,7,0.16167329258933782,0.015014781682897863,False
8,0.475,0.35,ghz,11,cost,15,0.132691380421035,0.027220313176707492,False
8,0.475,0.35,ghz,11,cost,31,0.049364851308342006,0.43369453094213395,False
8,0.475,0.35,ghz,11,cost,63,0.008784769002043502,0.9246082227330462,False
8,0.475,0.35,ghz,11,cost,95,0.0026425890888778225,0.9869681663648944,False
8,0.475,0.35,ghz,11,cost,127,0.0010016464526028113,0.9969009692974129,False
8,0.475,0.35,ghz,11,cost,127,0.0010016464526028113,0.9969009692974129,False
8,0.25,0.4,plus,11,cost,0,0.4069147683005574,0.10205308634267124,False
8,0.25,0.4,plus,11,cost,16,0.08508359175920599,0.39983816743048434,False
8,0.25,0.4,plus,11,cost,32,0.04238045082940689,0.6157897415380018,False
8,0.25,0.4,plus,11,cost,64,0.0007015268820774745,0.9967049109015271,True
8,0.25,0.4,plus,11,cost,128,3.723927480048239e-06,0.9999945453022772,True
8,0.25,0.4,plus,11,cost,128,3.723927480048239e-06,0.9999945453022772,True
12,0.0,0.8,ghz,11,cost,11,0.16842870785939792,0.5346784081345034,False
12,0.0,0.8,ghz,11,cost,31,0.039485736550445516,0.8378122129946387,False
12,0.0,0.8,ghz,11,cost,63,0.008516827026136209,0.9497432504728354,False
12,0.0,0.8,ghz,11,cost,95,0.004569132023357181,0.9668213579850208,False
12,0.0,0.8,ghz,11,cost,127,0.0018741862394372848,0.9855498590319367,False
12,0.0,0.8,ghz,11,cost,127,0.0018741862394372848,0.9855498590319367,False
12,0.3,0.1,ghz,11,cost,11,0.0035883208149100434,0.9844582924386305,False
12,0.3,0.1,ghz,11,cost,31,0.0006128870422375717,0.9972690917714983,True
12,0.3,0.1,ghz,11,cost,63,7.559622728248172e-06,0.9999425932106372,True
12,0.3,0.1,ghz,11,cost,95,7.734051594709968e-07,0.9999948763752761,True
12,0.3,0.1,ghz,11,cost,127,4.2967293278906027e-07,0.9999966734259863,True
12,0.3,0.1,ghz,11,cost,127,4.2967293278906027e-07,0.9999966734259863,True
8,0.35,2.0,ghz,11,cost,7,1.4641047827841525,0.02203899268902621,False
8,0.35,2.0,ghz,11,cost,15,0.8425025760059621,0.160455929192121,False
8,0.35,2.0,ghz,11,cost,31,0.4192519644384216,0.4664795677876341,False
8,0.35,2.0,ghz,11,cost,63,0.00013020119338058578,0.9999018089966601,True
8,0.35,2.0,ghz,11,cost,95,5.837818718656962e-06,0.9999969686574322,True
8,0.35,2.0,ghz,11,cost,127,6.351155072970016e-07,0.9999996914349287,True
8,0.35,2.0,ghz,11,cost,127,6.351155072970016e-07,0.9999996914349287,True
8,0.525,0.15,ghz,11,fixed,7,0.0961681787706824,0.0010615655865213603,False
8,0.525,0.15,ghz,11,fixed,23,0.08439636741333506,0.0026785137786186053,False
8,0.7,0.2,plus,11,cost,0,0.5149295200226798,0.055984560178994974,False
8,0.7,0.2,plus,11,cost,16,0.09833057505375897,0.2477787483191915,False
8,0.7,0.2,plus,11,cost,32,0.0005742850625325424,0.500074275486019,False
8,0.7,0.2,plus,11,cost,64,0.00044732940158276335,0.5011772648862564,False
8,0.7,0.2,plus,11,cost,96,0.0004068256410298954,0.5019839686722138,False
8,0.7,0.2,plus,11,cost,128,0.00039954213130577454,0.5023112497384213,False
8,0.7,0.2,plus,11,cost,128,0.00039954213130577454,0.5023112497384213,False
12,0.0,1.6,plus,11,cost,0,0.1605724749549585,0.71618453606179,False
12,0.0,1.6,plus,11,cost,32,0.006405106841472848,0.9824459446465017,False
12,0.0,1.6,plus,11,cost,64,0.0015604106748151973,0.9953214677930301,False
12,0.0,1.6,plus,11,cost,96,0.0003187134352155378,0.9990075833749289,False
12,0.0,1.6,plus,11,cost,128,0.0002090842153658438,0.9993568327495245,True
12,0.0,1.6,plus,11,cost,128,0.0002090842153658438,0.9993568327495245,True
8,0.8,0.5,plus,37,cost,0,0.39494708173145954,0.2646472959279824,False
8,0.8,0.5,plus,37,cost,16,0.10626476937443607,0.4151981613684912,False
8,0.8,0.5,plus,37,cost,32,0.005860035386718088,0.9657925566415287,False
8,0.8,0.5,plus,37,cost,64,0.0030007892787283774,0.9840364429663174,False
8,0.8,0.5,plus,37,cost,96,0.0019163908306605304,0.9896124960977983,False
8,0.8,0.5,plus,37,cost,128,0.0011515813778818496,0.9955773341428912,False
8,0.8,0.5,plus,37,cost,128,0.0011515813778818496,0.9955773341428912,False
8,0.525,0.55,antiphase,11,fixed,6,0.3025269602368692,0.031983068266361894,False
8,0.525,0.55,antiphase,11,fixed,22,0.3025269602368691,0.03198306826636189,False
8,0.25,0.5,ghz,11,cost,7,0.09443963133880662,0.6439554560383539,False
8,0.25,0.5,ghz,11,cost,15,0.05316579674061139,0.7464854592426516,False
8,0.25,0.5,ghz,11,cost,31,0.01062907830144666,0.8872794514248197,False
8,0.25,0.5,ghz,11,cost,63,0.007088192349366751,0.9256318508743357,False
8,0.25,0.5,ghz,11,cost,95,0.00015016404933909655,0.9996427766169507,True
8,0.25,0.5,ghz,11,cost,127,2.7721301174787882e-05,0.9999497778691905,True
8,0.25,0.5,ghz,11,cost,127,2.7721301174787882e-05,0.9999497778691905,True
8,0.25,1.8,antiphase,11,cost,6,1.6744015491149646,0.016093684828770886,False
8,0.25,1.8,antiphase,11,cost,16,0.5551730409880786,0.4239135020434485,False
8,0.25,1.8,antiphase,11,cost,32,0.3606466125974188,0.4755334718093448,False
8,0.25,1.8,antiphase,11,cost,64,7.955518911018089e-05,0.9999090207571371,True
8,0.25,1.8,antiphase,11,cost,128,3.3588285219821046e-07,0.9999998169462326,True
8,0.25,1.8,antiphase,11,cost,128,3.3588285219821046e-07,0.9999998169462326,True
8,0.8,1.2,plus,37,fixed,0,0.22020608676578757,0.7758501240364228,False
8,0.8,1.2,plus,37,fixed,16,0.05986516013351584,0.8839391873145604,False
8,0.0,1.8,plus,11,gradient,0,0.14217167596568547,0.8415226516860692,False
8,0.0,1.8,plus,11,gradient,16,0.009957137558152862,0.9848106311519047,False
8,0.0,1.8,plus,11,gradient,64,0.0015794166903781992,0.9971849661268442,False
8,0.0,1.8,plus,11,gradient,96,5.617333215068854e-05,0.9999639929621156,True
8,0.0,1.8,plus,11,gradient,128,1.3917912056182757e-06,0.9999992512003247,True
8,0.0,1.8,plus,11,gradient,128,1.3917912056182757e-06,0.9999992512003247,True
8,0.2,0.8,antiphase,11,cost,6,0.8521442691847054,0.003744763171687989,False
8,0.2,0.8,antiphase,11,cost,16,0.4570414071189306,0.09892689749744929,False
8,0.2,0.8,antiphase,11,cost,32,0.1357540797589144,0.5312409014001357,False
8,0.2,0.8,antiphase,11,cost,64,0.00156368140456431,0.9940877317859818,False
8,0.2,0.8,antiphase,11,cost,128,7.881508569784756e-06,0.9999900870623891,True
8,0.2,0.8,antiphase,11,cost,128,7.881508569784756e-06,0.9999900870623891,True
8,0.825,1.75,plus,11,fixed,0,0.17371145998408388,0.860796249550301,False
8,0.825,1.75,plus,11,fixed,16,0.051875647162880956,0.9325910759921441,False
8,0.825,0.55,ghz,11,fixed,7,0.7630750272771889,0.00021532465901914936,False
8,0.825,0.55,ghz,11,fixed,23,0.02348643444580345,0.46381649748918397,False
8,0.45,1.0,plus,11,cost,0,0.19385118501089504,0.7663362754793507,False
8,0.45,1.0,plus,11,cost,16,0.011694480654135031,0.9726297448821685,False
8,0.45,1.0,plus,11,cost,32,0.005965230062472404,0.9849116155921928,False
8,0.45,1.0,plus,11,cost,64,0.00042385107501408115,0.9994426102260248,True
8,0.45,1.0,plus,11,cost,96,5.233673475091294e-05,0.9999510503797353,True
8,0.45,1.0,plus,11,cost,128,2.1646069900516096e-05,0.9999814582186469,True
8,0.45,1.0,plus,11,cost,128,2.1646069900516096e-05,0.9999814582186469,True
8,0.2,0.8,plus,11,cost,0,0.2521442691847071,0.5408619769578613,False
8,0.2,0.8,plus,11,cost,16,0.020115439169614113,0.9105744894523293,False
8,0.2,0.8,plus,11,cost,32,0.0046839388870596466,0.9716928707716156,False
8,0.2,0.8,plus,11,cost,64,0.0006018866982291371,0.9983400701185586,False
8,0.2,0.8,plus,11,cost,96,0.00011436766698791345,0.9998389083400441,True
8,0.2,0.8,plus,11,cost,128,1.0344511265802936e-05,0.9999878957287814,True
8,0.2,0.8,plus,11,cost,128,1.0344511265802936e-05,0.9999878957287814,True
8,0.8,1.4,antiphase,11,cost,6,0.7983175387143036,0.08669754167948224,False
8,0.8,1.4,antiphase,11,cost,16,0.33294751932605005,0.4533624620795685,False
8,0.8,1.4,antiphase,11,cost,32,0.03699825827518155,0.9423932043257214,False
8,0.8,1.4,antiphase,11,cost,64,0.00202875738778463,0.9980898766927527,False
8,0.8,1.4,antiphase,11,cost,96,0.0005922910806175352,0.9995214818038525,True
8,0.8,1.4,antiphase,11,cost,128,0.00015598148481843488,0.9998878182389181,True
8,0.8,1.4,antiphase,11,cost,128,0.00015598148481843488,0.9998878182389181,True
8,0.0,0.3,antiphase,11,cost,6,1.0226311671161206,1.2839836022893338e-07,False
8,0.0,0.3,antiphase,11,cost,16,0.6871748701559691,0.0014142883728634145,False
8,0.0,0.3,antiphase,11,cost,32,0.31312074797673306,0.29246427268353026,False
8,0.0,0.3,antiphase,11,cost,106,1.1678695832628705e-07,0.9999998320374679,True
8,0.525,0.85,antiphase,11,fixed,6,0.5439370696579316,0.037647357664933365,False
8,0.525,0.85,antiphase,11,fixed,22,0.5439370696579316,0.03764735766493337,False
8,0.55,1.0,ghz,11,cost,7,0.750447043382778,0.01324606941474431,False
8,0.55,1.0,ghz,11,cost,15,0.4926445503097039,0.0954263713530162,False
8,0.55,1.0,ghz,11,cost,31,0.05615996745759966,0.8910030066873519,False
8,0.55,1.0,ghz,11,cost,63,0.0015265532294161943,0.9978324972988333,False
8,0.55,1.0,ghz,11,cost,95,0.00034094664273931485,0.9996418123099643,True
8,0.55,1.0,ghz,11,cost,127,7.790576979282982e-05,0.9999228666559642,True
8,0.55,1.0,ghz,11,cost,127,7.790576979282982e-05,0.9999228666559642,True
8,0.675,0.35,antiphase,11,fixed,6,0.055851128672135264,0.7042598081602667,False
8,0.675,0.35,antiphase,11,fixed,22,0.055851128672135486,0.7042598081602666,False
8,0.675,0.35,plus,11,cost,0,0.3808511286721358,0.24791554773262656,False
8,0.675,0.35,plus,11,cost,16,0.0662608268710898,0.4109843519252725,False
8,0.675,0.35,plus,11,cost,32,0.03436245413791417,0.5075959536523261,False
8,0.675,0.35,plus,11,cost,96,0.006061773278410065,0.5599708597555014,False
8,0.675,0.35,plus,11,cost,128,0.0018792025908475063,0.9798525866540084,False
8,0.675,0.35,plus,11,cost,128,0.0018792025908475063,0.9798525866540084,False
8,0.5,1.6,antiphase,11,cost,6,1.2423789229499234,0.030964497142428125,False
8,0.5,1.6,antiphase,11,cost,16,0.443035408472114,0.458576469470954,False
8,0.5,1.6,antiphase,11,cost,32,0.015158076366156958,0.9788516697738601,False
8,0.5,1.6,antiphase,11,cost,64,0.0003439268710914156,0.9997566979179442,True
8,0.5,1.6,antiphase,11,cost,96,6.070408381297909e-05,0.9999627397085358,True
8,0.5,1.6,antiphase,11,cost,128,1.2559796996658434e-05,0.9999925373580372,True
8,0.5,1.6,antiphase,11,cost,128,1.2559796996658434e-05,0.9999925373580372,True
8,0.175,1.25,ghz,11,cost,7,0.600439365541907,0.08675296016388832,False
8,0.175,1.25,ghz,11,cost,15,0.3770910650170345,0.21953499547247007,False
8,0.175,1.25,ghz,11,cost,31,0.03948750992387562,0.9376841155632555,False
8,0.175,1.25,ghz,11,cost,63,6.1730788862846e-06,0.9999936953804701,True
8,0.175,1.25,ghz,11,cost,117,1.19759314021195e-07,0.9999999080909702,True
8,0.35,1.0,antiphase,11,cost,6,0.8434631204362448,0.015707749832347496,False
8,0.35,1.0,antiphase,11,cost,16,0.38017260588849466,0.29581108333266926,False
8,0.35,1.0,antiphase,11,cost,32,0.1872693452258798,0.43426232294153494,False
8,0.35,1.0,antiphase,11,cost,64,0.0006498895201920707,0.9986820168226834,False
8,0.35,1.0,antiphase,11,cost,96,7.175029665917876e-05,0.9999132712600838,True
8,0.35,1.0,antiphase,11,cost,128,8.392890149311327e-06,0.9999913323673828,True
8,0.35,1.0,antiphase,11,cost,128,8.392890149311327e-06,0.9999913323673828,True
8,0.2,0.5,ghz,11,cost,7,0.08408610390637627,0.7507094973017415,False
8,0.2,0.5,ghz,11,cost,15,0.04542642359696081,0.8433106144111416,False
8,0.2,0.5,ghz,11,cost,31,0.005662270439738104,0.9593995123719308,False
8,0.2,0.5,ghz,11,cost,63,0.003297625051738029,0.9756870263717562,False
8,0.2,0.5,ghz,11,cost,127,1.7925557058595665e-05,0.999976467246966,True
8,0.2,0.5,ghz,11,cost,127,1.7925557058595665e-05,0.999976467246966,True
8,0.5,1.0,ghz,11,cost,7,0.6963913990106431,0.017710990974676388,False
8,0.5,1.0,ghz,11,cost,15,0.4463913990108842,0.1452776750333108,False
8,0.5,1.0,ghz,11,cost,31,0.1598203542443979,0.5207645178014046,False
8,0.5,1.0,ghz,11,cost,63,0.004678446157098781,0.9898169761955231,False
8,0.5,1.0,ghz,11,cost,95,0.00020242709314999274,0.9997731720652543,True
8,0.5,1.0,ghz,11,cost,127,5.2133289532019234e-05,0.9999501825069302,True
8,0.5,1.0,ghz,11,cost,127,5.2133289532019234e-05,0.9999501825069302,True
8,0.3,0.6,ghz,11,cost,7,0.17780772774194975,0.22008706244458456,False
8,0.3,0.6,ghz,11,cost,15,0.11584741483708416,0.3054265101370107,False
8,0.3,0.6,ghz,11,cost,31,0.04883613060520675,0.4874696535930395,False
8,0.3,0.6,ghz,11,cost,63,0.0014541699354013726,0.9938698814801461,False
8,0.3,0.6,ghz,11,cost,95,3.1495180666363254e-05,0.9999398415057236,True
8,0.3,0.6,ghz,11,cost,127,6.4650385217523976e-06,0.9999894536696943,True
8,0.3,0.6,ghz,11,cost,127,6.4650385217523976e-06,0.9999894536696943,True
8,0.1,1.6,antiphase,11,cost,6,1.6475064649076938,0.009700946017198531,False
8,0.1,1.6,antiphase,11,cost,16,0.5337827750004029,0.387965660695545,False
8,0.1,1.6,antiphase,11,cost,32,0.023235658989150476,0.9676179630376942,False
8,0.1,1.6,antiphase,11,cost,64,5.538101581636923e-05,0.9999426985506579,True
8,0.1,1.6,antiphase,11,cost,96,2.505775381189679e-06,0.9999983566994203,True
8,0.1,1.6,antiphase,11,cost,128,6.342629015332335e-07,0.9999996113691763,True
8,0.1,1.6,antiphase,11,cost,128,6.342629015332335e-07,0.9999996113691763,True
8,0.15,1.7,plus,11,cost,0,0.13516712766559413,0.8610957837720946,False
8,0.15,1.7,plus,11,cost,16,0.0036251086741456717,0.9953097396451194,False
8,0.15,1.7,plus,11,cost,32,0.00011918242445796423,0.9998654712201804,True
8,0.15,1.7,plus,11,cost,64,9.062004110216293e-06,0.9999918175370769,True
8,0.15,1.7,plus,11,cost,96,1.3590070668811904e-07,0.9999999132677534,True
8,0.15,1.7,plus,11,cost,102,1.0047743992380731e-07,0.9999999380463654,True
8,0.25,1.0,plus,11,cost,0,0.20074575009885853,0.7181165189858374,False
8,0.25,1.0,plus,11,cost,16,0.008299781572228326,0.9827740023466455,False
8,0.25,1.0,plus,11,cost,32,0.0005940863720037548,0.9988648780260166,True
8,0.25,1.0,plus,11,cost,96,6.707866385013972e-06,0.9999923460223651,True
8,0.25,1.0,plus,11,cost,128,2.866683259661329e-06,0.9999965885842947,True
8,0.25,1.0,plus,11,cost,128,2.866683259661329e-06,0.9999965885842947,True
8,0.75,1.6,ghz,11,cost,7,1.5215967448355627,0.006759975493116273,False
8,0.75,1.6,ghz,11,cost,15,0.7195603887620892,0.12392578999688543,False
8,0.75,1.6,ghz,11,cost,31,0.062000065307324714,0.9222436258694668,False
8,0.75,1.6,ghz,11,cost,63,0.0008698239577271671,0.9993256807252472,True
8,0.75,1.6,ghz,11,cost,95,0.00023162654927988413,0.9998383587115864,True
8,0.75,1.6,ghz,11,cost,127,0.00011597119548989454,0.9999229489485122,True
8,0.75,1.6,ghz,11,cost,127,0.00011597119548989454,0.9999229489485122,True
8,0.175,1.25,plus,11,gradient,0,0.1754393655419082,0.772023820516096,False
8,0.175,1.25,plus,11,gradient,16,0.008010807735982617,0.9846321405793264,False
8,0.175,1.25,plus,11,gradient,32,0.0005801692071552011,0.9988284326305862,False
8,0.175,1.25,plus,11,gradient,64,0.00030850912699587063,0.9992066101886752,False
8,0.175,1.25,plus,11,gradient,110,4.794300512145355e-10,0.9999999996435163,True
8,0.3,0.5,antiphase,11,cost,6,0.5131492927909107,0.001845464296981564,False
8,0.3,0.5,antiphase,11,cost,16,0.35025247643656576,0.054021944313472854,False
8,0.3,0.5,antiphase,11,cost,32,0.08156617071629235,0.551033023234666,False
8,0.3,0.5,antiphase,11,cost,64,0.002302287280487203,0.9825443093803993,False
8,0.3,0.5,antiphase,11,cost,128,2.182664548877611e-06,0.9999949133280028,True
8,0.3,0.5,antiphase,11,cost,128,2.182664548877611e-06,0.9999949133280028,True
8,0.7,0.5,antiphase,11,cost,6,0.1272366183061091,0.3842324299263604,False
8,0.7,0.5,antiphase,11,cost,16,0.07467568076329023,0.5125419820156386,False
8,0.7,0.5,antiphase,11,cost,32,0.023831518099928672,0.7440276774096046,False
8,0.7,0.5,antiphase,11,cost,128,0.0029701505931996053,0.9883631800664646,False
8,0.7,0.5,antiphase,11,cost,128,0.0029701505931996053,0.9883631800664646,False
8,0.025,1.75,ghz,11,cost,7,0.9182103637064161,0.07495073074675122,False
8,0.025,1.75,ghz,11,cost,15,0.5633603297317809,0.21606271177637204,False
8,0.025,1.75,ghz,11,cost,31,0.036044636212780645,0.957383311234243,False
8,0.025,1.75,ghz,11,cost,63,7.611848457922399e-05,0.9999491246806717,True
8,0.025,1.75,ghz,11,cost,127,4.37421240118141e-07,0.9999997586425952,True
8,0.025,1.75,ghz,11,cost,127,4.37421240118141e-07,0.9999997586425952,True
8,0.3,1.3,antiphase,11,cost,6,1.16079213153035,0.01569387614083167,False
8,0.3,1.3,antiphase,11,cost,16,0.44840851052559483,0.36367579276304113,False
8,0.3,1.3,antiphase,11,cost,32,0.24840327614787383,0.45914229380518096,False
8,0.3,1.3,antiphase,11,cost,64,0.0003026686861662409,0.9994143609631903,True
8,0.3,1.3,antiphase,11,cost,96,5.9093194315629205e-06,0.9999955390128257,True
8,0.3,1.3,antiphase,11,cost,128,1.3752214713669275e-06,0.999999033873362,True
8,0.3,1.3,antiphase,11,cost,128,1.3752214713669275e-06,0.999999033873362,True
12,0.0,0.4,ghz,11,cost,11,0.04041730409617076,0.881750158228042,False
12,0.0,0.4,ghz,11,cost,31,0.007398214817561755,0.9768108495487317,False
12,0.0,0.4,ghz,11,cost,127,3.615284622796958e-05,0.9998653678901195,True
12,0.0,0.4,ghz,11,cost,127,3.615284622796958e-05,0.9998653678901195,True
8,0.8,0.1,plus,11,cost,0,0.7031473749784427,0.026071347131270524,False
8,0.8,0.1,plus,11,cost,16,0.14908238600003565,0.25000896128588124,False
8,0.8,0.1,plus,11,cost,64,1.6582000218701154e-05,0.5000388848387934,False
8,0.8,0.1,plus,11,cost,90,1.5375811832418762e-05,0.5000616635640808,False
8,0.85,2.0,ghz,11,cost,7,2.011427130577355,0.00582963046908808,False
8,0.85,2.0,ghz,11,cost,15,0.9985106180815948,0.10428989415449653,False
8,0.85,2.0,ghz,11,cost,31,0.06424933762635288,0.9352209823410544,False
8,0.85,2.0,ghz,11,cost,127,5.5257609788306183e-05,0.9999704556731149,True
8,0.85,2.0,ghz,11,cost,127,5.5257609788306183e-05,0.9999704556731149,True
8,0.0,1.8,antiphase,37,cost,6,1.9421716759656826,0.008353127322230923,False
8,0.0,1.8,antiphase,37,cost,16,0.5921716759656834,0.4302268502809931,False
8,0.0,1.8,antiphase,37,cost,32,0.03697523471689035,0.956150102661383,False
8,0.0,1.8,antiphase,37,cost,64,0.00015856772286060306,0.9998567009297891,True
8,0.0,1.8,antiphase,37,cost,96,7.619979424555723e-06,0.9999956350360758,True
8,0.0,1.8,antiphase,37,cost,128,7.588908939037964e-07,0.9999995785847018,True
8,0.0,1.8,antiphase,37,cost,128,7.588908939037964e-07,0.9999995785847018,True
8,0.3,0.4,plus,23,fixed,0,0.3646590718118202,0.17390399323898878,False
8,0.3,0.4,plus,23,fixed,16,0.07813193551844222,0.4540846411830017,False
8,0.7,1.1,ghz,11,cost,7,1.0100816061717748,0.006229774878419111,False
8,0.7,1.1,ghz,11,cost,15,0.5702579707495805,0.08732696544654257,False
8,0.7,1.1,ghz,11,cost,31,0.08401008023257694,0.8582429184907131,False
8,0.7,1.1,ghz,11,cost,63,0.0021346391094909656,0.997282132554682,False
8,0.7,1.1,ghz,11,cost,95,0.0006558343075728779,0.9992490138912001,True
8,0.7,1.1,ghz,11,cost,127,0.0002620141854967617,0.9997375347022212,True
8,0.7,1.1,ghz,11,cost,127,0.0002620141854967617,0.9997375347022212,True
8,0.175,0.55,plus,11,cost,0,0.37398891074161444,0.16457823662147805,False
8,0.175,0.55,plus,11,cost,16,0.08839022438657484,0.47507977361124704,False
8,0.175,0.55,plus,11,cost,32,0.045275632537811306,0.6781636945681967,False
8,0.175,0.55,plus,11,cost,64,0.0024444405711411266,0.9869447090362541,False
8,0.175,0.55,plus,11,cost,128,2.5602368391997032e-06,0.9999962241478317,True
8,0.175,0.55,plus,11,cost,128,2.5602368391997032e-06,0.9999962241478317,True
8,0.35,0.2,plus,11,cost,0,0.46595797542558215,0.036814604700785715,False
8,0.35,0.2,plus,11,cost,16,0.06964114840143998,0.3263999999658132,False
8,0.35,0.2,plus,11,cost,32,0.036461397951223384,0.5268262588950487,False
8,0.35,0.2,plus,11,cost,64,0.00014070647330965969,0.9989384412946999,True
8,0.35,0.2,plus,11,cost,96,4.49532028157229e-06,0.9999912157723378,True
8,0.35,0.2,plus,11,cost,128,7.011813406565537e-07,0.9999984949169481,True
8,0.35,0.2,plus,11,cost,128,7.011813406565537e-07,0.9999984949169481,True
8,0.0,0.2,antiphase,11,cost,6,1.0100253198889193,5.0019913954562725e-09,False
8,0.0,0.2,antiphase,11,cost,16,0.7312649597657945,0.0008246367960510965,False
8,0.0,0.2,antiphase,11,cost,32,4.645531595737218e-05,0.9999043944347649,True
8,0.0,0.2,antiphase,11,cost,32,4.645531595737218e-05,0.9999043944347649,True
8,0.05,1.0,plus,11,cost,0,0.2559894577888051,0.49951888340142925,False
8,0.05,1.0,plus,11,cost,16,0.047520878868466454,0.8121821510427293,False
8,0.05,1.0,plus,11,cost,32,0.018864358816292892,0.9160586928744316,False
8,0.05,1.0,plus,11,cost,64,0.0011576447467682716,0.9984342802297846,False
8,0.05,1.0,plus,11,cost,96,7.351026805291205e-05,0.9999268148691409,True
8,0.05,1.0,plus,11,cost,128,8.832791251744965e-07,0.9999992428901828,True
8,0.05,1.0,plus,11,cost,128,8.832791251744965e-07,0.9999992428901828,True
8,0.75,0.2,plus,11,cost,0,0.5638063299726592,0.04928870586484273,False
8,0.75,0.2,plus,11,cost,16,0.12362125828032566,0.246020333371438,False
8,0.75,0.2,plus,11,cost,32,0.0004882990873911197,0.4999404314174976,False
8,0.75,0.2,plus,11,cost,64,0.0003489411801972375,0.5006963505456502,False
8,0.75,0.2,plus,11,cost,96,0.0003140814604656317,0.5013646835308777,False
8,0.75,0.2,plus,11,cost,128,0.00031153676612816206,0.501570046092437,False
8,0.75,0.2,plus,11,cost,128,0.00031153676612816206,0.501570046092437,False
8,0.0,1.1,ghz,11,fixed,7,0.3494084590468365,0.3223640575305645,False
8,0.0,1.1,ghz,11,fixed,23,0.06003604391842732,0.7730260654899794,False
8,0.45,0.15,antiphase,11,fixed,6,0.12172680403016128,0.00048412150083379453,False
8,0.45,0.15,antiphase,11,fixed,22,0.12172680403016167,0.00048412150083379605,False
8,0.8,1.2,ghz,23,fixed,7,1.2202060867657851,0.004183336731216742,False
8,0.8,1.2,ghz,23,fixed,23,0.13868123865134097,0.843856287103204,False
8,0.95,0.3,antiphase,11,cost,6,0.02469768187518251,0.9445319563999198,False
8,0.95,0.3,antiphase,11,cost,16,0.009798535163272337,0.9777640168259085,False
8,0.95,0.3,antiphase,11,cost,32,0.000151849489411493,0.9996647976199485,True
8,0.95,0.3,antiphase,11,cost,64,7.519308991621454e-05,0.9998312459318514,True
8,0.95,0.3,antiphase,11,cost,114,9.699518009442798e-06,0.9999751836325418,True
12,0.3,1.2,ghz,11,cost,11,0.670849180169928,0.007378609290237927,False
12,0.3,1.2,ghz,11,cost,31,0.286536504462424,0.1411033775510787,False
12,0.3,1.2,ghz,11,cost,63,0.13317322708687218,0.4765676841294713,False
12,0.3,1.2,ghz,11,cost,95,0.11799434738045544,0.4852584189422134,False
12,0.3,1.2,ghz,11,cost,127,0.00011615449394083062,0.9997282130163777,True
12,0.3,1.2,ghz,11,cost,127,0.00011615449394083062,0.9997282130163777,True
8,0.2,1.1,ghz,11,cost,7,0.4923059137874367,0.10224190413188024,False
8,0.2,1.1,ghz,11,cost,15,0.3131527685412361,0.22451994461555375,False
8,0.2,1.1,ghz,11,cost,31,0.04170152037995534,0.9261070743221429,False
8,0.2,1.1,ghz,11,cost,63,7.664349566116613e-06,0.9999911920769131,True
8,0.2,1.1,ghz,11,cost,95,7.931435996866298e-08,0.9999999207676298,True
8,0.2,1.1,ghz,11,cost,101,7.153092718148457e-08,0.9999999282888872,True
8,0.3,2.0,plus,11,cost,0,0.11349733437755427,0.9077763128376334,False
8,0.3,2.0,plus,11,cost,16,0.0025767452869422947,0.9971948390344901,False
8,0.3,2.0,plus,11,cost,32,0.0005264614790339017,0.9993807130715321,True
8,0.3,2.0,plus,11,cost,64,1.4098597061362739e-05,0.9999917812375955,True
8,0.3,2.0,plus,11,cost,96,1.1449117587325475e-06,0.9999994390903395,True
8,0.3,2.0,plus,11,cost,128,1.7597198676000403e-07,0.9999999170572519,True
8,0.3,2.0,plus,11,cost,128,1.7597198676000403e-07,0.9999999170572519,True
8,0.25,1.8,ghz,11,cost,7,1.1744015491149646,0.03321784692478566,False
8,0.25,1.8,ghz,11,cost,15,0.7408104380576799,0.13888997718992044,False
8,0.25,1.8,ghz,11,cost,31,0.015370601954528551,0.9837969317915608,False
8,0.25,1.8,ghz,11,cost,63,3.931856840644343e-05,0.9999623776856352,True
8,0.25,1.8,ghz,11,cost,95,1.1323880699798394e-06,0.9999994000815546,True
8,0.25,1.8,ghz,11,cost,127,3.696502950401026e-07,0.9999998018018728,True
8,0.25,1.8,ghz,11,cost,127,3.696502950401026e-07,0.9999998018018728,True
8,0.975,0.15,ghz,11,fixed,7,0.9558266821859965,6.918808269765436e-10,False
8,0.975,0.15,ghz,11,fixed,23,6.588648260230645e-05,0.5000070012168231,False
8,0.8,0.6,plus,37,gradient,0,0.3475761295690428,0.4098035720244742,False
8,0.8,0.6,plus,37,gradient,16,0.09039333805167649,0.563788116204004,False
8,0.8,0.6,plus,37,gradient,32,0.03635834010170025,0.8993163123562343,False
8,0.8,0.6,plus,37,gradient,64,0.007771808942427683,0.9650499424982611,False
8,0.8,0.6,plus,37,gradient,128,0.0030461241737221867,0.9900818607020182,False
8,0.8,0.6,plus,37,gradient,128,0.0030461241737221867,0.9900818607020182,False
12,0.0,0.1,antiphase,11,cost,10,1.0025015664215988,3.0518703586499746e-17,False
12,0.0,0.1,antiphase,11,cost,32,0.4764592413888568,4.843102740004775e-12,False
12,0.0,0.1,antiphase,11,cost,64,0.30368833097393183,9.19507650426358e-06,False
12,0.0,0.1,antiphase,11,cost,96,0.30337972597573,2.5867604419211166e-07,False
12,0.0,0.1,antiphase,11,cost,128,0.30269422914901734,1.8713657353550937e-06,False
12,0.0,0.1,antiphase,11,cost,128,0.30269422914901734,1.8713657353550937e-06,False
8,0.85,0.4,plus,11,cost,0,0.502024279433034,0.1218303396610279,False
8,0.85,0.4,plus,11,cost,16,0.19281071493859014,0.2184938351766758,False
8,0.85,0.4,plus,11,cost,32,0.0017184517901072116,0.9937494776650645,False
8,0.85,0.4,plus,11,cost,96,0.0002358581786878755,0.9990585458079826,True
8,0.85,0.4,plus,11,cost,128,0.00020059618566281578,0.9992356932746806,True
8,0.85,0.4,plus,11,cost,128,0.00020059618566281578,0.9992356932746806,True
8,0.0,0.4,antiphase,11,cost,6,1.0404330568086149,1.2876239070513757e-06,False
8,0.0,0.4,antiphase,11,cost,16,0.6756695504167488,0.008435605643200627,False
8,0.0,0.4,antiphase,11,cost,96,2.178267176633497e-05,0.9999553213086567,True
8,0.0,0.4,antiphase,11,cost,118,3.1122419530404954e-08,0.9999999694638648,True
8,0.175,0.55,plus,11,gradient,0,0.37398891074161444,0.16457823662147805,False
8,0.175,0.55,plus,11,gradient,16,0.08839022438657484,0.47507977361124704,False
8,0.175,0.55,plus,11,gradient,32,0.050785246745357004,0.6694976181926591,False
8,0.175,0.55,plus,11,gradient,64,0.002300041570700073,0.9886235644034076,False
8,0.175,0.55,plus,11,gradient,96,3.217893005313943e-05,0.9999525631955974,True
8,0.175,0.55,plus,11,gradient,128,6.191971918201311e-06,0.9999904352373228,True
8,0.175,0.55,plus,11,gradient,128,6.191971918201311e-06,0.9999904352373228,True
8,0.05,0.4,ghz,11,cost,7,0.042706095029260704,0.9096748958416726,False
8,0.05,0.4,ghz,11,cost,15,0.021828764730891348,0.9521134900371472,False
8,0.05,0.4,ghz,11,cost,31,0.0005009443193184637,0.9985984238415655,True
8,0.05,0.4,ghz,11,cost,95,3.9827605672337896e-06,0.9999921542371089,True
8,0.05,0.4,ghz,11,cost,117,2.573374258130201e-08,0.9999999711327796,True
8,0.9,1.6,antiphase,11,cost,6,0.9018565395900587,0.09543098993686208,False
8,0.9,1.6,antiphase,11,cost,16,0.35373848531621377,0.5174101267439598,False
8,0.9,1.6,antiphase,11,cost,32,0.03856725069687705,0.9541328776710736,False
8,0.9,1.6,antiphase,11,cost,64,0.0012763236290691538,0.9990003902741127,False
8,0.9,1.6,antiphase,11,cost,96,0.0004216750063985586,0.9996968710898247,True
8,0.9,1.6,antiphase,11,cost,128,0.0001490490339586259,0.9998942548748544,True
8,0.9,1.6,antiphase,11,cost,128,0.0001490490339586259,0.9998942548748544,True
8,0.0,1.8,ghz,23,cost,7,0.9421716759656829,0.07645152241152128,False
8,0.0,1.8,ghz,23,cost,15,0.5737420052939042,0.22417455279473372,False
8,0.0,1.8,ghz,23,cost,31,0.03549538958924847,0.9603040575589797,False
8,0.0,1.8,ghz,23,cost,63,7.972267991362969e-05,0.9999401874245215,True
8,0.0,1.8,ghz,23,cost,127,9.019059861170575e-07,0.9999995131271955,True
8,0.0,1.8,ghz,23,cost,127,9.019059861170575e-07,0.9999995131271955,True
8,0.8,0.3,antiphase,11,cost,6,0.030056740425576267,0.9155043292737117,False
8,0.8,0.3,antiphase,11,cost,16,0.012284117908085035,0.9645859910582867,False
8,0.8,0.3,antiphase,11,cost,32,0.0005069275839744147,0.997930793604283,True
8,0.8,0.3,antiphase,11,cost,64,0.0002659327381941967,0.9989075794965833,True
8,0.8,0.3,antiphase,11,cost,128,5.786420788245206e-05,0.9997507957511085,True
8,0.8,0.3,antiphase,11,cost,128,5.786420788245206e-05,0.9997507957511085,True
8,0.975,0.35,antiphase,11,fixed,6,0.03313355502233806,0.9264105622024867,False
8,0.975,0.35,antiphase,11,fixed,22,0.03313355502233806,0.9264105622024867,False
8,0.55,0.1,ghz,11,cost,7,0.10482426015861512,7.1161025477834584e-06,False
8,0.55,0.1,ghz,11,cost,15,0.10205538509804257,1.1520418671497322e-05,False
8,0.55,0.1,ghz,11,cost,31,0.017627920430970723,0.00870495776282095,False
8,0.55,0.1,ghz,11,cost,63,0.01487761257272291,0.01236958173339635,False
8,0.55,0.1,ghz,11,cost,95,0.014021601323667254,0.01992982247835644,False
8,0.55,0.1,ghz,11,cost,127,0.00990791417575132,0.04132965963027751,False
8,0.55,0.1,ghz,11,cost,127,0.00990791417575132,0.04132965963027751,False
8,0.3,0.4,plus,23,gradient,0,0.3646590718118202,0.17390399323898878,False
8,0.3,0.4,plus,23,gradient,16,0.050620032465056974,0.5485324561108258,False
8,0.3,0.4,plus,23,gradient,96,6.774886269278468e-05,0.999826344469102,True
8,0.3,0.4,plus,23,gradient,128,1.3661476648829662e-05,0.999972083598674,True
8,0.3,0.4,plus,23,gradient,128,1.3661476648829662e-05,0.999972083598674,True
8,0.8,0.9,antiphase,11,cost,6,0.3655854892123396,0.19103944232574976,False
8,0.8,0.9,antiphase,11,cost,16,0.2262136441834255,0.36968521400097204,False
8,0.8,0.9,antiphase,11,cost,32,0.04866946629212743,0.8428969375256293,False
8,0.8,0.9,antiphase,11,cost,64,0.00709940530244868,0.9852029591689245,False
8,0.8,0.9,antiphase,11,cost,128,0.0010463042341217754,0.9986213732588956,False
8,0.8,0.9,antiphase,11,cost,128,0.0010463042341217754,0.9986213732588956,False
8,0.825,0.35,antiphase,11,cost,6,0.040347504534483214,0.8874791381107452,False
8,0.825,0.35,antiphase,11,cost,16,0.016863542761233363,0.9508249480679635,False
8,0.825,0.35,antiphase,11,cost,32,0.0008516434761284275,0.9966149825404285,True
8,0.825,0.35,antiphase,11,cost,64,0.00044499699541933335,0.9982272018846272,True
8,0.825,0.35,antiphase,11,cost,128,9.522240601356202e-05,0.9996596996047745,True
8,0.825,0.35,antiphase,11,cost,128,9.522240601356202e-05,0.9996596996047745,True
8,0.6,1.4,antiphase,11,cost,6,0.965834690286094,0.04461461785524497,False
8,0.6,1.4,antiphase,11,cost,16,0.3872521073421076,0.40358267394526826,False
8,0.6,1.4,antiphase,11,cost,32,0.032249316155819496,0.9496015372532671,False
8,0.6,1.4,antiphase,11,cost,64,0.0008418193847288258,0.9991653461811897,True
8,0.6,1.4,antiphase,11,cost,96,8.380491439519133e-05,0.9999394838396505,True
8,0.6,1.4,antiphase,11,cost,128,3.582249443678798e-05,0.9999749170308501,True
8,0.6,1.4,antiphase,11,cost,128,3.582249443678798e-05,0.9999749170308501,True
8,0.0,1.1,plus,11,cost,0,0.2494084590468375,0.5240703132648579,False
8,0.0,1.1,plus,11,cost,16,0.04551219079448621,0.8344513954184473,False
8,0.0,1.1,plus,11,cost,32,0.02066554410298349,0.919040267902873,False
8,0.0,1.1,plus,11,cost,64,0.0009172003860011824,0.9989214884840497,True
8,0.0,1.1,plus,11,cost,128,3.1168076120025034e-08,0.9999999733350202,True
8,0.0,1.1,plus,11,cost,128,3.1168076120025034e-08,0.9999999733350202,True
8,0.675,0.85,ghz,11,cost,7,0.7645717837496815,0.0054690272157384215,False
8,0.675,0.85,ghz,11,cost,15,0.4515462124411982,0.052481887223886005,False
8,0.675,0.85,ghz,11,cost,31,0.14765130006550797,0.4509611976859087,False
8,0.675,0.85,ghz,11,cost,63,0.007307376818497691,0.9867873648154158,False
8,0.675,0.85,ghz,11,cost,95,0.001092246870543434,0.9984877584717502,False
8,0.675,0.85,ghz,11,cost,127,0.000621231497449859,0.9991890420672137,True
8,0.675,0.85,ghz,11,cost,127,0.000621231497449859,0.9991890420672137,True
8,0.75,0.7,antiphase,11,cost,6,0.24018136055742512,0.24970321040092444,False
8,0.75,0.7,antiphase,11,cost,16,0.12974389431679034,0.4753857310041513,False
8,0.75,0.7,antiphase,11,cost,32,0.03750742413382213,0.8069899249485981,False
8,0.75,0.7,antiphase,11,cost,64,0.009737913852109759,0.9710121091324082,False
8,0.75,0.7,antiphase,11,cost,96,0.003922896315712521,0.99233088269878,False
8,0.75,0.7,antiphase,11,cost,128,0.0023378884724365445,0.9956710833879783,False
8,0.75,0.7,antiphase,11,cost,128,0.0023378884724365445,0.9956710833879783,False
8,0.525,0.55,ghz,11,fixed,7,0.35252696023686914,0.011774860645310968,False
8,0.525,0.55,ghz,11,fixed,23,0.20009018999962014,0.1543872162078884,False
8,0.25,0.1,plus,11,cost,0,0.6533434950928447,0.01355533809395481,False
8,0.25,0.1,plus,11,cost,16,0.12587876850788904,0.49663891213615324,False
8,0.25,0.1,plus,11,cost,32,0.0004256485081297612,0.9988472197641126,True
8,0.25,0.1,plus,11,cost,64,2.0511341425333285e-07,0.9999993304622138,True
8,0.25,0.1,plus,11,cost,90,1.2346227151738276e-08,0.9999999643985723,True
12,0.8,0.6,antiphase,11,cost,10,0.1493904304337114,0.14532331029225246,False
12,0.8,0.6,antiphase,11,cost,32,0.052152128871508406,0.2869186575308341,False
12,0.8,0.6,antiphase,11,cost,64,0.028787479481582334,0.4579674690673784,False
12,0.8,0.6,antiphase,11,cost,96,0.022075649452955037,0.5845228855893747,False
12,0.8,0.6,antiphase,11,cost,128,0.018892135492295587,0.6437119106109221,False
12,0.8,0.6,antiphase,11,cost,128,0.018892135492295587,0.6437119106109221,False
8,0.825,0.35,plus,11,cost,0,0.5153475045344833,0.09987367059600374,False
8,0.825,0.35,plus,11,cost,16,0.2328924507225687,0.12833939126990715,False
8,0.825,0.35,plus,11,cost,32,0.11936115168707084,0.29889732457108376,False
8,0.825,0.35,plus,11,cost,64,0.0005042073143466386,0.997383163385227,True
8,0.825,0.35,plus,11,cost,128,0.0001029841764643713,0.9986317262043113,True
8,0.825,0.35,plus,11,cost,128,0.0001029841764643713,0.9986317262043113,True
8,0.65,0.8,antiphase,11,cost,6,0.39280023616715376,0.09064543484197796,False
8,0.65,0.8,antiphase,11,cost,16,0.212814397622465,0.3343743161680538,False
8,0.65,0.8,antiphase,11,cost,32,0.03391215823787075,0.9093022086917301,False
8,0.65,0.8,antiphase,11,cost,64,0.006815677365844097,0.9856022424284068,False
8,0.65,0.8,antiphase,11,cost,128,0.00040186338534686783,0.9994990616513558,True
8,0.65,0.8,antiphase,11,cost,128,0.00040186338534686783,0.9994990616513558,True
8,0.25,2.0,plus,11,cost,0,0.1136642136379038,0.9049984424855004,False
8,0.25,2.0,plus,11,cost,16,0.0016099441416637106,0.998366424931059,False
8,0.25,2.0,plus,11,cost,32,0.00023733843128637133,0.9997042798643322,True
8,0.25,2.0,plus,11,cost,64,8.034299196157946e-06,0.9999950966161372,True
8,0.25,2.0,plus,11,cost,112,1.0113267334688203e-07,0.9999999527688487,True
8,0.8,1.0,plus,11,cost,0,0.24817062200690443,0.7162970750153589,False
8,0.8,1.0,plus,11,cost,16,0.07051192337515522,0.846893352979051,False
8,0.8,1.0,plus,11,cost,32,0.015147225586971125,0.9694080285317591,False
8,0.8,1.0,plus,11,cost,96,0.0014667196984659014,0.9982397699454598,False
8,0.8,1.0,plus,11,cost,128,0.0006922512412892434,0.9992423659207242,True
8,0.8,1.0,plus,11,cost,128,0.0006922512412892434,0.9992423659207242,True
8,0.55,0.15,plus,37,gradient,0,0.4217424196859966,0.2660809996518718,False
8,0.55,0.15,plus,37,gradient,16,0.03970449551825861,0.3221519413708966,False
8,0.55,0.15,plus,37,gradient,32,0.021612662547360606,0.5737787369382326,False
8,0.55,0.15,plus,37,gradient,128,0.006207664742635566,0.6484814264425276,False
8,0.55,0.15,plus,37,gradient,128,0.006207664742635566,0.6484814264425276,False
8,0.45,0.2,antiphase,11,cost,6,0.1481074441474553,0.0012114921499337204,False
8,0.45,0.2,antiphase,11,cost,16,0.13403098253968676,0.003038562535168227,False
8,0.45,0.2,antiphase,11,cost,32,0.12415008387890869,0.00928272164960037,False
8,0.45,0.2,antiphase,11,cost,64,0.007072859406207832,0.8291627131759499,False
8,0.45,0.2,antiphase,11,cost,96,0.003743073149298781,0.9317455316814096,False
8,0.45,0.2,antiphase,11,cost,128,0.0020221454007377515,0.9754407631113472,False
8,0.45,0.2,antiphase,11,cost,128,0.0020221454007377515,0.9754407631113472,False
8,0.0,0.2,antiphase,37,cost,6,1.0100253198889193,5.0019913954562725e-09,False
8,0.0,0.2,antiphase,37,cost,16,0.7312668184442732,2.752482500222714e-05,False
8,0.0,0.2,antiphase,37,cost,32,4.659861314570968e-05,0.9999036247477552,True
8,0.0,0.2,antiphase,37,cost,64,9.845344013381663e-07,0.9999978799408443,True
8,0.0,0.2,antiphase,37,cost,96,1.6151417980836413e-08,0.9999999681697134,True
8,0.0,0.2,antiphase,37,cost,96,1.6151417980836413e-08,0.9999999681697134,True
8,0.2,1.0,ghz,11,cost,7,0.40839678755441156,0.13147800910799062,False
8,0.2,1.0,ghz,11,cost,15,0.26276708165608054,0.24277258700897011,False
8,0.2,1.0,ghz,11,cost,31,0.04364078504791369,0.9148291042964667,False
8,0.2,1.0,ghz,11,cost,63,4.698001760505832e-06,0.9999874060611995,True
8,0.2,1.0,ghz,11,cost,95,2.4399943576725036e-07,0.999999667297962,True
8,0.2,1.0,ghz,11,cost,99,2.420342855025126e-07,0.9999996695415816,True
8,0.175,0.15,antiphase,11,cost,6,0.6568451315714944,6.1246915570465394e-09,False
8,0.175,0.15,antiphase,11,cost,16,0.635455291268592,2.7843942487889793e-05,False
8,0.175,0.15,antiphase,11,cost,32,0.0017173327123474191,0.9958124990280073,False
8,0.175,0.15,antiphase,11,cost,64,1.0365102286469252e-06,0.9999973435276505,True
8,0.175,0.15,antiphase,11,cost,96,1.470523085522757e-07,0.9999995499127676,True
8,0.175,0.15,antiphase,11,cost,114,4.100312955834795e-08,0.9999998939581211,True
8,0.025,0.85,plus,11,fixed,0,0.3275247217057198,0.29268996911459916,False
8,0.025,0.85,plus,11,fixed,16,0.11710264581842633,0.5280934684477492,False
8,0.45,0.15,ghz,11,cost,7,0.02172680403016114,0.07046572400413456,False
8,0.45,0.15,ghz,11,cost,15,0.01663546809158789,0.0752065544331843,False
8,0.45,0.15,ghz,11,cost,31,0.011313212831295716,0.09023629792090976,False
8,0.45,0.15,ghz,11,cost,63,0.010733632923861092,0.1144658538494254,False
8,0.45,0.15,ghz,11,cost,95,0.0029853927522728307,0.8440434640630579,False
8,0.45,0.15,ghz,11,cost,127,0.00263212464625151,0.876461955065726,False
8,0.45,0.15,ghz,11,cost,127,0.00263212464625151,0.876461955065726,False
12,0.8,1.5,antiphase,11,cost,10,0.8924786748583724,0.0103589760937363,False
12,0.8,1.5,antiphase,11,cost,32,0.28886516381192057,0.3535586750222453,False
12,0.8,1.5,antiphase,11,cost,64,0.02914852441806322,0.9351789447506257,False
12,0.8,1.5,antiphase,11,cost,96,0.0033702903137176796,0.9934954316906546,False
12,0.8,1.5,antiphase,11,cost,128,0.0013008412282617954,0.9977976385020112,False
12,0.8,1.5,antiphase,11,cost,128,0.0013008412282617954,0.9977976385020112,False
8,0.55,1.6,plus,11,cost,0,0.14626576339012987,0.8743116240766626,False
8,0.55,1.6,plus,11,cost,16,0.020424996368913373,0.9716395514048571,False
8,0.55,1.6,plus,11,cost,32,0.004553564577667313,0.99470629929456,False
8,0.55,1.6,plus,11,cost,64,0.00016642106913966614,0.9998880796072547,True
8,0.55,1.6,plus,11,cost,96,3.5269056142261945e-05,0.9999784174781808,True
8,0.55,1.6,plus,11,cost,128,1.785474951332411e-05,0.9999892545358265,True
8,0.55,1.6,plus,11,cost,128,1.785474951332411e-05,0.9999892545358265,True
8,0.8,0.8,plus,11,cost,0,0.28651108323486185,0.6160227628886743,False
8,0.8,0.8,plus,11,cost,16,0.0870112258761393,0.7631791182086664,False
8,0.8,0.8,plus,11,cost,32,0.01935390314526364,0.9365569302648883,False
8,0.8,0.8,plus,11,cost,64,0.005796785082323286,0.9879515417563137,False
8,0.8,0.8,plus,11,cost,96,0.003198032230615322,0.9946014206163734,False
8,0.8,0.8,plus,11,cost,128,0.0012426610552280781,0.998315229638005,False
8,0.8,0.8,plus,11,cost,128,0.0012426610552280781,0.998315229638005,False
12,0.3,1.6,plus,11,cost,0,0.13635166069713497,0.8094534183267544,False
12,0.3,1.6,plus,11,cost,32,0.0014379370153889681,0.9973531899454491,False
12,0.3,1.6,plus,11,cost,64,0.0006509911685708877,0.9984996109533906,False
12,0.3,1.6,plus,11,cost,96,4.938037799699183e-05,0.9999156064619267,True
12,0.3,1.6,plus,11,cost,128,8.627010225599937e-06,0.9999871313100437,True
12,0.3,1.6,plus,11,cost,128,8.627010225599937e-06,0.9999871313100437,True
12,0.8,1.5,ghz,11,cost,11,1.4924786748583723,0.00026774803756099403,False
12,0.8,1.5,ghz,11,cost,31,0.37247778766440076,0.15899489311461745,False
12,0.8,1.5,ghz,11,cost,63,0.1731320267499227,0.5362805901958926,False
12,0.8,1.5,ghz,11,cost,95,0.0038834554413732882,0.9929771385128621,False
12,0.8,1.5,ghz,11,cost,127,0.001593007455506464,0.9971992053029435,False
12,0.8,1.5,ghz,11,cost,127,0.001593007455506464,0.9971992053029435,False
8,0.8,0.8,ghz,37,cost,7,0.8865110832348602,0.0018445784874687094,False
8,0.8,0.8,ghz,37,cost,15,0.3970675235582708,0.05914756057606038,False
8,0.8,0.8,ghz,37,cost,31,0.09405363956546631,0.373628484216009,False
8,0.8,0.8,ghz,37,cost,63,0.01575384036124272,0.9299301693898664,False
8,0.8,0.8,ghz,37,cost,95,0.0038470089354012416,0.9938521949173977,False
8,0.8,0.8,ghz,37,cost,127,0.0018964910062002627,0.997447195262888,False
8,0.8,0.8,ghz,37,cost,127,0.0018964910062002627,0.997447195262888,False
8,0.45,0.4,antiphase,11,cost,6,0.26953281668757406,0.007971230730198111,False
8,0.45,0.4,antiphase,11,cost,16,0.21859591137324896,0.024941697399952566,False
8,0.45,0.4,antiphase,11,cost,32,0.08933500274401851,0.5301857822582771,False
8,0.45,0.4,antiphase,11,cost,64,0.006867821067426894,0.9502369547634998,False
8,0.45,0.4,antiphase,11,cost,96,0.0013825815566697042,0.9956082147630724,False
8,0.45,0.4,antiphase,11,cost,128,0.0005958228102909136,0.9981029340950057,False
8,0.45,0.4,antiphase,11,cost,128,0.0005958228102909136,0.9981029340950057,False
8,0.65,1.1,ghz,11,cost,7,0.9513446920840856,0.00804901480698698,False
8,0.65,1.1,ghz,11,cost,15,0.5807784947081165,0.06726862125330972,False
8,0.65,1.1,ghz,11,cost,31,0.20141202296253713,0.49279630962212684,False
8,0.65,1.1,ghz,11,cost,63,0.001999886460485989,0.9977834976120918,False
8,0.65,1.1,ghz,11,cost,95,0.0005802599280133602,0.9993499778958113,True
8,0.65,1.1,ghz,11,cost,127,0.00021110163032367346,0.9998137967427078,True
8,0.65,1.1,ghz,11,cost,127,0.00021110163032367346,0.9998137967427078,True
8,0.3,0.4,ghz,23,cost,7,0.06465907181181973,0.7120144585039689,False
8,0.3,0.4,ghz,23,cost,15,0.03636388306859395,0.7935820287400253,False
8,0.3,0.4,ghz,23,cost,31,0.00695969327591528,0.9027661084806072,False
8,0.3,0.4,ghz,23,cost,63,0.004684542715114759,0.9292475228137497,False
8,0.3,0.4,ghz,23,cost,95,0.0009483152213494161,0.9967558248508535,False
8,0.3,0.4,ghz,23,cost,127,3.237156084190396e-05,0.9999377917925276,True
8,0.3,0.4,ghz,23,cost,127,3.237156084190396e-05,0.9999377917925276,True
8,0.2,1.9,ghz,11,cost,7,1.2199742007761913,0.03610035981187981,False
8,0.2,1.9,ghz,11,cost,15,0.7343311693707721,0.17441840430469827,False
8,0.2,1.9,ghz,11,cost,31,0.027912530381225098,0.971806894919899,False
8,0.2,1.9,ghz,11,cost,63,6.336399739570453e-06,0.9999958243150832,True
8,0.2,1.9,ghz,11,cost,95,8.584936073141591e-07,0.9999994893047407,True
8,0.2,1.9,ghz,11,cost,127,2.3210320732047762e-07,0.9999998811160897,True
8,0.2,1.9,ghz,11,cost,127,2.3210320732047762e-07,0.9999998811160897,True
8,0.5,0.5,ghz,11,cost,7,0.289524617883531,0.01426396010894761,False
8,0.5,0.5,ghz,11,cost,15,0.23014916549352094,0.03425549943210868,False
8,0.5,0.5,ghz,11,cost,31,0.06246830848419882,0.64194456153303,False
8,0.5,0.5,ghz,11,cost,63,0.007952230226705215,0.9576594850145606,False
8,0.5,0.5,ghz,11,cost,95,0.0009402944569605332,0.9979659327835855,True
8,0.5,0.5,ghz,11,cost,127,0.00036744075760175576,0.9991764320352687,True
8,0.5,0.5,ghz,11,cost,127,0.00036744075760175576,0.9991764320352687,True
8,0.45,1.2,ghz,11,cost,7,0.8214520155715203,0.021915964118995584,False
8,0.45,1.2,ghz,11,cost,15,0.5478757156981233,0.10153844774593754,False
8,0.45,1.2,ghz,11,cost,31,0.038723669359975954,0.9387395970053986,False
8,0.45,1.2,ghz,11,cost,63,0.001097800688453221,0.9986792782590068,False
8,0.45,1.2,ghz,11,cost,127,2.1891072840674042e-05,0.9999839408792727,True
8,0.45,1.2,ghz,11,cost,127,2.1891072840674042e-05,0.9999839408792727,True
12,0.3,1.2,antiphase,11,cost,10,1.070849180169928,0.0008993057624786512,False
12,0.3,1.2,antiphase,11,cost,32,0.5597213147639301,0.08430742821364384,False
12,0.3,1.2,antiphase,11,cost,64,0.28682427977060004,0.22124557568131198,False
12,0.3,1.2,antiphase,11,cost,96,0.2492095920839336,0.23803745820899064,False
12,0.3,1.2,antiphase,11,cost,128,0.24432310306408503,0.23954357837211293,False
12,0.3,1.2,antiphase,11,cost,128,0.24432310306408503,0.23954357837211293,False
8,0.15,0.6,ghz,11,cost,7,0.11466432444683161,0.6879172988055263,False
8,0.15,0.6,ghz,11,cost,15,0.06296703547666027,0.7959638486625922,False
8,0.15,0.6,ghz,11,cost,31,0.008772965542602207,0.9441933494352946,False
8,0.15,0.6,ghz,11,cost,63,0.004665481704943075,0.9743792245275817,False
8,0.15,0.6,ghz,11,cost,95,0.0005311709384239194,0.9989687966018772,True
8,0.15,0.6,ghz,11,cost,127,3.5510683074502225e-05,0.9999569789901951,True
8,0.15,0.6,ghz,11,cost,127,3.5510683074502225e-05,0.9999569789901951,True
8,0.55,0.15,plus,11,cost,0,0.4217424196859966,0.2660809996518718,False
8,0.55,0.15,plus,11,cost,16,0.039704495518259275,0.32215194218196563,False
8,0.55,0.15,plus,11,cost,32,0.020611692960174843,0.6169529694604223,False
8,0.55,0.15,plus,11,cost,96,0.006892859779803695,0.6167781948904895,False
8,0.55,0.15,plus,11,cost,128,0.005560307723726732,0.6747362448166174,False
8,0.55,0.15,plus,11,cost,128,0.005560307723726732,0.6747362448166174,False
8,0.0,1.0,plus,23,fixed,0,0.2814577238707543,0.4215096173044166,False
8,0.0,1.0,plus,23,fixed,16,0.09037356989491308,0.6652762965863703,False
8,0.5,0.8,ghz,11,cost,7,0.5252097681680145,0.017711370184496072,False
8,0.5,0.8,ghz,11,cost,15,0.3063566590605654,0.129438858988857,False
8,0.5,0.8,ghz,11,cost,31,0.031534397037152884,0.920871998875234,False
8,0.5,0.8,ghz,11,cost,63,0.005232982693266219,0.9867187260491275,False
8,0.5,0.8,ghz,11,cost,95,0.00048268987737376534,0.999347972406464,True
8,0.5,0.8,ghz,11,cost,127,0.00012789083628228504,0.9998348158429314,True
8,0.5,0.8,ghz,11,cost,127,0.00012789083628228504,0.9998348158429314,True
8,0.8,0.2,plus,37,gradient,0,0.6128660251752662,0.044882969890375046,False
8,0.8,0.2,plus,37,gradient,32,0.0003397810976473181,0.5000308742816144,False
8,0.8,0.2,plus,37,gradient,64,0.00026818571173703454,0.5007612326219041,False
8,0.8,0.2,plus,37,gradient,96,0.0002518491213220342,0.5010858782659144,False
8,0.8,0.2,plus,37,gradient,128,0.00025122862145909863,0.5010976297742926,False
8,0.8,0.2,plus,37,gradient,128,0.00025122862145909863,0.5010976297742926,False
8,0.9,1.2,plus,11,cost,0,0.24903055627849713,0.7316530703131653,False
8,0.9,1.2,plus,11,cost,16,0.08678954035871134,0.8418937186235148,False
8,0.9,1.2,plus,11,cost,32,0.019195226596171677,0.9696813141030876,False
8,0.9,1.2,plus,11,cost,64,0.0020401260438154267,0.9978588844593035,False
8,0.9,1.2,plus,11,cost,96,0.0008368503652265158,0.9991640543041066,True
8,0.9,1.2,plus,11,cost,128,0.00043728841223655834,0.9996336993431089,True
8,0.9,1.2,plus,11,cost,128,0.00043728841223655834,0.9996336993431089,True
8,0.8,0.6,plus,11,cost,0,0.3475761295690428,0.4098035720244742,False
8,0.8,0.6,plus,11,cost,16,0.10819487233944103,0.5329324835067373,False
8,0.8,0.6,plus,11,cost,32,0.03261863857059644,0.9176212041975126,False
8,0.8,0.6,plus,11,cost,96,0.0034980477488129047,0.9869418199634683,False
8,0.8,0.6,plus,11,cost,128,0.0018900105226871133,0.9931810796622021,False
8,0.8,0.6,plus,11,cost,128,0.0018900105226871133,0.9931810796622021,False
8,0.7,1.7,plus,11,cost,0,0.15683280224693963,0.8733625123331805,False
8,0.7,1.7,plus,11,cost,16,0.03738845538923785,0.9513039657073232,False
8,0.7,1.7,plus,11,cost,32,0.006304268968463145,0.9941462121658551,False
8,0.7,1.7,plus,11,cost,64,0.0010203611937575907,0.9993227885445305,False
8,0.7,1.7,plus,11,cost,96,0.00010012281083504604,0.9999384938908062,True
8,0.7,1.7,plus,11,cost,128,3.271654496850296e-05,0.9999807948350565,True
8,0.7,1.7,plus,11,cost,128,3.271654496850296e-05,0.9999807948350565,True
8,0.65,0.2,antiphase,11,cost,6,0.016360474024993188,0.9398776307620164,False
8,0.65,0.2,antiphase,11,cost,16,0.0066857059995897306,0.9728070571489067,False
8,0.65,0.2,antiphase,11,cost,32,0.00044322520857098535,0.9953182982158955,True
8,0.65,0.2,antiphase,11,cost,64,0.00026435066515750894,0.9971774347273651,True
8,0.65,0.2,antiphase,11,cost,128,9.437480444385304e-05,0.9989157362641213,True
8,0.65,0.2,antiphase,11,cost,128,9.437480444385304e-05,0.9989157362641213,True
8,0.525,0.15,plus,11,cost,0,0.42116817877068247,0.2434501548135991,False
8,0.525,0.15,plus,11,cost,16,0.035084036190972445,0.5296298631342736,False
8,0.525,0.15,plus,11,cost,32,0.027318962503376842,0.6673191335183336,False
8,0.525,0.15,plus,11,cost,64,0.007906784296019098,0.7578109840336746,False
8,0.525,0.15,plus,11,cost,96,0.0025738830643992072,0.972394276395979,False
8,0.525,0.15,plus,11,cost,128,0.0009369005977414302,0.9947502477839967,True
8,0.525,0.15,plus,11,cost,128,0.0009369005977414302,0.9947502477839967,True
8,0.9,1.3,ghz,11,cost,7,1.435021583577651,0.002968146790523228,False
8,0.9,1.3,ghz,11,cost,15,0.818073597838366,0.038531335733916906,False
8,0.9,1.3,ghz,11,cost,31,0.07643415716067259,0.8741939843179001,False
8,0.9,1.3,ghz,11,cost,63,0.003960867144529923,0.995110633703366,False
8,0.9,1.3,ghz,11,cost,95,0.0010956332618043962,0.999011821711501,False
8,0.9,1.3,ghz,11,cost,127,0.00039825393331205383,0.9996654833967117,True
8,0.9,1.3,ghz,11,cost,127,0.00039825393331205383,0.9996654833967117,True
12,0.8,1.9,ghz,11,cost,11,1.8610280280827414,0.00035947911089977244,False
12,0.8,1.9,ghz,11,cost,31,0.3573742050599658,0.37877843509366943,False
12,0.8,1.9,ghz,11,cost,63,0.053335946817446654,0.9161327645716892,False
12,0.8,1.9,ghz,11,cost,127,0.0006869851357903892,0.9991092924898023,True
12,0.8,1.9,ghz,11,cost,127,0.0006869851357903892,0.9991092924898023,True
8,0.65,0.2,ghz,11,cost,7,0.31636047402499307,4.721425446421923e-06,False
8,0.65,0.2,ghz,11,cost,15,0.3020809833927224,3.2373099685238644e-05,False
8,0.65,0.2,ghz,11,cost,31,0.08848362304909363,0.002281724069679893,False
8,0.65,0.2,ghz,11,cost,63,0.0808559845469331,0.008303584602258513,False
8,0.65,0.2,ghz,11,cost,95,0.0005928749461697747,0.5026860790919081,False
8,0.65,0.2,ghz,11,cost,127,0.0005683355989410943,0.5035343161947332,False
8,0.65,0.2,ghz,11,cost,127,0.0005683355989410943,0.5035343161947332,False
8,0.95,0.5,ghz,11,cost,7,0.9737779172851391,1.5824848076759013e-05,False
8,0.95,0.5,ghz,11,cost,15,0.45052498238395744,0.007656170339574534,False
8,0.95,0.5,ghz,11,cost,63,0.006875614851526768,0.5067508596126579,False
8,0.95,0.5,ghz,11,cost,95,0.005733581774528762,0.5266004910275215,False
8,0.95,0.5,ghz,11,cost,127,0.0007089084594225081,0.9981704645542057,True
8,0.95,0.5,ghz,11,cost,127,0.0007089084594225081,0.9981704645542057,True
8,0.175,1.75,antiphase,11,fixed,6,1.7051847583286581,0.013056459039708047,False
8,0.175,1.75,antiphase,11,fixed,22,1.7051847583286586,0.013056459039707945,False
8,0.0,1.8,plus,37,cost,0,0.14217167596568547,0.8415226516860692,False
8,0.0,1.8,plus,37,cost,16,0.009967108428431182,0.9847726112986982,False
8,0.0,1.8,plus,37,cost,32,0.0017915894554989542,0.9969388654291715,False
8,0.0,1.8,plus,37,cost,64,6.49454220993384e-05,0.999955024213162,True
8,0.0,1.8,plus,37,cost,96,1.3772048665927628e-05,0.9999917252974709,True
8,0.0,1.8,plus,37,cost,128,1.644086240926157e-06,0.9999990833995613,True
8,0.0,1.8,plus,37,cost,128,1.644086240926157e-06,0.9999990833995613,True
8,0.8,1.9,plus,11,cost,0,0.15922879257753153,0.8799303124786789,False
8,0.8,1.9,plus,11,cost,16,0.05124108845779629,0.9404419138067595,False
8,0.8,1.9,plus,11,cost,32,0.006954400642556369,0.9943488500012225,False
8,0.8,1.9,plus,11,cost,96,7.240096115257444e-05,0.9999600881633289,True
8,0.8,1.9,plus,11,cost,128,3.431569545542246e-05,0.999981330977438,True
8,0.8,1.9,plus,11,cost,128,3.431569545542246e-05,0.999981330977438,True
8,0.45,0.6,plus,11,cost,0,0.26320812212654,0.590703511565214,False
8,0.45,0.6,plus,11,cost,16,0.020139130558373908,0.9217215265540245,False
8,0.45,0.6,plus,11,cost,32,0.0109185469839157,0.9416782885047316,False
8,0.45,0.6,plus,11,cost,64,0.0020615082809927188,0.9937700536748867,False
8,0.45,0.6,plus,11,cost,96,0.0003596645582711888,0.9993669286602719,True
8,0.45,0.6,plus,11,cost,128,0.0001998718605971117,0.9996614627364218,True
8,0.45,0.6,plus,11,cost,128,0.0001998718605971117,0.9996614627364218,True
8,0.175,1.75,plus,11,fixed,0,0.13018475832866017,0.8720793569937892,False
8,0.175,1.75,plus,11,fixed,16,0.004246688637611351,0.9948691399353801,False
8,0.3,0.4,ghz,11,fixed,7,0.06465907181181973,0.7120144585039689,False
8,0.3,0.4,ghz,11,fixed,23,0.008517740423240938,0.8887911448399965,False
8,0.525,0.55,plus,11,fixed,0,0.2775269602368696,0.5731529075562487,False
8,0.525,0.55,plus,11,fixed,16,0.028991157859971417,0.8965967443512345,False
8,0.8,0.4,plus,23,cost,0,0.4564908659982555,0.148165412310859,False
8,0.8,0.4,plus,23,cost,16,0.12692430310439273,0.299955872915093,False
8,0.8,0.4,plus,23,cost,32,0.005526088066617474,0.6289704650099264,False
8,0.8,0.4,plus,23,cost,128,0.00037857619657843955,0.9982697218484314,True
8,0.8,0.4,plus,23,cost,128,0.00037857619657843955,0.9982697218484314,True
8,0.525,1.75,plus,11,fixed,0,0.13504145859965577,0.8899419395208646,False
8,0.525,1.75,plus,11,fixed,16,0.011458813279328517,0.9848523377512101,False
8,0.45,0.9,antiphase,11,cost,6,0.6574687025885719,0.02457069149589672,False
8,0.45,0.9,antiphase,11,cost,16,0.446581682226035,0.13788049296362337,False
8,0.45,0.9,antiphase,11,cost,32,0.04905368530300347,0.8882084156319625,False
8,0.45,0.9,antiphase,11,cost,64,0.0015665148440437981,0.9969954988899287,False
8,0.45,0.9,antiphase,11,cost,96,0.00017178647160731586,0.99980738358081,True
8,0.45,0.9,antiphase,11,cost,128,5.395687839504504e-05,0.9999444810649888,True
8,0.45,0.9,antiphase,11,cost,128,5.395687839504504e-05,0.9999444810649888,True
8,0.4,1.4,plus,11,cost,0,0.1519471033561448,0.8477888640167887,False
8,0.4,1.4,plus,11,cost,16,0.007357789945095616,0.9878847699248706,False
8,0.4,1.4,plus,11,cost,32,0.0023696553194110237,0.9959451639333052,False
8,0.4,1.4,plus,11,cost,64,9.286556524035205e-05,0.9999221076337687,True
8,0.4,1.4,plus,11,cost,96,1.1863066671669031e-05,0.9999918081105652,True
8,0.4,1.4,plus,11,cost,128,3.5236618978196077e-06,0.9999977261167915,True
8,0.4,1.4,plus,11,cost,128,3.5236618978196077e-06,0.9999977261167915,True
8,0.1,1.3,antiphase,11,cost,6,1.3803705022744055,0.0071213168156353725,False
8,0.1,1.3,antiphase,11,cost,16,0.5010647343782102,0.36868643571422877,False
8,0.1,1.3,antiphase,11,cost,32,0.22246711894793525,0.5321406556300241,False
8,0.1,1.3,antiphase,11,cost,64,0.0009395113093266794,0.9981387389562925,False
8,0.1,1.3,antiphase,11,cost,96,1.1784142333493008e-05,0.9999903397057921,True
8,0.1,1.3,antiphase,11,cost,128,1.025785868025153e-06,0.9999992407517093,True
8,0.1,1.3,antiphase,11,cost,128,1.025785868025153e-06,0.9999992407517093,True
8,0.475,0.15,antiphase,11,cost,6,0.0961354819813206,0.0009029849807859759,False
8,0.475,0.15,antiphase,11,cost,16,0.08868590862536552,0.0016184873167783683,False
8,0.475,0.15,antiphase,11,cost,32,0.08384192241492355,0.003211879899531211,False
8,0.475,0.15,antiphase,11,cost,64,0.0070099667094360996,0.879074091619328,False
8,0.475,0.15,antiphase,11,cost,96,0.0035476668116113386,0.9448281546140839,False
8,0.475,0.15,antiphase,11,cost,128,0.0018139022824233964,0.9752154868289401,False
8,0.475,0.15,antiphase,11,cost,128,0.0018139022824233964,0.9752154868289401,False
8,0.25,1.7,antiphase,11,cost,6,1.5805770610790182,0.015684688175967302,False
8,0.25,1.7,antiphase,11,cost,16,0.5352545729685596,0.41544214302523147,False
8,0.25,1.7,antiphase,11,cost,32,0.3364189608573891,0.4747944497531439,False
8,0.25,1.7,antiphase,11,cost,64,8.351698034236854e-05,0.9998822109480141,True
8,0.25,1.7,antiphase,11,cost,96,1.9394458512511648e-06,0.9999989002618183,True
8,0.25,1.7,antiphase,11,cost,128,5.819221420289011e-07,0.9999996709646337,True
8,0.25,1.7,antiphase,11,cost,128,5.819221420289011e-07,0.9999996709646337,True
8,0.4,1.5,plus,11,cost,0,0.1443286840457516,0.8621453064997772,False
8,0.4,1.5,plus,11,cost,16,0.006216781299913654,0.9904415082955935,False
8,0.4,1.5,plus,11,cost,32,0.002368183556109349,0.9963572304149804,False
8,0.4,1.5,plus,11,cost,64,0.00031013450369332674,0.9995612776150691,True
8,0.4,1.5,plus,11,cost,128,3.6878457951861066e-06,0.9999976861220976,True
8,0.4,1.5,plus,11,cost,128,3.6878457951861066e-06,0.9999976861220976,True
8,0.35,0.2,antiphase,11,cost,6,0.3159579754255819,4.490409502036125e-06,False
8,0.35,0.2,antiphase,11,cost,16,0.2976776344124422,5.9402114241563744e-05,False
8,0.35,0.2,antiphase,11,cost,32,0.21582527481342695,0.0030721415101840174,False
8,0.35,0.2,antiphase,11,cost,128,1.8753853687769606e-06,0.9999944042359385,True
8,0.35,0.2,antiphase,11,cost,128,1.8753853687769606e-06,0.9999944042359385,True
8,0.825,0.85,ghz,11,fixed,7,0.9604187034614851,0.0017760580391941476,False
8,0.825,0.85,ghz,11,fixed,23,0.10044862410652433,0.39555964049025005,False
8,0.975,0.55,ghz,11,fixed,7,1.0381985860163292,2.4150711273122927e-05,False
8,0.975,0.55,ghz,11,fixed,23,0.011965542657355499,0.4942707646062167,False
8,0.7,1.7,ghz,11,cost,7,1.5568328022469375,0.008206511672197565,False
8,0.7,1.7,ghz,11,cost,15,0.9040642997540527,0.08552711699081755,False
8,0.7,1.7,ghz,11,cost,31,0.03826568786471496,0.9543261164348362,False
8,0.7,1.7,ghz,11,cost,63,0.0007299985750386373,0.9994848987152538,True
8,0.7,1.7,ghz,11,cost,127,4.822561792727775e-05,0.999969895510946,True
8,0.7,1.7,ghz,11,cost,127,4.822561792727775e-05,0.999969895510946,True
8,0.8,0.2,antiphase,37,cost,6,0.01286602517526636,0.966146344283311,False
8,0.8,0.2,antiphase,37,cost,16,0.0051188391877334816,0.9863076595677102,False
8,0.8,0.2,antiphase,37,cost,32,7.780648615463015e-05,0.9997405644705412,True
8,0.8,0.2,antiphase,37,cost,64,3.9626497910671965e-05,0.9998668618165043,True
8,0.8,0.2,antiphase,37,cost,106,4.860645098636596e-06,0.9999817141029435,True
8,0.45,0.15,plus,11,fixed,0,0.4217268040301613,0.2479639860297743,False
8,0.45,0.15,plus,11,fixed,16,0.04648383437875325,0.43801955475691984,False
8,1.0,2.0,ghz,11,cost,7,2.1912088837887214,0.003920232786605039,False
8,1.0,2.0,ghz,11,cost,15,0.9396943662117674,0.1164485471805903,False
8,1.0,2.0,ghz,11,cost,31,0.07753227989367906,0.9321914474516088,False
8,1.0,2.0,ghz,11,cost,63,0.000776545278215135,0.9994503966200029,True
8,1.0,2.0,ghz,11,cost,95,0.0002659806614437876,0.9998586307580997,True
8,1.0,2.0,ghz,11,cost,127,0.00017164256620771923,0.9999050738207113,True
8,1.0,2.0,ghz,11,cost,127,0.00017164256620771923,0.9999050738207113,True
8,0.05,1.2,plus,11,cost,0,0.20788249751587706,0.6637742773887931,False
8,0.05,1.2,plus,11,cost,16,0.022912488095164996,0.9317647017267864,False
8,0.05,1.2,plus,11,cost,32,0.007687310925453161,0.9740102270115188,False
8,0.05,1.2,plus,11,cost,64,0.0008744461708012352,0.9988452423216694,False
8,0.05,1.2,plus,11,cost,96,7.461217831128408e-05,0.9999328124378853,True
8,0.05,1.2,plus,11,cost,128,4.551076798531284e-06,0.9999963994753578,True
8,0.05,1.2,plus,11,cost,128,4.551076798531284e-06,0.9999963994753578,True
8,0.3,1.2,antiphase,23,cost,6,1.0710134982110622,0.01475669103723503,False
8,0.3,1.2,antiphase,23,cost,16,0.672064064622002,0.1695992230892739,False
8,0.3,1.2,antiphase,23,cost,32,0.2619695057559579,0.4316418493960789,False
8,0.3,1.2,antiphase,23,cost,64,0.0004955127397281434,0.9987844493694452,False
8,0.3,1.2,antiphase,23,cost,96,9.290986539900459e-06,0.9999925028404806,True
8,0.3,1.2,antiphase,23,cost,128,2.9540733181843137e-06,0.9999975847058664,True
8,0.3,1.2,antiphase,23,cost,128,2.9540733181843137e-06,0.9999975847058664,True
12,0.8,1.8,antiphase,11,cost,10,1.1678554685149092,0.007597583097136476,False
12,0.8,1.8,antiphase,11,cost,32,0.35916026160221143,0.3561798277688354,False
12,0.8,1.8,antiphase,11,cost,64,0.021926168385549616,0.9586097839131524,False
12,0.8,1.8,antiphase,11,cost,96,0.0024254173199684814,0.9961943201873248,False
12,0.8,1.8,antiphase,11,cost,128,0.001128320640251405,0.9985089288854777,False
12,0.8,1.8,antiphase,11,cost,128,0.001128320640251405,0.9985089288854777,False
8,0.475,1.25,antiphase,11,fixed,6,0.9429261750413741,0.029686587511788227,False
8,0.475,1.25,antiphase,11,fixed,22,0.9429261750413741,0.029686587511788227,False
8,0.1,0.8,plus,11,cost,0,0.30078525536087175,0.34981856142355583,False
8,0.1,0.8,plus,11,cost,16,0.05345607374107386,0.725020753546049,False
8,0.1,0.8,plus,11,cost,32,0.017278511129657392,0.9263428553460646,False
8,0.1,0.8,plus,11,cost,64,0.0005920371053598217,0.9992194932862162,True
8,0.1,0.8,plus,11,cost,96,7.827883614730524e-05,0.9998956319367528,True
8,0.1,0.8,plus,11,cost,128,1.5556631036695023e-06,0.9999979428360178,True
8,0.1,0.8,plus,11,cost,128,1.5556631036695023e-06,0.9999979428360178,True
8,0.0,1.8,plus,37,fixed,0,0.14217167596568547,0.8415226516860692,False
8,0.0,1.8,plus,37,fixed,16,0.01778201675761726,0.9735346185251974,False
12,0.8,1.0,plus,11,cost,0,0.25590668622350776,0.5748160082570769,False
12,0.8,1.0,plus,11,cost,32,0.05051867797403927,0.8359044815536233,False
12,0.8,1.0,plus,11,cost,64,0.01531138522570045,0.9488311706872109,False
12,0.8,1.0,plus,11,cost,96,0.007197630693327313,0.9766523106780125,False
12,0.8,1.0,plus,11,cost,128,0.003173869150812377,0.9915804973949552,False
12,0.8,1.0,plus,11,cost,128,0.003173869150812377,0.9915804973949552,False
8,0.6,0.45,ghz,11,cost,7,0.3612066967831061,0.003996071497900536,False
8,0.6,0.45,ghz,11,cost,15,0.3017160916266547,0.015923196410944678,False
8,0.6,0.45,ghz,11,cost,31,0.06746546235683859,0.4354899585016459,False
8,0.6,0.45,ghz,11,cost,63,0.009139511709708947,0.9574386237701348,False
8,0.6,0.45,ghz,11,cost,95,0.0032036885215206423,0.9897369694547105,False
8,0.6,0.45,ghz,11,cost,127,0.0016180217785696227,0.9925756966880589,False
8,0.6,0.45,ghz,11,cost,127,0.0016180217785696227,0.9925756966880589,False
8,0.15,0.3,plus,11,cost,0,0.5768452416032572,0.03438710091055901,False
8,0.15,0.3,plus,11,cost,16,0.16475786690149552,0.44403996968230075,False
8,0.15,0.3,plus,11,cost,96,4.239090444224658e-07,0.9999991274298454,True
8,0.15,0.3,plus,11,cost,120,8.25140277216363e-08,0.9999998952688193,True
8,0.7,1.5,ghz,11,cost,7,1.3712854327634705,0.007761286825339701,False
8,0.7,1.5,ghz,11,cost,15,0.6650028240041981,0.1256966969670834,False
8,0.7,1.5,ghz,11,cost,31,0.05398686232937999,0.9275563224608749,False
8,0.7,1.5,ghz,11,cost,63,0.0018173386440052397,0.9978687584872277,False
8,0.7,1.5,ghz,11,cost,95,0.0003886083847475241,0.9997117894893089,True
8,0.7,1.5,ghz,11,cost,127,0.00012862155620485538,0.999910242015251,True
8,0.7,1.5,ghz,11,cost,127,0.00012862155620485538,0.999910242015251,True
8,0.525,1.25,plus,11,cost,0,0.17139064295293083,0.8262210483570329,False
8,0.525,1.25,plus,11,cost,16,0.01915612645495357,0.9653230734201417,False
8,0.525,1.25,plus,11,cost,32,0.005976685514536895,0.990443986716803,False
8,0.525,1.25,plus,11,cost,64,0.00034358569301651265,0.999641223666989,True
8,0.525,1.25,plus,11,cost,96,0.0001156511157411888,0.9999074250522502,True
8,0.525,1.25,plus,11,cost,128,3.5084782404881665e-05,0.9999720682095817,True
8,0.525,1.25,plus,11,cost,128,3.5084782404881665e-05,0.9999720682095817,True
8,0.675,0.35,ghz,11,cost,7,0.4058511286721352,0.00025372571396092884,False
8,0.675,0.35,ghz,11,cost,15,0.16033224502340482,0.023699814174443508,False
8,0.675,0.35,ghz,11,cost,31,0.08087300075628989,0.08051961752092301,False
8,0.675,0.35,ghz,11,cost,63,0.007536835074236858,0.5009533510156725,False
8,0.675,0.35,ghz,11,cost,95,0.004164249146527688,0.9441285607141335,False
8,0.675,0.35,ghz,11,cost,127,0.0019311116424698405,0.979943356552867,False
8,0.675,0.35,ghz,11,cost,127,0.0019311116424698405,0.979943356552867,False
8,0.975,0.15,ghz,11,cost,7,0.9558266821859965,6.918808269765436e-10,False
8,0.975,0.15,ghz,11,cost,15,0.45940703869576427,4.13877954469411e-06,False
8,0.975,0.15,ghz,11,cost,31,6.275833429769673e-05,0.5000095614725728,False
8,0.975,0.15,ghz,11,cost,63,4.741294645671523e-05,0.5000688309748075,False
8,0.975,0.15,ghz,11,cost,95,4.290246459293101e-05,0.5001363914143487,False
8,0.975,0.15,ghz,11,cost,111,4.279947751117952e-05,0.5001378539311437,False
12,0.3,1.5,antiphase,11,cost,10,1.343588766168705,0.001115617847698587,False
12,0.3,1.5,antiphase,11,cost,32,0.5690818251603496,0.18764416771102455,False
12,0.3,1.5,antiphase,11,cost,64,0.3613436499603215,0.24915885891517733,False
12,0.3,1.5,antiphase,11,cost,96,0.3363563312101663,0.25187274090098766,False
12,0.3,1.5,antiphase,11,cost,128,0.00032043332011048403,0.9993862847512522,True
12,0.3,1.5,antiphase,11,cost,128,0.00032043332011048403,0.9993862847512522,True
8,0.45,0.6,antiphase,11,cost,6,0.4132081221265395,0.016809992164314,False
8,0.45,0.6,antiphase,11,cost,16,0.26383889550351014,0.14491482793216653,False
8,0.45,0.6,antiphase,11,cost,32,0.039577295175873495,0.8624897461848279,False
8,0.45,0.6,antiphase,11,cost,64,0.0037987298963539917,0.983550616717484,False
8,0.45,0.6,antiphase,11,cost,96,0.0004326084960994958,0.9992793273761879,True
8,0.45,0.6,antiphase,11,cost,128,0.00015525281065187357,0.9997512026058494,True
8,0.45,0.6,antiphase,11,cost,128,0.00015525281065187357,0.9997512026058494,True
8,0.9,1.1,antiphase,11,cost,6,0.46520419871140983,0.19339448733983,False
8,0.9,1.1,antiphase,11,cost,16,0.2199515887098351,0.5245564578277839,False
8,0.9,1.1,antiphase,11,cost,32,0.03799236056592781,0.9240852819625606,False
8,0.9,1.1,antiphase,11,cost,64,0.004930213963733943,0.9915898233938936,False
8,0.9,1.1,antiphase,11,cost,128,0.0004480220591132067,0.9995971152908362,True
8,0.9,1.1,antiphase,11,cost,128,0.0004480220591132067,0.9995971152908362,True
8,0.0,0.9,antiphase,23,fixed,6,1.221660957251998,0.0007585407967815044,False
8,0.0,0.9,antiphase,23,fixed,22,1.221660957251998,0.0006636964528444842,False
8,0.05,1.8,antiphase,11,cost,6,1.8863492385298908,0.009582373236667286,False
8,0.05,1.8,antiphase,11,cost,16,0.5855684921317255,0.42876092148518874,False
8,0.05,1.8,antiphase,11,cost,32,0.33272265636661325,0.5160955489233123,False
8,0.05,1.8,antiphase,11,cost,64,0.0003179356380080822,0.9995551987609255,True
8,0.05,1.8,antiphase,11,cost,96,9.611738104098322e-06,0.9999944148554725,True
8,0.05,1.8,antiphase,11,cost,128,7.752245230197019e-07,0.9999995630460592,True
8,0.05,1.8,antiphase,11,cost,128,7.752245230197019e-07,0.9999995630460592,True
8,0.5,0.15,plus,11,cost,0,0.42108108440839953,0.23835876833969474,False
8,0.5,0.15,plus,11,cost,16,0.038808163073915325,0.4661041380530413,False
8,0.5,0.15,plus,11,cost,32,0.02421645152881935,0.6337501563827607,False
8,0.5,0.15,plus,11,cost,64,0.008877075773564447,0.7000614259277457,False
8,0.5,0.15,plus,11,cost,96,0.003326476994522487,0.9551024148010848,False
8,0.5,0.15,plus,11,cost,128,0.001499170835800534,0.9843909682507346,False
8,0.5,0.15,plus,11,cost,128,0.001499170835800534,0.9843909682507346,False
8,0.55,0.15,ghz,23,cost,7,0.12174241968599653,0.0005756623987300661,False
8,0.55,0.15,ghz,23,cost,15,0.11550082346004698,0.0010505534886429463,False
8,0.55,0.15,ghz,23,cost,31,0.014620744372878303,0.4806513844221825,False
8,0.55,0.15,ghz,23,cost,63,0.00946377806212828,0.6412550522590209,False
8,0.55,0.15,ghz,23,cost,95,0.0054217625329817665,0.8933255692555538,False
8,0.55,0.15,ghz,23,cost,127,0.0024332462684211187,0.9424710185780096,False
8,0.55,0.15,ghz,23,cost,127,0.0024332462684211187,0.9424710185780096,False
8,0.175,1.25,antiphase,11,cost,6,1.250439365541907,0.0092236757744983,False
8,0.175,1.25,antiphase,11,cost,16,0.4609848146841983,0.3500377908331986,False
8,0.175,1.25,antiphase,11,cost,32,0.023957064799694283,0.9592389065994416,False
8,0.175,1.25,antiphase,11,cost,96,1.6303725054456208e-06,0.9999986324982982,True
8,0.175,1.25,antiphase,11,cost,126,4.426290001191546e-09,0.9999999966064248,True
8,0.95,1.1,plus,11,cost,0,0.2848387259113778,0.6576578497923127,False
8,0.95,1.1,plus,11,cost,16,0.10634090748388147,0.7774653713973121,False
8,0.95,1.1,plus,11,cost,32,0.01918932528630224,0.9580835079564487,False
8,0.95,1.1,plus,11,cost,64,0.0038086905729999287,0.9947887599846968,False
8,0.95,1.1,plus,11,cost,96,0.0014098879847417312,0.9983103911042405,False
8,0.95,1.1,plus,11,cost,128,0.0009645672832243601,0.9988571362941171,True
8,0.95,1.1,plus,11,cost,128,0.0009645672832243601,0.9988571362941171,True
12,0.8,0.4,antiphase,11,cost,10,0.05299517159099576,0.775771955935926,False
12,0.8,0.4,antiphase,11,cost,32,0.00853854990554718,0.9426902417900207,False
12,0.8,0.4,antiphase,11,cost,64,0.002254133829829197,0.9769803955729476,False
12,0.8,0.4,antiphase,11,cost,96,0.0016363006222414416,0.9825890913697194,False
12,0.8,0.4,antiphase,11,cost,128,0.0011652476600853372,0.9865345978968658,False
12,0.8,0.4,antiphase,11,cost,128,0.0011652476600853372,0.9865345978968658,False
8,0.0,0.8,ghz,11,cost,7,0.17065055705465038,0.6443172457569579,False
8,0.0,0.8,ghz,11,cost,15,0.09293280244295454,0.772496129504872,False
8,0.0,0.8,ghz,11,cost,31,0.01291547628742129,0.9531149431708219,False
8,0.0,0.8,ghz,11,cost,121,9.25219900693719e-11,0.9999999999120524,True
8,0.15,0.1,ghz,11,cost,7,0.0029455112015502882,0.9930576484072636,False
8,0.15,0.1,ghz,11,cost,15,0.0014755022311963018,0.9965126073594498,False
8,0.15,0.1,ghz,11,cost,31,3.2973014654213983e-06,0.9999904820056361,True
8,0.15,0.1,ghz,11,cost,63,1.1659687648712946e-07,0.9999996890012117,True
8,0.15,0.1,ghz,11,cost,79,9.085838070799213e-08,0.9999997316269094,True
8,0.3,1.2,plus,37,cost,0,0.17101349821106382,0.7970358254836657,False
8,0.3,1.2,plus,37,cost,16,0.0045035085134441655,0.9927820339006419,False
8,0.3,1.2,plus,37,cost,32,0.0008632190714032983,0.997931185411477,False
8,0.3,1.2,plus,37,cost,64,6.19222726971902e-05,0.9999297716915688,True
8,0.3,1.2,plus,37,cost,128,2.5734709796498834e-06,0.9999979289300472,True
8,0.3,1.2,plus,37,cost,128,2.5734709796498834e-06,0.9999979289300472,True
8,0.8,0.8,antiphase,11,fixed,6,0.2865110832348605,0.2505289620486456,False
8,0.8,0.8,antiphase,11,fixed,22,0.2865110832348605,0.2505289620486456,False
12,0.8,0.7,antiphase,11,cost,10,0.2197753540951141,0.06722293465035983,False
12,0.8,0.7,antiphase,11,cost,32,0.08911409990611041,0.1923323387597599,False
12,0.8,0.7,antiphase,11,cost,64,0.04452139311160197,0.5870476205496321,False
12,0.8,0.7,antiphase,11,cost,96,0.024337274096207857,0.8448208619371371,False
12,0.8,0.7,antiphase,11,cost,128,0.012236700493016173,0.9042813377637645,False
12,0.8,0.7,antiphase,11,cost,128,0.012236700493016173,0.9042813377637645,False
8,0.85,0.7,antiphase,11,cost,6,0.19074033012519276,0.4444880076694673,False
8,0.85,0.7,antiphase,11,cost,16,0.09542729437449449,0.6663500730895815,False
8,0.85,0.7,antiphase,11,cost,32,0.018183434928104925,0.9191129520251036,False
8,0.85,0.7,antiphase,11,cost,64,0.006239009372966509,0.9790577889251898,False
8,0.85,0.7,antiphase,11,cost,96,0.003421586650869335,0.9905895930446703,False
8,0.85,0.7,antiphase,11,cost,128,0.0015389039488551415,0.9969964031206768,False
8,0.85,0.7,antiphase,11,cost,128,0.0015389039488551415,0.9969964031206768,False
8,0.55,0.15,antiphase,37,fixed,6,0.02174241968599655,0.06324481814481525,False
8,0.55,0.15,antiphase,37,fixed,22,0.02174241968599655,0.06324481814481522,False
8,0.7,0.6,antiphase,11,cost,6,0.1966475750220995,0.23586644253707265,False
8,0.7,0.6,antiphase,11,cost,16,0.11108821381048983,0.41892265965750847,False
8,0.7,0.6,antiphase,11,cost,32,0.03942557178371198,0.7174809712575533,False
8,0.7,0.6,antiphase,11,cost,64,0.010937795774049963,0.9604967820294817,False
8,0.7,0.6,antiphase,11,cost,96,0.00433703432259358,0.9895429872487426,False
8,0.7,0.6,antiphase,11,cost,128,0.0016796520256997516,0.9970101655798775,False
8,0.7,0.6,antiphase,11,cost,128,0.0016796520256997516,0.9970101655798775,False
8,0.85,1.8,plus,11,cost,0,0.1747730819011064,0.8619631595660399,False
8,0.85,1.8,plus,11,cost,16,0.05956924248565043,0.9312498344760979,False
8,0.85,1.8,plus,11,cost,32,0.006872723434117489,0.9935302287959259,False
8,0.85,1.8,plus,11,cost,64,0.0004589745638634568,0.9997133806902465,True
8,0.85,1.8,plus,11,cost,128,4.869597954471061e-05,0.999974245755181,True
8,0.85,1.8,plus,11,cost,128,4.869597954471061e-05,0.999974245755181,True
12,0.0,0.3,ghz,11,cost,11,0.022629522066643187,0.933061774183438,False
12,0.0,0.3,ghz,11,cost,31,0.003981431096431898,0.9877828707327861,False
12,0.0,0.3,ghz,11,cost,127,6.2177031971977215e-06,0.9999798965583833,True
12,0.0,0.3,ghz,11,cost,127,6.2177031971977215e-06,0.9999798965583833,True
12,0.0,1.3,antiphase,11,cost,10,1.501354799889798,0.00015357846535519475,False
12,0.0,1.3,antiphase,11,cost,32,0.49299453500655294,0.16506379850461017,False
12,0.0,1.3,antiphase,11,cost,64,0.1323925096856886,0.38670860421488057,False
12,0.0,1.3,antiphase,11,cost,96,0.11827010937835603,0.3931910376712212,False
12,0.0,1.3,antiphase,11,cost,128,0.0018912897213265722,0.9923057428789571,False
12,0.0,1.3,antiphase,11,cost,128,0.0018912897213265722,0.9923057428789571,False
12,0.8,2.0,antiphase,11,cost,10,1.3547491105050729,0.006444325759530159,False
12,0.8,2.0,antiphase,11,cost,32,0.602908644817675,0.1912278085329734,False
12,0.8,2.0,antiphase,11,cost,64,0.02225563406023312,0.9627160520798835,False
12,0.8,2.0,antiphase,11,cost,96,0.0019106508734785994,0.9974750547571972,False
12,0.8,2.0,antiphase,11,cost,128,0.0006248991232894833,0.9992587521942787,True
12,0.8,2.0,antiphase,11,cost,128,0.0006248991232894833,0.9992587521942787,True
8,0.525,0.35,antiphase,11,cost,6,0.16234675404006416,0.019610113512143226,False
8,0.525,0.35,antiphase,11,cost,16,0.12464536396345793,0.04303168565711479,False
8,0.525,0.35,antiphase,11,cost,32,0.09421493723781205,0.12206642473353108,False
8,0.525,0.35,antiphase,11,cost,64,0.009021780507427302,0.9486510496232347,False
8,0.525,0.35,antiphase,11,cost,96,0.003245468429692644,0.9880892463696853,False
8,0.525,0.35,antiphase,11,cost,128,0.0013648074422656364,0.9952095914831953,False
8,0.525,0.35,antiphase,11,cost,128,0.0013648074422656364,0.9952095914831953,False
8,0.05,1.5,plus,11,cost,0,0.16409413113710025,0.7906312862899487,False
8,0.05,1.5,plus,11,cost,16,0.013667708104457166,0.9737933060560588,False
8,0.05,1.5,plus,11,cost,32,0.0023439298707037537,0.9947711541740563,False
8,0.05,1.5,plus,11,cost,64,5.0664054570104256e-05,0.9999566026069803,True
8,0.05,1.5,plus,11,cost,96,1.900506776841837e-05,0.9999860930429115,True
8,0.05,1.5,plus,11,cost,128,1.4637793426253154e-06,0.999998996952937,True
8,0.05,1.5,plus,11,cost,128,1.4637793426253154e-06,0.999998996952937,True
8,0.8,0.4,antiphase,11,fixed,6,0.056490865998255035,0.8255540500485854,False
8,0.8,0.4,antiphase,11,fixed,22,0.056490865998255035,0.8255540500485856,False
8,0.85,0.1,plus,11,cost,0,0.7529592104028795,0.025232140011491433,False
8,0.85,0.1,plus,11,cost,32,1.6851442420362517e-05,0.500003972257554,False
8,0.85,0.1,plus,11,cost,64,1.3457653260662283e-05,0.500035243682537,False
8,0.85,0.1,plus,11,cost,84,1.2792810946571365e-05,0.5000465612269882,False
8,0.0,0.9,ghz,11,cost,7,0.2216609572519983,0.534477467885496,False
8,0.0,0.9,ghz,11,cost,15,0.12402133834822382,0.6800410907279172,False
8,0.0,0.9,ghz,11,cost,31,0.0164174668565642,0.9352202077985582,False
8,0.0,0.9,ghz,11,cost,63,0.00049368422973739,0.9993367591933708,True
8,0.0,0.9,ghz,11,cost,107,4.2826231450021623e-10,0.9999999995292641,True
12,0.0,0.7,plus,11,cost,0,0.42697390860003787,0.03981228783553885,False
12,0.0,0.7,plus,11,cost,32,0.1127096587350304,0.30957358456846196,False
12,0.0,0.7,plus,11,cost,64,0.0050050815529081305,0.9803310225145356,False
12,0.0,0.7,plus,11,cost,128,0.0005851668204354491,0.9974574596095434,True
12,0.0,0.7,plus,11,cost,128,0.0005851668204354491,0.9974574596095434,True
8,0.45,1.9,plus,11,cost,0,0.12236783769761495,0.9034894380088458,False
8,0.45,1.9,plus,11,cost,16,0.0087840887255215,0.9895254893379162,False
8,0.45,1.9,plus,11,cost,32,0.0020938430102650507,0.9977798556584433,False
8,0.45,1.9,plus,11,cost,64,6.28244871649919e-05,0.9999653275311213,True
8,0.45,1.9,plus,11,cost,96,4.539309051754259e-06,0.9999976638144559,True
8,0.45,1.9,plus,11,cost,128,1.6591646136987492e-06,0.9999991628511498,True
8,0.45,1.9,plus,11,cost,128,1.6591646136987492e-06,0.9999991628511498,True
8,0.4,0.25,ghz,11,cost,7,0.034210599970940336,0.49966330225509115,False
8,0.4,0.25,ghz,11,cost,15,0.021257269646371424,0.5399682042524085,False
8,0.4,0.25,ghz,11,cost,31,0.00765936209707363,0.6094218464335891,False
8,0.4,0.25,ghz,11,cost,63,0.00495420955051451,0.8010000533462934,False
8,0.4,0.25,ghz,11,cost,95,0.00018349862488897806,0.9974447761819039,False
8,0.4,0.25,ghz,11,cost,127,5.054667668247248e-05,0.999397606262755,False
8,0.4,0.25,ghz,11,cost,127,5.054667668247248e-05,0.999397606262755,False
8,0.025,0.15,ghz,11,cost,7,0.005778512630616239,0.988150486448446,False
8,0.025,0.15,ghz,11,cost,15,0.0028960274525402507,0.9940385062337324,False
8,0.025,0.15,ghz,11,cost,31,7.137898124343067e-06,0.9999846104238868,True
8,0.025,0.15,ghz,11,cost,63,3.5021054867190315e-07,0.9999992308588506,True
8,0.025,0.15,ghz,11,cost,69,3.4651280955699804e-07,0.9999992386230959,True
12,0.0,0.2,antiphase,11,cost,10,1.0100252540409633,1.250749857738666e-13,False
12,0.0,0.2,antiphase,11,cost,32,0.4992866564233141,1.7648852555521658e-06,False
12,0.0,0.2,antiphase,11,cost,64,0.29232343336780947,0.00020314080478107325,False
12,0.0,0.2,antiphase,11,cost,96,0.2863562598542246,5.219521970765764e-05,False
12,0.0,0.2,antiphase,11,cost,128,0.28413926469805517,1.1943333739308525e-05,False
12,0.0,0.2,antiphase,11,cost,128,0.28413926469805517,1.1943333739308525e-05,False
8,0.475,0.55,antiphase,11,cost,6,0.3507017496456527,0.01885656503664871,False
8,0.475,0.55,antiphase,11,cost,16,0.23646014953327632,0.11890857028941015,False
8,0.475,0.55,antiphase,11,cost,32,0.04214808289876837,0.8252893533012607,False
8,0.475,0.55,antiphase,11,cost,64,0.005202758938204877,0.9756655947634205,False
8,0.475,0.55,antiphase,11,cost,96,0.0006388895252130711,0.9986836080607421,True
8,0.475,0.55,antiphase,11,cost,128,0.00023256571814922467,0.9995376807628608,True
8,0.475,0.55,antiphase,11,cost,128,0.00023256571814922467,0.9995376807628608,True
8,0.6,0.5,antiphase,11,cost,6,0.19730776930313942,0.08616993263296202,False
8,0.6,0.5,antiphase,11,cost,16,0.1282955790578657,0.18345943582522597,False
8,0.6,0.5,antiphase,11,cost,32,0.0689142751970947,0.4310643523839697,False
8,0.6,0.5,antiphase,11,cost,64,0.00753182746161829,0.9771175974409839,False
8,0.6,0.5,antiphase,11,cost,96,0.0027320973232056733,0.9900658791323437,False
8,0.6,0.5,antiphase,11,cost,128,0.001383240102210248,0.9964698470665665,False
8,0.6,0.5,antiphase,11,cost,128,0.001383240102210248,0.9964698470665665,False
8,0.2,0.1,ghz,11,cost,7,0.0031314889278177827,0.9921440685002931,False
8,0.2,0.1,ghz,11,cost,15,0.0015696566391159017,0.9960476004993745,False
8,0.2,0.1,ghz,11,cost,31,4.9461281019791414e-06,0.9999833297190848,True
8,0.2,0.1,ghz,11,cost,63,2.0830386060488593e-07,0.9999993721477032,True
8,0.2,0.1,ghz,11,cost,79,1.5551559751081356e-07,0.9999994584311576,True
12,0.0,1.0,ghz,11,cost,11,0.2768829292567319,0.26997719797394915,False
12,0.0,1.0,ghz,11,cost,31,0.07118241545515813,0.6238043498442467,False
12,0.0,1.0,ghz,11,cost,63,0.020216971224024178,0.8306682426420275,False
12,0.0,1.0,ghz,11,cost,127,0.0036311868993051575,0.9872387732831208,False
12,0.0,1.0,ghz,11,cost,127,0.0036311868993051575,0.9872387732831208,False
8,0.85,0.9,plus,11,cost,0,0.2847169471592642,0.6313190912707987,False
8,0.85,0.9,plus,11,cost,16,0.0873644458254752,0.773051413602816,False
8,0.85,0.9,plus,11,cost,32,0.012288033536032472,0.9676640626478297,False
8,0.85,0.9,plus,11,cost,96,0.0020059056211834125,0.9972197697981452,False
8,0.85,0.9,plus,11,cost,128,0.0012046310482030087,0.9986693433074973,False
8,0.85,0.9,plus,11,cost,128,0.0012046310482030087,0.9986693433074973,False
8,0.75,1.6,plus,11,cost,0,0.17159674483556664,0.8556548835893916,False
8,0.75,1.6,plus,11,cost,16,0.05101794019605421,0.9301426549821065,False
8,0.75,1.6,plus,11,cost,32,0.008445242662984409,0.9918456426732857,False
8,0.75,1.6,plus,11,cost,64,0.0004444667742342645,0.9996859585882036,True
8,0.75,1.6,plus,11,cost,96,0.00018811454047718001,0.9998711201317204,True
8,0.75,1.6,plus,11,cost,128,8.510636231751079e-05,0.9999445024807742,True
8,0.75,1.6,plus,11,cost,128,8.510636231751079e-05,0.9999445024807742,True
8,0.3,2.0,ghz,11,cost,7,1.4134973343775519,0.025322391916215044,False
8,0.3,2.0,ghz,11,cost,15,0.8197106391253008,0.1654156748911422,False
8,0.3,2.0,ghz,11,cost,31,0.02664594801340403,0.9748767497113617,False
8,0.3,2.0,ghz,11,cost,63,6.55809240863725e-05,0.9999554165721596,True
8,0.3,2.0,ghz,11,cost,127,2.9445600713273734e-07,0.9999998584725626,True
8,0.3,2.0,ghz,11,cost,127,2.9445600713273734e-07,0.9999998584725626,True
8,0.05,1.8,ghz,11,cost,7,0.9863492385298911,0.0645099593731724,False
8,0.05,1.8,ghz,11,cost,15,0.6011555693455275,0.20909815857019481,False
8,0.05,1.8,ghz,11,cost,31,0.03425609531791074,0.9603279129905073,False
8,0.05,1.8,ghz,11,cost,63,4.041400532805994e-05,0.999966228394947,True
8,0.05,1.8,ghz,11,cost,95,5.6249204671843245e-06,0.9999967307707026,True
8,0.05,1.8,ghz,11,cost,127,1.1576254594913848e-06,0.9999993521254954,True
8,0.05,1.8,ghz,11,cost,127,1.1576254594913848e-06,0.9999993521254954,True
8,0.9,0.8,ghz,11,cost,7,1.0362099158315534,0.0007059570277477893,False
8,0.9,0.8,ghz,11,cost,15,0.4501364032294388,0.036301633285701504,False
8,0.9,0.8,ghz,11,cost,31,0.06006432764985892,0.4552696787827692,False
8,0.9,0.8,ghz,11,cost,63,0.00850710102138219,0.9844101281181461,False
8,0.9,0.8,ghz,11,cost,95,0.003330916171755849,0.9930231527313789,False
8,0.9,0.8,ghz,11,cost,127,0.0015020695002949669,0.9975962182112779,False
8,0.9,0.8,ghz,11,cost,127,0.0015020695002949669,0.9975962182112779,False
8,0.825,0.85,plus,11,cost,0,0.2854187034614859,0.6238655695756237,False
8,0.825,0.85,plus,11,cost,16,0.08366142671766941,0.7706919882766861,False
8,0.825,0.85,plus,11,cost,32,0.012538720347322396,0.9647685069078797,False
8,0.825,0.85,plus,11,cost,96,0.002281040803890022,0.9966347837230513,False
8,0.825,0.85,plus,11,cost,128,0.0013631861937783984,0.9983981705918444,False
8,0.825,0.85,plus,11,cost,128,0.0013631861937783984,0.9983981705918444,False
8,0.2,0.6,plus,11,cost,0,0.32743464258479227,0.26659559052898146,False
8,0.2,0.6,plus,11,cost,16,0.05786274442576855,0.6234006808846045,False
8,0.2,0.6,plus,11,cost,32,0.024085558682058084,0.7941431547529503,False
8,0.2,0.6,plus,11,cost,128,7.097010297552053e-06,0.9999883492066138,True
8,0.2,0.6,plus,11,cost,128,7.097010297552053e-06,0.9999883492066138,True
8,0.75,1.8,plus,11,cost,0,0.1576549988927305,0.8772433175432872,False
8,0.75,1.8,plus,11,cost,16,0.04730610177210948,0.9426568762324197,False
8,0.75,1.8,plus,11,cost,32,0.006859890662682444,0.9940054484411027,False
8,0.75,1.8,plus,11,cost,64,0.00023310915014596034,0.999853321592754,True
8,0.75,1.8,plus,11,cost,128,2.6802908417833393e-05,0.9999854386269883,True
8,0.75,1.8,plus,11,cost,128,2.6802908417833393e-05,0.9999854386269883,True
8,0.8,0.8,plus,23,gradient,0,0.28651108323486185,0.6160227628886743,False
8,0.8,0.8,plus,23,gradient,16,0.08097514560093666,0.7540073911903438,False
8,0.8,0.8,plus,23,gradient,32,0.022052729535723348,0.9170595545551646,False
8,0.8,0.8,plus,23,gradient,64,0.008283317227526066,0.9823902594826629,False
8,0.8,0.8,plus,23,gradient,128,0.0017250378755913065,0.9975872351518074,False
8,0.8,0.8,plus,23,gradient,128,0.0017250378755913065,0.9975872351518074,False
12,0.8,1.9,plus,11,cost,0,0.16102802808276154,0.8175693004413601,False
12,0.8,1.9,plus,11,cost,32,0.035599470173742986,0.937391886333323,False
12,0.8,1.9,plus,11,cost,64,0.004047251178680729,0.993463758941882,False
12,0.8,1.9,plus,11,cost,96,0.0011824548256183693,0.9983087023882743,False
12,0.8,1.9,plus,11,cost,128,0.0004078996733663705,0.9994608849702836,True
12,0.8,1.9,plus,11,cost,128,0.0004078996733663705,0.9994608849702836,True
8,0.475,0.55,plus,11,cost,0,0.2757017496456531,0.5622310492877789,False
8,0.475,0.55,plus,11,cost,16,0.02414672598022971,0.8995139681302956,False
8,0.475,0.55,plus,11,cost,32,0.014430411167665191,0.92221904282339,False
8,0.475,0.55,plus,11,cost,64,0.003043894523887425,0.9897084786812637,False
8,0.475,0.55,plus,11,cost,128,0.00021586912612336917,0.9995945954505633,True
8,0.475,0.55,plus,11,cost,128,0.00021586912612336917,0.9995945954505633,True
8,1.0,0.6,ghz,11,cost,7,1.103690655963347,3.471367444771388e-05,False
8,1.0,0.6,ghz,11,cost,15,0.479212736618863,0.006748641687104131,False
8,1.0,0.6,ghz,11,cost,63,0.011245249451321104,0.51664565118107,False
8,1.0,0.6,ghz,11,cost,95,0.00960354306634148,0.5406511964316166,False
8,1.0,0.6,ghz,11,cost,127,0.0004951940821749101,0.9988699762827455,True
8,1.0,0.6,ghz,11,cost,127,0.0004951940821749101,0.9988699762827455,True
8,0.75,1.0,ghz,11,cost,7,0.9842444533262602,0.00422417474853868,False
8,0.75,1.0,ghz,11,cost,15,0.590405508136203,0.03956794448166009,False
8,0.75,1.0,ghz,11,cost,31,0.1727012327272115,0.3866715573217404,False
8,0.75,1.0,ghz,11,cost,63,0.0035756278830409993,0.9954300108158401,False
8,0.75,1.0,ghz,11,cost,95,0.0012614703017770346,0.9984952163392498,False
8,0.75,1.0,ghz,11,cost,127,0.0004412866333665111,0.9995315045828886,True
8,0.75,1.0,ghz,11,cost,127,0.0004412866333665111,0.9995315045828886,True
8,0.4,1.1,antiphase,11,cost,6,0.8806486097628868,0.021230662664539535,False
8,0.4,1.1,antiphase,11,cost,16,0.5714996194073777,0.16327372736607557,False
8,0.4,1.1,antiphase,11,cost,32,0.24732703055473282,0.4137998199869628,False
8,0.4,1.1,antiphase,11,cost,64,0.000923146740437808,0.998310975950066,False
8,0.4,1.1,antiphase,11,cost,96,5.419081378388313e-05,0.9999543534569538,True
8,0.4,1.1,antiphase,11,cost,128,1.6004582310769067e-05,0.9999868786718241,True
8,0.4,1.1,antiphase,11,cost,128,1.6004582310769067e-05,0.9999868786718241,True
8,0.0,0.2,plus,11,gradient,0,0.8100253198889197,0.017434082290676986,False
8,0.0,0.2,plus,11,gradient,16,0.24784712071102866,0.49828551460591813,False
8,0.0,0.2,plus,11,gradient,86,2.352682715311971e-09,0.9999999970677815,True
8,0.3,1.1,plus,11,cost,0,0.18263549279178948,0.7704689693310196,False
8,0.3,1.1,plus,11,cost,16,0.0060348876461118195,0.989639688088343,False
8,0.3,1.1,plus,11,cost,32,0.0009098287215638656,0.9973997117168177,False
8,0.3,1.1,plus,11,cost,64,8.336528231067675e-05,0.9998993764914283,True
8,0.3,1.1,plus,11,cost,128,5.041342992839759e-06,0.9999955206968557,True
8,0.3,1.1,plus,11,cost,128,5.041342992839759e-06,0.9999955206968557,True
12,0.0,1.5,antiphase,11,cost,10,1.672052057087096,0.0002506371569004018,False
12,0.0,1.5,antiphase,11,cost,32,0.6806245490352346,0.12105262479283663,False
12,0.0,1.5,antiphase,11,cost,96,0.30909341485064373,0.2652204924913209,False
12,0.0,1.5,antiphase,11,cost,128,0.2975189800913996,0.26177724552487985,False
12,0.0,1.5,antiphase,11,cost,128,0.2975189800913996,0.26177724552487985,False
8,0.475,0.35,plus,11,cost,0,0.33667329258933837,0.4034696504168636,False
8,0.475,0.35,plus,11,cost,16,0.02873306869915171,0.7796678414312045,False
8,0.475,0.35,plus,11,cost,32,0.017338770089546873,0.8446136292503076,False
8,0.475,0.35,plus,11,cost,64,0.005362620696670151,0.9734944084654659,False
8,0.475,0.35,plus,11,cost,128,0.0004445264651876668,0.99871432019639,True
8,0.475,0.35,plus,11,cost,128,0.0004445264651876668,0.99871432019639,True
8,0.0,0.9,plus,11,fixed,0,0.3216609572519995,0.3126943576453465,False
8,0.0,0.9,plus,11,fixed,16,0.11770073191604169,0.5459201261971437,False
8,0.2,1.7,antiphase,11,cost,6,1.6323320133573966,0.013696150756222297,False
8,0.2,1.7,antiphase,11,cost,16,0.5442455832350173,0.41637639360441964,False
8,0.2,1.7,antiphase,11,cost,32,0.32930209445859693,0.4844860468468751,False
8,0.2,1.7,antiphase,11,cost,64,2.7514792290350698e-05,0.9999573416321713,True
8,0.2,1.7,antiphase,11,cost,96,1.5710072032160127e-06,0.9999990051539737,True
8,0.2,1.7,antiphase,11,cost,128,1.7869760116084876e-07,0.9999998966788433,True
8,0.2,1.7,antiphase,11,cost,128,1.7869760116084876e-07,0.9999998966788433,True
8,0.475,0.35,antiphase,11,cost,6,0.21167329258933798,0.008306136675405753,False
8,0.475,0.35,antiphase,11,cost,16,0.16961840438546283,0.026653187452002913,False
8,0.475,0.35,antiphase,11,cost,32,0.13248121308481786,0.1421842211685162,False
8,0.475,0.35,antiphase,11,cost,64,0.0072043799844652145,0.9369638804056195,False
8,0.475,0.35,antiphase,11,cost,96,0.001978650018380712,0.9930218148380066,False
8,0.475,0.35,antiphase,11,cost,128,0.0006753754093862252,0.9981483997884141,True
8,0.475,0.35,antiphase,11,cost,128,0.0006753754093862252,0.9981483997884141,True
8,1.0,1.5,ghz,11,cost,7,1.7399722265440183,0.0025366905595985683,False
8,1.0,1.5,ghz,11,cost,15,0.8730635669482689,0.056866299938117454,False
8,1.0,1.5,ghz,11,cost,31,0.23340505916568222,0.45940198148337386,False
8,1.0,1.5,ghz,11,cost,95,0.0006102798610003735,0.9995295295685931,True
8,1.0,1.5,ghz,11,cost,127,0.0003285794638465678,0.9997653231013756,True
8,1.0,1.5,ghz,11,cost,127,0.0003285794638465678,0.9997653231013756,True
8,1.0,1.7,antiphase,11,cost,6,0.9175010616211965,0.1118222413731096,False
8,1.0,1.7,antiphase,11,cost,16,0.36721089505007476,0.502979594203762,False
8,1.0,1.7,antiphase,11,cost,32,0.04004367213150162,0.9556485332614424,False
8,1.0,1.7,antiphase,11,cost,128,0.0001684259461223192,0.999889514942021,True
8,1.0,1.7,antiphase,11,cost,128,0.0001684259461223192,0.999889514942021,True
8,0.5,0.6,antiphase,11,cost,6,0.36434319739172216,0.026533405194371633,False
8,0.5,0.6,antiphase,11,cost,16,0.26654002564630375,0.08436732553853736,False
8,0.5,0.6,antiphase,11,cost,32,0.05385853196881818,0.8051967052765427,False
8,0.5,0.6,antiphase,11,cost,64,0.004522765534914042,0.9845791375394954,False
8,0.5,0.6,antiphase,11,cost,96,0.0008122457824866203,0.998673102798062,True
8,0.5,0.6,antiphase,11,cost,128,0.0002766968271403769,0.9995771334846526,True
8,0.5,0.6,antiphase,11,cost,128,0.0002766968271403769,0.9995771334846526,True
8,0.825,0.15,plus,11,gradient,0,0.6819203126954497,0.033135575059120945,False
8,0.825,0.15,plus,11,gradient,32,9.509013609088068e-05,0.5000177678932969,False
8,0.825,0.15,plus,11,gradient,64,7.54570336445326e-05,0.5002111494155541,False
8,0.825,0.15,plus,11,gradient,96,7.131874215571266e-05,0.50027965431995,False
8,0.825,0.15,plus,11,gradient,126,7.123512848217217e-05,0.5002813245485999,False
8,0.975,0.85,ghz,11,fixed,7,1.1895215515102668,0.0004596855162958406,False
8,0.975,0.85,ghz,11,fixed,23,0.060532293721626385,0.4571925072487213,False
8,0.3,0.5,antiphase,11,fixed,6,0.5131492927909107,0.001845464296981564,False
8,0.3,0.5,antiphase,11,fixed,22,0.5131492927909107,0.001845464296981564,False
8,0.15,0.5,ghz,11,cost,7,0.07712091664905785,0.8028911771499052,False
8,0.15,0.5,ghz,11,cost,15,0.04096509867406206,0.8831157800391382,False
8,0.15,0.5,ghz,11,cost,31,0.0033997887139866068,0.9823042986160859,False
8,0.15,0.5,ghz,11,cost,63,0.001903314235947584,0.9893664718488534,False
8,0.15,0.5,ghz,11,cost,95,0.00010803492175393004,0.9997418432904582,True
8,0.15,0.5,ghz,11,cost,127,5.5871239225124825e-06,0.9999912010292181,True
8,0.15,0.5,ghz,11,cost,127,5.5871239225124825e-06,0.9999912010292181,True
8,0.675,0.55,plus,11,fixed,0,0.3014234607226476,0.5662427872590996,False
8,0.675,0.55,plus,11,fixed,16,0.055919039452121844,0.7897133608519362,False
8,0.55,0.15,antiphase,37,cost,6,0.02174241968599655,0.06324481814481525,False
8,0.55,0.15,antiphase,37,cost,16,0.015313810250855209,0.06940545670945622,False
8,0.55,0.15,antiphase,37,cost,64,0.010935932940502546,0.09544420899496076,False
8,0.55,0.15,antiphase,37,cost,128,0.010505839044739451,0.15105815448953472,False
8,0.55,0.15,antiphase,37,cost,128,0.010505839044739451,0.15105815448953472,False
8,0.0,0.2,antiphase,23,fixed,6,1.0100253198889193,5.0019913954562725e-09,False
8,0.0,0.2,antiphase,23,fixed,22,1.0100253198889193,7.321069646167901e-09,False
8,0.8,0.6,plus,23,fixed,0,0.3475761295690428,0.4098035720244742,False
8,0.8,0.6,plus,23,fixed,16,0.1130311251125351,0.5021880008010743,False
8,0.85,1.4,ghz,11,cost,7,1.4597633279227802,0.004120021634612432,False
8,0.85,1.4,ghz,11,cost,15,0.8516928077596049,0.04796646167307236,False
8,0.85,1.4,ghz,11,cost,31,0.06594569622679902,0.8987272579754367,False
8,0.85,1.4,ghz,11,cost,63,0.0009241209527008909,0.9992752086882818,True
8,0.85,1.4,ghz,11,cost,95,0.00041998318546698776,0.9996680452184965,True
8,0.85,1.4,ghz,11,cost,127,0.00014714849683250542,0.9998941114351532,True
8,0.85,1.4,ghz,11,cost,127,0.00014714849683250542,0.9998941114351532,True
8,0.15,1.6,antiphase,11,cost,6,1.5928629754639716,0.011307511066636458,False
8,0.15,1.6,antiphase,11,cost,16,0.5212964654948449,0.4011253674368481,False
8,0.15,1.6,antiphase,11,cost,32,0.019345541575741088,0.9738324633673056,False
8,0.15,1.6,antiphase,11,cost,64,4.799346410511163e-06,0.9999955660228371,True
8,0.15,1.6,antiphase,11,cost,128,6.68760962163617e-08,0.9999999590486728,True
8,0.15,1.6,antiphase,11,cost,128,6.68760962163617e-08,0.9999999590486728,True
8,0.25,2.0,antiphase,11,cost,6,1.863664213637903,0.016713769921356307,False
8,0.25,2.0,antiphase,11,cost,16,0.5760080728150858,0.4525051208620503,False
8,0.25,2.0,antiphase,11,cost,32,0.012124975797971338,0.9873388594556312,False
8,0.25,2.0,antiphase,11,cost,64,1.3584548024692111e-05,0.9999917787836181,True
8,0.25,2.0,antiphase,11,cost,126,1.5724728941179933e-07,0.9999999268632105,True
8,0.8,0.4,ghz,37,cost,7,0.6564908659982547,2.967040635574974e-05,False
8,0.8,0.4,ghz,37,cost,15,0.3188552390366136,0.005298423576942611,False
8,0.8,0.4,ghz,37,cost,31,0.006460905402364103,0.49472605176098255,False
8,0.8,0.4,ghz,37,cost,127,0.0011701183617920385,0.9880348228846493,False
8,0.8,0.4,ghz,37,cost,127,0.0011701183617920385,0.9880348228846493,False
8,0.8,1.1,ghz,11,cost,7,1.1332469404531342,0.0036794669168614593,False
8,0.8,1.1,ghz,11,cost,15,0.5847219140102375,0.08569950612573755,False
8,0.8,1.1,ghz,11,cost,31,0.07894435207251305,0.8427343632506576,False
8,0.8,1.1,ghz,11,cost,95,0.0013614631261904542,0.9984630042985433,False
8,0.8,1.1,ghz,11,cost,127,0.0005887059874705169,0.999405975570951,True
8,0.8,1.1,ghz,11,cost,127,0.0005887059874705169,0.999405975570951,True
8,0.55,1.3,plus,11,cost,0,0.1690677019265474,0.8342859886578637,False
8,0.55,1.3,plus,11,cost,16,0.022002125149983343,0.9620203615979029,False
8,0.55,1.3,plus,11,cost,32,0.0062312778961770565,0.9909108114488877,False
8,0.55,1.3,plus,11,cost,64,0.0005008005263527071,0.9995382671353793,True
8,0.55,1.3,plus,11,cost,96,3.8245347643295347e-05,0.9999717428211725,True
8,0.55,1.3,plus,11,cost,128,1.555223674087891e-05,0.9999886647949165,True
8,0.55,1.3,plus,11,cost,128,1.555223674087891e-05,0.9999886647949165,True
8,0.825,1.25,ghz,11,cost,7,1.2954638602691564,0.003934755407100253,False
8,0.825,1.25,ghz,11,cost,15,0.4226672352750733,0.15389451170589696,False
8,0.825,1.25,ghz,11,cost,31,0.07868101069131139,0.8646402916080672,False
8,0.825,1.25,ghz,11,cost,63,0.0029470747886057858,0.9972769918412864,False
8,0.825,1.25,ghz,11,cost,95,0.0011001777521562062,0.9989101937053849,False
8,0.825,1.25,ghz,11,cost,127,0.0003284323128696087,0.9997120333160275,True
8,0.825,1.25,ghz,11,cost,127,0.0003284323128696087,0.9997120333160275,True
8,0.05,1.3,ghz,11,cost,7,0.5406198548430832,0.1496344684525511,False
8,0.05,1.3,ghz,11,cost,15,0.3354962812770248,0.286247621108714,False
8,0.05,1.3,ghz,11,cost,31,0.04220737460039037,0.9397329377915493,False
8,0.05,1.3,ghz,11,cost,63,0.0003483826165486814,0.9996262470581352,True
8,0.05,1.3,ghz,11,cost,95,2.3481642287270788e-05,0.9999811547933048,True
8,0.05,1.3,ghz,11,cost,127,1.100668094222712e-06,0.9999992238621416,True
8,0.05,1.3,ghz,11,cost,127,1.100668094222712e-06,0.9999992238621416,True
8,0.0,1.1,plus,11,fixed,0,0.2494084590468375,0.5240703132648579,False
8,0.0,1.1,plus,11,fixed,16,0.06984560278986751,0.765187988750275,False
8,0.25,0.3,ghz,11,cost,7,0.030946417637040313,0.9107400886199233,False
8,0.25,0.3,ghz,11,cost,15,0.016009081747069276,0.9509047281081263,False
8,0.25,0.3,ghz,11,cost,31,0.0007989860099151258,0.9953668102538505,True
8,0.25,0.3,ghz,11,cost,63,0.00027965989936684643,0.9981975688578942,True
8,0.25,0.3,ghz,11,cost,95,6.816952329913306e-05,0.9996822418454959,True
8,0.25,0.3,ghz,11,cost,127,1.3938901896826117e-05,0.9999626178030423,True
8,0.25,0.3,ghz,11,cost,127,1.3938901896826117e-05,0.9999626178030423,True
8,0.2,0.8,ghz,11,cost,7,0.25214426918470545,0.26057736872458703,False
8,0.2,0.8,ghz,11,cost,15,0.15671190349102782,0.3810047724562743,False
8,0.2,0.8,ghz,11,cost,31,0.05534416522635244,0.6200852460535108,False
8,0.2,0.8,ghz,11,cost,63,0.001397380898750189,0.9971826937800204,False
8,0.2,0.8,ghz,11,cost,95,4.0741542264299824e-05,0.9999265148076172,True
8,0.2,0.8,ghz,11,cost,127,3.6580760665039236e-06,0.9999954895091039,True
8,0.2,0.8,ghz,11,cost,127,3.6580760665039236e-06,0.9999954895091039,True
8,0.8,0.5,plus,11,cost,0,0.39494708173145954,0.2646472959279824,False
8,0.8,0.5,plus,11,cost,16,0.13950933528041431,0.33330879460492735,False
8,0.8,0.5,plus,11,cost,32,0.021965174849705837,0.9301926854672082,False
8,0.8,0.5,plus,11,cost,64,0.003227902537823679,0.9818940384009607,False
8,0.8,0.5,plus,11,cost,96,0.001436620375082076,0.9939700410435319,False
8,0.8,0.5,plus,11,cost,128,0.0004342263879024699,0.9989785330809652,True
8,0.8,0.5,plus,11,cost,128,0.0004342263879024699,0.9989785330809652,True
8,0.6,0.6,ghz,11,cost,7,0.47296433427079904,0.006360804878460043,False
8,0.6,0.6,ghz,11,cost,15,0.23785560090486035,0.1007628492355925,False
8,0.6,0.6,ghz,11,cost,31,0.059614798619877396,0.7217681364240888,False
8,0.6,0.6,ghz,11,cost,63,0.006733806850346746,0.9838644073315211,False
8,0.6,0.6,ghz,11,cost,95,0.0011678963060554048,0.9976084627379833,False
8,0.6,0.6,ghz,11,cost,127,0.0005480832832275295,0.9988688667054559,True
8,0.6,0.6,ghz,11,cost,127,0.0005480832832275295,0.9988688667054559,True
8,1.0,1.1,antiphase,11,cost,6,0.40698905850369727,0.2756561338432716,False
8,1.0,1.1,antiphase,11,cost,16,0.19125304821991373,0.6096740392490237,False
8,1.0,1.1,antiphase,11,cost,32,0.03003806768494499,0.9384754580253385,False
8,1.0,1.1,antiphase,11,cost,64,0.00412751387281296,0.9935972246291866,False
8,1.0,1.1,antiphase,11,cost,96,0.0018156656766610269,0.9978177878163332,False
8,1.0,1.1,antiphase,11,cost,128,0.0007921786988780433,0.9990847283377966,True
8,1.0,1.1,antiphase,11,cost,128,0.0007921786988780433,0.9990847283377966,True
8,0.4,0.6,antiphase,11,cost,6,0.4641573336378695,0.010934611525698242,False
8,0.4,0.6,antiphase,11,cost,16,0.29295503086413166,0.13995806193127416,False
8,0.4,0.6,antiphase,11,cost,32,0.0433106703345002,0.8578321676245978,False
8,0.4,0.6,antiphase,11,cost,64,0.002216315055690088,0.989867752702201,False
8,0.4,0.6,antiphase,11,cost,96,0.0003824133143784936,0.9992876530830973,True
8,0.4,0.6,antiphase,11,cost,128,0.00011217031130261734,0.9997974578019813,True
8,0.4,0.6,antiphase,11,cost,128,0.00011217031130261734,0.9997974578019813,True
8,1.0,0.7,plus,11,cost,0,0.44739675988746164,0.27729646764603755,False
8,1.0,0.7,plus,11,cost,16,0.18700697235515484,0.438764098441198,False
8,1.0,0.7,plus,11,cost,32,0.006818043114029448,0.980528830830258,False
8,1.0,0.7,plus,11,cost,64,0.0018729136213071484,0.9953571296844247,False
8,1.0,0.7,plus,11,cost,96,0.0011245344449577477,0.9971474372506287,False
8,1.0,0.7,plus,11,cost,128,0.0008081959049153209,0.9981862240263746,True
8,1.0,0.7,plus,11,cost,128,0.0008081959049153209,0.9981862240263746,True
8,0.3,1.2,plus,37,gradient,0,0.17101349821106382,0.7970358254836657,False
8,0.3,1.2,plus,37,gradient,16,0.0045035085134441655,0.9927820339006419,False
8,0.3,1.2,plus,37,gradient,32,0.0012311698780254066,0.9973773206087423,False
8,0.3,1.2,plus,37,gradient,64,0.00021750960588118318,0.999620006167102,True
8,0.3,1.2,plus,37,gradient,96,4.1018143377202776e-05,0.9999575024686914,True
8,0.3,1.2,plus,37,gradient,128,1.0589381203685022e-05,0.9999908926184954,True
8,0.3,1.2,plus,37,gradient,128,1.0589381203685022e-05,0.9999908926184954,True
8,0.8,1.1,antiphase,11,cost,6,0.5332469404531346,0.12792803899002578,False
8,0.8,1.1,antiphase,11,cost,16,0.2490125271685557,0.4591557187119194,False
8,0.8,1.1,antiphase,11,cost,32,0.05047236877307015,0.8976154308169314,False
8,0.8,1.1,antiphase,11,cost,128,0.0005306123783850314,0.9994500258455348,True
8,0.8,1.1,antiphase,11,cost,128,0.0005306123783850314,0.9994500258455348,True
8,0.2,1.8,antiphase,11,cost,6,1.7258466911977286,0.014182090707262236,False
8,0.2,1.8,antiphase,11,cost,16,0.5634724886159659,0.4247369579385573,False
8,0.2,1.8,antiphase,11,cost,32,0.35349767234352547,0.4842088680377223,False
8,0.2,1.8,antiphase,11,cost,64,2.9151909674451915e-05,0.9999611247951432,True
8,0.2,1.8,antiphase,11,cost,96,1.4277313853394702e-06,0.9999991379509884,True
8,0.2,1.8,antiphase,11,cost,118,3.1041448322888243e-07,0.9999998341911558,True
8,1.0,1.9,antiphase,11,cost,6,1.0991856829684132,0.09275302733613511,False
8,1.0,1.9,antiphase,11,cost,16,0.6682772581823722,0.309555859097666,False
8,1.0,1.9,antiphase,11,cost,32,0.048813191068684425,0.9505718850857128,False
8,1.0,1.9,antiphase,11,cost,128,0.00010641807950584337,0.9999380428690552,True
8,1.0,1.9,antiphase,11,cost,128,0.00010641807950584337,0.9999380428690552,True
8,0.7,0.9,antiphase,11,cost,6,0.43715643068468335,0.10759081208373975,False
8,0.7,0.9,antiphase,11,cost,16,0.22048497009544032,0.4119527857408646,False
8,0.7,0.9,antiphase,11,cost,32,0.030266034708268608,0.927077202613698,False
8,0.7,0.9,antiphase,11,cost,64,0.007017161206280376,0.9873022600589015,False
8,0.7,0.9,antiphase,11,cost,96,0.0016171352848934895,0.9979155775109904,False
8,0.7,0.9,antiphase,11,cost,128,0.0008392541189259362,0.9989910398646575,True
8,0.7,0.9,antiphase,11,cost,128,0.0008392541189259362,0.9989910398646575,True
8,0.975,1.25,antiphase,11,fixed,6,0.5424691779887693,0.19074592679448815,False
8,0.975,1.25,antiphase,11,fixed,22,0.5424691779887693,0.19074592679448815,False
8,0.5,0.9,ghz,11,cost,7,0.6097829903926381,0.017821516056817248,False
8,0.5,0.9,ghz,11,cost,15,0.43467935736071917,0.0715751060100475,False
8,0.5,0.9,ghz,11,cost,31,0.04513678221551021,0.9021225347386286,False
8,0.5,0.9,ghz,11,cost,63,0.0015417541081237385,0.997501967488951,False
8,0.5,0.9,ghz,11,cost,95,0.0001670767174581922,0.99982038254296,True
8,0.5,0.9,ghz,11,cost,127,7.406580195401524e-05,0.999928578106927,True
8,0.5,0.9,ghz,11,cost,127,7.406580195401524e-05,0.999928578106927,True
8,0.0,0.9,plus,11,gradient,0,0.3216609572519995,0.3126943576453465,False
8,0.0,0.9,plus,11,gradient,16,0.08118490751004481,0.6601766733229227,False
8,0.0,0.9,plus,11,gradient,32,0.04547453936259527,0.8163527929925551,False
8,0.0,0.9,plus,11,gradient,64,0.001567542484774087,0.9979867349299149,False
8,0.0,0.9,plus,11,gradient,96,0.00025654727842505665,0.9997204226052138,True
8,0.0,0.9,plus,11,gradient,108,3.932965064734617e-11,0.9999999999557756,True
8,0.6,2.0,plus,11,cost,0,0.12831998012600598,0.9062817117748525,False
8,0.6,2.0,plus,11,cost,16,0.023809239475805377,0.973992495269,False
8,0.6,2.0,plus,11,cost,32,0.003581444840995651,0.9968579578767635,False
8,0.6,2.0,plus,11,cost,64,0.0002649823504601301,0.9998290923498757,True
8,0.6,2.0,plus,11,cost,96,2.2968519838073576e-05,0.9999885950655684,True
8,0.6,2.0,plus,11,cost,128,1.1762383890889794e-05,0.999994112674374,True
8,0.6,2.0,plus,11,cost,128,1.1762383890889794e-05,0.999994112674374,True
8,0.45,0.7,antiphase,11,cost,6,0.4915629260681273,0.02024651095091839,False
8,0.45,0.7,antiphase,11,cost,16,0.283956645918249,0.19605152342172122,False
8,0.45,0.7,antiphase,11,cost,32,0.038146730487060854,0.8824705020836566,False
8,0.45,0.7,antiphase,11,cost,64,0.0032764280214362396,0.9907194520517135,False
8,0.45,0.7,antiphase,11,cost,96,0.0004358407038098644,0.9993479955053296,True
8,0.45,0.7,antiphase,11,cost,128,0.0001495139413376645,0.9997901472404723,True
8,0.45,0.7,antiphase,11,cost,128,0.0001495139413376645,0.9997901472404723,True
8,0.55,0.15,plus,23,fixed,0,0.4217424196859966,0.2660809996518718,False
8,0.55,0.15,plus,23,fixed,16,0.04744979100562974,0.3874115342899693,False
8,0.025,1.75,plus,11,gradient,0,0.14321036370641727,0.8395817807044554,False
8,0.025,1.75,plus,11,gradient,16,0.010594922655498884,0.9837122522499078,False
8,0.025,1.75,plus,11,gradient,32,0.0018906246393797232,0.9966276506435273,False
8,0.025,1.75,plus,11,gradient,64,0.0012276608769448139,0.9977393104201066,False
8,0.025,1.75,plus,11,gradient,96,1.3209008109527076e-06,0.9999992091913104,True
8,0.025,1.75,plus,11,gradient,128,1.523116035517802e-07,0.9999999163517219,True
8,0.025,1.75,plus,11,gradient,128,1.523116035517802e-07,0.9999999163517219,True
8,0.2,1.1,plus,11,cost,0,0.1923059137874381,0.7316256638429955,False
8,0.2,1.1,plus,11,cost,16,0.007300327369156534,0.9840292737184949,False
8,0.2,1.1,plus,11,cost,32,0.0005373041372083165,0.9987253242530326,False
8,0.2,1.1,plus,11,cost,64,3.50886105102699e-05,0.9999388866801593,True
8,0.2,1.1,plus,11,cost,96,5.93664601922228e-07,0.9999994800961459,True
8,0.2,1.1,plus,11,cost,128,9.731722894201766e-08,0.9999999232141398,True
8,0.2,1.1,plus,11,cost,128,9.731722894201766e-08,0.9999999232141398,True
8,0.5,0.15,plus,11,gradient,0,0.42108108440839953,0.23835876833969474,False
8,0.5,0.15,plus,11,gradient,16,0.038808163073915325,0.4661041380530413,False
8,0.5,0.15,plus,11,gradient,32,0.028651630357415248,0.6731639044166999,False
8,0.5,0.15,plus,11,gradient,64,0.018859604941191432,0.7091576241066748,False
8,0.5,0.15,plus,11,gradient,96,0.005235616190686687,0.9041868148106714,False
8,0.5,0.15,plus,11,gradient,128,0.0016471453955974047,0.9848652382346101,False
8,0.5,0.15,plus,11,gradient,128,0.0016471453955974047,0.9848652382346101,False
8,0.35,1.4,plus,11,cost,0,0.151249237823889,0.8439934717583412,False
8,0.35,1.4,plus,11,cost,16,0.004367222792400538,0.9930827186065695,False
8,0.35,1.4,plus,11,cost,32,0.0017011526708374802,0.9968330490076293,False
8,0.35,1.4,plus,11,cost,64,3.8702510887667074e-05,0.9999650896759142,True
8,0.35,1.4,plus,11,cost,96,8.067704316827573e-06,0.9999946031850776,True
8,0.35,1.4,plus,11,cost,128,3.542445577764397e-06,0.9999976274298088,True
8,0.35,1.4,plus,11,cost,128,3.542445577764397e-06,0.9999976274298088,True
8,0.65,0.8,plus,11,cost,0,0.24280023616715474,0.7038737934885272,False
8,0.65,0.8,plus,11,cost,16,0.043347178109767404,0.8868445381619801,False
8,0.65,0.8,plus,11,cost,32,0.01890395376772025,0.9640046483427369,False
8,0.65,0.8,plus,11,cost,96,0.0005837618105897224,0.9992465216930352,True
8,0.65,0.8,plus,11,cost,128,0.0002658956082948194,0.9996827324910426,True
8,0.65,0.8,plus,11,cost,128,0.0002658956082948194,0.9996827324910426,True
8,0.475,0.55,ghz,11,fixed,7,0.30070174964565255,0.0203236156649562,False
8,0.475,0.55,ghz,11,fixed,23,0.1625432311610624,0.14753824092058507,False
8,0.35,0.8,plus,11,cost,0,0.22488742170548703,0.674446740741625,False
8,0.35,0.8,plus,11,cost,16,0.011027376166785174,0.9726545441159961,False
8,0.35,0.8,plus,11,cost,32,0.002411000713142819,0.9892982984117012,False
8,0.35,0.8,plus,11,cost,64,0.0003703019051166656,0.9992050361316712,True
8,0.35,0.8,plus,11,cost,96,6.892191707397188e-05,0.9999121414195743,True
8,0.35,0.8,plus,11,cost,128,1.4056218766711481e-05,0.9999832096596454,True
8,0.35,0.8,plus,11,cost,128,1.4056218766711481e-05,0.9999832096596454,True
8,0.6,0.3,antiphase,11,cost,6,0.06240276420323254,0.21714373141898044,False
8,0.6,0.3,antiphase,11,cost,16,0.03848599820902321,0.2722297493154315,False
8,0.6,0.3,antiphase,11,cost,64,0.01859111285426529,0.457531002434122,False
8,0.6,0.3,antiphase,11,cost,96,0.015080301285209319,0.6872686026925009,False
8,0.6,0.3,antiphase,11,cost,128,0.004307099787859481,0.969288303423028,False
8,0.6,0.3,antiphase,11,cost,128,0.004307099787859481,0.969288303423028,False
8,0.3,1.2,plus,23,cost,0,0.17101349821106382,0.7970358254836657,False
8,0.3,1.2,plus,23,cost,16,0.0045035085134443875,0.9927820338982293,False
8,0.3,1.2,plus,23,cost,32,0.0008632190720134769,0.9979311851841858,False
8,0.3,1.2,plus,23,cost,64,6.192234652702133e-05,0.9999297997926652,True
8,0.3,1.2,plus,23,cost,96,7.08214920552841e-06,0.9999941170666139,True
8,0.3,1.2,plus,23,cost,128,2.7882108366572567e-06,0.9999977164846532,True
8,0.3,1.2,plus,23,cost,128,2.7882108366572567e-06,0.9999977164846532,True
8,0.4,1.3,antiphase,11,cost,6,1.0604280024339814,0.022589310545698744,False
8,0.4,1.3,antiphase,11,cost,16,0.42076772300367793,0.36626150460611606,False
8,0.4,1.3,antiphase,11,cost,32,0.2643628732121168,0.4360737650502242,False
8,0.4,1.3,antiphase,11,cost,64,0.000544460243097955,0.9991643725728938,True
8,0.4,1.3,antiphase,11,cost,128,4.902183111887837e-06,0.9999964302088165,True
8,0.4,1.3,antiphase,11,cost,128,4.902183111887837e-06,0.9999964302088165,True
8,0.4,0.4,antiphase,11,cost,6,0.3219308840753391,0.004341717349896512,False
8,0.4,0.4,antiphase,11,cost,16,0.26567129185447824,0.019139982222963564,False
8,0.4,0.4,antiphase,11,cost,32,0.06187348811946303,0.7163878237621752,False
8,0.4,0.4,antiphase,11,cost,64,0.003254950036858162,0.9614468512785327,False
8,0.4,0.4,antiphase,11,cost,96,0.0011684259354780568,0.9941331888585071,False
8,0.4,0.4,antiphase,11,cost,128,0.00020579360039207906,0.9993950802279288,True
8,0.4,0.4,antiphase,11,cost,128,0.00020579360039207906,0.9993950802279288,True
8,0.15,1.5,ghz,11,cost,7,0.8015166826207047,0.0652033317804701,False
8,0.15,1.5,ghz,11,cost,15,0.510536886509203,0.1798174314496377,False
8,0.15,1.5,ghz,11,cost,31,0.03515247495882723,0.95358447838606,False
8,0.15,1.5,ghz,11,cost,95,2.233342313306963e-07,0.9999998462241827,True
8,0.15,1.5,ghz,11,cost,103,1.5499588479350734e-07,0.9999998937217943,True
8,0.15,2.0,plus,11,cost,0,0.11642943596159294,0.8962202689785546,False
8,0.15,2.0,plus,11,cost,16,0.0024666508740378568,0.9973858479117726,False
8,0.15,2.0,plus,11,cost,32,4.155342342349044e-05,0.9999556816645053,True
8,0.15,2.0,plus,11,cost,90,9.993072147551629e-08,0.9999999468853733,True
8,0.25,0.9,plus,11,cost,0,0.2176933558375731,0.6719575613399311,False
8,0.25,0.9,plus,11,cost,16,0.008429792644627954,0.9791806484918322,False
8,0.25,0.9,plus,11,cost,32,0.0007186533693419594,0.9981411350977065,True
8,0.25,0.9,plus,11,cost,96,4.7625708645693265e-06,0.999993407237189,True
8,0.25,0.9,plus,11,cost,128,1.4727560724292488e-06,0.9999980191960031,True
8,0.25,0.9,plus,11,cost,128,1.4727560724292488e-06,0.9999980191960031,True
8,0.15,1.6,plus,11,cost,0,0.1428629754639752,0.845280229185351,False
8,0.15,1.6,plus,11,cost,16,0.0034202214723906277,0.9951967614767786,False
8,0.15,1.6,plus,11,cost,32,0.00013871285513600284,0.9998080472609255,True
8,0.15,1.6,plus,11,cost,64,5.533532714663281e-05,0.9999362288569518,True
8,0.15,1.6,plus,11,cost,96,1.7075807190458647e-07,0.9999998953267822,True
8,0.15,1.6,plus,11,cost,116,1.9729126776724115e-08,0.9999999884040105,True
8,0.55,0.15,ghz,11,cost,7,0.12174241968599653,0.0005756623987300661,False
8,0.55,0.15,ghz,11,cost,15,0.11553660597465437,0.0009794927315348683,False
8,0.55,0.15,ghz,11,cost,31,0.014620744372879857,0.48065136317462037,False
8,0.55,0.15,ghz,11,cost,63,0.009463778060838202,0.6412546077641291,False
8,0.55,0.15,ghz,11,cost,95,0.005421762532781038,0.8933194662414651,False
8,0.55,0.15,ghz,11,cost,127,0.0024332462703624547,0.9424701691810842,False
8,0.55,0.15,ghz,11,cost,127,0.0024332462703624547,0.9424701691810842,False
8,0.3,1.4,ghz,11,cost,7,0.8517331194430257,0.03831440088002146,False
8,0.3,1.4,ghz,11,cost,15,0.5332700051279888,0.1664410764007787,False
8,0.3,1.4,ghz,11,cost,31,0.03413798493861653,0.9546271912579805,False
8,0.3,1.4,ghz,11,cost,63,0.0002083783822277585,0.9996468498095884,True
8,0.3,1.4,ghz,11,cost,95,5.146581356196833e-06,0.9999964250288268,True
8,0.3,1.4,ghz,11,cost,127,1.0153970422255298e-06,0.9999993271222707,True
8,0.3,1.4,ghz,11,cost,127,1.0153970422255298e-06,0.9999993271222707,True
8,0.35,0.6,plus,11,cost,0,0.2681643093715329,0.5621178465700712,False
8,0.35,0.6,plus,11,cost,16,0.015044062435757621,0.9514199663415771,False
8,0.35,0.6,plus,11,cost,32,0.0024539849273423897,0.9876933251279107,False
8,0.35,0.6,plus,11,cost,64,0.0005357074376115545,0.9982459087444657,False
8,0.35,0.6,plus,11,cost,96,0.00016875343438804702,0.9996387719020281,True
8,0.35,0.6,plus,11,cost,128,6.87010880416894e-05,0.9998594963972001,True
8,0.35,0.6,plus,11,cost,128,6.87010880416894e-05,0.9998594963972001,True
8,0.1,1.0,antiphase,11,cost,6,1.1353790168011888,0.003533918758287757,False
8,0.1,1.0,antiphase,11,cost,16,0.47980009572433446,0.28670064474504137,False
8,0.1,1.0,antiphase,11,cost,32,0.16501927649766546,0.5732572302976264,False
8,0.1,1.0,antiphase,11,cost,64,0.007136964499849352,0.9685166126572272,False
8,0.1,1.0,antiphase,11,cost,128,1.9468650156229117e-05,0.9999809578230235,True
8,0.1,1.0,antiphase,11,cost,128,1.9468650156229117e-05,0.9999809578230235,True
8,0.3,1.4,antiphase,11,cost,6,1.2517331194430257,0.016451294580412085,False
8,0.3,1.4,antiphase,11,cost,16,0.46683795414113294,0.3798275083006556,False
8,0.3,1.4,antiphase,11,cost,32,0.2719894907514211,0.46084905880965044,False
8,0.3,1.4,antiphase,11,cost,64,0.0001650302166784634,0.9997668387948492,True
8,0.3,1.4,antiphase,11,cost,96,4.403271611330695e-06,0.9999970422317279,True
8,0.3,1.4,antiphase,11,cost,128,1.321528035669317e-06,0.9999991417744204,True
8,0.3,1.4,antiphase,11,cost,128,1.321528035669317e-06,0.9999991417744204,True
8,0.0,0.8,antiphase,11,cost,6,1.1706505570546502,0.0003242695915822096,False
8,0.0,0.8,antiphase,11,cost,16,0.5931184655410633,0.033082001119155116,False
8,0.0,0.8,antiphase,11,cost,32,0.014153673361308128,0.9477595454291222,False
8,0.0,0.8,antiphase,11,cost,64,0.0015509222131355749,0.9971121282757662,False
8,0.0,0.8,antiphase,11,cost,96,1.4882385094949768e-05,0.9999818351431634,True
8,0.0,0.8,antiphase,11,cost,106,1.3844037027865852e-11,0.9999999999800693,True
8,0.7,1.4,antiphase,11,cost,6,0.8795627863686037,0.0622787402835245,False
8,0.7,1.4,antiphase,11,cost,16,0.5515163102491027,0.24811070796132972,False
8,0.7,1.4,antiphase,11,cost,32,0.04416501610487966,0.9361007420713745,False
8,0.7,1.4,antiphase,11,cost,64,0.0016912616554145554,0.9982663732006185,False
8,0.7,1.4,antiphase,11,cost,128,9.504371413293633e-05,0.9999318516867135,True
8,0.7,1.4,antiphase,11,cost,128,9.504371413293633e-05,0.9999318516867135,True
8,0.55,1.3,ghz,11,cost,7,1.019067701926545,0.013538900245034543,False
8,0.55,1.3,ghz,11,cost,15,0.5484612793651542,0.13559610592104074,False
8,0.55,1.3,ghz,11,cost,31,0.052726329791952686,0.922735794393027,False
8,0.55,1.3,ghz,11,cost,63,0.0012542226117484567,0.9986018489678112,False
8,0.55,1.3,ghz,11,cost,95,0.00013144179652258003,0.9998857677369045,True
8,0.55,1.3,ghz,11,cost,127,3.0468444812692397e-05,0.9999756335939732,True
8,0.55,1.3,ghz,11,cost,127,3.0468444812692397e-05,0.9999756335939732,True
8,0.6,0.4,plus,11,cost,0,0.32647789499526003,0.4891584700574445,False
8,0.6,0.4,plus,11,cost,16,0.055429286618744245,0.7201616343593421,False
8,0.6,0.4,plus,11,cost,32,0.02257751842131439,0.824205212679208,False
8,0.6,0.4,plus,11,cost,64,0.011339899548302057,0.9489825604460859,False
8,0.6,0.4,plus,11,cost,128,0.0015551320441049565,0.9942677243645452,False
8,0.6,0.4,plus,11,cost,128,0.0015551320441049565,0.9942677243645452,False
8,0.3,1.2,antiphase,11,cost,6,1.0710134982110622,0.01475669103723503,False
8,0.3,1.2,antiphase,11,cost,16,0.672064064622002,0.16959922306937952,False
8,0.3,1.2,antiphase,11,cost,32,0.2619695057559579,0.4316418486528645,False
8,0.3,1.2,antiphase,11,cost,64,0.0004955127396659709,0.9987844560475551,False
8,0.3,1.2,antiphase,11,cost,96,9.291049608117774e-06,0.9999925015674392,True
8,0.3,1.2,antiphase,11,cost,128,2.8021225022545337e-06,0.9999977503402588,True
8,0.3,1.2,antiphase,11,cost,128,2.8021225022545337e-06,0.9999977503402588,True
8,0.7,0.3,antiphase,11,cost,6,0.03591338021825896,0.8654910560864331,False
8,0.7,0.3,antiphase,11,cost,16,0.015529346497905827,0.9335784662629505,False
8,0.7,0.3,antiphase,11,cost,32,0.001672813183743238,0.9846371851090266,False
8,0.7,0.3,antiphase,11,cost,64,0.0010110038424056,0.9907891896032742,False
8,0.7,0.3,antiphase,11,cost,96,0.0004904342277431972,0.9953932330601843,True
8,0.7,0.3,antiphase,11,cost,128,0.00037615560083925637,0.9968813654921693,True
8,0.7,0.3,antiphase,11,cost,128,0.00037615560083925637,0.9968813654921693,True
12,0.0,1.8,plus,11,cost,0,0.14182288996320155,0.7746403998824414,False
12,0.0,1.8,plus,11,cost,32,0.0029469095862827053,0.9932981639839075,False
12,0.0,1.8,plus,11,cost,64,0.0013555721866600479,0.9968181135927191,False
12,0.0,1.8,plus,11,cost,96,0.0001506848202656267,0.9996738033617014,True
12,0.0,1.8,plus,11,cost,128,4.675019834484336e-05,0.9999017898659742,True
12,0.0,1.8,plus,11,cost,128,4.675019834484336e-05,0.9999017898659742,True
8,0.4,0.5,antiphase,11,cost,6,0.39053957087283164,0.0075703887159352555,False
8,0.4,0.5,antiphase,11,cost,16,0.27577447399010435,0.08670437214699307,False
8,0.4,0.5,antiphase,11,cost,32,0.043154835794614876,0.8179374963679561,False
8,0.4,0.5,antiphase,11,cost,64,0.0032517282028295957,0.9790167273761067,False
8,0.4,0.5,antiphase,11,cost,96,0.0007702033182293011,0.9978677063020448,False
8,0.4,0.5,antiphase,11,cost,128,0.00027093853783510813,0.999347873724452,True
8,0.4,0.5,antiphase,11,cost,128,0.00027093853783510813,0.999347873724452,True
8,0.3,0.2,antiphase,37,fixed,6,0.4145763277349313,9.105552136202063e-07,False
8,0.3,0.2,antiphase,37,fixed,22,0.41457632773493147,9.105552136201876e-07,False
8,0.325,1.25,antiphase,11,fixed,6,1.0900461773692338,0.01678996760782206,False
8,0.325,1.25,antiphase,11,fixed,22,1.090046177369234,0.01678996760782206,False
8,0.475,0.85,ghz,11,fixed,7,0.5409159456800983,0.0212647156067078,False
8,0.475,0.85,ghz,11,fixed,23,0.13697290587939404,0.653059355660755,False
8,0.55,0.15,antiphase,23,cost,6,0.02174241968599655,0.06324481814481525,False
8,0.55,0.15,antiphase,23,cost,16,0.01531964415395004,0.06929814418013835,False
8,0.55,0.15,antiphase,23,cost,32,0.011233857250756318,0.07681364745199645,False
8,0.55,0.15,antiphase,23,cost,64,0.010951496567913721,0.0942352396118671,False
8,0.55,0.15,antiphase,23,cost,96,0.010671151133115897,0.1132228405834835,False
8,0.55,0.15,antiphase,23,cost,128,0.007350611208118751,0.6088433930809578,False
8,0.55,0.15,antiphase,23,cost,128,0.007350611208118751,0.6088433930809578,False
8,0.25,0.2,plus,11,cost,0,0.563502840742962,0.024654756669057778,False
8,0.25,0.2,plus,11,cost,16,0.12148014227406212,0.4709359659187919,False
8,0.25,0.2,plus,11,cost,64,1.0093377239339674e-05,0.9999545242256218,True
8,0.25,0.2,plus,11,cost,96,3.0157075481263007e-07,0.9999994713305483,True
8,0.25,0.2,plus,11,cost,120,1.1564916890804966e-07,0.9999997982135711,True
12,0.3,0.2,antiphase,11,cost,10,0.4145708527760375,3.07459033471452e-10,False
12,0.3,0.2,antiphase,11,cost,32,0.38604378022873814,2.581397805572495e-07,False
12,0.3,0.2,antiphase,11,cost,64,0.08473904201510485,4.1913854427725055e-05,False
12,0.3,0.2,antiphase,11,cost,96,1.3361198063351528e-05,0.9999103363537382,True
12,0.3,0.2,antiphase,11,cost,128,5.695775600944586e-06,0.9999536761645305,True
12,0.3,0.2,antiphase,11,cost,128,5.695775600944586e-06,0.9999536761645305,True
8,0.3,0.3,antiphase,11,cost,6,0.43389320784352586,2.8092639319532587e-05,False
8,0.3,0.3,antiphase,11,cost,16,0.3823568394620886,0.0015358376250438975,False
8,0.3,0.3,antiphase,11,cost,32,0.00918640956820782,0.9643968508610834,False
8,0.3,0.3,antiphase,11,cost,64,0.00046350846749265706,0.9958050638297224,True
8,0.3,0.3,antiphase,11,cost,96,9.246879704283284e-05,0.9994739925378323,True
8,0.3,0.3,antiphase,11,cost,128,3.897596903001954e-06,0.9999930317541688,True
8,0.3,0.3,antiphase,11,cost,128,3.897596903001954e-06,0.9999930317541688,True
8,0.35,1.5,plus,11,cost,0,0.14344789819726356,0.8590902076848627,False
8,0.35,1.5,plus,11,cost,16,0.004651516615437057,0.9930502173871695,False
8,0.35,1.5,plus,11,cost,32,0.0013442538358598988,0.9977330257741573,False
8,0.35,1.5,plus,11,cost,64,8.438760762818909e-05,0.9999304909104575,True
8,0.35,1.5,plus,11,cost,96,4.941157308646638e-06,0.9999969036369855,True
8,0.35,1.5,plus,11,cost,128,1.5037313714216793e-06,0.9999990805376899,True
8,0.35,1.5,plus,11,cost,128,1.5037313714216793e-06,0.9999990805376899,True
8,0.55,1.1,ghz,11,cost,7,0.8387436026732323,0.013443662791153374,False
8,0.55,1.1,ghz,11,cost,15,0.474047069026875,0.11905449457295818,False
8,0.55,1.1,ghz,11,cost,31,0.2547512125588487,0.45665229874686347,False
8,0.55,1.1,ghz,11,cost,63,0.0016096961490228434,0.997955009983106,False
8,0.55,1.1,ghz,11,cost,95,0.00012473809549828907,0.9998843442927926,True
8,0.55,1.1,ghz,11,cost,127,5.112360490211465e-05,0.999955545771943,True
8,0.55,1.1,ghz,11,cost,127,5.112360490211465e-05,0.999955545771943,True
8,0.7,1.6,plus,11,cost,0,0.16374018486763076,0.8625412861205322,False
8,0.7,1.6,plus,11,cost,16,0.03865824342204993,0.946418708556377,False
8,0.7,1.6,plus,11,cost,32,0.0070114686786066915,0.9931437226513053,False
8,0.7,1.6,plus,11,cost,64,0.001244599848448047,0.9991134209167923,False
8,0.7,1.6,plus,11,cost,96,0.0001307942470374357,0.9999140134441616,True
8,0.7,1.6,plus,11,cost,128,4.353406976109753e-05,0.9999722031608199,True
8,0.7,1.6,plus,11,cost,128,4.353406976109753e-05,0.9999722031608199,True
8,0.35,1.9,antiphase,11,cost,6,1.668964436810551,0.02077331160201065,False
8,0.35,1.9,antiphase,11,cost,16,0.5586581354093099,0.43096800226838117,False
8,0.35,1.9,antiphase,11,cost,32,0.3995562199652516,0.4632856758208781,False
8,0.35,1.9,antiphase,11,cost,64,0.00010821185284370927,0.9999073126990377,True
8,0.35,1.9,antiphase,11,cost,96,5.746869379041897e-06,0.999996813489658,True
8,0.35,1.9,antiphase,11,cost,128,1.831509083061178e-06,0.9999990379316321,True
8,0.35,1.9,antiphase,11,cost,128,1.831509083061178e-06,0.9999990379316321,True
12,0.8,0.8,antiphase,11,cost,10,0.29518359771824904,0.04216758380351234,False
12,0.8,0.8,antiphase,11,cost,32,0.12205073453587116,0.18503397399866167,False
12,0.8,0.8,antiphase,11,cost,64,0.047553827956893,0.7681276793869675,False
12,0.8,0.8,antiphase,11,cost,96,0.017084733265522623,0.9180962631900382,False
12,0.8,0.8,antiphase,11,cost,128,0.007577884270595359,0.9710018294958098,False
12,0.8,0.8,antiphase,11,cost,128,0.007577884270595359,0.9710018294958098,False
8,0.975,1.75,antiphase,11,cost,6,0.9812139933758998,0.10007262253302474,False
8,0.975,1.75,antiphase,11,cost,16,0.3765782321048561,0.5317745293618287,False
8,0.975,1.75,antiphase,11,cost,32,0.03516199306940915,0.9625469096980581,False
8,0.975,1.75,antiphase,11,cost,64,0.001197138912654605,0.9992131571247591,False
8,0.975,1.75,antiphase,11,cost,96,0.0003646794615983495,0.9997701832089224,True
8,0.975,1.75,antiphase,11,cost,128,0.0001144459161750433,0.9999318478237573,True
8,0.975,1.75,antiphase,11,cost,128,0.0001144459161750433,0.9999318478237573,True
12,0.8,0.3,antiphase,11,cost,10,0.02885509459559099,0.8881924621290749,False
12,0.8,0.3,antiphase,11,cost,32,0.00353728833413595,0.983721194956404,False
12,0.8,0.3,antiphase,11,cost,96,0.0007403468164085917,0.9958149420737671,True
12,0.8,0.3,antiphase,11,cost,128,0.0006145335161390856,0.9966322744794254,True
12,0.8,0.3,antiphase,11,cost,128,0.0006145335161390856,0.9966322744794254,True
8,0.1,1.4,plus,11,cost,0,0.16779402689128453,0.7841942766428303,False
8,0.1,1.4,plus,11,cost,16,0.01129394193557709,0.9778344562479494,False
8,0.1,1.4,plus,11,cost,32,0.0018938855254475584,0.9957749268301087,False
8,0.1,1.4,plus,11,cost,64,2.7186329255135533e-05,0.9999760344864844,True
8,0.1,1.4,plus,11,cost,96,9.48184590154888e-06,0.9999928460985545,True
8,0.1,1.4,plus,11,cost,128,6.741779992047725e-07,0.999999559756442,True
8,0.1,1.4,plus,11,cost,128,6.741779992047725e-07,0.999999559756442,True
8,1.0,1.6,ghz,11,cost,7,1.828120734807214,0.002851019783262269,False
8,1.0,1.6,ghz,11,cost,15,1.0217422840280872,0.043302577563746926,False
8,1.0,1.6,ghz,11,cost,31,0.10686722701516294,0.8949205588682903,False
8,1.0,1.6,ghz,11,cost,63,0.0021733075110890177,0.9983715350639232,False
8,1.0,1.6,ghz,11,cost,95,0.0004906311334820224,0.9996439547176131,True
8,1.0,1.6,ghz,11,cost,127,0.0002363605412132319,0.9998323502254152,True
8,1.0,1.6,ghz,11,cost,127,0.0002363605412132319,0.9998323502254152,True
8,0.95,0.6,ghz,11,cost,7,1.0113283702784548,6.456886286028172e-05,False
8,0.95,0.6,ghz,11,cost,15,0.4530838555933677,0.02017628232442439,False
8,0.95,0.6,ghz,11,cost,31,0.015869565217389248,0.4993273279103696,False
8,0.95,0.6,ghz,11,cost,63,0.012968359018646014,0.5264184159718156,False
8,0.95,0.6,ghz,11,cost,127,0.0006728430724662893,0.9982171047095175,True
8,0.95,0.6,ghz,11,cost,127,0.0006728430724662893,0.9982171047095175,True
8,0.25,1.6,antiphase,11,cost,6,1.4874050025824705,0.015191713625148639,False
8,0.25,1.6,antiphase,11,cost,16,0.49795571440864617,0.42294635561571203,False
8,0.25,1.6,antiphase,11,cost,32,0.01471694566444448,0.9803865865593947,False
8,0.25,1.6,antiphase,11,cost,64,1.724304513150976e-05,0.9999867952676285,True
8,0.25,1.6,antiphase,11,cost,96,1.961160868813039e-06,0.9999987654551683,True
8,0.25,1.6,antiphase,11,cost,128,3.3364422868942256e-07,0.9999997985752723,True
8,0.25,1.6,antiphase,11,cost,128,3.3364422868942256e-07,0.9999997985752723,True
8,0.0,0.9,antiphase,11,cost,6,1.221660957251998,0.0007585407967815044,False
8,0.0,0.9,antiphase,11,cost,16,0.5633775178775529,0.052006587093092985,False
8,0.0,0.9,antiphase,11,cost,32,0.018466152749463394,0.9283789698982949,False
8,0.0,0.9,antiphase,11,cost,64,0.0003788554529280397,0.9995090462931304,True
8,0.0,0.9,antiphase,11,cost,96,1.3199090982629613e-05,0.9999866897627706,True
8,0.0,0.9,antiphase,11,cost,116,1.7349677250422246e-11,0.999999999982272,True
12,0.3,0.6,ghz,11,cost,11,0.17808846411097404,0.07131896467167113,False
12,0.3,0.6,ghz,11,cost,31,0.07481583489508203,0.17342626602849184,False
12,0.3,0.6,ghz,11,cost,95,0.03533479739693638,0.4290723888055817,False
12,0.3,0.6,ghz,11,cost,127,0.0006429216943953561,0.9967279355683349,False
12,0.3,0.6,ghz,11,cost,127,0.0006429216943953561,0.9967279355683349,False
8,0.35,1.2,plus,11,cost,0,0.16974715718726552,0.8056345462949006,False
8,0.35,1.2,plus,11,cost,16,0.00549467149738736,0.9900357815328505,False
8,0.35,1.2,plus,11,cost,32,0.0017055209840544094,0.9958869913442274,False
8,0.35,1.2,plus,11,cost,64,8.876238996369246e-05,0.9999074969142642,True
8,0.35,1.2,plus,11,cost,96,1.4057501999342747e-05,0.999988658864105,True
8,0.35,1.2,plus,11,cost,128,5.15973421189031e-06,0.9999961245562936,True
8,0.35,1.2,plus,11,cost,128,5.15973421189031e-06,0.9999961245562936,True
8,0.1,0.3,ghz,11,cost,7,0.025255413481992783,0.9434581470046499,False
8,0.1,0.3,ghz,11,cost,15,0.012796072639907341,0.9707239533504027,False
8,0.1,0.3,ghz,11,cost,31,0.00020440639626884138,0.999409084720258,True
8,0.1,0.3,ghz,11,cost,63,3.870586148269073e-05,0.9998786909264371,True
8,0.1,0.3,ghz,11,cost,95,1.5907602776255025e-05,0.9999550023883584,True
8,0.1,0.3,ghz,11,cost,127,2.90992135942858e-08,0.999999966826352,True
8,0.1,0.3,ghz,11,cost,127,2.90992135942858e-08,0.999999966826352,True
8,0.95,1.3,antiphase,11,cost,6,0.600854705252104,0.16190925757571809,False
8,0.95,1.3,antiphase,11,cost,16,0.2626416362148032,0.5480955972079492,False
8,0.95,1.3,antiphase,11,cost,32,0.034451258728145806,0.9499703256358069,False
8,0.95,1.3,antiphase,11,cost,64,0.0035538559690446725,0.9965555947181036,False
8,0.95,1.3,antiphase,11,cost,96,0.0009607973391903002,0.9991103608175405,True
8,0.95,1.3,antiphase,11,cost,128,0.0004496559630735586,0.9996289394368644,True
8,0.95,1.3,antiphase,11,cost,128,0.0004496559630735586,0.9996289394368644,True
8,0.525,0.85,plus,11,gradient,0,0.21893706965793247,0.7237381285443011,False
8,0.525,0.85,plus,11,gradient,16,0.02091172217962667,0.9453718703784975,False
8,0.525,0.85,plus,11,gradient,32,0.011499580671502585,0.9702759219499435,False
8,0.525,0.85,plus,11,gradient,64,0.009914521443286306,0.9727716251264497,False
8,0.525,0.85,plus,11,gradient,96,0.0014082302273656921,0.9978725525778257,False
8,0.525,0.85,plus,11,gradient,128,0.0004305071938961458,0.999464211568386,True
8,0.525,0.85,plus,11,gradient,128,0.0004305071938961458,0.999464211568386,True
8,0.0,0.2,plus,11,cost,0,0.8100253198889197,0.017434082290676986,False
8,0.0,0.2,plus,11,cost,16,0.24916359773110264,0.4885958342420598,False
8,0.0,0.2,plus,11,cost,32,1.6274515032277392e-05,0.9999670105845195,True
8,0.0,0.2,plus,11,cost,48,1.2905065394086535e-07,0.9999997279203788,True
8,0.2,2.0,ghz,11,cost,7,1.3146306817643145,0.03359686302336308,False
8,0.2,2.0,ghz,11,cost,15,0.7852292511422498,0.17226627565462516,False
8,0.2,2.0,ghz,11,cost,31,0.013905337071100199,0.9865481901091517,False
8,0.2,2.0,ghz,11,cost,63,6.8553856840125604e-06,0.9999942812676662,True
8,0.2,2.0,ghz,11,cost,123,1.612056212962898e-07,0.9999999204954402,True
12,0.8,1.4,plus,11,cost,0,0.20244255198973674,0.7191930381317381,False
12,0.8,1.4,plus,11,cost,32,0.03749607271443711,0.9061312381734096,False
12,0.8,1.4,plus,11,cost,64,0.00757130870282996,0.9845822382472168,False
12,0.8,1.4,plus,11,cost,96,0.0029554587621036057,0.9940477006263995,False
12,0.8,1.4,plus,11,cost,128,0.0013933291134475094,0.9974096335400613,False
12,0.8,1.4,plus,11,cost,128,0.0013933291134475094,0.9974096335400613,False
8,0.85,1.4,antiphase,11,cost,6,0.7597633279227806,0.1019909917805871,False
8,0.85,1.4,antiphase,11,cost,16,0.320013361494738,0.4702461186307131,False
8,0.85,1.4,antiphase,11,cost,32,0.043818015339871064,0.9392818616830112,False
8,0.85,1.4,antiphase,11,cost,64,0.002479665158280575,0.9972270650649344,False
8,0.85,1.4,antiphase,11,cost,128,0.00022781534309124218,0.9998250436330548,True
8,0.85,1.4,antiphase,11,cost,128,0.00022781534309124218,0.9998250436330548,True
8,0.85,1.9,ghz,11,cost,7,1.9178293245542788,0.005613959023482076,False
8,0.85,1.9,ghz,11,cost,15,1.0475515890873281,0.07828755828271312,False
8,0.85,1.9,ghz,11,cost,31,0.06626120641779076,0.9294782988405541,False
8,0.85,1.9,ghz,11,cost,63,0.001145345324869762,0.9993092916369261,False
8,0.85,1.9,ghz,11,cost,127,6.847877461657603e-05,0.9999622778529742,True
8,0.85,1.9,ghz,11,cost,127,6.847877461657603e-05,0.9999622778529742,True
8,0.25,1.9,plus,11,cost,0,0.11878860481145992,0.8964612214349654,False
8,0.25,1.9,plus,11,cost,16,0.0016335824776803065,0.9983026826823991,False
8,0.25,1.9,plus,11,cost,32,0.00029746600048419225,0.9996077622396266,True
8,0.25,1.9,plus,11,cost,64,5.966483894503938e-06,0.9999963488217655,True
8,0.25,1.9,plus,11,cost,96,4.3972507324241406e-07,0.9999997728193761,True
8,0.25,1.9,plus,11,cost,124,1.702330685304787e-07,0.9999999138852297,True
8,0.5,1.4,antiphase,11,cost,6,1.056693716498888,0.03198706177331314,False
8,0.5,1.4,antiphase,11,cost,16,0.4008185265815132,0.43414439854277653,False
8,0.5,1.4,antiphase,11,cost,32,0.017276455609859465,0.9722525853426074,False
8,0.5,1.4,antiphase,11,cost,64,0.0008148450178353528,0.9990463011877939,True
8,0.5,1.4,antiphase,11,cost,96,5.810827047270095e-05,0.9999585337601723,True
8,0.5,1.4,antiphase,11,cost,128,2.1557682567285852e-05,0.9999852419362959,True
8,0.5,1.4,antiphase,11,cost,128,2.1557682567285852e-05,0.9999852419362959,True
8,0.825,0.85,antiphase,11,cost,6,0.3104187034614856,0.24869215452315044,False
8,0.825,0.85,antiphase,11,cost,16,0.15877339936803647,0.5231077011233886,False
8,0.825,0.85,antiphase,11,cost,32,0.0356321366642669,0.8769912239733665,False
8,0.825,0.85,antiphase,11,cost,96,0.00299067975708045,0.9955740094231265,False
8,0.825,0.85,antiphase,11,cost,128,0.0013072793021371432,0.9980969745830109,False
8,0.825,0.85,antiphase,11,cost,128,0.0013072793021371432,0.9980969745830109,False
8,0.825,0.15,antiphase,11,fixed,6,0.006920312695450015,0.9827842394715111,False
8,0.825,0.15,antiphase,11,fixed,22,0.006920312695450015,0.9827842394715111,False
8,0.1,1.1,antiphase,11,cost,6,1.213141384763695,0.0048284084702140745,False
8,0.1,1.1,antiphase,11,cost,16,0.48306249489512776,0.3217481719589915,False
8,0.1,1.1,antiphase,11,cost,32,0.18185887159743408,0.5576837985335653,False
8,0.1,1.1,antiphase,11,cost,64,0.001449776427611793,0.9972553724308438,False
8,0.1,1.1,antiphase,11,cost,128,4.677824930299224e-06,0.9999958005273908,True
8,0.1,1.1,antiphase,11,cost,128,4.677824930299224e-06,0.9999958005273908,True
8,0.35,0.8,antiphase,11,cost,6,0.6748874217054859,0.012041924308734023,False
8,0.35,0.8,antiphase,11,cost,16,0.34218908166197093,0.2601920375557736,False
8,0.35,0.8,antiphase,11,cost,32,0.023153457807110644,0.9374132194025449,False
8,0.35,0.8,antiphase,11,cost,64,0.0014441918107777063,0.994256935022378,False
8,0.35,0.8,antiphase,11,cost,128,3.6222236894811743e-05,0.9999558298739556,True
8,0.35,0.8,antiphase,11,cost,128,3.6222236894811743e-05,0.9999558298739556,True
8,0.5,2.0,antiphase,11,cost,6,1.6204195191244517,0.028960399008406183,False
8,0.5,2.0,antiphase,11,cost,16,0.9555037964760213,0.23103140722423807,False
8,0.5,2.0,antiphase,11,cost,32,0.035892795742551,0.9639986239881148,False
8,0.5,2.0,antiphase,11,cost,64,0.0004267086599285541,0.9997060078988561,True
8,0.5,2.0,antiphase,11,cost,96,1.611778295051991e-05,0.9999919549257617,True
8,0.5,2.0,antiphase,11,cost,128,2.8895434938114306e-06,0.9999986463024475,True
8,0.5,2.0,antiphase,11,cost,128,2.8895434938114306e-06,0.9999986463024475,True
8,0.85,0.5,ghz,11,cost,7,0.7861021942468905,7.027300912515581e-05,False
8,0.85,0.5,ghz,11,cost,15,0.3759669239466803,0.009928821144407643,False
8,0.85,0.5,ghz,11,cost,63,0.010565519501365195,0.5067618012186674,False
8,0.85,0.5,ghz,11,cost,127,0.00734086358857966,0.6300715637613217,False
8,0.85,0.5,ghz,11,cost,127,0.00734086358857966,0.6300715637613217,False
8,0.025,0.35,plus,11,fixed,0,0.6567001786801427,0.033581253315529656,False
8,0.025,0.35,plus,11,fixed,16,0.342748743397263,0.1659510258728499,False
8,0.8,1.2,ghz,37,cost,7,1.2202060867657851,0.004183336731216742,False
8,0.8,1.2,ghz,37,cost,15,0.5250382342890085,0.10836031456023215,False
8,0.8,1.2,ghz,37,cost,31,0.0627925712892834,0.8868536018962153,False
8,0.8,1.2,ghz,37,cost,95,0.0010960459143458667,0.998909938778283,False
8,0.8,1.2,ghz,37,cost,127,0.000491349283544551,0.9995774113892761,True
8,0.8,1.2,ghz,37,cost,127,0.000491349283544551,0.9995774113892761,True
8,0.0,0.7,antiphase,11,cost,6,1.1279667676728777,0.00011485276595294925,False
8,0.0,0.7,antiphase,11,cost,16,0.6835263042406136,0.22084283381788633,False
8,0.0,0.7,antiphase,11,cost,32,0.41619553067707127,0.47348889646737663,False
8,0.0,0.7,antiphase,11,cost,96,0.0003083044864415907,0.9995840012468826,True
8,0.0,0.7,antiphase,11,cost,128,3.53643225414757e-06,0.9999965607933367,True
8,0.0,0.7,antiphase,11,cost,128,3.53643225414757e-06,0.9999965607933367,True
12,0.0,2.0,plus,11,cost,0,0.12709485850400734,0.8166460478752468,False
12,0.0,2.0,plus,11,cost,32,0.002008206813987575,0.9961374989635788,False
12,0.0,2.0,plus,11,cost,64,0.0007912502040306654,0.9984420195996404,False
12,0.0,2.0,plus,11,cost,96,0.00011726020339016448,0.9997840745229077,True
12,0.0,2.0,plus,11,cost,128,3.537750414572827e-05,0.9999271868936414,True
12,0.0,2.0,plus,11,cost,128,3.537750414572827e-05,0.9999271868936414,True
8,0.6,1.0,ghz,11,cost,7,0.806089287320858,0.009967875800275253,False
8,0.6,1.0,ghz,11,cost,15,0.4347505886660339,0.10859346162802233,False
8,0.6,1.0,ghz,11,cost,31,0.051091313777965164,0.8974266194137632,False
8,0.6,1.0,ghz,11,cost,63,0.002445565896739943,0.9952961356400494,False
8,0.6,1.0,ghz,11,cost,95,0.0005789796546291637,0.9993402386631304,True
8,0.6,1.0,ghz,11,cost,127,0.00020964756557262376,0.9997857293344699,True
8,0.6,1.0,ghz,11,cost,127,0.00020964756557262376,0.9997857293344699,True
8,0.0,0.9,plus,37,fixed,0,0.3216609572519995,0.3126943576453465,False
8,0.0,0.9,plus,37,fixed,16,0.11770073191605501,0.5459201334819419,False
8,0.3,0.5,plus,11,gradient,0,0.31314929279091114,0.3677511084063065,False
8,0.3,0.5,plus,11,gradient,16,0.029610759240053963,0.8141117989453923,False
8,0.3,0.5,plus,11,gradient,64,0.003610892527901255,0.9521777524541508,False
8,0.3,0.5,plus,11,gradient,96,9.371478592601346e-05,0.9997560772805192,True
8,0.3,0.5,plus,11,gradient,128,7.577538213898727e-06,0.9999844630311431,True
8,0.3,0.5,plus,11,gradient,128,7.577538213898727e-06,0.9999844630311431,True
8,0.0,1.7,plus,11,cost,0,0.15109483593599493,0.8211158510550951,False
8,0.0,1.7,plus,11,cost,16,0.01182307639297231,0.9801012946940254,False
8,0.0,1.7,plus,11,cost,32,0.002412126616778698,0.9954393657253718,False
8,0.0,1.7,plus,11,cost,128,1.1731155118432923e-06,0.9999993449551312,True
8,0.0,1.7,plus,11,cost,128,1.1731155118432923e-06,0.9999993449551312,True
8,0.175,0.55,ghz,11,cost,7,0.09898891074161376,0.7186741312059645,False
8,0.175,0.55,ghz,11,cost,15,0.053704193837258996,0.8211296290841109,False
8,0.175,0.55,ghz,11,cost,31,0.007132035999935615,0.9518402070123316,False
8,0.175,0.55,ghz,11,cost,63,0.004379981104454478,0.9700638030792934,False
8,0.175,0.55,ghz,11,cost,127,6.328846321790316e-05,0.9998957228530209,True
8,0.175,0.55,ghz,11,cost,127,6.328846321790316e-05,0.9998957228530209,True
8,0.15,1.6,ghz,11,cost,7,0.8928629754639716,0.05723982876780063,False
8,0.15,1.6,ghz,11,cost,15,0.5667306682518203,0.17158810268997587,False
8,0.15,1.6,ghz,11,cost,31,0.03326819191900654,0.9589763495578189,False
8,0.15,1.6,ghz,11,cost,63,7.302367099448759e-06,0.9999933107011784,True
8,0.15,1.6,ghz,11,cost,95,5.1036306292218114e-08,0.9999999683716234,True
8,0.15,1.6,ghz,11,cost,97,4.493247529602229e-08,0.9999999721483193,True
8,0.8,0.5,plus,11,gradient,0,0.39494708173145954,0.2646472959279824,False
8,0.8,0.5,plus,11,gradient,16,0.16036972479609624,0.3224635475177058,False
8,0.8,0.5,plus,11,gradient,64,0.004411217547222845,0.9762448026335008,False
8,0.8,0.5,plus,11,gradient,96,0.002510943684464917,0.9869744215805147,False
8,0.8,0.5,plus,11,gradient,128,0.0013959483327573574,0.9939270788694918,False
8,0.8,0.5,plus,11,gradient,128,0.0013959483327573574,0.9939270788694918,False
8,0.55,2.0,antiphase,11,cost,6,1.5739999161251021,0.032306747914680245,False
8,0.55,2.0,antiphase,11,cost,16,0.5435619865977681,0.4425178349183048,False
8,0.55,2.0,antiphase,11,cost,32,0.02617851677143479,0.9720569156687984,False
8,0.55,2.0,antiphase,11,cost,64,0.00019793099407072745,0.9998627476280911,True
8,0.55,2.0,antiphase,11,cost,96,3.294185211766276e-05,0.9999830032274529,True
8,0.55,2.0,antiphase,11,cost,128,7.81987360021219e-06,0.9999960573447869,True
8,0.55,2.0,antiphase,11,cost,128,7.81987360021219e-06,0.9999960573447869,True
8,0.15,0.4,ghz,11,cost,7,0.04834800756345936,0.8815577978037817,False
8,0.15,0.4,ghz,11,cost,15,0.02497798884345548,0.9352676612192875,False
8,0.15,0.4,ghz,11,cost,31,0.0010873100003673253,0.9955198183552774,False
8,0.15,0.4,ghz,11,cost,127,6.191251523679497e-07,0.9999991800158299,True
8,0.15,0.4,ghz,11,cost,127,6.191251523679497e-07,0.9999991800158299,True
8,0.825,0.35,antiphase,11,fixed,6,0.040347504534483214,0.8874791381107452,False
8,0.825,0.35,antiphase,11,fixed,22,0.04034750453448299,0.8874791381107454,False
8,0.95,0.8,ghz,11,cost,7,1.1168673448358615,0.0004250639840139728,False
8,0.95,0.8,ghz,11,cost,15,0.5855725102171387,0.010306143042331463,False
8,0.95,0.8,ghz,11,cost,31,0.0527992743057093,0.45569219703633523,False
8,0.95,0.8,ghz,11,cost,63,0.032586646281801634,0.654657768524535,False
8,0.95,0.8,ghz,11,cost,95,0.004055414274517943,0.9897623604045762,False
8,0.95,0.8,ghz,11,cost,127,0.0021955541977551896,0.9949993095609171,False
8,0.95,0.8,ghz,11,cost,127,0.0021955541977551896,0.9949993095609171,False
8,0.45,0.5,plus,11,cost,0,0.28891827461214026,0.5220041872346818,False
8,0.45,0.5,plus,11,cost,16,0.025588259330648122,0.8802392514817419,False
8,0.45,0.5,plus,11,cost,32,0.012523219790018913,0.9168587788845248,False
8,0.45,0.5,plus,11,cost,64,0.002966867965785158,0.9878950858590329,False
8,0.45,0.5,plus,11,cost,96,0.0005134726664512979,0.9988253619252087,True
8,0.45,0.5,plus,11,cost,128,0.00019256548180823785,0.9996037326731486,True
8,0.45,0.5,plus,11,cost,128,0.00019256548180823785,0.9996037326731486,True
8,0.05,0.3,ghz,11,cost,7,0.023864617954300504,0.9496934678376507,False
8,0.05,0.3,ghz,11,cost,15,0.012039983053142023,0.9742171916602401,False
8,0.05,0.3,ghz,11,cost,31,0.00014395653853371826,0.9996400778176318,True
8,0.05,0.3,ghz,11,cost,63,2.3999435189492324e-05,0.9999353832613641,True
8,0.05,0.3,ghz,11,cost,95,5.296036663660075e-07,0.9999990873258799,True
8,0.05,0.3,ghz,11,cost,121,4.644057582936512e-09,0.9999999948712355,True
8,0.825,0.15,antiphase,11,cost,6,0.006920312695450015,0.9827842394715111,False
8,0.825,0.15,antiphase,11,cost,16,0.002678034679532759,0.9932910185629518,False
8,0.825,0.15,antiphase,11,cost,32,1.8311596493569837e-05,0.9999483375326991,True
8,0.825,0.15,antiphase,11,cost,64,9.205178378657308e-06,0.9999738972088575,True
8,0.825,0.15,antiphase,11,cost,118,5.482372442688899e-07,0.9999982614009822,True
8,0.65,0.9,plus,11,cost,0,0.2271605869487413,0.7372736282802916,False
8,0.65,0.9,plus,11,cost,16,0.04448083594088392,0.8936231681374216,False
8,0.65,0.9,plus,11,cost,32,0.015224364071250829,0.973291785565426,False
8,0.65,0.9,plus,11,cost,64,0.0020941802963860834,0.9971442511063447,False
8,0.65,0.9,plus,11,cost,128,0.000180993025957088,0.9998025306716221,True
8,0.65,0.9,plus,11,cost,128,0.000180993025957088,0.9998025306716221,True
12,0.8,1.2,antiphase,11,cost,10,0.6259652227220792,0.015849047505224503,False
12,0.8,1.2,antiphase,11,cost,32,0.3095296540967983,0.12971350289215208,False
12,0.8,1.2,antiphase,11,cost,64,0.03700529229906113,0.8960447962504055,False
12,0.8,1.2,antiphase,11,cost,96,0.006505568349480129,0.9841139961702418,False
12,0.8,1.2,antiphase,11,cost,128,0.0036395268458567407,0.9914820587589611,False
12,0.8,1.2,antiphase,11,cost,128,0.0036395268458567407,0.9914820587589611,False
12,0.0,1.2,plus,11,cost,0,0.22074661305442747,0.49335770831117265,False
12,0.0,1.2,plus,11,cost,32,0.018373037556798682,0.9020808301755847,False
12,0.0,1.2,plus,11,cost,64,0.007480851704078677,0.9526855779244112,False
12,0.0,1.2,plus,11,cost,96,0.0035564047186517436,0.9763639581007674,False
12,0.0,1.2,plus,11,cost,128,0.00108195036367853,0.9952450987700475,False
12,0.0,1.2,plus,11,cost,128,0.00108195036367853,0.9952450987700475,False
12,0.3,1.3,plus,11,cost,0,0.16066846540603721,0.7426703439517668,False
12,0.3,1.3,plus,11,cost,32,0.0026399030380179767,0.9944164924818218,False
12,0.3,1.3,plus,11,cost,64,0.0006495458438588267,0.9979372969479544,False
12,0.3,1.3,plus,11,cost,96,5.915898310900521e-05,0.9998850166902614,True
12,0.3,1.3,plus,11,cost,128,1.9416986846820805e-05,0.9999627177882994,True
12,0.3,1.3,plus,11,cost,128,1.9416986846820805e-05,0.9999627177882994,True
8,0.975,0.15,antiphase,11,fixed,6,0.005826682185997023,0.9878550821379665,False
8,0.975,0.15,antiphase,11,fixed,22,0.005826682185996912,0.9878550821379665,False
8,1.0,0.9,antiphase,11,cost,6,0.26262910246128635,0.429728132676238,False
8,1.0,0.9,antiphase,11,cost,16,0.12670542073884228,0.6865552467942042,False
8,1.0,0.9,antiphase,11,cost,32,0.017046705558641184,0.9552043351627619,False
8,1.0,0.9,antiphase,11,cost,96,0.0021508144361401804,0.996077865446676,False
8,1.0,0.9,antiphase,11,cost,128,0.0010384466414268267,0.998603194048527,False
8,1.0,0.9,antiphase,11,cost,128,0.0010384466414268267,0.998603194048527,False
8,0.475,1.25,ghz,11,fixed,7,0.892926175041374,0.019094649471001618,False
8,0.475,1.25,ghz,11,fixed,23,0.11307944939244141,0.8732184910658901,False
8,0.05,1.9,plus,11,cost,0,0.12915070584324773,0.8696724444356833,False
8,0.05,1.9,plus,11,cost,16,0.005282141433442078,0.9930281604183806,False
8,0.05,1.9,plus,11,cost,32,0.000599408910678001,0.9991277046186078,False
8,0.05,1.9,plus,11,cost,64,3.456061731110793e-05,0.9999745799832467,True
8,0.05,1.9,plus,11,cost,96,1.8610791467921217e-06,0.9999989690226633,True
8,0.05,1.9,plus,11,cost,128,2.6970000321924203e-07,0.9999998624368563,True
8,0.05,1.9,plus,11,cost,128,2.6970000321924203e-07,0.9999998624368563,True
8,0.95,0.7,plus,11,cost,0,0.4090387856103739,0.32469539623566385,False
8,0.95,0.7,plus,11,cost,16,0.1718037367068882,0.45690360624972925,False
8,0.95,0.7,plus,11,cost,32,0.01797550307173723,0.9618613236551439,False
8,0.95,0.7,plus,11,cost,128,0.0011097044232157849,0.9976303172819017,False
8,0.95,0.7,plus,11,cost,128,0.0011097044232157849,0.9976303172819017,False
8,0.55,0.15,plus,37,fixed,0,0.4217424196859966,0.2660809996518718,False
8,0.55,0.15,plus,37,fixed,16,0.04744979100562985,0.38741153670593426,False
8,0.675,1.25,plus,11,cost,0,0.1894112447230727,0.8155595429928644,False
8,0.675,1.25,plus,11,cost,16,0.03927486728674712,0.9305062008779342,False
8,0.675,1.25,plus,11,cost,32,0.009819564030514538,0.9878487168134549,False
8,0.675,1.25,plus,11,cost,64,0.0011629763183522712,0.9988804522114101,False
8,0.675,1.25,plus,11,cost,128,0.00010496523060976592,0.9999051846859405,True
8,0.675,1.25,plus,11,cost,128,0.00010496523060976592,0.9999051846859405,True
8,0.825,0.55,plus,11,fixed,0,0.3880750272771897,0.29794481629068964,False
8,0.825,0.55,plus,11,fixed,16,0.14522106875840568,0.3583712360378595,False
8,0.825,1.75,antiphase,11,cost,6,1.0987114599840824,0.06898374691589708,False
8,0.825,1.75,antiphase,11,cost,16,0.42023017237224636,0.4626905958074125,False
8,0.825,1.75,antiphase,11,cost,32,0.038695888479824525,0.9547534238381331,False
8,0.825,1.75,antiphase,11,cost,64,0.000813568826458333,0.9994492039624603,True
8,0.825,1.75,antiphase,11,cost,96,0.0002452304199063171,0.9998503873695429,True
8,0.825,1.75,antiphase,11,cost,128,9.116331877612183e-05,0.999946329163067,True
8,0.825,1.75,antiphase,11,cost,128,9.116331877612183e-05,0.999946329163067,True
8,0.0,0.5,antiphase,11,cost,6,1.0636352793925359,7.728229462850188e-06,False
8,0.0,0.5,antiphase,11,cost,16,0.7272027462661659,0.0073967678807912145,False
8,0.0,0.5,antiphase,11,cost,32,0.008535143170123494,0.9820960690310526,False
8,0.0,0.5,antiphase,11,cost,96,9.593789172424039e-06,0.9999841661587536,True
8,0.0,0.5,antiphase,11,cost,112,2.5703439376911774e-11,0.9999999999577596,True
8,0.175,0.35,antiphase,11,cost,6,0.6880134350898235,5.755045519151704e-06,False
8,0.175,0.35,antiphase,11,cost,16,0.6060018160599483,0.001903467716828862,False
8,0.175,0.35,antiphase,11,cost,32,0.1379831856339312,0.5203561260966554,False
8,0.175,0.35,antiphase,11,cost,96,5.54248300822513e-05,0.9998113022252184,True
8,0.175,0.35,antiphase,11,cost,128,7.430457639179266e-07,0.9999987910452427,True
8,0.175,0.35,antiphase,11,cost,128,7.430457639179266e-07,0.9999987910452427,True
8,0.475,1.75,ghz,11,fixed,7,1.356694706481276,0.01661288028138228,False
8,0.475,1.75,ghz,11,fixed,23,0.08822423679630087,0.92299538858119,False
8,0.85,0.8,ghz,11,cost,7,0.9592630451721921,0.0011572552656913648,False
8,0.85,0.8,ghz,11,cost,15,0.1673271093428117,0.24558334580345798,False
8,0.85,0.8,ghz,11,cost,31,0.0685886002668965,0.46537031402863005,False
8,0.85,0.8,ghz,11,cost,63,0.008476866179554232,0.9833238184787688,False
8,0.85,0.8,ghz,11,cost,95,0.003916520718258321,0.9908666844775846,False
8,0.85,0.8,ghz,11,cost,127,0.0013541845897067084,0.9980796996870133,False
8,0.85,0.8,ghz,11,cost,127,0.0013541845897067084,0.9980796996870133,False
12,0.3,0.7,antiphase,11,cost,10,0.6512373036774859,0.00025607984002033317,False
12,0.3,0.7,antiphase,11,cost,32,0.35758435999264143,0.033519921618205314,False
12,0.3,0.7,antiphase,11,cost,64,0.08162883783989845,0.2888968132057227,False
12,0.3,0.7,antiphase,11,cost,96,0.0004837393688007137,0.9970226460969209,False
12,0.3,0.7,antiphase,11,cost,128,9.367484606374414e-05,0.9992159105659062,False
12,0.3,0.7,antiphase,11,cost,128,9.367484606374414e-05,0.9992159105659062,False
8,0.8,0.2,plus,23,gradient,0,0.6128660251752662,0.044882969890375046,False
8,0.8,0.2,plus,23,gradient,32,0.0003397810976473181,0.5000308742805984,False
8,0.8,0.2,plus,23,gradient,64,0.00026818571741094033,0.5007613764594774,False
8,0.8,0.2,plus,23,gradient,96,0.00025184911753450834,0.5010858921449749,False
8,0.8,0.2,plus,23,gradient,128,0.0002508067191235863,0.5010256349717727,False
8,0.8,0.2,plus,23,gradient,128,0.0002508067191235863,0.5010256349717727,False
8,0.15,0.3,ghz,11,cost,7,0.026845241603256853,0.9356792131137276,False
8,0.15,0.3,ghz,11,cost,15,0.013660840236693228,0.9663385089966517,False
8,0.15,0.3,ghz,11,cost,31,0.00031096444397082923,0.9989235391926672,True
8,0.15,0.3,ghz,11,cost,63,8.011406708585689e-05,0.9997024738876812,True
8,0.15,0.3,ghz,11,cost,127,2.491989033015507e-06,0.9999959592130548,True
8,0.15,0.3,ghz,11,cost,127,2.491989033015507e-06,0.9999959592130548,True
8,0.825,1.25,plus,11,gradient,0,0.22046386026915799,0.7790009768075776,False
8,0.825,1.25,plus,11,gradient,16,0.06876051747322043,0.8801331858066863,False
8,0.825,1.25,plus,11,gradient,32,0.014250264245104782,0.9778347575308098,False
8,0.825,1.25,plus,11,gradient,64,0.0023540316982315623,0.9976841812360362,False
8,0.825,1.25,plus,11,gradient,96,0.0010968929851264964,0.9989485472005599,False
8,0.825,1.25,plus,11,gradient,128,0.000491742967708042,0.9995920262521759,True
8,0.825,1.25,plus,11,gradient,128,0.000491742967708042,0.9995920262521759,True
12,0.8,1.6,antiphase,11,cost,10,0.9834790659059195,0.009248089341570818,False
12,0.8,1.6,antiphase,11,cost,32,0.2980118752205915,0.35311959356110745,False
12,0.8,1.6,antiphase,11,cost,64,0.024495083954843306,0.948242343871006,False
12,0.8,1.6,antiphase,11,cost,96,0.0031377480696657876,0.9943587771856208,False
12,0.8,1.6,antiphase,11,cost,128,0.0010670500837507053,0.9984216968830278,False
12,0.8,1.6,antiphase,11,cost,128,0.0010670500837507053,0.9984216968830278,False
8,0.325,0.15,ghz,11,fixed,7,0.008451565601653721,0.9737909265570718,False
8,0.325,0.15,ghz,11,fixed,23,0.0001433335603032715,0.9990697629345716,True
8,0.1,1.9,antiphase,11,cost,6,1.925098463036855,0.011465635132618565,False
8,0.1,1.9,antiphase,11,cost,16,0.5971447585424743,0.4342048800560805,False
8,0.1,1.9,antiphase,11,cost,32,0.3633368735353182,0.502621984825466,False
8,0.1,1.9,antiphase,11,cost,64,3.5985755198364444e-05,0.9999529496151582,True
8,0.1,1.9,antiphase,11,cost,96,1.2453250182176134e-06,0.9999993078557742,True
8,0.1,1.9,antiphase,11,cost,128,1.282275317038284e-07,0.9999999320581894,True
8,0.1,1.9,antiphase,11,cost,128,1.282275317038284e-07,0.9999999320581894,True
8,0.1,1.3,plus,11,cost,0,0.1803705022744071,0.7509310453584124,False
8,0.1,1.3,plus,11,cost,16,0.014302206779975624,0.9679166287578866,False
8,0.1,1.3,plus,11,cost,32,0.002909193362364171,0.992437004356375,False
8,0.1,1.3,plus,11,cost,64,9.257347396252058e-05,0.9998966250533178,True
8,0.1,1.3,plus,11,cost,96,1.3620591428509243e-05,0.9999886022419588,True
8,0.1,1.3,plus,11,cost,128,1.6791320205378213e-06,0.9999986851163244,True
8,0.1,1.3,plus,11,cost,128,1.6791320205378213e-06,0.9999986851163244,True
8,0.1,1.7,antiphase,11,cost,6,1.7391673265243637,0.010365507681212848,False
8,0.1,1.7,antiphase,11,cost,16,0.9470935364221825,0.22137323876381187,False
8,0.1,1.7,antiphase,11,cost,32,0.6854591802731258,0.2470760981783704,False
8,0.1,1.7,antiphase,11,cost,64,0.00027460142175717017,0.9996019338155009,True
8,0.1,1.7,antiphase,11,cost,96,4.623098348588428e-06,0.9999965072347331,True
8,0.1,1.7,antiphase,11,cost,128,5.348319340736651e-07,0.9999997056890292,True
8,0.1,1.7,antiphase,11,cost,128,5.348319340736651e-07,0.9999997056890292,True
8,0.0,0.2,antiphase,23,cost,6,1.0100253198889193,5.0019913954562725e-09,False
8,0.0,0.2,antiphase,23,cost,16,0.6812907168360246,0.0005028924577104824,False
8,0.0,0.2,antiphase,23,cost,98,6.256764106815638e-08,0.9999998733696829,True
8,0.55,0.4,plus,11,cost,0,0.3214964290520459,0.4679087274866349,False
8,0.55,0.4,plus,11,cost,16,0.04120830206810222,0.7999475720085876,False
8,0.55,0.4,plus,11,cost,32,0.02170785837278799,0.8814840076986976,False
8,0.55,0.4,plus,11,cost,64,0.005537644686684273,0.975962774210935,False
8,0.55,0.4,plus,11,cost,96,0.001786122596937001,0.9940234156085163,False
8,0.55,0.4,plus,11,cost,128,0.0009633896981527945,0.9960087060108195,True
8,0.55,0.4,plus,11,cost,128,0.0009633896981527945,0.9960087060108195,True
8,0.2,1.7,plus,11,cost,0,0.13233201335739864,0.8692859701738296,False
8,0.2,1.7,plus,11,cost,16,0.0023684770429979185,0.9972978051786512,False
8,0.2,1.7,plus,11,cost,32,8.658010723849863e-05,0.9998933546921642,True
8,0.2,1.7,plus,11,cost,96,2.4806228511309314e-06,0.9999983831023699,True
8,0.2,1.7,plus,11,cost,124,2.1504530423044343e-07,0.9999998716301542,True
8,0.75,1.9,plus,11,cost,0,0.15150467644941146,0.886278166645329,False
8,0.75,1.9,plus,11,cost,16,0.04566522588942412,0.9476752309715207,False
8,0.75,1.9,plus,11,cost,32,0.00621683775470494,0.994811328472627,False
8,0.75,1.9,plus,11,cost,64,0.0001924343371739745,0.999884802472198,True
8,0.75,1.9,plus,11,cost,128,2.6890468328488737e-05,0.9999857851031543,True
8,0.75,1.9,plus,11,cost,128,2.6890468328488737e-05,0.9999857851031543,True
12,0.0,1.2,antiphase,11,cost,10,1.4207466130544055,0.00010600929429037028,False
12,0.0,1.2,antiphase,11,cost,32,0.5263294902945775,0.13154380126047346,False
12,0.0,1.2,antiphase,11,cost,64,0.2518026488511955,0.1892897657611561,False
12,0.0,1.2,antiphase,11,cost,96,0.23029028218736247,0.20006690257982734,False
12,0.0,1.2,antiphase,11,cost,128,0.22164834229641941,0.26118381784264605,False
12,0.0,1.2,antiphase,11,cost,128,0.22164834229641941,0.26118381784264605,False
12,0.0,1.2,ghz,11,cost,11,0.4207466130544056,0.10033993315378346,False
12,0.0,1.2,ghz,11,cost,31,0.13923863830807948,0.3639747077571318,False
12,0.0,1.2,ghz,11,cost,63,0.015988112788915505,0.9506991921838288,False
12,0.0,1.2,ghz,11,cost,95,0.0032197501600178904,0.9873923273638349,False
12,0.0,1.2,ghz,11,cost,127,0.0006900371026968463,0.9976882213659555,False
12,0.0,1.2,ghz,11,cost,127,0.0006900371026968463,0.9976882213659555,False
8,0.25,0.7,ghz,11,cost,7,0.21349148837938026,0.24932059146894361,False
8,0.25,0.7,ghz,11,cost,15,0.13370144773910986,0.36346503097292904,False
8,0.25,0.7,ghz,11,cost,31,0.05126400544762144,0.5694963608322985,False
8,0.25,0.7,ghz,11,cost,63,0.0003275874617134633,0.999129143835647,False
8,0.25,0.7,ghz,11,cost,95,3.7567669548543847e-06,0.9999919062405715,True
8,0.25,0.7,ghz,11,cost,127,1.0992438158607953e-06,0.9999981937301375,True
8,0.25,0.7,ghz,11,cost,127,1.0992438158607953e-06,0.9999981937301375,True
12,0.3,0.8,ghz,11,cost,11,0.32939398323607677,0.02233225587612144,False
12,0.3,0.8,ghz,11,cost,31,0.14973343278530601,0.11539111913737066,False
12,0.3,0.8,ghz,11,cost,63,0.06482207996343774,0.595963797876527,False
12,0.3,0.8,ghz,11,cost,95,0.00029212593015307914,0.9984552910894486,False
12,0.3,0.8,ghz,11,cost,127,0.0001112783160100624,0.9993202951033169,True
12,0.3,0.8,ghz,11,cost,127,0.0001112783160100624,0.9993202951033169,True
8,0.5,0.5,antiphase,11,cost,6,0.2895246178835311,0.021818583008174696,False
8,0.5,0.5,antiphase,11,cost,16,0.2036306705811356,0.09403440199737337,False
8,0.5,0.5,antiphase,11,cost,32,0.10132605806364303,0.5433560289149649,False
8,0.5,0.5,antiphase,11,cost,64,0.0058847556313319505,0.9746454967555706,False
8,0.5,0.5,antiphase,11,cost,96,0.0011139755713875932,0.9978654381476442,False
8,0.5,0.5,antiphase,11,cost,128,0.00031607045985548865,0.9994179616498171,True
8,0.5,0.5,antiphase,11,cost,128,0.00031607045985548865,0.9994179616498171,True
8,0.475,0.35,antiphase,11,fixed,6,0.21167329258933798,0.008306136675405753,False
8,0.475,0.35,antiphase,11,fixed,22,0.2116732925893383,0.008306136675405723,False
8,0.6,1.6,plus,11,cost,0,0.15110721654684967,0.8717508727635656,False
8,0.6,1.6,plus,11,cost,16,0.024019416891211343,0.9665046196143511,False
8,0.6,1.6,plus,11,cost,32,0.005146659650844709,0.9944297150714124,False
8,0.6,1.6,plus,11,cost,64,0.0002173435919250455,0.9998525604222122,True
8,0.6,1.6,plus,11,cost,128,1.8828099313639157e-05,0.9999877515194827,True
8,0.6,1.6,plus,11,cost,128,1.8828099313639157e-05,0.9999877515194827,True
8,0.65,0.4,ghz,11,cost,7,0.3906940556069039,0.0013015029489263769,False
8,0.65,0.4,ghz,11,cost,15,0.3368773322932247,0.00766551937086671,False
8,0.65,0.4,ghz,11,cost,31,0.0637591858787695,0.28458130495745404,False
8,0.65,0.4,ghz,11,cost,63,0.02326986556977484,0.4985500520355455,False
8,0.65,0.4,ghz,11,cost,127,0.0034317297454190543,0.9891576978690758,False
8,0.65,0.4,ghz,11,cost,127,0.0034317297454190543,0.9891576978690758,False
8,0.6,0.5,ghz,11,cost,7,0.3973077693031392,0.00483266825134956,False
8,0.6,0.5,ghz,11,cost,15,0.31621347654918275,0.036252653672114186,False
8,0.6,0.5,ghz,11,cost,31,0.0667384227848622,0.49018908422550966,False
8,0.6,0.5,ghz,11,cost,63,0.019874898107340666,0.918591330595134,False
8,0.6,0.5,ghz,11,cost,127,0.001294196744741627,0.9958986139513781,False
8,0.6,0.5,ghz,11,cost,127,0.001294196744741627,0.9958986139513781,False
8,0.7,0.3,ghz,11,cost,7,0.4359133802182587,2.9831228516390024e-05,False
8,0.7,0.3,ghz,11,cost,15,0.4007434743927136,0.00024996727977462103,False
8,0.7,0.3,ghz,11,cost,31,0.10934372757823174,0.0143541872201646,False
8,0.7,0.3,ghz,11,cost,63,0.09949412195964324,0.03709927727805601,False
8,0.7,0.3,ghz,11,cost,95,0.002397996059829044,0.5222121376590179,False
8,0.7,0.3,ghz,11,cost,127,0.002222787980696639,0.5429868737270453,False
8,0.7,0.3,ghz,11,cost,127,0.002222787980696639,0.5429868737270453,False
12,0.0,0.3,plus,11,cost,0,0.7226295220666467,0.002995362966192334,False
12,0.0,0.3,plus,11,cost,32,0.14950196336259935,0.4753439529793608,False
12,0.0,0.3,plus,11,cost,128,2.568464318416138e-06,0.9999946846649408,True
12,0.0,0.3,plus,11,cost,128,2.568464318416138e-06,0.9999946846649408,True
8,0.05,0.5,plus,11,cost,0,0.5173857793466787,0.06965320074514775,False
8,0.05,0.5,plus,11,cost,16,0.18013569802816054,0.4021537758484023,False
8,0.05,0.5,plus,11,cost,32,0.0011119794444713893,0.9969669552437357,False
8,0.05,0.5,plus,11,cost,64,0.0001313846269406227,0.9997100150296521,True
8,0.05,0.5,plus,11,cost,96,3.1596414542534035e-06,0.9999956305771237,True
8,0.05,0.5,plus,11,cost,128,3.542004489709427e-08,0.9999999597601463,True
8,0.05,0.5,plus,11,cost,128,3.542004489709427e-08,0.9999999597601463,True
8,0.75,1.0,antiphase,11,cost,6,0.48424445332626054,0.11964946301777667,False
8,0.75,1.0,antiphase,11,cost,16,0.23529574228787853,0.43000616699441174,False
8,0.75,1.0,antiphase,11,cost,32,0.0377963005307842,0.9183754829955024,False
8,0.75,1.0,antiphase,11,cost,64,0.005124566019544252,0.9924761694380341,False
8,0.75,1.0,antiphase,11,cost,96,0.001248249913622379,0.9985025607377226,False
8,0.75,1.0,antiphase,11,cost,128,0.0007029513864618142,0.9991634345338063,True
8,0.75,1.0,antiphase,11,cost,128,0.0007029513864618142,0.9991634345338063,True
8,0.25,0.8,antiphase,11,cost,6,0.7880701699811478,0.005909003448868515,False
8,0.25,0.8,antiphase,11,cost,16,0.3971020269773827,0.2208291137323182,False
8,0.25,0.8,antiphase,11,cost,32,0.13417399686908804,0.4984134807385961,False
8,0.25,0.8,antiphase,11,cost,64,0.00032559558717593085,0.9987928092251573,False
8,0.25,0.8,antiphase,11,cost,96,2.925257876817966e-06,0.9999966013474035,True
8,0.25,0.8,antiphase,11,cost,128,6.94165694037352e-07,0.9999992209672658,True
8,0.25,0.8,antiphase,11,cost,128,6.94165694037352e-07,0.9999992209672658,True
8,0.05,0.4,antiphase,11,cost,6,0.9427060950292605,2.441396555223616e-06,False
8,0.05,0.4,antiphase,11,cost,16,0.64709776356687,0.003897709362361457,False
8,0.05,0.4,antiphase,11,cost,32,0.3863833967860608,0.49400387789634154,False
8,0.05,0.4,antiphase,11,cost,96,0.00017891569225991777,0.9996329874883982,True
8,0.05,0.4,antiphase,11,cost,128,1.4865233002869793e-05,0.9999755341797963,True
8,0.05,0.4,antiphase,11,cost,128,1.4865233002869793e-05,0.9999755341797963,True
8,0.325,0.55,antiphase,11,fixed,6,0.5114993930355265,0.004253396411258563,False
8,0.325,0.55,antiphase,11,fixed,22,0.5114993930355266,0.004253396411258563,False
8,0.3,0.7,ghz,11,cost,7,0.2511482632500016,0.1387185420070928,False
8,0.3,0.7,ghz,11,cost,15,0.16583691964950176,0.23011837221193412,False
8,0.3,0.7,ghz,11,cost,31,0.07751236104598802,0.41990540803581616,False
8,0.3,0.7,ghz,11,cost,63,0.0002459508682777223,0.9990527240026763,False
8,0.3,0.7,ghz,11,cost,95,5.9637990870387014e-05,0.9998268867185452,True
8,0.3,0.7,ghz,11,cost,127,1.4994476504437415e-05,0.9999724100219557,True
8,0.3,0.7,ghz,11,cost,127,1.4994476504437415e-05,0.9999724100219557,True
8,0.025,0.15,ghz,11,fixed,7,0.005778512630616239,0.988150486448446,False
8,0.025,0.15,ghz,11,fixed,23,1.7716572696335753e-05,0.9999618808754023,True
8,0.8,1.7,ghz,11,cost,7,1.6728161208968866,0.00598602742957069,False
8,0.8,1.7,ghz,11,cost,15,0.7738257590200921,0.1223951081524306,False
8,0.8,1.7,ghz,11,cost,31,0.06271297480161708,0.9246246532343936,False
8,0.8,1.7,ghz,11,cost,63,0.0006393410917755471,0.9994434018320562,True
8,0.8,1.7,ghz,11,cost,95,0.00021335029470348488,0.9998663264750088,True
8,0.8,1.7,ghz,11,cost,127,8.123092618395056e-05,0.9999475602665253,True
8,0.8,1.7,ghz,11,cost,127,8.123092618395056e-05,0.9999475602665253,True
8,0.675,0.35,ghz,11,fixed,7,0.4058511286721352,0.00025372571396092884,False
8,0.675,0.35,ghz,11,fixed,23,0.31526488987618473,0.0192515330410636,False
12,0.0,0.7,antiphase,11,cost,10,1.1269739086000243,4.6062366464635555e-07,False
12,0.0,0.7,antiphase,11,cost,32,0.491345731018716,0.002584543234751371,False
12,0.0,0.7,antiphase,11,cost,64,0.22390970645373218,0.01928442533266224,False
12,0.0,0.7,antiphase,11,cost,96,0.20073590450857845,0.008089898500488116,False
12,0.0,0.7,antiphase,11,cost,128,0.19560646369683696,0.0097378848972144,False
12,0.0,0.7,antiphase,11,cost,128,0.19560646369683696,0.0097378848972144,False
8,0.2,0.4,antiphase,11,cost,6,0.6520481293489204,2.7939692269888683e-05,False
8,0.2,0.4,antiphase,11,cost,16,0.5035318389590765,0.013140752279073388,False
8,0.2,0.4,antiphase,11,cost,32,0.008713179294528528,0.9694914068582349,False
8,0.2,0.4,antiphase,11,cost,128,1.2123390953355795e-06,0.9999982588885457,True
8,0.2,0.4,antiphase,11,cost,128,1.2123390953355795e-06,0.9999982588885457,True
12,0.3,1.7,ghz,11,cost,11,1.1298135775124212,0.0037060242186006615,False
12,0.3,1.7,ghz,11,cost,31,0.4350460934325575,0.1992856580174787,False
12,0.3,1.7,ghz,11,cost,63,0.2102486128000288,0.4917591938732136,False
12,0.3,1.7,ghz,11,cost,95,0.19505443972488123,0.4951729653418322,False
12,0.3,1.7,ghz,11,cost,127,4.619458372860189e-05,0.9999225043281788,True
12,0.3,1.7,ghz,11,cost,127,4.619458372860189e-05,0.9999225043281788,True
8,0.0,1.1,plus,37,fixed,0,0.2494084590468375,0.5240703132648579,False
8,0.0,1.1,plus,37,fixed,16,0.06984560278987106,0.7651879903377905,False
8,0.05,2.0,ghz,11,cost,7,1.1726954373544434,0.05198021942169401,False
8,0.05,2.0,ghz,11,cost,15,0.7126954373544434,0.18945798799756997,False
8,0.05,2.0,ghz,11,cost,31,0.0306800014064188,0.9683795629113408,False
8,0.05,2.0,ghz,11,cost,63,1.9422904590893353e-05,0.9999841065516387,True
8,0.05,2.0,ghz,11,cost,95,6.975822421928513e-07,0.9999996300035443,True
8,0.05,2.0,ghz,11,cost,125,9.556882174521775e-08,0.9999999538618455,True
8,0.175,0.85,ghz,11,fixed,7,0.2723097544121672,0.2622062723720108,False
8,0.175,0.85,ghz,11,fixed,23,0.06233967505720228,0.6379953084093496,False
8,0.3,1.5,plus,11,cost,0,0.14364881610854274,0.8543670956486368,False
8,0.3,1.5,plus,11,cost,16,0.0031565173639775956,0.9956468575827992,False
8,0.3,1.5,plus,11,cost,32,0.0006866275805312849,0.9987469451529798,False
8,0.3,1.5,plus,11,cost,64,2.7240482172175007e-05,0.9999776784626568,True
8,0.3,1.5,plus,11,cost,96,3.5127060518114206e-06,0.9999976492458633,True
8,0.3,1.5,plus,11,cost,128,1.030511581845417e-06,0.9999993327845826,True
8,0.3,1.5,plus,11,cost,128,1.030511581845417e-06,0.9999993327845826,True
8,0.25,1.6,ghz,11,cost,7,0.9874050025824707,0.03902725571044179,False
8,0.25,1.6,ghz,11,cost,15,0.6303517653220958,0.14360043619516602,False
8,0.25,1.6,ghz,11,cost,31,0.031416699051952435,0.9628470480964305,False
8,0.25,1.6,ghz,11,cost,63,4.111512867077671e-05,0.9999600366980035,True
8,0.25,1.6,ghz,11,cost,127,3.540582764749445e-07,0.9999997855458562,True
8,0.25,1.6,ghz,11,cost,127,3.540582764749445e-07,0.9999997855458562,True
8,0.7,1.1,antiphase,11,cost,6,0.6100816061717751,0.08183452101731035,False
8,0.7,1.1,antiphase,11,cost,16,0.2804021272527786,0.4048827770315903,False
8,0.7,1.1,antiphase,11,cost,32,0.03638527280156567,0.9280347542147719,False
8,0.7,1.1,antiphase,11,cost,96,0.0008864850834440219,0.9990349108128649,True
8,0.7,1.1,antiphase,11,cost,128,0.0002722152842840053,0.9997409372065958,True
8,0.7,1.1,antiphase,11,cost,128,0.0002722152842840053,0.9997409372065958,True
8,0.05,1.2,ghz,11,cost,7,0.4578824975158753,0.19157412381089117,False
8,0.05,1.2,ghz,11,cost,15,0.27756491770560654,0.34340770225689743,False
8,0.05,1.2,ghz,11,cost,31,0.044024458385149234,0.9332340330375524,False
8,0.05,1.2,ghz,11,cost,63,0.0006466256118393687,0.9992071939024412,True
8,0.05,1.2,ghz,11,cost,95,2.6739388127694497e-05,0.9999758799578755,True
8,0.05,1.2,ghz,11,cost,127,2.3224457863513237e-06,0.9999982070517229,True
8,0.05,1.2,ghz,11,cost,127,2.3224457863513237e-06,0.9999982070517229,True
8,0.1,1.8,plus,11,cost,0,0.13174797894242607,0.8658482904738142,False
8,0.1,1.8,plus,11,cost,16,0.003845450941737827,0.99491741930373,False
8,0.1,1.8,plus,11,cost,32,0.0004056357229238472,0.999436487517214,True
8,0.1,1.8,plus,11,cost,64,5.0135567137843395e-05,0.9999329213845841,True
8,0.1,1.8,plus,11,cost,96,7.806733219872797e-07,0.999999548364889,True
8,0.1,1.8,plus,11,cost,128,1.2303622787257495e-07,0.999999931701798,True
8,0.1,1.8,plus,11,cost,128,1.2303622787257495e-07,0.999999931701798,True
8,0.2,0.7,antiphase,11,cost,6,0.7840799723535032,0.002046025140064771,False
8,0.2,0.7,antiphase,11,cost,16,0.5554945691106957,0.13197608189488091,False
8,0.2,0.7,antiphase,11,cost,32,0.3058693725627948,0.3662787979458062,False
8,0.2,0.7,antiphase,11,cost,64,0.03312505336118077,0.7789041477388389,False
8,0.2,0.7,antiphase,11,cost,96,0.0005335436133871996,0.9991186388240443,True
8,0.2,0.7,antiphase,11,cost,128,4.3770020512035046e-05,0.9999340851663123,True
8,0.2,0.7,antiphase,11,cost,128,4.3770020512035046e-05,0.9999340851663123,True
8,0.3,1.8,antiphase,11,cost,6,1.6238860071528876,0.018240711804118653,False
8,0.3,1.8,antiphase,11,cost,16,0.5258072777036551,0.44733557048728395,False
8,0.3,1.8,antiphase,11,cost,32,0.01253184046950162,0.9852567100349955,False
8,0.3,1.8,antiphase,11,cost,64,3.56944551753724e-05,0.9999783580698818,True
8,0.3,1.8,antiphase,11,cost,96,1.9980361396498836e-06,0.9999989463815413,True
8,0.3,1.8,antiphase,11,cost,128,3.9443001176309167e-07,0.9999997932049349,True
8,0.3,1.8,antiphase,11,cost,128,3.9443001176309167e-07,0.9999997932049349,True
12,0.8,1.0,antiphase,11,cost,10,0.45590668622350633,0.023494932899469235,False
12,0.8,1.0,antiphase,11,cost,32,0.20504374510576318,0.18409941308546882,False
12,0.8,1.0,antiphase,11,cost,64,0.04263731218106429,0.8521123413426771,False
12,0.8,1.0,antiphase,11,cost,96,0.009824821320746876,0.9704730115882442,False
12,0.8,1.0,antiphase,11,cost,128,0.004403147653761892,0.9890854082031659,False
12,0.8,1.0,antiphase,11,cost,128,0.004403147653761892,0.9890854082031659,False
12,0.3,0.1,antiphase,11,cost,10,0.4035883208149101,6.573532246853568e-14,False
12,0.3,0.1,antiphase,11,cost,32,0.39609836256126,9.309385842454875e-11,False
12,0.3,0.1,antiphase,11,cost,64,0.0006075838157177197,0.9973238086682664,True
12,0.3,0.1,antiphase,11,cost,96,5.431423050576237e-07,0.9999976246934402,True
12,0.3,0.1,antiphase,11,cost,128,1.5021091837041922e-07,0.9999988758481841,True
12,0.3,0.1,antiphase,11,cost,128,1.5021091837041922e-07,0.9999988758481841,True
12,0.0,0.9,antiphase,11,cost,10,1.2179285122412715,9.625457209361932e-06,False
12,0.0,0.9,antiphase,11,cost,32,0.4782913378133662,0.01997430223630983,False
12,0.0,0.9,antiphase,11,cost,64,0.21695825631892637,0.02972525250658638,False
12,0.0,0.9,antiphase,11,cost,96,0.19564284141409397,0.0276404934279385,False
12,0.0,0.9,antiphase,11,cost,128,0.18581246767765972,0.029513198064193114,False
12,0.0,0.9,antiphase,11,cost,128,0.18581246767765972,0.029513198064193114,False
8,0.9,0.2,antiphase,11,cost,6,0.011350050098023368,0.9738824005888181,False
8,0.9,0.2,antiphase,11,cost,16,0.004451737503511799,0.9896608073588458,False
8,0.9,0.2,antiphase,11,cost,32,3.5797565640871554e-05,0.9999173881465895,True
8,0.9,0.2,antiphase,11,cost,64,1.7873093851483723e-05,0.9999583652982271,True
8,0.9,0.2,antiphase,11,cost,106,1.2896463403855307e-06,0.9999965724780142,True
8,0.0,0.2,antiphase,11,cost,6,1.0100253198889193,5.0019913954562725e-09,False
8,0.0,0.2,antiphase,11,cost,16,0.7312649597657945,0.0008246367960510965,False
8,0.0,0.2,antiphase,11,cost,32,4.645531595737218e-05,0.9999043944347649,True
8,0.0,0.2,antiphase,11,cost,54,3.4427214790078153e-07,0.9999994327304845,True
8,0.675,0.85,plus,11,fixed,0,0.23957178374968202,0.7162430183443944,False
8,0.675,0.85,plus,11,fixed,16,0.040257076499900624,0.899342974754447,False
8,0.35,1.3,plus,11,cost,0,0.15995927366346163,0.8263658405813288,False
8,0.35,1.3,plus,11,cost,16,0.004753817430612983,0.9920433411590935,False
8,0.35,1.3,plus,11,cost,32,0.0018560521971755506,0.9961712006382853,False
8,0.35,1.3,plus,11,cost,64,0.00012580052685784437,0.9998753003476721,True
8,0.35,1.3,plus,11,cost,96,1.5363810378810072e-05,0.9999884582949694,True
8,0.35,1.3,plus,11,cost,128,3.1078138675866285e-06,0.9999977808972563,True
8,0.35,1.3,plus,11,cost,128,3.1078138675866285e-06,0.9999977808972563,True
8,0.65,1.1,antiphase,11,cost,6,0.6513446920840856,0.06514975126746914,False
8,0.65,1.1,antiphase,11,cost,16,0.2967811820698505,0.38309961492314937,False
8,0.65,1.1,antiphase,11,cost,32,0.03540385045494965,0.9333770577823989,False
8,0.65,1.1,antiphase,11,cost,64,0.0027039647205648887,0.9963197523722778,False
8,0.65,1.1,antiphase,11,cost,96,0.0005077682123071359,0.999482242960333,True
8,0.65,1.1,antiphase,11,cost,128,0.00013957958647736746,0.9998695526096659,True
8,0.65,1.1,antiphase,11,cost,128,0.00013957958647736746,0.9998695526096659,True
12,0.3,0.6,plus,11,cost,0,0.2780884641109806,0.3591986704277182,False
12,0.3,0.6,plus,11,cost,32,0.007356796102312361,0.9583968283268722,False
12,0.3,0.6,plus,11,cost,64,0.0012032035138860309,0.9914596575513016,False
12,0.3,0.6,plus,11,cost,128,7.080263183597187e-05,0.9996614673198198,True
12,0.3,0.6,plus,11,cost,128,7.080263183597187e-05,0.9996614673198198,True
8,0.3,1.2,ghz,11,fixed,7,0.6710134982110622,0.04761908843861139,False
8,0.3,1.2,ghz,11,fixed,23,0.12368846110219334,0.8388981202080331,False
8,0.25,0.7,antiphase,11,cost,6,0.7134914883793803,0.003912201210712371,False
8,0.25,0.7,antiphase,11,cost,16,0.39249499348422257,0.17074128419105083,False
8,0.25,0.7,antiphase,11,cost,32,0.11830516525873269,0.5130049137154643,False
8,0.25,0.7,antiphase,11,cost,64,0.0007934379365628352,0.9960105918831924,False
8,0.25,0.7,antiphase,11,cost,96,2.5464396970154013e-05,0.9999512768491328,True
8,0.25,0.7,antiphase,11,cost,128,3.60417495359755e-06,0.9999945886709967,True
8,0.25,0.7,antiphase,11,cost,128,3.60417495359755e-06,0.9999945886709967,True
8,0.25,1.5,antiphase,11,cost,6,1.3949956024941388,0.014598072706209287,False
8,0.25,1.5,antiphase,11,cost,16,0.4799299946197788,0.4119102844989232,False
8,0.25,1.5,antiphase,11,cost,32,0.015819191802655563,0.9776829946438874,False
8,0.25,1.5,antiphase,11,cost,64,6.911983781154873e-05,0.9999202462958273,True
8,0.25,1.5,antiphase,11,cost,96,1.9783277709350955e-06,0.9999986768598708,True
8,0.25,1.5,antiphase,11,cost,128,4.2274850686752075e-07,0.9999997365578279,True
8,0.25,1.5,antiphase,11,cost,128,4.2274850686752075e-07,0.9999997365578279,True
8,0.15,0.9,plus,11,cost,0,0.24293794151341408,0.5581006031211136,False
8,0.15,0.9,plus,11,cost,16,0.023910976357637503,0.9000418485097528,False
8,0.15,0.9,plus,11,cost,32,0.009285485828766538,0.95323956473675,False
8,0.15,0.9,plus,11,cost,64,0.0008729700070893021,0.9981561106503481,False
8,0.15,0.9,plus,11,cost,128,5.256267461506425e-06,0.9999940255686268,True
8,0.15,0.9,plus,11,cost,128,5.256267461506425e-06,0.9999940255686268,True
8,0.8,1.6,plus,11,cost,0,0.18053544227126883,0.8470581328039312,False
8,0.8,1.6,plus,11,cost,16,0.060638885788031116,0.921764621482649,False
8,0.8,1.6,plus,11,cost,32,0.008281074099463659,0.9910508046725481,False
8,0.8,1.6,plus,11,cost,64,0.000529537187037521,0.9996114585836652,True
8,0.8,1.6,plus,11,cost,128,0.00013345265481623514,0.999912556077881,True
8,0.8,1.6,plus,11,cost,128,0.00013345265481623514,0.999912556077881,True
8,0.05,2.0,antiphase,11,cost,6,2.0726954373544433,0.010617165513420816,False
8,0.05,2.0,antiphase,11,cost,16,1.0878762606215797,0.23102473341617516,False
8,0.05,2.0,antiphase,11,cost,32,0.81831910955305,0.25288849585076834,False
8,0.05,2.0,antiphase,11,cost,64,0.00046087943079831106,0.9994372955521961,True
8,0.05,2.0,antiphase,11,cost,128,1.1860644995032033e-06,0.9999993817560183,True
8,0.05,2.0,antiphase,11,cost,128,1.1860644995032033e-06,0.9999993817560183,True
8,0.3,1.5,ghz,11,cost,7,0.9436488161085411,0.03504767164610264,False
8,0.3,1.5,ghz,11,cost,15,0.6078812563188887,0.13392437094561133,False
8,0.3,1.5,ghz,11,cost,31,0.032714749025817724,0.9592969180278021,False
8,0.3,1.5,ghz,11,cost,63,0.0001066889991325759,0.9998871375085121,True
8,0.3,1.5,ghz,11,cost,95,4.996107389576565e-06,0.9999965752554795,True
8,0.3,1.5,ghz,11,cost,127,9.504989617603599e-07,0.9999993660685237,True
8,0.3,1.5,ghz,11,cost,127,9.504989617603599e-07,0.9999993660685237,True
12,0.3,0.8,plus,11,cost,0,0.22939398323607296,0.5250090228051935,False
12,0.3,0.8,plus,11,cost,32,0.00567667237214146,0.9772918110343809,False
12,0.3,0.8,plus,11,cost,64,0.00021231927012591947,0.9984496650095768,False
12,0.3,0.8,plus,11,cost,96,0.0001532700881208271,0.9987564279952554,False
12,0.3,0.8,plus,11,cost,128,0.00010576687758027485,0.9992808446852015,True
12,0.3,0.8,plus,11,cost,128,0.00010576687758027485,0.9992808446852015,True
8,0.8,0.2,plus,11,gradient,0,0.6128660251752662,0.044882969890375046,False
8,0.8,0.2,plus,11,gradient,16,0.14652812101828916,0.25058241985235097,False
8,0.8,0.2,plus,11,gradient,64,0.00027411378650854523,0.5006313956936169,False
8,0.8,0.2,plus,11,gradient,128,0.00025070832376283825,0.5010306431379186,False
8,0.8,0.2,plus,11,gradient,128,0.00025070832376283825,0.5010306431379186,False
8,0.7,0.8,ghz,11,cost,7,0.7537065771445595,0.0041965910932243375,False
8,0.7,0.8,ghz,11,cost,15,0.4300296329720762,0.04804711048416292,False
8,0.7,0.8,ghz,11,cost,31,0.13556658638953212,0.3148365595913146,False
8,0.7,0.8,ghz,11,cost,95,0.0020003774261037055,0.9969758793622779,False
8,0.7,0.8,ghz,11,cost,127,0.0009093504568333799,0.9986543787770183,True
8,0.7,0.8,ghz,11,cost,127,0.0009093504568333799,0.9986543787770183,True
8,0.8,0.6,ghz,23,fixed,7,0.7475761295690422,0.000558553013722585,False
8,0.8,0.6,ghz,23,fixed,23,0.038142009208958605,0.4263161239311448,False
12,0.0,0.6,plus,11,cost,0,0.49226374540990786,0.020205326506427316,False
12,0.0,0.6,plus,11,cost,32,0.12088972452242223,0.3700665836008048,False
12,0.0,0.6,plus,11,cost,64,0.0015976595902547075,0.9938762087554434,False
12,0.0,0.6,plus,11,cost,96,0.0005089080516406478,0.9978746316130835,True
12,0.0,0.6,plus,11,cost,128,6.822360922094835e-05,0.9997780177922525,True
12,0.0,0.6,plus,11,cost,128,6.822360922094835e-05,0.9997780177922525,True
8,0.05,0.3,plus,11,cost,0,0.6738646179543007,0.028219099938757843,False
8,0.05,0.3,plus,11,cost,16,0.21910534650663005,0.46285055660800667,False
8,0.05,0.3,plus,11,cost,64,5.054780996660568e-06,0.9999874601507325,True
8,0.05,0.3,plus,11,cost,102,8.222617697839496e-09,0.999999990278549,True
8,0.9,0.9,ghz,11,cost,7,1.1073597503669357,0.0011505402571199421,False
8,0.9,0.9,ghz,11,cost,15,0.43195325386241246,0.07952497276630383,False
8,0.9,0.9,ghz,11,cost,31,0.09134161843322053,0.4157488263741621,False
8,0.9,0.9,ghz,11,cost,63,0.009763101762953807,0.9840855936150137,False
8,0.9,0.9,ghz,11,cost,95,0.0031692176233302227,0.9949214574103478,False
8,0.9,0.9,ghz,11,cost,127,0.0015868695586020998,0.9978268914561877,False
8,0.9,0.9,ghz,11,cost,127,0.0015868695586020998,0.9978268914561877,False
8,0.0,0.2,ghz,11,cost,7,0.010025319888919526,0.979973219821065,False
8,0.0,0.2,ghz,11,cost,15,0.005034663813344276,0.9898721308552759,False
8,0.0,0.2,ghz,11,cost,31,1.9516313906509097e-05,0.9999594049745507,True
8,0.0,0.2,ghz,11,cost,31,1.9516313906509097e-05,0.9999594049745507,True
8,0.325,1.75,antiphase,11,cost,6,1.5518269308637584,0.019299388021683534,False
8,0.325,1.75,antiphase,11,cost,16,0.927517910173525,0.21098989157776127,False
8,0.325,1.75,antiphase,11,cost,32,0.745851606736549,0.2217962846128173,False
8,0.325,1.75,antiphase,11,cost,64,0.0019668780206569814,0.997487898214066,False
8,0.325,1.75,antiphase,11,cost,96,6.597634226013227e-05,0.9999461916579278,True
8,0.325,1.75,antiphase,11,cost,128,1.226453751890233e-06,0.9999993415187944,True
8,0.325,1.75,antiphase,11,cost,128,1.226453751890233e-06,0.9999993415187944,True
8,0.65,0.3,antiphase,11,cost,6,0.041630068862301584,0.758512653724197,False
8,0.65,0.3,antiphase,11,cost,16,0.01967811332345193,0.8400866581424205,False
8,0.65,0.3,antiphase,11,cost,32,0.0043941306778900735,0.9146132912589389,False
8,0.65,0.3,antiphase,11,cost,64,0.0031762129847695553,0.9388987702214073,False
8,0.65,0.3,antiphase,11,cost,96,0.0021291370832612344,0.9592704759777512,False
8,0.65,0.3,antiphase,11,cost,128,0.0017757612855047178,0.9703312548251692,False
8,0.65,0.3,antiphase,11,cost,128,0.0017757612855047178,0.9703312548251692,False
8,0.675,0.55,plus,11,cost,0,0.3014234607226476,0.5662427872590996,False
8,0.675,0.55,plus,11,cost,16,0.06465409027952229,0.741443606109501,False
8,0.675,0.55,plus,11,cost,32,0.022672290495124647,0.8884520379867769,False
8,0.675,0.55,plus,11,cost,64,0.008183600159385795,0.9667729274110268,False
8,0.675,0.55,plus,11,cost,96,0.0032799461786059414,0.9924507797341452,False
8,0.675,0.55,plus,11,cost,128,0.0014272756546014342,0.9975219927967177,False
8,0.675,0.55,plus,11,cost,128,0.0014272756546014342,0.9975219927967177,False
8,0.3,1.6,plus,11,cost,0,0.1363895783742315,0.8682147541920524,False
8,0.3,1.6,plus,11,cost,16,0.0027101921403283047,0.9964921415182278,False
8,0.3,1.6,plus,11,cost,32,0.0007849462419371456,0.9987363928745256,False
8,0.3,1.6,plus,11,cost,64,2.6760006541781678e-05,0.9999785873352696,True
8,0.3,1.6,plus,11,cost,96,3.624327826745599e-06,0.9999977757149027,True
8,0.3,1.6,plus,11,cost,128,5.711153081566778e-07,0.9999996633111333,True
8,0.3,1.6,plus,11,cost,128,5.711153081566778e-07,0.9999996633111333,True
8,0.8,1.8,plus,11,cost,0,0.16574050423578068,0.8702693399453075,False
8,0.8,1.8,plus,11,cost,16,0.05310958334416638,0.9346211601851917,False
8,0.8,1.8,plus,11,cost,32,0.007675926094385943,0.9934724626767788,False
8,0.8,1.8,plus,11,cost,96,0.0001022138239954451,0.9999387382243549,True
8,0.8,1.8,plus,11,cost,128,4.126449409014299e-05,0.9999760574177986,True
8,0.8,1.8,plus,11,cost,128,4.126449409014299e-05,0.9999760574177986,True
8,0.6,1.2,plus,11,cost,0,0.1837612656665224,0.8143463271922718,False
8,0.6,1.2,plus,11,cost,16,0.027209269012915538,0.9497720766785155,False
8,0.6,1.2,plus,11,cost,32,0.008895461450649345,0.9871581923873558,False
8,0.6,1.2,plus,11,cost,64,0.0007340287161596848,0.9992280593053683,True
8,0.6,1.2,plus,11,cost,128,6.715766364973064e-05,0.9999469110515663,True
8,0.6,1.2,plus,11,cost,128,6.715766364973064e-05,0.9999469110515663,True
8,0.9,1.4,ghz,11,cost,7,1.5226957400059435,0.0033597377457327267,False
8,0.9,1.4,ghz,11,cost,15,0.798231094763497,0.05937379104630338,False
8,0.9,1.4,ghz,11,cost,31,0.07290008200096354,0.8894991674495345,False
8,0.9,1.4,ghz,11,cost,95,0.0009197124379567434,0.9992214768199937,True
8,0.9,1.4,ghz,11,cost,127,0.0003433785470356998,0.9997202135878647,True
8,0.9,1.4,ghz,11,cost,127,0.0003433785470356998,0.9997202135878647,True
8,0.4,1.2,plus,11,cost,0,0.16992909988499183,0.8114410931932003,False
8,0.4,1.2,plus,11,cost,16,0.007889520122173366,0.984793490619456,False
8,0.4,1.2,plus,11,cost,32,0.0028627049434057916,0.993767714428287,False
8,0.4,1.2,plus,11,cost,64,0.0001573328708348587,0.9998484549477208,True
8,0.4,1.2,plus,11,cost,96,2.8959320888422013e-05,0.9999778192502278,True
8,0.4,1.2,plus,11,cost,128,1.0087299536110095e-05,0.9999922932484813,True
8,0.4,1.2,plus,11,cost,128,1.0087299536110095e-05,0.9999922932484813,True
8,0.85,1.3,plus,11,cost,0,0.2209862900994235,0.7817173438366933,False
8,0.85,1.3,plus,11,cost,16,0.07019171349614983,0.8843089446633852,False
8,0.85,1.3,plus,11,cost,32,0.011934995755532807,0.9831001900449713,False
8,0.85,1.3,plus,11,cost,64,0.00144610165895398,0.9984843976802754,False
8,0.85,1.3,plus,11,cost,96,0.0005551296718324661,0.9995202682097809,True
8,0.85,1.3,plus,11,cost,128,0.00034217693129767746,0.9997098049969054,True
8,0.85,1.3,plus,11,cost,128,0.00034217693129767746,0.9997098049969054,True
8,0.525,0.85,plus,11,cost,0,0.21893706965793247,0.7237381285443011,False
8,0.525,0.85,plus,11,cost,16,0.02091172217962667,0.9453718703784975,False
8,0.525,0.85,plus,11,cost,32,0.011301943952716442,0.9708280272687467,False
8,0.525,0.85,plus,11,cost,64,0.0011091645211616097,0.9981217299579711,False
8,0.525,0.85,plus,11,cost,96,0.0003336875700006292,0.9995757567288601,True
8,0.525,0.85,plus,11,cost,128,0.000185091376948332,0.9997919879577294,True
8,0.525,0.85,plus,11,cost,128,0.000185091376948332,0.9997919879577294,True
8,0.5,1.3,ghz,11,cost,7,0.9650041098706875,0.01684022964714782,False
8,0.5,1.3,ghz,11,cost,15,0.5410947908205401,0.1420356709362892,False
8,0.5,1.3,ghz,11,cost,31,0.039656305469099484,0.9413973078995953,False
8,0.5,1.3,ghz,11,cost,63,0.0009545251583966685,0.998983888216468,True
8,0.5,1.3,ghz,11,cost,127,1.663779523908282e-05,0.9999877715117119,True
8,0.5,1.3,ghz,11,cost,127,1.663779523908282e-05,0.9999877715117119,True
8,0.25,1.1,antiphase,11,cost,6,1.0363365090815924,0.010797735556100233,False
8,0.25,1.1,antiphase,11,cost,16,0.43062080590464336,0.3221010990242679,False
8,0.25,1.1,antiphase,11,cost,32,0.19556411857699407,0.47708559509600273,False
8,0.25,1.1,antiphase,11,cost,64,7.143385786445577e-05,0.999826113034909,True
8,0.25,1.1,antiphase,11,cost,96,1.6032878255911598e-05,0.9999799671603796,True
8,0.25,1.1,antiphase,11,cost,128,2.6469708920284774e-06,0.9999974743790139,True
8,0.25,1.1,antiphase,11,cost,128,2.6469708920284774e-06,0.9999974743790139,True
8,0.325,0.15,antiphase,11,fixed,6,0.35845156560165375,1.7509415572952666e-07,False
8,0.325,0.15,antiphase,11,fixed,22,0.3584515656016538,1.750941557295267e-07,False
12,0.3,1.5,ghz,11,cost,11,0.9435887661687049,0.004646130986577355,False
12,0.3,1.5,ghz,11,cost,31,0.30124833539068757,0.3922204221772523,False
12,0.3,1.5,ghz,11,cost,63,0.17283796055240716,0.4898444040392104,False
12,0.3,1.5,ghz,11,cost,95,0.16413513081977715,0.49186454624017517,False
12,0.3,1.5,ghz,11,cost,127,7.783586676820183e-05,0.9998437167130756,True
12,0.3,1.5,ghz,11,cost,127,7.783586676820183e-05,0.9998437167130756,True
8,0.15,0.7,plus,11,cost,0,0.313033359014776,0.3096082843151147,False
8,0.15,0.7,plus,11,cost,16,0.06126728200400622,0.6529231252192951,False
8,0.15,0.7,plus,11,cost,32,0.030329697655119725,0.8023574633547541,False
8,0.15,0.7,plus,11,cost,64,0.0009693172814539963,0.9983904382442811,True
8,0.15,0.7,plus,11,cost,128,6.211642314291055e-06,0.9999921926513393,True
8,0.15,0.7,plus,11,cost,128,6.211642314291055e-06,0.9999921926513393,True
12,0.0,1.0,antiphase,11,cost,10,1.2768829292567319,2.889474964713007e-05,False
12,0.0,1.0,antiphase,11,cost,32,0.5171826357786945,0.05328615888011239,False
12,0.0,1.0,antiphase,11,cost,64,0.2176477862920705,0.41157723461559925,False
12,0.0,1.0,antiphase,11,cost,128,0.18843016049837194,0.42421520906886695,False
12,0.0,1.0,antiphase,11,cost,128,0.18843016049837194,0.42421520906886695,False
8,0.3,1.0,ghz,11,cost,7,0.49596542644917274,0.06403663110582528,False
8,0.3,1.0,ghz,11,cost,15,0.33290110391422434,0.15055673686835028,False
8,0.3,1.0,ghz,11,cost,31,0.040261150794936196,0.9247344872279982,False
8,0.3,1.0,ghz,11,cost,63,0.0001961319097114611,0.9995818261971469,True
8,0.3,1.0,ghz,11,cost,95,3.568750193050363e-05,0.999956573634697,True
8,0.3,1.0,ghz,11,cost,127,5.773919850904363e-06,0.9999941527077499,True
8,0.3,1.0,ghz,11,cost,127,5.773919850904363e-06,0.9999941527077499,True
8,0.85,1.2,antiphase,11,cost,6,0.5836251149167128,0.1335053094675295,False
8,0.85,1.2,antiphase,11,cost,16,0.2637686785844551,0.48051625657682623,False
8,0.85,1.2,antiphase,11,cost,32,0.04650298637322914,0.9174324525701586,False
8,0.85,1.2,antiphase,11,cost,96,0.0009295429005518052,0.9990526397814589,True
8,0.85,1.2,antiphase,11,cost,128,0.00041184072259881077,0.999634461679354,True
8,0.85,1.2,antiphase,11,cost,128,0.00041184072259881077,0.999634461679354,True
8,0.05,0.6,plus,11,cost,0,0.44845859511744335,0.11127587893923299,False
8,0.05,0.6,plus,11,cost,16,0.13492417635910559,0.46607885384121334,False
8,0.05,0.6,plus,11,cost,32,0.0026297940898014627,0.9920219798921125,False
8,0.05,0.6,plus,11,cost,64,0.00030502087868522487,0.9993310654743556,True
8,0.05,0.6,plus,11,cost,122,1.0928344518212896e-07,0.9999998760364551,True
8,0.35,1.6,plus,11,cost,0,0.13641937102417545,0.8721095251305576,False
8,0.35,1.6,plus,11,cost,16,0.0045245012910224425,0.9936452818695592,False
8,0.35,1.6,plus,11,cost,32,0.0011638610886250955,0.9982296627566538,False
8,0.35,1.6,plus,11,cost,64,4.825505937278152e-05,0.9999644451002659,True
8,0.35,1.6,plus,11,cost,96,3.742444508514353e-06,0.9999977129292374,True
8,0.35,1.6,plus,11,cost,128,1.0319890046961433e-06,0.9999994257613677,True
8,0.35,1.6,plus,11,cost,128,1.0319890046961433e-06,0.9999994257613677,True
8,0.65,0.6,antiphase,11,cost,6,0.2320765369016735,0.13496104234527065,False
8,0.65,0.6,antiphase,11,cost,16,0.13867141186099874,0.29535211704984055,False
8,0.65,0.6,antiphase,11,cost,32,0.058244242170114924,0.6222663417049048,False
8,0.65,0.6,antiphase,11,cost,64,0.007718295527511021,0.9799536480425203,False
8,0.65,0.6,antiphase,11,cost,96,0.0027482546869074254,0.993060570788753,False
8,0.65,0.6,antiphase,11,cost,128,0.0012262004992343867,0.9977890972518477,False
8,0.65,0.6,antiphase,11,cost,128,0.0012262004992343867,0.9977890972518477,False
8,0.9,1.4,plus,11,cost,0,0.2226957400059466,0.7861986789465525,False
8,0.9,1.4,plus,11,cost,16,0.07509281798892653,0.882775972969144,False
8,0.9,1.4,plus,11,cost,32,0.016161063419239285,0.9763233787983727,False
8,0.9,1.4,plus,11,cost,128,0.00026159334104858267,0.9997920273673766,True
8,0.9,1.4,plus,11,cost,128,0.00026159334104858267,0.9997920273673766,True
8,0.6,1.1,antiphase,11,cost,6,0.6942770476503265,0.05187027314512073,False
8,0.6,1.1,antiphase,11,cost,16,0.45054019220620356,0.20624872289890403,False
8,0.6,1.1,antiphase,11,cost,32,0.04687130175915066,0.9123272459558933,False
8,0.6,1.1,antiphase,11,cost,64,0.0024298112860414722,0.9965560664633325,False
8,0.6,1.1,antiphase,11,cost,96,0.000398890732827617,0.9996138462975129,True
8,0.6,1.1,antiphase,11,cost,128,0.00010424455345958705,0.9999062030066713,True
8,0.6,1.1,antiphase,11,cost,128,0.00010424455345958705,0.9999062030066713,True
8,0.45,0.15,ghz,37,cost,7,0.02172680403016114,0.07046572400413456,False
8,0.45,0.15,ghz,37,cost,15,0.016620019433035704,0.07565055808003145,False
8,0.45,0.15,ghz,37,cost,31,0.011313212831080888,0.09023619044482972,False
8,0.45,0.15,ghz,37,cost,63,0.010733632924263548,0.11446593235149222,False
8,0.45,0.15,ghz,37,cost,95,0.0029853927648209044,0.8440380692984523,False
8,0.45,0.15,ghz,37,cost,127,0.002632126284031311,0.8764718385327727,False
8,0.45,0.15,ghz,37,cost,127,0.002632126284031311,0.8764718385327727,False
8,0.7,1.5,plus,11,cost,0,0.17128543276347252,0.8502979028184224,False
8,0.7,1.5,plus,11,cost,16,0.043506649701657185,0.9365057067366722,False
8,0.7,1.5,plus,11,cost,32,0.008202378421430234,0.9913663395673592,False
8,0.7,1.5,plus,11,cost,64,0.0003545595664307122,0.9997478366956003,True
8,0.7,1.5,plus,11,cost,96,0.00015203224148030436,0.9998942483215446,True
8,0.7,1.5,plus,11,cost,128,7.257867301313503e-05,0.9999515514673534,True
8,0.7,1.5,plus,11,cost,128,7.257867301313503e-05,0.9999515514673534,True
8,0.25,1.1,plus,11,cost,0,0.18633650908159338,0.754773878301734,False
8,0.25,1.1,plus,11,cost,16,0.0064038037968270345,0.9882655379685207,False
8,0.25,1.1,plus,11,cost,32,0.00038178049159398597,0.999288656141926,True
8,0.25,1.1,plus,11,cost,96,2.3894202016094823e-05,0.99995677353369,True
8,0.25,1.1,plus,11,cost,128,3.875742121017822e-06,0.9999960663744515,True
8,0.25,1.1,plus,11,cost,128,3.875742121017822e-06,0.9999960663744515,True
8,0.0,1.7,ghz,11,cost,7,0.8510948359359942,0.08799959006786144,False
8,0.0,1.7,ghz,11,cost,15,0.5300758689585987,0.2198159596737818,False
8,0.0,1.7,ghz,11,cost,31,0.03771573153575858,0.9551893112383235,False
8,0.0,1.7,ghz,11,cost,63,0.00011445113196861811,0.9999084116033496,True
8,0.0,1.7,ghz,11,cost,127,6.791549731488544e-07,0.9999996248706094,True
8,0.0,1.7,ghz,11,cost,127,6.791549731488544e-07,0.9999996248706094,True
8,0.025,0.35,antiphase,11,fixed,6,0.9817001786801421,6.022247538902324e-07,False
8,0.025,0.35,antiphase,11,fixed,22,0.9817001786801421,6.022247538902306e-07,False
8,0.45,0.15,antiphase,37,cost,6,0.12172680403016128,0.00048412150083379453,False
8,0.45,0.15,antiphase,37,cost,16,0.11385725380094025,0.001054437064945202,False
8,0.45,0.15,antiphase,37,cost,32,0.10868686420642881,0.0025663869153956737,False
8,0.45,0.15,antiphase,37,cost,64,0.003696387439064308,0.800133910090352,False
8,0.45,0.15,antiphase,37,cost,96,0.0029545704976914333,0.8275175916397217,False
8,0.45,0.15,antiphase,37,cost,128,0.0016888269634237618,0.9317738302631535,False
8,0.45,0.15,antiphase,37,cost,128,0.0016888269634237618,0.9317738302631535,False
8,0.65,1.5,ghz,11,cost,7,1.3141621578932432,0.009307209494035528,False
8,0.65,1.5,ghz,11,cost,15,0.7873739472254748,0.08469194049521811,False
8,0.65,1.5,ghz,11,cost,31,0.05552502786372804,0.9273079424368786,False
8,0.65,1.5,ghz,11,cost,63,0.0007583050513750855,0.9994432561162099,True
8,0.65,1.5,ghz,11,cost,95,0.0001397131570102239,0.9998986781337726,True
8,0.65,1.5,ghz,11,cost,127,2.638870339866095e-05,0.9999819351076429,True
8,0.65,1.5,ghz,11,cost,127,2.638870339866095e-05,0.9999819351076429,True
8,0.7,0.2,antiphase,11,cost,6,0.014929520022679665,0.9530198453298873,False
8,0.7,0.2,antiphase,11,cost,16,0.00595368350073977,0.9805377284853225,False
8,0.7,0.2,antiphase,11,cost,32,0.00021581697674011302,0.9986825772633284,True
8,0.7,0.2,antiphase,11,cost,64,0.00011736017395225229,0.9992793774798201,True
8,0.7,0.2,antiphase,11,cost,128,2.4643010970049062e-05,0.9998572369688079,True
8,0.7,0.2,antiphase,11,cost,128,2.4643010970049062e-05,0.9998572369688079,True
8,0.825,0.35,plus,11,gradient,0,0.5153475045344833,0.09987367059600374,False
8,0.825,0.35,plus,11,gradient,16,0.20739487684621494,0.17029803536337157,False
8,0.825,0.35,plus,11,gradient,32,0.012123564198216696,0.48509675733920776,False
8,0.825,0.35,plus,11,gradient,64,0.0026473119525125544,0.5029091624642278,False
8,0.825,0.35,plus,11,gradient,96,0.002226314671006091,0.5106623477947091,False
8,0.825,0.35,plus,11,gradient,128,0.002196410971932572,0.5117070781908231,False
8,0.825,0.35,plus,11,gradient,128,0.002196410971932572,0.5117070781908231,False
8,0.175,0.55,antiphase,11,fixed,6,0.7489889107416137,0.00023923254167779073,False
8,0.175,0.55,antiphase,11,fixed,22,0.7489889107416137,0.00023923254167779052,False
8,1.0,2.0,plus,11,cost,0,0.19120888378872225,0.8547250428229191,False
8,1.0,2.0,plus,11,cost,16,0.07283901044170316,0.9283453446857217,False
8,1.0,2.0,plus,11,cost,32,0.012106970430967312,0.9885430194198066,False
8,1.0,2.0,plus,11,cost,64,0.0006139650460936785,0.9996584891750704,True
8,1.0,2.0,plus,11,cost,96,0.00020497753870474256,0.9998887042807018,True
8,1.0,2.0,plus,11,cost,128,8.437871867483793e-05,0.9999566955473217,True
8,1.0,2.0,plus,11,cost,128,8.437871867483793e-05,0.9999566955473217,True
8,0.8,0.4,plus,11,gradient,0,0.4564908659982555,0.148165412310859,False
8,0.8,0.4,plus,11,gradient,16,0.164472864167565,0.22353319224817586,False
8,0.8,0.4,plus,11,gradient,32,0.02399096933053413,0.47129647586555207,False
8,0.8,0.4,plus,11,gradient,64,0.0049145375149668435,0.5136268432155429,False
8,0.8,0.4,plus,11,gradient,96,0.004399910448486866,0.5216653121665439,False
8,0.8,0.4,plus,11,gradient,128,0.001061224336261657,0.995741489944876,False
8,0.8,0.4,plus,11,gradient,128,0.001061224336261657,0.995741489944876,False
8,0.0,1.1,plus,23,gradient,0,0.2494084590468375,0.5240703132648579,False
8,0.0,1.1,plus,23,gradient,16,0.045665799039838806,0.8330243658983486,False
8,0.0,1.1,plus,23,gradient,96,0.0003563919540485738,0.9995797192744346,True
8,0.0,1.1,plus,23,gradient,118,2.5466850850364153e-10,0.9999999998010649,True
8,0.825,0.15,plus,11,fixed,0,0.6819203126954497,0.033135575059120945,False
8,0.825,0.15,plus,11,fixed,16,0.30890943813944727,0.0658604694525099,False
8,0.7,1.9,plus,11,cost,0,0.14463096646243034,0.8915441862869231,False
8,0.7,1.9,plus,11,cost,16,0.03779825994668906,0.9566897120120196,False
8,0.7,1.9,plus,11,cost,32,0.0053908614775148855,0.9953836186915542,False
8,0.7,1.9,plus,11,cost,64,0.00015022022107835653,0.9999155754381359,True
8,0.7,1.9,plus,11,cost,96,6.756797542140092e-05,0.9999621129745454,True
8,0.7,1.9,plus,11,cost,128,2.42567604069599e-05,0.9999875277629612,True
8,0.7,1.9,plus,11,cost,128,2.42567604069599e-05,0.9999875277629612,True
8,0.9,1.0,antiphase,11,cost,6,0.38426999848498855,0.23972519151292734,False
8,0.9,1.0,antiphase,11,cost,16,0.18752334679043559,0.5489439101203203,False
8,0.9,1.0,antiphase,11,cost,32,0.03426774049374215,0.912759541492416,False
8,0.9,1.0,antiphase,11,cost,128,0.0008552806944992497,0.9990620526556532,True
8,0.9,1.0,antiphase,11,cost,128,0.0008552806944992497,0.9990620526556532,True
8,0.975,0.55,plus,11,fixed,0,0.5131985860163298,0.16866382525392112,False
8,0.975,0.55,plus,11,fixed,16,0.2726847052386603,0.19323129815349077,False
8,0.25,1.5,plus,11,cost,0,0.14499560249413967,0.8476744245801363,False
8,0.25,1.5,plus,11,cost,16,0.0027741329927974956,0.9965055662864465,False
8,0.25,1.5,plus,11,cost,32,0.00029803525346450144,0.9994857433155919,True
8,0.25,1.5,plus,11,cost,64,1.7485768660563394e-05,0.9999843808868192,True
8,0.25,1.5,plus,11,cost,128,4.0340858187271067e-07,0.9999997562102063,True
8,0.25,1.5,plus,11,cost,128,4.0340858187271067e-07,0.9999997562102063,True
12,0.3,1.8,ghz,11,cost,11,1.2238772622970684,0.00336611834786445,False
12,0.3,1.8,ghz,11,cost,31,0.4576880917830068,0.1982968476221577,False
12,0.3,1.8,ghz,11,cost,63,0.22511283921202185,0.49340976015192684,False
12,0.3,1.8,ghz,11,cost,95,0.0004940639198055171,0.9991858129595225,True
12,0.3,1.8,ghz,11,cost,127,4.053225205158384e-05,0.9999322276314854,True
12,0.3,1.8,ghz,11,cost,127,4.053225205158384e-05,0.9999322276314854,True
8,0.675,0.55,antiphase,11,fixed,6,0.17642346072264692,0.21945404442402464,False
8,0.675,0.55,antiphase,11,fixed,22,0.17642346072264692,0.21945404442402464,False
8,0.75,1.4,plus,11,cost,0,0.18827698785541314,0.827851094982483,False
8,0.75,1.4,plus,11,cost,16,0.05654749463805575,0.912602598543819,False
8,0.75,1.4,plus,11,cost,32,0.008799762427923241,0.9904500493471342,False
8,0.75,1.4,plus,11,cost,96,0.0002584410568473583,0.9997958088576532,True
8,0.75,1.4,plus,11,cost,128,0.00013202753105812093,0.999902154507142,True
8,0.75,1.4,plus,11,cost,128,0.00013202753105812093,0.999902154507142,True
8,0.0,0.9,ghz,37,cost,7,0.2216609572519983,0.534477467885496,False
8,0.0,0.9,ghz,37,cost,15,0.1229673294175142,0.6847301069943068,False
8,0.0,0.9,ghz,37,cost,31,0.021487473503099874,0.9044926950308199,False
8,0.0,0.9,ghz,37,cost,63,0.0032431226178681882,0.9954850011367194,False
8,0.0,0.9,ghz,37,cost,95,4.701070141521768e-05,0.9999477883866607,True
8,0.0,0.9,ghz,37,cost,127,5.067165440575394e-07,0.9999995634476709,True
8,0.0,0.9,ghz,37,cost,127,5.067165440575394e-07,0.9999995634476709,True
8,0.95,0.1,ghz,11,cost,7,0.902643929392224,3.686348563849793e-11,False
8,0.95,0.1,ghz,11,cost,15,0.44653403653251333,6.519085862361432e-05,False
8,0.95,0.1,ghz,11,cost,31,1.5614915904960114e-05,0.49999307023931994,False
8,0.95,0.1,ghz,11,cost,63,9.831221946421387e-06,0.5000155743426284,False
8,0.95,0.1,ghz,11,cost,83,9.132061992933593e-06,0.5000267926220826,False
8,0.4,0.2,plus,11,cost,0,0.4184765708131203,0.07999017274683264,False
8,0.4,0.2,plus,11,cost,16,0.03021270839299539,0.4636427019853758,False
8,0.4,0.2,plus,11,cost,32,0.010719763765196899,0.662636705249855,False
8,0.4,0.2,plus,11,cost,128,6.0185737643658754e-06,0.999979696241415,True
8,0.4,0.2,plus,11,cost,128,6.0185737643658754e-06,0.999979696241415,True
12,0.3,0.5,ghz,11,cost,11,0.11275980843117554,0.20639349398538123,False
12,0.3,0.5,ghz,11,cost,31,0.04033787043506942,0.3496787607940075,False
12,0.3,0.5,ghz,11,cost,63,0.02018738577918396,0.4492232319515846,False
12,0.3,0.5,ghz,11,cost,95,0.017087653067867414,0.5068462077311228,False
12,0.3,0.5,ghz,11,cost,127,0.001398003020582017,0.9759320380939539,False
12,0.3,0.5,ghz,11,cost,127,0.001398003020582017,0.9759320380939539,False
8,0.65,0.1,antiphase,11,cost,6,0.0038987182082508287,0.9876062168651636,False
8,0.65,0.1,antiphase,11,cost,16,0.0015026124852575151,0.9951485196671273,False
8,0.65,0.1,antiphase,11,cost,32,1.862412555342363e-05,0.9998737189025159,True
8,0.65,0.1,antiphase,11,cost,64,9.694497742906982e-06,0.9999342795552321,True
8,0.65,0.1,antiphase,11,cost,128,9.271852765557753e-07,0.9999931994073021,True
8,0.65,0.1,antiphase,11,cost,128,9.271852765557753e-07,0.9999931994073021,True
8,0.55,0.1,antiphase,11,cost,6,0.004824260158615146,0.9617881549125694,False
8,0.55,0.1,antiphase,11,cost,16,0.0019960748146704566,0.9732498974421002,False
8,0.55,0.1,antiphase,11,cost,32,0.0002229061578010727,0.9810986262485496,False
8,0.55,0.1,antiphase,11,cost,64,0.0001722429508287382,0.9844387418848185,False
8,0.55,0.1,antiphase,11,cost,96,0.00013069041953273075,0.9870601843538588,False
8,0.55,0.1,antiphase,11,cost,128,0.00011649847358963239,0.9887226620890628,False
8,0.55,0.1,antiphase,11,cost,128,0.00011649847358963239,0.9887226620890628,False
8,0.0,1.8,plus,11,cost,0,0.14217167596568547,0.8415226516860692,False
8,0.0,1.8,plus,11,cost,16,0.009957137558152862,0.9848106311519047,False
8,0.0,1.8,plus,11,cost,32,0.0018257519998905458,0.9969168043737561,False
8,0.0,1.8,plus,11,cost,128,1.2262534752061072e-06,0.9999993481187724,True
8,0.0,1.8,plus,11,cost,128,1.2262534752061072e-06,0.9999993481187724,True
8,0.95,1.4,antiphase,11,cost,6,0.687193752325278,0.1396104723487637,False
8,0.95,1.4,antiphase,11,cost,16,0.29007361828746525,0.5395229696102336,False
8,0.95,1.4,antiphase,11,cost,32,0.035389415002255564,0.9524324485993937,False
8,0.95,1.4,antiphase,11,cost,64,0.0024808751754377134,0.9978216640985926,False
8,0.95,1.4,antiphase,11,cost,96,0.0008553607316486023,0.9992982996560775,True
8,0.95,1.4,antiphase,11,cost,128,0.00038039057839589496,0.9996972256258888,True
8,0.95,1.4,antiphase,11,cost,128,0.00038039057839589496,0.9996972256258888,True
8,0.95,1.8,ghz,11,cost,7,1.9458198990998714,0.003983831149341162,False
8,0.95,1.8,ghz,11,cost,15,0.9031669732160097,0.11200741126402597,False
8,0.95,1.8,ghz,11,cost,31,0.08115136167924519,0.9065455311462801,False
8,0.95,1.8,ghz,11,cost,95,0.00028784417869021084,0.9998229104809747,True
8,0.95,1.8,ghz,11,cost,127,0.00016118116252439307,0.999900497446189,True
8,0.95,1.8,ghz,11,cost,127,0.00016118116252439307,0.999900497446189,True
8,0.025,1.25,ghz,11,fixed,7,0.48065897217934883,0.1912006006395748,False
8,0.025,1.25,ghz,11,fixed,23,0.09763475148786482,0.7182854633719478,False
8,0.75,1.4,antiphase,11,cost,6,0.8382769878554103,0.07353103707083518,False
8,0.75,1.4,antiphase,11,cost,16,0.5243875828645859,0.2610184427720869,False
8,0.75,1.4,antiphase,11,cost,32,0.048672605309717065,0.9300424776112141,False
8,0.75,1.4,antiphase,11,cost,64,0.0023436955726161557,0.9976750916803042,False
8,0.75,1.4,antiphase,11,cost,96,0.0006504352281226922,0.9994408035499526,True
8,0.75,1.4,antiphase,11,cost,128,0.00021068529590739793,0.9998396633030673,True
8,0.75,1.4,antiphase,11,cost,128,0.00021068529590739793,0.9998396633030673,True
8,0.1,0.4,plus,11,cost,0,0.545306014923662,0.050183904070964645,False
8,0.1,0.4,plus,11,cost,16,0.17497322226886625,0.41320194274735866,False
8,0.1,0.4,plus,11,cost,32,0.0005865218766660796,0.9982882514048969,True
8,0.1,0.4,plus,11,cost,96,6.102351992165467e-06,0.9999926756546561,True
8,0.1,0.4,plus,11,cost,126,9.763931130279957e-08,0.9999998817474062,True
8,0.5,0.1,antiphase,11,cost,6,0.04598192362975506,0.0007761415474945724,False
8,0.5,0.1,antiphase,11,cost,16,0.042848968971253454,0.0010198766413989009,False
8,0.5,0.1,antiphase,11,cost,32,0.04090673319263516,0.0013923976335195923,False
8,0.5,0.1,antiphase,11,cost,64,0.006629747280186282,0.6506225341071543,False
8,0.5,0.1,antiphase,11,cost,96,0.005003145277067689,0.7218339298972704,False
8,0.5,0.1,antiphase,11,cost,128,0.0020652102143988715,0.9297428086820994,False
8,0.5,0.1,antiphase,11,cost,128,0.0020652102143988715,0.9297428086820994,False
8,0.45,1.4,plus,11,cost,0,0.15377132987039288,0.8499061741144212,False
8,0.45,1.4,plus,11,cost,16,0.010970334703708229,0.9819584248553205,False
8,0.45,1.4,plus,11,cost,32,0.0034215863835160842,0.9947014069374095,False
8,0.45,1.4,plus,11,cost,64,0.00012652767325138647,0.9999015056130601,True
8,0.45,1.4,plus,11,cost,128,4.39515089589726e-06,0.9999973282077657,True
8,0.45,1.4,plus,11,cost,128,4.39515089589726e-06,0.9999973282077657,True
8,0.1,1.5,plus,11,cost,0,0.15696111002054947,0.8108090393434412,False
8,0.1,1.5,plus,11,cost,16,0.009045358368853229,0.984206339794078,False
8,0.1,1.5,plus,11,cost,32,0.0012700917239270026,0.9976257618592992,False
8,0.1,1.5,plus,11,cost,64,4.531552624831292e-05,0.9999576238461666,True
8,0.1,1.5,plus,11,cost,96,2.450934453168685e-06,0.9999983427592882,True
8,0.1,1.5,plus,11,cost,128,6.073125009553593e-07,0.999999600984382,True
8,0.1,1.5,plus,11,cost,128,6.073125009553593e-07,0.999999600984382,True
8,0.025,0.85,plus,11,cost,0,0.3275247217057198,0.29268996911459916,False
8,0.025,0.85,plus,11,cost,16,0.08017879185691745,0.6441697907031015,False
8,0.025,0.85,plus,11,cost,32,0.022479475096806478,0.9479617981177813,False
8,0.025,0.85,plus,11,cost,64,0.001016082626862591,0.9985470327214592,False
8,0.025,0.85,plus,11,cost,96,1.3462344033765561e-05,0.9999860471769624,True
8,0.025,0.85,plus,11,cost,128,5.24806170520975e-07,0.9999994604678005,True
8,0.025,0.85,plus,11,cost,128,5.24806170520975e-07,0.9999994604678005,True
8,0.0,1.0,antiphase,23,cost,6,1.2814577238707536,0.001468450803653041,False
8,0.0,1.0,antiphase,23,cost,16,0.5702936800737398,0.07399742534993531,False
8,0.0,1.0,antiphase,23,cost,32,0.034730848931337155,0.8559934244919698,False
8,0.0,1.0,antiphase,23,cost,64,0.0012403209426450346,0.9983737155875865,False
8,0.0,1.0,antiphase,23,cost,96,3.694140948029556e-05,0.9999589960037637,True
8,0.0,1.0,antiphase,23,cost,128,1.9515811189307897e-10,0.9999999998064244,True
8,0.0,1.0,antiphase,23,cost,128,1.9515811189307897e-10,0.9999999998064244,True
8,0.15,1.0,antiphase,11,cost,6,1.0696808663279747,0.005109653611085724,False
8,0.15,1.0,antiphase,11,cost,16,0.4572519418993466,0.2923718155994481,False
8,0.15,1.0,antiphase,11,cost,32,0.1637127427043823,0.5473409497586227,False
8,0.15,1.0,antiphase,11,cost,96,5.318584212821165e-05,0.9999286684321023,True
8,0.15,1.0,antiphase,11,cost,128,4.804047549100687e-06,0.9999950695038681,True
8,0.15,1.0,antiphase,11,cost,128,4.804047549100687e-06,0.9999950695038681,True
8,0.45,1.5,plus,11,cost,0,0.14624986141255336,0.8637231838221637,False
8,0.45,1.5,plus,11,cost,16,0.010748052781388795,0.9835865553317668,False
8,0.45,1.5,plus,11,cost,32,0.0030164067768969627,0.9956717020352339,False
8,0.45,1.5,plus,11,cost,64,0.0001556078158653218,0.9998608423481757,True
8,0.45,1.5,plus,11,cost,96,2.0970492440763877e-05,0.999986521473251,True
8,0.45,1.5,plus,11,cost,128,6.24198780663221e-06,0.9999962242571232,True
8,0.45,1.5,plus,11,cost,128,6.24198780663221e-06,0.9999962242571232,True
8,0.35,1.0,ghz,11,cost,7,0.5434631204362448,0.04540946526019219,False
8,0.35,1.0,ghz,11,cost,15,0.3708223090319025,0.12194551821024514,False
8,0.35,1.0,ghz,11,cost,31,0.04072212173263989,0.9246920647863278,False
8,0.35,1.0,ghz,11,cost,63,0.0005611887300258633,0.9987175986952285,False
8,0.35,1.0,ghz,11,cost,95,3.671730915733029e-05,0.999965258565136,True
8,0.35,1.0,ghz,11,cost,127,8.706325060892084e-06,0.9999919119029267,True
8,0.35,1.0,ghz,11,cost,127,8.706325060892084e-06,0.9999919119029267,True
8,1.0,1.5,plus,11,cost,0,0.23997222654401917,0.770283654572591,False
8,1.0,1.5,plus,11,cost,16,0.08076662889270403,0.913189455736586,False
8,1.0,1.5,plus,11,cost,32,0.02056185459994464,0.9763903009813724,False
8,1.0,1.5,plus,11,cost,64,0.0022931141401127952,0.9978809990436177,False
8,1.0,1.5,plus,11,cost,96,0.00071154613752622,0.9994454804038436,True
8,1.0,1.5,plus,11,cost,128,0.00048473859166908717,0.9996428820020363,True
8,1.0,1.5,plus,11,cost,128,0.00048473859166908717,0.9996428820020363,True
8,0.25,0.3,antiphase,11,cost,6,0.5309464176370403,7.484323948796771e-06,False
8,0.25,0.3,antiphase,11,cost,16,0.42031715964071215,0.0008016167244473229,False
8,0.25,0.3,antiphase,11,cost,32,0.16938508500570992,0.004910718316618534,False
8,0.25,0.3,antiphase,11,cost,64,0.00015557976681002117,0.9991594782630682,True
8,0.25,0.3,antiphase,11,cost,96,2.0963125280548667e-05,0.9999188709149822,True
8,0.25,0.3,antiphase,11,cost,128,1.0083374497593667e-06,0.9999984238185733,True
8,0.25,0.3,antiphase,11,cost,128,1.0083374497593667e-06,0.9999984238185733,True
8,0.85,1.2,plus,11,cost,0,0.23362511491671412,0.7561533388974767,False
8,0.85,1.2,plus,11,cost,16,0.07318608927028336,0.8676986726124933,False
8,0.85,1.2,plus,11,cost,32,0.013587441326444294,0.978205185244526,False
8,0.85,1.2,plus,11,cost,64,0.003073041905641949,0.9966810564460615,False
8,0.85,1.2,plus,11,cost,96,0.0007992317239953195,0.9992341406950672,True
8,0.85,1.2,plus,11,cost,128,0.0004041620902084375,0.9996326056872429,True
8,0.85,1.2,plus,11,cost,128,0.0004041620902084375,0.9996326056872429,True
8,0.325,1.75,antiphase,11,fixed,6,1.5518269308637584,0.019299388021683534,False
8,0.325,1.75,antiphase,11,fixed,22,1.5518269308637587,0.019299388021683527,False
8,0.55,1.2,plus,11,cost,0,0.17835573386541936,0.8165918050905576,False
8,0.55,1.2,plus,11,cost,16,0.020313981724359165,0.9619893658119524,False
8,0.55,1.2,plus,11,cost,32,0.007434073167177591,0.9882083963184859,False
8,0.55,1.2,plus,11,cost,64,0.00048750014653453633,0.9995635111410972,True
8,0.55,1.2,plus,11,cost,96,9.620923750053301e-05,0.9999225492031083,True
8,0.55,1.2,plus,11,cost,128,2.6839639833076134e-05,0.9999781724726436,True
8,0.55,1.2,plus,11,cost,128,2.6839639833076134e-05,0.9999781724726436,True
8,0.25,0.9,antiphase,11,cost,6,0.8676933558375718,0.0077476694108048385,False
8,0.25,0.9,antiphase,11,cost,16,0.3954673237423785,0.2764031911165324,False
8,0.25,0.9,antiphase,11,cost,32,0.025547859480884227,0.9344089846807585,False
8,0.25,0.9,antiphase,11,cost,64,4.145495673291144e-05,0.9999448285889039,True
8,0.25,0.9,antiphase,11,cost,96,5.251901334046849e-06,0.9999941998174928,True
8,0.25,0.9,antiphase,11,cost,128,1.2248525489422235e-06,0.9999984508227184,True
8,0.25,0.9,antiphase,11,cost,128,1.2248525489422235e-06,0.9999984508227184,True
8,0.025,0.55,ghz,11,cost,7,0.07962863052123481,0.8348868547319329,False
8,0.025,0.55,ghz,11,cost,15,0.041222578672691856,0.9087038866141902,False
8,0.025,0.55,ghz,11,cost,31,0.0020068291451560416,0.99348312380885,False
8,0.025,0.55,ghz,11,cost,63,0.0005634086084198575,0.9981980173888285,True
8,0.025,0.55,ghz,11,cost,95,9.225189512518384e-06,0.9999840328568301,True
8,0.025,0.55,ghz,11,cost,111,3.21153221793935e-08,0.9999999630761186,True
8,0.5,0.15,ghz,23,cost,7,0.07108108440839933,0.0022785653611650893,False
8,0.5,0.15,ghz,23,cost,15,0.06548695379492886,0.00301554723362591,False
8,0.5,0.15,ghz,23,cost,31,0.013613871846128833,0.5256032042667312,False
8,0.5,0.15,ghz,23,cost,63,0.008720595162837408,0.6886784832754912,False
8,0.5,0.15,ghz,23,cost,95,0.004065462622562133,0.9291876666822454,False
8,0.5,0.15,ghz,23,cost,127,0.0016126042521863448,0.9869817259815535,False
8,0.5,0.15,ghz,23,cost,127,0.0016126042521863448,0.9869817259815535,False
12,0.3,0.7,plus,11,cost,0,0.25123730367749014,0.45100390212671526,False
12,0.3,0.7,plus,11,cost,32,0.004697530938047627,0.98061611671152,False
12,0.3,0.7,plus,11,cost,64,0.00033141365851966736,0.9982682722261438,False
12,0.3,0.7,plus,11,cost,96,0.0001813018462003176,0.9989200714254906,False
12,0.3,0.7,plus,11,cost,128,0.00013096804162474976,0.9990957480956679,False
12,0.3,0.7,plus,11,cost,128,0.00013096804162474976,0.9990957480956679,False
8,0.25,0.6,plus,11,cost,0,0.29722466512381474,0.3905949604802777,False
8,0.25,0.6,plus,11,cost,16,0.03337606760080358,0.7981854759696668,False
8,0.25,0.6,plus,11,cost,32,0.007954572447064545,0.92467391288181,False
8,0.25,0.6,plus,11,cost,64,0.00045386250759904545,0.9987553791996537,False
8,0.25,0.6,plus,11,cost,128,3.3137253147019763e-06,0.9999945307827743,True
8,0.25,0.6,plus,11,cost,128,3.3137253147019763e-06,0.9999945307827743,True
8,0.475,0.35,plus,11,fixed,0,0.33667329258933837,0.4034696504168636,False
8,0.475,0.35,plus,11,fixed,16,0.04410233824122023,0.7922925318452395,False
8,0.325,1.75,ghz,11,fixed,7,1.2018269308637586,0.026883339443769964,False
8,0.325,1.75,ghz,11,fixed,23,0.08897470067351465,0.9168572776132077,False
8,0.55,2.0,ghz,11,cost,7,1.6739999161251022,0.01282746696086124,False
8,0.55,2.0,ghz,11,cost,15,1.0167399209175891,0.10244445260864746,False
8,0.55,2.0,ghz,11,cost,31,0.43596810018403587,0.5007059792951355,False
8,0.55,2.0,ghz,11,cost,63,0.0006861790707746174,0.9995387986976215,True
8,0.55,2.0,ghz,11,cost,127,8.898128009526829e-06,0.9999954322511042,True
8,0.55,2.0,ghz,11,cost,127,8.898128009526829e-06,0.9999954322511042,True
8,0.45,1.0,ghz,11,cost,7,0.6438511850108942,0.023913803288482298,False
8,0.45,1.0,ghz,11,cost,15,0.44518209790495344,0.09167306816557175,False
8,0.45,1.0,ghz,11,cost,31,0.041668806382884505,0.9202940288617191,False
8,0.45,1.0,ghz,11,cost,63,0.0012640817880482658,0.9980058703498341,False
8,0.45,1.0,ghz,11,cost,95,0.0001465349723390741,0.9998576364153662,True
8,0.45,1.0,ghz,11,cost,127,3.062424925692753e-05,0.9999710810846074,True
8,0.45,1.0,ghz,11,cost,127,3.062424925692753e-05,0.9999710810846074,True
8,0.7,1.4,ghz,11,cost,7,1.2795627863686034,0.00747202703964444,False
8,0.7,1.4,ghz,11,cost,15,0.6596835622185746,0.10535731973539793,False
8,0.7,1.4,ghz,11,cost,31,0.04231458828339929,0.9384279614185418,False
8,0.7,1.4,ghz,11,cost,63,0.0013727370928131588,0.9988041724094646,False
8,0.7,1.4,ghz,11,cost,95,0.000359619032913594,0.9997031738153068,True
8,0.7,1.4,ghz,11,cost,127,0.00010566160907354849,0.999924332206266,True
8,0.7,1.4,ghz,11,cost,127,0.00010566160907354849,0.999924332206266,True
8,0.0,1.4,antiphase,11,cost,6,1.5870281395145671,0.005362257560362379,False
8,0.0,1.4,antiphase,11,cost,16,0.8583820636469741,0.2392632234931932,False
8,0.0,1.4,antiphase,11,cost,32,0.5884231831046653,0.29875688593908,False
8,0.0,1.4,antiphase,11,cost,64,0.004241556168573801,0.9892519872677259,False
8,0.0,1.4,antiphase,11,cost,128,6.800568903120308e-06,0.9999950020095845,True
8,0.0,1.4,antiphase,11,cost,128,6.800568903120308e-06,0.9999950020095845,True
8,0.8,0.8,ghz,23,cost,7,0.8865110832348602,0.0018445784874687094,False
8,0.8,0.8,ghz,23,cost,15,0.3607341151201868,0.08650461163115448,False
8,0.8,0.8,ghz,23,cost,31,0.09405363956548318,0.37362844658211,False
8,0.8,0.8,ghz,23,cost,63,0.015753840363400773,0.9299301372383597,False
8,0.8,0.8,ghz,23,cost,95,0.0038470089379234462,0.9938521741835049,False
8,0.8,0.8,ghz,23,cost,127,0.0018964909944378938,0.9974472280156135,False
8,0.8,0.8,ghz,23,cost,127,0.0018964909944378938,0.9974472280156135,False
8,0.25,1.3,antiphase,11,cost,6,1.2130473942006508,0.013028654578782795,False
8,0.25,1.3,antiphase,11,cost,16,0.44642436177373,0.38182016474031966,False
8,0.25,1.3,antiphase,11,cost,32,0.019394346975651455,0.969160956441078,False
8,0.25,1.3,antiphase,11,cost,64,4.58798131479643e-05,0.9999387850872257,True
8,0.25,1.3,antiphase,11,cost,96,3.1016509256520663e-06,0.9999974000873787,True
8,0.25,1.3,antiphase,11,cost,128,1.4113809745364136e-06,0.9999989424015902,True
8,0.25,1.3,antiphase,11,cost,128,1.4113809745364136e-06,0.9999989424015902,True
8,0.4,1.7,antiphase,11,cost,6,1.4311960337116,0.023382771189069482,False
8,0.4,1.7,antiphase,11,cost,16,0.4852149940068067,0.4528116032936984,False
8,0.4,1.7,antiphase,11,cost,32,0.013415896648433456,0.982784846386824,False
8,0.4,1.7,antiphase,11,cost,64,0.00021523147251611974,0.9997959122402957,True
8,0.4,1.7,antiphase,11,cost,128,3.4304470102330953e-06,0.9999980364747321,True
8,0.4,1.7,antiphase,11,cost,128,3.4304470102330953e-06,0.9999980364747321,True
8,0.975,0.15,plus,11,gradient,0,0.8308266821859968,0.029215852039379774,False
8,0.975,0.15,plus,11,gradient,32,5.489680591730384e-05,0.500013598145588,False
8,0.975,0.15,plus,11,gradient,64,4.505656641329292e-05,0.5001032576176694,False
8,0.975,0.15,plus,11,gradient,96,4.274233239265346e-05,0.5001370216308968,False
8,0.975,0.15,plus,11,gradient,108,4.273320139813741e-05,0.5001371402827105,False
8,0.0,0.5,plus,11,cost,0,0.5636352793925362,0.0602855623227881,False
8,0.0,0.5,plus,11,cost,16,0.19402833314499368,0.4362247798176342,False
8,0.0,0.5,plus,11,cost,32,0.0007978472961953642,0.9981330567001399,True
8,0.0,0.5,plus,11,cost,64,0.00012974146324662428,0.9997408694725162,True
8,0.0,0.5,plus,11,cost,96,2.283394371360714e-07,0.9999997451327582,True
8,0.0,0.5,plus,11,cost,108,1.6362355914623095e-10,0.999999999837287,True
8,0.75,0.8,plus,11,cost,0,0.26808751399302644,0.6609976357300444,False
8,0.75,0.8,plus,11,cost,16,0.0686045362408012,0.8041404889747675,False
8,0.75,0.8,plus,11,cost,32,0.02027152366332574,0.9437492694507739,False
8,0.75,0.8,plus,11,cost,64,0.004825731683629764,0.9914365373209373,False
8,0.75,0.8,plus,11,cost,96,0.0018762344961025246,0.9974577965958226,False
8,0.75,0.8,plus,11,cost,128,0.0008754886588582256,0.9989166666934309,True
8,0.75,0.8,plus,11,cost,128,0.0008754886588582256,0.9989166666934309,True
8,0.975,1.75,plus,11,cost,0,0.2062139933759004,0.8273886082001359,False
8,0.975,1.75,plus,11,cost,16,0.07734289939726624,0.9049938926207832,False
8,0.975,1.75,plus,11,cost,32,0.010611840054047361,0.9888494561359232,False
8,0.975,1.75,plus,11,cost,96,0.00045662978780369734,0.9996912628694573,True
8,0.975,1.75,plus,11,cost,128,0.0001400199065666463,0.9999155595127638,True
8,0.975,1.75,plus,11,cost,128,0.0001400199065666463,0.9999155595127638,True
8,0.2,1.5,ghz,11,cost,7,0.8475784460615056,0.05282802222993696,False
8,0.2,1.5,ghz,11,cost,15,0.5429434090647725,0.1613227994558465,False
8,0.2,1.5,ghz,11,cost,31,0.03340912583653588,0.9571297980076009,False
8,0.2,1.5,ghz,11,cost,63,9.076491730874992e-06,0.9999883465372997,True
8,0.2,1.5,ghz,11,cost,95,1.2561223610152439e-06,0.9999991034353104,True
8,0.2,1.5,ghz,11,cost,127,2.6748275883115014e-07,0.999999813771179,True
8,0.2,1.5,ghz,11,cost,127,2.6748275883115014e-07,0.999999813771179,True
8,0.8,0.7,plus,11,cost,0,0.3127770377311403,0.5319142367589198,False
8,0.8,0.7,plus,11,cost,16,0.08102121011562402,0.6826357272910396,False
8,0.8,0.7,plus,11,cost,32,0.015371816582167686,0.9545737020870166,False
8,0.8,0.7,plus,11,cost,64,0.007601834863811385,0.9761985723798239,False
8,0.8,0.7,plus,11,cost,128,0.0014086423616204158,0.9975901730809955,False
8,0.8,0.7,plus,11,cost,128,0.0014086423616204158,0.9975901730809955,False
8,0.5,1.5,antiphase,11,cost,6,1.1491900987550947,0.03148436037497449,False
8,0.5,1.5,antiphase,11,cost,16,0.421829602659755,0.4473794058029689,False
8,0.5,1.5,antiphase,11,cost,32,0.018057107489616753,0.9732685148407286,False
8,0.5,1.5,antiphase,11,cost,64,0.00030799956336502454,0.9997442955753973,True
8,0.5,1.5,antiphase,11,cost,96,2.717292339915467e-05,0.9999813210610985,True
8,0.5,1.5,antiphase,11,cost,128,1.1015001110115108e-05,0.9999928642171013,True
8,0.5,1.5,antiphase,11,cost,128,1.1015001110115108e-05,0.9999928642171013,True
8,0.6,0.2,ghz,11,cost,7,0.21891147313676423,6.497429016380685e-05,False
8,0.6,0.2,ghz,11,cost,15,0.20661128331401346,0.0001809106732456768,False
8,0.6,0.2,ghz,11,cost,31,0.04102910730931153,0.028572496923575073,False
8,0.6,0.2,ghz,11,cost,63,0.03258334781539618,0.054873994494422616,False
8,0.6,0.2,ghz,11,cost,95,0.025472968578738153,0.12001986408792512,False
8,0.6,0.2,ghz,11,cost,127,0.02126866081207579,0.13837661354241676,False
8,0.6,0.2,ghz,11,cost,127,0.02126866081207579,0.13837661354241676,False
8,0.7,1.1,plus,11,cost,0,0.2100816061717763,0.7807596577554624,False
8,0.7,1.1,plus,11,cost,16,0.05179662059116419,0.89742660475254,False
8,0.7,1.1,plus,11,cost,32,0.013499803214239936,0.9814296900888756,False
8,0.7,1.1,plus,11,cost,64,0.001416550559814489,0.9984581906148027,False
8,0.7,1.1,plus,11,cost,128,0.00021433432355033588,0.9998009934623722,True
8,0.7,1.1,plus,11,cost,128,0.00021433432355033588,0.9998009934623722,True
8,0.1,0.6,ghz,11,cost,7,0.10555588678813899,0.7475712340664099,False
8,0.1,0.6,ghz,11,cost,15,0.05659382997253748,0.8460454192985984,False
8,0.1,0.6,ghz,11,cost,31,0.005579084419686797,0.9727319806079878,False
8,0.1,0.6,ghz,11,cost,63,0.0034344987947771966,0.9822511584779703,False
8,0.1,0.6,ghz,11,cost,95,1.1639182752043453e-05,0.9999856594262887,True
8,0.1,0.6,ghz,11,cost,127,1.737129066148313e-06,0.9999976946231741,True
8,0.1,0.6,ghz,11,cost,127,1.737129066148313e-06,0.9999976946231741,True
8,0.8,0.6,antiphase,11,cost,6,0.14757612956904254,0.4979944003938477,False
8,0.8,0.6,antiphase,11,cost,16,0.07405419860043538,0.6908216459491358,False
8,0.8,0.6,antiphase,11,cost,32,0.015447063859204913,0.9086702142878732,False
8,0.8,0.6,antiphase,11,cost,96,0.0041750540396778835,0.9826922401279101,False
8,0.8,0.6,antiphase,11,cost,128,0.0016282987838714957,0.9964609221338918,False
8,0.8,0.6,antiphase,11,cost,128,0.0016282987838714957,0.9964609221338918,False
8,0.25,0.2,ghz,11,cost,7,0.013502840742961708,0.9629338970790023,False
8,0.25,0.2,ghz,11,cost,15,0.0068606633509279424,0.9806761378320178,False
8,0.25,0.2,ghz,11,cost,31,0.00013466102658266088,0.999384923357843,True
8,0.25,0.2,ghz,11,cost,63,2.2689483515581088e-05,0.9998901136435214,True
8,0.25,0.2,ghz,11,cost,95,1.2388488206838133e-05,0.9999372719146975,True
8,0.25,0.2,ghz,11,cost,127,6.023097729457305e-07,0.9999981027426783,True
8,0.25,0.2,ghz,11,cost,127,6.023097729457305e-07,0.9999981027426783,True
8,0.675,1.75,plus,11,gradient,0,0.15027603091421504,0.8808274301863631,False
8,0.675,1.75,plus,11,gradient,16,0.03303578090601644,0.9582181091131131,False
8,0.675,1.75,plus,11,gradient,32,0.01338817378170054,0.9842820405117523,False
8,0.675,1.75,plus,11,gradient,64,0.0024813504944816156,0.9977272778269848,False
8,0.675,1.75,plus,11,gradient,128,6.61748315133881e-05,0.9999595321340338,True
8,0.675,1.75,plus,11,gradient,128,6.61748315133881e-05,0.9999595321340338,True
8,0.175,1.75,ghz,11,cost,7,1.0551847583286582,0.04445184422364383,False
8,0.175,1.75,ghz,11,cost,15,0.6659543277504292,0.15661502352878556,False
8,0.175,1.75,ghz,11,cost,31,0.015793661859733854,0.9823069994233337,False
8,0.175,1.75,ghz,11,cost,63,2.8019687008384864e-06,0.9999970955873582,True
8,0.175,1.75,ghz,11,cost,95,3.686998957252996e-07,0.9999997624662725,True
8,0.175,1.75,ghz,11,cost,105,1.7235909810509042e-07,0.9999998987705848,True
8,0.55,0.15,ghz,37,cost,7,0.12174241968599653,0.0005756623987300661,False
8,0.55,0.15,ghz,37,cost,15,0.11551279693493854,0.0010592642626036047,False
8,0.55,0.15,ghz,37,cost,31,0.0146207443728813,0.4806513827653992,False
8,0.55,0.15,ghz,37,cost,63,0.009463778062969719,0.6412555492183074,False
8,0.55,0.15,ghz,37,cost,95,0.005421762537988317,0.8933190852919236,False
8,0.55,0.15,ghz,37,cost,127,0.0024332462670709765,0.9424710327751767,False
8,0.55,0.15,ghz,37,cost,127,0.0024332462670709765,0.9424710327751767,False
8,0.975,0.55,ghz,11,cost,7,1.0381985860163292,2.4150711273122927e-05,False
8,0.975,0.55,ghz,11,cost,15,0.4745994370375226,0.009704766478085,False
8,0.975,0.55,ghz,11,cost,63,0.00901741785139576,0.5111288208837553,False
8,0.975,0.55,ghz,11,cost,95,0.007607221172828638,0.5295180162181512,False
8,0.975,0.55,ghz,11,cost,127,0.00031305817233562294,0.9993288561190061,True
8,0.975,0.55,ghz,11,cost,127,0.00031305817233562294,0.9993288561190061,True
8,0.65,1.2,plus,11,cost,0,0.19054495310980957,0.8096732879675163,False
8,0.65,1.2,plus,11,cost,16,0.03544331314323568,0.9348719746057047,False
8,0.65,1.2,plus,11,cost,32,0.009745314783458303,0.9870596109113275,False
8,0.65,1.2,plus,11,cost,64,0.0011543235190369927,0.9987912865387901,False
8,0.65,1.2,plus,11,cost,96,0.00022794708422901877,0.9998138035068933,True
8,0.65,1.2,plus,11,cost,128,8.008582263929753e-05,0.9999346535523714,True
8,0.65,1.2,plus,11,cost,128,8.008582263929753e-05,0.9999346535523714,True
8,0.3,0.3,plus,11,cost,0,0.43389320784352625,0.06567279646098552,False
8,0.3,0.3,plus,11,cost,16,0.08140255308124245,0.34967402807101616,False
8,0.3,0.3,plus,11,cost,32,0.039610485052982924,0.5707835333855696,False
8,0.3,0.3,plus,11,cost,96,1.9158041588362984e-05,0.9999563550564069,True
8,0.3,0.3,plus,11,cost,128,3.316826233557002e-06,0.9999939235757992,True
8,0.3,0.3,plus,11,cost,128,3.316826233557002e-06,0.9999939235757992,True
8,0.35,0.4,plus,11,cost,0,0.333073061304727,0.35552129235633334,False
8,0.35,0.4,plus,11,cost,16,0.019621556330146395,0.8739603335903618,False
8,0.35,0.4,plus,11,cost,32,0.003897524589764556,0.9660523668634781,False
8,0.35,0.4,plus,11,cost,128,1.016463715108884e-05,0.9999610924819866,True
8,0.35,0.4,plus,11,cost,128,1.016463715108884e-05,0.9999610924819866,True
8,0.6,1.4,plus,11,cost,0,0.16583469028609676,0.8469712757831653,False
8,0.6,1.4,plus,11,cost,16,0.02839501087543228,0.9553004727018967,False
8,0.6,1.4,plus,11,cost,32,0.006853548175012492,0.9914090271286068,False
8,0.6,1.4,plus,11,cost,64,0.0006150949324759125,0.9994712698951276,True
8,0.6,1.4,plus,11,cost,96,6.490660777158652e-05,0.9999516644736507,True
8,0.6,1.4,plus,11,cost,128,1.6664228190688135e-05,0.9999887576837327,True
8,0.6,1.4,plus,11,cost,128,1.6664228190688135e-05,0.9999887576837327,True
8,0.55,1.7,ghz,11,cost,7,1.389980052748173,0.01320584143931901,False
8,0.55,1.7,ghz,11,cost,15,0.8671608710484731,0.09729709134160011,False
8,0.55,1.7,ghz,11,cost,31,0.3688473001741295,0.49316110487919773,False
8,0.55,1.7,ghz,11,cost,63,0.0010543812677896724,0.9991175284801653,False
8,0.55,1.7,ghz,11,cost,95,4.420440130692427e-05,0.9999730035136941,True
8,0.55,1.7,ghz,11,cost,127,2.3405538534859716e-05,0.9999861785893472,True
8,0.55,1.7,ghz,11,cost,127,2.3405538534859716e-05,0.9999861785893472,True
8,0.675,1.75,plus,11,cost,0,0.15027603091421504,0.8808274301863631,False
8,0.675,1.75,plus,11,cost,16,0.03303578090601644,0.9582181091131131,False
8,0.675,1.75,plus,11,cost,32,0.005549550198883368,0.9948798006907521,False
8,0.675,1.75,plus,11,cost,96,7.299274734040573e-05,0.9999556147896833,True
8,0.675,1.75,plus,11,cost,128,1.5847736702268023e-05,0.9999912566267336,True
8,0.675,1.75,plus,11,cost,128,1.5847736702268023e-05,0.9999912566267336,True
12,0.3,1.1,antiphase,11,cost,10,0.9824299909695687,0.0007967829402893668,False
12,0.3,1.1,antiphase,11,cost,32,0.47416238387527293,0.15980978946633145,False
12,0.3,1.1,antiphase,11,cost,64,0.24281968269297124,0.24521589057746285,False
12,0.3,1.1,antiphase,11,cost,96,0.21707599458914695,0.2591818209201539,False
12,0.3,1.1,antiphase,11,cost,128,0.21068165462811805,0.2667936681466181,False
12,0.3,1.1,antiphase,11,cost,128,0.21068165462811805,0.2667936681466181,False
8,0.025,0.35,plus,11,cost,0,0.6567001786801427,0.033581253315529656,False
8,0.025,0.35,plus,11,cost,16,0.22742196485284105,0.4482865949113239,False
8,0.025,0.35,plus,11,cost,64,1.0745613195251025e-05,0.99997370948961,True
8,0.025,0.35,plus,11,cost,106,2.518808939200312e-09,0.9999999971769107,True
8,0.95,0.2,antiphase,11,cost,6,0.010724877521572251,0.9767338815945066,False
8,0.95,0.2,antiphase,11,cost,16,0.004123733283636133,0.991045254942358,False
8,0.95,0.2,antiphase,11,cost,32,2.5603240843330433e-05,0.9999486962988133,True
8,0.95,0.2,antiphase,11,cost,64,1.2728248416471466e-05,0.9999742465451504,True
8,0.95,0.2,antiphase,11,cost,98,7.387125806612715e-07,0.9999982860372575,True
8,0.45,1.8,plus,11,cost,0,0.12757025725688664,0.8953664087127531,False
8,0.45,1.8,plus,11,cost,16,0.008894562005201223,0.9887530636109598,False
8,0.45,1.8,plus,11,cost,32,0.002311468637627101,0.9973717697378025,False
8,0.45,1.8,plus,11,cost,96,1.2159631856079045e-05,0.9999932160757654,True
8,0.45,1.8,plus,11,cost,128,2.600709605005136e-06,0.9999986477665398,True
8,0.45,1.8,plus,11,cost,128,2.600709605005136e-06,0.9999986477665398,True
8,0.45,0.15,plus,11,gradient,0,0.4217268040301613,0.2479639860297743,False
8,0.45,0.15,plus,11,gradient,16,0.031343384968421595,0.47254745073100995,False
8,0.45,0.15,plus,11,gradient,32,0.009240108400067282,0.8272924671655861,False
8,0.45,0.15,plus,11,gradient,64,0.003187258359471201,0.8150305587189103,False
8,0.45,0.15,plus,11,gradient,96,0.002926606506002405,0.8206124960254765,False
8,0.45,0.15,plus,11,gradient,128,0.0019773772811944035,0.9132602041796871,False
8,0.45,0.15,plus,11,gradient,128,0.0019773772811944035,0.9132602041796871,False
8,0.9,0.2,plus,11,cost,0,0.7113500500980232,0.03912313772128978,False
8,0.9,0.2,plus,11,cost,16,0.19591133207970235,0.2490136078438608,False
8,0.9,0.2,plus,11,cost,64,0.0001875463931244603,0.5003903328634266,False
8,0.9,0.2,plus,11,cost,108,0.00017287928240905526,0.5006280672964731,False
8,0.975,0.35,plus,11,fixed,0,0.6581335550223383,0.06991664435039159,False
8,0.975,0.35,plus,11,fixed,16,0.37755999003225293,0.08719472423835703,False
8,0.95,1.7,plus,11,cost,0,0.20463225296060505,0.8264488046107783,False
8,0.95,1.7,plus,11,cost,16,0.07675220952250017,0.9039953265869496,False
8,0.95,1.7,plus,11,cost,32,0.013951899239253995,0.98657328023748,False
8,0.95,1.7,plus,11,cost,64,0.0009055705914595702,0.9993804866992735,True
8,0.95,1.7,plus,11,cost,96,0.0003749367971577211,0.9997484561280792,True
8,0.95,1.7,plus,11,cost,128,0.00023064328680422186,0.999849517505588,True
8,0.95,1.7,plus,11,cost,128,0.00023064328680422186,0.999849517505588,True
8,0.65,1.0,ghz,11,cost,7,0.8634603913358403,0.0075165086091112865,False
8,0.65,1.0,ghz,11,cost,15,0.3788341359450734,0.12069282487367006,False
8,0.65,1.0,ghz,11,cost,31,0.056641254597659785,0.8835858636140251,False
8,0.65,1.0,ghz,11,cost,63,0.001924822208874577,0.997410441506157,False
8,0.65,1.0,ghz,11,cost,127,0.0003558767656102191,0.9995867870794534,True
8,0.65,1.0,ghz,11,cost,127,0.0003558767656102191,0.9995867870794534,True
8,0.5,1.5,plus,11,cost,0,0.14919009875509537,0.8639202944817173,False
8,0.5,1.5,plus,11,cost,16,0.013475318112313062,0.979518520177966,False
8,0.5,1.5,plus,11,cost,32,0.004117424130086311,0.9945138791171014,False
8,0.5,1.5,plus,11,cost,64,0.00015143224009017686,0.9998913253813231,True
8,0.5,1.5,plus,11,cost,128,6.306172155134959e-06,0.9999960409096897,True
8,0.5,1.5,plus,11,cost,128,6.306172155134959e-06,0.9999960409096897,True
8,0.35,0.4,ghz,11,cost,7,0.08307306130472636,0.3625796432387313,False
8,0.35,0.4,ghz,11,cost,15,0.052641196573908644,0.432947753710397,False
8,0.35,0.4,ghz,11,cost,31,0.020580063660075698,0.5513438764608738,False
8,0.35,0.4,ghz,11,cost,63,0.01597790200769722,0.6562494907643603,False
8,0.35,0.4,ghz,11,cost,127,1.818783534202062e-05,0.9999552019408495,True
8,0.35,0.4,ghz,11,cost,127,1.818783534202062e-05,0.9999552019408495,True
8,0.5,1.8,ghz,11,cost,7,1.4304773809606997,0.015211274642696136,False
8,0.5,1.8,ghz,11,cost,15,0.8765518305296685,0.10882832323238766,False
8,0.5,1.8,ghz,11,cost,31,0.3942495139184581,0.45911496213827696,False
8,0.5,1.8,ghz,11,cost,63,0.0006955928135308209,0.9992206653915544,True
8,0.5,1.8,ghz,11,cost,95,5.045161566541445e-05,0.999971257870757,True
8,0.5,1.8,ghz,11,cost,127,5.601475279615187e-06,0.9999969708146854,True
8,0.5,1.8,ghz,11,cost,127,5.601475279615187e-06,0.9999969708146854,True
8,0.1,1.2,ghz,11,cost,7,0.49521965748305785,0.14623704356204148,False
8,0.1,1.2,ghz,11,cost,15,0.3052196574830581,0.28782661669204307,False
8,0.1,1.2,ghz,11,cost,31,0.04221807202937011,0.9347669352010133,False
8,0.1,1.2,ghz,11,cost,63,0.0006325890777612031,0.9991372895000629,True
8,0.1,1.2,ghz,11,cost,127,2.1165189698635345e-06,0.9999981999293759,True
8,0.1,1.2,ghz,11,cost,127,2.1165189698635345e-06,0.9999981999293759,True
8,0.8,0.2,ghz,23,cost,7,0.612866025175266,1.0087696733655373e-07,False
8,0.8,0.2,ghz,23,cost,15,0.2750697304429429,0.00010233488928202435,False
8,0.8,0.2,ghz,23,cost,31,0.23162749987806008,0.00036615004977506746,False
8,0.8,0.2,ghz,23,cost,95,0.0002514122655543627,0.5010517345105838,False
8,0.8,0.2,ghz,23,cost,127,0.0002503873075159202,0.5010707920391497,False
8,0.8,0.2,ghz,23,cost,127,0.0002503873075159202,0.5010707920391497,False
8,0.65,1.2,ghz,11,cost,7,1.0405449531098079,0.008477115259377326,False
8,0.65,1.2,ghz,11,cost,15,0.5467012204810638,0.10641765330001514,False
8,0.65,1.2,ghz,11,cost,31,0.0390129400932242,0.9350497225143469,False
8,0.65,1.2,ghz,11,cost,127,0.00016744100667276385,0.9998553745993064,True
8,0.65,1.2,ghz,11,cost,127,0.00016744100667276385,0.9998553745993064,True
8,0.0,0.2,plus,23,cost,0,0.8100253198889197,0.017434082290676986,False
8,0.0,0.2,plus,23,cost,16,0.23814698127379885,0.49257985137616195,False
8,0.0,0.2,plus,23,cost,76,1.1565516966349776e-07,0.999999825032798,True
8,0.75,0.4,plus,11,cost,0,0.4124286068927233,0.19378002386906718,False
8,0.75,0.4,plus,11,cost,16,0.1265587194315363,0.2789406034333147,False
8,0.75,0.4,plus,11,cost,32,0.017143390058183994,0.9321989276102691,False
8,0.75,0.4,plus,11,cost,96,0.001180810946436961,0.9916059107989638,False
8,0.75,0.4,plus,11,cost,128,0.0009392495897315722,0.993599763555427,False
8,0.75,0.4,plus,11,cost,128,0.0009392495897315722,0.993599763555427,False
8,0.675,1.75,ghz,11,fixed,7,1.575276030914213,0.00895293999862962,False
8,0.675,1.75,ghz,11,fixed,23,0.09694946334270216,0.9190313634149423,False
8,0.85,1.3,ghz,11,cost,7,1.370986290099421,0.0037179543426075798,False
8,0.85,1.3,ghz,11,cost,15,0.7339527337327643,0.059011495248814945,False
8,0.85,1.3,ghz,11,cost,31,0.22166416462128313,0.4473455758959681,False
8,0.85,1.3,ghz,11,cost,63,0.0025441560037886557,0.9973961705985216,False
8,0.85,1.3,ghz,11,cost,127,0.0002746413592231711,0.9997811333843344,True
8,0.85,1.3,ghz,11,cost,127,0.0002746413592231711,0.9997811333843344,True
8,0.35,0.2,ghz,11,cost,7,0.01595797542558186,0.9430831212614268,False
8,0.35,0.2,ghz,11,cost,15,0.008282332691847083,0.967808020484578,False
8,0.35,0.2,ghz,11,cost,31,0.00047205926736193504,0.9951897081272721,True
8,0.35,0.2,ghz,11,cost,63,0.00014845100744054207,0.9982266290025182,True
8,0.35,0.2,ghz,11,cost,95,0.00010141001694508045,0.998804854535329,True
8,0.35,0.2,ghz,11,cost,127,5.8855071161101336e-06,0.9999867323888953,True
8,0.35,0.2,ghz,11,cost,127,5.8855071161101336e-06,0.9999867323888953,True
8,0.55,0.5,plus,11,cost,0,0.2920563816417227,0.5453261173906115,False
8,0.55,0.5,plus,11,cost,16,0.036567192068975185,0.856016812435172,False
8,0.55,0.5,plus,11,cost,32,0.019893174389639,0.9084764034287578,False
8,0.55,0.5,plus,11,cost,96,0.0009684395934784762,0.9974821329869931,True
8,0.55,0.5,plus,11,cost,128,0.00039618724509205006,0.9990469732326938,True
8,0.55,0.5,plus,11,cost,128,0.00039618724509205006,0.9990469732326938,True
8,0.3,0.5,plus,23,fixed,0,0.31314929279091114,0.3677511084063065,False
8,0.3,0.5,plus,23,fixed,16,0.0490427546774197,0.7448037164302624,False
8,0.1,1.8,ghz,11,cost,7,1.0317479789424233,0.054492906171083384,False
8,0.1,1.8,ghz,11,cost,15,0.6479474397624152,0.17334464281782624,False
8,0.1,1.8,ghz,11,cost,31,0.031786460924585036,0.9643590788370078,False
8,0.1,1.8,ghz,11,cost,63,1.1127646867503671e-05,0.9999904089969396,True
8,0.1,1.8,ghz,11,cost,119,1.3273578769457117e-07,0.9999999217251025,True
12,0.0,1.9,plus,11,cost,0,0.13404500990796228,0.7972676457444525,False
12,0.0,1.9,plus,11,cost,32,0.002241736442198198,0.9953652567804843,False
12,0.0,1.9,plus,11,cost,64,0.0006311694293007856,0.9986591340082898,True
12,0.0,1.9,plus,11,cost,96,9.819559495068593e-05,0.9997980118460387,True
12,0.0,1.9,plus,11,cost,128,3.535585780885716e-05,0.9999269724262961,True
12,0.0,1.9,plus,11,cost,128,3.535585780885716e-05,0.9999269724262961,True
12,0.0,0.8,plus,11,cost,0,0.36842870785938303,0.07976289751944714,False
12,0.0,0.8,plus,11,cost,32,0.07941001735036846,0.4155551345374134,False
12,0.0,0.8,plus,11,cost,64,0.023020424526888277,0.9094027026027066,False
12,0.0,0.8,plus,11,cost,96,0.004291431156559167,0.9757639454244114,False
12,0.0,0.8,plus,11,cost,128,0.0005029054181194444,0.9983299871402083,True
12,0.0,0.8,plus,11,cost,128,0.0005029054181194444,0.9983299871402083,True
8,0.8,0.6,plus,23,gradient,0,0.3475761295690428,0.4098035720244742,False
8,0.8,0.6,plus,23,gradient,16,0.10819487233944125,0.5329324858235223,False
8,0.8,0.6,plus,23,gradient,96,0.00534491127187664,0.9745975062582397,False
8,0.8,0.6,plus,23,gradient,128,0.0029133226111778265,0.9903999417698816,False
8,0.8,0.6,plus,23,gradient,128,0.0029133226111778265,0.9903999417698816,False
8,0.25,0.5,antiphase,11,cost,6,0.5944396313388066,0.0005560985308093738,False
8,0.25,0.5,antiphase,11,cost,16,0.4772801755818418,0.015948634324897164,False
8,0.25,0.5,antiphase,11,cost,32,0.09466221614504877,0.56272963213984,False
8,0.25,0.5,antiphase,11,cost,64,0.004720381395204254,0.9672001391803117,False
8,0.25,0.5,antiphase,11,cost,96,0.0002133722140719163,0.9996118586185825,True
8,0.25,0.5,antiphase,11,cost,128,2.7580370041802027e-05,0.9999574136788228,True
8,0.25,0.5,antiphase,11,cost,128,2.7580370041802027e-05,0.9999574136788228,True
8,0.0,0.3,ghz,11,cost,7,0.022631167116120787,0.9548427749724769,False
8,0.0,0.3,ghz,11,cost,15,0.011412806740086268,0.9768883021334885,False
8,0.0,0.3,ghz,11,cost,95,7.553990055697568e-08,0.9999998594963009,True
8,0.0,0.3,ghz,11,cost,103,7.934275458865159e-11,0.9999999998501168,True
8,0.45,1.7,ghz,11,cost,7,1.2832381339052703,0.01825364011061522,False
8,0.45,1.7,ghz,11,cost,15,0.801248381850268,0.11276306375526259,False
8,0.45,1.7,ghz,11,cost,31,0.03254058876411059,0.9635280725704619,False
8,0.45,1.7,ghz,11,cost,63,0.0004114898777358711,0.9997018144913813,True
8,0.45,1.7,ghz,11,cost,95,2.4913422780992178e-05,0.9999854690123036,True
8,0.45,1.7,ghz,11,cost,127,5.0913996796353445e-06,0.9999972193197725,True
8,0.45,1.7,ghz,11,cost,127,5.0913996796353445e-06,0.9999972193197725,True
8,0.1,0.3,plus,11,cost,0,0.6252554134819932,0.03084208962435968,False
8,0.1,0.3,plus,11,cost,16,0.1767398343805059,0.4677193433062529,False
8,0.1,0.3,plus,11,cost,108,2.7666933299919094e-08,0.9999999675108295,True
8,0.95,0.8,antiphase,11,cost,6,0.216867344835862,0.4735545930798404,False
8,0.95,0.8,antiphase,11,cost,16,0.10432050977099161,0.7166794326760594,False
8,0.95,0.8,antiphase,11,cost,32,0.016692991908554777,0.9484846290548348,False
8,0.95,0.8,antiphase,11,cost,96,0.0023262481661809886,0.9950578315082457,False
8,0.95,0.8,antiphase,11,cost,128,0.0011978971433217467,0.9979573034761918,False
8,0.95,0.8,antiphase,11,cost,128,0.0011978971433217467,0.9979573034761918,False
8,0.8,0.4,antiphase,23,fixed,6,0.056490865998255035,0.8255540500485854,False
8,0.8,0.4,antiphase,23,fixed,22,0.056490865998255035,0.8255540500485854,False
8,0.8,1.6,ghz,11,cost,7,1.5805354422712663,0.005706682814228446,False
8,0.8,1.6,ghz,11,cost,15,0.7258052030837059,0.12079196340004161,False
8,0.8,1.6,ghz,11,cost,31,0.06721161907445938,0.9148816536179022,False
8,0.8,1.6,ghz,11,cost,63,0.0012242695934088221,0.999125602960453,False
8,0.8,1.6,ghz,11,cost,95,0.00027495553440326503,0.9998145159055324,True
8,0.8,1.6,ghz,11,cost,127,0.00011231410653245177,0.9999251645075956,True
8,0.8,1.6,ghz,11,cost,127,0.00011231410653245177,0.9999251645075956,True
8,0.675,0.15,ghz,11,cost,7,0.3585645621371066,1.8035259356540697e-07,False
8,0.675,0.15,ghz,11,cost,15,0.34989941423447707,1.936295844524922e-06,False
8,0.675,0.15,ghz,11,cost,31,0.12645155973747269,0.00018620268145589383,False
8,0.675,0.15,ghz,11,cost,63,0.122072831628253,0.0005260734360251499,False
8,0.675,0.15,ghz,11,cost,127,0.0001397145823168744,0.5007141158741173,False
8,0.675,0.15,ghz,11,cost,127,0.0001397145823168744,0.5007141158741173,False
12,0.8,0.1,ghz,11,cost,11,0.6031321548144195,2.5646101122223088e-15,False
12,0.8,0.1,ghz,11,cost,31,0.5928215603394488,7.922438008217104e-10,False
12,0.8,0.1,ghz,11,cost,63,0.3707621696287819,8.936815110689332e-08,False
12,0.8,0.1,ghz,11,cost,95,0.16145255414448467,1.2892817906488758e-07,False
12,0.8,0.1,ghz,11,cost,127,0.16126753356607929,2.826375422289478e-07,False
12,0.8,0.1,ghz,11,cost,127,0.16126753356607929,2.826375422289478e-07,False
8,0.975,1.25,ghz,11,cost,7,1.4924691779887689,0.0019064798195693909,False
8,0.975,1.25,ghz,11,cost,15,0.824595852046943,0.02981117038536034,False
8,0.975,1.25,ghz,11,cost,31,0.08073752010812862,0.8942939522512788,False
8,0.975,1.25,ghz,11,cost,63,0.0034624904341322704,0.9956298406527126,False
8,0.975,1.25,ghz,11,cost,95,0.0014477717159473436,0.998540042616238,False
8,0.975,1.25,ghz,11,cost,127,0.0007047261520627401,0.9993422340545428,True
8,0.975,1.25,ghz,11,cost,127,0.0007047261520627401,0.9993422340545428,True
8,0.4,1.0,ghz,11,cost,7,0.5928378935528091,0.032706561060768635,False
8,0.4,1.0,ghz,11,cost,15,0.4090472836850043,0.10220948958872837,False
8,0.4,1.0,ghz,11,cost,31,0.024933750758673767,0.9520718276360445,False
8,0.4,1.0,ghz,11,cost,63,0.0008151559064022429,0.9986513972067026,True
8,0.4,1.0,ghz,11,cost,95,8.592717902922153e-05,0.9999129417232072,True
8,0.4,1.0,ghz,11,cost,127,2.05642960264818e-05,0.9999803910144339,True
8,0.4,1.0,ghz,11,cost,127,2.05642960264818e-05,0.9999803910144339,True
8,0.45,0.15,plus,23,gradient,0,0.4217268040301613,0.2479639860297743,False
8,0.45,0.15,plus,23,gradient,16,0.031343384968424925,0.47254747107703393,False
8,0.45,0.15,plus,23,gradient,32,0.009240108400178304,0.8272928010020392,False
8,0.45,0.15,plus,23,gradient,64,0.0031872583601739723,0.8150304222782768,False
8,0.45,0.15,plus,23,gradient,96,0.0029266065067814484,0.8206123461116167,False
8,0.45,0.15,plus,23,gradient,128,0.001977377277170511,0.9132582363865395,False
8,0.45,0.15,plus,23,gradient,128,0.001977377277170511,0.9132582363865395,False
8,0.95,0.4,plus,11,cost,0,0.5953434075099389,0.09230825695445305,False
8,0.95,0.4,plus,11,cost,16,0.31188219807118045,0.12589477845196706,False
8,0.95,0.4,plus,11,cost,32,0.005545302383409556,0.9882894931039248,False
8,0.95,0.4,plus,11,cost,64,0.00022909740505239196,0.9994287413638291,True
8,0.95,0.4,plus,11,cost,96,6.699522116759837e-05,0.9998200067079762,True
8,0.95,0.4,plus,11,cost,128,4.942689181763882e-05,0.9998804625487263,True
8,0.95,0.4,plus,11,cost,128,4.942689181763882e-05,0.9998804625487263,True
8,0.55,0.7,ghz,11,cost,7,0.49668551760676116,0.011375019317685968,False
8,0.55,0.7,ghz,11,cost,15,0.28655522862181904,0.07377448751644536,False
8,0.55,0.7,ghz,11,cost,31,0.1836651797785056,0.23678189692396395,False
8,0.55,0.7,ghz,11,cost,63,0.006444200829781588,0.9808863947903896,False
8,0.55,0.7,ghz,11,cost,95,0.0009520813371011183,0.9984867513455553,True
8,0.55,0.7,ghz,11,cost,127,0.00021929181541502363,0.9997096235272153,True
8,0.55,0.7,ghz,11,cost,127,0.00021929181541502363,0.9997096235272153,True
8,0.05,0.8,plus,11,cost,0,0.3338553246164482,0.27215148554092894,False
8,0.05,0.8,plus,11,cost,16,0.07879605976471238,0.6314841482616431,False
8,0.05,0.8,plus,11,cost,32,0.01411718315825472,0.9685810755072221,False
8,0.05,0.8,plus,11,cost,128,7.423541095175068e-07,0.999999244851095,True
8,0.05,0.8,plus,11,cost,128,7.423541095175068e-07,0.999999244851095,True
8,1.0,0.5,antiphase,11,cost,6,0.06912079395447557,0.8422611266711939,False
8,1.0,0.5,antiphase,11,cost,16,0.02925951729745946,0.9315206833036486,False
8,1.0,0.5,antiphase,11,cost,32,0.0012162330169840363,0.9970665115555666,False
8,1.0,0.5,antiphase,11,cost,64,0.00027896341072919384,0.9993298945208422,True
8,1.0,0.5,antiphase,11,cost,96,0.0001709282310387028,0.9995677324810441,True
8,1.0,0.5,antiphase,11,cost,128,0.00014383892261515818,0.999654677102944,True
8,1.0,0.5,antiphase,11,cost,128,0.00014383892261515818,0.999654677102944,True
8,0.8,0.2,antiphase,11,cost,6,0.01286602517526636,0.966146344283311,False
8,0.8,0.2,antiphase,11,cost,16,0.005016125395893134,0.9866855640249177,False
8,0.8,0.2,antiphase,11,cost,32,7.780648639643672e-05,0.9997405669754329,True
8,0.8,0.2,antiphase,11,cost,64,3.962649553268527e-05,0.9998668637359894,True
8,0.8,0.2,antiphase,11,cost,122,4.850211573370622e-06,0.9999817234869666,True
8,0.825,0.15,ghz,11,cost,7,0.6569203126954495,6.261568237689433e-09,False
8,0.825,0.15,ghz,11,cost,15,0.30702600701200944,8.569768023836165e-05,False
8,0.825,0.15,ghz,11,cost,31,0.27397934227168597,2.1993209637132514e-05,False
8,0.825,0.15,ghz,11,cost,63,0.2700793053007483,0.00042432267751082656,False
8,0.825,0.15,ghz,11,cost,127,7.148776019039182e-05,0.5002986813970857,False
8,0.825,0.15,ghz,11,cost,127,7.148776019039182e-05,0.5002986813970857,False
8,0.0,1.0,antiphase,11,fixed,6,1.2814577238707536,0.001468450803653041,False
8,0.0,1.0,antiphase,11,fixed,22,1.2814577238707536,0.0015453132916195403,False
8,0.5,1.7,ghz,11,cost,7,1.3361669688505002,0.015511814852695285,False
8,0.5,1.7,ghz,11,cost,15,0.8265992673938982,0.10748450080274739,False
8,0.5,1.7,ghz,11,cost,31,0.3718083450332237,0.4549977806666821,False
8,0.5,1.7,ghz,11,cost,63,0.0006136028113359338,0.9993373439193893,True
8,0.5,1.7,ghz,11,cost,95,3.6046601356476415e-05,0.9999797701935219,True
8,0.5,1.7,ghz,11,cost,127,8.183738344547109e-06,0.999995228819647,True
8,0.5,1.7,ghz,11,cost,127,8.183738344547109e-06,0.999995228819647,True
8,0.3,1.5,antiphase,11,cost,6,1.3436488161085411,0.01705985336011024,False
8,0.3,1.5,antiphase,11,cost,16,0.4859396100648583,0.3934865147289014,False
8,0.3,1.5,antiphase,11,cost,32,0.295787473223347,0.4626138880780778,False
8,0.3,1.5,antiphase,11,cost,64,0.0002719731504945422,0.9995761665541274,True
8,0.3,1.5,antiphase,11,cost,96,3.147899424016387e-06,0.9999979876030382,True
8,0.3,1.5,antiphase,11,cost,128,4.760794207747665e-07,0.9999997166810283,True
8,0.3,1.5,antiphase,11,cost,128,4.760794207747665e-07,0.9999997166810283,True
8,0.45,2.0,ghz,11,cost,7,1.5675751880922117,0.016770584247143748,False
8,0.45,2.0,ghz,11,cost,15,0.9530756451817428,0.11566421288281604,False
8,0.45,2.0,ghz,11,cost,31,0.4344458073044082,0.46788374275606465,False
8,0.45,2.0,ghz,11,cost,63,0.0006133772493450707,0.9993231530697428,True
8,0.45,2.0,ghz,11,cost,95,1.0706840035012988e-05,0.9999946774050159,True
8,0.45,2.0,ghz,11,cost,127,2.49822658560106e-06,0.9999987523879718,True
8,0.45,2.0,ghz,11,cost,127,2.49822658560106e-06,0.9999987523879718,True
8,0.95,2.0,ghz,11,cost,7,2.1303976973715923,0.004478242874335436,False
8,0.95,2.0,ghz,11,cost,15,0.9945884104457003,0.11581323559910962,False
8,0.95,2.0,ghz,11,cost,31,0.07546951601484908,0.9254912041070369,False
8,0.95,2.0,ghz,11,cost,63,0.00048197616211487215,0.9997309857432982,True
8,0.95,2.0,ghz,11,cost,95,0.00016307986411101538,0.9999129866341725,True
8,0.95,2.0,ghz,11,cost,127,8.085475538122111e-05,0.999955467173561,True
8,0.95,2.0,ghz,11,cost,127,8.085475538122111e-05,0.999955467173561,True
8,0.6,0.45,plus,11,cost,0,0.31120669678310675,0.525462785035178,False
8,0.6,0.45,plus,11,cost,16,0.049164964205715034,0.7234176185036123,False
8,0.6,0.45,plus,11,cost,32,0.023170597987431707,0.8783475691127687,False
8,0.6,0.45,plus,11,cost,64,0.007416151178540775,0.9683475049357547,False
8,0.6,0.45,plus,11,cost,96,0.002425431881063367,0.9928805046535433,False
8,0.6,0.45,plus,11,cost,128,0.0009908832315986826,0.9971447863927911,True
8,0.6,0.45,plus,11,cost,128,0.0009908832315986826,0.9971447863927911,True
8,0.675,0.55,ghz,11,fixed,7,0.5264234607226468,0.0024770712934897962,False
8,0.675,0.55,ghz,11,fixed,23,0.12439380606518702,0.316576178422956,False
8,0.95,1.9,antiphase,11,cost,6,1.1377764213414767,0.08293876964705338,False
8,0.95,1.9,antiphase,11,cost,16,0.4196838669760803,0.5259629106062689,False
8,0.95,1.9,antiphase,11,cost,32,0.035845072611927264,0.9645754177414877,False
8,0.95,1.9,antiphase,11,cost,96,0.00026307171646511307,0.9998466423967316,True
8,0.95,1.9,antiphase,11,cost,128,9.907206378656497e-05,0.9999415324846918,True
8,0.95,1.9,antiphase,11,cost,128,9.907206378656497e-05,0.9999415324846918,True
8,0.95,0.4,antiphase,11,cost,6,0.045343407509938594,0.8936595446282412,False
8,0.95,0.4,antiphase,11,cost,16,0.019623222524671857,0.9521233179315439,False
8,0.95,0.4,antiphase,11,cost,32,0.0005840827988486952,0.9985328599671823,True
8,0.95,0.4,antiphase,11,cost,64,0.00020746600645726865,0.9994731741500756,True
8,0.95,0.4,antiphase,11,cost,128,5.745995133121795e-05,0.9998523133654692,True
8,0.95,0.4,antiphase,11,cost,128,5.745995133121795e-05,0.9998523133654692,True
8,0.2,0.2,ghz,11,cost,7,0.012606707024953145,0.9680181305474319,False
8,0.2,0.2,ghz,11,cost,15,0.006376393593628515,0.9835373831372524,False
8,0.2,0.2,ghz,11,cost,31,8.304348025445218e-05,0.9996968073261825,True
8,0.2,0.2,ghz,11,cost,63,1.0387215391483018e-05,0.9999605022618083,True
8,0.2,0.2,ghz,11,cost,127,5.429447724747405e-08,0.9999999289842786,True
8,0.2,0.2,ghz,11,cost,127,5.429447724747405e-08,0.9999999289842786,True
8,0.675,0.15,ghz,11,fixed,7,0.3585645621371066,1.8035259356540697e-07,False
8,0.675,0.15,ghz,11,fixed,23,0.34146458658038126,1.2217424143103626e-05,False
8,0.05,0.8,antiphase,11,cost,6,1.0838553246164464,0.0006033430598708645,False
8,0.05,0.8,antiphase,11,cost,16,0.5723091871323427,0.043717302210200606,False
8,0.05,0.8,antiphase,11,cost,32,0.04988153787439775,0.865596112067437,False
8,0.05,0.8,antiphase,11,cost,64,0.0021619660524987427,0.9966045062402664,False
8,0.05,0.8,antiphase,11,cost,128,4.650788743010281e-07,0.9999994457238106,True
8,0.05,0.8,antiphase,11,cost,128,4.650788743010281e-07,0.9999994457238106,True
8,0.8,0.6,antiphase,37,cost,6,0.14757612956904254,0.4979944003938477,False
8,0.8,0.6,antiphase,37,cost,16,0.0740541986004355,0.6908216459475652,False
8,0.8,0.6,antiphase,37,cost,32,0.015447063860714594,0.9086699305137429,False
8,0.8,0.6,antiphase,37,cost,96,0.0041750540434774,0.982692420735857,False
8,0.8,0.6,antiphase,37,cost,128,0.001628298780517179,0.9964609985606744,False
8,0.8,0.6,antiphase,37,cost,128,0.001628298780517179,0.9964609985606744,False
8,0.825,1.25,antiphase,11,cost,6,0.6454638602691569,0.11298208289079345,False
8,0.825,1.25,antiphase,11,cost,16,0.2798645116704508,0.49548144627267293,False
8,0.825,1.25,antiphase,11,cost,32,0.03451222728413539,0.9380599620322679,False
8,0.825,1.25,antiphase,11,cost,64,0.0028304761070319095,0.9967611873035004,False
8,0.825,1.25,antiphase,11,cost,128,0.0002865805936731469,0.9997416396824674,True
8,0.825,1.25,antiphase,11,cost,128,0.0002865805936731469,0.9997416396824674,True
12,0.0,0.6,ghz,11,cost,11,0.09226374540989779,0.7380086569137385,False
12,0.0,0.6,ghz,11,cost,31,0.018732242278552302,0.9379450463793813,False
12,0.0,0.6,ghz,11,cost,63,0.0017558221569298205,0.9922644029098812,False
12,0.0,0.6,ghz,11,cost,95,0.0009788081546678502,0.9953740586014422,True
12,0.0,0.6,ghz,11,cost,127,0.0003721931694782299,0.9982864621488908,True
12,0.0,0.6,ghz,11,cost,127,0.0003721931694782299,0.9982864621488908,True
8,0.0,1.5,plus,11,cost,0,0.17312565414384573,0.7651989927240893,False
8,0.0,1.5,plus,11,cost,16,0.01727680348677385,0.9635685343464964,False
8,0.0,1.5,plus,11,cost,32,0.004611642964222229,0.9890238113725316,False
8,0.0,1.5,plus,11,cost,64,0.0002606769209421156,0.9997546279551129,True
8,0.0,1.5,plus,11,cost,128,1.94692333277402e-06,0.9999988066314279,True
8,0.0,1.5,plus,11,cost,128,1.94692333277402e-06,0.9999988066314279,True
8,0.525,1.75,antiphase,11,cost,6,1.3600414585996545,0.03217343564058814,False
8,0.525,1.75,antiphase,11,cost,16,0.4701013467681412,0.4713550233654381,False
8,0.525,1.75,antiphase,11,cost,32,0.01768820311568864,0.9778845379086961,False
8,0.525,1.75,antiphase,11,cost,64,0.0002704976195362363,0.9998095121122037,True
8,0.525,1.75,antiphase,11,cost,128,4.9615013284487475e-06,0.9999972598952241,True
8,0.525,1.75,antiphase,11,cost,128,4.9615013284487475e-06,0.9999972598952241,True
8,0.55,0.8,antiphase,11,cost,6,0.4789974001542241,0.044424016252639795,False
8,0.55,0.8,antiphase,11,cost,16,0.25835884675424836,0.27129264086092875,False
8,0.55,0.8,antiphase,11,cost,32,0.036014469977944996,0.8965687839300156,False
8,0.55,0.8,antiphase,11,cost,64,0.0023108017466508812,0.995934083273945,False
8,0.55,0.8,antiphase,11,cost,128,0.0002547262212702073,0.9996466627891546,True
8,0.55,0.8,antiphase,11,cost,128,0.0002547262212702073,0.9996466627891546,True
8,0.8,0.4,antiphase,11,cost,6,0.056490865998255035,0.8255540500485854,False
8,0.8,0.4,antiphase,11,cost,16,0.02460184467264226,0.9179158128424125,False
8,0.8,0.4,antiphase,11,cost,32,0.002160439124478941,0.9887911740988841,False
8,0.8,0.4,antiphase,11,cost,64,0.0009701667443990925,0.9950766961951267,True
8,0.8,0.4,antiphase,11,cost,128,0.0003643048089333467,0.9983805076861488,True
8,0.8,0.4,antiphase,11,cost,128,0.0003643048089333467,0.9983805076861488,True
12,0.3,0.8,antiphase,11,cost,10,0.7293939832360768,0.0003990253416246891,False
12,0.3,0.8,antiphase,11,cost,32,0.38154161873082626,0.09950519886882216,False
12,0.3,0.8,antiphase,11,cost,64,0.07570185776948939,0.4567831830346866,False
12,0.3,0.8,antiphase,11,cost,96,0.0005309237775767232,0.9976440974103035,False
12,0.3,0.8,antiphase,11,cost,128,0.0001189756529692924,0.9993085699837243,True
12,0.3,0.8,antiphase,11,cost,128,0.0001189756529692924,0.9993085699837243,True
8,0.8,0.3,ghz,11,cost,7,0.6300567404255759,2.7857096220640787e-06,False
8,0.8,0.3,ghz,11,cost,15,0.30741212435883747,0.0017763470982259035,False
8,0.8,0.3,ghz,11,cost,63,0.0014737552007068055,0.5025249444718972,False
8,0.8,0.3,ghz,11,cost,127,0.0013029972243663313,0.5084269013339465,False
8,0.8,0.3,ghz,11,cost,127,0.0013029972243663313,0.5084269013339465,False
8,0.9,1.6,ghz,11,cost,7,1.7018565395900584,0.004051290202102264,False
8,0.9,1.6,ghz,11,cost,15,0.738210324040026,0.11487913288030911,False
8,0.9,1.6,ghz,11,cost,31,0.06714252311715985,0.9119959846190387,False
8,0.9,1.6,ghz,11,cost,63,0.0010864174038971441,0.999174220459014,False
8,0.9,1.6,ghz,11,cost,95,0.00036556113498931175,0.9997448974135629,True
8,0.9,1.6,ghz,11,cost,127,0.00017230672097690025,0.9998842459142464,True
8,0.9,1.6,ghz,11,cost,127,0.00017230672097690025,0.9998842459142464,True
8,0.4,0.9,plus,11,cost,0,0.2068177321641279,0.7272550584837446,False
8,0.4,0.9,plus,11,cost,16,0.009939138054302354,0.9752884645671603,False
8,0.4,0.9,plus,11,cost,32,0.004718592409372668,0.9841917875424964,False
8,0.4,0.9,plus,11,cost,64,0.0008939747052558733,0.9983916258860276,False
8,0.4,0.9,plus,11,cost,96,6.808131764124425e-05,0.9999278663720838,True
8,0.4,0.9,plus,11,cost,128,2.2786863395740653e-05,0.9999775903599208,True
8,0.4,0.9,plus,11,cost,128,2.2786863395740653e-05,0.9999775903599208,True
8,0.525,0.35,ghz,11,cost,7,0.2123467540400641,0.0064762786857646346,False
8,0.525,0.35,ghz,11,cost,15,0.180047545882293,0.015577725771185819,False
8,0.525,0.35,ghz,11,cost,31,0.05248393693287956,0.41041418718432293,False
8,0.525,0.35,ghz,11,cost,63,0.0256284652356622,0.6824841689934674,False
8,0.525,0.35,ghz,11,cost,95,0.004604201318441525,0.9782872870417838,False
8,0.525,0.35,ghz,11,cost,127,0.001463521979998772,0.9953170307221194,False
8,0.525,0.35,ghz,11,cost,127,0.001463521979998772,0.9953170307221194,False
8,0.8,1.2,plus,37,cost,0,0.22020608676578757,0.7758501240364228,False
8,0.8,1.2,plus,37,cost,16,0.06791255277812636,0.8841700126719524,False
8,0.8,1.2,plus,37,cost,32,0.012736241833064321,0.9815895340078137,False
8,0.8,1.2,plus,37,cost,64,0.0018684385172753615,0.9980403423649489,False
8,0.8,1.2,plus,37,cost,96,0.0011388685162563306,0.998858373404801,False
8,0.8,1.2,plus,37,cost,128,0.0002690943260477141,0.9997751333610904,True
8,0.8,1.2,plus,37,cost,128,0.0002690943260477141,0.9997751333610904,True
8,0.85,1.5,ghz,11,cost,7,1.549699371813176,0.004483893975459064,False
8,0.85,1.5,ghz,11,cost,15,0.6845017586893312,0.11580207699668973,False
8,0.85,1.5,ghz,11,cost,31,0.0758380873865383,0.8958301777870452,False
8,0.85,1.5,ghz,11,cost,63,0.001629983494343401,0.9987163250338204,False
8,0.85,1.5,ghz,11,cost,95,0.0005527354269549978,0.9995796304146722,True
8,0.85,1.5,ghz,11,cost,127,0.0002687451280356523,0.9997995524386472,True
8,0.85,1.5,ghz,11,cost,127,0.0002687451280356523,0.9997995524386472,True
8,0.025,1.25,ghz,11,cost,7,0.48065897217934883,0.1912006006395748,False
8,0.025,1.25,ghz,11,cost,15,0.29031243785851935,0.3449283312441811,False
8,0.025,1.25,ghz,11,cost,31,0.044330714153477224,0.9355259778181881,False
8,0.025,1.25,ghz,11,cost,63,0.0009656568978257951,0.9988542027388594,True
8,0.025,1.25,ghz,11,cost,95,0.00011215420229016004,0.9999056353855704,True
8,0.025,1.25,ghz,11,cost,127,1.8499662098436787e-05,0.999984337091537,True
8,0.025,1.25,ghz,11,cost,127,1.8499662098436787e-05,0.999984337091537,True
8,0.8,0.5,antiphase,11,cost,6,0.0949470817314596,0.6790659494168515,False
8,0.8,0.5,antiphase,11,cost,16,0.04837542368789505,0.8061498770769384,False
8,0.8,0.5,antiphase,11,cost,32,0.006855726258594097,0.9577660695117111,False
8,0.8,0.5,antiphase,11,cost,64,0.0030119678411856254,0.9833199474627345,False
8,0.8,0.5,antiphase,11,cost,96,0.001458831014676365,0.9941464760757687,False
8,0.8,0.5,antiphase,11,cost,128,0.00037135003668464783,0.9990096321515217,True
8,0.8,0.5,antiphase,11,cost,128,0.00037135003668464783,0.9990096321515217,True
8,0.05,1.1,antiphase,11,cost,6,1.2791486309785327,0.003465025166860259,False
8,0.05,1.1,antiphase,11,cost,16,0.5028724223726959,0.31698333045199306,False
8,0.05,1.1,antiphase,11,cost,32,0.15868718904031098,0.6184613625255344,False
8,0.05,1.1,antiphase,11,cost,64,0.003626319811977252,0.9930737717091941,False
8,0.05,1.1,antiphase,11,cost,96,8.427370819119595e-05,0.9999138067074568,True
8,0.05,1.1,antiphase,11,cost,128,4.772832495891777e-07,0.9999995292393827,True
8,0.05,1.1,antiphase,11,cost,128,4.772832495891777e-07,0.9999995292393827,True
8,0.6,0.5,plus,11,cost,0,0.29730776930313985,0.5591547973226156,False
8,0.6,0.5,plus,11,cost,16,0.04354111618225287,0.8450951029629158,False
8,0.6,0.5,plus,11,cost,32,0.020236974261149343,0.924405629977599,False
8,0.6,0.5,plus,11,cost,96,0.0017575182417042257,0.9937190718669062,False
8,0.6,0.5,plus,11,cost,128,0.0012662643392098438,0.9962106539895127,False
8,0.6,0.5,plus,11,cost,128,0.0012662643392098438,0.9962106539895127,False
8,0.675,0.15,plus,11,gradient,0,0.5335645621371067,0.04149837114752126,False
8,0.675,0.15,plus,11,gradient,64,0.00015342939713325343,0.500385935865823,False
8,0.675,0.15,plus,11,gradient,128,0.00013931512063614093,0.5006682558305954,False
8,0.675,0.15,plus,11,gradient,128,0.00013931512063614093,0.5006682558305954,False
8,0.15,1.8,ghz,11,cost,7,1.078273672763714,0.04610762584060182,False
8,0.15,1.8,ghz,11,cost,15,0.6782673884287083,0.1605508166900007,False
8,0.15,1.8,ghz,11,cost,31,0.030085427608820714,0.9671898900041461,False
8,0.15,1.8,ghz,11,cost,63,6.697587946469241e-07,0.999999513317312,True
8,0.15,1.8,ghz,11,cost,95,5.5673049947913e-08,0.9999999681412928,True
8,0.15,1.8,ghz,11,cost,95,5.5673049947913e-08,0.9999999681412928,True
8,0.0,1.1,plus,11,gradient,0,0.2494084590468375,0.5240703132648579,False
8,0.0,1.1,plus,11,gradient,16,0.04551219079448621,0.8344513954184473,False
8,0.0,1.1,plus,11,gradient,64,0.0021302557882136863,0.9971620135142724,False
8,0.0,1.1,plus,11,gradient,96,0.0003938977652244713,0.999605906175278,True
8,0.0,1.1,plus,11,gradient,128,2.0093912005858527e-05,0.9999831947668033,True
8,0.0,1.1,plus,11,gradient,128,2.0093912005858527e-05,0.9999831947668033,True
8,0.8,0.8,plus,23,cost,0,0.28651108323486185,0.6160227628886743,False
8,0.8,0.8,plus,23,cost,16,0.08097514560093666,0.7540073911903438,False
8,0.8,0.8,plus,23,cost,32,0.018858173076035323,0.943525804061584,False
8,0.8,0.8,plus,23,cost,64,0.006616667437221002,0.9875014242209624,False
8,0.8,0.8,plus,23,cost,96,0.003374720942568521,0.9949001405908047,False
8,0.8,0.8,plus,23,cost,128,0.001437773167141998,0.9980579841453366,False
8,0.8,0.8,plus,23,cost,128,0.001437773167141998,0.9980579841453366,False
8,0.75,1.7,antiphase,11,cost,6,1.1143286309823264,0.05883583839429201,False
8,0.75,1.7,antiphase,11,cost,16,0.42475404715596254,0.44847087766280547,False
8,0.75,1.7,antiphase,11,cost,32,0.03827766481788575,0.9534955434488894,False
8,0.75,1.7,antiphase,11,cost,64,0.0010824088700298606,0.9991862576150863,False
8,0.75,1.7,antiphase,11,cost,128,4.6381600319334026e-05,0.9999727640691974,True
8,0.75,1.7,antiphase,11,cost,128,4.6381600319334026e-05,0.9999727640691974,True
8,1.0,1.8,ghz,11,cost,7,2.007908501803372,0.00342270251995066,False
8,1.0,1.8,ghz,11,cost,15,0.9061598478831945,0.10914283693685334,False
8,1.0,1.8,ghz,11,cost,31,0.08298144887809156,0.9211113986057181,False
8,1.0,1.8,ghz,11,cost,63,0.0012270742755142727,0.9990808192800493,False
8,1.0,1.8,ghz,11,cost,95,0.00040569455138728117,0.9997540057502194,True
8,1.0,1.8,ghz,11,cost,127,0.00016346493698504716,0.9998958957298568,True
8,1.0,1.8,ghz,11,cost,127,0.00016346493698504716,0.9998958957298568,True
8,0.4,1.4,ghz,11,cost,7,0.9519471033561417,0.02491364725310376,False
8,0.4,1.4,ghz,11,cost,15,0.5682030629057868,0.16132214818055773,False
8,0.4,1.4,ghz,11,cost,31,0.03461710015004282,0.9535885448358201,False
8,0.4,1.4,ghz,11,cost,63,0.0004356668698139998,0.9995517201366027,True
8,0.4,1.4,ghz,11,cost,95,2.5874325165986534e-05,0.999980609677174,True
8,0.4,1.4,ghz,11,cost,127,6.453920399662749e-06,0.999995724889977,True
8,0.4,1.4,ghz,11,cost,127,6.453920399662749e-06,0.999995724889977,True
8,0.325,0.55,ghz,11,cost,7,0.16149939303552652,0.1953508211518435,False
8,0.325,0.55,ghz,11,cost,15,0.10637558915424683,0.27511139631325715,False
8,0.325,0.55,ghz,11,cost,31,0.04852673914912109,0.42972170747462124,False
8,0.325,0.55,ghz,11,cost,63,0.0011361978807822304,0.9967483421874975,False
8,0.325,0.55,ghz,11,cost,95,0.00012930757586893105,0.9996815029240854,True
8,0.325,0.55,ghz,11,cost,127,5.782916823715567e-05,0.9997345567819746,True
8,0.325,0.55,ghz,11,cost,127,5.782916823715567e-05,0.9997345567819746,True
8,0.75,0.9,ghz,11,cost,7,0.8998343989347035,0.0035678027218210566,False
8,0.75,0.9,ghz,11,cost,15,0.48231165522860586,0.06513199460229903,False
8,0.75,0.9,ghz,11,cost,31,0.11766608106653442,0.7547297559574292,False
8,0.75,0.9,ghz,11,cost,63,0.0038079985677903494,0.9945359323321477,False
8,0.75,0.9,ghz,11,cost,95,0.002189050820877947,0.9968863558698258,False
8,0.75,0.9,ghz,11,cost,127,0.0008731838601272468,0.9989136085078977,True
8,0.75,0.9,ghz,11,cost,127,0.0008731838601272468,0.9989136085078977,True
8,0.15,1.2,antiphase,11,cost,6,1.2356297383884067,0.007718146858380473,False
8,0.15,1.2,antiphase,11,cost,16,0.7218265403320482,0.19637594991046645,False
8,0.15,1.2,antiphase,11,cost,32,0.46964988692662224,0.2574438145568421,False
8,0.15,1.2,antiphase,11,cost,64,0.0005979736687149462,0.998840452308388,False
8,0.15,1.2,antiphase,11,cost,128,4.0578258384549315e-06,0.9999964134807181,True
8,0.15,1.2,antiphase,11,cost,128,4.0578258384549315e-06,0.9999964134807181,True
8,0.45,0.8,antiphase,11,cost,6,0.57320061381871,0.022794917745722478,False
8,0.45,0.8,antiphase,11,cost,16,0.3995147543100722,0.11789412203980132,False
8,0.45,0.8,antiphase,11,cost,32,0.05140710660986092,0.868023037950739,False
8,0.45,0.8,antiphase,11,cost,64,0.0023062425639270856,0.9947664247985136,False
8,0.45,0.8,antiphase,11,cost,96,0.0001459944235469024,0.9998267085950221,True
8,0.45,0.8,antiphase,11,cost,128,5.696611339711666e-05,0.9999357446580294,True
8,0.45,0.8,antiphase,11,cost,128,5.696611339711666e-05,0.9999357446580294,True
8,0.5,1.4,plus,11,cost,0,0.15669371649889108,0.850478985695527,False
8,0.5,1.4,plus,11,cost,16,0.013803107603479692,0.9774700720367542,False
8,0.5,1.4,plus,11,cost,32,0.004648518515707023,0.9932629626969811,False
8,0.5,1.4,plus,11,cost,64,0.00030526660138230355,0.9997539641270347,True
8,0.5,1.4,plus,11,cost,96,1.938735519835255e-05,0.9999867452968799,True
8,0.5,1.4,plus,11,cost,128,8.91163049177024e-06,0.9999939258832007,True
8,0.5,1.4,plus,11,cost,128,8.91163049177024e-06,0.9999939258832007,True
8,0.85,0.8,antiphase,11,cost,6,0.25926304517219256,0.32608361932955626,False
8,0.85,0.8,antiphase,11,cost,16,0.13175960571209577,0.5827001559360977,False
8,0.85,0.8,antiphase,11,cost,32,0.027257900239160193,0.89741641451229,False
8,0.85,0.8,antiphase,11,cost,96,0.0029507517943330175,0.9943461374648876,False
8,0.85,0.8,antiphase,11,cost,128,0.0015670120636779306,0.9973912035022782,False
8,0.85,0.8,antiphase,11,cost,128,0.0015670120636779306,0.9973912035022782,False
8,1.0,1.2,antiphase,11,cost,6,0.4862010048290317,0.2261768495964288,False
8,1.0,1.2,antiphase,11,cost,16,0.22209190607650808,0.5839126285381829,False
8,1.0,1.2,antiphase,11,cost,32,0.02961946370220181,0.9548979511257345,False
8,1.0,1.2,antiphase,11,cost,64,0.00559076304898487,0.9920528552569451,False
8,1.0,1.2,antiphase,11,cost,96,0.0016099851593809333,0.9982999955060221,False
8,1.0,1.2,antiphase,11,cost,128,0.0006551391235036785,0.9993516392097038,True
8,1.0,1.2,antiphase,11,cost,128,0.0006551391235036785,0.9993516392097038,True
8,0.4,0.1,plus,11,cost,0,0.5042337052519338,0.01757908148792868,False
8,0.4,0.1,plus,11,cost,16,0.04921440965853108,0.48996548344427676,False
8,0.4,0.1,plus,11,cost,32,0.03279531371972533,0.48714627717828246,False
8,0.4,0.1,plus,11,cost,64,8.468933584748761e-06,0.9999304689534052,True
8,0.4,0.1,plus,11,cost,96,7.04706286436263e-07,0.9999937975577335,True
8,0.4,0.1,plus,11,cost,116,6.522499418348815e-08,0.9999998491212091,True
12,0.0,0.9,ghz,11,cost,11,0.21792851224127174,0.40463224585807045,False
12,0.0,0.9,ghz,11,cost,31,0.05595575386622601,0.7350389200112246,False
12,0.0,0.9,ghz,11,cost,127,0.0012690606380569847,0.995799037023072,False
12,0.0,0.9,ghz,11,cost,127,0.0012690606380569847,0.995799037023072,False
8,0.6,1.3,antiphase,11,cost,6,0.8743351639217422,0.046719175646361626,False
8,0.6,1.3,antiphase,11,cost,16,0.35306326321966885,0.43866148963787194,False
8,0.6,1.3,antiphase,11,cost,32,0.01935783762451715,0.9660863526921948,False
8,0.6,1.3,antiphase,11,cost,128,6.015923015900704e-05,0.9999521021646328,True
8,0.6,1.3,antiphase,11,cost,128,6.015923015900704e-05,0.9999521021646328,True
8,0.05,0.3,antiphase,11,cost,6,0.9238646179543003,2.4191011912690436e-07,False
8,0.05,0.3,antiphase,11,cost,16,0.6751592840842265,0.0016548463565294641,False
8,0.05,0.3,antiphase,11,cost,32,0.0032578834457583916,0.9928519385475867,False
8,0.05,0.3,antiphase,11,cost,118,4.252093122047995e-09,0.9999999952731025,True
8,0.65,1.7,antiphase,11,cost,6,1.2002942581401106,0.04521948574779127,False
8,0.65,1.7,antiphase,11,cost,16,0.44858332477900054,0.4340529320685924,False
8,0.65,1.7,antiphase,11,cost,32,0.029005320082240882,0.9628678666825863,False
8,0.65,1.7,antiphase,11,cost,64,0.0008888733565937113,0.9993423724323856,True
8,0.65,1.7,antiphase,11,cost,96,0.0001273008334790049,0.9999223471245473,True
8,0.65,1.7,antiphase,11,cost,128,2.995511666314954e-05,0.9999823995039269,True
8,0.65,1.7,antiphase,11,cost,128,2.995511666314954e-05,0.9999823995039269,True
8,0.5,0.15,ghz,23,fixed,7,0.07108108440839933,0.0022785653611650893,False
8,0.5,0.15,ghz,23,fixed,23,0.05989163667787156,0.004399110529627681,False
8,0.75,0.4,ghz,11,cost,7,0.5624286068927224,8.740125960690876e-05,False
8,0.75,0.4,ghz,11,cost,15,0.27699215931073007,0.007503447959614467,False
8,0.75,0.4,ghz,11,cost,31,0.13370571721260838,0.03782427171313636,False
8,0.75,0.4,ghz,11,cost,95,0.005691306230204862,0.5365064604123803,False
8,0.75,0.4,ghz,11,cost,127,0.0010612594875587522,0.9943466387946561,False
8,0.75,0.4,ghz,11,cost,127,0.0010612594875587522,0.9943466387946561,False
8,0.95,1.2,antiphase,11,cost,6,0.5165312116800511,0.19182527778254974,False
8,0.95,1.2,antiphase,11,cost,16,0.2373731831194692,0.5366551895387452,False
8,0.95,1.2,antiphase,11,cost,32,0.03606020342313654,0.937584025922103,False
8,0.95,1.2,antiphase,11,cost,64,0.005192165438544283,0.9926390741451246,False
8,0.95,1.2,antiphase,11,cost,128,0.0007119930185472967,0.9993191237143776,True
8,0.95,1.2,antiphase,11,cost,128,0.0007119930185472967,0.9993191237143776,True
8,0.05,1.1,ghz,11,cost,7,0.379148630978533,0.252799757782511,False
8,0.05,1.1,ghz,11,cost,15,0.2260035741158435,0.4111183453481195,False
8,0.05,1.1,ghz,11,cost,31,0.05279893266039504,0.8755755435251855,False
8,0.05,1.1,ghz,11,cost,63,0.0008245654472294195,0.9988787433273306,True
8,0.05,1.1,ghz,11,cost,95,6.676561116658597e-05,0.9999309162119435,True
8,0.05,1.1,ghz,11,cost,127,2.91951687936276e-07,0.99999972214649,True
8,0.05,1.1,ghz,11,cost,127,2.91951687936276e-07,0.99999972214649,True
8,0.5,0.5,plus,11,cost,0,0.28952461788353123,0.5314868443281946,False
8,0.5,0.5,plus,11,cost,16,0.029087027618383,0.8650525198519521,False
8,0.5,0.5,plus,11,cost,32,0.018409643492474537,0.9041279484399621,False
8,0.5,0.5,plus,11,cost,64,0.004234616088056198,0.9853817451214905,False
8,0.5,0.5,plus,11,cost,96,0.000954188359959196,0.9983333002515854,True
8,0.5,0.5,plus,11,cost,128,0.000329193539402306,0.9992589521016205,True
8,0.5,0.5,plus,11,cost,128,0.000329193539402306,0.9992589521016205,True
8,0.975,0.15,plus,11,cost,0,0.8308266821859968,0.029215852039379774,False
8,0.975,0.15,plus,11,cost,32,5.489680591730384e-05,0.500013598145588,False
8,0.975,0.15,plus,11,cost,64,4.505656641329292e-05,0.5001032576176694,False
8,0.975,0.15,plus,11,cost,96,4.274233239265346e-05,0.5001370216308968,False
8,0.975,0.15,plus,11,cost,104,4.2733321166998905e-05,0.5001370296487428,False
8,0.9,0.8,antiphase,11,cost,6,0.2362099158315537,0.40255994944785994,False
8,0.9,0.8,antiphase,11,cost,16,0.13433610520290307,0.5897301586292636,False
8,0.9,0.8,antiphase,11,cost,32,0.021354869048435976,0.9224380357836539,False
8,0.9,0.8,antiphase,11,cost,64,0.005050416372942346,0.9871578572081472,False
8,0.9,0.8,antiphase,11,cost,128,0.0009026838335639553,0.9985810543858054,True
8,0.9,0.8,antiphase,11,cost,128,0.0009026838335639553,0.9985810543858054,True
12,0.3,1.4,ghz,11,cost,11,0.8516446148026334,0.00531423180466943,False
12,0.3,1.4,ghz,11,cost,31,0.3504343547931305,0.17622794777820563,False
12,0.3,1.4,ghz,11,cost,63,0.16179974683382348,0.48683636303071876,False
12,0.3,1.4,ghz,11,cost,95,0.14937405544438795,0.49033308361271555,False
12,0.3,1.4,ghz,11,cost,127,8.1348612413971e-05,0.9998371185299383,True
12,0.3,1.4,ghz,11,cost,127,8.1348612413971e-05,0.9998371185299383,True
8,0.5,0.2,ghz,11,cost,7,0.09767513850311582,0.0038675280687309197,False
8,0.5,0.2,ghz,11,cost,15,0.08769819064747342,0.0058895268356760145,False
8,0.5,0.2,ghz,11,cost,31,0.01911953437165481,0.5288708474200985,False
8,0.5,0.2,ghz,11,cost,63,0.009111752472157342,0.8217891977324182,False
8,0.5,0.2,ghz,11,cost,95,0.0042022269207059315,0.9420033565773412,False
8,0.5,0.2,ghz,11,cost,127,0.0011787295471966663,0.9909954308942917,False
8,0.5,0.2,ghz,11,cost,127,0.0011787295471966663,0.9909954308942917,False
8,0.65,0.5,antiphase,11,cost,6,0.15765925691885407,0.19324406828112808,False
8,0.65,0.5,antiphase,11,cost,16,0.0942520476488743,0.3258514349122591,False
8,0.65,0.5,antiphase,11,cost,32,0.04328817354960235,0.5612737899315919,False
8,0.65,0.5,antiphase,11,cost,64,0.01076197512628796,0.9165007689535483,False
8,0.65,0.5,antiphase,11,cost,96,0.005508705050468077,0.9707632391464579,False
8,0.65,0.5,antiphase,11,cost,128,0.001551699040197363,0.9967741759901069,False
8,0.65,0.5,antiphase,11,cost,128,0.001551699040197363,0.9967741759901069,False
8,0.325,0.85,antiphase,11,cost,6,0.7427538831580118,0.011247859626865734,False
8,0.325,0.85,antiphase,11,cost,16,0.5100539685506027,0.10677636813289612,False
8,0.325,0.85,antiphase,11,cost,32,0.17889754782336764,0.39761856926013545,False
8,0.325,0.85,antiphase,11,cost,64,0.0010466219539897459,0.9954935151622157,False
8,0.325,0.85,antiphase,11,cost,96,7.162525100046224e-05,0.9998950571902385,True
8,0.325,0.85,antiphase,11,cost,128,1.798211491266244e-05,0.9999782715611237,True
8,0.325,0.85,antiphase,11,cost,128,1.798211491266244e-05,0.9999782715611237,True
8,0.35,1.7,ghz,11,cost,7,1.1800534639515918,0.025447024741653876,False
8,0.35,1.7,ghz,11,cost,15,0.7153937090886664,0.1496604834549732,False
8,0.35,1.7,ghz,11,cost,31,0.03016706698588223,0.9667299573757737,False
8,0.35,1.7,ghz,11,cost,63,0.0001633300115666536,0.9998798270639878,True
8,0.35,1.7,ghz,11,cost,95,4.528116152036077e-06,0.9999974246442168,True
8,0.35,1.7,ghz,11,cost,127,7.81332874844054e-07,0.9999995650029359,True
8,0.35,1.7,ghz,11,cost,127,7.81332874844054e-07,0.9999995650029359,True
8,0.25,1.4,plus,11,cost,0,0.15348567149719794,0.830119171304057,False
8,0.25,1.4,plus,11,cost,16,0.003773253296340373,0.9948561598353063,False
8,0.25,1.4,plus,11,cost,32,0.00031629612636052684,0.9993769199215476,False
8,0.25,1.4,plus,11,cost,64,2.0110743993662084e-05,0.9999793619427702,True
8,0.25,1.4,plus,11,cost,96,2.236757245199783e-06,0.9999984745669459,True
8,0.25,1.4,plus,11,cost,128,6.432229955333213e-07,0.9999995488358577,True
8,0.25,1.4,plus,11,cost,128,6.432229955333213e-07,0.9999995488358577,True
8,0.0,0.2,plus,11,cost,0,0.8100253198889197,0.017434082290676986,False
8,0.0,0.2,plus,11,cost,16,0.24784712071102866,0.49828551460591813,False
8,0.0,0.2,plus,11,cost,86,2.352682715311971e-09,0.9999999970677815,True
8,0.975,1.75,antiphase,11,fixed,6,0.9812139933758998,0.10007262253302474,False
8,0.975,1.75,antiphase,11,fixed,22,0.9812139933758997,0.10007262253302474,False
8,0.0,0.8,plus,11,cost,0,0.3706505570546521,0.21574807221234504,False
8,0.0,0.8,plus,11,cost,16,0.10729221656134769,0.5605770788750003,False
8,0.0,0.8,plus,11,cost,32,0.006944761959862822,0.9804833267937784,False
8,0.0,0.8,plus,11,cost,64,0.00036138603517166246,0.9993867629926501,True
8,0.0,0.8,plus,11,cost,96,3.5095201056378755e-07,0.9999997022556186,True
8,0.0,0.8,plus,11,cost,102,3.3632555784812723e-07,0.9999997204355056,True
8,0.7,1.2,ghz,11,cost,7,1.0988002890000983,0.006716767135753195,False
8,0.7,1.2,ghz,11,cost,15,0.645739221107237,0.0667747340581538,False
8,0.7,1.2,ghz,11,cost,31,0.05952005044445641,0.898110074815175,False
8,0.7,1.2,ghz,11,cost,95,0.0007741434830548233,0.9992660538362855,True
8,0.7,1.2,ghz,11,cost,127,0.0001943526100900428,0.9998356845053441,True
8,0.7,1.2,ghz,11,cost,127,0.0001943526100900428,0.9998356845053441,True
8,0.15,1.9,antiphase,11,cost,6,1.872060388043498,0.012948166563768536,False
8,0.15,1.9,antiphase,11,cost,16,0.5904334853629498,0.4329717708522973,False
8,0.15,1.9,antiphase,11,cost,32,0.3702510151443177,0.493190430340726,False
8,0.15,1.9,antiphase,11,cost,64,7.371293850866323e-07,0.9999992177539128,True
8,0.15,1.9,antiphase,11,cost,96,8.144744390037317e-08,0.999999955639387,True
8,0.15,1.9,antiphase,11,cost,106,4.1091657632108536e-08,0.9999999793385209,True
8,0.75,0.7,plus,11,cost,0,0.29018136055742616,0.5989640935401781,False
8,0.75,0.7,plus,11,cost,16,0.07943378315220273,0.7301189672100578,False
8,0.75,0.7,plus,11,cost,32,0.018396458790019277,0.9143363675259703,False
8,0.75,0.7,plus,11,cost,96,0.004082720581058075,0.9920869897694111,False
8,0.75,0.7,plus,11,cost,128,0.00110481876987234,0.998492245021812,False
8,0.75,0.7,plus,11,cost,128,0.00110481876987234,0.998492245021812,False
12,0.8,1.1,ghz,11,cost,11,1.1399828326838917,0.0001424299630629666,False
12,0.8,1.1,ghz,11,cost,31,0.25058444953157394,0.1004210639823285,False
12,0.8,1.1,ghz,11,cost,63,0.13320062654165868,0.40700656891198495,False
12,0.8,1.1,ghz,11,cost,95,0.013377931479142754,0.9616978500589382,False
12,0.8,1.1,ghz,11,cost,127,0.004465704574753519,0.9870552990932793,False
12,0.8,1.1,ghz,11,cost,127,0.004465704574753519,0.9870552990932793,False
8,0.75,1.7,plus,11,cost,0,0.16432863098232708,0.8670993528335261,False
8,0.75,1.7,plus,11,cost,16,0.04908334052109242,0.9368697443489129,False
8,0.75,1.7,plus,11,cost,32,0.00759651294534458,0.9930321659413863,False
8,0.75,1.7,plus,11,cost,64,0.0003575257794443676,0.9997646676391818,True
8,0.75,1.7,plus,11,cost,96,0.00018596122635505807,0.9998814591733021,True
8,0.75,1.7,plus,11,cost,128,5.27230011799773e-05,0.9999681870097258,True
8,0.75,1.7,plus,11,cost,128,5.27230011799773e-05,0.9999681870097258,True
8,0.65,1.4,plus,11,cost,0,0.1721027192575053,0.8426589580042435,False
8,0.65,1.4,plus,11,cost,16,0.03625781319744714,0.9432646243355142,False
8,0.65,1.4,plus,11,cost,32,0.007985128152878218,0.9906127913814021,False
8,0.65,1.4,plus,11,cost,64,0.0012928652532202545,0.9986168822087358,False
8,0.65,1.4,plus,11,cost,96,0.00011046387695845539,0.9999164064595286,True
8,0.65,1.4,plus,11,cost,128,4.3436501841132014e-05,0.9999709427053662,True
8,0.65,1.4,plus,11,cost,128,4.3436501841132014e-05,0.9999709427053662,True
8,0.8,1.2,antiphase,23,fixed,6,0.6202060867657855,0.11001980552767686,False
8,0.8,1.2,antiphase,23,fixed,22,0.6202060867657855,0.11001980552767686,False
8,0.25,1.2,ghz,11,cost,7,0.6239012873625686,0.06268742927487052,False
8,0.25,1.2,ghz,11,cost,15,0.3978552805066824,0.18065739640567074,False
8,0.25,1.2,ghz,11,cost,31,0.03749932359456842,0.9409061453321192,False
8,0.25,1.2,ghz,11,cost,63,4.7069662318932615e-05,0.9999306361183389,True
8,0.25,1.2,ghz,11,cost,95,9.187060554971538e-06,0.9999907515736398,True
8,0.25,1.2,ghz,11,cost,127,2.638579890135162e-06,0.9999976822875205,True
8,0.25,1.2,ghz,11,cost,127,2.638579890135162e-06,0.9999976822875205,True
8,0.1,1.2,antiphase,11,cost,6,1.295219657483058,0.006033584569135189,False
8,0.1,1.2,antiphase,11,cost,16,0.4905589959108625,0.34816416198185984,False
8,0.1,1.2,antiphase,11,cost,32,0.20132974027344197,0.5435201034539475,False
8,0.1,1.2,antiphase,11,cost,64,0.0006536651768835888,0.9991777220179402,False
8,0.1,1.2,antiphase,11,cost,96,2.389616856035559e-05,0.9999796954253894,True
8,0.1,1.2,antiphase,11,cost,128,3.6699739718315527e-06,0.9999970408078457,True
8,0.1,1.2,antiphase,11,cost,128,3.6699739718315527e-06,0.9999970408078457,True
8,0.8,0.5,plus,23,fixed,0,0.39494708173145954,0.2646472959279824,False
8,0.8,0.5,plus,23,fixed,16,0.1424099326966961,0.32328739777952076,False
8,0.0,0.9,plus,37,cost,0,0.3216609572519995,0.3126943576453465,False
8,0.0,0.9,plus,37,cost,16,0.07255768808384833,0.6859207549031084,False
8,0.0,0.9,plus,37,cost,32,0.019117497464587352,0.9579788766476044,False
8,0.0,0.9,plus,37,cost,96,1.8947147109038553e-06,0.9999983449464414,True
8,0.0,0.9,plus,37,cost,128,1.4341830500974595e-07,0.9999998815738671,True
8,0.0,0.9,plus,37,cost,128,1.4341830500974595e-07,0.9999998815738671,True
8,0.7,1.7,antiphase,11,cost,6,1.1568328022469379,0.05158802967699987,False
8,0.7,1.7,antiphase,11,cost,16,0.43667613076159717,0.44071804996521685,False
8,0.7,1.7,antiphase,11,cost,32,0.03505953613184065,0.9574668899255124,False
8,0.7,1.7,antiphase,11,cost,64,0.0007208787657631,0.9994432805989807,True
8,0.7,1.7,antiphase,11,cost,96,9.879130647405532e-05,0.9999372330447519,True
8,0.7,1.7,antiphase,11,cost,128,2.739032306675604e-05,0.9999834286451063,True
8,0.7,1.7,antiphase,11,cost,128,2.739032306675604e-05,0.9999834286451063,True
8,0.0,0.7,ghz,11,cost,7,0.12796676767287796,0.738150209283976,False
8,0.0,0.7,ghz,11,cost,15,0.06765378112405851,0.8454279033175802,False
8,0.0,0.7,ghz,11,cost,31,0.005720931239113991,0.9792099893016514,False
8,0.0,0.7,ghz,11,cost,63,0.0018611019649010796,0.9947491775399079,False
8,0.0,0.7,ghz,11,cost,101,2.219824324356523e-11,0.9999999999649534,True
8,0.35,1.4,ghz,11,cost,7,0.9012492378238861,0.030819126987614007,False
8,0.35,1.4,ghz,11,cost,15,0.5669348569610199,0.1459921279748693,False
8,0.35,1.4,ghz,11,cost,31,0.0339190135802625,0.9548070617971148,False
8,0.35,1.4,ghz,11,cost,63,0.0002473493683645689,0.999716350218564,True
8,0.35,1.4,ghz,11,cost,95,7.74824637228555e-06,0.999994479542,True
8,0.35,1.4,ghz,11,cost,127,2.046064941696457e-06,0.9999986580281118,True
8,0.35,1.4,ghz,11,cost,127,2.046064941696457e-06,0.9999986580281118,True
8,0.55,1.7,antiphase,11,cost,6,1.2899800527481728,0.03473512408638688,False
8,0.55,1.7,antiphase,11,cost,16,0.47206937520519165,0.4239158623004304,False
8,0.55,1.7,antiphase,11,cost,32,0.02811962073591756,0.9642842214090136,False
8,0.55,1.7,antiphase,11,cost,64,0.00030740766063752645,0.9997647230738415,True
8,0.55,1.7,antiphase,11,cost,128,1.270405599695934e-05,0.9999925197135472,True
8,0.55,1.7,antiphase,11,cost,128,1.270405599695934e-05,0.9999925197135472,True
8,0.65,0.4,antiphase,11,cost,6,0.09069405560690402,0.3624086857726169,False
8,0.65,0.4,antiphase,11,cost,16,0.05098336305160045,0.47990426525786883,False
8,0.65,0.4,antiphase,11,cost,32,0.021569318030948526,0.6245057513679165,False
8,0.65,0.4,antiphase,11,cost,64,0.014666223275517587,0.7975600223035327,False
8,0.65,0.4,antiphase,11,cost,96,0.010062799179378579,0.9029240470427496,False
8,0.65,0.4,antiphase,11,cost,128,0.0029458702749640686,0.981364342432211,False
8,0.65,0.4,antiphase,11,cost,128,0.0029458702749640686,0.981364342432211,False
8,0.0,1.6,plus,11,cost,0,0.16130255497443757,0.7961892349081896,False
8,0.0,1.6,plus,11,cost,16,0.014172848316022835,0.9735099555418906,False
8,0.0,1.6,plus,11,cost,32,0.0033361828692930473,0.9930406045993376,False
8,0.0,1.6,plus,11,cost,64,0.00012853745612551037,0.9998947808927909,True
8,0.0,1.6,plus,11,cost,96,2.2386473318647404e-05,0.9999847864650934,True
8,0.0,1.6,plus,11,cost,128,2.6007560183227696e-06,0.9999983240570637,True
8,0.0,1.6,plus,11,cost,128,2.6007560183227696e-06,0.9999983240570637,True
8,0.0,1.1,plus,37,gradient,0,0.2494084590468375,0.5240703132648579,False
8,0.0,1.1,plus,37,gradient,16,0.03932645109518096,0.8531288582360339,False
8,0.0,1.1,plus,37,gradient,32,0.02211274789068063,0.9130687275672755,False
8,0.0,1.1,plus,37,gradient,96,6.324329145823704e-05,0.999943628780646,True
8,0.0,1.1,plus,37,gradient,110,1.0011325102254887e-11,0.9999999999901887,True
8,0.0,1.8,ghz,11,cost,7,0.9421716759656829,0.07645152241152128,False
8,0.0,1.8,ghz,11,cost,15,0.58674107991792,0.20596554228180783,False
8,0.0,1.8,ghz,11,cost,31,0.01894745619801519,0.9782440331993587,False
8,0.0,1.8,ghz,11,cost,63,7.75257007625818e-05,0.9999432105637592,True
8,0.0,1.8,ghz,11,cost,95,5.88484252683763e-06,0.999996712227652,True
8,0.0,1.8,ghz,11,cost,127,1.7648808494641344e-06,0.9999990227536755,True
8,0.0,1.8,ghz,11,cost,127,1.7648808494641344e-06,0.9999990227536755,True
8,0.8,0.5,ghz,11,fixed,7,0.6949470817314594,0.00016996601402328608,False
8,0.8,0.5,ghz,11,fixed,23,0.19553636905781435,0.057661959840928215,False
8,0.8,0.6,plus,23,cost,0,0.3475761295690428,0.4098035720244742,False
8,0.8,0.6,plus,23,cost,16,0.10819487233944125,0.5329324858235223,False
8,0.8,0.6,plus,23,cost,32,0.03261863857057756,0.9176211901724086,False
8,0.8,0.6,plus,23,cost,96,0.00447649533190575,0.9797490882502707,False
8,0.8,0.6,plus,23,cost,128,0.0022381402389900495,0.9937904934787332,False
8,0.8,0.6,plus,23,cost,128,0.0022381402389900495,0.9937904934787332,False
8,0.85,0.6,antiphase,11,cost,6,0.13224595975042963,0.5964221689572384,False
8,0.85,0.6,antiphase,11,cost,16,0.0698387168238519,0.7475566186429685,False
8,0.85,0.6,antiphase,11,cost,32,0.010013173750322402,0.9505754597820173,False
8,0.85,0.6,antiphase,11,cost,64,0.0033072599193770813,0.9867979186161382,False
8,0.85,0.6,antiphase,11,cost,96,0.002046025322957057,0.9927698960181021,False
8,0.85,0.6,antiphase,11,cost,128,0.0012966463570387443,0.9962617226851938,False
8,0.85,0.6,antiphase,11,cost,128,0.0012966463570387443,0.9962617226851938,False
8,0.8,0.2,plus,23,fixed,0,0.6128660251752662,0.044882969890375046,False
8,0.8,0.2,plus,23,fixed,16,0.27134554464887306,0.0716127027393883,False
8,0.65,0.6,ghz,11,cost,7,0.5320765369016733,0.003965789471217994,False
8,0.65,0.6,ghz,11,cost,15,0.30957702004634846,0.04173960043588335,False
8,0.65,0.6,ghz,11,cost,31,0.09765996244054087,0.22357653028383975,False
8,0.65,0.6,ghz,11,cost,63,0.010760593928936801,0.9732199958513977,False
8,0.65,0.6,ghz,11,cost,95,0.002868386864000483,0.9907973237532243,False
8,0.65,0.6,ghz,11,cost,127,0.0010873545504226367,0.997646904526806,False
8,0.65,0.6,ghz,11,cost,127,0.0010873545504226367,0.997646904526806,False
8,0.5,1.2,ghz,11,cost,7,0.8742632365726714,0.017173175231875684,False
8,0.5,1.2,ghz,11,cost,15,0.5791491398234521,0.09631502840661121,False
8,0.5,1.2,ghz,11,cost,31,0.025549982619081923,0.9598482511092294,False
8,0.5,1.2,ghz,11,cost,63,0.0006390000119567141,0.9992168669368688,True
8,0.5,1.2,ghz,11,cost,95,0.0001174358481392801,0.9999022044495742,True
8,0.5,1.2,ghz,11,cost,127,3.431520217289652e-05,0.999971941239932,True
8,0.5,1.2,ghz,11,cost,127,3.431520217289652e-05,0.999971941239932,True
8,0.4,1.8,antiphase,11,cost,6,1.5254944268838453,0.023381230414018996,False
8,0.4,1.8,antiphase,11,cost,16,0.5058738279078194,0.46059640111924577,False
8,0.4,1.8,antiphase,11,cost,32,0.013915280740605773,0.9832603650802644,False
8,0.4,1.8,antiphase,11,cost,64,0.00017923714340906116,0.99986001350892,True
8,0.4,1.8,antiphase,11,cost,96,9.71683683137492e-06,0.9999946753542374,True
8,0.4,1.8,antiphase,11,cost,128,1.3976415877969828e-06,0.9999992598587217,True
8,0.4,1.8,antiphase,11,cost,128,1.3976415877969828e-06,0.9999992598587217,True
8,0.675,0.15,plus,11,fixed,0,0.5335645621371067,0.04149837114752126,False
8,0.675,0.15,plus,11,fixed,16,0.1600322610455419,0.07214973251916686,False
8,0.8,0.1,antiphase,11,cost,6,0.003147374978442974,0.9920308169314594,False
8,0.8,0.1,antiphase,11,cost,16,0.0011984166793210793,0.9969554847818584,False
8,0.8,0.1,antiphase,11,cost,32,4.1349128532264245e-06,0.9999877607131495,True
8,0.8,0.1,antiphase,11,cost,64,2.0751090580306553e-06,0.9999938444348418,True
8,0.8,0.1,antiphase,11,cost,90,7.207179708590417e-08,0.9999997829124929,True
8,0.5,0.8,plus,11,cost,0,0.2252097681680163,0.7020751280769251,False
8,0.5,0.8,plus,11,cost,16,0.01894484063117874,0.9462480595829209,False
8,0.5,0.8,plus,11,cost,32,0.010751499020365873,0.9675191443725802,False
8,0.5,0.8,plus,11,cost,64,0.0019587785280301695,0.9961492886886466,False
8,0.5,0.8,plus,11,cost,96,0.00024098004552097763,0.9997289273706238,True
8,0.5,0.8,plus,11,cost,128,0.0001074089243759957,0.9998792249100114,True
8,0.5,0.8,plus,11,cost,128,0.0001074089243759957,0.9998792249100114,True
8,0.0,1.0,antiphase,11,cost,6,1.2814577238707536,0.001468450803653041,False
8,0.0,1.0,antiphase,11,cost,16,0.531457723870754,0.2656733889475208,False
8,0.0,1.0,antiphase,11,cost,32,0.05816019689009844,0.8159958720110289,False
8,0.0,1.0,antiphase,11,cost,64,0.001720643095622254,0.9979998415226979,False
8,0.0,1.0,antiphase,11,cost,96,0.00011823656304388308,0.9998636772504336,True
8,0.0,1.0,antiphase,11,cost,120,1.397593152319132e-11,0.9999999999832094,True
8,0.5,0.15,antiphase,37,cost,6,0.07108108440839944,0.001959175486408019,False
8,0.5,0.15,antiphase,37,cost,16,0.06413350380047655,0.0028454234298743667,False
8,0.5,0.15,antiphase,37,cost,32,0.05945993351607304,0.004576705029058781,False
8,0.5,0.15,antiphase,37,cost,64,0.009026066985439951,0.6925024993088509,False
8,0.5,0.15,antiphase,37,cost,96,0.004718026622682614,0.907599860386843,False
8,0.5,0.15,antiphase,37,cost,128,0.0014767137021900467,0.9869531265819276,False
8,0.5,0.15,antiphase,37,cost,128,0.0014767137021900467,0.9869531265819276,False
8,0.15,1.3,ghz,11,cost,7,0.6225757013964188,0.09005399660681107,False
8,0.15,1.3,ghz,11,cost,15,0.3977131244229537,0.20650792854204894,False
8,0.15,1.3,ghz,11,cost,31,0.03973982117781372,0.9387166127925477,False
8,0.15,1.3,ghz,11,cost,63,3.88747234203457e-05,0.9999603237010234,True
8,0.15,1.3,ghz,11,cost,127,1.4737929916464054e-06,0.9999987845819276,True
8,0.15,1.3,ghz,11,cost,127,1.4737929916464054e-06,0.9999987845819276,True
8,0.85,1.3,antiphase,11,cost,6,0.6709862900994213,0.11552706565220905,False
8,0.85,1.3,antiphase,11,cost,16,0.29223569783297987,0.47406443298664636,False
8,0.85,1.3,antiphase,11,cost,32,0.04803748990879231,0.9239128914737189,False
8,0.85,1.3,antiphase,11,cost,64,0.001677923423333505,0.9983648171922956,False
8,0.85,1.3,antiphase,11,cost,96,0.0004129647678612347,0.9996569651424643,True
8,0.85,1.3,antiphase,11,cost,128,0.00019981199024066143,0.9998401736496271,True
8,0.85,1.3,antiphase,11,cost,128,0.00019981199024066143,0.9998401736496271,True
8,0.7,0.1,plus,11,cost,0,0.6036089767555276,0.028415255413215216,False
8,0.7,0.1,plus,11,cost,16,0.09929120071312914,0.2507935508427952,False
8,0.7,0.1,plus,11,cost,64,2.528480155816748e-05,0.500066329317724,False
8,0.7,0.1,plus,11,cost,98,2.3376805342256723e-05,0.500107999509327,False
8,1.0,0.4,plus,11,cost,0,0.6427014692989349,0.08306204913241257,False
8,1.0,0.4,plus,11,cost,16,0.020995898499769794,0.9573242712051615,False
8,1.0,0.4,plus,11,cost,64,0.00012823646994220006,0.9997249838466541,True
8,1.0,0.4,plus,11,cost,128,3.60301271233876e-05,0.9999161142443757,True
8,1.0,0.4,plus,11,cost,128,3.60301271233876e-05,0.9999161142443757,True
8,0.5,0.15,ghz,11,fixed,7,0.07108108440839933,0.0022785653611650893,False
8,0.5,0.15,ghz,11,fixed,23,0.059891636677870896,0.004399110656660732,False
8,0.0,1.0,plus,37,gradient,0,0.2814577238707543,0.4215096173044166,False
8,0.0,1.0,plus,37,gradient,16,0.060987243388296974,0.753292524649098,False
8,0.0,1.0,plus,37,gradient,64,0.0039878062636682365,0.9940256009580818,False
8,0.0,1.0,plus,37,gradient,128,1.3238197791309858e-06,0.9999989634895171,True
8,0.0,1.0,plus,37,gradient,128,1.3238197791309858e-06,0.9999989634895171,True
8,0.15,0.8,plus,11,cost,0,0.27307580238133866,0.44586823010038645,False
8,0.15,0.8,plus,11,cost,16,0.041494199953361344,0.7940424166933919,False
8,0.15,0.8,plus,11,cost,32,0.01709255987851388,0.896865323567495,False
8,0.15,0.8,plus,11,cost,64,0.0012738030116832277,0.9974117773529939,False
8,0.15,0.8,plus,11,cost,96,5.249021975428647e-05,0.9999329516277782,True
8,0.15,0.8,plus,11,cost,128,6.235883936112074e-06,0.9999927217772899,True
8,0.15,0.8,plus,11,cost,128,6.235883936112074e-06,0.9999927217772899,True
8,0.1,0.4,ghz,11,cost,7,0.045306014923661264,0.8975572890773352,False
8,0.1,0.4,ghz,11,cost,15,0.02329332278968166,0.944837968576693,False
8,0.1,0.4,ghz,11,cost,31,0.0007614512487561509,0.9974383320657046,True
8,0.1,0.4,ghz,11,cost,63,0.00026771574855388725,0.9990183670178363,True
8,0.1,0.4,ghz,11,cost,95,0.00012950927641797172,0.9996689376708183,True
8,0.1,0.4,ghz,11,cost,127,1.7122079631892717e-07,0.9999997974565269,True
8,0.1,0.4,ghz,11,cost,127,1.7122079631892717e-07,0.9999997974565269,True
8,0.35,1.9,plus,11,cost,0,0.11896443681055491,0.90195401271064,False
8,0.35,1.9,plus,11,cost,16,0.0036323364318882057,0.9956896787513023,False
8,0.35,1.9,plus,11,cost,32,0.0010782308378693983,0.9987257603223398,False
8,0.35,1.9,plus,11,cost,64,0.00010490545024133269,0.9998842652475333,True
8,0.35,1.9,plus,11,cost,96,4.750502081485308e-06,0.9999976286744499,True
8,0.35,1.9,plus,11,cost,128,9.572822716741314e-07,0.9999995337736466,True
8,0.35,1.9,plus,11,cost,128,9.572822716741314e-07,0.9999995337736466,True
8,0.85,0.6,ghz,11,cost,7,0.8322459597504291,0.00026086846519131877,False
8,0.85,0.6,ghz,11,cost,15,0.4335299929942935,0.007060089310784813,False
8,0.85,0.6,ghz,11,cost,31,0.026792525477988827,0.4763059528191141,False
8,0.85,0.6,ghz,11,cost,63,0.0066212320969696314,0.9723909571294448,False
8,0.85,0.6,ghz,11,cost,95,0.0024418992769095205,0.9903481438236447,False
8,0.85,0.6,ghz,11,cost,127,0.0018606662903492,0.9933944282464762,False
8,0.85,0.6,ghz,11,cost,127,0.0018606662903492,0.9933944282464762,False
8,0.5,1.8,antiphase,11,cost,6,1.4304773809606999,0.02993261634171424,False
8,0.5,1.8,antiphase,11,cost,16,0.5066878725739072,0.4279778683033146,False
8,0.5,1.8,antiphase,11,cost,32,0.023993347687684574,0.9720894108988067,False
8,0.5,1.8,antiphase,11,cost,64,0.0004956786221286258,0.9995746063897375,True
8,0.5,1.8,antiphase,11,cost,96,1.7187560387155187e-05,0.9999905781167348,True
8,0.5,1.8,antiphase,11,cost,128,8.089543532374677e-06,0.9999955853545679,True
8,0.5,1.8,antiphase,11,cost,128,8.089543532374677e-06,0.9999955853545679,True
8,0.45,0.15,plus,23,fixed,0,0.4217268040301613,0.2479639860297743,False
8,0.45,0.15,plus,23,fixed,16,0.04648383437874948,0.43801955608396365,False
8,0.95,1.9,ghz,11,cost,7,2.0377764213414764,0.004241139918537106,False
8,0.95,1.9,ghz,11,cost,15,1.1546270118550148,0.060219090357551755,False
8,0.95,1.9,ghz,11,cost,31,0.0779208859536702,0.9187810087656008,False
8,0.95,1.9,ghz,11,cost,63,0.0005839466462003173,0.9996575652524926,True
8,0.95,1.9,ghz,11,cost,95,0.0001965427188723723,0.9998882161659091,True
8,0.95,1.9,ghz,11,cost,127,0.00011743342392289691,0.9999300362303682,True
8,0.95,1.9,ghz,11,cost,127,0.00011743342392289691,0.9999300362303682,True
8,0.4,1.9,plus,11,cost,0,0.12027125200334976,0.9031835724241757,False
8,0.4,1.9,plus,11,cost,16,0.0058222766482431965,0.9930285104000782,False
8,0.4,1.9,plus,11,cost,32,0.0015561947606608229,0.9982535549920697,False
8,0.4,1.9,plus,11,cost,64,7.267454025061681e-05,0.9999519192295426,True
8,0.4,1.9,plus,11,cost,96,8.506214615344732e-06,0.9999955680560848,True
8,0.4,1.9,plus,11,cost,128,2.225877340222837e-06,0.9999988636679129,True
8,0.4,1.9,plus,11,cost,128,2.225877340222837e-06,0.9999988636679129,True
8,0.7,0.5,plus,11,cost,0,0.3272366183061093,0.47145111949851903,False
8,0.7,0.5,plus,11,cost,16,0.07551064477565661,0.6275970672295688,False
8,0.7,0.5,plus,11,cost,32,0.02474129293291316,0.8493915762262512,False
8,0.7,0.5,plus,11,cost,64,0.010390440602258688,0.9600320166194038,False
8,0.7,0.5,plus,11,cost,96,0.004140562110588997,0.9907147650132794,False
8,0.7,0.5,plus,11,cost,128,0.0023017144830881353,0.9948283649285788,False
8,0.7,0.5,plus,11,cost,128,0.0023017144830881353,0.9948283649285788,False
8,0.2,1.7,ghz,11,cost,7,1.0323320133573968,0.0427193956287807,False
8,0.2,1.7,ghz,11,cost,15,0.6538545259603914,0.152479383282344,False
8,0.2,1.7,ghz,11,cost,31,0.030403850966914447,0.9656485452916235,False
8,0.2,1.7,ghz,11,cost,63,7.04329500167411e-06,0.9999943870053009,True
8,0.2,1.7,ghz,11,cost,95,1.0052661525428164e-06,0.9999993411800484,True
8,0.2,1.7,ghz,11,cost,127,2.7472999164501744e-07,0.9999998348631102,True
8,0.2,1.7,ghz,11,cost,127,2.7472999164501744e-07,0.9999998348631102,True
8,0.15,1.8,plus,11,cost,0,0.12827367276371637,0.8745767478283142,False
8,0.15,1.8,plus,11,cost,16,0.003615859729717119,0.9956147691841893,False
8,0.15,1.8,plus,11,cost,32,7.748456422129735e-05,0.9999076997317443,True
8,0.15,1.8,plus,11,cost,64,2.485974287314008e-06,0.9999974831240808,True
8,0.15,1.8,plus,11,cost,96,7.851035421779784e-08,0.9999999521778041,True
8,0.15,1.8,plus,11,cost,100,4.790205698768091e-08,0.9999999735968441,True
8,0.0,1.3,ghz,11,cost,7,0.5036751512038864,0.190473683970963,False
8,0.0,1.3,ghz,11,cost,15,0.29816920182480033,0.3662233395278935,False
8,0.0,1.3,ghz,11,cost,31,0.034784862431582075,0.9482137845464267,False
8,0.0,1.3,ghz,11,cost,95,4.897803633197029e-05,0.9999591754104618,True
8,0.0,1.3,ghz,11,cost,127,2.6116997453584645e-10,0.9999999998061586,True
8,0.0,1.3,ghz,11,cost,127,2.6116997453584645e-10,0.9999999998061586,True
8,0.3,0.2,ghz,11,cost,7,0.014576327734931338,0.9557837954156849,False
8,0.3,0.2,ghz,11,cost,15,0.007447624132500108,0.9765121784831214,False
8,0.3,0.2,ghz,11,cost,31,0.00023022251975368668,0.9985721102958417,True
8,0.3,0.2,ghz,11,cost,63,4.7069136506316944e-05,0.9996778569710472,True
8,0.3,0.2,ghz,11,cost,127,1.9853302640759907e-06,0.9999938567055123,True
8,0.3,0.2,ghz,11,cost,127,1.9853302640759907e-06,0.9999938567055123,True
8,0.25,1.7,plus,11,cost,0,0.13057706107901912,0.875555938667114,False
8,0.25,1.7,plus,11,cost,16,0.002145224816757496,0.9975630530900268,False
8,0.25,1.7,plus,11,cost,32,0.0003097290783380391,0.9995181073513887,True
8,0.25,1.7,plus,11,cost,64,2.425396043781447e-05,0.9999807897034094,True
8,0.25,1.7,plus,11,cost,96,9.292601064192496e-07,0.9999994745245846,True
8,0.25,1.7,plus,11,cost,128,2.5804659165018506e-07,0.999999849612902,True
8,0.25,1.7,plus,11,cost,128,2.5804659165018506e-07,0.999999849612902,True
8,0.3,1.2,plus,11,cost,0,0.17101349821106382,0.7970358254836657,False
8,0.3,1.2,plus,11,cost,16,0.004503508513447274,0.9927820338835665,False
8,0.3,1.2,plus,11,cost,32,0.0008632190713990795,0.9979311858791953,False
8,0.3,1.2,plus,11,cost,64,6.192234696800192e-05,0.9999297673593651,True
8,0.3,1.2,plus,11,cost,96,7.12368499922178e-06,0.9999942384753421,True
8,0.3,1.2,plus,11,cost,128,2.4219112180201563e-06,0.9999981770120371,True
8,0.3,1.2,plus,11,cost,128,2.4219112180201563e-06,0.9999981770120371,True
8,0.0,0.9,antiphase,11,fixed,6,1.221660957251998,0.0007585407967815044,False
8,0.0,0.9,antiphase,11,fixed,22,1.221660957251998,0.0005679523819154294,False
8,0.1,0.5,ghz,11,cost,7,0.07177750424934592,0.8343343440582476,False
8,0.1,0.5,ghz,11,cost,15,0.03736480940383313,0.9071083388704382,False
8,0.1,0.5,ghz,11,cost,31,0.0022075204424438777,0.9910733624020521,False
8,0.1,0.5,ghz,11,cost,63,0.0010864740155452912,0.9952570467879306,False
8,0.1,0.5,ghz,11,cost,95,3.445003297175564e-05,0.9999247860771253,True
8,0.1,0.5,ghz,11,cost,127,5.52124852837288e-07,0.9999992905377341,True
8,0.1,0.5,ghz,11,cost,127,5.52124852837288e-07,0.9999992905377341,True
8,0.8,0.5,plus,37,fixed,0,0.39494708173145954,0.2646472959279824,False
8,0.8,0.5,plus,37,fixed,16,0.14240993269672886,0.3232874050792812,False
8,0.7,0.7,plus,11,cost,0,0.2731105141683591,0.6433673051385042,False
8,0.7,0.7,plus,11,cost,16,0.059687271870013325,0.7932542715752803,False
8,0.7,0.7,plus,11,cost,32,0.01943786225891786,0.9423879436569864,False
8,0.7,0.7,plus,11,cost,64,0.005834950425972152,0.9859644639079557,False
8,0.7,0.7,plus,11,cost,96,0.0029680099268345472,0.9942639597030756,False
8,0.7,0.7,plus,11,cost,128,0.001271112847031186,0.9979634440228591,False
8,0.7,0.7,plus,11,cost,128,0.001271112847031186,0.9979634440228591,False
8,0.85,0.6,plus,11,cost,0,0.38224595975042996,0.32906937604640274,False
8,0.85,0.6,plus,11,cost,16,0.11332229678068484,0.48153411015085124,False
8,0.85,0.6,plus,11,cost,32,0.007938343125043046,0.9646494925188926,False
8,0.85,0.6,plus,11,cost,64,0.003350855357358573,0.9868849091480573,False
8,0.85,0.6,plus,11,cost,128,0.001412794788795635,0.9959982995982442,False
8,0.85,0.6,plus,11,cost,128,0.001412794788795635,0.9959982995982442,False
8,0.0,1.0,plus,23,cost,0,0.2814577238707543,0.4215096173044166,False
8,0.0,1.0,plus,23,cost,16,0.05356029760475067,0.7770245915690668,False
8,0.0,1.0,plus,23,cost,32,0.026776714237016552,0.903455877835424,False
8,0.0,1.0,plus,23,cost,64,0.0011193301690173296,0.9987844462545954,False
8,0.0,1.0,plus,23,cost,120,2.320612590978044e-10,0.9999999997817226,True
8,0.325,1.75,plus,11,cost,0,0.12682693086376062,0.8872003196689974,False
8,0.325,1.75,plus,11,cost,16,0.002957710277165404,0.9962743961061166,False
8,0.325,1.75,plus,11,cost,32,0.0009786077983409136,0.9986551637242956,False
8,0.325,1.75,plus,11,cost,64,2.379853377432184e-05,0.9999837580425459,True
8,0.325,1.75,plus,11,cost,96,2.422471860441533e-06,0.9999985913443497,True
8,0.325,1.75,plus,11,cost,128,6.747164245091142e-07,0.9999996220781113,True
8,0.325,1.75,plus,11,cost,128,6.747164245091142e-07,0.9999996220781113,True
8,0.45,0.15,antiphase,11,cost,6,0.12172680403016128,0.00048412150083379453,False
8,0.45,0.15,antiphase,11,cost,16,0.11385725380094014,0.0010544370968842008,False
8,0.45,0.15,antiphase,11,cost,32,0.10868686420905538,0.00256643626727505,False
8,0.45,0.15,antiphase,11,cost,64,0.003696387438785198,0.8001341969343749,False
8,0.45,0.15,antiphase,11,cost,96,0.0029545705005152856,0.8275148613568718,False
8,0.45,0.15,antiphase,11,cost,128,0.0016888269607491235,0.931771862291714,False
8,0.45,0.15,antiphase,11,cost,128,0.0016888269607491235,0.931771862291714,False
12,0.0,0.2,ghz,11,cost,11,0.01002525404096355,0.9701118559121858,False
12,0.0,0.2,ghz,11,cost,31,0.0017124303463897188,0.9948144812997493,False
12,0.0,0.2,ghz,11,cost,31,0.0017124303463897188,0.9948144812997493,False
8,0.475,0.85,antiphase,11,fixed,6,0.5909159456800984,0.027647371734672216,False
8,0.475,0.85,antiphase,11,fixed,22,0.5909159456800985,0.027647371734672205,False
8,0.1,0.8,antiphase,11,cost,6,1.0007852553608705,0.0011483340868891285,False
8,0.1,0.8,antiphase,11,cost,16,0.5281248797762339,0.059768923976671696,False
8,0.1,0.8,antiphase,11,cost,32,0.041280670706695055,0.8385378934582454,False
8,0.1,0.8,antiphase,11,cost,64,0.0030249486634748024,0.9950408553319167,False
8,0.1,0.8,antiphase,11,cost,96,9.909427331722398e-05,0.9998753032836699,True
8,0.1,0.8,antiphase,11,cost,128,2.5240246581681447e-06,0.9999969286627735,True
8,0.1,0.8,antiphase,11,cost,128,2.5240246581681447e-06,0.9999969286627735,True
8,0.525,0.35,plus,11,cost,0,0.33734675404006453,0.4147327296990897,False
8,0.525,0.35,plus,11,cost,16,0.03940104952469503,0.7688753025685096,False
8,0.525,0.35,plus,11,cost,32,0.021261641497023143,0.8444992463530183,False
8,0.525,0.35,plus,11,cost,64,0.006790842929036978,0.9670980099853654,False
8,0.525,0.35,plus,11,cost,96,0.0013000948706497484,0.9958337475354304,False
8,0.525,0.35,plus,11,cost,128,0.0005256574364014277,0.9981178868586514,True
8,0.525,0.35,plus,11,cost,128,0.0005256574364014277,0.9981178868586514,True
8,0.9,0.3,antiphase,11,cost,6,0.026227071430771853,0.9371221678345946,False
8,0.9,0.3,antiphase,11,cost,16,0.01046686108718009,0.974739155963659,False
8,0.9,0.3,antiphase,11,cost,32,0.0002171990807812163,0.9994346575831778,True
8,0.9,0.3,antiphase,11,cost,64,0.00010870592454215178,0.9997129437921218,True
8,0.9,0.3,antiphase,11,cost,128,1.4286705778188136e-05,0.9999589834525086,True
8,0.9,0.3,antiphase,11,cost,128,1.4286705778188136e-05,0.9999589834525086,True
8,0.9,0.3,ghz,11,cost,7,0.8262270714307715,5.173157748022849e-07,False
8,0.9,0.3,ghz,11,cost,15,0.36828225972803885,0.00026942384007902823,False
8,0.9,0.3,ghz,11,cost,31,0.3015184087493922,0.0006218284929315772,False
8,0.9,0.3,ghz,11,cost,95,0.0008884871511667392,0.5031505104134514,False
8,0.9,0.3,ghz,11,cost,127,0.0008772232973978111,0.5036807378877209,False
8,0.9,0.3,ghz,11,cost,127,0.0008772232973978111,0.5036807378877209,False
8,0.3,1.7,plus,11,cost,0,0.12983473981848848,0.880191712503955,False
8,0.3,1.7,plus,11,cost,16,0.0027960876690922287,0.9964929792365127,False
8,0.3,1.7,plus,11,cost,32,0.000630793683849662,0.9990565470742356,False
8,0.3,1.7,plus,11,cost,96,2.7166946237056067e-06,0.999998418653108,True
8,0.3,1.7,plus,11,cost,128,3.814643396715667e-07,0.9999997933867948,True
8,0.3,1.7,plus,11,cost,128,3.814643396715667e-07,0.9999997933867948,True
8,0.025,0.15,antiphase,11,cost,6,0.9557785126306161,6.805998423428676e-10,False
8,0.025,0.15,antiphase,11,cost,16,0.6873856384758193,0.0002156007284744098,False
8,0.025,0.15,antiphase,11,cost,32,0.4230496923260221,0.09221528407005203,False
8,0.025,0.15,antiphase,11,cost,56,1.194200592857797e-07,0.9999997378880029,True
8,0.4,0.3,plus,11,cost,0,0.3599119996823713,0.3471862799329034,False
8,0.4,0.3,plus,11,cost,16,0.02544219580948026,0.843511584026035,False
8,0.4,0.3,plus,11,cost,32,0.004248095109562033,0.9743322283229262,False
8,0.4,0.3,plus,11,cost,64,0.0011163402274653178,0.9760414316031805,False
8,0.4,0.3,plus,11,cost,96,0.0006346722143358852,0.9931588266148805,False
8,0.4,0.3,plus,11,cost,128,0.0003017563868871198,0.9979436432639477,False
8,0.4,0.3,plus,11,cost,128,0.0003017563868871198,0.9979436432639477,False
8,0.05,1.9,ghz,11,cost,7,1.0791507058432441,0.05756514052623909,False
8,0.05,1.9,ghz,11,cost,15,0.6733505190803872,0.18064521125638322,False
8,0.05,1.9,ghz,11,cost,31,0.03236267831314765,0.9647109794594959,False
8,0.05,1.9,ghz,11,cost,63,2.9674072179020072e-05,0.999974352764475,True
8,0.05,1.9,ghz,11,cost,95,7.244031419162411e-07,0.999999630430155,True
8,0.05,1.9,ghz,11,cost,127,8.673165696748697e-08,0.9999999547682922,True
8,0.05,1.9,ghz,11,cost,127,8.673165696748697e-08,0.9999999547682922,True
8,0.35,0.3,plus,11,cost,0,0.3889414319756369,0.12617486360080848,False
8,0.35,0.3,plus,11,cost,16,0.04563597752201054,0.49913376099170764,False
8,0.35,0.3,plus,11,cost,32,0.014779398337981808,0.7014670015880166,False
8,0.35,0.3,plus,11,cost,64,0.0012633472041965188,0.9836109866442605,False
8,0.35,0.3,plus,11,cost,96,5.068597006840925e-05,0.9998010902324413,True
8,0.35,0.3,plus,11,cost,128,8.35847737379325e-06,0.9999776012445503,True
8,0.35,0.3,plus,11,cost,128,8.35847737379325e-06,0.9999776012445503,True
12,0.3,1.0,plus,11,cost,0,0.19573094816768336,0.6356936297306076,False
12,0.3,1.0,plus,11,cost,32,0.003899456148395449,0.9876023051861148,False
12,0.3,1.0,plus,11,cost,64,0.00051725896028465,0.9973816336919045,False
12,0.3,1.0,plus,11,cost,128,0.00015984465451790442,0.9994064237159394,True
12,0.3,1.0,plus,11,cost,128,0.00015984465451790442,0.9994064237159394,True
8,0.3,0.4,ghz,37,cost,7,0.06465907181181973,0.7120144585039689,False
8,0.3,0.4,ghz,37,cost,15,0.03656807979071863,0.7904963058545181,False
8,0.3,0.4,ghz,37,cost,31,0.006959693275708556,0.902766031026061,False
8,0.3,0.4,ghz,37,cost,63,0.004684542715150064,0.9292475530113922,False
8,0.3,0.4,ghz,37,cost,95,0.0009483152135844053,0.9967561035271082,False
8,0.3,0.4,ghz,37,cost,127,3.237155050284102e-05,0.9999377966694919,True
8,0.3,0.4,ghz,37,cost,127,3.237155050284102e-05,0.9999377966694919,True
8,0.8,0.4,ghz,37,fixed,7,0.6564908659982547,2.967040635574974e-05,False
8,0.8,0.4,ghz,37,fixed,23,0.20887464099697228,0.01480430141906368,False
8,0.2,1.4,plus,11,cost,0,0.15663014468845393,0.8189801196933062,False
8,0.2,1.4,plus,11,cost,16,0.005391346504597827,0.9917974847977897,False
8,0.2,1.4,plus,11,cost,32,0.00017627892506055787,0.9997160823696764,True
8,0.2,1.4,plus,11,cost,64,4.597915181481227e-06,0.9999950187167455,True
8,0.2,1.4,plus,11,cost,96,9.154167350811093e-07,0.9999992689153765,True
8,0.2,1.4,plus,11,cost,128,2.8294078413537704e-07,0.9999998024348771,True
8,0.2,1.4,plus,11,cost,128,2.8294078413537704e-07,0.9999998024348771,True
8,0.025,0.55,plus,11,cost,0,0.5046286305212352,0.08070595170284629,False
8,0.025,0.55,plus,11,cost,16,0.16525062508060495,0.44075562923573464,False
8,0.025,0.55,plus,11,cost,32,0.001459225715362722,0.9961456610547166,False
8,0.025,0.55,plus,11,cost,64,0.00015842877284688583,0.9996389321021378,True
8,0.025,0.55,plus,11,cost,96,1.2198717103117929e-07,0.999999863242744,True
8,0.025,0.55,plus,11,cost,110,3.6543504666752824e-08,0.9999999590619049,True
8,0.25,0.6,antiphase,11,cost,6,0.6472246651238143,0.0019391839322364017,False
8,0.25,0.6,antiphase,11,cost,16,0.3948741308082545,0.1088608867328605,False
8,0.25,0.6,antiphase,11,cost,32,0.09831592564353486,0.5684624359077092,False
8,0.25,0.6,antiphase,11,cost,64,0.002978651986096259,0.9869816255958438,False
8,0.25,0.6,antiphase,11,cost,96,3.256080155222829e-05,0.9999378659407424,True
8,0.25,0.6,antiphase,11,cost,128,8.372624784591665e-06,0.9999843408726943,True
8,0.25,0.6,antiphase,11,cost,128,8.372624784591665e-06,0.9999843408726943,True
12,0.0,0.2,plus,11,cost,0,0.8100252540409603,0.001627738109587625,False
12,0.0,0.2,plus,11,cost,32,0.1611022100804759,0.49005722048536743,False
12,0.0,0.2,plus,11,cost,128,1.218059836697686e-07,0.9999996219810283,True
12,0.0,0.2,plus,11,cost,128,1.218059836697686e-07,0.9999996219810283,True
8,0.475,1.25,plus,11,cost,0,0.16792617504137497,0.8257427618160182,False
8,0.475,1.25,plus,11,cost,16,0.013688532948779253,0.9747779308980368,False
8,0.475,1.25,plus,11,cost,32,0.004742621550946513,0.9918238940613266,False
8,0.475,1.25,plus,11,cost,64,0.00015864065098858404,0.9998657726700603,True
8,0.475,1.25,plus,11,cost,128,1.0904414758039493e-05,0.9999925560197299,True
8,0.475,1.25,plus,11,cost,128,1.0904414758039493e-05,0.9999925560197299,True
12,0.8,0.5,antiphase,11,cost,10,0.09026577641892268,0.47026201581162796,False
12,0.8,0.5,antiphase,11,cost,32,0.0207676255313259,0.685574909260471,False
12,0.8,0.5,antiphase,11,cost,64,0.009941756013888211,0.7753352829966553,False
12,0.8,0.5,antiphase,11,cost,96,0.008439676338969951,0.7991230332718146,False
12,0.8,0.5,antiphase,11,cost,128,0.005942770768545991,0.8265630358884606,False
12,0.8,0.5,antiphase,11,cost,128,0.005942770768545991,0.8265630358884606,False
8,0.3,0.4,plus,23,cost,0,0.3646590718118202,0.17390399323898878,False
8,0.3,0.4,plus,23,cost,16,0.050620032465056974,0.5485324561108258,False
8,0.3,0.4,plus,23,cost,32,0.01792628959042797,0.7512811116513438,False
8,0.3,0.4,plus,23,cost,64,0.0005709702077539847,0.997561334989011,True
8,0.3,0.4,plus,23,cost,96,4.905742209082575e-05,0.9998825857746373,True
8,0.3,0.4,plus,23,cost,128,8.028712389585024e-06,0.9999842662142806,True
8,0.3,0.4,plus,23,cost,128,8.028712389585024e-06,0.9999842662142806,True
8,0.35,1.3,antiphase,11,cost,6,1.1099592736634591,0.01884331419036686,False
8,0.35,1.3,antiphase,11,cost,16,0.4347411172375488,0.36424657212474904,False
8,0.35,1.3,antiphase,11,cost,32,0.25623135831571764,0.4463941135986273,False
8,0.35,1.3,antiphase,11,cost,64,0.0003763664964591129,0.9993962267657189,True
8,0.35,1.3,antiphase,11,cost,128,1.6873055175281593e-06,0.9999988718330559,True
8,0.35,1.3,antiphase,11,cost,128,1.6873055175281593e-06,0.9999988718330559,True
8,0.8,0.6,antiphase,23,fixed,6,0.14757612956904254,0.4979944003938477,False
8,0.8,0.6,antiphase,23,fixed,22,0.14757612956904254,0.4979944003938477,False
8,0.95,0.8,plus,11,cost,0,0.36686734483586303,0.43048082140488464,False
8,0.95,0.8,plus,11,cost,16,0.1259112437908967,0.5840772351568624,False
8,0.95,0.8,plus,11,cost,32,0.011771129302057703,0.9666223681537153,False
8,0.95,0.8,plus,11,cost,96,0.002531100615769555,0.9936125346111446,False
8,0.95,0.8,plus,11,cost,128,0.0011496159014559026,0.9980297805527917,False
8,0.95,0.8,plus,11,cost,128,0.0011496159014559026,0.9980297805527917,False
8,0.55,1.4,antiphase,11,cost,6,1.0107095753130708,0.03776905049383705,False
8,0.55,1.4,antiphase,11,cost,16,0.4010281437737433,0.39566837624913387,False
8,0.55,1.4,antiphase,11,cost,32,0.027832065150048546,0.9577260319586932,False
8,0.55,1.4,antiphase,11,cost,64,0.001175284924685105,0.9986527189745539,False
8,0.55,1.4,antiphase,11,cost,96,6.82951385275743e-05,0.9999491031594763,True
8,0.55,1.4,antiphase,11,cost,128,1.9338205619723325e-05,0.9999865375017125,True
8,0.55,1.4,antiphase,11,cost,128,1.9338205619723325e-05,0.9999865375017125,True
8,0.05,0.6,ghz,11,cost,7,0.09845859511744304,0.7860221650213086,False
8,0.05,0.6,ghz,11,cost,15,0.05136961224042036,0.8784995857873491,False
8,0.05,0.6,ghz,11,cost,31,0.0034051190045192303,0.9869793963252632,False
8,0.05,0.6,ghz,11,cost,63,0.0014262217107210429,0.9945784363253196,False
8,0.05,0.6,ghz,11,cost,95,3.846717342881334e-06,0.9999945665451334,True
8,0.05,0.6,ghz,11,cost,127,1.8832197734575118e-07,0.9999997726071235,True
8,0.05,0.6,ghz,11,cost,127,1.8832197734575118e-07,0.9999997726071235,True
8,0.8,0.8,plus,23,fixed,0,0.28651108323486185,0.6160227628886743,False
8,0.8,0.8,plus,23,fixed,16,0.08222997000225618,0.7421672234727698,False
8,0.75,0.8,antiphase,11,cost,6,0.31808751399302493,0.1834829622681642,False
8,0.75,0.8,antiphase,11,cost,16,0.16740571236347268,0.45586761736430775,False
8,0.75,0.8,antiphase,11,cost,32,0.04557734678502201,0.8369774335144822,False
8,0.75,0.8,antiphase,11,cost,64,0.00635959706247613,0.9852677965438896,False
8,0.75,0.8,antiphase,11,cost,128,0.0010176686659972844,0.9986312321347348,False
8,0.75,0.8,antiphase,11,cost,128,0.0010176686659972844,0.9986312321347348,False
8,1.0,0.3,plus,11,cost,0,0.7233503444905177,0.05401758056722326,False
8,1.0,0.3,plus,11,cost,16,0.1998601461527838,0.5612165567364684,False
8,1.0,0.3,plus,11,cost,32,9.748540640952541e-05,0.9998137147890841,True
8,1.0,0.3,plus,11,cost,64,3.334386247932919e-05,0.9999365912328159,True
8,1.0,0.3,plus,11,cost,92,5.869465775409921e-06,0.9999874823384015,True
8,0.2,0.7,plus,11,cost,0,0.28407997235350446,0.41776383816700974,False
8,0.2,0.7,plus,11,cost,16,0.031103709263341384,0.815986716450624,False
8,0.2,0.7,plus,11,cost,32,0.010847123638407785,0.9161319007602516,False
8,0.2,0.7,plus,11,cost,64,0.0003844196985822723,0.9992599604442806,True
8,0.2,0.7,plus,11,cost,96,6.668865228998122e-05,0.9998975137087787,True
8,0.2,0.7,plus,11,cost,128,9.980136104759119e-06,0.9999872179165693,True
8,0.2,0.7,plus,11,cost,128,9.980136104759119e-06,0.9999872179165693,True
8,0.5,1.1,ghz,11,cost,7,0.7846497081631906,0.0174752758325581,False
8,0.5,1.1,ghz,11,cost,15,0.5364497050762111,0.08456400196909825,False
8,0.5,1.1,ghz,11,cost,31,0.04229547511488918,0.9258134451328266,False
8,0.5,1.1,ghz,11,cost,63,0.0009499856184123079,0.9988445787877686,True
8,0.5,1.1,ghz,11,cost,127,3.049126888954312e-05,0.9999733412271866,True
8,0.5,1.1,ghz,11,cost,127,3.049126888954312e-05,0.9999733412271866,True
8,0.475,0.35,ghz,11,fixed,7,0.16167329258933782,0.015014781682897863,False
8,0.475,0.35,ghz,11,fixed,23,0.1046579385328602,0.04951487527515137,False
8,0.75,0.1,plus,11,cost,0,0.6533617996410441,0.027098826157111514,False
8,0.75,0.1,plus,11,cost,16,0.12466457084991822,0.2505993233614034,False
8,0.75,0.1,plus,11,cost,64,2.0270774655051227e-05,0.5000477831574777,False
8,0.75,0.1,plus,11,cost,90,1.8772721116722124e-05,0.5000777437062576,False
8,0.325,0.35,plus,11,fixed,0,0.376227336694248,0.14999711306575503,False
8,0.325,0.35,plus,11,fixed,16,0.07818669183272708,0.42437601486841703,False
8,0.8,1.3,plus,11,cost,0,0.20865414047173125,0.7980140588993552,False
8,0.8,1.3,plus,11,cost,16,0.06275833682711851,0.8987050290530824,False
8,0.8,1.3,plus,11,cost,32,0.01020962045724616,0.9862841204010235,False
8,0.8,1.3,plus,11,cost,64,0.0016334635227086558,0.9984400155216723,False
8,0.8,1.3,plus,11,cost,128,0.00017901026172517653,0.9998535925914986,True
8,0.8,1.3,plus,11,cost,128,0.00017901026172517653,0.9998535925914986,True
8,0.0,0.2,plus,23,fixed,0,0.8100253198889197,0.017434082290676986,False
8,0.0,0.2,plus,23,fixed,16,0.4346944160484951,0.14416673040309957,False
8,0.325,1.25,plus,11,gradient,0,0.16504617736923466,0.8129079224903442,False
8,0.325,1.25,plus,11,gradient,16,0.0045449252424774045,0.9925629379228254,False
8,0.325,1.25,plus,11,gradient,64,0.00046300567639989687,0.9991220843708783,False
8,0.325,1.25,plus,11,gradient,128,1.399003331137294e-05,0.9999885469931101,True
8,0.325,1.25,plus,11,gradient,128,1.399003331137294e-05,0.9999885469931101,True
8,0.325,0.55,plus,11,gradient,0,0.2864993930355273,0.4975458335718956,False
8,0.325,0.55,plus,11,gradient,16,0.014210589613008362,0.9455161407760473,False
8,0.325,0.55,plus,11,gradient,32,0.0021755030878751747,0.9915137750830069,False
8,0.325,0.55,plus,11,gradient,64,0.0002605463386191609,0.9993944732706485,True
8,0.325,0.55,plus,11,gradient,128,3.6598110915053716e-05,0.9999081174140207,True
8,0.325,0.55,plus,11,gradient,128,3.6598110915053716e-05,0.9999081174140207,True
8,0.6,0.4,ghz,11,cost,7,0.3264778949952593,0.0031393151983601505,False
8,0.6,0.4,ghz,11,cost,15,0.279336934561652,0.010904995666174006,False
8,0.6,0.4,ghz,11,cost,31,0.05735821740238478,0.4319088238620797,False
8,0.6,0.4,ghz,11,cost,63,0.012238486072842836,0.9360678661351516,False
8,0.6,0.4,ghz,11,cost,95,0.004766058281282848,0.9817803470222247,False
8,0.6,0.4,ghz,11,cost,127,0.0021987909224472357,0.9859698568694725,False
8,0.6,0.4,ghz,11,cost,127,0.0021987909224472357,0.9859698568694725,False
8,0.9,1.3,antiphase,11,cost,6,0.6350215835776513,0.13720579440110212,False
8,0.9,1.3,antiphase,11,cost,16,0.27454999159444626,0.5244064109447032,False
8,0.9,1.3,antiphase,11,cost,32,0.037737261136205014,0.9439256569216455,False
8,0.9,1.3,antiphase,11,cost,96,0.001131224133947395,0.9989868388919383,False
8,0.9,1.3,antiphase,11,cost,128,0.00044898591210196237,0.9996120832798254,True
8,0.9,1.3,antiphase,11,cost,128,0.00044898591210196237,0.9996120832798254,True
8,0.95,0.5,plus,11,cost,0,0.5237779172851397,0.14597497713879357,False
8,0.95,0.5,plus,11,cost,16,0.18986122561956953,0.30395161667458526,False
8,0.95,0.5,plus,11,cost,32,0.006720215548237984,0.64667241779996,False
8,0.95,0.5,plus,11,cost,64,0.0004408327166773862,0.9987876640814092,True
8,0.95,0.5,plus,11,cost,96,0.00025803388077805245,0.999239648076909,True
8,0.95,0.5,plus,11,cost,128,0.000201874441475125,0.9994430899853796,True
8,0.95,0.5,plus,11,cost,128,0.000201874441475125,0.9994430899853796,True
8,0.6,1.1,ghz,11,cost,7,0.8942770476503263,0.01039144871917396,False
8,0.6,1.1,ghz,11,cost,15,0.4848217759268625,0.11110054895610379,False
8,0.6,1.1,ghz,11,cost,31,0.04965435407617114,0.9098783553541756,False
8,0.6,1.1,ghz,11,cost,63,0.0020413374104986115,0.9974680660525137,False
8,0.6,1.1,ghz,11,cost,95,0.00019458763171065208,0.999804004103144,True
8,0.6,1.1,ghz,11,cost,127,8.982364644682939e-05,0.9999155233812935,True
8,0.6,1.1,ghz,11,cost,127,8.982364644682939e-05,0.9999155233812935,True
8,0.525,1.25,ghz,11,fixed,7,0.9463906429529296,0.015169075021763005,False
8,0.525,1.25,ghz,11,fixed,23,0.11384748019971425,0.8749323392612501,False
8,0.8,0.2,ghz,37,cost,7,0.612866025175266,1.0087696733655373e-07,False
8,0.8,0.2,ghz,37,cost,15,0.3026433482740416,0.0003274405542264968,False
8,0.8,0.2,ghz,37,cost,31,0.23333975122662443,0.00029659935948808723,False
8,0.8,0.2,ghz,37,cost,63,0.2257142193537962,0.002177101347716984,False
8,0.8,0.2,ghz,37,cost,127,0.0002511101131090765,0.50160071305342,False
8,0.8,0.2,ghz,37,cost,127,0.0002511101131090765,0.50160071305342,False
8,0.475,0.15,plus,11,fixed,0,0.4211354819813206,0.23911114215905582,False
8,0.475,0.15,plus,11,fixed,16,0.04616798317346915,0.37259122927604654,False
8,0.5,1.7,plus,11,cost,0,0.13616696885050095,0.8858686246979102,False
8,0.5,1.7,plus,11,cost,16,0.012945293233286526,0.9827483303064674,False
8,0.5,1.7,plus,11,cost,32,0.0031781878101988514,0.996353859299058,False
8,0.5,1.7,plus,11,cost,64,0.0001546983707683136,0.9998905930884389,True
8,0.5,1.7,plus,11,cost,96,1.191427250613053e-05,0.9999935788372237,True
8,0.5,1.7,plus,11,cost,128,4.725879122924326e-06,0.9999974187632469,True
8,0.5,1.7,plus,11,cost,128,4.725879122924326e-06,0.9999974187632469,True
8,0.1,0.7,ghz,11,cost,7,0.14807109578208189,0.630777497215832,False
8,0.1,0.7,ghz,11,cost,15,0.08118336287462569,0.7582340760267319,False
8,0.1,0.7,ghz,11,cost,31,0.012566205921045848,0.9289110018033472,False
8,0.1,0.7,ghz,11,cost,63,0.004267810647054837,0.983086056359376,False
8,0.1,0.7,ghz,11,cost,95,2.2478950173709933e-05,0.9999638795460889,True
8,0.1,0.7,ghz,11,cost,127,2.2174384088913257e-06,0.9999969308083281,True
8,0.1,0.7,ghz,11,cost,127,2.2174384088913257e-06,0.9999969308083281,True
8,0.05,1.7,ghz,11,cost,7,0.8944359459121083,0.0733128849679924,False
8,0.05,1.7,ghz,11,cost,15,0.5605435069784628,0.19856456852277038,False
8,0.05,1.7,ghz,11,cost,31,0.03640562502387379,0.9550232513990271,False
8,0.05,1.7,ghz,11,cost,63,4.6542826812157045e-05,0.9999615119504411,True
8,0.05,1.7,ghz,11,cost,95,2.640277534604607e-06,0.9999983403906512,True
8,0.05,1.7,ghz,11,cost,127,2.10947751488888e-07,0.9999998820950528,True
8,0.05,1.7,ghz,11,cost,127,2.10947751488888e-07,0.9999998820950528,True
8,0.8,0.6,plus,37,fixed,0,0.3475761295690428,0.4098035720244742,False
8,0.8,0.6,plus,37,fixed,16,0.11303112511252644,0.502188002416985,False
8,0.25,2.0,ghz,11,cost,7,1.363664213637903,0.029142970637044085,False
8,0.25,2.0,ghz,11,cost,15,0.8009796924280963,0.16996652875356288,False
8,0.25,2.0,ghz,11,cost,31,0.026634043536381657,0.9747735955917325,False
8,0.25,2.0,ghz,11,cost,63,1.311614852106402e-05,0.9999924857809163,True
8,0.25,2.0,ghz,11,cost,95,8.300288003582068e-07,0.9999995744063419,True
8,0.25,2.0,ghz,11,cost,127,3.3089151862952804e-07,0.9999998368925986,True
8,0.25,2.0,ghz,11,cost,127,3.3089151862952804e-07,0.9999998368925986,True
8,0.25,1.6,plus,11,cost,0,0.13740500258247446,0.8626623132685729,False
8,0.25,1.6,plus,11,cost,16,0.0023790077946241883,0.9971553293882885,False
8,0.25,1.6,plus,11,cost,32,0.0002840767467631178,0.9995348527812539,True
8,0.25,1.6,plus,11,cost,64,9.142559693309238e-06,0.9999930052411622,True
8,0.25,1.6,plus,11,cost,128,3.7658645668514623e-07,0.999999773356534,True
8,0.25,1.6,plus,11,cost,128,3.7658645668514623e-07,0.999999773356534,True
8,0.3,2.0,antiphase,11,cost,6,1.8134973343775518,0.01867077725416386,False
8,0.3,2.0,antiphase,11,cost,16,1.0525635664089963,0.22025998863766855,False
8,0.3,2.0,antiphase,11,cost,32,0.8637622971537016,0.22838529259399296,False
8,0.3,2.0,antiphase,11,cost,64,0.00020696536633124651,0.9997863239416086,True
8,0.3,2.0,antiphase,11,cost,96,3.6938304535105715e-06,0.9999981679976371,True
8,0.3,2.0,antiphase,11,cost,128,7.221768125731387e-07,0.9999996508143009,True
8,0.3,2.0,antiphase,11,cost,128,7.221768125731387e-07,0.9999996508143009,True
8,0.9,1.7,antiphase,11,cost,6,0.9929247972411827,0.0868841428911379,False
8,0.9,1.7,antiphase,11,cost,16,0.3895760992215851,0.4781730999426487,False
8,0.9,1.7,antiphase,11,cost,32,0.04596622425669761,0.9483341579514959,False
8,0.9,1.7,antiphase,11,cost,64,0.0011449442544175792,0.9991738575733894,False
8,0.9,1.7,antiphase,11,cost,96,0.00047834145983749465,0.9996834682229677,True
8,0.9,1.7,antiphase,11,cost,128,0.0001096912681661788,0.9999286119131398,True
8,0.9,1.7,antiphase,11,cost,128,0.0001096912681661788,0.9999286119131398,True
8,0.3,1.6,antiphase,11,cost,6,1.436389578374229,0.017546491150182725,False
8,0.3,1.6,antiphase,11,cost,16,0.5056147231384593,0.4050929463264042,False
8,0.3,1.6,antiphase,11,cost,32,0.31974631289670286,0.46437387407852226,False
8,0.3,1.6,antiphase,11,cost,64,0.00019864849085404757,0.9997327563113476,True
8,0.3,1.6,antiphase,11,cost,96,6.24920049263622e-06,0.999995994462633,True
8,0.3,1.6,antiphase,11,cost,128,7.906304357874205e-07,0.9999995585450997,True
8,0.3,1.6,antiphase,11,cost,128,7.906304357874205e-07,0.9999995585450997,True
8,0.45,1.1,ghz,11,cost,7,0.731948452158682,0.02287888472296321,False
8,0.45,1.1,ghz,11,cost,15,0.43998035155943227,0.14626780370754525,False
8,0.45,1.1,ghz,11,cost,31,0.04012824023448802,0.9305203911871422,False
8,0.45,1.1,ghz,11,cost,63,0.0006811691082109217,0.9991865721832395,True
8,0.45,1.1,ghz,11,cost,127,2.4551621821133907e-05,0.999980116904646,True
8,0.45,1.1,ghz,11,cost,127,2.4551621821133907e-05,0.999980116904646,True
8,0.6,1.0,plus,11,cost,0,0.20608928732085896,0.7701531799393437,False
8,0.6,1.0,plus,11,cost,16,0.032559215414979636,0.9289311545259833,False
8,0.6,1.0,plus,11,cost,32,0.011257927905886644,0.9802013996326575,False
8,0.6,1.0,plus,11,cost,64,0.0008922337358516774,0.998835611574901,True
8,0.6,1.0,plus,11,cost,96,0.00023352363244733,0.9997496327961793,True
8,0.6,1.0,plus,11,cost,128,0.00011751468420673206,0.999874837785842,True
8,0.6,1.0,plus,11,cost,128,0.00011751468420673206,0.999874837785842,True
8,0.5,1.3,antiphase,11,cost,6,0.9650041098706876,0.032446741525881395,False
8,0.5,1.3,antiphase,11,cost,16,0.3799967694310087,0.423134786148483,False
8,0.5,1.3,antiphase,11,cost,32,0.019391038542601935,0.9664421478891988,False
8,0.5,1.3,antiphase,11,cost,64,0.0005323631450482313,0.9995149468927528,True
8,0.5,1.3,antiphase,11,cost,96,7.243390483968604e-05,0.9999454378615322,True
8,0.5,1.3,antiphase,11,cost,128,1.5640466730859615e-05,0.9999881485104846,True
8,0.5,1.3,antiphase,11,cost,128,1.5640466730859615e-05,0.9999881485104846,True
8,0.475,1.25,plus,11,gradient,0,0.16792617504137497,0.8257427618160182,False
8,0.475,1.25,plus,11,gradient,16,0.013688532948779253,0.9747779308980368,False
8,0.475,1.25,plus,11,gradient,32,0.005302202227330799,0.9903422881734083,False
8,0.475,1.25,plus,11,gradient,64,0.0014723801987810425,0.9974910464859159,False
8,0.475,1.25,plus,11,gradient,96,0.00018945462047970096,0.9998287640802971,True
8,0.475,1.25,plus,11,gradient,128,6.966484492743064e-05,0.9999428702716747,True
8,0.475,1.25,plus,11,gradient,128,6.966484492743064e-05,0.9999428702716747,True
8,0.45,0.3,ghz,11,cost,7,0.10578267160314192,0.02510362425795308,False
8,0.45,0.3,ghz,11,cost,15,0.0856743228225213,0.03470238935013766,False
8,0.45,0.3,ghz,11,cost,31,0.06309352770091747,0.07575502377856887,False
8,0.45,0.3,ghz,11,cost,63,0.019623874860662305,0.714197687486547,False
8,0.45,0.3,ghz,11,cost,95,0.004114855484404267,0.9642373093228224,False
8,0.45,0.3,ghz,11,cost,127,0.001634094289998611,0.9931261737696896,False
8,0.45,0.3,ghz,11,cost,127,0.001634094289998611,0.9931261737696896,False
8,0.7,1.0,antiphase,11,cost,6,0.5227629954959678,0.0925950396389597,False
8,0.7,1.0,antiphase,11,cost,16,0.25255064252968973,0.39751709414581643,False
8,0.7,1.0,antiphase,11,cost,32,0.03382382305182774,0.926400463711247,False
8,0.7,1.0,antiphase,11,cost,64,0.0025248630145477957,0.9962701971981504,False
8,0.7,1.0,antiphase,11,cost,96,0.0008755499246406728,0.998977009993096,True
8,0.7,1.0,antiphase,11,cost,128,0.00035806819614125907,0.9996328723997,True
8,0.7,1.0,antiphase,11,cost,128,0.00035806819614125907,0.9996328723997,True
8,0.75,1.5,antiphase,11,cost,6,0.9295448337471169,0.0676624311548838,False
8,0.75,1.5,antiphase,11,cost,16,0.5780664664762232,0.2592450462213477,False
8,0.75,1.5,antiphase,11,cost,32,0.047526544214578914,0.9362470148129044,False
8,0.75,1.5,antiphase,11,cost,64,0.0011916307161916606,0.9990170919640478,False
8,0.75,1.5,antiphase,11,cost,128,0.00012471323725815608,0.9999178541606428,True
8,0.75,1.5,antiphase,11,cost,128,0.00012471323725815608,0.9999178541606428,True
8,0.65,0.8,ghz,11,cost,7,0.6928002361671537,0.006056392659002935,False
8,0.65,0.8,ghz,11,cost,15,0.3249193155250165,0.1123692533116508,False
8,0.65,0.8,ghz,11,cost,31,0.13221914567105275,0.4651511409036565,False
8,0.65,0.8,ghz,11,cost,63,0.007203613204149528,0.9865569777157287,False
8,0.65,0.8,ghz,11,cost,127,0.0006250988562566118,0.9991257482683951,True
8,0.65,0.8,ghz,11,cost,127,0.0006250988562566118,0.9991257482683951,True
8,0.4,0.2,antiphase,11,cost,6,0.2184765708131201,6.138847104613466e-05,False
8,0.4,0.2,antiphase,11,cost,16,0.20333681419956096,0.0002472606133544562,False
8,0.4,0.2,antiphase,11,cost,32,0.1912824279659684,0.0010471752924435622,False
8,0.4,0.2,antiphase,11,cost,96,1.3562377836118245e-05,0.9999499191025643,True
8,0.4,0.2,antiphase,11,cost,128,3.52667918557259e-06,0.9999878695427122,True
8,0.4,0.2,antiphase,11,cost,128,3.52667918557259e-06,0.9999878695427122,True
8,0.85,0.4,antiphase,11,cost,6,0.05202427943303378,0.8564627232405884,False
8,0.85,0.4,antiphase,11,cost,16,0.0220851933523718,0.9363782254280422,False
8,0.85,0.4,antiphase,11,cost,32,0.001317365865904474,0.9949221358410739,False
8,0.85,0.4,antiphase,11,cost,64,0.0005360214801120033,0.997948205736299,True
8,0.85,0.4,antiphase,11,cost,128,0.00018112980255347022,0.999319002532653,True
8,0.85,0.4,antiphase,11,cost,128,0.00018112980255347022,0.999319002532653,True
8,0.0,0.9,antiphase,37,cost,6,1.221660957251998,0.0007585407967815044,False
8,0.0,0.9,antiphase,37,cost,16,0.6156817796412337,0.05166183585348166,False
8,0.0,0.9,antiphase,37,cost,32,0.03293993311477239,0.8668510685222646,False
8,0.0,0.9,antiphase,37,cost,64,0.0042702102527119035,0.9932430685802894,False
8,0.0,0.9,antiphase,37,cost,96,0.00011107871318949414,0.9998924747813849,True
8,0.0,0.9,antiphase,37,cost,128,2.7311326515899736e-06,0.9999974972012476,True
8,0.0,0.9,antiphase,37,cost,128,2.7311326515899736e-06,0.9999974972012476,True
8,0.4,1.5,antiphase,11,cost,6,1.2443286840457506,0.02319635938215227,False
8,0.4,1.5,antiphase,11,cost,16,0.4624310324253089,0.39515158986322635,False
8,0.4,1.5,antiphase,11,cost,32,0.3113095130878394,0.44529240128928144,False
8,0.4,1.5,antiphase,11,cost,64,0.00031416167814968254,0.9996228333667615,True
8,0.4,1.5,antiphase,11,cost,96,1.4988227555745581e-05,0.9999902947216042,True
8,0.4,1.5,antiphase,11,cost,128,2.4398748534881776e-06,0.9999984769161445,True
8,0.4,1.5,antiphase,11,cost,128,2.4398748534881776e-06,0.9999984769161445,True
8,0.55,0.15,ghz,11,fixed,7,0.12174241968599653,0.0005756623987300661,False
8,0.55,0.15,ghz,11,fixed,23,0.10932463853692986,0.0019282753964424467,False
8,0.9,2.0,ghz,11,cost,7,2.0704795380182484,0.005111130388373054,False
8,0.9,2.0,ghz,11,cost,15,0.9907996708578803,0.11853380885190942,False
8,0.9,2.0,ghz,11,cost,31,0.06964684072660221,0.9292553311647843,False
8,0.9,2.0,ghz,11,cost,63,0.0004210842847354179,0.9997606759738391,True
8,0.9,2.0,ghz,11,cost,95,0.000151217848926688,0.9999201874540046,True
8,0.9,2.0,ghz,11,cost,127,5.560836669049607e-05,0.9999695572351575,True
8,0.9,2.0,ghz,11,cost,127,5.560836669049607e-05,0.9999695572351575,True
8,0.5,1.5,ghz,11,cost,7,1.1491900987550947,0.01615784757990704,False
8,0.5,1.5,ghz,11,cost,15,0.6491900987550947,0.15646579163130855,False
8,0.5,1.5,ghz,11,cost,31,0.3493225588218405,0.47319950422259216,False
8,0.5,1.5,ghz,11,cost,63,0.0008048035140313381,0.9991112435367007,True
8,0.5,1.5,ghz,11,cost,127,1.990081544955835e-05,0.9999864334710791,True
8,0.5,1.5,ghz,11,cost,127,1.990081544955835e-05,0.9999864334710791,True
8,0.65,1.3,ghz,11,cost,7,1.1308526747317533,0.008819363701643067,False
8,0.65,1.3,ghz,11,cost,15,0.5968446132527304,0.10909048748482097,False
8,0.65,1.3,ghz,11,cost,31,0.05170033582338318,0.9203010950657118,False
8,0.65,1.3,ghz,11,cost,63,0.0019623521303013813,0.9977207100178265,False
8,0.65,1.3,ghz,11,cost,95,0.00029428535035180836,0.9997478281285352,True
8,0.65,1.3,ghz,11,cost,127,9.06793314345844e-05,0.9999264461840236,True
8,0.65,1.3,ghz,11,cost,127,9.06793314345844e-05,0.9999264461840236,True
8,0.825,1.75,plus,11,gradient,0,0.17371145998408388,0.860796249550301,False
8,0.825,1.75,plus,11,gradient,16,0.060457448518215884,0.9290991458854788,False
8,0.825,1.75,plus,11,gradient,32,0.007746730611007724,0.9922921850079939,False
8,0.825,1.75,plus,11,gradient,64,0.0020814910634485706,0.9981871145897,False
8,0.825,1.75,plus,11,gradient,96,0.00034302361422344774,0.9997931546368275,True
8,0.825,1.75,plus,11,gradient,128,0.00013215091949936308,0.9999177099010877,True
8,0.825,1.75,plus,11,gradient,128,0.00013215091949936308,0.9999177099010877,True
8,0.95,0.2,ghz,11,cost,7,0.9107248775215717,9.665924653970808e-09,False
8,0.95,0.2,ghz,11,cost,15,0.4555964243452417,1.9130098432839938e-05,False
8,0.95,0.2,ghz,11,cost,31,0.382091822648561,7.421140050517407e-05,False
8,0.95,0.2,ghz,11,cost,63,0.00016114499391661763,0.5003353256707496,False
8,0.95,0.2,ghz,11,cost,95,0.00014866032642668614,0.500474610451572,False
8,0.95,0.2,ghz,11,cost,127,0.0001466582228583091,0.5005112205578112,False
8,0.95,0.2,ghz,11,cost,127,0.0001466582228583091,0.5005112205578112,False
8,0.45,1.6,antiphase,11,cost,6,1.289437962064563,0.026877534913706105,False
8,0.45,1.6,antiphase,11,cost,16,0.4722825900995091,0.4084846089235703,False
8,0.45,1.6,antiphase,11,cost,32,0.02517731947691515,0.9663455052974816,False
8,0.45,1.6,antiphase,11,cost,64,0.00045148207920142625,0.99958319978127,True
8,0.45,1.6,antiphase,11,cost,96,4.5543042928253286e-05,0.9999703177485904,True
8,0.45,1.6,antiphase,11,cost,128,9.308682258790668e-06,0.9999941323227685,True
8,0.45,1.6,antiphase,11,cost,128,9.308682258790668e-06,0.9999941323227685,True
12,0.3,2.0,antiphase,11,cost,10,1.8135040318087763,0.0012757564467660689,False
12,0.3,2.0,antiphase,11,cost,32,0.7348547262097002,0.22021149535030102,False
12,0.3,2.0,antiphase,11,cost,64,0.5250666525168816,0.24548295134333245,False
12,0.3,2.0,antiphase,11,cost,96,0.4909170665497484,0.2514371811987744,False
12,0.3,2.0,antiphase,11,cost,128,0.00010904339288556979,0.9998676581784726,True
12,0.3,2.0,antiphase,11,cost,128,0.00010904339288556979,0.9998676581784726,True
8,0.2,1.2,antiphase,11,cost,6,1.1786613790602922,0.009689726676441184,False
8,0.2,1.2,antiphase,11,cost,16,0.4603227449914611,0.3463825440060979,False
8,0.2,1.2,antiphase,11,cost,32,0.21227139061151856,0.4942416212018522,False
8,0.2,1.2,antiphase,11,cost,64,3.457419916741422e-05,0.9999335446346044,True
8,0.2,1.2,antiphase,11,cost,96,2.074296251874941e-06,0.9999977178673007,True
8,0.2,1.2,antiphase,11,cost,128,2.6293572585878167e-07,0.9999998051065035,True
8,0.2,1.2,antiphase,11,cost,128,2.6293572585878167e-07,0.9999998051065035,True
8,1.0,1.2,ghz,11,cost,7,1.4862010048290313,0.0014987513819677853,False
8,1.0,1.2,ghz,11,cost,15,0.6625008684124689,0.06027607970708594,False
8,1.0,1.2,ghz,11,cost,31,0.10267003880881687,0.8413462072760387,False
8,1.0,1.2,ghz,11,cost,63,0.00490834841049681,0.9933423337977669,False
8,1.0,1.2,ghz,11,cost,95,0.0018654788802607847,0.9979076751081072,False
8,1.0,1.2,ghz,11,cost,127,0.0005897161486392299,0.999471780523206,True
8,1.0,1.2,ghz,11,cost,127,0.0005897161486392299,0.999471780523206,True
8,0.75,1.2,ghz,11,cost,7,1.1586434833035586,0.005311378376164009,False
8,0.75,1.2,ghz,11,cost,15,0.5285482964597681,0.11547365100098558,False
8,0.75,1.2,ghz,11,cost,31,0.05355671041125998,0.9061253846229805,False
8,0.75,1.2,ghz,11,cost,127,0.00032887163416006615,0.999716998096874,True
8,0.75,1.2,ghz,11,cost,127,0.00032887163416006615,0.999716998096874,True
8,0.45,0.15,ghz,11,fixed,7,0.02172680403016114,0.07046572400413456,False
8,0.45,0.15,ghz,11,fixed,23,0.011545370634793217,0.08204431838975568,False
8,0.3,0.7,antiphase,11,cost,6,0.6511482632500016,0.006451982883569717,False
8,0.3,0.7,antiphase,11,cost,16,0.36185697177800846,0.18016458579497832,False
8,0.3,0.7,antiphase,11,cost,32,0.11836091629373602,0.46732642421177556,False
8,0.3,0.7,antiphase,11,cost,64,0.00015301775027309894,0.9993487620746905,False
8,0.3,0.7,antiphase,11,cost,128,1.3904562363942219e-05,0.9999708228685757,True
8,0.3,0.7,antiphase,11,cost,128,1.3904562363942219e-05,0.9999708228685757,True
8,0.55,0.15,plus,37,cost,0,0.4217424196859966,0.2660809996518718,False
8,0.55,0.15,plus,37,cost,16,0.03970449551825861,0.3221519413708966,False
8,0.55,0.15,plus,37,cost,32,0.02061169296017229,0.616952973068984,False
8,0.55,0.15,plus,37,cost,96,0.006892859779685678,0.6167790361227977,False
8,0.55,0.15,plus,37,cost,128,0.005560307729447489,0.67473475017526,False
8,0.55,0.15,plus,37,cost,128,0.005560307729447489,0.67473475017526,False
8,0.2,0.6,ghz,11,cost,7,0.12743464258479165,0.5852345703696035,False
8,0.2,0.6,ghz,11,cost,15,0.07269295240106066,0.7002127768757893,False
8,0.2,0.6,ghz,11,cost,31,0.014863093373104097,0.8739931855668245,False
8,0.2,0.6,ghz,11,cost,63,0.006748421535005655,0.9671877721470911,False
8,0.2,0.6,ghz,11,cost,95,0.00020579543359133812,0.999537982933922,True
8,0.2,0.6,ghz,11,cost,127,8.138981320571226e-06,0.9999876985566664,True
8,0.2,0.6,ghz,11,cost,127,8.138981320571226e-06,0.9999876985566664,True
8,0.3,0.5,plus,11,cost,0,0.31314929279091114,0.3677511084063065,False
8,0.3,0.5,plus,11,cost,16,0.029610759240053963,0.8141117989453923,False
8,0.3,0.5,plus,11,cost,32,0.006652371216485764,0.924411539748783,False
8,0.3,0.5,plus,11,cost,64,0.000160228531379647,0.9990386088457336,False
8,0.3,0.5,plus,11,cost,128,2.9998054600355317e-06,0.9999930049706922,True
8,0.3,0.5,plus,11,cost,128,2.9998054600355317e-06,0.9999930049706922,True
8,0.65,0.4,plus,11,cost,0,0.3406940556069046,0.441033076685051,False
8,0.65,0.4,plus,11,cost,16,0.05200920333506265,0.6339312191986441,False
8,0.65,0.4,plus,11,cost,32,0.02606249353846668,0.8063750041941861,False
8,0.65,0.4,plus,11,cost,64,0.010623694426956098,0.8164403476814879,False
8,0.65,0.4,plus,11,cost,96,0.007466965680470894,0.8925635481269736,False
8,0.65,0.4,plus,11,cost,128,0.002588280353213901,0.9908578273058127,False
8,0.65,0.4,plus,11,cost,128,0.002588280353213901,0.9908578273058127,False
8,1.0,1.8,antiphase,11,cost,6,1.0079085018033727,0.10134899572259616,False
8,1.0,1.8,antiphase,11,cost,16,0.3944952703363991,0.498288360803322,False
8,1.0,1.8,antiphase,11,cost,32,0.04045389394436172,0.9579748193392004,False
8,1.0,1.8,antiphase,11,cost,128,0.00012437779051266418,0.9999229645082586,True
8,1.0,1.8,antiphase,11,cost,128,0.00012437779051266418,0.9999229645082586,True
8,0.85,0.7,plus,11,cost,0,0.34074033012519356,0.45555025184299974,False
8,0.85,0.7,plus,11,cost,16,0.09860422774838407,0.6074386736069759,False
8,0.85,0.7,plus,11,cost,32,0.015250212372647232,0.9385617861725796,False
8,0.85,0.7,plus,11,cost,64,0.005600819303744453,0.9816863699506849,False
8,0.85,0.7,plus,11,cost,96,0.003807879577143014,0.9888795629946899,False
8,0.85,0.7,plus,11,cost,128,0.0016954450748409844,0.9968540710967101,False
8,0.85,0.7,plus,11,cost,128,0.0016954450748409844,0.9968540710967101,False
8,0.35,1.1,plus,11,cost,0,0.18082538418443383,0.781077729179395,False
8,0.35,1.1,plus,11,cost,16,0.0061106271930173595,0.9883473115453277,False
8,0.35,1.1,plus,11,cost,32,0.002170122964058052,0.9941274758216722,False
8,0.35,1.1,plus,11,cost,64,0.0001977603992151522,0.9997306237883402,True
8,0.35,1.1,plus,11,cost,128,4.336734251486618e-06,0.9999963898262686,True
8,0.35,1.1,plus,11,cost,128,4.336734251486618e-06,0.9999963898262686,True
8,0.6,1.6,antiphase,11,cost,6,1.1511072165468463,0.04110598651056053,False
8,0.6,1.6,antiphase,11,cost,16,0.4208441109690375,0.4674758839754871,False
8,0.6,1.6,antiphase,11,cost,32,0.018152159291302317,0.9747089121047054,False
8,0.6,1.6,antiphase,11,cost,64,0.0004773870631831212,0.9996764334518843,True
8,0.6,1.6,antiphase,11,cost,96,0.0001132151606253462,0.9999260529175176,True
8,0.6,1.6,antiphase,11,cost,128,3.6564281790107955e-05,0.9999774803644995,True
8,0.6,1.6,antiphase,11,cost,128,3.6564281790107955e-05,0.9999774803644995,True
8,0.85,0.3,plus,11,cost,0,0.5779875390261427,0.07053188370712032,False
8,0.85,0.3,plus,11,cost,16,0.16914013054472266,0.24952730369003034,False
8,0.85,0.3,plus,11,cost,32,0.001612616562916891,0.4999398546354854,False
8,0.85,0.3,plus,11,cost,64,0.0011970574465607342,0.5024864046225137,False
8,0.85,0.3,plus,11,cost,96,0.0010795368567448893,0.5041082690753017,False
8,0.85,0.3,plus,11,cost,128,0.0010521538586283352,0.5072918747370305,False
8,0.85,0.3,plus,11,cost,128,0.0010521538586283352,0.5072918747370305,False
8,0.475,0.85,plus,11,cost,0,0.2159159456800991,0.7190369955786484,False
8,0.475,0.85,plus,11,cost,16,0.016498954390272935,0.9550108381185151,False
8,0.475,0.85,plus,11,cost,32,0.0076224119352539255,0.9769634042651756,False
8,0.475,0.85,plus,11,cost,64,0.0008442221817910323,0.9986100423780699,False
8,0.475,0.85,plus,11,cost,96,0.00011522448680034714,0.9998787941434097,True
8,0.475,0.85,plus,11,cost,128,4.572999684482326e-05,0.999949977256625,True
8,0.475,0.85,plus,11,cost,128,4.572999684482326e-05,0.999949977256625,True
8,0.4,0.6,ghz,11,cost,7,0.2641573336378694,0.050646569955971124,False
8,0.4,0.6,ghz,11,cost,15,0.1900089644407269,0.10279958067011959,False
8,0.4,0.6,ghz,11,cost,31,0.10121470090588092,0.33786275451532616,False
8,0.4,0.6,ghz,11,cost,63,0.0022531515056879448,0.9905929632715215,False
8,0.4,0.6,ghz,11,cost,95,0.0005309800320537628,0.9987630653627386,False
8,0.4,0.6,ghz,11,cost,127,0.00014086133581447946,0.9997471860779391,True
8,0.4,0.6,ghz,11,cost,127,0.00014086133581447946,0.9997471860779391,True
8,0.25,0.7,plus,11,cost,0,0.26349148837938163,0.5242224438086626,False
8,0.25,0.7,plus,11,cost,16,0.016905746507828945,0.9254984114836105,False
8,0.25,0.7,plus,11,cost,32,0.0037030893939284937,0.9761664785753451,False
8,0.25,0.7,plus,11,cost,64,0.00012947520718609162,0.9996144397975554,True
8,0.25,0.7,plus,11,cost,128,2.8513619858561157e-06,0.9999962428415946,True
8,0.25,0.7,plus,11,cost,128,2.8513619858561157e-06,0.9999962428415946,True
12,0.8,0.2,ghz,11,cost,11,0.6126243419179828,1.1522151646193965e-11,False
12,0.8,0.2,ghz,11,cost,31,0.16563133106386774,1.390546540084374e-05,False
12,0.8,0.2,ghz,11,cost,63,0.1294030964641862,1.3211105973704165e-05,False
12,0.8,0.2,ghz,11,cost,95,0.12631513647122997,1.9796617553348138e-05,False
12,0.8,0.2,ghz,11,cost,127,0.12394278927666491,0.00010701711561896795,False
12,0.8,0.2,ghz,11,cost,127,0.12394278927666491,0.00010701711561896795,False
12,0.3,0.5,antiphase,11,cost,10,0.5127598084311756,4.188748548069046e-05,False
12,0.3,0.5,antiphase,11,cost,32,0.31824322472179273,0.05079974074835609,False
12,0.3,0.5,antiphase,11,cost,64,0.03829541625889643,0.3293372268970828,False
12,0.3,0.5,antiphase,11,cost,96,0.029727301379196547,0.3595775305752873,False
12,0.3,0.5,antiphase,11,cost,128,0.02722778906130907,0.3570455783112819,False
12,0.3,0.5,antiphase,11,cost,128,0.02722778906130907,0.3570455783112819,False
8,0.3,0.5,ghz,11,cost,7,0.1131492927909108,0.4122106125931625,False
8,0.3,0.5,ghz,11,cost,15,0.06916275152801588,0.5097137354197626,False
8,0.3,0.5,ghz,11,cost,31,0.023079354553128262,0.6651611678417141,False
8,0.3,0.5,ghz,11,cost,63,0.01425080182811489,0.8356839957024856,False
8,0.3,0.5,ghz,11,cost,127,2.339702607323524e-06,0.9999945366491154,True
8,0.3,0.5,ghz,11,cost,127,2.339702607323524e-06,0.9999945366491154,True
8,0.8,1.2,ghz,11,cost,7,1.2202060867657851,0.004183336731216742,False
8,0.8,1.2,ghz,11,cost,15,0.5364344371959939,0.11140448106578531,False
8,0.8,1.2,ghz,11,cost,31,0.07559291652847966,0.8648141789182708,False
8,0.8,1.2,ghz,11,cost,127,0.0005868132466284592,0.9994540522611629,True
8,0.8,1.2,ghz,11,cost,127,0.0005868132466284592,0.9994540522611629,True
8,0.85,1.6,ghz,11,cost,7,1.6406047281564355,0.0048122610380327184,False
8,0.85,1.6,ghz,11,cost,15,0.8008455745143093,0.09479408357499282,False
8,0.85,1.6,ghz,11,cost,31,0.06052119506665732,0.9197929786152282,False
8,0.85,1.6,ghz,11,cost,63,0.0006291909230784487,0.9995242643035961,True
8,0.85,1.6,ghz,11,cost,127,7.215615591626978e-05,0.9999513354794489,True
8,0.85,1.6,ghz,11,cost,127,7.215615591626978e-05,0.9999513354794489,True
8,0.65,1.0,antiphase,11,cost,6,0.5634603913358404,0.07139334231107804,False
8,0.65,1.0,antiphase,11,cost,16,0.27029059548335077,0.36989741777578833,False
8,0.65,1.0,antiphase,11,cost,32,0.040613203718923074,0.9160649076640699,False
8,0.65,1.0,antiphase,11,cost,64,0.0037434056973899565,0.9943610334036156,False
8,0.65,1.0,antiphase,11,cost,96,0.0007229531314434379,0.9991842764620519,True
8,0.65,1.0,antiphase,11,cost,128,0.0002945773510338867,0.9996950766617395,True
8,0.65,1.0,antiphase,11,cost,128,0.0002945773510338867,0.9996950766617395,True
8,0.45,0.7,ghz,11,cost,7,0.39156292606812715,0.026957652144101778,False
8,0.45,0.7,ghz,11,cost,15,0.28886382772734454,0.06935079898794641,False
8,0.45,0.7,ghz,11,cost,31,0.0395826949718463,0.8814006688915396,False
8,0.45,0.7,ghz,11,cost,63,0.0028205614478575836,0.9908950161531307,False
8,0.45,0.7,ghz,11,cost,95,0.0003094709335940138,0.999527379917061,True
8,0.45,0.7,ghz,11,cost,127,0.00014053748667253174,0.9997900785578291,True
8,0.45,0.7,ghz,11,cost,127,0.00014053748667253174,0.9997900785578291,True
8,0.025,1.75,plus,11,fixed,0,0.14321036370641727,0.8395817807044554,False
8,0.025,1.75,plus,11,fixed,16,0.016137639928367253,0.9756226764461744,False
8,0.0,0.9,ghz,23,fixed,7,0.2216609572519983,0.534477467885496,False
8,0.0,0.9,ghz,23,fixed,23,0.02630290625742937,0.8914196272741176,False
8,0.35,1.1,antiphase,11,cost,6,0.9308253841844323,0.01702220703995044,False
8,0.35,1.1,antiphase,11,cost,16,0.3857129927447839,0.3597084879965999,False
8,0.35,1.1,antiphase,11,cost,32,0.018184377441918365,0.9645829494151016,False
8,0.35,1.1,antiphase,11,cost,64,0.00028063521624410726,0.9995534086795157,True
8,0.35,1.1,antiphase,11,cost,96,2.164681338512331e-05,0.9999815013815846,True
8,0.35,1.1,antiphase,11,cost,128,7.293347226822178e-06,0.9999940515578472,True
8,0.35,1.1,antiphase,11,cost,128,7.293347226822178e-06,0.9999940515578472,True
8,0.5,0.15,ghz,37,fixed,7,0.07108108440839933,0.0022785653611650893,False
8,0.5,0.15,ghz,37,fixed,23,0.059891636677871674,0.004399110639364535,False
8,0.35,1.5,ghz,11,cost,7,0.9934478981972625,0.02871852644287896,False
8,0.35,1.5,ghz,11,cost,15,0.5986165533618664,0.16756072490685242,False
8,0.35,1.5,ghz,11,cost,31,0.03255640828377704,0.9594662556859355,False
8,0.35,1.5,ghz,11,cost,63,0.00011573947418952457,0.9998999650976358,True
8,0.35,1.5,ghz,11,cost,95,1.1925205413820805e-05,0.9999921394260827,True
8,0.35,1.5,ghz,11,cost,127,3.197991906400688e-06,0.9999980588439655,True
8,0.35,1.5,ghz,11,cost,127,3.197991906400688e-06,0.9999980588439655,True
8,0.6,1.7,plus,11,cost,0,0.14468413975389782,0.881962797441389,False
8,0.6,1.7,plus,11,cost,16,0.02585991456399439,0.9665454844982116,False
8,0.6,1.7,plus,11,cost,32,0.004860198043378672,0.9949899617038713,False
8,0.6,1.7,plus,11,cost,64,0.00045189269419743106,0.9996593322887634,True
8,0.6,1.7,plus,11,cost,96,5.994769698181024e-05,0.9999634322369954,True
8,0.6,1.7,plus,11,cost,128,2.48387238581671e-05,0.9999856051641076,True
8,0.6,1.7,plus,11,cost,128,2.48387238581671e-05,0.9999856051641076,True
8,0.1,1.4,ghz,11,cost,7,0.6677940268912814,0.09558180194157155,False
8,0.1,1.4,ghz,11,cost,15,0.4220507775926805,0.21903459157412128,False
8,0.1,1.4,ghz,11,cost,31,0.023221558869042536,0.9642026109798149,False
8,0.1,1.4,ghz,11,cost,63,9.257150442398832e-05,0.9998959802456945,True
8,0.1,1.4,ghz,11,cost,95,1.4847790993588461e-05,0.9999889760228038,True
8,0.1,1.4,ghz,11,cost,127,1.6292589877231478e-06,0.9999988114166064,True
8,0.1,1.4,ghz,11,cost,127,1.6292589877231478e-06,0.9999988114166064,True
8,0.2,1.5,antiphase,11,cost,6,1.4475784460615055,0.012457118266510137,False
8,0.2,1.5,antiphase,11,cost,16,0.5077933901381104,0.39519693395935007,False
8,0.2,1.5,antiphase,11,cost,32,0.2814606130764039,0.4861210194987885,False
8,0.2,1.5,antiphase,11,cost,64,1.7502806264335646e-05,0.9999703003880116,True
8,0.2,1.5,antiphase,11,cost,96,1.4586551508877221e-06,0.9999988820152231,True
8,0.2,1.5,antiphase,11,cost,128,4.561530393409896e-07,0.9999996909291661,True
8,0.2,1.5,antiphase,11,cost,128,4.561530393409896e-07,0.9999996909291661,True
12,0.0,0.4,antiphase,11,cost,10,1.0404173040961706,5.169687196179872e-10,False
12,0.0,0.4,antiphase,11,cost,32,0.48069535218609943,0.0035897314012048685,False
12,0.0,0.4,antiphase,11,cost,96,0.21802133457062464,0.00024519871461981717,False
12,0.0,0.4,antiphase,11,cost,128,1.547765123266487e-05,0.9999568588975232,True
12,0.0,0.4,antiphase,11,cost,128,1.547765123266487e-05,0.9999568588975232,True
8,0.1,1.6,ghz,11,cost,7,0.8475064649076938,0.06958814057768993,False
8,0.1,1.6,ghz,11,cost,15,0.5353219008344376,0.1898369604157345,False
8,0.1,1.6,ghz,11,cost,31,0.03558818050898571,0.9546405615872444,False
8,0.1,1.6,ghz,11,cost,63,4.1772374476778396e-05,0.9999565756276915,True
8,0.1,1.6,ghz,11,cost,127,5.166417889057584e-07,0.9999996606228819,True
8,0.1,1.6,ghz,11,cost,127,5.166417889057584e-07,0.9999996606228819,True
8,0.325,0.85,antiphase,11,fixed,6,0.7427538831580118,0.011247859626865734,False
8,0.325,0.85,antiphase,11,fixed,22,0.7427538831580119,0.011247859626865737,False
8,0.2,1.6,ghz,11,cost,7,0.9395331801753318,0.047194354789179736,False
8,0.2,1.6,ghz,11,cost,15,0.5795331801753321,0.17742269477445347,False
8,0.2,1.6,ghz,11,cost,31,0.031832150037095275,0.9617537452490894,False
8,0.2,1.6,ghz,11,cost,63,6.7358479491907985e-06,0.9999942610483715,True
8,0.2,1.6,ghz,11,cost,95,8.018954194000116e-07,0.9999994628659608,True
8,0.2,1.6,ghz,11,cost,127,1.0175761744335432e-07,0.999999937354623,True
8,0.2,1.6,ghz,11,cost,127,1.0175761744335432e-07,0.999999937354623,True
8,0.55,0.15,plus,23,cost,0,0.4217424196859966,0.2660809996518718,False
8,0.55,0.15,plus,23,cost,16,0.03970449551825861,0.32215193332661374,False
8,0.55,0.15,plus,23,cost,32,0.02061169296002141,0.6169535152022597,False
8,0.55,0.15,plus,23,cost,96,0.006892859779521254,0.6167788930568406,False
8,0.55,0.15,plus,23,cost,128,0.0055603077235414355,0.674736037269193,False
8,0.55,0.15,plus,23,cost,128,0.0055603077235414355,0.674736037269193,False
12,0.3,0.2,plus,11,cost,0,0.514570852776037,0.003410629685435217,False
12,0.3,0.2,plus,11,cost,32,0.070814960176577,0.2507240579012869,False
12,0.3,0.2,plus,11,cost,96,5.59459016405602e-05,0.9996684170710649,True
12,0.3,0.2,plus,11,cost,128,2.1814080194045477e-05,0.9997991829331955,True
12,0.3,0.2,plus,11,cost,128,2.1814080194045477e-05,0.9997991829331955,True
8,0.5,1.0,plus,11,cost,0,0.1963913990106435,0.7699385681558336,False
8,0.5,1.0,plus,11,cost,16,0.01617330556449459,0.9630507512324461,False
8,0.5,1.0,plus,11,cost,32,0.008103354424587206,0.9820114004353782,False
8,0.5,1.0,plus,11,cost,64,0.0005608780828678661,0.9993457516608457,True
8,0.5,1.0,plus,11,cost,96,0.00010589269471594775,0.9998978370974239,True
8,0.5,1.0,plus,11,cost,128,2.42067874420826e-05,0.9999798251920075,True
8,0.5,1.0,plus,11,cost,128,2.42067874420826e-05,0.9999798251920075,True
8,0.0,1.8,plus,37,gradient,0,0.14217167596568547,0.8415226516860692,False
8,0.0,1.8,plus,37,gradient,16,0.009967108428431182,0.9847726112986982,False
8,0.0,1.8,plus,37,gradient,32,0.00266333225028359,0.9954616161247589,False
8,0.0,1.8,plus,37,gradient,96,5.3008681909272326e-05,0.9999571757851009,True
8,0.0,1.8,plus,37,gradient,112,4.4314552027913123e-11,0.9999999999702391,True
8,0.15,1.5,antiphase,11,cost,6,1.5015166826207047,0.010586859848200337,False
8,0.15,1.5,antiphase,11,cost,16,0.5181483010054266,0.3968046330584857,False
8,0.15,1.5,antiphase,11,cost,32,0.27364873567889014,0.5014076325980807,False
8,0.15,1.5,antiphase,11,cost,64,3.3106573084529245e-05,0.9999451557707032,True
8,0.15,1.5,antiphase,11,cost,96,1.2807053191288276e-06,0.9999990270088377,True
8,0.15,1.5,antiphase,11,cost,116,1.1226563945143653e-07,0.9999999242891912,True
8,0.8,0.2,antiphase,23,fixed,6,0.01286602517526636,0.966146344283311,False
8,0.8,0.2,antiphase,23,fixed,22,0.012866025175266249,0.966146344283311,False
8,0.15,1.0,ghz,11,cost,7,0.3696808663279747,0.18721104576195036,False
8,0.15,1.0,ghz,11,cost,15,0.22520003475455141,0.3421355953941064,False
8,0.15,1.0,ghz,11,cost,31,0.03403279098673706,0.9314972328839547,False
8,0.15,1.0,ghz,11,cost,63,0.0001382564281708909,0.9997307633243876,True
8,0.15,1.0,ghz,11,cost,95,2.0999451167735828e-05,0.9999745774225112,True
8,0.15,1.0,ghz,11,cost,127,8.880780846265424e-07,0.999999111238994,True
8,0.15,1.0,ghz,11,cost,127,8.880780846265424e-07,0.999999111238994,True
8,0.0,1.6,ghz,11,cost,7,0.7613025549744339,0.10313530999757287,False
8,0.0,1.6,ghz,11,cost,15,0.47348515079323716,0.23733806514435687,False
8,0.0,1.6,ghz,11,cost,31,0.04183962156101506,0.9442171845724856,False
8,0.0,1.6,ghz,11,cost,63,0.00021724328547034766,0.9998170468624845,True
8,0.0,1.6,ghz,11,cost,95,2.2744293179055575e-05,0.999984769306057,True
8,0.0,1.6,ghz,11,cost,127,1.1057814568449231e-06,0.9999993507841055,True
8,0.0,1.6,ghz,11,cost,127,1.1057814568449231e-06,0.9999993507841055,True
8,0.3,1.6,ghz,11,cost,7,1.0363895783742292,0.03237862877879218,False
8,0.3,1.6,ghz,11,cost,15,0.6885684853770229,0.11169786436289396,False
8,0.3,1.6,ghz,11,cost,31,0.016833182196311913,0.9801120068718024,False
8,0.3,1.6,ghz,11,cost,63,0.00011666461095316549,0.9998750065312121,True
8,0.3,1.6,ghz,11,cost,127,1.0423140546222953e-06,0.999999370208679,True
8,0.3,1.6,ghz,11,cost,127,1.0423140546222953e-06,0.999999370208679,True
8,0.3,0.4,plus,11,fixed,0,0.3646590718118202,0.17390399323898878,False
8,0.3,0.4,plus,11,fixed,16,0.07813193551835629,0.45408468370730853,False
8,0.8,1.7,plus,11,cost,0,0.17281612089688858,0.8593871293784731,False
8,0.8,1.7,plus,11,cost,16,0.059222042493976446,0.92862428252402,False
8,0.8,1.7,plus,11,cost,32,0.00741128961071813,0.992514793963393,False
8,0.8,1.7,plus,11,cost,64,0.00041673695874999694,0.9997152804205068,True
8,0.8,1.7,plus,11,cost,96,0.00021218605364392573,0.9998621506508464,True
8,0.8,1.7,plus,11,cost,128,4.0914885192755435e-05,0.9999761264477321,True
8,0.8,1.7,plus,11,cost,128,4.0914885192755435e-05,0.9999761264477321,True
8,0.2,1.6,plus,11,cost,0,0.13953318017533456,0.8551501393290158,False
8,0.2,1.6,plus,11,cost,16,0.0034478359271830072,0.9956403053315194,False
8,0.2,1.6,plus,11,cost,32,0.000108250263870735,0.9998581392402457,True
8,0.2,1.6,plus,11,cost,64,4.58542589942823e-06,0.9999962904857729,True
8,0.2,1.6,plus,11,cost,96,1.3590311431777025e-06,0.9999990202991588,True
8,0.2,1.6,plus,11,cost,126,3.5910382201187474e-07,0.9999997810509416,True
8,0.5,0.2,antiphase,11,cost,6,0.09767513850311593,0.003783251700917048,False
8,0.5,0.2,antiphase,11,cost,16,0.08504073044338156,0.00649830105977883,False
8,0.5,0.2,antiphase,11,cost,32,0.07646194773149073,0.012754729017510142,False
8,0.5,0.2,antiphase,11,cost,64,0.010553723695943984,0.7677904555973079,False
8,0.5,0.2,antiphase,11,cost,96,0.003928160642168943,0.9530623698207955,False
8,0.5,0.2,antiphase,11,cost,128,0.00114371000767155,0.9929361365623242,False
8,0.5,0.2,antiphase,11,cost,128,0.00114371000767155,0.9929361365623242,False
8,0.5,1.9,ghz,11,cost,7,1.525246157690689,0.01492698752966038,False
8,0.5,1.9,ghz,11,cost,15,0.8713781662867279,0.14091299451696224,False
8,0.5,1.9,ghz,11,cost,31,0.4161086893327284,0.46309373915379476,False
8,0.5,1.9,ghz,11,cost,63,0.00045213511864039546,0.9995504819085329,True
8,0.5,1.9,ghz,11,cost,95,3.177619941663323e-05,0.9999834637610235,True
8,0.5,1.9,ghz,11,cost,127,6.162624809125106e-06,0.9999967917626799,True
8,0.5,1.9,ghz,11,cost,127,6.162624809125106e-06,0.9999967917626799,True
8,0.55,1.1,antiphase,11,cost,6,0.7387436026732324,0.041360217036469096,False
8,0.55,1.1,antiphase,11,cost,16,0.3303238041011616,0.3504268855089268,False
8,0.55,1.1,antiphase,11,cost,32,0.032565749552454504,0.9335306764992055,False
8,0.55,1.1,antiphase,11,cost,64,0.0012570210511093638,0.9985638873668474,False
8,0.55,1.1,antiphase,11,cost,96,9.258024544123167e-05,0.9999162329847943,True
8,0.55,1.1,antiphase,11,cost,128,4.974623919040688e-05,0.9999569285316574,True
8,0.55,1.1,antiphase,11,cost,128,4.974623919040688e-05,0.9999569285316574,True
8,0.1,0.4,antiphase,11,cost,6,0.8453060149236612,4.962857628955207e-06,False
8,0.1,0.4,antiphase,11,cost,16,0.5981101029278574,0.000860772733939456,False
8,0.1,0.4,antiphase,11,cost,32,0.18013544792995484,0.49803944958019214,False
8,0.1,0.4,antiphase,11,cost,128,9.891248832216704e-07,0.9999987366727263,True
8,0.1,0.4,antiphase,11,cost,128,9.891248832216704e-07,0.9999987366727263,True
8,0.7,1.3,ghz,11,cost,7,1.1886870629477166,0.007127169409151139,False
8,0.7,1.3,ghz,11,cost,15,0.6606907516186115,0.11171991623185462,False
8,0.7,1.3,ghz,11,cost,31,0.06345722327685022,0.9030047204887315,False
8,0.7,1.3,ghz,11,cost,63,0.0014478162640034764,0.9985689997174519,False
8,0.7,1.3,ghz,11,cost,95,0.00031255775332295066,0.9997326024788279,True
8,0.7,1.3,ghz,11,cost,127,0.00012740573958458512,0.9998970018009593,True
8,0.7,1.3,ghz,11,cost,127,0.00012740573958458512,0.9998970018009593,True
8,0.6,0.3,ghz,11,cost,7,0.26240276420323233,0.0014595787207891077,False
8,0.6,0.3,ghz,11,cost,15,0.23519012625622882,0.004460076283836679,False
8,0.6,0.3,ghz,11,cost,31,0.037936860387515314,0.39013426997932465,False
8,0.6,0.3,ghz,11,cost,63,0.01579504190706127,0.7870792276899886,False
8,0.6,0.3,ghz,11,cost,95,0.0066601680188648205,0.8794847984130544,False
8,0.6,0.3,ghz,11,cost,127,0.004567693546881579,0.9198776550426866,False
8,0.6,0.3,ghz,11,cost,127,0.004567693546881579,0.9198776550426866,False
8,0.8,0.4,plus,37,gradient,0,0.4564908659982555,0.148165412310859,False
8,0.8,0.4,plus,37,gradient,16,0.19681412992635017,0.1903101842875127,False
8,0.8,0.4,plus,37,gradient,64,0.005151281877176617,0.5068068812764339,False
8,0.8,0.4,plus,37,gradient,96,0.004351549077911354,0.5246346091196911,False
8,0.8,0.4,plus,37,gradient,128,0.0005926054974059181,0.9980679187436796,True
8,0.8,0.4,plus,37,gradient,128,0.0005926054974059181,0.9980679187436796,True
8,0.025,0.55,plus,11,gradient,0,0.5046286305212352,0.08070595170284629,False
8,0.025,0.55,plus,11,gradient,16,0.16525062508060495,0.44075562923573464,False
8,0.025,0.55,plus,11,gradient,96,1.9837268205868952e-07,0.9999997898026053,True
8,0.025,0.55,plus,11,gradient,104,3.2709306596601095e-08,0.9999999625671164,True
8,0.85,2.0,plus,11,cost,0,0.16142713057735625,0.8817370482155407,False
8,0.85,2.0,plus,11,cost,16,0.05872713930778328,0.9402948016912951,False
8,0.85,2.0,plus,11,cost,32,0.006598776399012962,0.9942422353877824,False
8,0.85,2.0,plus,11,cost,64,0.0002840345027754765,0.9998374284202808,True
8,0.85,2.0,plus,11,cost,96,0.00015392482442422306,0.9999198211894205,True
8,0.85,2.0,plus,11,cost,128,5.121359150006555e-05,0.9999727494059807,True
8,0.85,2.0,plus,11,cost,128,5.121359150006555e-05,0.9999727494059807,True
12,0.0,2.0,ghz,11,cost,11,1.1270948585040073,0.010501711235083318,False
12,0.0,2.0,ghz,11,cost,31,0.4390450834744562,0.19598623936496498,False
12,0.0,2.0,ghz,11,cost,63,0.2106579372332836,0.4918284887519003,False
12,0.0,2.0,ghz,11,cost,95,0.0002984949313304952,0.9994462123183804,True
12,0.0,2.0,ghz,11,cost,127,1.1201037878845929e-05,0.9999846891456017,True
12,0.0,2.0,ghz,11,cost,127,1.1201037878845929e-05,0.9999846891456017,True
8,0.05,2.0,plus,11,cost,0,0.12269543735444532,0.8822065884766154,False
8,0.05,2.0,plus,11,cost,16,0.005636897452988787,0.9931284781072162,False
8,0.05,2.0,plus,11,cost,32,0.0004431808793152747,0.9994078134723484,True
8,0.05,2.0,plus,11,cost,64,0.00012594934611476205,0.9998675553552744,True
8,0.05,2.0,plus,11,cost,96,1.7886183343307493e-06,0.9999990961930741,True
8,0.05,2.0,plus,11,cost,128,3.8752912079331736e-07,0.999999808980558,True
8,0.05,2.0,plus,11,cost,128,3.8752912079331736e-07,0.999999808980558,True
8,0.2,0.9,ghz,11,cost,7,0.32782822326003613,0.17897784814238923,False
8,0.2,0.9,ghz,11,cost,15,0.2051507762924395,0.3053959389100705,False
8,0.2,0.9,ghz,11,cost,31,0.08573525705845086,0.5490851816207741,False
8,0.2,0.9,ghz,11,cost,63,0.00013815838704167582,0.9997254228359366,True
8,0.2,0.9,ghz,11,cost,127,5.4331801249141165e-06,0.9999931101140438,True
8,0.2,0.9,ghz,11,cost,127,5.4331801249141165e-06,0.9999931101140438,True
8,0.0,1.0,ghz,11,fixed,7,0.28145772387075385,0.4215096173044162,False
8,0.0,1.0,ghz,11,fixed,23,0.04142938685543163,0.8300655158512804,False
8,0.525,0.55,plus,11,cost,0,0.2775269602368696,0.5731529075562487,False
8,0.525,0.55,plus,11,cost,16,0.029218648109847867,0.8911397686391006,False
8,0.525,0.55,plus,11,cost,32,0.01572175013744692,0.9325243125783015,False
8,0.525,0.55,plus,11,cost,64,0.002193545781531525,0.9958130745139373,False
8,0.525,0.55,plus,11,cost,128,0.000209893662859173,0.9995564716544928,True
8,0.525,0.55,plus,11,cost,128,0.000209893662859173,0.9995564716544928,True
8,0.825,0.35,ghz,11,fixed,7,0.6903475045344827,6.1981204896915585e-06,False
8,0.825,0.35,ghz,11,fixed,23,0.24125787720968572,0.005288780575236279,False
8,0.0,1.2,antiphase,11,cost,6,1.4240249564406864,0.0034097202976492,False
8,0.0,1.2,antiphase,11,cost,16,0.5240249564406869,0.3425347623167369,False
8,0.0,1.2,antiphase,11,cost,32,0.09126477826618618,0.6671136232520614,False
8,0.0,1.2,antiphase,11,cost,64,0.001075864844788832,0.998769109816121,False
8,0.0,1.2,antiphase,11,cost,96,0.00013411243349770174,0.9998907913591999,True
8,0.0,1.2,antiphase,11,cost,124,4.129581121503634e-10,0.9999999996911582,True
8,0.85,0.2,antiphase,11,cost,6,0.012057148349153057,0.9704275509929612,False
8,0.85,0.2,antiphase,11,cost,16,0.0046781209880323305,0.9884459450907388,False
8,0.85,0.2,antiphase,11,cost,32,5.168922390352826e-05,0.9998591336710785,True
8,0.85,0.2,antiphase,11,cost,64,2.5996474808831493e-05,0.9999285330258469,True
8,0.85,0.2,antiphase,11,cost,106,2.401911304072968e-06,0.9999925238252426,True
8,0.8,1.2,plus,11,fixed,0,0.22020608676578757,0.7758501240364228,False
8,0.8,1.2,plus,11,fixed,16,0.059865160133515616,0.8839391888291405,False
8,0.75,0.3,plus,11,cost,0,0.4825790564859953,0.09563921032951969,False
8,0.75,0.3,plus,11,cost,16,0.15005050617833726,0.18742836823663522,False
8,0.75,0.3,plus,11,cost,32,0.07675971922605729,0.31718453542496333,False
8,0.75,0.3,plus,11,cost,64,0.002050380177623823,0.5041177887655451,False
8,0.75,0.3,plus,11,cost,96,0.0016999284906178413,0.5112749688476785,False
8,0.75,0.3,plus,11,cost,128,0.0004722090560499437,0.9938474260785901,True
8,0.75,0.3,plus,11,cost,128,0.0004722090560499437,0.9938474260785901,True
8,0.7,1.4,plus,11,cost,0,0.17956278636860623,0.8363721362913292,False
8,0.7,1.4,plus,11,cost,16,0.041554726425516275,0.9340933581278392,False
8,0.7,1.4,plus,11,cost,32,0.008790916144540528,0.9903746953557331,False
8,0.7,1.4,plus,11,cost,64,0.0006079036739621291,0.9994924258887998,True
8,0.7,1.4,plus,11,cost,96,0.0002030859793153983,0.9998440465166948,True
8,0.7,1.4,plus,11,cost,128,7.876029570952348e-05,0.9999409434546574,True
8,0.7,1.4,plus,11,cost,128,7.876029570952348e-05,0.9999409434546574,True
12,0.3,1.8,antiphase,11,cost,10,1.6238772622970685,0.001232265895207316,False
12,0.3,1.8,antiphase,11,cost,32,0.670051583146701,0.2035943321923784,False
12,0.3,1.8,antiphase,11,cost,64,0.22592550003889697,0.4962969012434819,False
12,0.3,1.8,antiphase,11,cost,96,0.01682127688449982,0.9709398590827251,False
12,0.3,1.8,antiphase,11,cost,128,0.00021465952469886437,0.9996485273679537,True
12,0.3,1.8,antiphase,11,cost,128,0.00021465952469886437,0.9996485273679537,True
8,0.3,1.1,ghz,11,cost,7,0.5826354927917884,0.054524228116537295,False
8,0.3,1.1,ghz,11,cost,15,0.3772994679334176,0.16360946896893766,False
8,0.3,1.1,ghz,11,cost,31,0.038762086059066725,0.9340187081759738,False
8,0.3,1.1,ghz,11,cost,63,0.0002054093371866017,0.9995461536960701,True
8,0.3,1.1,ghz,11,cost,95,1.1382855125141589e-05,0.9999891362937811,True
8,0.3,1.1,ghz,11,cost,127,3.0932936194716376e-06,0.9999973290672131,True
8,0.3,1.1,ghz,11,cost,127,3.0932936194716376e-06,0.9999973290672131,True
8,0.175,0.85,plus,11,cost,0,0.24730975441216774,0.5494274399230202,False
8,0.175,0.85,plus,11,cost,16,0.02193256873138072,0.9044901368753947,False
8,0.175,0.85,plus,11,cost,32,0.008094324047555057,0.9558795711639274,False
8,0.175,0.85,plus,11,cost,96,6.510471699927578e-05,0.9999175355716254,True
8,0.175,0.85,plus,11,cost,128,3.0042435041899296e-06,0.9999966283892439,True
8,0.175,0.85,plus,11,cost,128,3.0042435041899296e-06,0.9999966283892439,True
8,0.8,1.2,plus,23,cost,0,0.22020608676578757,0.7758501240364228,False
8,0.8,1.2,plus,23,cost,16,0.06807318074842184,0.8836165667862868,False
8,0.8,1.2,plus,23,cost,32,0.015895114023850798,0.9795242435473411,False
8,0.8,1.2,plus,23,cost,64,0.0014831646367325924,0.9984936351288113,False
8,0.8,1.2,plus,23,cost,96,0.0007789965981395142,0.9992438635845474,True
8,0.8,1.2,plus,23,cost,128,0.0002978172421930214,0.9997477429985381,True
8,0.8,1.2,plus,23,cost,128,0.0002978172421930214,0.9997477429985381,True
8,0.525,0.35,ghz,11,fixed,7,0.2123467540400641,0.0064762786857646346,False
8,0.525,0.35,ghz,11,fixed,23,0.14957305601913629,0.03596592999834859,False
8,0.0,1.8,ghz,37,cost,7,0.9421716759656829,0.07645152241152128,False
8,0.0,1.8,ghz,37,cost,15,0.5766728885775287,0.21917608453277865,False
8,0.0,1.8,ghz,37,cost,31,0.03549538958940168,0.9603040532606232,False
8,0.0,1.8,ghz,37,cost,63,7.972267427369673e-05,0.9999401741670122,True
8,0.0,1.8,ghz,37,cost,127,3.523664073856736e-07,0.9999998154314979,True
8,0.0,1.8,ghz,37,cost,127,3.523664073856736e-07,0.9999998154314979,True
8,0.15,2.0,ghz,11,cost,7,1.2664294359615915,0.03879687990181714,False
8,0.15,2.0,ghz,11,cost,15,0.7893724028366282,0.1532659201727244,False
8,0.15,2.0,ghz,11,cost,31,0.02748933112050178,0.9730971043286043,False
8,0.15,2.0,ghz,11,cost,63,5.187851326304838e-07,0.9999995439914755,True
8,0.15,2.0,ghz,11,cost,95,1.2150615491535177e-07,0.9999999306166626,True
8,0.15,2.0,ghz,11,cost,103,5.614935671971466e-08,0.9999999686346686,True
8,0.175,0.15,antiphase,11,fixed,6,0.6568451315714944,6.1246915570465394e-09,False
8,0.175,0.15,antiphase,11,fixed,22,0.6568451315714944,6.124691557046538e-09,False
8,0.675,0.35,plus,11,fixed,0,0.3808511286721358,0.24791554773262656,False
8,0.675,0.35,plus,11,fixed,16,0.09396605154457238,0.34710569604890584,False
8,0.55,0.15,antiphase,23,fixed,6,0.02174241968599655,0.06324481814481525,False
8,0.55,0.15,antiphase,23,fixed,22,0.02174241968599655,0.06324481814481525,False
8,0.8,1.5,antiphase,11,cost,6,0.8889957029792619,0.0787438739185607,False
8,0.8,1.5,antiphase,11,cost,16,0.3598464557130072,0.4541874275652043,False
8,0.8,1.5,antiphase,11,cost,32,0.03980334695664056,0.9428689585489176,False
8,0.8,1.5,antiphase,11,cost,128,0.00020778238408070138,0.9998510602346595,True
8,0.8,1.5,antiphase,11,cost,128,0.00020778238408070138,0.9998510602346595,True
8,0.5,0.15,antiphase,23,cost,6,0.07108108440839944,0.001959175486408019,False
8,0.5,0.15,antiphase,23,cost,16,0.06413350380047689,0.002845423393909167,False
8,0.5,0.15,antiphase,23,cost,32,0.05945993350836509,0.004576732535805429,False
8,0.5,0.15,antiphase,23,cost,64,0.009026066986605685,0.6925021152768894,False
8,0.5,0.15,antiphase,23,cost,96,0.0047180266200322896,0.9076017986664137,False
8,0.5,0.15,antiphase,23,cost,128,0.0014767137060828217,0.9869533890575797,False
8,0.5,0.15,antiphase,23,cost,128,0.0014767137060828217,0.9869533890575797,False
8,0.0,0.4,ghz,11,cost,7,0.04043305680861509,0.9193537281314444,False
8,0.0,0.4,ghz,11,cost,15,0.02058110045083561,0.9576994719359389,False
8,0.0,0.4,ghz,11,cost,95,7.206933978487484e-07,0.9999985996621223,True
8,0.0,0.4,ghz,11,cost,103,1.248137793119497e-08,0.9999999763792157,True
8,0.35,0.5,plus,11,cost,0,0.29654489346222723,0.4844699071566187,False
8,0.35,0.5,plus,11,cost,16,0.01920209051659283,0.9295903146020723,False
8,0.35,0.5,plus,11,cost,32,0.002198657363486456,0.9909062650673206,False
8,0.35,0.5,plus,11,cost,128,0.00011191420015910225,0.999689626473589,True
8,0.35,0.5,plus,11,cost,128,0.00011191420015910225,0.999689626473589,True
8,0.3,0.4,antiphase,37,cost,6,0.4646590718118197,0.00035639974590884096,False
8,0.3,0.4,antiphase,37,cost,16,0.3545468281942703,0.017943267453975818,False
8,0.3,0.4,antiphase,37,cost,32,0.015645857379467443,0.8828668598364823,False
8,0.3,0.4,antiphase,37,cost,64,0.003970433415531716,0.941856163961704,False
8,0.3,0.4,antiphase,37,cost,128,1.3102283244137425e-05,0.9999736151552636,True
8,0.3,0.4,antiphase,37,cost,128,1.3102283244137425e-05,0.9999736151552636,True
8,0.8,0.5,plus,23,gradient,0,0.39494708173145954,0.2646472959279824,False
8,0.8,0.5,plus,23,gradient,16,0.13156611249538563,0.3645241818067304,False
8,0.8,0.5,plus,23,gradient,96,0.010350807840537213,0.5834324775566961,False
8,0.8,0.5,plus,23,gradient,128,0.0016125701652501823,0.9936535971104913,False
8,0.8,0.5,plus,23,gradient,128,0.0016125701652501823,0.9936535971104913,False
8,0.35,1.6,ghz,11,cost,7,1.086419371024172,0.02695173527414286,False
8,0.35,1.6,ghz,11,cost,15,0.6556155573639677,0.15982270696078552,False
8,0.35,1.6,ghz,11,cost,31,0.016953047064306892,0.9804310110230812,False
8,0.35,1.6,ghz,11,cost,63,0.0002325866767556306,0.999768421986643,True
8,0.35,1.6,ghz,11,cost,127,2.6470783078824667e-06,0.9999984403390061,True
8,0.35,1.6,ghz,11,cost,127,2.6470783078824667e-06,0.9999984403390061,True
8,0.35,0.9,antiphase,11,cost,6,0.7580036644339441,0.014058005191906333,False
8,0.35,0.9,antiphase,11,cost,16,0.5138395568846852,0.1188631871661455,False
8,0.35,0.9,antiphase,11,cost,32,0.19386684075161842,0.39424447963797893,False
8,0.35,0.9,antiphase,11,cost,64,0.0015703842288465886,0.9942652712962792,False
8,0.35,0.9,antiphase,11,cost,96,0.00010268210289288149,0.9998548395153924,True
8,0.35,0.9,antiphase,11,cost,128,2.230335098696301e-05,0.9999764638292701,True
8,0.35,0.9,antiphase,11,cost,128,2.230335098696301e-05,0.9999764638292701,True
12,0.0,0.8,antiphase,11,cost,10,1.1684287078593978,2.375289191548009e-06,False
12,0.0,0.8,antiphase,11,cost,32,0.5469272793464353,0.3196150025766946,False
12,0.0,0.8,antiphase,11,cost,64,0.3905301096827718,0.38886068501654647,False
12,0.0,0.8,antiphase,11,cost,96,0.3716410250281886,0.4092589652486545,False
12,0.0,0.8,antiphase,11,cost,128,0.1916239521693545,0.48354397244603625,False
12,0.0,0.8,antiphase,11,cost,128,0.1916239521693545,0.48354397244603625,False
8,0.7,0.4,plus,11,cost,0,0.3717114106226852,0.2860748599931213,False
8,0.7,0.4,plus,11,cost,16,0.09145789248393421,0.4002739909024895,False
8,0.7,0.4,plus,11,cost,32,0.03889085564554828,0.6736360511160377,False
8,0.7,0.4,plus,11,cost,96,0.003229370589053593,0.9667244331310769,False
8,0.7,0.4,plus,11,cost,128,0.0012920989886855416,0.9936635959731527,False
8,0.7,0.4,plus,11,cost,128,0.0012920989886855416,0.9936635959731527,False
8,0.6,0.45,antiphase,11,cost,6,0.16120669678310628,0.09488002395384007,False
8,0.6,0.45,antiphase,11,cost,16,0.11179788216344744,0.15534612648837676,False
8,0.6,0.45,antiphase,11,cost,32,0.0623736135438987,0.3285535193749381,False
8,0.6,0.45,antiphase,11,cost,64,0.010010474736857455,0.9650551461898562,False
8,0.6,0.45,antiphase,11,cost,96,0.0025705547487362423,0.9891091322364686,False
8,0.6,0.45,antiphase,11,cost,128,0.0016737356894566124,0.993131226406942,False
8,0.6,0.45,antiphase,11,cost,128,0.0016737356894566124,0.993131226406942,False
12,0.0,1.8,antiphase,11,cost,10,1.9418228899631877,0.0003838054532678677,False
12,0.0,1.8,antiphase,11,cost,32,0.9307051948018096,0.07044384691397461,False
12,0.0,1.8,antiphase,11,cost,64,0.7127525008560897,0.07810176424496393,False
12,0.0,1.8,antiphase,11,cost,96,0.4176977444731138,0.24686380263882177,False
12,0.0,1.8,antiphase,11,cost,128,0.39043014748610955,0.2580458229598449,False
12,0.0,1.8,antiphase,11,cost,128,0.39043014748610955,0.2580458229598449,False
8,0.45,1.8,ghz,11,cost,7,1.3775702572568842,0.017712601695800873,False
8,0.45,1.8,ghz,11,cost,15,0.8518474713274857,0.11388287410074006,False
8,0.45,1.8,ghz,11,cost,31,0.04685356587285083,0.9541789038632055,False
8,0.45,1.8,ghz,11,cost,63,0.0003345216321157807,0.9997774516153225,True
8,0.45,1.8,ghz,11,cost,95,1.3923035119933758e-05,0.999992323613726,True
8,0.45,1.8,ghz,11,cost,127,5.1092587447509885e-06,0.9999972639564266,True
8,0.45,1.8,ghz,11,cost,127,5.1092587447509885e-06,0.9999972639564266,True
8,0.3,0.5,plus,23,cost,0,0.31314929279091114,0.3677511084063065,False
8,0.3,0.5,plus,23,cost,16,0.029610759240068507,0.8141117966981763,False
8,0.3,0.5,plus,23,cost,32,0.006652371216850028,0.9244115287808441,False
8,0.3,0.5,plus,23,cost,64,0.00016022851726826826,0.999038711475147,False
8,0.3,0.5,plus,23,cost,128,2.999611459775231e-06,0.9999929459106134,True
8,0.3,0.5,plus,23,cost,128,2.999611459775231e-06,0.9999929459106134,True
8,1.0,0.9,plus,11,cost,0,0.3626291024612873,0.46915580078143343,False
8,1.0,0.9,plus,11,cost,16,0.13253495959536132,0.7332471643227098,False
8,1.0,0.9,plus,11,cost,32,0.0133609167089348,0.9660178775467478,False
8,1.0,0.9,plus,11,cost,64,0.004189766794395533,0.9909825835309725,False
8,1.0,0.9,plus,11,cost,96,0.0018772833819291623,0.9968599318091461,False
8,1.0,0.9,plus,11,cost,128,0.0010217018418965385,0.9984051762384386,False
8,1.0,0.9,plus,11,cost,128,0.0010217018418965385,0.9984051762384386,False
8,0.95,1.3,plus,11,cost,0,0.25085470525210574,0.737746832450096,False
8,0.95,1.3,plus,11,cost,16,0.0893560812269143,0.8456397389480447,False
8,0.95,1.3,plus,11,cost,32,0.016911483553136986,0.972934688590202,False
8,0.95,1.3,plus,11,cost,64,0.0028323486635424278,0.9971617054218243,False
8,0.95,1.3,plus,11,cost,96,0.001032494974118503,0.9990499070153738,False
8,0.95,1.3,plus,11,cost,128,0.0005328244835318685,0.9995193940916263,True
8,0.95,1.3,plus,11,cost,128,0.0005328244835318685,0.9995193940916263,True
8,0.0,0.2,plus,11,cost,0,0.8100253198889197,0.017434082290676986,False
8,0.0,0.2,plus,11,cost,16,0.24784712071102866,0.49828551460591813,False
8,0.0,0.2,plus,11,cost,32,1.577622336790263e-05,0.9999676275783317,True
8,0.0,0.2,plus,11,cost,32,1.577622336790263e-05,0.9999676275783317,True
8,0.15,1.4,plus,11,cost,0,0.16133055326504064,0.804005568283119,False
8,0.15,1.4,plus,11,cost,16,0.007020818544381635,0.9878953431357111,False
8,0.15,1.4,plus,11,cost,32,0.0004393358133714109,0.9991234439186831,False
8,0.15,1.4,plus,11,cost,64,1.6659708162114484e-05,0.9999808446512989,True
8,0.15,1.4,plus,11,cost,96,1.1696871713429147e-06,0.9999991126032896,True
8,0.15,1.4,plus,11,cost,128,1.0146864615201423e-07,0.9999999296641969,True
8,0.15,1.4,plus,11,cost,128,1.0146864615201423e-07,0.9999999296641969,True
8,0.175,1.25,ghz,11,fixed,7,0.600439365541907,0.08675296016388832,False
8,0.175,1.25,ghz,11,fixed,23,0.12086119386666372,0.8352038514822547,False
8,0.85,1.1,ghz,11,cost,7,1.1980437541606161,0.002792494108872476,False
8,0.85,1.1,ghz,11,cost,15,0.5001425589893544,0.1027017768765871,False
8,0.85,1.1,ghz,11,cost,31,0.08370369884281392,0.8367130518961905,False
8,0.85,1.1,ghz,11,cost,63,0.004244852383410214,0.9952313881246653,False
8,0.85,1.1,ghz,11,cost,95,0.0019114358401799425,0.997844059695847,False
8,0.85,1.1,ghz,11,cost,127,0.0011827259322478856,0.9987203732449507,False
8,0.85,1.1,ghz,11,cost,127,0.0011827259322478856,0.9987203732449507,False
8,0.55,1.4,ghz,11,cost,7,1.110709575313071,0.013496571486246898,False
8,0.55,1.4,ghz,11,cost,15,0.7182151138475108,0.09020488443980208,False
8,0.55,1.4,ghz,11,cost,31,0.051105014576509955,0.9303017394287588,False
8,0.55,1.4,ghz,11,cost,63,0.0010570379019236853,0.9989002135529829,False
8,0.55,1.4,ghz,11,cost,95,8.430307457474306e-05,0.9999381915909784,True
8,0.55,1.4,ghz,11,cost,127,2.3691863186403594e-05,0.9999835067738261,True
8,0.55,1.4,ghz,11,cost,127,2.3691863186403594e-05,0.9999835067738261,True
8,0.55,0.2,ghz,11,cost,7,0.14834093912982083,0.0012685100825398487,False
8,0.55,0.2,ghz,11,cost,15,0.13725219052232152,0.0026105608897561204,False
8,0.55,0.2,ghz,11,cost,31,0.02045290025125024,0.4991341543411672,False
8,0.55,0.2,ghz,11,cost,63,0.012074827225494467,0.6828560141910153,False
8,0.55,0.2,ghz,11,cost,95,0.009313824359177048,0.7776657016542392,False
8,0.55,0.2,ghz,11,cost,127,0.0016118906576931824,0.9825338312417514,False
8,0.55,0.2,ghz,11,cost,127,0.0016118906576931824,0.9825338312417514,False
8,0.4,1.6,ghz,11,cost,7,1.137445975426286,0.022506208156153593,False
8,0.4,1.6,ghz,11,cost,15,0.7275589321012685,0.1140755174890213,False
8,0.4,1.6,ghz,11,cost,31,0.03222796917293813,0.9620866530563449,False
8,0.4,1.6,ghz,11,cost,63,0.00026374044912103045,0.9997483521770629,True
8,0.4,1.6,ghz,11,cost,127,2.6981955176808015e-06,0.9999983669891329,True
8,0.4,1.6,ghz,11,cost,127,2.6981955176808015e-06,0.9999983669891329,True
8,0.675,0.15,antiphase,11,cost,6,0.008564562137106657,0.972983683524209,False
8,0.675,0.15,antiphase,11,cost,16,0.003339791652452684,0.9891993134633146,False
8,0.675,0.15,antiphase,11,cost,32,7.882778874279683e-05,0.9994985484968066,True
8,0.675,0.15,antiphase,11,cost,64,4.2057660270100605e-05,0.9997315225669097,True
8,0.675,0.15,antiphase,11,cost,128,6.848469285114511e-06,0.9999525507731404,True
8,0.675,0.15,antiphase,11,cost,128,6.848469285114511e-06,0.9999525507731404,True
8,0.7,0.6,plus,11,cost,0,0.29664757502209993,0.5788859758356616,False
8,0.7,0.6,plus,11,cost,16,0.05991188589802221,0.7411179158126386,False
8,0.7,0.6,plus,11,cost,32,0.021090401986533114,0.9100846865485989,False
8,0.7,0.6,plus,11,cost,64,0.007475998703293074,0.9716133203896895,False
8,0.7,0.6,plus,11,cost,96,0.004399022446769152,0.9892314130717498,False
8,0.7,0.6,plus,11,cost,128,0.001679820962106393,0.9970232416658127,False
8,0.7,0.6,plus,11,cost,128,0.001679820962106393,0.9970232416658127,False
8,0.025,0.15,plus,11,gradient,0,0.8307785126306163,0.014488687578571538,False
8,0.025,0.15,plus,11,gradient,16,0.2388293535519962,0.49556454703809943,False
8,0.025,0.15,plus,11,gradient,32,0.0007375500885696828,0.9984762655386685,True
8,0.025,0.15,plus,11,gradient,86,8.02443134162445e-09,0.9999999873089833,True
8,0.95,1.4,plus,11,cost,0,0.23719375232528028,0.7662678620577839,False
8,0.95,1.4,plus,11,cost,16,0.08258166501047137,0.8683117307390386,False
8,0.95,1.4,plus,11,cost,32,0.02014207588190775,0.9684393639105547,False
8,0.95,1.4,plus,11,cost,96,0.0007118918544160024,0.999369386039566,True
8,0.95,1.4,plus,11,cost,128,0.000343078953647602,0.999728427627398,True
8,0.95,1.4,plus,11,cost,128,0.000343078953647602,0.999728427627398,True
8,0.8,0.8,plus,37,gradient,0,0.28651108323486185,0.6160227628886743,False
8,0.8,0.8,plus,37,gradient,16,0.08097514560093666,0.7540073912607568,False
8,0.8,0.8,plus,37,gradient,32,0.022052729535724458,0.9170595685980476,False
8,0.8,0.8,plus,37,gradient,64,0.00828331722692388,0.9823902478958555,False
8,0.8,0.8,plus,37,gradient,128,0.0017250378896829233,0.9975871763744866,False
8,0.8,0.8,plus,37,gradient,128,0.0017250378896829233,0.9975871763744866,False
8,0.8,0.8,plus,11,fixed,0,0.28651108323486185,0.6160227628886743,False
8,0.8,0.8,plus,11,fixed,16,0.08222997000222709,0.7421672294535488,False
8,0.0,1.5,antiphase,11,cost,6,1.6731256541438448,0.006228464423318973,False
8,0.0,1.5,antiphase,11,cost,16,0.5481256541438453,0.33657360314760787,False
8,0.0,1.5,antiphase,11,cost,32,0.026465161359467526,0.9598500575100442,False
8,0.0,1.5,antiphase,11,cost,64,0.0008918577693257657,0.998863219082625,False
8,0.0,1.5,antiphase,11,cost,128,9.010533694953082e-06,0.999994002956445,True
8,0.0,1.5,antiphase,11,cost,128,9.010533694953082e-06,0.999994002956445,True
8,0.0,1.1,antiphase,11,fixed,6,1.3494084590468363,0.0023935758742727104,False
8,0.0,1.1,antiphase,11,fixed,22,1.3494084590468363,0.002145594598291355,False
8,0.525,0.15,plus,11,fixed,0,0.42116817877068247,0.2434501548135991,False
8,0.525,0.15,plus,11,fixed,16,0.046672936923957464,0.3586194207183375,False
12,0.0,0.1,plus,11,cost,0,0.902501566421598,0.0008901529195850953,False
12,0.0,0.1,plus,11,cost,32,0.16320338079312333,0.4978370775945109,False
12,0.0,0.1,plus,11,cost,86,1.1701431675466742e-08,0.9999999645807872,True
8,0.8,0.8,plus,37,cost,0,0.28651108323486185,0.6160227628886743,False
8,0.8,0.8,plus,37,cost,16,0.08097514560093666,0.7540073912607568,False
8,0.8,0.8,plus,37,cost,32,0.018858173075973816,0.9435258186379945,False
8,0.8,0.8,plus,37,cost,64,0.006616667440840107,0.9875014117372876,False
8,0.8,0.8,plus,37,cost,96,0.0033747209567422942,0.9949001744358794,False
8,0.8,0.8,plus,37,cost,128,0.0014377731790604642,0.9980579931554224,False
8,0.8,0.8,plus,37,cost,128,0.0014377731790604642,0.9980579931554224,False
8,0.75,0.3,antiphase,11,cost,6,0.03257905648599524,0.8976881323991099,False
8,0.75,0.3,antiphase,11,cost,16,0.013627444396393962,0.95430652808604,False
8,0.75,0.3,antiphase,11,cost,32,0.0008604565996428448,0.9951037500622326,True
8,0.75,0.3,antiphase,11,cost,64,0.00047486523833195626,0.997298542358479,True
8,0.75,0.3,antiphase,11,cost,128,0.00013213146185497848,0.9992524357809895,True
8,0.75,0.3,antiphase,11,cost,128,0.00013213146185497848,0.9992524357809895,True
8,0.175,0.85,antiphase,11,cost,6,0.9223097544121671,0.003679333547735721,False
8,0.175,0.85,antiphase,11,cost,16,0.5807239134077713,0.16508217626252858,False
8,0.175,0.85,antiphase,11,cost,32,0.3362193901150905,0.3241426612341406,False
8,0.175,0.85,antiphase,11,cost,64,0.01743841568617932,0.954047167208924,False
8,0.175,0.85,antiphase,11,cost,96,0.00028774534549191877,0.9994696862403257,True
8,0.175,0.85,antiphase,11,cost,128,1.562809925426123e-05,0.9999808324390519,True
8,0.175,0.85,antiphase,11,cost,128,1.562809925426123e-05,0.9999808324390519,True
8,0.325,1.75,plus,11,fixed,0,0.12682693086376062,0.8872003196689974,False
8,0.325,1.75,plus,11,fixed,16,0.001944978263832775,0.9976071600793004,False
8,0.75,0.9,antiphase,11,cost,6,0.39983439893470385,0.1445427836329931,False
8,0.75,0.9,antiphase,11,cost,16,0.20391770877213444,0.432214304791207,False
8,0.75,0.9,antiphase,11,cost,32,0.05221958064284027,0.8516951139720212,False
8,0.75,0.9,antiphase,11,cost,64,0.004108837909364338,0.9935113401884104,False
8,0.75,0.9,antiphase,11,cost,96,0.001747704772079084,0.99757859146464,False
8,0.75,0.9,antiphase,11,cost,128,0.0007046470391391946,0.9991912272405097,True
8,0.75,0.9,antiphase,11,cost,128,0.0007046470391391946,0.9991912272405097,True
8,0.9,0.4,antiphase,11,cost,6,0.04840096005497341,0.8777152033922248,False
8,0.9,0.4,antiphase,11,cost,16,0.020182725249612177,0.9478708771957255,False
8,0.9,0.4,antiphase,11,cost,32,0.0008569939679592409,0.9973901692454735,True
8,0.9,0.4,antiphase,11,cost,64,0.00032313762405600244,0.9990123183842733,True
8,0.9,0.4,antiphase,11,cost,128,9.76488621601268e-05,0.9997019011548615,True
8,0.9,0.4,antiphase,11,cost,128,9.76488621601268e-05,0.9997019011548615,True
8,0.25,1.5,ghz,11,cost,7,0.8949956024941389,0.042945449996886424,False
8,0.25,1.5,ghz,11,cost,15,0.5754953124580204,0.1461987614204409,False
8,0.25,1.5,ghz,11,cost,31,0.03256783103955274,0.9590460355920579,False
8,0.25,1.5,ghz,11,cost,63,4.2902252569643196e-05,0.9999531398576265,True
8,0.25,1.5,ghz,11,cost,95,2.694461960217609e-06,0.9999981094280935,True
8,0.25,1.5,ghz,11,cost,127,6.530873177812424e-07,0.999999572171927,True
8,0.25,1.5,ghz,11,cost,127,6.530873177812424e-07,0.999999572171927,True
8,0.5,0.15,antiphase,11,fixed,6,0.07108108440839944,0.001959175486408019,False
8,0.5,0.15,antiphase,11,fixed,22,0.07108108440839939,0.0019591754864080185,False
8,0.475,1.75,plus,11,cost,0,0.131694706481277,0.8908487389134923,False
8,0.475,1.75,plus,11,cost,16,0.010788148759847571,0.9859951737863737,False
8,0.475,1.75,plus,11,cost,32,0.0027770081319242745,0.9968393208245214,False
8,0.475,1.75,plus,11,cost,96,1.1980291444002589e-05,0.9999934503152125,True
8,0.475,1.75,plus,11,cost,128,3.296600095126223e-06,0.999998213620285,True
8,0.475,1.75,plus,11,cost,128,3.296600095126223e-06,0.999998213620285,True
8,0.8,0.6,antiphase,23,cost,6,0.14757612956904254,0.4979944003938477,False
8,0.8,0.6,antiphase,23,cost,16,0.0740541986004355,0.6908216458897397,False
8,0.8,0.6,antiphase,23,cost,32,0.015447063858818222,0.908670145941724,False
8,0.8,0.6,antiphase,23,cost,96,0.004175054041080983,0.9826922961007782,False
8,0.8,0.6,antiphase,23,cost,128,0.0016282987738605037,0.996460791581279,False
8,0.8,0.6,antiphase,23,cost,128,0.0016282987738605037,0.996460791581279,False
12,0.8,1.9,antiphase,11,cost,10,1.2610280280827413,0.00697293484107896,False
12,0.8,1.9,antiphase,11,cost,32,0.3735340128574676,0.38227125416568514,False
12,0.8,1.9,antiphase,11,cost,64,0.02226807187608119,0.9614859737541955,False
12,0.8,1.9,antiphase,11,cost,96,0.0028918876675314564,0.9956916499919507,False
12,0.8,1.9,antiphase,11,cost,128,0.0008809771587869145,0.9988643048963598,True
12,0.8,1.9,antiphase,11,cost,128,0.0008809771587869145,0.9988643048963598,True
8,1.0,0.7,antiphase,11,cost,6,0.1473967598874606,0.6500546920693898,False
8,1.0,0.7,antiphase,11,cost,16,0.06789341186656817,0.8245261046570436,False
8,1.0,0.7,antiphase,11,cost,32,0.006537860643312632,0.9817000351905256,False
8,1.0,0.7,antiphase,11,cost,64,0.0019347841701788937,0.9950579824766387,False
8,1.0,0.7,antiphase,11,cost,96,0.0010424467377254665,0.9973680210399087,False
8,1.0,0.7,antiphase,11,cost,128,0.0005583848082877374,0.9989378218623515,True
8,1.0,0.7,antiphase,11,cost,128,0.0005583848082877374,0.9989378218623515,True
8,0.55,1.8,antiphase,11,cost,6,1.3842138207946282,0.0338634492863986,False
8,0.55,1.8,antiphase,11,cost,16,0.4958509959597772,0.43095188254602307,False
8,0.55,1.8,antiphase,11,cost,32,0.025661787185803142,0.9703673688301665,False
8,0.55,1.8,antiphase,11,cost,64,0.0005640918184151023,0.999503961918682,True
8,0.55,1.8,antiphase,11,cost,128,7.213609526157683e-06,0.9999960071180362,True
8,0.55,1.8,antiphase,11,cost,128,7.213609526157683e-06,0.9999960071180362,True
8,0.8,0.2,plus,23,cost,0,0.6128660251752662,0.044882969890375046,False
8,0.8,0.2,plus,23,cost,16,0.20410850419602777,0.14191959771537985,False
8,0.8,0.2,plus,23,cost,32,0.0018815381026267008,0.49806745863601737,False
8,0.8,0.2,plus,23,cost,64,0.00027794959699112276,0.5005621805421611,False
8,0.8,0.2,plus,23,cost,96,0.0002519359770833951,0.5010981404007389,False
8,0.8,0.2,plus,23,cost,128,0.0002507748825908429,0.5010899917241114,False
8,0.8,0.2,plus,23,cost,128,0.0002507748825908429,0.5010899917241114,False
8,0.025,0.15,antiphase,11,fixed,6,0.9557785126306161,6.805998423428676e-10,False
8,0.025,0.15,antiphase,11,fixed,22,0.9557785126306162,6.805998423428319e-10,False
8,0.175,0.35,ghz,11,fixed,7,0.03801343508982358,0.9041030011324236,False
8,0.175,0.35,ghz,11,fixed,23,0.0012754382541403375,0.9948585116802764,False
8,0.825,0.55,antiphase,11,cost,6,0.11307502727718943,0.6359895930130569,False
8,0.825,0.55,antiphase,11,cost,16,0.05354453934651593,0.801546144122271,False
8,0.825,0.55,antiphase,11,cost,32,0.009152716521079407,0.9521595364769418,False
8,0.825,0.55,antiphase,11,cost,64,0.003270895901576809,0.9847604385789358,False
8,0.825,0.55,antiphase,11,cost,96,0.0022227535451795344,0.989713685353113,False
8,0.825,0.55,antiphase,11,cost,128,0.0010975276138582846,0.9971592377766453,False
8,0.825,0.55,antiphase,11,cost,128,0.0010975276138582846,0.9971592377766453,False
8,0.525,1.75,antiphase,11,fixed,6,1.3600414585996545,0.03217343564058814,False
8,0.525,1.75,antiphase,11,fixed,22,1.3600414585996545,0.03217343564058814,False
8,0.175,0.35,plus,11,fixed,0,0.513013435089824,0.048772568725760274,False
8,0.175,0.35,plus,11,fixed,16,0.20801470681847845,0.1982168227943717,False
8,0.95,1.8,antiphase,11,cost,6,1.045819899099872,0.09005250530932453,False
8,0.95,1.8,antiphase,11,cost,16,0.3943814843299216,0.526829584430033,False
8,0.95,1.8,antiphase,11,cost,32,0.036088582013585224,0.9623748952941943,False
8,0.95,1.8,antiphase,11,cost,128,0.00011244243263841547,0.9999320689084926,True
8,0.95,1.8,antiphase,11,cost,128,0.00011244243263841547,0.9999320689084926,True
8,0.175,0.55,plus,11,fixed,0,0.37398891074161444,0.16457823662147805,False
8,0.175,0.55,plus,11,fixed,16,0.11631187165561496,0.392898975073624,False
8,0.475,1.75,antiphase,11,cost,6,1.406694706481276,0.028322249698221644,False
8,0.475,1.75,antiphase,11,cost,16,0.8436550658505024,0.22002228395383053,False
8,0.475,1.75,antiphase,11,cost,32,0.03640353254064932,0.9581586933144267,False
8,0.475,1.75,antiphase,11,cost,64,0.00044382106334905913,0.999618469102669,True
8,0.475,1.75,antiphase,11,cost,96,4.475061221431709e-05,0.999974557904805,True
8,0.475,1.75,antiphase,11,cost,128,1.0314801392352635e-05,0.9999943607382953,True
8,0.475,1.75,antiphase,11,cost,128,1.0314801392352635e-05,0.9999943607382953,True
8,0.8,1.5,plus,11,cost,0,0.18899570297926327,0.8329943208180592,False
8,0.8,1.5,plus,11,cost,16,0.06209263622748895,0.9137588596976901,False
8,0.8,1.5,plus,11,cost,32,0.009303807937789843,0.9891608467611085,False
8,0.8,1.5,plus,11,cost,64,0.0007926824940771571,0.9993859094359453,True
8,0.8,1.5,plus,11,cost,96,0.0003222661337278776,0.9997654852593043,True
8,0.8,1.5,plus,11,cost,128,0.00012542557216765893,0.9999049970688655,True
8,0.8,1.5,plus,11,cost,128,0.00012542557216765893,0.9999049970688655,True
8,0.7,0.9,plus,11,cost,0,0.2371564306846844,0.7259249308779758,False
8,0.7,0.9,plus,11,cost,16,0.052696237619248354,0.8719797396940395,False
8,0.7,0.9,plus,11,cost,32,0.018963751721819078,0.9689192820415458,False
8,0.7,0.9,plus,11,cost,64,0.0029867367289200253,0.9956416678774336,False
8,0.7,0.9,plus,11,cost,96,0.0009992398974396632,0.9987249787558174,True
8,0.7,0.9,plus,11,cost,128,0.0002604067498328533,0.9997340459223113,True
8,0.7,0.9,plus,11,cost,128,0.0002604067498328533,0.9997340459223113,True
8,1.0,1.2,plus,11,cost,0,0.2862010048290329,0.6689723059768692,False
8,1.0,1.2,plus,11,cost,16,0.09032879803162297,0.8814955864518637,False
8,1.0,1.2,plus,11,cost,32,0.03173457293358162,0.95104435978022,False
8,1.0,1.2,plus,11,cost,64,0.004547969627712423,0.9938728652452035,False
8,1.0,1.2,plus,11,cost,128,0.0008108613863815339,0.9992601217042741,True
8,1.0,1.2,plus,11,cost,128,0.0008108613863815339,0.9992601217042741,True
8,0.95,1.5,antiphase,11,cost,6,0.7751241990397277,0.12258313096709986,False
8,0.95,1.5,antiphase,11,cost,16,0.31678869129149567,0.5340894390004398,False
8,0.95,1.5,antiphase,11,cost,32,0.035931100814236894,0.9550084936371651,False
8,0.95,1.5,antiphase,11,cost,128,0.00025641857889624475,0.9998107090624323,True
8,0.95,1.5,antiphase,11,cost,128,0.00025641857889624475,0.9998107090624323,True
8,0.8,0.5,ghz,11,cost,7,0.6949470817314594,0.00016996601402328608,False
8,0.8,0.5,ghz,11,cost,15,0.3387092059819735,0.01279177240716625,False
8,0.8,0.5,ghz,11,cost,63,0.014023207784623182,0.5046922811376487,False
8,0.8,0.5,ghz,11,cost,95,0.010173617326104112,0.5917335449766608,False
8,0.8,0.5,ghz,11,cost,127,0.0017313978344016823,0.9919467234545488,False
8,0.8,0.5,ghz,11,cost,127,0.0017313978344016823,0.9919467234545488,False
8,1.0,0.4,ghz,11,cost,7,1.042701469298934,1.3882568095084549e-06,False
8,1.0,0.4,ghz,11,cost,15,0.47939833936610565,0.004001950297513172,False
8,1.0,0.4,ghz,11,cost,31,0.0028679308885570798,0.49971892758760494,False
8,1.0,0.4,ghz,11,cost,63,0.002299126816534436,0.5028114242904344,False
8,1.0,0.4,ghz,11,cost,95,0.002053919824925643,0.5066215064768823,False
8,1.0,0.4,ghz,11,cost,127,0.0019893554449201822,0.5082400886593822,False
8,1.0,0.4,ghz,11,cost,127,0.0019893554449201822,0.5082400886593822,False
8,0.75,1.3,plus,11,cost,0,0.1979221190855487,0.8108015113400256,False
8,0.75,1.3,plus,11,cost,16,0.05877804773034967,0.9017251855871616,False
8,0.75,1.3,plus,11,cost,32,0.009952949739355343,0.9883907014838065,False
8,0.75,1.3,plus,11,cost,96,0.00036277458529920814,0.9996854722789212,True
8,0.75,1.3,plus,11,cost,128,0.00016640927992073173,0.9998703878274243,True
8,0.75,1.3,plus,11,cost,128,0.00016640927992073173,0.9998703878274243,True
12,0.8,0.1,plus,11,cost,0,0.7031321548144184,0.002105748169850246,False
12,0.8,0.1,plus,11,cost,96,2.0265393212426375e-06,0.4999964645270357,False
12,0.8,0.1,plus,11,cost,126,2.0334203387761818e-07,0.5000003412879179,False
8,0.025,0.85,antiphase,11,fixed,6,1.1525247217057188,0.0006812070607573615,False
8,0.025,0.85,antiphase,11,fixed,22,1.1525247217057188,0.0006812070607573527,False
12,0.0,1.7,antiphase,11,cost,10,1.8505933750671755,0.0003418720349743829,False
12,0.0,1.7,antiphase,11,cost,32,0.6228639530384567,0.18510744996052636,False
12,0.0,1.7,antiphase,11,cost,64,0.3871465521536219,0.23260142187497093,False
12,0.0,1.7,antiphase,11,cost,96,0.36200258135360536,0.24090196335613423,False
12,0.0,1.7,antiphase,11,cost,128,0.000786412904763741,0.9980718172914577,False
12,0.0,1.7,antiphase,11,cost,128,0.000786412904763741,0.9980718172914577,False
8,0.85,0.3,ghz,11,cost,7,0.7279875390261422,1.1355731862177215e-06,False
8,0.85,0.3,ghz,11,cost,15,0.3165003210026832,0.0017835731324072077,False
8,0.85,0.3,ghz,11,cost,31,0.25324875387517687,0.0010286923339223584,False
8,0.85,0.3,ghz,11,cost,95,0.0010692493120724178,0.5042299468472957,False
8,0.85,0.3,ghz,11,cost,127,0.0010597142061046227,0.5052830455895596,False
8,0.85,0.3,ghz,11,cost,127,0.0010597142061046227,0.5052830455895596,False
8,0.1,2.0,plus,11,cost,0,0.11910122640243559,0.8899530610607863,False
8,0.1,2.0,plus,11,cost,16,0.0026517432848871536,0.9969847035619905,False
8,0.1,2.0,plus,11,cost,32,0.00020354333250471868,0.9997633212809186,True
8,0.1,2.0,plus,11,cost,64,1.5919686955356838e-05,0.9999821007148837,True
8,0.1,2.0,plus,11,cost,106,6.802967078556321e-08,0.9999999654656099,True
12,0.8,1.3,plus,11,cost,0,0.21353651585592134,0.6903899604264615,False
12,0.8,1.3,plus,11,cost,32,0.04029426264660222,0.8960157454935028,False
12,0.8,1.3,plus,11,cost,64,0.010602084889837235,0.9747937136513662,False
12,0.8,1.3,plus,11,cost,96,0.003619835070454158,0.9920636662714576,False
12,0.8,1.3,plus,11,cost,128,0.0019859546013778484,0.9961844608864882,False
12,0.8,1.3,plus,11,cost,128,0.0019859546013778484,0.9961844608864882,False
8,0.45,1.6,ghz,11,cost,7,1.189437962064563,0.018849427142216053,False
8,0.45,1.6,ghz,11,cost,15,0.7506576689505443,0.11142258883963883,False
8,0.45,1.6,ghz,11,cost,31,0.3417817731241857,0.4453912028082672,False
8,0.45,1.6,ghz,11,cost,63,0.0003730639545809211,0.9996559513123798,True
8,0.45,1.6,ghz,11,cost,95,1.846496980495438e-05,0.9999886188097639,True
8,0.45,1.6,ghz,11,cost,127,5.359122129178218e-06,0.9999967844602317,True
8,0.45,1.6,ghz,11,cost,127,5.359122129178218e-06,0.9999967844602317,True
8,0.525,1.75,plus,11,cost,0,0.13504145859965577,0.8899419395208646,False
8,0.525,1.75,plus,11,cost,16,0.015080682184986038,0.9806013137053939,False
8,0.525,1.75,plus,11,cost,32,0.003335010731858601,0.9964086879800932,False
8,0.525,1.75,plus,11,cost,96,3.4146076446806006e-05,0.9999794420982069,True
8,0.525,1.75,plus,11,cost,128,1.0174688216180172e-05,0.9999944420735645,True
8,0.525,1.75,plus,11,cost,128,1.0174688216180172e-05,0.9999944420735645,True
8,0.975,0.85,plus,11,cost,0,0.36452155151026755,0.45066976778850365,False
8,0.975,0.85,plus,11,cost,16,0.12877738836599284,0.6039122358430014,False
8,0.975,0.85,plus,11,cost,32,0.012312045676562189,0.9684957376353602,False
8,0.975,0.85,plus,11,cost,96,0.0025034595910022883,0.9942362298064785,False
8,0.975,0.85,plus,11,cost,128,0.0011590695674921214,0.9978141644008796,False
8,0.975,0.85,plus,11,cost,128,0.0011590695674921214,0.9978141644008796,False
8,0.9,1.6,plus,11,cost,0,0.20185653959006156,0.8241475144482763,False
8,0.9,1.6,plus,11,cost,16,0.07036637136443957,0.9067238520858361,False
8,0.9,1.6,plus,11,cost,32,0.012456879584025415,0.9851316599151415,False
8,0.9,1.6,plus,11,cost,64,0.0010777066522367207,0.9991657021788702,False
8,0.9,1.6,plus,11,cost,96,0.0003500711135500101,0.999754550569379,True
8,0.9,1.6,plus,11,cost,128,0.00019279321545839778,0.9998675223752387,True
8,0.9,1.6,plus,11,cost,128,0.00019279321545839778,0.9998675223752387,True
8,0.475,0.85,ghz,11,cost,7,0.5409159456800983,0.0212647156067078,False
8,0.475,0.85,ghz,11,cost,15,0.3869885077192782,0.07592676410476855,False
8,0.475,0.85,ghz,11,cost,31,0.12602530583658367,0.5270642484409372,False
8,0.475,0.85,ghz,11,cost,63,0.005263779000147073,0.9852844295159231,False
8,0.475,0.85,ghz,11,cost,95,0.00021725934909810896,0.9997657020060599,True
8,0.475,0.85,ghz,11,cost,127,6.501034736627886e-05,0.9999327455579693,True
8,0.475,0.85,ghz,11,cost,127,6.501034736627886e-05,0.9999327455579693,True
8,0.0,1.8,antiphase,23,fixed,6,1.9421716759656826,0.008353127322230923,False
8,0.0,1.8,antiphase,23,fixed,22,1.9421716759656826,0.007968888528488738,False
8,0.6,0.8,antiphase,11,cost,6,0.4347401410368351,0.06318430477428978,False
8,0.6,0.8,antiphase,11,cost,16,0.2932883952497325,0.18087238633182365,False
8,0.6,0.8,antiphase,11,cost,32,0.05098902389387672,0.8683998635655441,False
8,0.6,0.8,antiphase,11,cost,64,0.003906010690813755,0.9932139891465392,False
8,0.6,0.8,antiphase,11,cost,96,0.0008410545323709329,0.9987610635065332,True
8,0.6,0.8,antiphase,11,cost,128,0.00039141768374495456,0.9994655200331788,True
8,0.6,0.8,antiphase,11,cost,128,0.00039141768374495456,0.9994655200331788,True
8,0.6,1.8,plus,11,cost,0,0.13878493079449195,0.891014379342787,False
8,0.6,1.8,plus,11,cost,16,0.022806340190042462,0.9718282070533664,False
8,0.6,1.8,plus,11,cost,32,0.00415126377131525,0.9960038127191869,False
8,0.6,1.8,plus,11,cost,64,0.0001813289228149717,0.9998841476695307,True
8,0.6,1.8,plus,11,cost,96,2.9708021299645893e-05,0.9999835841280069,True
8,0.6,1.8,plus,11,cost,128,7.681877791432257e-06,0.9999958780674366,True
8,0.6,1.8,plus,11,cost,128,7.681877791432257e-06,0.9999958780674366,True
8,0.8,2.0,ghz,11,cost,7,1.9532145501066303,0.006646347860823688,False
8,0.8,2.0,ghz,11,cost,15,1.1384442398113488,0.07800997952341111,False
8,0.8,2.0,ghz,11,cost,31,0.04587207548918881,0.952702030449913,False
8,0.8,2.0,ghz,11,cost,63,0.00034791324923633127,0.9997430875889936,True
8,0.8,2.0,ghz,11,cost,95,8.161542242968167e-05,0.9999598554376308,True
8,0.8,2.0,ghz,11,cost,127,3.864726850855149e-05,0.9999805255252453,True
8,0.8,2.0,ghz,11,cost,127,3.864726850855149e-05,0.9999805255252453,True
8,0.75,1.9,ghz,11,cost,7,1.8015046764494063,0.007413600666530374,False
8,0.75,1.9,ghz,11,cost,15,1.0202850955334841,0.08630208930583082,False
8,0.75,1.9,ghz,11,cost,31,0.05667374852908047,0.9405934553995563,False
8,0.75,1.9,ghz,11,cost,63,0.000529074526096629,0.9996413143236277,True
8,0.75,1.9,ghz,11,cost,95,0.00010698723403912425,0.9999406005158673,True
8,0.75,1.9,ghz,11,cost,127,5.2817922476577905e-05,0.9999709591594989,True
8,0.75,1.9,ghz,11,cost,127,5.2817922476577905e-05,0.9999709591594989,True
8,0.025,0.85,ghz,11,cost,7,0.2025247217057189,0.5563914527110492,False
8,0.025,0.85,ghz,11,cost,15,0.11200266112479462,0.7026258659452915,False
8,0.025,0.85,ghz,11,cost,31,0.017997266237874232,0.9321667286481151,False
8,0.025,0.85,ghz,11,cost,63,0.0038621224638943907,0.9922506902492468,False
8,0.025,0.85,ghz,11,cost,95,0.0001529516612666093,0.9997856091391052,True
8,0.025,0.85,ghz,11,cost,127,2.2300172508593619e-07,0.9999997447779884,True
8,0.025,0.85,ghz,11,cost,127,2.2300172508593619e-07,0.9999997447779884,True
8,0.05,1.6,plus,11,cost,0,0.15359987258949515,0.8164015559340305,False
8,0.05,1.6,plus,11,cost,16,0.009123931448573153,0.9841458574917992,False
8,0.05,1.6,plus,11,cost,32,0.0015888262699479405,0.9969018595366137,False
8,0.05,1.6,plus,11,cost,64,7.700066353910628e-05,0.9999337528418402,True
8,0.05,1.6,plus,11,cost,96,6.904291712128696e-06,0.9999955304796296,True
8,0.05,1.6,plus,11,cost,128,5.724002503093573e-07,0.9999996675600101,True
8,0.05,1.6,plus,11,cost,128,5.724002503093573e-07,0.9999996675600101,True
8,0.175,0.55,ghz,11,fixed,7,0.09898891074161376,0.7186741312059645,False
8,0.175,0.55,ghz,11,fixed,23,0.009400317910228995,0.9415983618113126,False
8,0.5,1.8,plus,11,cost,0,0.1304773809607025,0.8949011548122114,False
8,0.5,1.8,plus,11,cost,16,0.01271952272664345,0.9840502296880727,False
8,0.5,1.8,plus,11,cost,32,0.0028521958500122846,0.9969383035747738,False
8,0.5,1.8,plus,11,cost,64,0.00012517617654461688,0.9999169464925995,True
8,0.5,1.8,plus,11,cost,96,6.416923176599809e-06,0.9999964138956182,True
8,0.5,1.8,plus,11,cost,128,2.034159291675053e-06,0.9999989176179909,True
8,0.5,1.8,plus,11,cost,128,2.034159291675053e-06,0.9999989176179909,True
8,0.65,0.9,ghz,11,cost,7,0.7771605869487401,0.006859085507255292,False
8,0.65,0.9,ghz,11,cost,15,0.3959528872319191,0.09774613664388021,False
8,0.65,0.9,ghz,11,cost,31,0.18614429246872954,0.3448065575963374,False
8,0.65,0.9,ghz,11,cost,63,0.00349164466796803,0.9944579105861926,False
8,0.65,0.9,ghz,11,cost,95,0.0007665949182269483,0.9989524129423982,True
8,0.65,0.9,ghz,11,cost,127,0.00031306166289168935,0.9996057394530103,True
8,0.65,0.9,ghz,11,cost,127,0.00031306166289168935,0.9996057394530103,True
8,1.0,0.1,antiphase,11,cost,6,0.002510425862882082,0.9949451827058391,False
8,1.0,0.1,antiphase,11,cost,16,0.0009467500689301911,0.9980937055015469,True
8,1.0,0.1,antiphase,11,cost,32,1.0740917488760715e-06,0.9999981826580261,True
8,1.0,0.1,antiphase,11,cost,32,1.0740917488760715e-06,0.9999981826580261,True
8,0.0,0.2,ghz,37,cost,7,0.010025319888919526,0.979973219821065,False
8,0.0,0.2,ghz,37,cost,15,0.005031569849857531,0.9898845749199937,False
8,0.0,0.2,ghz,37,cost,31,4.368382176056507e-05,0.999933778224859,True
8,0.0,0.2,ghz,37,cost,97,6.005878683268406e-09,0.9999999878277521,True
8,1.0,0.5,ghz,11,cost,7,1.0691207939544751,8.346013398933233e-06,False
8,1.0,0.5,ghz,11,cost,15,0.47168170666996767,0.0027818490040310197,False
8,1.0,0.5,ghz,11,cost,31,0.00706786545262772,0.4981868686904013,False
8,1.0,0.5,ghz,11,cost,63,0.005723717741857648,0.5060862686911137,False
8,1.0,0.5,ghz,11,cost,95,0.004924791316065269,0.5175883890003017,False
8,1.0,0.5,ghz,11,cost,127,0.004707320827751493,0.5287617828778783,False
8,1.0,0.5,ghz,11,cost,127,0.004707320827751493,0.5287617828778783,False
8,0.35,0.9,plus,11,cost,0,0.20800366443394536,0.716683898709467,False
8,0.35,0.9,plus,11,cost,16,0.008074814274635855,0.9821211217544137,False
8,0.35,0.9,plus,11,cost,32,0.0021334851244416697,0.9920729724733135,False
8,0.35,0.9,plus,11,cost,64,0.0003716778987832292,0.9992130618735993,False
8,0.35,0.9,plus,11,cost,96,4.6863388015960794e-05,0.9999502001157147,True
8,0.35,0.9,plus,11,cost,128,1.0522151806746649e-05,0.9999878582018387,True
8,0.35,0.9,plus,11,cost,128,1.0522151806746649e-05,0.9999878582018387,True
8,0.95,2.0,antiphase,11,cost,6,1.2303976973715927,0.07698339459426937,False
8,0.95,2.0,antiphase,11,cost,16,0.44478733258043857,0.52722977107926,False
8,0.95,2.0,antiphase,11,cost,32,0.0355148838647823,0.9666304017675589,False
8,0.95,2.0,antiphase,11,cost,64,0.0007345568843182271,0.9995376039105532,True
8,0.95,2.0,antiphase,11,cost,96,0.00021970608746757492,0.9998806609437207,True
8,0.95,2.0,antiphase,11,cost,128,0.00012247914925156422,0.99993261671797,True
8,0.95,2.0,antiphase,11,cost,128,0.00012247914925156422,0.99993261671797,True
12,0.3,0.1,plus,11,cost,0,0.603588320814909,0.0012068644105395609,False
12,0.3,0.1,plus,11,cost,32,0.059904422655146984,0.4946049313766508,False
12,0.3,0.1,plus,11,cost,64,7.396863101286992e-06,0.9999442407429908,True
12,0.3,0.1,plus,11,cost,96,5.37686242344885e-07,0.9999966212165708,True
12,0.3,0.1,plus,11,cost,128,2.1196802624245947e-07,0.9999984459460094,True
12,0.3,0.1,plus,11,cost,128,2.1196802624245947e-07,0.9999984459460094,True
8,0.9,1.9,plus,11,cost,0,0.17733496432458384,0.8637148721248846,False
8,0.9,1.9,plus,11,cost,16,0.06473109692680312,0.9293897473790891,False
8,0.9,1.9,plus,11,cost,32,0.009727502485371353,0.991861228609818,False
8,0.9,1.9,plus,11,cost,64,0.0005719733676019523,0.9996382440785972,True
8,0.9,1.9,plus,11,cost,96,0.00023522418670207657,0.9998704924343995,True
8,0.9,1.9,plus,11,cost,128,6.391665393401524e-05,0.9999643961902765,True
8,0.9,1.9,plus,11,cost,128,6.391665393401524e-05,0.9999643961902765,True
8,0.05,0.2,ghz,11,cost,7,0.010560980657183139,0.977759373909523,False
8,0.05,0.2,ghz,11,cost,15,0.005304899497327709,0.9887439577033882,False
8,0.05,0.2,ghz,11,cost,31,2.7181479976379208e-05,0.9999365850074701,True
8,0.05,0.2,ghz,11,cost,63,2.4503793167873766e-06,0.9999940914666667,True
8,0.05,0.2,ghz,11,cost,87,2.3793862635734797e-06,0.9999942136262469,True
8,0.55,1.0,plus,11,cost,0,0.20044704338277863,0.7713703095240583,False
8,0.55,1.0,plus,11,cost,16,0.02441152619146658,0.9457110678571935,False
8,0.55,1.0,plus,11,cost,32,0.009568298752987925,0.9814822494339144,False
8,0.55,1.0,plus,11,cost,64,0.0007613940154089782,0.999013901193729,True
8,0.55,1.0,plus,11,cost,96,0.00015430794992621344,0.9998424993234216,True
8,0.55,1.0,plus,11,cost,128,6.126363323399886e-05,0.9999440092428683,True
8,0.55,1.0,plus,11,cost,128,6.126363323399886e-05,0.9999440092428683,True
8,0.45,0.9,ghz,11,cost,7,0.5574687025885717,0.024992225289934528,False
8,0.45,0.9,ghz,11,cost,15,0.3772758896191153,0.11275606568374137,False
8,0.45,0.9,ghz,11,cost,31,0.04528361671268444,0.9110134167512314,False
8,0.45,0.9,ghz,11,cost,63,0.0012709343164800657,0.9977100524440211,False
8,0.45,0.9,ghz,11,cost,95,0.00012394130293635897,0.9998661508340368,True
8,0.45,0.9,ghz,11,cost,127,6.253527914901191e-05,0.9999312723224918,True
8,0.45,0.9,ghz,11,cost,127,6.253527914901191e-05,0.9999312723224918,True
12,0.3,1.3,ghz,11,cost,11,0.7606684654060368,0.006190971058826718,False
12,0.3,1.3,ghz,11,cost,31,0.3111111624331411,0.19263884031924397,False
12,0.3,1.3,ghz,11,cost,95,0.13462323809119825,0.4885989664905558,False
12,0.3,1.3,ghz,11,cost,127,0.00011820746029359934,0.9996872709478142,True
12,0.3,1.3,ghz,11,cost,127,0.00011820746029359934,0.9996872709478142,True
8,0.1,0.5,plus,11,cost,0,0.4717775042493463,0.08326001449600602,False
8,0.1,0.5,plus,11,cost,16,0.13254651306678877,0.45080532007800095,False
8,0.1,0.5,plus,11,cost,32,0.001630334150206303,0.9946552335482992,False
8,0.1,0.5,plus,11,cost,128,3.2502037239368065e-07,0.9999995865994943,True
8,0.1,0.5,plus,11,cost,128,3.2502037239368065e-07,0.9999995865994943,True
8,0.675,1.25,ghz,11,fixed,7,1.1144112447230714,0.0077469572891554215,False
8,0.675,1.25,ghz,11,fixed,23,0.12187370958409938,0.8707791209551597,False
8,0.9,0.1,antiphase,11,cost,6,0.0027925902076861853,0.9937387187660418,False
8,0.9,0.1,antiphase,11,cost,16,0.001054864944443401,0.997634348562469,False
8,0.9,0.1,antiphase,11,cost,32,1.991594154260312e-06,0.9999957163389177,True
8,0.9,0.1,antiphase,11,cost,32,1.991594154260312e-06,0.9999957163389177,True
8,0.5,0.15,antiphase,11,cost,6,0.07108108440839944,0.001959175486408019,False
8,0.5,0.15,antiphase,11,cost,16,0.06400864187660338,0.0029423509262099037,False
8,0.5,0.15,antiphase,11,cost,32,0.05944916763416708,0.004787934686700632,False
8,0.5,0.15,antiphase,11,cost,64,0.008621242059329348,0.7098368701993706,False
8,0.5,0.15,antiphase,11,cost,96,0.006595004271380711,0.8063860902248071,False
8,0.5,0.15,antiphase,11,cost,128,0.0021814572972933544,0.9848566851384157,False
8,0.5,0.15,antiphase,11,cost,128,0.0021814572972933544,0.9848566851384157,False
8,0.55,1.7,plus,11,cost,0,0.1399800527481747,0.8844731116729867,False
8,0.55,1.7,plus,11,cost,16,0.019895372361075303,0.9740648114346376,False
8,0.55,1.7,plus,11,cost,32,0.004074738459133087,0.9955655202334306,False
8,0.55,1.7,plus,11,cost,64,0.000147288224411124,0.9999055687228482,True
8,0.55,1.7,plus,11,cost,96,5.1728095863845525e-05,0.999968864812408,True
8,0.55,1.7,plus,11,cost,128,2.4566228964628678e-05,0.9999859885934893,True
8,0.55,1.7,plus,11,cost,128,2.4566228964628678e-05,0.9999859885934893,True
8,0.6,2.0,ghz,11,cost,7,1.7283199801260047,0.011235347055922724,False
8,0.6,2.0,ghz,11,cost,15,1.0191450343165416,0.10199335868747068,False
8,0.6,2.0,ghz,11,cost,31,0.026444178610034896,0.9738183733937916,False
8,0.6,2.0,ghz,11,cost,63,0.0005887680143894514,0.9995088433637457,True
8,0.6,2.0,ghz,11,cost,95,3.385277290668398e-05,0.999982561517684,True
8,0.6,2.0,ghz,11,cost,127,8.517823357756527e-06,0.9999957494842627,True
8,0.6,2.0,ghz,11,cost,127,8.517823357756527e-06,0.9999957494842627,True
8,0.0,1.0,plus,11,gradient,0,0.2814577238707543,0.4215096173044166,False
8,0.0,1.0,plus,11,gradient,16,0.06098724338829653,0.7532925242341272,False
8,0.0,1.0,plus,11,gradient,64,0.003987806264367233,0.9940256228059853,False
8,0.0,1.0,plus,11,gradient,128,1.3241089744653323e-06,0.9999989628068369,True
8,0.0,1.0,plus,11,gradient,128,1.3241089744653323e-06,0.9999989628068369,True
8,0.05,1.6,ghz,11,cost,7,0.8035998725894928,0.08471845614418247,False
8,0.05,1.6,ghz,11,cost,15,0.49523569147310664,0.22520321752358127,False
8,0.05,1.6,ghz,11,cost,31,0.0388709307036077,0.9485105705944364,False
8,0.05,1.6,ghz,11,cost,63,7.664723290612407e-05,0.9999317277189355,True
8,0.05,1.6,ghz,11,cost,95,3.6624567856247126e-06,0.9999977442034255,True
8,0.05,1.6,ghz,11,cost,127,7.458352375699917e-07,0.9999995340074191,True
8,0.05,1.6,ghz,11,cost,127,7.458352375699917e-07,0.9999995340074191,True
8,0.0,0.4,plus,11,cost,0,0.6404330568086158,0.03956461170399006,False
8,0.0,0.4,plus,11,cost,16,0.21102454667753157,0.4725832470748001,False
8,0.0,0.4,plus,11,cost,32,0.0006400339379855069,0.9985324665407302,True
8,0.0,0.4,plus,11,cost,64,1.2330883707001306e-05,0.9999733400227724,True
8,0.0,0.4,plus,11,cost,82,8.987477428945567e-12,0.9999999999837337,True
8,0.9,1.1,ghz,11,cost,7,1.2652041987114095,0.002095963593831495,False
8,0.9,1.1,ghz,11,cost,15,0.5109978163949658,0.09727802135383294,False
8,0.9,1.1,ghz,11,cost,31,0.14974606345979025,0.41664803193237127,False
8,0.9,1.1,ghz,11,cost,95,0.0015857648064696583,0.9982945143808308,False
8,0.9,1.1,ghz,11,cost,127,0.0008762037541596435,0.9990818695194568,True
8,0.9,1.1,ghz,11,cost,127,0.0008762037541596435,0.9990818695194568,True
8,0.325,0.35,antiphase,11,fixed,6,0.40122733669424754,0.00026501166797444496,False
8,0.325,0.35,antiphase,11,fixed,22,0.4012273366942476,0.00026501166797444496,False
8,0.0,1.0,plus,23,gradient,0,0.2814577238707543,0.4215096173044166,False
8,0.0,1.0,plus,23,gradient,16,0.05356029760475067,0.7770245915690668,False
8,0.0,1.0,plus,23,gradient,32,0.033492801215618595,0.8527223131519112,False
8,0.0,1.0,plus,23,gradient,96,0.0002335912727184919,0.9997028994065152,True
8,0.0,1.0,plus,23,gradient,116,7.850148975308002e-09,0.9999999938663597,True
8,0.325,0.35,plus,11,gradient,0,0.376227336694248,0.14999711306575503,False
8,0.325,0.35,plus,11,gradient,16,0.04837437452854987,0.5251170561792701,False
8,0.325,0.35,plus,11,gradient,96,5.722146257081118e-05,0.9998608339874157,True
8,0.325,0.35,plus,11,gradient,128,1.4382762867692911e-05,0.9999677706164519,True
8,0.325,0.35,plus,11,gradient,128,1.4382762867692911e-05,0.9999677706164519,True
8,0.9,1.1,plus,11,cost,0,0.2652041987114111,0.69397209241317,False
8,0.9,1.1,plus,11,cost,16,0.08494474984058265,0.8168841953887847,False
8,0.9,1.1,plus,11,cost,32,0.026112423297667053,0.9421211198893069,False
8,0.9,1.1,plus,11,cost,64,0.0033194403191869615,0.9963460270312972,False
8,0.9,1.1,plus,11,cost,96,0.0013394506905797243,0.9985721108270152,False
8,0.9,1.1,plus,11,cost,128,0.00044740231933948493,0.9995939129501802,True
8,0.9,1.1,plus,11,cost,128,0.00044740231933948493,0.9995939129501802,True
8,0.4,2.0,plus,11,cost,0,0.11546812629963021,0.9105720376873264,False
8,0.4,2.0,plus,11,cost,16,0.006756005547050137,0.9924238570543936,False
8,0.4,2.0,plus,11,cost,32,0.0013326175880239433,0.998599829026613,False
8,0.4,2.0,plus,11,cost,96,3.012874277175115e-06,0.9999985337170872,True
8,0.4,2.0,plus,11,cost,128,7.328050708466094e-07,0.9999996455850545,True
8,0.4,2.0,plus,11,cost,128,7.328050708466094e-07,0.9999996455850545,True
8,0.1,0.1,ghz,11,cost,7,0.002780778967117037,0.9938163685340402,False
8,0.1,0.1,ghz,11,cost,15,0.0013923961868342882,0.9968968074932587,False
8,0.1,0.1,ghz,11,cost,31,2.2792971091645242e-06,0.9999942419850953,True
8,0.1,0.1,ghz,11,cost,63,6.886315362386597e-08,0.9999998326123712,True
8,0.1,0.1,ghz,11,cost,79,5.629183275068783e-08,0.9999998554016106,True
8,0.175,1.75,plus,11,gradient,0,0.13018475832866017,0.8720793569937892,False
8,0.175,1.75,plus,11,gradient,16,0.002588615623075885,0.9969401361369756,False
8,0.175,1.75,plus,11,gradient,32,6.817280113646795e-05,0.9999244588857849,True
8,0.175,1.75,plus,11,gradient,96,8.897798733364937e-07,0.999998971419894,True
8,0.175,1.75,plus,11,gradient,128,1.28059915560641e-07,0.9999999243741883,True
8,0.175,1.75,plus,11,gradient,128,1.28059915560641e-07,0.9999999243741883,True
8,0.55,0.3,ghz,11,cost,7,0.20670554462705815,0.003328659601719715,False
8,0.55,0.3,ghz,11,cost,15,0.18183916554033713,0.00831345752802804,False
8,0.55,0.3,ghz,11,cost,31,0.04418430609625901,0.4039302654193405,False
8,0.55,0.3,ghz,11,cost,63,0.02032192012759526,0.7112830551021798,False
8,0.55,0.3,ghz,11,cost,95,0.0024712877955823664,0.9872705266450265,False
8,0.55,0.3,ghz,11,cost,127,0.0014155676420481988,0.9929725277661693,False
8,0.55,0.3,ghz,11,cost,127,0.0014155676420481988,0.9929725277661693,False
8,0.45,1.0,antiphase,11,cost,6,0.7438511850108944,0.025743648302625266,False
8,0.45,1.0,antiphase,11,cost,16,0.4940044184547998,0.15511088660674432,False
8,0.45,1.0,antiphase,11,cost,32,0.04696814147301631,0.9039386119728312,False
8,0.45,1.0,antiphase,11,cost,64,0.0008925220382343113,0.9988384529956509,True
8,0.45,1.0,antiphase,11,cost,96,0.00011724748248242989,0.9998858567046296,True
8,0.45,1.0,antiphase,11,cost,128,3.95586720602914e-05,0.9999639478169078,True
8,0.45,1.0,antiphase,11,cost,128,3.95586720602914e-05,0.9999639478169078,True
8,0.05,1.0,antiphase,11,cost,6,1.2059894577888042,0.0023239769704251237,False
8,0.05,1.0,antiphase,11,cost,16,0.49925431649660035,0.184522199612901,False
8,0.05,1.0,antiphase,11,cost,32,0.06574792451809186,0.7803188309330065,False
8,0.05,1.0,antiphase,11,cost,64,0.003338094191066565,0.9945785783423148,False
8,0.05,1.0,antiphase,11,cost,128,5.118334629905519e-06,0.9999956290038958,True
8,0.05,1.0,antiphase,11,cost,128,5.118334629905519e-06,0.9999956290038958,True
8,0.1,1.7,ghz,11,cost,7,0.9391673265243636,0.061122410953212476,False
8,0.1,1.7,ghz,11,cost,15,0.5596055105252546,0.23101866875442062,False
8,0.1,1.7,ghz,11,cost,31,0.018323876175172504,0.9776863088264313,False
8,0.1,1.7,ghz,11,cost,63,1.7145325293732583e-05,0.999985687686891,True
8,0.1,1.7,ghz,11,cost,95,1.2389984478389238e-06,0.9999992445579685,True
8,0.1,1.7,ghz,11,cost,127,2.687010145496771e-07,0.9999998431270368,True
8,0.1,1.7,ghz,11,cost,127,2.687010145496771e-07,0.9999998431270368,True
8,1.0,0.5,plus,11,cost,0,0.5691207939544755,0.12751796815928354,False
8,1.0,0.5,plus,11,cost,16,0.017854582718818346,0.9620511523916001,False
8,1.0,0.5,plus,11,cost,32,0.0008093294653519489,0.9980599754312313,True
8,1.0,0.5,plus,11,cost,96,0.00016280299267923404,0.9995794621135374,True
8,1.0,0.5,plus,11,cost,128,0.0001243214613009247,0.9997482124779206,True
8,1.0,0.5,plus,11,cost,128,0.0001243214613009247,0.9997482124779206,True
8,0.95,0.7,ghz,11,cost,7,1.0590387856103725,0.00019071709657967565,False
8,0.95,0.7,ghz,11,cost,15,0.4007578286976581,0.03892461465112109,False
8,0.95,0.7,ghz,11,cost,31,0.029135072651669702,0.49373316098467535,False
8,0.95,0.7,ghz,11,cost,63,0.02215397110994144,0.5744494933386353,False
8,0.95,0.7,ghz,11,cost,95,0.0034644119055011746,0.9905995558842872,False
8,0.95,0.7,ghz,11,cost,127,0.0014746378739320942,0.9961172542066448,False
8,0.95,0.7,ghz,11,cost,127,0.0014746378739320942,0.9961172542066448,False
8,0.75,1.4,ghz,11,cost,7,1.33827698785541,0.006138218673380846,False
8,0.75,1.4,ghz,11,cost,15,0.8114297851317818,0.05926402367828255,False
8,0.75,1.4,ghz,11,cost,31,0.06648128653501728,0.9047289991327283,False
8,0.75,1.4,ghz,11,cost,63,0.0009651367875926908,0.9991436166742487,True
8,0.75,1.4,ghz,11,cost,127,0.0001678148146102565,0.9998744487212058,True
8,0.75,1.4,ghz,11,cost,127,0.0001678148146102565,0.9998744487212058,True
8,0.3,1.2,ghz,11,cost,7,0.6710134982110622,0.04761908843861139,False
8,0.3,1.2,ghz,11,cost,15,0.43317087617806793,0.15705677385602268,False
8,0.3,1.2,ghz,11,cost,31,0.03699919767802484,0.9421976291684732,False
8,0.3,1.2,ghz,11,cost,63,0.00011183956655358429,0.9998129273761401,True
8,0.3,1.2,ghz,11,cost,95,1.3810037262640407e-05,0.9999880011049037,True
8,0.3,1.2,ghz,11,cost,127,4.147754890437838e-06,0.9999968324610623,True
8,0.3,1.2,ghz,11,cost,127,4.147754890437838e-06,0.9999968324610623,True
8,0.475,1.75,ghz,11,cost,7,1.356694706481276,0.01661288028138228,False
8,0.475,1.75,ghz,11,cost,15,0.7558635162471632,0.1580507539120056,False
8,0.475,1.75,ghz,11,cost,31,0.37983702790381035,0.45921057582035957,False
8,0.475,1.75,ghz,11,cost,63,0.00038344080003449577,0.9996081534145694,True
8,0.475,1.75,ghz,11,cost,95,2.7900159860649865e-05,0.9999843186517101,True
8,0.475,1.75,ghz,11,cost,127,7.560836161824014e-06,0.9999957875126246,True
8,0.475,1.75,ghz,11,cost,127,7.560836161824014e-06,0.9999957875126246,True
8,0.4,1.0,plus,11,cost,0,0.19283789355281022,0.7605206673286795,False
8,0.4,1.0,plus,11,cost,16,0.008663802355993067,0.9803644071258757,False
8,0.4,1.0,plus,11,cost,32,0.004215440779827606,0.988067952619589,False
8,0.4,1.0,plus,11,cost,64,0.0002866575404816274,0.9996576984536052,True
8,0.4,1.0,plus,11,cost,96,2.9506479957142062e-05,0.9999720516580803,True
8,0.4,1.0,plus,11,cost,128,1.251059045803693e-05,0.9999889836207286,True
8,0.4,1.0,plus,11,cost,128,1.251059045803693e-05,0.9999889836207286,True
8,0.0,0.6,plus,11,cost,0,0.49260430678624234,0.09258137869209489,False
8,0.0,0.6,plus,11,cost,16,0.16652124686225256,0.44481823100486934,False
8,0.0,0.6,plus,11,cost,32,0.0018554398280532514,0.9952489477731825,False
8,0.0,0.6,plus,11,cost,64,0.00026104825594774894,0.9994828983566314,True
8,0.0,0.6,plus,11,cost,90,1.3098189199922672e-11,0.9999999999803255,True
12,0.0,1.4,ghz,11,cost,11,0.5854429543604005,0.0439427803279879,False
12,0.0,1.4,ghz,11,cost,31,0.21020482018004513,0.25509144371642095,False
12,0.0,1.4,ghz,11,cost,63,0.023499661324747716,0.9459756949851064,False
12,0.0,1.4,ghz,11,cost,95,0.0009528865535791317,0.9974096906949635,False
12,0.0,1.4,ghz,11,cost,127,0.00016449958818398613,0.9995870467078208,True
12,0.0,1.4,ghz,11,cost,127,0.00016449958818398613,0.9995870467078208,True
8,0.4,1.9,antiphase,11,cost,6,1.6202712520033455,0.02333812434964028,False
8,0.4,1.9,antiphase,11,cost,16,0.5495078976539598,0.43157826116372205,False
8,0.4,1.9,antiphase,11,cost,32,0.40657239936081213,0.45853708365649687,False
8,0.4,1.9,antiphase,11,cost,64,0.0002504512032190931,0.9997217215196761,True
8,0.4,1.9,antiphase,11,cost,96,6.16818946452824e-06,0.9999967180985558,True
8,0.4,1.9,antiphase,11,cost,128,1.321129617704031e-06,0.9999993275512695,True
8,0.4,1.9,antiphase,11,cost,128,1.321129617704031e-06,0.9999993275512695,True
8,0.7,0.5,ghz,11,cost,7,0.5272366183061088,0.0012160672512526187,False
8,0.7,0.5,ghz,11,cost,15,0.27520503900996873,0.027219283878603832,False
8,0.7,0.5,ghz,11,cost,31,0.09676474088099607,0.24629827152004843,False
8,0.7,0.5,ghz,11,cost,63,0.024434895188223726,0.7072586333772307,False
8,0.7,0.5,ghz,11,cost,95,0.004809838260521504,0.9820312895299209,False
8,0.7,0.5,ghz,11,cost,127,0.002542516980405196,0.9929443512075424,False
8,0.7,0.5,ghz,11,cost,127,0.002542516980405196,0.9929443512075424,False
8,0.4,0.8,antiphase,11,cost,6,0.6229978795405878,0.016567591385729708,False
8,0.4,0.8,antiphase,11,cost,16,0.32596529876089997,0.23120509870843406,False
8,0.4,0.8,antiphase,11,cost,32,0.03742943676624466,0.903727413943675,False
8,0.4,0.8,antiphase,11,cost,64,0.0014291666790757773,0.9963454235601509,False
8,0.4,0.8,antiphase,11,cost,96,0.0001384950037581767,0.9998312683039118,True
8,0.4,0.8,antiphase,11,cost,128,5.248141808245066e-05,0.9999414941774231,True
8,0.4,0.8,antiphase,11,cost,128,5.248141808245066e-05,0.9999414941774231,True
12,0.0,0.5,antiphase,11,cost,10,1.0635474292520042,7.6291424589296e-09,False
12,0.0,0.5,antiphase,11,cost,32,0.5163867505708691,0.0005735924605201805,False
12,0.0,0.5,antiphase,11,cost,64,0.246246768460716,0.003575825865745378,False
12,0.0,0.5,antiphase,11,cost,128,0.22440661619734037,0.0040842741642484765,False
12,0.0,0.5,antiphase,11,cost,128,0.22440661619734037,0.0040842741642484765,False
8,0.3,0.4,plus,37,gradient,0,0.3646590718118202,0.17390399323898878,False
8,0.3,0.4,plus,37,gradient,16,0.05062003246506852,0.548532462345927,False
8,0.3,0.4,plus,37,gradient,96,6.774885396232389e-05,0.9998263425744167,True
8,0.3,0.4,plus,37,gradient,128,1.3661347424753778e-05,0.9999720766850656,True
8,0.3,0.4,plus,37,gradient,128,1.3661347424753778e-05,0.9999720766850656,True
8,0.95,0.3,plus,11,cost,0,0.6746976818751825,0.05822388424633844,False
8,0.95,0.3,plus,11,cost,16,0.2863419590880105,0.15567773371471585,False
8,0.95,0.3,plus,11,cost,32,0.00386881186176935,0.49714755742142935,False
8,0.95,0.3,plus,11,cost,64,0.0008217041682554438,0.5016045649630486,False
8,0.95,0.3,plus,11,cost,96,0.0007439686720516203,0.5027097755770183,False
8,0.95,0.3,plus,11,cost,128,0.0007387917854561055,0.503224109133493,False
8,0.95,0.3,plus,11,cost,128,0.0007387917854561055,0.503224109133493,False
8,1.0,1.0,plus,11,cost,0,0.3319880406137571,0.550980698937265,False
8,1.0,1.0,plus,11,cost,16,0.10963346977927957,0.8106723711557985,False
8,1.0,1.0,plus,11,cost,32,0.022470259564051798,0.9682601063532287,False
8,1.0,1.0,plus,11,cost,64,0.004540150293429246,0.9919854887259298,False
8,1.0,1.0,plus,11,cost,96,0.002230225282123355,0.9969058788122187,False
8,1.0,1.0,plus,11,cost,128,0.0006996930594729278,0.9992491942730013,True
8,1.0,1.0,plus,11,cost,128,0.0006996930594729278,0.9992491942730013,True
8,0.825,1.25,plus,11,fixed,0,0.22046386026915799,0.7790009768075776,False
8,0.825,1.25,plus,11,fixed,16,0.06467224304101515,0.8789427077529676,False
8,0.0,1.3,plus,11,cost,0,0.20367515120388857,0.6751969079541932,False
8,0.0,1.3,plus,11,cost,16,0.026958859024395654,0.9254713634225202,False
8,0.0,1.3,plus,11,cost,32,0.009536003022898143,0.970459761246506,False
8,0.0,1.3,plus,11,cost,64,0.0006416226188201701,0.999252050472866,True
8,0.0,1.3,plus,11,cost,128,4.1090206241989335e-06,0.999997152999156,True
8,0.0,1.3,plus,11,cost,128,4.1090206241989335e-06,0.999997152999156,True
8,0.8,0.5,antiphase,23,fixed,6,0.0949470817314596,0.6790659494168515,False
8,0.8,0.5,antiphase,23,fixed,22,0.0949470817314596,0.6790659494168515,False
8,0.5,0.7,ghz,11,cost,7,0.44317756902547245,0.017231303912894808,False
8,0.5,0.7,ghz,11,cost,15,0.33101097500802024,0.056366234035442365,False
8,0.5,0.7,ghz,11,cost,31,0.034310455978507126,0.9011183379818622,False
8,0.5,0.7,ghz,11,cost,63,0.002949082694361227,0.9924002063858822,False
8,0.5,0.7,ghz,11,cost,127,0.00017519719795655586,0.9997508763834593,True
8,0.5,0.7,ghz,11,cost,127,0.00017519719795655586,0.9997508763834593,True
8,0.95,2.0,plus,11,cost,0,0.18039769737159483,0.8648772102360447,False
8,0.95,2.0,plus,11,cost,16,0.0674802986728893,0.9300230555464007,False
8,0.95,2.0,plus,11,cost,32,0.009660411228708199,0.9909718946286948,False
8,0.95,2.0,plus,11,cost,96,0.0002813348340171551,0.9998459148054916,True
8,0.95,2.0,plus,11,cost,128,6.367915051841422e-05,0.9999665111807956,True
8,0.95,2.0,plus,11,cost,128,6.367915051841422e-05,0.9999665111807956,True
12,0.8,1.3,antiphase,11,cost,10,0.713536515855921,0.013522716425598142,False
12,0.8,1.3,antiphase,11,cost,32,0.270134850165773,0.2860605545067726,False
12,0.8,1.3,antiphase,11,cost,64,0.03493241353484885,0.9102730211568845,False
12,0.8,1.3,antiphase,11,cost,96,0.0053143506043786815,0.9888200352227241,False
12,0.8,1.3,antiphase,11,cost,128,0.002057684379506005,0.9965561523504338,False
12,0.8,1.3,antiphase,11,cost,128,0.002057684379506005,0.9965561523504338,False
12,0.0,1.0,plus,11,cost,0,0.2768829292567319,0.26997719797395264,False
12,0.0,1.0,plus,11,cost,32,0.0371690782031604,0.709556007117237,False
12,0.0,1.0,plus,11,cost,64,0.020302708501631777,0.8256677440277314,False
12,0.0,1.0,plus,11,cost,128,0.0012094279124612584,0.9967913907004714,False
12,0.0,1.0,plus,11,cost,128,0.0012094279124612584,0.9967913907004714,False
8,1.0,1.4,antiphase,11,cost,6,0.6533285251120167,0.16208727871795006,False
8,1.0,1.4,antiphase,11,cost,16,0.3965605152126206,0.3763439205832278,False
8,1.0,1.4,antiphase,11,cost,32,0.042798528871633046,0.9350344511817292,False
8,1.0,1.4,antiphase,11,cost,64,0.004814642972038818,0.9941059516602297,False
8,1.0,1.4,antiphase,11,cost,96,0.0009675593286004869,0.9991720784811382,True
8,1.0,1.4,antiphase,11,cost,128,0.0003152570105438013,0.9997397527130975,True
8,1.0,1.4,antiphase,11,cost,128,0.0003152570105438013,0.9997397527130975,True
8,0.325,0.35,ghz,11,fixed,7,0.051227336694247505,0.7496701837652999,False
8,0.325,0.35,ghz,11,fixed,23,0.0065287227450900875,0.8991003403645939,False
8,0.325,1.75,ghz,11,cost,7,1.2018269308637586,0.026883339443769964,False
8,0.325,1.75,ghz,11,cost,15,0.7568601317986687,0.12852656085272177,False
8,0.325,1.75,ghz,11,cost,31,0.029359728423579146,0.9685394316788072,False
8,0.325,1.75,ghz,11,cost,63,6.200129805922217e-05,0.9999560402826096,True
8,0.325,1.75,ghz,11,cost,95,3.1915372740165537e-06,0.9999982152209045,True
8,0.325,1.75,ghz,11,cost,127,6.621231993797494e-07,0.999999634364532,True
8,0.325,1.75,ghz,11,cost,127,6.621231993797494e-07,0.999999634364532,True
12,0.8,0.7,ghz,11,cost,11,0.819775354095114,2.7929994565422274e-05,False
12,0.8,0.7,ghz,11,cost,31,0.19047452049107796,0.07707099746763273,False
12,0.8,0.7,ghz,11,cost,95,0.05411824616308092,0.4636669912207648,False
12,0.8,0.7,ghz,11,cost,127,0.014443033440768952,0.9188863970205261,False
12,0.8,0.7,ghz,11,cost,127,0.014443033440768952,0.9188863970205261,False
8,0.15,0.2,plus,11,cost,0,0.6618354330981102,0.020569674865184576,False
8,0.15,0.2,plus,11,cost,16,0.16213641419014113,0.4984795476306058,False
8,0.15,0.2,plus,11,cost,64,2.9655185043164778e-06,0.9999910205990447,True
8,0.15,0.2,plus,11,cost,96,1.754486174121439e-07,0.9999995532029475,True
8,0.15,0.2,plus,11,cost,114,1.3518933750233941e-08,0.9999999832588481,True
8,0.85,0.3,antiphase,11,cost,6,0.027987539026142705,0.9278021742026223,False
8,0.85,0.3,antiphase,11,cost,16,0.011307145566692989,0.9701878521529744,False
8,0.85,0.3,antiphase,11,cost,32,0.00032311352350522515,0.9989733837036525,True
8,0.85,0.3,antiphase,11,cost,64,0.0001645855541388963,0.9994711878818627,True
8,0.85,0.3,antiphase,11,cost,128,2.945564292844427e-05,0.999898015374652,True
8,0.85,0.3,antiphase,11,cost,128,2.945564292844427e-05,0.999898015374652,True
8,0.45,1.8,antiphase,11,cost,6,1.4775702572568843,0.026456767957886998,False
8,0.45,1.8,antiphase,11,cost,16,0.8791461068732935,0.22014582510201747,False
8,0.45,1.8,antiphase,11,cost,32,0.03586953583329655,0.9600883724089228,False
8,0.45,1.8,antiphase,11,cost,64,0.00030193968863967413,0.9997835964214393,True
8,0.45,1.8,antiphase,11,cost,96,2.117213007135632e-05,0.9999879525237882,True
8,0.45,1.8,antiphase,11,cost,128,4.600384362785093e-06,0.9999974935895131,True
8,0.45,1.8,antiphase,11,cost,128,4.600384362785093e-06,0.9999974935895131,True
8,0.35,0.6,antiphase,11,cost,6,0.5181643093715322,0.00704851507261932,False
8,0.35,0.6,antiphase,11,cost,16,0.39105288428389723,0.05645733051927474,False
8,0.35,0.6,antiphase,11,cost,32,0.1248189656597476,0.3677107990694556,False
8,0.35,0.6,antiphase,11,cost,64,0.0013827008441483768,0.9905328213101398,False
8,0.35,0.6,antiphase,11,cost,96,0.0003034468999261186,0.9989785991123993,False
8,0.35,0.6,antiphase,11,cost,128,6.344251613388252e-05,0.9998889453068478,True
8,0.35,0.6,antiphase,11,cost,128,6.344251613388252e-05,0.9998889453068478,True
8,0.0,1.7,antiphase,11,cost,6,1.851094835935994,0.007718618570359992,False
8,0.0,1.7,antiphase,11,cost,16,0.5760948359359945,0.4222856922567491,False
8,0.0,1.7,antiphase,11,cost,32,0.03845155504781639,0.9521599913192007,False
8,0.0,1.7,antiphase,11,cost,64,0.00018377293737525946,0.9998645854131862,True
8,0.0,1.7,antiphase,11,cost,96,1.0570220154049181e-05,0.9999935125460144,True
8,0.0,1.7,antiphase,11,cost,128,8.283608916581642e-07,0.9999995491955482,True
8,0.0,1.7,antiphase,11,cost,128,8.283608916581642e-07,0.9999995491955482,True
8,0.8,0.4,antiphase,37,fixed,6,0.056490865998255035,0.8255540500485854,False
8,0.8,0.4,antiphase,37,fixed,22,0.056490865998255035,0.8255540500485856,False
12,0.0,1.5,ghz,11,cost,11,0.6720520570870963,0.03167299944064616,False
12,0.0,1.5,ghz,11,cost,31,0.2462752815599467,0.23028097899644862,False
12,0.0,1.5,ghz,11,cost,63,0.008177853944596691,0.982122094760633,False
12,0.0,1.5,ghz,11,cost,95,0.0006894557397855531,0.9985622796346278,True
12,0.0,1.5,ghz,11,cost,127,0.0001130896498828804,0.9997903053941686,True
12,0.0,1.5,ghz,11,cost,127,0.0001130896498828804,0.9997903053941686,True
8,0.45,2.0,plus,11,cost,0,0.11757518809221401,0.9107024480310607,False
8,0.45,2.0,plus,11,cost,16,0.010010740745794777,0.9888484204231817,False
8,0.45,2.0,plus,11,cost,32,0.0019211118290307638,0.9980711235392301,False
8,0.45,2.0,plus,11,cost,64,0.0004199517620238069,0.9995889645520846,True
8,0.45,2.0,plus,11,cost,128,2.5405235648534585e-06,0.9999987998346674,True
8,0.45,2.0,plus,11,cost,128,2.5405235648534585e-06,0.9999987998346674,True
8,0.0,0.9,plus,23,cost,0,0.3216609572519995,0.3126943576453465,False
8,0.0,0.9,plus,23,cost,16,0.08158799698320651,0.6560866349029641,False
8,0.0,0.9,plus,23,cost,32,0.024093949817177274,0.9556057821998404,False
8,0.0,0.9,plus,23,cost,64,0.0010423887211119531,0.9988089648206229,False
8,0.0,0.9,plus,23,cost,96,4.723629431979681e-05,0.9999561898657833,True
8,0.0,0.9,plus,23,cost,114,1.4790265234765343e-07,0.9999998857113731,True
8,0.175,0.85,antiphase,11,fixed,6,0.9223097544121671,0.003679333547735721,False
8,0.175,0.85,antiphase,11,fixed,22,0.9223097544121671,0.003679333547735721,False
8,0.975,1.25,plus,11,fixed,0,0.2674691779887697,0.7063692994695989,False
8,0.975,1.25,plus,11,fixed,16,0.11286676054070788,0.7786398900000467,False
8,0.05,1.7,antiphase,11,cost,6,1.794435945912108,0.008967748394302134,False
8,0.05,1.7,antiphase,11,cost,16,0.5629046476958277,0.3878405282252898,False
8,0.05,1.7,antiphase,11,cost,32,0.020925384900329025,0.9724934149671504,False
8,0.05,1.7,antiphase,11,cost,64,8.382573039855679e-05,0.9999337713327253,True
8,0.05,1.7,antiphase,11,cost,128,2.384108443775901e-06,0.9999986055556337,True
8,0.05,1.7,antiphase,11,cost,128,2.384108443775901e-06,0.9999986055556337,True
8,0.45,1.2,antiphase,11,cost,6,0.9214520155715205,0.02688216971025247,False
8,0.45,1.2,antiphase,11,cost,16,0.5895461648829567,0.18205342673354302,False
8,0.45,1.2,antiphase,11,cost,32,0.043438340187073265,0.9264607091104465,False
8,0.45,1.2,antiphase,11,cost,64,0.0007494879105478525,0.9990726026185409,True
8,0.45,1.2,antiphase,11,cost,96,3.566853952552407e-05,0.9999717131847256,True
8,0.45,1.2,antiphase,11,cost,128,9.659841256226542e-06,0.9999930477480514,True
8,0.45,1.2,antiphase,11,cost,128,9.659841256226542e-06,0.9999930477480514,True
8,0.45,0.5,antiphase,11,cost,6,0.3389182746121399,0.012564959314358876,False
8,0.45,0.5,antiphase,11,cost,16,0.2405449487648632,0.08629055691654745,False
8,0.45,0.5,antiphase,11,cost,32,0.045034721509847,0.7904668030941704,False
8,0.45,0.5,antiphase,11,cost,64,0.004303268804745297,0.9802721453182154,False
8,0.45,0.5,antiphase,11,cost,96,0.0010084671099686027,0.9973571376691851,False
8,0.45,0.5,antiphase,11,cost,128,0.0003269047295746397,0.9991604306574735,True
8,0.45,0.5,antiphase,11,cost,128,0.0003269047295746397,0.9991604306574735,True
8,0.5,1.7,antiphase,11,cost,6,1.3361669688505002,0.030443849789758115,False
8,0.5,1.7,antiphase,11,cost,16,0.807586353952271,0.22396438810843777,False
8,0.5,1.7,antiphase,11,cost,32,0.03712416560892473,0.9553857648476454,False
8,0.5,1.7,antiphase,11,cost,64,0.0008030130689165027,0.9991890267240561,True
8,0.5,1.7,antiphase,11,cost,96,3.2154787882099356e-05,0.9999816048274122,True
8,0.5,1.7,antiphase,11,cost,128,8.085014520764489e-06,0.9999953970144164,True
8,0.5,1.7,antiphase,11,cost,128,8.085014520764489e-06,0.9999953970144164,True
8,0.1,0.7,antiphase,11,cost,6,0.9480710957820818,0.00044935529459310807,False
8,0.1,0.7,antiphase,11,cost,16,0.5286493018748454,0.03574429353879122,False
8,0.1,0.7,antiphase,11,cost,32,0.026839533109422886,0.9024040861937659,False
8,0.1,0.7,antiphase,11,cost,64,0.0034717209031667196,0.989241508495397,False
8,0.1,0.7,antiphase,11,cost,96,0.00022979644570209068,0.9996335369084313,True
8,0.1,0.7,antiphase,11,cost,128,3.578279579974364e-06,0.9999958369067808,True
8,0.1,0.7,antiphase,11,cost,128,3.578279579974364e-06,0.9999958369067808,True
12,0.3,1.9,plus,11,cost,0,0.11846283296195874,0.8536195802586012,False
12,0.3,1.9,plus,11,cost,32,0.0012723532153457266,0.9978209332622281,False
12,0.3,1.9,plus,11,cost,64,0.00042817774996587826,0.9992344350971232,True
12,0.3,1.9,plus,11,cost,96,2.583149454012575e-05,0.9999662153068032,True
12,0.3,1.9,plus,11,cost,128,7.180528953062056e-06,0.9999907849111102,True
12,0.3,1.9,plus,11,cost,128,7.180528953062056e-06,0.9999907849111102,True
8,0.65,0.1,ghz,11,cost,7,0.3038987182082507,1.445171303974377e-08,False
8,0.65,0.1,ghz,11,cost,15,0.30034853951976215,7.707462627213918e-08,False
8,0.65,0.1,ghz,11,cost,31,0.11670578533995213,3.1214788581149595e-05,False
8,0.65,0.1,ghz,11,cost,63,0.11463718317611094,8.396889712773644e-05,False
8,0.65,0.1,ghz,11,cost,95,0.11236464820610526,0.00044544618528542606,False
8,0.65,0.1,ghz,11,cost,127,2.9913371933143473e-05,0.5001496630452141,False
8,0.65,0.1,ghz,11,cost,127,2.9913371933143473e-05,0.5001496630452141,False
8,0.35,1.8,antiphase,11,cost,6,1.5742599825781218,0.020657057281201128,False
8,0.35,1.8,antiphase,11,cost,16,0.9213591665018876,0.2181124368878001,False
8,0.35,1.8,antiphase,11,cost,32,0.41322295312040436,0.46142849092175836,False
8,0.35,1.8,antiphase,11,cost,64,0.00022756410447666298,0.9997773967590671,True
8,0.35,1.8,antiphase,11,cost,96,6.939885589751782e-06,0.9999961101178272,True
8,0.35,1.8,antiphase,11,cost,128,1.51512785384611e-06,0.9999992051973521,True
8,0.35,1.8,antiphase,11,cost,128,1.51512785384611e-06,0.9999992051973521,True
8,0.3,1.8,plus,11,cost,0,0.12388600715289022,0.8906160610977398,False
8,0.3,1.8,plus,11,cost,16,0.002693771815742041,0.9967777225414785,False
8,0.3,1.8,plus,11,cost,32,0.0006007147144451164,0.9991778769138917,False
8,0.3,1.8,plus,11,cost,96,1.7966178582629055e-06,0.999999028395157,True
8,0.3,1.8,plus,11,cost,128,5.188283391799331e-07,0.9999997247053024,True
8,0.3,1.8,plus,11,cost,128,5.188283391799331e-07,0.9999997247053024,True
8,0.3,0.2,plus,23,fixed,0,0.5145763277349316,0.028532910116002473,False
8,0.3,0.2,plus,23,fixed,16,0.16509360274541596,0.16347828771478412,False
8,0.6,0.1,antiphase,11,cost,6,0.004250260213503831,0.9848554454323273,False
8,0.6,0.1,antiphase,11,cost,16,0.00164151548384317,0.9938857290536497,False
8,0.6,0.1,antiphase,11,cost,32,4.048354189833958e-05,0.9995128674264346,True
8,0.6,0.1,antiphase,11,cost,64,2.2385938142077677e-05,0.9997290302394164,True
8,0.6,0.1,antiphase,11,cost,128,4.455845757700416e-06,0.9999413409972601,True
8,0.6,0.1,antiphase,11,cost,128,4.455845757700416e-06,0.9999413409972601,True
8,0.4,0.8,ghz,11,cost,7,0.42299787954058776,0.03942369153512739,False
8,0.4,0.8,ghz,11,cost,15,0.29475921970516106,0.11574305551188165,False
8,0.4,0.8,ghz,11,cost,31,0.027520580418477048,0.9340660795720948,False
8,0.4,0.8,ghz,11,cost,63,0.0016134379027978873,0.9952068045707735,False
8,0.4,0.8,ghz,11,cost,95,9.408182342207638e-05,0.9998735962700239,True
8,0.4,0.8,ghz,11,cost,127,4.5545531977442266e-05,0.9999416399738794,True
8,0.4,0.8,ghz,11,cost,127,4.5545531977442266e-05,0.9999416399738794,True
8,0.675,0.35,plus,11,gradient,0,0.3808511286721358,0.24791554773262656,False
8,0.675,0.35,plus,11,gradient,16,0.0662608268710898,0.4109843519252725,False
8,0.675,0.35,plus,11,gradient,32,0.03138374026820201,0.424297892499056,False
8,0.675,0.35,plus,11,gradient,64,0.007911881052473535,0.4986657223722028,False
8,0.675,0.35,plus,11,gradient,128,0.0031340777093865624,0.9632355961241039,False
8,0.675,0.35,plus,11,gradient,128,0.0031340777093865624,0.9632355961241039,False
8,0.25,0.9,ghz,11,cost,7,0.3676933558375718,0.11820268352336682,False
8,0.25,0.9,ghz,11,cost,15,0.23696965239114742,0.22946337031419375,False
8,0.25,0.9,ghz,11,cost,31,0.06477634852921521,0.8673216901810735,False
8,0.25,0.9,ghz,11,cost,63,3.851609271365852e-05,0.9999453982681047,True
8,0.25,0.9,ghz,11,cost,95,1.0215702620941514e-05,0.9999886805172189,True
8,0.25,0.9,ghz,11,cost,127,1.279918297125704e-06,0.9999984224183822,True
8,0.25,0.9,ghz,11,cost,127,1.279918297125704e-06,0.9999984224183822,True
8,0.175,1.25,plus,11,fixed,0,0.1754393655419082,0.772023820516096,False
8,0.175,1.25,plus,11,fixed,16,0.013218957304682366,0.974792011709156,False
8,0.5,0.4,ghz,11,cost,7,0.21964314576140653,0.0113600521231927,False
8,0.5,0.4,ghz,11,cost,15,0.17964314576140672,0.0260355014414729,False
8,0.5,0.4,ghz,11,cost,31,0.0595486960481465,0.41622999850994574,False
8,0.5,0.4,ghz,11,cost,63,0.017945864728520333,0.9100395857465995,False
8,0.5,0.4,ghz,11,cost,95,0.00291690568017966,0.9880833145714186,False
8,0.5,0.4,ghz,11,cost,127,0.001095813891900499,0.9970845866973429,False
8,0.5,0.4,ghz,11,cost,127,0.001095813891900499,0.9970845866973429,False
8,0.0,0.2,plus,11,fixed,0,0.8100253198889197,0.017434082290676986,False
8,0.0,0.2,plus,11,fixed,16,0.4346944160484951,0.14416672902237265,False
8,0.025,0.35,antiphase,11,cost,6,0.9817001786801421,6.022247538902324e-07,False
8,0.025,0.35,antiphase,11,cost,16,0.7171149847198928,0.00016361461303394083,False
8,0.025,0.35,antiphase,11,cost,32,0.008044996670383497,0.9831597064529582,False
8,0.025,0.35,antiphase,11,cost,64,3.565514521586266e-05,0.999904305630432,True
8,0.025,0.35,antiphase,11,cost,120,2.8585951383774955e-09,0.9999999968825279,True
8,0.8,0.6,antiphase,11,fixed,6,0.14757612956904254,0.4979944003938477,False
8,0.8,0.6,antiphase,11,fixed,22,0.14757612956904254,0.4979944003938477,False
8,0.35,1.3,ghz,11,cost,7,0.8099592736634591,0.033353505959072764,False
8,0.35,1.3,ghz,11,cost,15,0.5166159759117486,0.1441657376139828,False
8,0.35,1.3,ghz,11,cost,31,0.03541095006560546,0.9492804608117401,False
8,0.35,1.3,ghz,11,cost,63,0.0002637280926784946,0.9996728311470681,True
8,0.35,1.3,ghz,11,cost,127,4.366740153916027e-06,0.9999969369804907,True
8,0.35,1.3,ghz,11,cost,127,4.366740153916027e-06,0.9999969369804907,True
8,0.2,0.7,ghz,11,cost,7,0.18407997235350326,0.39843835127708416,False
8,0.2,0.7,ghz,11,cost,15,0.10902178555339948,0.5309299656592722,False
8,0.2,0.7,ghz,11,cost,31,0.03185695418754708,0.7383178636822845,False
8,0.2,0.7,ghz,11,cost,63,0.007820374366461769,0.9776139302216867,False
8,0.2,0.7,ghz,11,cost,127,1.7728081037171606e-05,0.9999755921235558,True
8,0.2,0.7,ghz,11,cost,127,1.7728081037171606e-05,0.9999755921235558,True
8,0.325,1.25,plus,11,fixed,0,0.16504617736923466,0.8129079224903442,False
8,0.325,1.25,plus,11,fixed,16,0.004528511917224698,0.9929423509916443,False
8,0.55,1.0,antiphase,11,cost,6,0.650447043382778,0.04256734970909931,False
8,0.55,1.0,antiphase,11,cost,16,0.4300761179071919,0.17982612935739922,False
8,0.55,1.0,antiphase,11,cost,32,0.04661065369195949,0.9078498102579371,False
8,0.55,1.0,antiphase,11,cost,64,0.003268676812041793,0.9946541372159288,False
8,0.55,1.0,antiphase,11,cost,96,0.0003004111850350988,0.9996916578925443,True
8,0.55,1.0,antiphase,11,cost,128,0.00011690449092549571,0.9998853272455263,True
8,0.55,1.0,antiphase,11,cost,128,0.00011690449092549571,0.9998853272455263,True
8,0.45,1.7,antiphase,11,cost,6,1.3832381339052704,0.0266824437460503,False
8,0.45,1.7,antiphase,11,cost,16,0.4946546582429736,0.4177861329947077,False
8,0.45,1.7,antiphase,11,cost,32,0.02446312433561859,0.9693143502742372,False
8,0.45,1.7,antiphase,11,cost,64,0.00037828328762889996,0.9996762522764455,True
8,0.45,1.7,antiphase,11,cost,96,3.439153617357249e-05,0.999979109406085,True
8,0.45,1.7,antiphase,11,cost,128,6.862674514884759e-06,0.9999959672346723,True
8,0.45,1.7,antiphase,11,cost,128,6.862674514884759e-06,0.9999959672346723,True
8,0.1,1.0,plus,11,cost,0,0.2353790168011899,0.5755026167901109,False
8,0.1,1.0,plus,11,cost,16,0.031228865210344514,0.8844355333092027,False
8,0.1,1.0,plus,11,cost,32,0.010464079253035274,0.9521268066913192,False
8,0.1,1.0,plus,11,cost,64,0.0003470314399589558,0.9995090420911419,True
8,0.1,1.0,plus,11,cost,96,1.788716449824257e-05,0.9999819754117505,True
8,0.1,1.0,plus,11,cost,128,2.4131152716044824e-06,0.9999975585983845,True
8,0.1,1.0,plus,11,cost,128,2.4131152716044824e-06,0.9999975585983845,True
8,0.0,0.2,ghz,23,cost,7,0.010025319888919526,0.979973219821065,False
8,0.0,0.2,ghz,23,cost,15,0.005031554418909234,0.9898847019136381,False
8,0.0,0.2,ghz,23,cost,31,1.951631390029185e-05,0.9999594049304149,True
8,0.0,0.2,ghz,23,cost,63,1.3307516086857873e-06,0.9999971239584127,True
8,0.0,0.2,ghz,23,cost,97,3.314191365788588e-09,0.9999999936387212,True
8,0.35,1.4,antiphase,11,cost,6,1.2012492378238862,0.019447597567001523,False
8,0.35,1.4,antiphase,11,cost,16,0.4543028482466387,0.3802600112683829,False
8,0.35,1.4,antiphase,11,cost,32,0.2797877585454158,0.44984253032919935,False
8,0.35,1.4,antiphase,11,cost,64,0.00032039002153916307,0.9995525712296787,True
8,0.35,1.4,antiphase,11,cost,96,9.503328749493889e-06,0.9999933490223503,True
8,0.35,1.4,antiphase,11,cost,128,1.547886003816501e-06,0.9999990222817196,True
8,0.35,1.4,antiphase,11,cost,128,1.547886003816501e-06,0.9999990222817196,True
8,0.0,0.2,ghz,23,fixed,7,0.010025319888919526,0.979973219821065,False
8,0.0,0.2,ghz,23,fixed,23,4.98309949399367e-05,0.9998966183563929,True
8,0.55,1.8,plus,11,cost,0,0.13421382079463084,0.8934556980069911,False
8,0.55,1.8,plus,11,cost,16,0.017354813677703085,0.9784192988521412,False
8,0.55,1.8,plus,11,cost,32,0.0034805713362091595,0.9964675369512956,False
8,0.55,1.8,plus,11,cost,64,9.674176498242204e-05,0.9999419199886638,True
8,0.55,1.8,plus,11,cost,96,2.1049824215690904e-05,0.999988648371981,True
8,0.55,1.8,plus,11,cost,128,5.912745508318551e-06,0.9999967699169565,True
8,0.55,1.8,plus,11,cost,128,5.912745508318551e-06,0.9999967699169565,True
8,0.175,0.15,plus,11,gradient,0,0.6818451315714945,0.0164708130635257,False
8,0.175,0.15,plus,11,gradient,16,0.1641159923272908,0.4937804127074002,False
8,0.175,0.15,plus,11,gradient,32,0.0008880183089854388,0.9977900453865092,True
8,0.175,0.15,plus,11,gradient,96,2.6145862697113387e-08,0.9999999535962677,True
8,0.175,0.15,plus,11,gradient,98,2.5843133633074444e-08,0.9999999541193084,True
8,0.5,0.15,plus,37,fixed,0,0.42108108440839953,0.23835876833969474,False
8,0.5,0.15,plus,37,fixed,16,0.04636177650167761,0.35852504271830876,False
8,0.8,0.4,plus,37,fixed,0,0.4564908659982555,0.148165412310859,False
8,0.8,0.4,plus,37,fixed,16,0.18364011427156735,0.18145841887172465,False
8,1.0,1.0,ghz,11,cost,7,1.3319880406137563,0.0007958642978262075,False
8,1.0,1.0,ghz,11,cost,15,0.2108792076722925,0.2620883378278666,False
8,1.0,1.0,ghz,11,cost,31,0.09264297049271764,0.43866160506242474,False
8,1.0,1.0,ghz,11,cost,63,0.007018183840790115,0.9893153135757009,False
8,1.0,1.0,ghz,11,cost,127,0.0015333807900634877,0.9974795894161728,False
8,1.0,1.0,ghz,11,cost,127,0.0015333807900634877,0.9974795894161728,False
12,0.0,1.1,plus,11,cost,0,0.24517074873823486,0.3921171476029051,False
12,0.0,1.1,plus,11,cost,32,0.02193354007730945,0.8451558978931286,False
12,0.0,1.1,plus,11,cost,64,0.012383533854835704,0.9039934088089341,False
12,0.0,1.1,plus,11,cost,96,0.003943388794077703,0.9774417141536801,False
12,0.0,1.1,plus,11,cost,128,0.0015389354393485395,0.9946931541350206,False
12,0.0,1.1,plus,11,cost,128,0.0015389354393485395,0.9946931541350206,False
8,0.85,1.6,plus,11,cost,0,0.19060472815643892,0.8366020373515082,False
8,0.85,1.6,plus,11,cost,16,0.0650816389886757,0.9149862282864882,False
8,0.85,1.6,plus,11,cost,32,0.010138555207851896,0.988532784261932,False
8,0.85,1.6,plus,11,cost,64,0.0008991759778038677,0.9993362729369586,True
8,0.85,1.6,plus,11,cost,96,0.0005270912593873245,0.9996307654932268,True
8,0.85,1.6,plus,11,cost,128,0.00014612871104069391,0.9999046956296452,True
8,0.85,1.6,plus,11,cost,128,0.00014612871104069391,0.9999046956296452,True
8,0.675,0.35,antiphase,11,cost,6,0.055851128672135264,0.7042598081602667,False
8,0.675,0.35,antiphase,11,cost,16,0.028435257388525814,0.7968389405487135,False
8,0.675,0.35,antiphase,11,cost,32,0.006277549271349825,0.9028197683039019,False
8,0.675,0.35,antiphase,11,cost,64,0.0042916803801054115,0.9361060819696406,False
8,0.675,0.35,antiphase,11,cost,96,0.0028616452229368594,0.9585236158828497,False
8,0.675,0.35,antiphase,11,cost,128,0.0020631799028290043,0.9780732735252959,False
8,0.675,0.35,antiphase,11,cost,128,0.0020631799028290043,0.9780732735252959,False
8,0.55,1.5,ghz,11,cost,7,1.2031455748506552,0.013419601140957076,False
8,0.55,1.5,ghz,11,cost,15,0.7506662227223765,0.09810473878237097,False
8,0.55,1.5,ghz,11,cost,31,0.04955621227168794,0.9367960024514096,False
8,0.55,1.5,ghz,11,cost,63,0.000904515196892941,0.9991136032114749,True
8,0.55,1.5,ghz,11,cost,95,6.77556582080463e-05,0.9999525507343334,True
8,0.55,1.5,ghz,11,cost,127,1.739534621747474e-05,0.9999885059771537,True
8,0.55,1.5,ghz,11,cost,127,1.739534621747474e-05,0.9999885059771537,True
8,0.6,0.9,ghz,11,cost,7,0.7194624985995017,0.009393929407282576,False
8,0.6,0.9,ghz,11,cost,15,0.4629888099789796,0.06222979300502489,False
8,0.6,0.9,ghz,11,cost,31,0.03759025091399337,0.9191143774402344,False
8,0.6,0.9,ghz,11,cost,63,0.0025887565689466374,0.9947471221190769,False
8,0.6,0.9,ghz,11,cost,95,0.000582664050805981,0.9992716784078266,True
8,0.6,0.9,ghz,11,cost,127,0.0002247986088506071,0.9997507638887353,True
8,0.6,0.9,ghz,11,cost,127,0.0002247986088506071,0.9997507638887353,True
8,0.15,0.4,antiphase,11,cost,6,0.7483480075634593,1.1052128167597658e-05,False
8,0.15,0.4,antiphase,11,cost,16,0.5388901965218353,0.0014555874979254302,False
8,0.15,0.4,antiphase,11,cost,32,0.23027201744542547,0.010609220356174738,False
8,0.15,0.4,antiphase,11,cost,64,0.0003165460524223729,0.9986944859756678,True
8,0.15,0.4,antiphase,11,cost,128,1.7936436426113644e-06,0.9999978758921932,True
8,0.15,0.4,antiphase,11,cost,128,1.7936436426113644e-06,0.9999978758921932,True
8,0.3,0.2,plus,37,cost,0,0.5145763277349316,0.028532910116002473,False
8,0.3,0.2,plus,37,cost,16,0.08432187204993091,0.48187878884011254,False
8,0.3,0.2,plus,37,cost,64,2.9701473928223088e-05,0.9998167990971918,True
8,0.3,0.2,plus,37,cost,128,4.95876971595699e-07,0.9999992983969386,True
8,0.3,0.2,plus,37,cost,128,4.95876971595699e-07,0.9999992983969386,True
8,0.7,1.0,ghz,11,cost,7,0.9227629954959675,0.00565453943837866,False
8,0.7,1.0,ghz,11,cost,15,0.35139308113467693,0.13088724487152756,False
8,0.7,1.0,ghz,11,cost,31,0.19128075434335678,0.3919867346713037,False
8,0.7,1.0,ghz,11,cost,63,0.0035253732638154123,0.9949250252138276,False
8,0.7,1.0,ghz,11,cost,95,0.0010135452139083956,0.9988005363043141,False
8,0.7,1.0,ghz,11,cost,127,0.00037365233341968285,0.99958193753269,True
8,0.7,1.0,ghz,11,cost,127,0.00037365233341968285,0.99958193753269,True
8,0.75,0.3,ghz,11,cost,7,0.5325790564859949,8.01408712911484e-06,False
8,0.75,0.3,ghz,11,cost,15,0.26167937344804515,0.0022267640357586833,False
8,0.75,0.3,ghz,11,cost,63,0.0019308043931324237,0.5029046942355229,False
8,0.75,0.3,ghz,11,cost,95,0.001756670241600533,0.507022836606063,False
8,0.75,0.3,ghz,11,cost,127,0.0016685788372333699,0.5150901506291016,False
8,0.75,0.3,ghz,11,cost,127,0.0016685788372333699,0.5150901506291016,False
8,0.175,0.15,plus,11,cost,0,0.6818451315714945,0.0164708130635257,False
8,0.175,0.15,plus,11,cost,16,0.1641159923272908,0.4937804127074002,False
8,0.175,0.15,plus,11,cost,32,0.0008880183089854388,0.9977900453865092,True
8,0.175,0.15,plus,11,cost,64,5.5194062476005e-07,0.9999985309471242,True
8,0.175,0.15,plus,11,cost,94,4.475583537111305e-08,0.9999998933785721,True
8,0.8,0.4,plus,11,cost,0,0.4564908659982555,0.148165412310859,False
8,0.8,0.4,plus,11,cost,16,0.164472864167565,0.22353319224817586,False
8,0.8,0.4,plus,11,cost,32,0.017435734084714216,0.5714789507139827,False
8,0.8,0.4,plus,11,cost,64,0.004656217294958909,0.6326604338585261,False
8,0.8,0.4,plus,11,cost,96,0.0005181332579036191,0.9973280940838603,True
8,0.8,0.4,plus,11,cost,128,0.0003983806751641783,0.9980462096414541,True
8,0.8,0.4,plus,11,cost,128,0.0003983806751641783,0.9980462096414541,True
8,0.15,0.8,ghz,11,cost,7,0.2230758023813375,0.37914819879098677,False
8,0.15,0.8,ghz,11,cost,15,0.13277366287952186,0.5138424927258196,False
8,0.15,0.8,ghz,11,cost,31,0.028936481649881385,0.8362400223169064,False
8,0.15,0.8,ghz,11,cost,63,0.00035411572530708035,0.9993141168495265,True
8,0.15,0.8,ghz,11,cost,127,1.4073772310885246e-05,0.9999834280041723,True
8,0.15,0.8,ghz,11,cost,127,1.4073772310885246e-05,0.9999834280041723,True
8,0.4,1.0,antiphase,11,cost,6,0.7928378935528092,0.02011032793893155,False
8,0.4,1.0,antiphase,11,cost,16,0.36186171005467704,0.2993297843758426,False
8,0.4,1.0,antiphase,11,cost,32,0.032903542035827016,0.9309119079855392,False
8,0.4,1.0,antiphase,11,cost,64,0.0008815618198940722,0.9985810049216437,False
8,0.4,1.0,antiphase,11,cost,128,1.2748214860192064e-05,0.9999888833508613,True
8,0.4,1.0,antiphase,11,cost,128,1.2748214860192064e-05,0.9999888833508613,True
8,0.05,0.9,antiphase,11,cost,6,1.1403486808686112,0.001317399538674193,False
8,0.05,0.9,antiphase,11,cost,16,0.5824043808791948,0.06268983680868727,False
8,0.05,0.9,antiphase,11,cost,32,0.13453004045038974,0.6567071438627073,False
8,0.05,0.9,antiphase,11,cost,64,0.002174699912177669,0.9970276528853574,False
8,0.05,0.9,antiphase,11,cost,96,4.1103988355439824e-05,0.9999585917139349,True
8,0.05,0.9,antiphase,11,cost,128,6.187216168296317e-07,0.9999992902637567,True
8,0.05,0.9,antiphase,11,cost,128,6.187216168296317e-07,0.9999992902637567,True
8,0.975,1.25,plus,11,gradient,0,0.2674691779887697,0.7063692994695989,False
8,0.975,1.25,plus,11,gradient,64,0.005661790900899355,0.9936796695358913,False
8,0.975,1.25,plus,11,gradient,96,0.0031610205739296404,0.9961208408783481,False
8,0.975,1.25,plus,11,gradient,128,0.0008796354845075349,0.9991474110616575,True
8,0.975,1.25,plus,11,gradient,128,0.0008796354845075349,0.9991474110616575,True
8,0.825,0.85,antiphase,11,fixed,6,0.3104187034614856,0.24869215452315044,False
8,0.825,0.85,antiphase,11,fixed,22,0.3104187034614856,0.24869215452315044,False
8,0.0,1.6,antiphase,11,cost,6,1.7613025549744337,0.0070125561488847505,False
8,0.0,1.6,antiphase,11,cost,16,0.5613025549744344,0.41276470898891005,False
8,0.0,1.6,antiphase,11,cost,32,0.06116208694845637,0.9185843805426013,False
8,0.0,1.6,antiphase,11,cost,64,0.0008308356330368749,0.9991306856010548,False
8,0.0,1.6,antiphase,11,cost,128,6.259197307123543e-07,0.9999996416906473,True
8,0.0,1.6,antiphase,11,cost,128,6.259197307123543e-07,0.9999996416906473,True
8,0.975,0.15,plus,11,fixed,0,0.8308266821859968,0.029215852039379774,False
8,0.975,0.15,plus,11,fixed,16,0.4580478995416639,0.06388318999792202,False
8,0.75,1.0,plus,11,cost,0,0.23424445332626098,0.7398036010326396,False
8,0.75,1.0,plus,11,cost,16,0.06246153017369882,0.8653400441693774,False
8,0.75,1.0,plus,11,cost,32,0.014507062015640004,0.974000169964276,False
8,0.75,1.0,plus,11,cost,64,0.0027429921958825876,0.9963796566877376,False
8,0.75,1.0,plus,11,cost,96,0.0011165127119825424,0.9987399877087484,False
8,0.75,1.0,plus,11,cost,128,0.0005089506797741894,0.9994988759695166,True
8,0.75,1.0,plus,11,cost,128,0.0005089506797741894,0.9994988759695166,True
12,0.0,0.6,antiphase,11,cost,10,1.0922637454098976,6.975821969817912e-08,False
12,0.0,0.6,antiphase,11,cost,32,0.44803505801937166,0.02190007699467442,False
12,0.0,0.6,antiphase,11,cost,64,0.22963012393081073,0.013022819577772501,False
12,0.0,0.6,antiphase,11,cost,96,0.2140055037555134,0.0033994563291032745,False
12,0.0,0.6,antiphase,11,cost,128,0.2073941454103251,0.005911056283730683,False
12,0.0,0.6,antiphase,11,cost,128,0.2073941454103251,0.005911056283730683,False
8,0.3,1.2,antiphase,23,fixed,6,1.0710134982110622,0.01475669103723503,False
8,0.3,1.2,antiphase,23,fixed,22,1.0710134982110622,0.01475669103723503,False
8,0.1,0.6,antiphase,11,cost,6,0.9055558867881389,0.00013389026751290135,False
8,0.1,0.6,antiphase,11,cost,16,0.5353585671066835,0.0187591932411477,False
8,0.1,0.6,antiphase,11,cost,32,0.016786842702654736,0.94889372530425,False
8,0.1,0.6,antiphase,11,cost,64,0.0022293248563336476,0.989621119320497,False
8,0.1,0.6,antiphase,11,cost,96,7.812930698691822e-05,0.9998410829556724,True
8,0.1,0.6,antiphase,11,cost,128,1.0860464010331583e-06,0.9999986090744879,True
8,0.1,0.6,antiphase,11,cost,128,1.0860464010331583e-06,0.9999986090744879,True
8,0.3,0.6,plus,11,cost,0,0.2778077277419503,0.5074549762598122,False
8,0.3,0.6,plus,11,cost,16,0.01944141293467805,0.9260946746228643,False
8,0.3,0.6,plus,11,cost,32,0.002019821398026922,0.9904756782406682,False
8,0.3,0.6,plus,11,cost,96,1.2655243306847197e-05,0.9999764009835571,True
8,0.3,0.6,plus,11,cost,128,2.984629132729566e-06,0.9999942118981677,True
8,0.3,0.6,plus,11,cost,128,2.984629132729566e-06,0.9999942118981677,True
8,0.5,2.0,plus,11,cost,0,0.12041951912445237,0.9100282869793308,False
8,0.5,2.0,plus,11,cost,16,0.012313032324862139,0.9862136520237587,False
8,0.5,2.0,plus,11,cost,32,0.0023257774214866522,0.9977854309634552,False
8,0.5,2.0,plus,11,cost,64,5.039269115636458e-05,0.9999734191233712,True
8,0.5,2.0,plus,11,cost,128,5.984684677162733e-06,0.999997043853551,True
8,0.5,2.0,plus,11,cost,128,5.984684677162733e-06,0.999997043853551,True
8,0.6,0.9,antiphase,11,cost,6,0.5194624985995019,0.05877390495063262,False
8,0.6,0.9,antiphase,11,cost,16,0.3458385829157382,0.18707573011312362,False
8,0.6,0.9,antiphase,11,cost,32,0.050900489777789826,0.875646004720038,False
8,0.6,0.9,antiphase,11,cost,64,0.0023171355952182893,0.9967565859569298,False
8,0.6,0.9,antiphase,11,cost,96,0.000620755063005296,0.9992207028090515,True
8,0.6,0.9,antiphase,11,cost,128,0.0002704064350607105,0.9996672186711322,True
8,0.6,0.9,antiphase,11,cost,128,0.0002704064350607105,0.9996672186711322,True
8,0.0,1.9,plus,11,cost,0,0.13429089323835974,0.8584866216384137,False
8,0.0,1.9,plus,11,cost,16,0.0067368283404452,0.990499920806078,False
8,0.0,1.9,plus,11,cost,32,0.0013875093490129942,0.9978577906425921,False
8,0.0,1.9,plus,11,cost,96,7.167428852206115e-06,0.9999961787756151,True
8,0.0,1.9,plus,11,cost,128,7.145061506896866e-07,0.999999625650307,True
8,0.0,1.9,plus,11,cost,128,7.145061506896866e-07,0.999999625650307,True
8,0.025,0.85,antiphase,11,cost,6,1.1525247217057188,0.0006812070607573615,False
8,0.025,0.85,antiphase,11,cost,16,0.7129525302039152,0.04151096003427236,False
8,0.025,0.85,antiphase,11,cost,32,0.04627074207491488,0.8411206139866331,False
8,0.025,0.85,antiphase,11,cost,64,0.0027845408358266877,0.9949857262182279,False
8,0.025,0.85,antiphase,11,cost,96,0.0003421574867821242,0.9996056099552548,True
8,0.025,0.85,antiphase,11,cost,128,1.229967977955937e-05,0.9999884169762645,True
8,0.025,0.85,antiphase,11,cost,128,1.229967977955937e-05,0.9999884169762645,True
8,0.325,1.25,plus,11,cost,0,0.16504617736923466,0.8129079224903442,False
8,0.325,1.25,plus,11,cost,16,0.0045449252424774045,0.9925629379228254,False
8,0.325,1.25,plus,11,cost,32,0.0013739530237955044,0.9968453620607098,False
8,0.325,1.25,plus,11,cost,64,0.00010612493824035951,0.9998739456503537,True
8,0.325,1.25,plus,11,cost,96,5.884310472437093e-06,0.9999958985248136,True
8,0.325,1.25,plus,11,cost,128,2.15002442249812e-06,0.9999983717388641,True
8,0.325,1.25,plus,11,cost,128,2.15002442249812e-06,0.9999983717388641,True
8,0.15,1.2,plus,11,cost,0,0.18562973838840846,0.7421983428379376,False
8,0.15,1.2,plus,11,cost,16,0.009103709087676659,0.9791780708367821,False
8,0.15,1.2,plus,11,cost,32,0.001425058964375392,0.9958894922303703,False
8,0.15,1.2,plus,11,cost,64,9.764805469858473e-05,0.9998575576975195,True
8,0.15,1.2,plus,11,cost,128,1.303190351187311e-07,0.9999998956549948,True
8,0.15,1.2,plus,11,cost,128,1.303190351187311e-07,0.9999998956549948,True
8,0.6,1.5,antiphase,11,cost,6,1.0581278760899804,0.042756350129386,False
8,0.6,1.5,antiphase,11,cost,16,0.41166360084278275,0.4130396295508471,False
8,0.6,1.5,antiphase,11,cost,32,0.031431373450228284,0.9560355655039078,False
8,0.6,1.5,antiphase,11,cost,64,0.000573663392430035,0.9996041462835022,True
8,0.6,1.5,antiphase,11,cost,128,2.71620394329819e-05,0.9999812259559696,True
8,0.6,1.5,antiphase,11,cost,128,2.71620394329819e-05,0.9999812259559696,True
8,0.3,0.5,plus,37,cost,0,0.31314929279091114,0.3677511084063065,False
8,0.3,0.5,plus,37,cost,16,0.02961075924006873,0.814111796649553,False
8,0.3,0.5,plus,37,cost,32,0.006652371217044206,0.9244114643606648,False
8,0.3,0.5,plus,37,cost,64,0.00016022851176267228,0.9990386629817325,False
8,0.3,0.5,plus,37,cost,128,3.000810761544237e-06,0.9999929331279157,True
8,0.3,0.5,plus,37,cost,128,3.000810761544237e-06,0.9999929331279157,True
8,0.8,0.2,plus,37,fixed,0,0.6128660251752662,0.044882969890375046,False
8,0.8,0.2,plus,37,fixed,16,0.2713455446488776,0.07161270372475861,False
8,0.45,0.7,plus,11,cost,0,0.24156292606812846,0.6482762561237043,False
8,0.45,0.7,plus,11,cost,16,0.016570088781396874,0.94519012663606,False
8,0.45,0.7,plus,11,cost,32,0.008373860275816769,0.9637434282153355,False
8,0.45,0.7,plus,11,cost,64,0.0012510467222368593,0.9970901315818053,False
8,0.45,0.7,plus,11,cost,96,0.00028215650898000266,0.9996048896113898,True
8,0.45,0.7,plus,11,cost,128,0.00010819929963512553,0.9998656991600394,True
8,0.45,0.7,plus,11,cost,128,0.00010819929963512553,0.9998656991600394,True
8,0.25,1.9,antiphase,11,cost,6,1.768788604811455,0.01643279140664807,False
8,0.25,1.9,antiphase,11,cost,16,0.5755437758553272,0.43122605049497115,False
8,0.25,1.9,antiphase,11,cost,32,0.38496871285323264,0.47633658810743823,False
8,0.25,1.9,antiphase,11,cost,64,9.904922986603282e-05,0.999876811534159,True
8,0.25,1.9,antiphase,11,cost,96,8.919980221122614e-07,0.9999995329371717,True
8,0.25,1.9,antiphase,11,cost,128,1.6522890522452371e-07,0.9999999185344807,True
8,0.25,1.9,antiphase,11,cost,128,1.6522890522452371e-07,0.9999999185344807,True
8,0.175,0.15,plus,11,fixed,0,0.6818451315714945,0.0164708130635257,False
8,0.175,0.15,plus,11,fixed,16,0.29980272681451203,0.1380351682495609,False
8,0.0,1.9,ghz,11,cost,7,1.034290893238355,0.06744655955911619,False
8,0.0,1.9,ghz,11,cost,15,0.628097645388277,0.21520926278654703,False
8,0.0,1.9,ghz,11,cost,31,0.017760904137799294,0.9808181322757016,False
8,0.0,1.9,ghz,11,cost,63,5.507316365616077e-05,0.9999621330848512,True
8,0.0,1.9,ghz,11,cost,95,4.365602609190944e-06,0.9999977213771594,True
8,0.0,1.9,ghz,11,cost,127,1.1823661179022338e-06,0.9999993841677048,True
8,0.0,1.9,ghz,11,cost,127,1.1823661179022338e-06,0.9999993841677048,True
8,0.3,0.5,antiphase,23,fixed,6,0.5131492927909107,0.001845464296981564,False
8,0.3,0.5,antiphase,23,fixed,22,0.5131492927909108,0.001845464296981564,False
8,0.75,1.2,plus,11,cost,0,0.2086434833035602,0.7910000447917739,False
8,0.75,1.2,plus,11,cost,16,0.05633002425192646,0.8948209908828519,False
8,0.75,1.2,plus,11,cost,32,0.013107059919490238,0.9841343186122797,False
8,0.75,1.2,plus,11,cost,64,0.0014660017777941015,0.9984645370160538,False
8,0.75,1.2,plus,11,cost,96,0.0005184293484306046,0.9995128973392903,True
8,0.75,1.2,plus,11,cost,128,0.00017112922027395783,0.9998611494300592,True
8,0.75,1.2,plus,11,cost,128,0.00017112922027395783,0.9998611494300592,True
8,0.0,1.0,antiphase,23,fixed,6,1.2814577238707536,0.001468450803653041,False
8,0.0,1.0,antiphase,23,fixed,22,1.2814577238707536,0.0013272051633870362,False
8,0.15,1.3,plus,11,cost,0,0.17257570139642087,0.7765063958172065,False
8,0.15,1.3,plus,11,cost,16,0.008949566635869655,0.9825625768248598,False
8,0.15,1.3,plus,11,cost,32,0.0007961267384417603,0.9980936281615532,False
8,0.15,1.3,plus,11,cost,128,7.479488808304069e-07,0.9999994473080887,True
8,0.15,1.3,plus,11,cost,128,7.479488808304069e-07,0.9999994473080887,True
8,0.9,1.2,ghz,11,cost,7,1.3490305562784954,0.0025460053622760686,False
8,0.9,1.2,ghz,11,cost,15,0.35903055627849545,0.17681855764174337,False
8,0.9,1.2,ghz,11,cost,31,0.17864419792326935,0.42753225150012714,False
8,0.9,1.2,ghz,11,cost,95,0.0012529983509033116,0.9987120110894879,False
8,0.9,1.2,ghz,11,cost,127,0.0004511358650662878,0.9996018092549587,True
8,0.9,1.2,ghz,11,cost,127,0.0004511358650662878,0.9996018092549587,True
12,0.0,0.2,ghz,11,cost,11,0.01002525404096355,0.9701118559121858,False
12,0.0,0.2,ghz,11,cost,31,0.0017124303463897188,0.9948144812997493,False
12,0.0,0.2,ghz,11,cost,63,2.7561089074090717e-05,0.9999385864299338,True
12,0.0,0.2,ghz,11,cost,127,2.3601532876208844e-07,0.9999992707183989,True
12,0.0,0.2,ghz,11,cost,127,2.3601532876208844e-07,0.9999992707183989,True
12,0.3,1.0,ghz,11,cost,11,0.49573094816768215,0.011534283460185504,False
12,0.3,1.0,ghz,11,cost,31,0.22039609239306066,0.13594393196586768,False
12,0.3,1.0,ghz,11,cost,63,0.0020228144055562205,0.9919322877547316,False
12,0.3,1.0,ghz,11,cost,95,0.0004690902275824212,0.9982533531448021,False
12,0.3,1.0,ghz,11,cost,127,6.323002874975003e-05,0.9997739972371482,True
12,0.3,1.0,ghz,11,cost,127,6.323002874975003e-05,0.9997739972371482,True
8,0.4,1.8,plus,11,cost,0,0.1254944268838476,0.8948406811660431,False
8,0.4,1.8,plus,11,cost,16,0.006892917077125693,0.9913252895183577,False
8,0.4,1.8,plus,11,cost,32,0.0016025360650822051,0.9980682818503364,False
8,0.4,1.8,plus,11,cost,64,4.161960156290334e-05,0.999971876219297,True
8,0.4,1.8,plus,11,cost,96,2.5928867086744134e-06,0.9999986102333255,True
8,0.4,1.8,plus,11,cost,128,9.225157970860209e-07,0.9999995256908248,True
8,0.4,1.8,plus,11,cost,128,9.225157970860209e-07,0.9999995256908248,True
8,0.4,2.0,antiphase,11,cost,6,1.7154681262996285,0.02326468939732511,False
8,0.4,2.0,antiphase,11,cost,16,0.5718558515747179,0.4378304257763027,False
8,0.4,2.0,antiphase,11,cost,32,0.4324562298880834,0.4705601245395781,False
8,0.4,2.0,antiphase,11,cost,64,0.0001690843479860149,0.9998470791559977,True
8,0.4,2.0,antiphase,11,cost,96,5.205511557804243e-06,0.9999973298483124,True
8,0.4,2.0,antiphase,11,cost,128,8.209586925822521e-07,0.9999996221206346,True
8,0.4,2.0,antiphase,11,cost,128,8.209586925822521e-07,0.9999996221206346,True
8,0.1,1.0,ghz,11,cost,7,0.33537901680118876,0.2587054364848293,False
8,0.1,1.0,ghz,11,cost,15,0.2015626049458361,0.4081744659682288,False
8,0.1,1.0,ghz,11,cost,31,0.06380665503053096,0.6999139023034311,False
8,0.1,1.0,ghz,11,cost,63,0.0019582431734208594,0.9966258148668904,False
8,0.1,1.0,ghz,11,cost,95,4.67783436299829e-05,0.9999481726477418,True
8,0.1,1.0,ghz,11,cost,127,5.237076055264467e-06,0.9999951193262122,True
8,0.1,1.0,ghz,11,cost,127,5.237076055264467e-06,0.9999951193262122,True
8,0.15,0.2,ghz,11,cost,7,0.011835433098110082,0.9719535663705854,False
8,0.15,0.2,ghz,11,cost,15,0.005962316291699854,0.9857064254226956,False
8,0.15,0.2,ghz,11,cost,31,5.5642056946525464e-05,0.9998293600302599,True
8,0.15,0.2,ghz,11,cost,63,6.822408098794419e-06,0.999978461557869,True
8,0.15,0.2,ghz,11,cost,127,6.859737755604556e-08,0.999999899203945,True
8,0.15,0.2,ghz,11,cost,127,6.859737755604556e-08,0.999999899203945,True
8,0.95,0.6,plus,11,cost,0,0.4613283702784554,0.22456956445438375,False
8,0.95,0.6,plus,11,cost,16,0.20175406791069284,0.32153619928704374,False
8,0.95,0.6,plus,11,cost,32,0.013455604982981928,0.9702914477544219,False
8,0.95,0.6,plus,11,cost,64,0.0013337489526923374,0.99614918765471,False
8,0.95,0.6,plus,11,cost,96,0.0008102123117430526,0.9974845046931006,True
8,0.95,0.6,plus,11,cost,128,0.0005014113202874704,0.9987846257251723,True
8,0.95,0.6,plus,11,cost,128,0.0005014113202874704,0.9987846257251723,True
8,0.975,0.85,antiphase,11,cost,6,0.23952155151026722,0.4504386061417893,False
8,0.975,0.85,antiphase,11,cost,16,0.13306949709689997,0.6403349928272325,False
8,0.975,0.85,antiphase,11,cost,32,0.01656362681140089,0.9507954447344702,False
8,0.975,0.85,antiphase,11,cost,64,0.00370589674543087,0.9916606948978866,False
8,0.975,0.85,antiphase,11,cost,96,0.0019301719908435544,0.9971196885887421,False
8,0.975,0.85,antiphase,11,cost,128,0.0006851187793834868,0.9990483605255099,True
8,0.975,0.85,antiphase,11,cost,128,0.0006851187793834868,0.9990483605255099,True
8,1.0,1.3,plus,11,cost,0,0.26856335016133426,0.7101343765059825,False
8,1.0,1.3,plus,11,cost,16,0.08942582954967526,0.8819017315565367,False
8,1.0,1.3,plus,11,cost,32,0.02312448542728318,0.9691571086053409,False
8,1.0,1.3,plus,11,cost,96,0.0009055364745562677,0.9991717957333296,True
8,1.0,1.3,plus,11,cost,128,0.000548098591201418,0.999531665202008,True
8,1.0,1.3,plus,11,cost,128,0.000548098591201418,0.999531665202008,True
8,0.1,0.5,antiphase,11,cost,6,0.8717775042493459,3.0436542393893133e-05,False
8,0.1,0.5,antiphase,11,cost,16,0.5893456016115116,0.008091021320987204,False
8,0.1,0.5,antiphase,11,cost,32,0.010356400204945104,0.9728981733619363,False
8,0.1,0.5,antiphase,11,cost,96,3.848944423900935e-05,0.9999108216657393,True
8,0.1,0.5,antiphase,11,cost,128,5.278209780357201e-07,0.999999355278558,True
8,0.1,0.5,antiphase,11,cost,128,5.278209780357201e-07,0.999999355278558,True
8,0.35,0.5,ghz,11,cost,7,0.14654489346222688,0.16284941397649513,False
8,0.35,0.5,ghz,11,cost,15,0.09905695639429535,0.22908465616229517,False
8,0.35,0.5,ghz,11,cost,31,0.04782383355585318,0.3791697049045534,False
8,0.35,0.5,ghz,11,cost,63,0.0007185184044993242,0.9952222436974645,False
8,0.35,0.5,ghz,11,cost,127,9.932478653063015e-05,0.9997200809488229,True
8,0.35,0.5,ghz,11,cost,127,9.932478653063015e-05,0.9997200809488229,True
12,0.8,2.0,plus,11,cost,0,0.15474911050507334,0.8309817780065982,False
12,0.8,2.0,plus,11,cost,32,0.034095624615019325,0.9432350154688378,False
12,0.8,2.0,plus,11,cost,64,0.0035956269073231795,0.9945025536273018,False
12,0.8,2.0,plus,11,cost,96,0.0010049137993594452,0.9986460064507746,False
12,0.8,2.0,plus,11,cost,128,0.0003624735107905508,0.9995405862087895,True
12,0.8,2.0,plus,11,cost,128,0.0003624735107905508,0.9995405862087895,True
12,0.3,1.5,plus,11,cost,0,0.14358876616870533,0.7903322089711023,False
12,0.3,1.5,plus,11,cost,32,0.0017150868871320668,0.9967217971446045,False
12,0.3,1.5,plus,11,cost,64,0.0006613248096369873,0.998320732333774,False
12,0.3,1.5,plus,11,cost,96,8.843445159723018e-05,0.9998145318820277,True
12,0.3,1.5,plus,11,cost,128,1.2463888255709321e-05,0.999979249210821,True
12,0.3,1.5,plus,11,cost,128,1.2463888255709321e-05,0.999979249210821,True
8,0.55,1.9,ghz,11,cost,7,1.578904657934722,0.012956141923486132,False
8,0.55,1.9,ghz,11,cost,15,0.8668353879097213,0.13150032355033645,False
8,0.55,1.9,ghz,11,cost,31,0.41344575564059305,0.498660299904557,False
8,0.55,1.9,ghz,11,cost,63,0.0008026339965692131,0.9994302266169461,True
8,0.55,1.9,ghz,11,cost,95,2.766678374577225e-05,0.99998523746116,True
8,0.55,1.9,ghz,11,cost,127,8.105197305319223e-06,0.9999956765217237,True
8,0.55,1.9,ghz,11,cost,127,8.105197305319223e-06,0.9999956765217237,True
8,0.6,0.1,plus,11,cost,0,0.5042502602135038,0.03353192768585568,False
8,0.6,0.1,plus,11,cost,16,0.04455534287046636,0.2545784393146085,False
8,0.6,0.1,plus,11,cost,64,4.5419558725390274e-05,0.5001389606786047,False
8,0.6,0.1,plus,11,cost,96,4.155713505760161e-05,0.5002627477884249,False
8,0.6,0.1,plus,11,cost,128,4.089139695262478e-05,0.5003603903871959,False
8,0.6,0.1,plus,11,cost,128,4.089139695262478e-05,0.5003603903871959,False
8,0.05,0.9,ghz,11,cost,7,0.2403486808686115,0.453983747135138,False
8,0.05,0.9,ghz,11,cost,15,0.13938854512934107,0.59565945275451,False
8,0.05,0.9,ghz,11,cost,31,0.022987130726875638,0.899656665014949,False
8,0.05,0.9,ghz,11,cost,63,0.0008998389961263342,0.9986667759891626,True
8,0.05,0.9,ghz,11,cost,95,6.461483464592632e-05,0.9999247823916987,True
8,0.05,0.9,ghz,11,cost,127,6.494247899446748e-07,0.9999992709829916,True
8,0.05,0.9,ghz,11,cost,127,6.494247899446748e-07,0.9999992709829916,True
12,0.8,1.6,plus,11,cost,0,0.18347906590590787,0.7662228104245175,False
12,0.8,1.6,plus,11,cost,32,0.03515039938645644,0.923950892792285,False
12,0.8,1.6,plus,11,cost,64,0.006028290399981391,0.9886035908778347,False
12,0.8,1.6,plus,11,cost,96,0.0013470918902248978,0.9978956355379098,False
12,0.8,1.6,plus,11,cost,128,0.0007249456417213196,0.998905392731731,True
12,0.8,1.6,plus,11,cost,128,0.0007249456417213196,0.998905392731731,True
8,0.45,0.8,plus,11,cost,0,0.22320061381871148,0.6956168829968806,False
8,0.45,0.8,plus,11,cost,16,0.014764907412740058,0.956887314569282,False
8,0.45,0.8,plus,11,cost,32,0.0072364694867737,0.9740530521393624,False
8,0.45,0.8,plus,11,cost,64,0.000844350600135213,0.9984593920664047,True
8,0.45,0.8,plus,11,cost,96,0.0001345431275581177,0.9998507293545312,True
8,0.45,0.8,plus,11,cost,128,4.985344295649341e-05,0.999932501241948,True
8,0.45,0.8,plus,11,cost,128,4.985344295649341e-05,0.999932501241948,True
8,0.0,1.8,antiphase,11,fixed,6,1.9421716759656826,0.008353127322230923,False
8,0.0,1.8,antiphase,11,fixed,22,1.9421716759656826,0.009291732254436181,False
8,0.0,1.0,plus,11,cost,0,0.2814577238707543,0.4215096173044166,False
8,0.0,1.0,plus,11,cost,16,0.06098724338829653,0.7532925242341272,False
8,0.0,1.0,plus,11,cost,32,0.026344611254095707,0.9075149042960089,False
8,0.0,1.0,plus,11,cost,64,0.001174210308282353,0.9986858131168587,False
8,0.0,1.0,plus,11,cost,96,2.304166943267738e-05,0.999978452479191,True
8,0.0,1.0,plus,11,cost,128,1.400972671206091e-08,0.9999999887394968,True
8,0.0,1.0,plus,11,cost,128,1.400972671206091e-08,0.9999999887394968,True
8,0.025,0.55,ghz,11,fixed,7,0.07962863052123481,0.8348868547319329,False
8,0.025,0.55,ghz,11,fixed,23,0.003395587162259739,0.9897320911435161,False
8,0.3,0.8,plus,11,cost,0,0.22952348928626187,0.6523069447553137,False
8,0.3,0.8,plus,11,cost,16,0.012828241158840736,0.9686532742725733,False
8,0.3,0.8,plus,11,cost,32,0.001254095260539767,0.995146795723221,False
8,0.3,0.8,plus,11,cost,96,3.278000403184045e-05,0.9999500610168495,True
8,0.3,0.8,plus,11,cost,128,1.160506463260269e-05,0.9999846205216721,True
8,0.3,0.8,plus,11,cost,128,1.160506463260269e-05,0.9999846205216721,True
12,0.3,1.4,plus,11,cost,0,0.1516446148026418,0.7682747123725874,False
12,0.3,1.4,plus,11,cost,32,0.002097508228521505,0.9959443351679172,False
12,0.3,1.4,plus,11,cost,64,0.0007832402495768775,0.9978337607028037,False
12,0.3,1.4,plus,11,cost,96,0.00010166277247621498,0.9997775978622385,True
12,0.3,1.4,plus,11,cost,128,1.4573250496141554e-05,0.999973682159707,True
12,0.3,1.4,plus,11,cost,128,1.4573250496141554e-05,0.999973682159707,True
8,0.5,0.1,plus,11,cost,0,0.445981923629755,0.20309264936558977,False
8,0.5,0.1,plus,11,cost,16,0.022909286789306926,0.45719101321503874,False
8,0.5,0.1,plus,11,cost,32,0.018255424926131858,0.5903500034103661,False
8,0.5,0.1,plus,11,cost,64,0.006484344577672663,0.6348804799116144,False
8,0.5,0.1,plus,11,cost,96,0.003277632188389057,0.8618608222937646,False
8,0.5,0.1,plus,11,cost,128,0.0006073003780170394,0.9872660524965667,False
8,0.5,0.1,plus,11,cost,128,0.0006073003780170394,0.9872660524965667,False
8,0.35,1.7,antiphase,11,cost,6,1.4800534639515919,0.02048434901951097,False
8,0.35,1.7,antiphase,11,cost,16,0.874531013829729,0.2085082726783174,False
8,0.35,1.7,antiphase,11,cost,32,0.3888142148530007,0.45747006761293135,False
8,0.35,1.7,antiphase,11,cost,64,0.0001735922776844312,0.9998305886272123,True
8,0.35,1.7,antiphase,11,cost,128,1.0071979585912771e-06,0.9999994382928317,True
8,0.35,1.7,antiphase,11,cost,128,1.0071979585912771e-06,0.9999994382928317,True
8,0.0,0.9,antiphase,37,fixed,6,1.221660957251998,0.0007585407967815044,False
8,0.0,0.9,antiphase,37,fixed,22,1.221660957251998,0.0006253006074852942,False
12,0.8,1.4,antiphase,11,cost,10,0.8024425519897284,0.011748290068112465,False
12,0.8,1.4,antiphase,11,cost,32,0.39335995316495137,0.13968837882481497,False
12,0.8,1.4,antiphase,11,cost,64,0.03293072095718438,0.9217546949723224,False
12,0.8,1.4,antiphase,11,cost,96,0.004102257821740747,0.9919880821857039,False
12,0.8,1.4,antiphase,11,cost,128,0.0017110051437757197,0.9969236690054442,False
12,0.8,1.4,antiphase,11,cost,128,0.0017110051437757197,0.9969236690054442,False
8,0.975,0.55,antiphase,11,cost,6,0.08819858601632957,0.7877467199398103,False
8,0.975,0.55,antiphase,11,cost,16,0.03860575309656311,0.9020711049206279,False
8,0.975,0.55,antiphase,11,cost,32,0.0023332796807169487,0.9934873309886073,False
8,0.975,0.55,antiphase,11,cost,64,0.0005802539409747176,0.9984686703778282,True
8,0.975,0.55,antiphase,11,cost,128,0.00026376103363423553,0.9993679620889764,True
8,0.975,0.55,antiphase,11,cost,128,0.00026376103363423553,0.9993679620889764,True
8,0.35,1.8,ghz,11,cost,7,1.2742599825781218,0.024151590112087066,False
8,0.35,1.8,ghz,11,cost,15,0.7643353357154183,0.1502828313990607,False
8,0.35,1.8,ghz,11,cost,31,0.029111947822275663,0.9696076440862272,False
8,0.35,1.8,ghz,11,cost,63,0.00012470250446328102,0.9998975465580301,True
8,0.35,1.8,ghz,11,cost,127,1.1804800508219415e-06,0.9999994046087786,True
8,0.35,1.8,ghz,11,cost,127,1.1804800508219415e-06,0.9999994046087786,True
8,0.1,0.6,plus,11,cost,0,0.4055558867881397,0.1397192259962215,False
8,0.1,0.6,plus,11,cost,16,0.11558790879737657,0.46744942635443987,False
8,0.1,0.6,plus,11,cost,32,0.004164224733072874,0.9850011237472024,False
8,0.1,0.6,plus,11,cost,64,0.000844683308278027,0.9976846341763577,True
8,0.1,0.6,plus,11,cost,96,8.882171731139366e-05,0.9998704308284143,True
8,0.1,0.6,plus,11,cost,128,1.0206720582051076e-06,0.9999987697511583,True
8,0.1,0.6,plus,11,cost,128,1.0206720582051076e-06,0.9999987697511583,True
8,0.8,0.8,plus,11,gradient,0,0.28651108323486185,0.6160227628886743,False
8,0.8,0.8,plus,11,gradient,32,0.027634026848064597,0.9064219059779253,False
8,0.8,0.8,plus,11,gradient,64,0.009680347428365987,0.9770072371342126,False
8,0.8,0.8,plus,11,gradient,128,0.0016968843284415058,0.9973702728999624,False
8,0.8,0.8,plus,11,gradient,128,0.0016968843284415058,0.9973702728999624,False
8,0.325,0.85,ghz,11,fixed,7,0.39275388315801185,0.07008590232875245,False
8,0.325,0.85,ghz,11,fixed,23,0.13680365246051185,0.43265127722196195,False
8,0.9,0.7,ghz,11,cost,7,0.9731859647727067,0.0003477371884988099,False
8,0.9,0.7,ghz,11,cost,15,0.509008683725211,0.008750545885914871,False
8,0.9,0.7,ghz,11,cost,31,0.03960295874195596,0.45966545625666133,False
8,0.9,0.7,ghz,11,cost,63,0.03022687979688543,0.5432389108593431,False
8,0.9,0.7,ghz,11,cost,95,0.0036588347930444076,0.9910572250051922,False
8,0.9,0.7,ghz,11,cost,127,0.001779163533460082,0.9958442066239852,False
8,0.9,0.7,ghz,11,cost,127,0.001779163533460082,0.9958442066239852,False
8,0.35,2.0,plus,11,cost,0,0.1141047827841537,0.909611718022506,False
8,0.35,2.0,plus,11,cost,16,0.004298106647765643,0.9951966431154098,False
8,0.35,2.0,plus,11,cost,32,0.0009106258332742811,0.9990033002657666,False
8,0.35,2.0,plus,11,cost,64,8.553561677171473e-06,0.9999954195563563,True
8,0.35,2.0,plus,11,cost,96,1.9658806138522777e-06,0.9999990207635,True
8,0.35,2.0,plus,11,cost,128,7.102110668455452e-07,0.9999996606971017,True
8,0.35,2.0,plus,11,cost,128,7.102110668455452e-07,0.9999996606971017,True
8,0.55,1.4,plus,11,cost,0,0.1607095753130734,0.8495262091601318,False
8,0.55,1.4,plus,11,cost,16,0.01908452986375342,0.9692762859210429,False
8,0.55,1.4,plus,11,cost,32,0.005748503860499632,0.9923463011410314,False
8,0.55,1.4,plus,11,cost,64,0.0002060567292134774,0.9998481635226157,True
8,0.55,1.4,plus,11,cost,96,3.4948511210775024e-05,0.9999745172555146,True
8,0.55,1.4,plus,11,cost,128,2.19825118943362e-05,0.9999847578301314,True
8,0.55,1.4,plus,11,cost,128,2.19825118943362e-05,0.9999847578301314,True
8,0.25,0.6,ghz,11,cost,7,0.14722466512381427,0.4131439018675986,False
8,0.25,0.6,ghz,11,cost,15,0.08909146017867087,0.5226966822604731,False
8,0.25,0.6,ghz,11,cost,31,0.027036612568502982,0.7145247960801253,False
8,0.25,0.6,ghz,11,cost,63,0.0058764799882110585,0.9703991581240775,False
8,0.25,0.6,ghz,11,cost,127,1.1694538094020324e-05,0.9999799141792114,True
8,0.25,0.6,ghz,11,cost,127,1.1694538094020324e-05,0.9999799141792114,True
8,0.1,0.7,plus,11,cost,0,0.34807109578208295,0.22975507020517633,False
8,0.1,0.7,plus,11,cost,16,0.08569949221875439,0.5705341297965866,False
8,0.1,0.7,plus,11,cost,32,0.016348698325309163,0.9620972718134276,False
8,0.1,0.7,plus,11,cost,96,6.452574053406046e-05,0.9999234772864029,True
8,0.1,0.7,plus,11,cost,128,1.4710203521950405e-06,0.9999980383884087,True
8,0.1,0.7,plus,11,cost,128,1.4710203521950405e-06,0.9999980383884087,True
8,0.75,1.7,ghz,11,cost,7,1.6143286309823262,0.007009808883386069,False
8,0.75,1.7,ghz,11,cost,15,0.9662236630097908,0.07293829215201712,False
8,0.75,1.7,ghz,11,cost,31,0.04413809346867237,0.946634126488399,False
8,0.75,1.7,ghz,11,cost,95,0.00012457442510904748,0.9999241426966627,True
8,0.75,1.7,ghz,11,cost,127,5.120198735175663e-05,0.9999696857249473,True
8,0.75,1.7,ghz,11,cost,127,5.120198735175663e-05,0.9999696857249473,True
8,0.4,0.9,antiphase,11,cost,6,0.7068177321641268,0.018584675449834352,False
8,0.4,0.9,antiphase,11,cost,16,0.3435168539748845,0.26806863296026656,False
8,0.4,0.9,antiphase,11,cost,32,0.03498027413034066,0.9190040985854661,False
8,0.4,0.9,antiphase,11,cost,64,0.001419890900150822,0.9967593988434694,False
8,0.4,0.9,antiphase,11,cost,96,7.11865043885318e-05,0.9999247755671706,True
8,0.4,0.9,antiphase,11,cost,128,2.8305179054832763e-05,0.9999726898462947,True
8,0.4,0.9,antiphase,11,cost,128,2.8305179054832763e-05,0.9999726898462947,True
8,0.6,1.5,plus,11,cost,0,0.15812787608998136,0.8601720849235374,False
8,0.6,1.5,plus,11,cost,16,0.024699515617215395,0.9632398126856112,False
8,0.6,1.5,plus,11,cost,32,0.005769971835210219,0.9933374832601254,False
8,0.6,1.5,plus,11,cost,64,0.0004999892512627113,0.999583419703894,True
8,0.6,1.5,plus,11,cost,128,1.5094322936892723e-05,0.9999905581038848,True
8,0.6,1.5,plus,11,cost,128,1.5094322936892723e-05,0.9999905581038848,True
8,0.3,1.8,ghz,11,cost,7,1.2238860071528874,0.028291870523513146,False
8,0.3,1.8,ghz,11,cost,15,0.7714865543670071,0.13031162892506135,False
8,0.3,1.8,ghz,11,cost,31,0.028687735911212764,0.9700691846634727,False
8,0.3,1.8,ghz,11,cost,63,3.811169465284259e-05,0.9999730753218967,True
8,0.3,1.8,ghz,11,cost,95,1.5940328230712453e-06,0.9999991717791233,True
8,0.3,1.8,ghz,11,cost,127,2.5513847945468626e-07,0.9999998663418777,True
8,0.3,1.8,ghz,11,cost,127,2.5513847945468626e-07,0.9999998663418777,True
8,0.65,2.0,ghz,11,cost,7,1.7833877062676746,0.009848025266394542,False
8,0.65,2.0,ghz,11,cost,15,0.8733864440129215,0.1464680956792506,False
8,0.65,2.0,ghz,11,cost,31,0.030440426404721777,0.9695324560333305,False
8,0.65,2.0,ghz,11,cost,95,4.1827129863669654e-05,0.9999787082258585,True
8,0.65,2.0,ghz,11,cost,127,2.0305275309162596e-05,0.9999898431902131,True
8,0.65,2.0,ghz,11,cost,127,2.0305275309162596e-05,0.9999898431902131,True
12,0.0,1.3,plus,11,cost,0,0.20135479988977897,0.570753033173425,False
12,0.0,1.3,plus,11,cost,32,0.01350541535849222,0.9415335263193819,False
12,0.0,1.3,plus,11,cost,64,0.004649397506655421,0.9766195319512588,False
12,0.0,1.3,plus,11,cost,96,0.001808166699816501,0.9903723392095936,False
12,0.0,1.3,plus,11,cost,128,0.0006763042028019584,0.9975762003616384,False
12,0.0,1.3,plus,11,cost,128,0.0006763042028019584,0.9975762003616384,False
8,0.525,1.75,ghz,11,cost,7,1.4100414585996546,0.014206672723477561,False
8,0.525,1.75,ghz,11,cost,15,0.7592102683655413,0.15624933959506293,False
8,0.525,1.75,ghz,11,cost,31,0.408893729782831,0.4815478937603576,False
8,0.525,1.75,ghz,11,cost,63,0.00039802956025569713,0.9996432781855502,True
8,0.525,1.75,ghz,11,cost,95,1.9101300757995432e-05,0.999989232111747,True
8,0.525,1.75,ghz,11,cost,127,9.0630240028311e-06,0.999994771425436,True
8,0.525,1.75,ghz,11,cost,127,9.0630240028311e-06,0.999994771425436,True
8,1.0,0.8,ghz,11,cost,7,1.200600439469377,0.0002562605951769516,False
8,1.0,0.8,ghz,11,cost,15,0.4455399092059219,0.04812229182707384,False
8,1.0,0.8,ghz,11,cost,31,0.040197304792316535,0.49145995837194906,False
8,1.0,0.8,ghz,11,cost,63,0.025827110737074666,0.6460800416991106,False
8,1.0,0.8,ghz,11,cost,95,0.0024498472169089958,0.9945471521120691,False
8,1.0,0.8,ghz,11,cost,127,0.0013654345598028694,0.9971678668739781,False
8,1.0,0.8,ghz,11,cost,127,0.0013654345598028694,0.9971678668739781,False
8,0.5,0.3,ghz,11,cost,7,0.15553738930151229,0.0076478472628483726,False
8,0.5,0.3,ghz,11,cost,15,0.1331643499534001,0.014115763872564063,False
8,0.5,0.3,ghz,11,cost,31,0.031919610190696446,0.5339531174132521,False
8,0.5,0.3,ghz,11,cost,63,0.007954078803910192,0.9257293497527078,False
8,0.5,0.3,ghz,11,cost,95,0.0025822220914499816,0.9894827470688843,False
8,0.5,0.3,ghz,11,cost,127,0.000674497462896162,0.9974423996449575,True
8,0.5,0.3,ghz,11,cost,127,0.000674497462896162,0.9974423996449575,True
8,0.8,0.6,ghz,11,fixed,7,0.7475761295690422,0.000558553013722585,False
8,0.8,0.6,ghz,11,fixed,23,0.03814200920895672,0.42631611991950064,False
8,0.15,0.8,antiphase,11,cost,6,0.9230758023813375,0.0021493169047328508,False
8,0.15,0.8,antiphase,11,cost,16,0.4945155078776311,0.07522732552327571,False
8,0.15,0.8,antiphase,11,cost,32,0.13417225575602598,0.5802721188310536,False
8,0.15,0.8,antiphase,11,cost,64,0.006651557851311329,0.9763299041815471,False
8,0.15,0.8,antiphase,11,cost,96,0.0001788576668795283,0.9997454819931576,True
8,0.15,0.8,antiphase,11,cost,128,1.8299851916703247e-05,0.999979705065185,True
8,0.15,0.8,antiphase,11,cost,128,1.8299851916703247e-05,0.999979705065185,True
8,0.25,1.3,ghz,11,cost,7,0.7130473942006509,0.05422825636741743,False
8,0.25,1.3,ghz,11,cost,15,0.45221898387009296,0.17942323849338512,False
8,0.25,1.3,ghz,11,cost,31,0.03569572729470649,0.948150543918443,False
8,0.25,1.3,ghz,11,cost,63,4.87056561617738e-05,0.9999416766660677,True
8,0.25,1.3,ghz,11,cost,95,5.699586107965615e-06,0.9999948868990772,True
8,0.25,1.3,ghz,11,cost,127,1.413264601790587e-06,0.9999989113931219,True
8,0.25,1.3,ghz,11,cost,127,1.413264601790587e-06,0.9999989113931219,True
8,0.7,1.8,plus,11,cost,0,0.15048497660640403,0.8829725167809449,False
8,0.7,1.8,plus,11,cost,16,0.03621402223799741,0.9555430109216752,False
8,0.7,1.8,plus,11,cost,32,0.005690763638228624,0.9949687225163621,False
8,0.7,1.8,plus,11,cost,64,0.0008423834726927204,0.9994767341911827,True
8,0.7,1.8,plus,11,cost,96,3.660360444524002e-05,0.9999791894782207,True
8,0.7,1.8,plus,11,cost,128,1.4546916826230216e-05,0.9999922369988384,True
8,0.7,1.8,plus,11,cost,128,1.4546916826230216e-05,0.9999922369988384,True
12,0.3,0.3,plus,11,cost,0,0.43375578950359167,0.012174405845200624,False
12,0.3,0.3,plus,11,cost,32,0.051304653635757834,0.27264532970796085,False
12,0.3,0.3,plus,11,cost,64,0.0010951580612468999,0.9875091789580113,False
12,0.3,0.3,plus,11,cost,96,0.0003887513276718361,0.9949046102008744,True
12,0.3,0.3,plus,11,cost,128,0.00018888923722733728,0.9979295737618552,True
12,0.3,0.3,plus,11,cost,128,0.00018888923722733728,0.9979295737618552,True
8,0.325,0.35,antiphase,11,cost,6,0.40122733669424754,0.00026501166797444496,False
8,0.325,0.35,antiphase,11,cost,16,0.33512092747161426,0.007764855647839113,False
8,0.325,0.35,antiphase,11,cost,32,0.10023309106122447,0.0480944045829531,False
8,0.325,0.35,antiphase,11,cost,64,0.06352625109018006,0.06508305185916899,False
8,0.325,0.35,antiphase,11,cost,96,0.00017486811411993042,0.9993913517493033,True
8,0.325,0.35,antiphase,11,cost,128,2.3937550866715007e-05,0.9999452568215977,True
8,0.325,0.35,antiphase,11,cost,128,2.3937550866715007e-05,0.9999452568215977,True
12,0.3,0.3,ghz,11,cost,11,0.03375578950359145,0.8361014419903887,False
12,0.3,0.3,ghz,11,cost,31,0.00702993835978664,0.9536147833740698,False
12,0.3,0.3,ghz,11,cost,63,0.0009587821383455856,0.9879288969920864,False
12,0.3,0.3,ghz,11,cost,95,0.0005146598127638846,0.9928419728915406,True
12,0.3,0.3,ghz,11,cost,127,0.0003717494829381292,0.994948876777861,True
12,0.3,0.3,ghz,11,cost,127,0.0003717494829381292,0.994948876777861,True
8,0.85,1.8,antiphase,11,cost,6,1.124773081901104,0.07078637872978012,False
8,0.85,1.8,antiphase,11,cost,16,0.6878466145036639,0.27778422034281797,False
8,0.85,1.8,antiphase,11,cost,32,0.050483816317257624,0.9454138208127034,False
8,0.85,1.8,antiphase,11,cost,96,0.00023228780285444728,0.9998589075306984,True
8,0.85,1.8,antiphase,11,cost,128,8.120775538777991e-05,0.999955250327382,True
8,0.85,1.8,antiphase,11,cost,128,8.120775538777991e-05,0.999955250327382,True
8,0.55,1.5,plus,11,cost,0,0.15314557485065672,0.862753375150911,False
8,0.55,1.5,plus,11,cost,16,0.01858738868817489,0.9720843286995575,False
8,0.55,1.5,plus,11,cost,32,0.004867140949567306,0.9939736166387775,False
8,0.55,1.5,plus,11,cost,64,0.00023261908761962324,0.9998241479095096,True
8,0.55,1.5,plus,11,cost,96,6.099147024563045e-05,0.9999582459111508,True
8,0.55,1.5,plus,11,cost,128,2.811353644727177e-05,0.9999822503495137,True
8,0.55,1.5,plus,11,cost,128,2.811353644727177e-05,0.9999822503495137,True
12,0.8,0.8,plus,11,cost,0,0.29518359771824504,0.46648292673523384,False
12,0.8,0.8,plus,11,cost,32,0.05658268054632506,0.7826584681648504,False
12,0.8,0.8,plus,11,cost,64,0.015954219830549714,0.914076126494409,False
12,0.8,0.8,plus,11,cost,96,0.008430526977138975,0.9535682053251631,False
12,0.8,0.8,plus,11,cost,128,0.005819176460235702,0.9779149752353791,False
12,0.8,0.8,plus,11,cost,128,0.005819176460235702,0.9779149752353791,False
8,0.95,1.2,plus,11,cost,0,0.26653121168005267,0.702430528500712,False
8,0.95,1.2,plus,11,cost,16,0.09068589298233376,0.8220904094150802,False
8,0.95,1.2,plus,11,cost,32,0.027799231429264104,0.9432653612567053,False
8,0.95,1.2,plus,11,cost,64,0.0027925393504109053,0.9969376042842438,False
8,0.95,1.2,plus,11,cost,96,0.0008302064315344193,0.9992411665615807,True
8,0.95,1.2,plus,11,cost,128,0.00039676760681661705,0.9996848085297619,True
8,0.95,1.2,plus,11,cost,128,0.00039676760681661705,0.9996848085297619,True
8,0.45,0.15,plus,37,fixed,0,0.4217268040301613,0.2479639860297743,False
8,0.45,0.15,plus,37,fixed,16,0.04648383437874726,0.4380195845880375,False
8,0.475,0.55,plus,11,fixed,0,0.2757017496456531,0.5622310492877789,False
8,0.475,0.55,plus,11,fixed,16,0.026055488712048547,0.9024482297939366,False
8,0.1,1.8,antiphase,11,cost,6,1.8317479789424234,0.010950444506155158,False
8,0.1,1.8,antiphase,11,cost,16,0.5786309966380774,0.42727307264518855,False
8,0.1,1.8,antiphase,11,cost,32,0.33904270357236177,0.5048831618755287,False
8,0.1,1.8,antiphase,11,cost,64,6.242350857155188e-05,0.9999111659017227,True
8,0.1,1.8,antiphase,11,cost,96,2.3822027646058785e-06,0.999998578876717,True
8,0.1,1.8,antiphase,11,cost,128,3.4644918089909993e-07,0.9999998016493964,True
8,0.1,1.8,antiphase,11,cost,128,3.4644918089909993e-07,0.9999998016493964,True
8,0.0,1.0,ghz,37,cost,7,0.28145772387075385,0.4215096173044162,False
8,0.0,1.0,ghz,37,cost,15,0.1603488909292894,0.5817948692983786,False
8,0.0,1.0,ghz,37,cost,31,0.0359510359226638,0.842186428472771,False
8,0.0,1.0,ghz,37,cost,63,0.004100864531067394,0.9928180087499121,False
8,0.0,1.0,ghz,37,cost,119,4.687095156441501e-11,0.9999999999558125,True
8,1.0,1.4,plus,11,cost,0,0.2533285251120194,0.743212650709643,False
8,1.0,1.4,plus,11,cost,16,0.09241068931610164,0.8781999944966623,False
8,1.0,1.4,plus,11,cost,32,0.0202123449782714,0.9712678418966015,False
8,1.0,1.4,plus,11,cost,96,0.0007662370807661745,0.9993704586677918,True
8,1.0,1.4,plus,11,cost,128,0.00047670907032038023,0.9996182468577088,True
8,1.0,1.4,plus,11,cost,128,0.00047670907032038023,0.9996182468577088,True
8,0.05,0.5,ghz,11,cost,7,0.06738577934667855,0.8562027231458563,False
8,0.05,0.5,ghz,11,cost,15,0.034915186135859755,0.9207182366878165,False
8,0.05,0.5,ghz,11,cost,31,0.0015126702047338902,0.9950092489531803,False
8,0.05,0.5,ghz,11,cost,63,0.0006846345865554326,0.9975683944099775,True
8,0.05,0.5,ghz,11,cost,127,8.717326993590291e-08,0.9999998972370443,True
8,0.05,0.5,ghz,11,cost,127,8.717326993590291e-08,0.9999998972370443,True
8,0.6,0.8,plus,11,cost,0,0.23474014103683616,0.7082125591552832,False
8,0.6,0.8,plus,11,cost,16,0.035829594538232534,0.9056142773080319,False
8,0.6,0.8,plus,11,cost,32,0.015986305470227613,0.9656325553615476,False
8,0.6,0.8,plus,11,cost,64,0.0019054298118730273,0.996914456027508,False
8,0.6,0.8,plus,11,cost,96,0.000668093946710524,0.999022533878818,True
8,0.6,0.8,plus,11,cost,128,0.000301018375966855,0.9996005704220445,True
8,0.6,0.8,plus,11,cost,128,0.000301018375966855,0.9996005704220445,True
8,0.525,0.85,ghz,11,cost,7,0.5939370696579316,0.014966115328206202,False
8,0.525,0.85,ghz,11,cost,15,0.33201646092532333,0.12781397045296036,False
8,0.525,0.85,ghz,11,cost,31,0.03158420328111822,0.9304290629553548,False
8,0.525,0.85,ghz,11,cost,63,0.003927408545287392,0.9918631944698132,False
8,0.525,0.85,ghz,11,cost,127,0.00011182866359149557,0.9998717074170002,True
8,0.525,0.85,ghz,11,cost,127,0.00011182866359149557,0.9998717074170002,True
8,0.0,1.8,plus,23,cost,0,0.14217167596568547,0.8415226516860692,False
8,0.0,1.8,plus,23,cost,16,0.009957137558152418,0.984810631165482,False
8,0.0,1.8,plus,23,cost,32,0.0018257519999029803,0.9969168041074487,False
8,0.0,1.8,plus,23,cost,128,1.1980628078500644e-06,0.9999993602840265,True
8,0.0,1.8,plus,23,cost,128,1.1980628078500644e-06,0.9999993602840265,True
8,0.8,0.2,antiphase,37,fixed,6,0.01286602517526636,0.966146344283311,False
8,0.8,0.2,antiphase,37,fixed,22,0.01286602517526636,0.966146344283311,False
8,0.6,1.7,ghz,11,cost,7,1.444684139753896,0.011259019094505678,False
8,0.6,1.7,ghz,11,cost,15,0.8699925535505884,0.09646079719730175,False
8,0.6,1.7,ghz,11,cost,31,0.04923285137189248,0.9435800479647384,False
8,0.6,1.7,ghz,11,cost,63,0.00045297314407655165,0.9996773719975433,True
8,0.6,1.7,ghz,11,cost,95,9.140044797417701e-05,0.9999440689951408,True
8,0.6,1.7,ghz,11,cost,127,3.854069066711041e-05,0.9999769394138831,True
8,0.6,1.7,ghz,11,cost,127,3.854069066711041e-05,0.9999769394138831,True
12,0.8,0.2,plus,11,cost,0,0.6126243419179824,0.004797293157030503,False
12,0.8,0.2,plus,11,cost,32,0.09982744380245497,0.23782901036685986,False
12,0.8,0.2,plus,11,cost,64,0.06749944879314018,0.24999438188427353,False
12,0.8,0.2,plus,11,cost,96,0.06581360201714996,0.2517480422680548,False
12,0.8,0.2,plus,11,cost,128,0.06484533291237311,0.2519758014554413,False
12,0.8,0.2,plus,11,cost,128,0.06484533291237311,0.2519758014554413,False
8,0.8,0.2,ghz,11,cost,7,0.612866025175266,1.0087696733655373e-07,False
8,0.8,0.2,ghz,11,cost,15,0.3026433482740585,0.00032744048198795906,False
8,0.8,0.2,ghz,11,cost,31,0.23271757532097914,0.00027923082664448046,False
8,0.8,0.2,ghz,11,cost,127,0.00025018317858394035,0.5011692030857425,False
8,0.8,0.2,ghz,11,cost,127,0.00025018317858394035,0.5011692030857425,False
8,0.55,0.8,ghz,11,cost,7,0.5789974001542241,0.012293491066175671,False
8,0.55,0.8,ghz,11,cost,15,0.39984981457772495,0.06234253299690831,False
8,0.55,0.8,ghz,11,cost,31,0.11984395441310902,0.5190417653289526,False
8,0.55,0.8,ghz,11,cost,63,0.006422028542355074,0.9856746587692948,False
8,0.55,0.8,ghz,11,cost,95,0.000747348413997706,0.9989961882454473,True
8,0.55,0.8,ghz,11,cost,127,0.00023081118174728132,0.9997133025545866,True
8,0.55,0.8,ghz,11,cost,127,0.00023081118174728132,0.9997133025545866,True
12,0.0,2.0,antiphase,11,cost,10,2.127094858504007,0.000459407434296746,False
12,0.0,2.0,antiphase,11,cost,32,0.7230364806875181,0.2100523276851516,False
12,0.0,2.0,antiphase,11,cost,64,0.47994099938011975,0.24328023915569685,False
12,0.0,2.0,antiphase,11,cost,96,0.4520560488357012,0.256180782264585,False
12,0.0,2.0,antiphase,11,cost,128,0.00042089649876331237,0.9992463607784855,True
12,0.0,2.0,antiphase,11,cost,128,0.00042089649876331237,0.9992463607784855,True
8,0.55,0.15,antiphase,11,fixed,6,0.02174241968599655,0.06324481814481525,False
8,0.55,0.15,antiphase,11,fixed,22,0.02174241968599655,0.06324481814481525,False
8,0.3,0.2,antiphase,23,fixed,6,0.4145763277349313,9.105552136202063e-07,False
8,0.3,0.2,antiphase,23,fixed,22,0.4145763277349313,9.105552136202063e-07,False
8,1.0,0.4,antiphase,11,cost,6,0.04270146929893448,0.9062370046712086,False
8,1.0,0.4,antiphase,11,cost,16,0.017432653179465518,0.9610437837259878,False
8,1.0,0.4,antiphase,11,cost,32,0.0004125138510002735,0.9991182343710101,True
8,1.0,0.4,antiphase,11,cost,64,0.0001397128026068284,0.9996966753644678,True
8,1.0,0.4,antiphase,11,cost,128,3.598312778962942e-05,0.9999158794254928,True
8,1.0,0.4,antiphase,11,cost,128,3.598312778962942e-05,0.9999158794254928,True
8,0.675,0.85,plus,11,gradient,0,0.23957178374968202,0.7162430183443944,False
8,0.675,0.85,plus,11,gradient,16,0.05411907560832585,0.8642156733103504,False
8,0.675,0.85,plus,11,gradient,32,0.017902239594537628,0.9609782814529317,False
8,0.675,0.85,plus,11,gradient,128,0.0011825987821278972,0.9983867549854286,False
8,0.675,0.85,plus,11,gradient,128,0.0011825987821278972,0.9983867549854286,False
8,0.4,0.4,plus,11,cost,0,0.3219308840753397,0.43815247226426024,False
8,0.4,0.4,plus,11,cost,16,0.022466352363846198,0.880797868623867,False
8,0.4,0.4,plus,11,cost,32,0.005311411317743486,0.9467249149622814,False
8,0.4,0.4,plus,11,cost,64,0.0026889587798164527,0.9728696829724981,False
8,0.4,0.4,plus,11,cost,96,0.0007399585376688389,0.9969154616313757,False
8,0.4,0.4,plus,11,cost,128,0.00016040618754642466,0.9996752799015189,True
8,0.4,0.4,plus,11,cost,128,0.00016040618754642466,0.9996752799015189,True
8,0.75,1.1,ghz,11,cost,7,1.0706541838136867,0.0048036762438414225,False
8,0.75,1.1,ghz,11,cost,15,0.4627173577214294,0.11619620576508288,False
8,0.75,1.1,ghz,11,cost,31,0.056168133455661406,0.8913260426146244,False
8,0.75,1.1,ghz,11,cost,63,0.0023939428306904986,0.9971157829492618,False
8,0.75,1.1,ghz,11,cost,95,0.0008673790532955916,0.9990642918875493,True
8,0.75,1.1,ghz,11,cost,127,0.0003745490367026427,0.9996387786009068,True
8,0.75,1.1,ghz,11,cost,127,0.0003745490367026427,0.9996387786009068,True
8,0.35,1.7,plus,11,cost,0,0.13005346395159356,0.8834113192823914,False
8,0.35,1.7,plus,11,cost,16,0.004436578494539045,0.9941320854827067,False
8,0.35,1.7,plus,11,cost,32,0.0011451670326394492,0.9984138638184162,False
8,0.35,1.7,plus,11,cost,64,4.5671355033194416e-05,0.9999673008915345,True
8,0.35,1.7,plus,11,cost,96,2.979453017637468e-06,0.9999983331704332,True
8,0.35,1.7,plus,11,cost,128,1.2751962479295997e-06,0.9999992842318421,True
8,0.35,1.7,plus,11,cost,128,1.2751962479295997e-06,0.9999992842318421,True
8,0.1,0.9,ghz,11,cost,7,0.263807314467714,0.35921698175358263,False
8,0.1,0.9,ghz,11,cost,15,0.15463685592039145,0.5103440611655571,False
8,0.1,0.9,ghz,11,cost,31,0.03658702377813827,0.8481056200514742,False
8,0.1,0.9,ghz,11,cost,63,0.002305805557175855,0.9961460798043417,False
8,0.1,0.9,ghz,11,cost,127,5.3320955744062815e-06,0.9999947857390495,True
8,0.1,0.9,ghz,11,cost,127,5.3320955744062815e-06,0.9999947857390495,True
8,0.45,1.7,plus,11,cost,0,0.13323813390527217,0.8861721063880001,False
8,0.45,1.7,plus,11,cost,16,0.010386143185785457,0.986151633832921,False
8,0.45,1.7,plus,11,cost,32,0.0024336814826553255,0.9970338943990403,False
8,0.45,1.7,plus,11,cost,64,6.091329127810852e-05,0.9999607650903951,True
8,0.45,1.7,plus,11,cost,96,1.208575948319357e-05,0.9999930670296977,True
8,0.45,1.7,plus,11,cost,128,2.795967264379584e-06,0.9999984513435255,True
8,0.45,1.7,plus,11,cost,128,2.795967264379584e-06,0.9999984513435255,True
8,0.8,1.2,plus,23,gradient,0,0.22020608676578757,0.7758501240364228,False
8,0.8,1.2,plus,23,gradient,32,0.018336396072964556,0.9709284559227316,False
8,0.8,1.2,plus,23,gradient,64,0.006022180424803736,0.9928683522157234,False
8,0.8,1.2,plus,23,gradient,128,0.000616723527271823,0.9994465694725638,True
8,0.8,1.2,plus,23,gradient,128,0.000616723527271823,0.9994465694725638,True
8,0.8,0.5,plus,23,cost,0,0.39494708173145954,0.2646472959279824,False
8,0.8,0.5,plus,23,cost,16,0.13156611249538563,0.3645241818067304,False
8,0.8,0.5,plus,23,cost,32,0.014702145905011177,0.9419512276519837,False
8,0.8,0.5,plus,23,cost,96,0.002013826631536486,0.9889280605371716,False
8,0.8,0.5,plus,23,cost,128,0.0013122140111051506,0.9945995910317151,False
8,0.8,0.5,plus,23,cost,128,0.0013122140111051506,0.9945995910317151,False
8,0.475,1.75,plus,11,gradient,0,0.131694706481277,0.8908487389134923,False
8,0.475,1.75,plus,11,gradient,16,0.010788148759847571,0.9859951737863737,False
8,0.475,1.75,plus,11,gradient,32,0.004418684577486731,0.9943425747942551,False
8,0.475,1.75,plus,11,gradient,64,0.002588779472920022,0.996953945666966,False
8,0.475,1.75,plus,11,gradient,128,3.062438272216639e-05,0.9999813600537717,True
8,0.475,1.75,plus,11,gradient,128,3.062438272216639e-05,0.9999813600537717,True
8,0.975,0.85,ghz,11,cost,7,1.1895215515102668,0.0004596855162958406,False
8,0.975,0.85,ghz,11,cost,15,0.14903732182921559,0.30771418168066267,False
8,0.975,0.85,ghz,11,cost,31,0.05953832661931213,0.4552566179711052,False
8,0.975,0.85,ghz,11,cost,63,0.026135471887331896,0.7778261834348323,False
8,0.975,0.85,ghz,11,cost,127,0.0018715412563334866,0.9967915143477778,False
8,0.975,0.85,ghz,11,cost,127,0.0018715412563334866,0.9967915143477778,False
8,0.7,0.1,antiphase,11,cost,6,0.0036089767555277374,0.9894644309440875,False
8,0.7,0.1,antiphase,11,cost,16,0.0013739604858128418,0.995964961145526,False
8,0.7,0.1,antiphase,11,cost,32,1.0352506121913407e-05,0.9999508927554547,True
8,0.7,0.1,antiphase,11,cost,64,5.273991547039003e-06,0.999974964768898,True
8,0.7,0.1,antiphase,11,cost,104,3.726357232780586e-07,0.9999982356593962,True
8,0.0,2.0,antiphase,11,cost,6,2.12727055878507,0.009435505281920335,False
8,0.0,2.0,antiphase,11,cost,16,1.1097276670493343,0.2382133364519487,False
8,0.0,2.0,antiphase,11,cost,32,0.8220856188372081,0.25583466045558295,False
8,0.0,2.0,antiphase,11,cost,64,0.00047880552585688463,0.9993555372295135,False
8,0.0,2.0,antiphase,11,cost,128,1.0185084509117814e-06,0.9999995021128696,True
8,0.0,2.0,antiphase,11,cost,128,1.0185084509117814e-06,0.9999995021128696,True
8,0.0,1.8,antiphase,37,fixed,6,1.9421716759656826,0.008353127322230923,False
8,0.0,1.8,antiphase,37,fixed,22,1.9421716759656826,0.008669447358640212,False
12,0.0,0.5,ghz,11,cost,11,0.06354742925200425,0.8166460478752428,False
12,0.0,0.5,ghz,11,cost,31,0.011626970873072443,0.9625755363571047,False
12,0.0,0.5,ghz,11,cost,63,0.0006599618900982781,0.9974151076905478,True
12,0.0,0.5,ghz,11,cost,95,0.000177630542308016,0.9992800204245286,True
12,0.0,0.5,ghz,11,cost,127,2.6920834149457562e-05,0.9998836875374104,True
12,0.0,0.5,ghz,11,cost,127,2.6920834149457562e-05,0.9998836875374104,True
8,0.0,0.2,plus,37,cost,0,0.8100253198889197,0.017434082290676986,False
8,0.0,0.2,plus,37,cost,78,1.0257234395183445e-08,0.9999999795179152,True
8,0.65,1.6,antiphase,11,cost,6,1.106922521253772,0.047365628079694196,False
8,0.65,1.6,antiphase,11,cost,16,0.6830793826160524,0.24009804291850645,False
8,0.65,1.6,antiphase,11,cost,32,0.04141980382911781,0.9477683713411199,False
8,0.65,1.6,antiphase,11,cost,64,0.001569005924657807,0.9984437779719236,False
8,0.65,1.6,antiphase,11,cost,96,0.0002639585157835356,0.9998276175732987,True
8,0.65,1.6,antiphase,11,cost,128,4.4391684384859076e-05,0.9999708945281758,True
8,0.65,1.6,antiphase,11,cost,128,4.4391684384859076e-05,0.9999708945281758,True
8,0.45,0.15,ghz,23,cost,7,0.02172680403016114,0.07046572400413456,False
8,0.45,0.15,ghz,23,cost,15,0.016620200004584862,0.07560788783816105,False
8,0.45,0.15,ghz,23,cost,31,0.011313212831125519,0.0902362185982963,False
8,0.45,0.15,ghz,23,cost,63,0.010733632923934477,0.11446591142488056,False
8,0.45,0.15,ghz,23,cost,95,0.002985392713933166,0.8440426271188753,False
8,0.45,0.15,ghz,23,cost,127,0.0026321244837194113,0.8764561753208316,False
8,0.45,0.15,ghz,23,cost,127,0.0026321244837194113,0.8764561753208316,False
12,0.8,0.6,plus,11,cost,0,0.34939043043371765,0.31971279680239806,False
12,0.8,0.6,plus,11,cost,32,0.05723967205702518,0.7126596338576191,False
12,0.8,0.6,plus,11,cost,64,0.019209900517882073,0.7868296329281578,False
12,0.8,0.6,plus,11,cost,96,0.012397733531747926,0.8379156992509957,False
12,0.8,0.6,plus,11,cost,128,0.01028499012950664,0.8666162895948059,False
12,0.8,0.6,plus,11,cost,128,0.01028499012950664,0.8666162895948059,False
12,0.0,1.8,ghz,11,cost,11,0.9418228899631879,0.015063939592525763,False
12,0.0,1.8,ghz,11,cost,31,0.34398012688293633,0.2334901916936488,False
12,0.0,1.8,ghz,11,cost,63,0.0019752699583050295,0.995677485244382,False
12,0.0,1.8,ghz,11,cost,95,0.0003177468231646922,0.9994709265131048,True
12,0.0,1.8,ghz,11,cost,127,3.455928217910298e-05,0.9999358809544366,True
12,0.0,1.8,ghz,11,cost,127,3.455928217910298e-05,0.9999358809544366,True
8,0.45,0.15,ghz,23,fixed,7,0.02172680403016114,0.07046572400413456,False
8,0.45,0.15,ghz,23,fixed,23,0.011545370634792773,0.08204431833146768,False
8,0.825,0.85,plus,11,gradient,0,0.2854187034614859,0.6238655695756237,False
8,0.825,0.85,plus,11,gradient,16,0.08366142671766941,0.7706919882766861,False
8,0.825,0.85,plus,11,gradient,64,0.006670053174079538,0.9858201285706031,False
8,0.825,0.85,plus,11,gradient,96,0.003187933117086761,0.994704767053096,False
8,0.825,0.85,plus,11,gradient,128,0.001590033420085346,0.9976908989063831,False
8,0.825,0.85,plus,11,gradient,128,0.001590033420085346,0.9976908989063831,False
8,0.95,1.6,plus,11,cost,0,0.2143443120259123,0.809580366487806,False
8,0.95,1.6,plus,11,cost,16,0.07977162454479214,0.8936520143775276,False
8,0.95,1.6,plus,11,cost,32,0.015630375143819375,0.9838842768071725,False
8,0.95,1.6,plus,11,cost,64,0.001035529612964714,0.9992272119637553,False
8,0.95,1.6,plus,11,cost,96,0.0004293451128214443,0.999689900935558,True
8,0.95,1.6,plus,11,cost,128,0.00019924359110845558,0.9998692099451348,True
8,0.95,1.6,plus,11,cost,128,0.00019924359110845558,0.9998692099451348,True
8,0.8,1.5,ghz,11,cost,7,1.4889957029792615,0.005391172290677537,False
8,0.8,1.5,ghz,11,cost,15,0.6696234390177846,0.11838242374672804,False
8,0.8,1.5,ghz,11,cost,31,0.06949085818458323,0.9056623003505785,False
8,0.8,1.5,ghz,11,cost,63,0.0015112909510308636,0.9988453994392296,False
8,0.8,1.5,ghz,11,cost,95,0.00035846683124840517,0.999739866147206,True
8,0.8,1.5,ghz,11,cost,127,0.00014989565841827535,0.9998934131374345,True
8,0.8,1.5,ghz,11,cost,127,0.00014989565841827535,0.9998934131374345,True
8,0.45,1.4,antiphase,11,cost,6,1.1037713298703904,0.027100088145757636,False
8,0.45,1.4,antiphase,11,cost,16,0.42818487684259776,0.38493058682994025,False
8,0.45,1.4,antiphase,11,cost,32,0.02681551072653332,0.958796347367348,False
8,0.45,1.4,antiphase,11,cost,64,0.000774124575922519,0.9989502881924878,True
8,0.45,1.4,antiphase,11,cost,96,7.543126254438981e-05,0.9999451216251154,True
8,0.45,1.4,antiphase,11,cost,128,1.5162310556648961e-05,0.9999894625552295,True
8,0.45,1.4,antiphase,11,cost,128,1.5162310556648961e-05,0.9999894625552295,True
8,0.5,0.6,plus,11,cost,0,0.26434319739172263,0.6000435108875877,False
8,0.5,0.6,plus,11,cost,16,0.024343197391734517,0.9108881282072921,False
8,0.5,0.6,plus,11,cost,32,0.013841165637097808,0.9378748444726039,False
8,0.5,0.6,plus,11,cost,64,0.002910423711628085,0.9912759359870276,False
8,0.5,0.6,plus,11,cost,128,0.0001805913159613759,0.9997017217910271,True
8,0.5,0.6,plus,11,cost,128,0.0001805913159613759,0.9997017217910271,True
8,0.325,0.85,plus,11,cost,0,0.21775388315801258,0.6882707987829805,False
8,0.325,0.85,plus,11,cost,16,0.010332674674996767,0.9760813132520412,False
8,0.325,0.85,plus,11,cost,32,0.002033851144230381,0.9917964868580115,False
8,0.325,0.85,plus,11,cost,64,0.00018859751027688887,0.9996187067769418,True
8,0.325,0.85,plus,11,cost,96,2.4498429098684937e-05,0.9999714923823815,True
8,0.325,0.85,plus,11,cost,128,1.2101689844890018e-05,0.9999853983297239,True
8,0.325,0.85,plus,11,cost,128,1.2101689844890018e-05,0.9999853983297239,True
8,0.975,0.35,ghz,11,cost,7,0.9831335550223376,6.442893467775459e-07,False
8,0.975,0.35,ghz,11,cost,15,0.017490070503329402,0.48026283964208005,False
8,0.975,0.35,ghz,11,cost,63,0.0013974809012229361,0.5021999804222775,False
8,0.975,0.35,ghz,11,cost,127,0.0012614725891919587,0.5052551724226827,False
8,0.975,0.35,ghz,11,cost,127,0.0012614725891919587,0.5052551724226827,False
8,0.15,0.2,antiphase,11,cost,6,0.71183543309811,4.052917010751989e-08,False
8,0.15,0.2,antiphase,11,cost,16,0.6620456908904335,0.0007382243880459495,False
8,0.15,0.2,antiphase,11,cost,32,0.3158226591256983,0.011304155894545543,False
8,0.15,0.2,antiphase,11,cost,64,5.5916182115645086e-06,0.9999822395449143,True
8,0.15,0.2,antiphase,11,cost,128,7.541844038172485e-08,0.9999998259934875,True
8,0.15,0.2,antiphase,11,cost,128,7.541844038172485e-08,0.9999998259934875,True
8,0.3,0.4,ghz,11,cost,7,0.06465907181181973,0.7120144585039689,False
8,0.3,0.4,ghz,11,cost,15,0.036167434033635315,0.796671252135609,False
8,0.3,0.4,ghz,11,cost,31,0.006764240651924713,0.9139853828118624,False
8,0.3,0.4,ghz,11,cost,63,0.0009505510090057623,0.9954563523807091,False
8,0.3,0.4,ghz,11,cost,95,2.126996895401856e-05,0.9999507704786235,True
8,0.3,0.4,ghz,11,cost,127,4.37941777853279e-06,0.9999908145398414,True
8,0.3,0.4,ghz,11,cost,127,4.37941777853279e-06,0.9999908145398414,True
12,0.0,1.5,plus,11,cost,0,0.1720520570870964,0.6777582146122172,False
12,0.0,1.5,plus,11,cost,32,0.005944629698348376,0.9807728653411598,False
12,0.0,1.5,plus,11,cost,64,0.0020547478644434847,0.9928297621777052,False
12,0.0,1.5,plus,11,cost,96,0.0004992538386823971,0.9982177916258117,False
12,0.0,1.5,plus,11,cost,128,0.0001737838313395912,0.9995045278622625,True
12,0.0,1.5,plus,11,cost,128,0.0001737838313395912,0.9995045278622625,True
8,0.95,1.1,antiphase,11,cost,6,0.43483872591137684,0.23288400841237572,False
8,0.95,1.1,antiphase,11,cost,16,0.2605266951381753,0.43906902701743833,False
8,0.95,1.1,antiphase,11,cost,32,0.036522844729119486,0.9190154705687454,False
8,0.95,1.1,antiphase,11,cost,64,0.005251723090932581,0.9915346419576463,False
8,0.95,1.1,antiphase,11,cost,128,0.0007241402327635704,0.9992375492700041,True
8,0.95,1.1,antiphase,11,cost,128,0.0007241402327635704,0.9992375492700041,True
8,0.7,1.9,ghz,11,cost,7,1.7446309664624267,0.008518053107830529,False
8,0.7,1.9,ghz,11,cost,15,0.9082403681345623,0.11569398662021903,False
8,0.7,1.9,ghz,11,cost,31,0.036020333819585026,0.9616159499265832,False
8,0.7,1.9,ghz,11,cost,63,0.00082124472501377,0.9993509157577467,True
8,0.7,1.9,ghz,11,cost,95,0.00013394576446668083,0.9999254386271502,True
8,0.7,1.9,ghz,11,cost,127,3.0556550644877944e-05,0.9999834493082613,True
8,0.7,1.9,ghz,11,cost,127,3.0556550644877944e-05,0.9999834493082613,True
8,0.6,1.9,ghz,11,cost,7,1.6333476823712538,0.011257588918435252,False
8,0.6,1.9,ghz,11,cost,15,0.9930235507830409,0.09580915963633978,False
8,0.6,1.9,ghz,11,cost,31,0.046501045836687016,0.9523081968864768,False
8,0.6,1.9,ghz,11,cost,63,0.0003048278530020099,0.9998124220520044,True
8,0.6,1.9,ghz,11,cost,127,1.2672586239936834e-05,0.9999932504932959,True
8,0.6,1.9,ghz,11,cost,127,1.2672586239936834e-05,0.9999932504932959,True
8,0.7,2.0,plus,11,cost,0,0.13921509318101344,0.8992205300822678,False
8,0.7,2.0,plus,11,cost,16,0.034102393689490196,0.9625024777749589,False
8,0.7,2.0,plus,11,cost,32,0.004686032831498821,0.9962172693661688,False
8,0.7,2.0,plus,11,cost,64,0.0005853392742598551,0.9996776395358153,True
8,0.7,2.0,plus,11,cost,96,2.2187257503691882e-05,0.9999886888811882,True
8,0.7,2.0,plus,11,cost,128,1.0800576042857557e-05,0.9999948118834857,True
8,0.7,2.0,plus,11,cost,128,1.0800576042857557e-05,0.9999948118834857,True
12,0.8,1.2,ghz,11,cost,11,1.2259652227220792,0.0001758465062598297,False
12,0.8,1.2,ghz,11,cost,31,0.2801909132301243,0.1194340212570167,False
12,0.8,1.2,ghz,11,cost,63,0.16927381352736148,0.3602276283031717,False
12,0.8,1.2,ghz,11,cost,95,0.011788929274746765,0.9710207423846486,False
12,0.8,1.2,ghz,11,cost,127,0.003531206776229349,0.992245755367507,False
12,0.8,1.2,ghz,11,cost,127,0.003531206776229349,0.992245755367507,False
8,0.1,0.1,antiphase,11,cost,6,0.802780778967117,7.280775585298315e-11,False
8,0.1,0.1,antiphase,11,cost,16,0.6142551566266783,9.543458225912162e-07,False
8,0.1,0.1,antiphase,11,cost,32,0.37354482625034424,3.54317458100274e-05,False
8,0.1,0.1,antiphase,11,cost,76,4.298434042038224e-08,0.9999999021913495,True
8,0.9,1.7,plus,11,cost,0,0.19292479724118383,0.8391652825787451,False
8,0.9,1.7,plus,11,cost,16,0.06923748777132221,0.9149829554779849,False
8,0.9,1.7,plus,11,cost,32,0.01195634863207462,0.9888367564813176,False
8,0.9,1.7,plus,11,cost,64,0.0008047337879384386,0.9994349220642055,True
8,0.9,1.7,plus,11,cost,96,0.0003806857217447668,0.9997584791580728,True
8,0.9,1.7,plus,11,cost,128,0.00014574091610874973,0.9999065180077263,True
8,0.9,1.7,plus,11,cost,128,0.00014574091610874973,0.9999065180077263,True
8,0.8,0.8,ghz,11,fixed,7,0.8865110832348602,0.0018445784874687094,False
8,0.8,0.8,ghz,11,fixed,23,0.09446142292088766,0.37961226419140576,False
8,0.9,0.2,ghz,11,cost,7,0.811350050098023,1.9366361305154196e-08,False
8,0.9,0.2,ghz,11,cost,15,0.37377953845090817,4.0004437493269495e-05,False
8,0.9,0.2,ghz,11,cost,31,0.33111712772465607,0.0001293705986364433,False
8,0.9,0.2,ghz,11,cost,127,0.00017270588250206664,0.5006771404949236,False
8,0.9,0.2,ghz,11,cost,127,0.00017270588250206664,0.5006771404949236,False
8,0.475,1.25,antiphase,11,cost,6,0.9429261750413741,0.029686587511788227,False
8,0.475,1.25,antiphase,11,cost,16,0.3765835936218491,0.4113237925937713,False
8,0.475,1.25,antiphase,11,cost,32,0.018872855629681773,0.9658483291543386,False
8,0.475,1.25,antiphase,11,cost,64,0.0005981257451461719,0.9993230158364514,True
8,0.475,1.25,antiphase,11,cost,96,5.8678422193647606e-05,0.999953487222734,True
8,0.475,1.25,antiphase,11,cost,128,2.0471251191533923e-05,0.9999848320354415,True
8,0.475,1.25,antiphase,11,cost,128,2.0471251191533923e-05,0.9999848320354415,True
8,0.525,1.75,plus,11,gradient,0,0.13504145859965577,0.8899419395208646,False
8,0.525,1.75,plus,11,gradient,16,0.015080682184986038,0.9806013137053939,False
8,0.525,1.75,plus,11,gradient,32,0.005836123316570019,0.9927883610299124,False
8,0.525,1.75,plus,11,gradient,64,0.003151867761786775,0.9964641949062703,False
8,0.525,1.75,plus,11,gradient,96,0.000949921435690726,0.9992009705187224,True
8,0.525,1.75,plus,11,gradient,128,2.561418798729953e-05,0.9999852820895262,True
8,0.525,1.75,plus,11,gradient,128,2.561418798729953e-05,0.9999852820895262,True
8,0.3,0.5,plus,37,gradient,0,0.31314929279091114,0.3677511084063065,False
8,0.3,0.5,plus,37,gradient,16,0.02961075924006873,0.814111796649553,False
8,0.3,0.5,plus,37,gradient,64,0.003610892527309728,0.9521776546115003,False
8,0.3,0.5,plus,37,gradient,96,9.371476314967708e-05,0.9997560887274698,True
8,0.3,0.5,plus,37,gradient,128,7.577369921185628e-06,0.9999844757229662,True
8,0.3,0.5,plus,37,gradient,128,7.577369921185628e-06,0.9999844757229662,True
12,0.0,1.6,ghz,11,cost,11,0.7605724749549885,0.023884500315504254,False
12,0.0,1.6,ghz,11,cost,31,0.24549223441018478,0.30916490618310566,False
12,0.0,1.6,ghz,11,cost,63,0.00292822230118972,0.9925686754229203,False
12,0.0,1.6,ghz,11,cost,95,0.00038655604334921395,0.9991486863936452,True
12,0.0,1.6,ghz,11,cost,127,0.00010244359147234168,0.9997866791246692,True
12,0.0,1.6,ghz,11,cost,127,0.00010244359147234168,0.9997866791246692,True
12,0.8,0.1,antiphase,11,cost,10,0.0031321548144195668,0.98823475984557,False
12,0.8,0.1,antiphase,11,cost,32,0.0002778809742564429,0.9989445905483079,True
12,0.8,0.1,antiphase,11,cost,64,8.561688240741697e-06,0.999965003384321,True
12,0.8,0.1,antiphase,11,cost,96,6.868837979586336e-06,0.9999724588370927,True
12,0.8,0.1,antiphase,11,cost,128,5.618821726856756e-06,0.9999779469618812,True
12,0.8,0.1,antiphase,11,cost,128,5.618821726856756e-06,0.9999779469618812,True
8,0.0,0.1,plus,11,cost,0,0.9025015666823318,0.01165877917927019,False
8,0.0,0.1,plus,11,cost,16,0.24408618841822993,0.498141643711501,False
8,0.0,0.1,plus,11,cost,54,8.018438135692918e-09,0.9999999837167218,True
8,0.5,0.7,antiphase,11,cost,6,0.44317756902547256,0.029711552089862432,False
8,0.5,0.7,antiphase,11,cost,16,0.2584069296100421,0.20908760760121617,False
8,0.5,0.7,antiphase,11,cost,32,0.038642199258379084,0.8729607948651966,False
8,0.5,0.7,antiphase,11,cost,64,0.004193706290230637,0.9855019283648918,False
8,0.5,0.7,antiphase,11,cost,128,0.00025766108697322654,0.9996601659145715,True
8,0.5,0.7,antiphase,11,cost,128,0.00025766108697322654,0.9996601659145715,True
8,0.95,1.6,antiphase,11,cost,6,0.8643443120259102,0.10928037637010732,False
8,0.95,1.6,antiphase,11,cost,16,0.35093642853949314,0.4942753081392773,False
8,0.95,1.6,antiphase,11,cost,32,0.042554584953765184,0.9489748170326537,False
8,0.95,1.6,antiphase,11,cost,128,0.00014598618622163606,0.9999081128016937,True
8,0.95,1.6,antiphase,11,cost,128,0.00014598618622163606,0.9999081128016937,True
8,0.45,1.4,ghz,11,cost,7,1.00377132987039,0.02023273451812029,False
8,0.45,1.4,ghz,11,cost,15,0.5960716658003331,0.14388004495677048,False
8,0.45,1.4,ghz,11,cost,31,0.2972124815545356,0.433008442402147,False
8,0.45,1.4,ghz,11,cost,63,0.00046298183928583647,0.9995368444336816,True
8,0.45,1.4,ghz,11,cost,95,4.055651429912821e-05,0.99997149996924,True
8,0.45,1.4,ghz,11,cost,127,4.075086311505771e-06,0.9999971947489046,True
8,0.45,1.4,ghz,11,cost,127,4.075086311505771e-06,0.9999971947489046,True
8,0.0,1.1,plus,23,cost,0,0.2494084590468375,0.5240703132648579,False
8,0.0,1.1,plus,23,cost,16,0.045665799039838806,0.8330243658983486,False
8,0.0,1.1,plus,23,cost,32,0.02108997093909548,0.9162078302383387,False
8,0.0,1.1,plus,23,cost,64,0.0013284986923438602,0.9982443864829678,False
8,0.0,1.1,plus,23,cost,96,0.00014657274909324336,0.9998543043502353,True
8,0.0,1.1,plus,23,cost,126,3.482399479892706e-09,0.9999999974684228,True
8,0.25,1.0,ghz,11,cost,7,0.4507457500988582,0.09150082571202002,False
8,0.25,1.0,ghz,11,cost,15,0.2968657054648166,0.18922848305159173,False
8,0.25,1.0,ghz,11,cost,31,0.04316501112923987,0.9151304112935771,False
8,0.25,1.0,ghz,11,cost,63,3.665178480760645e-05,0.9999071832975149,True
8,0.25,1.0,ghz,11,cost,95,1.3391823743713616e-05,0.9999766775503439,True
8,0.25,1.0,ghz,11,cost,127,2.8125930984224112e-06,0.9999967712896851,True
8,0.25,1.0,ghz,11,cost,127,2.8125930984224112e-06,0.9999967712896851,True
12,0.0,1.4,antiphase,11,cost,10,1.5854429543604003,0.00020235777581678694,False
12,0.0,1.4,antiphase,11,cost,32,0.5739463997352553,0.17975597362950732,False
12,0.0,1.4,antiphase,11,cost,96,0.27957436309631856,0.27719173026462984,False
12,0.0,1.4,antiphase,11,cost,128,0.2712506773099929,0.27903739335394784,False
12,0.0,1.4,antiphase,11,cost,128,0.2712506773099929,0.27903739335394784,False
8,0.3,0.4,plus,37,fixed,0,0.3646590718118202,0.17390399323898878,False
8,0.3,0.4,plus,37,fixed,16,0.07813193551835718,0.45408468291911075,False
8,0.65,0.3,plus,11,cost,0,0.3916300688623018,0.20767648538412126,False
8,0.65,0.3,plus,11,cost,16,0.08415763470011517,0.289306847308078,False
8,0.65,0.3,plus,11,cost,32,0.03494478067869311,0.4348031371151709,False
8,0.65,0.3,plus,11,cost,96,0.0045382994090299444,0.5239025058494747,False
8,0.65,0.3,plus,11,cost,128,0.0023945144595727275,0.9494949094872176,False
8,0.65,0.3,plus,11,cost,128,0.0023945144595727275,0.9494949094872176,False
8,0.825,1.25,plus,11,cost,0,0.22046386026915799,0.7790009768075776,False
8,0.825,1.25,plus,11,cost,16,0.06876051747322043,0.8801331858066863,False
8,0.825,1.25,plus,11,cost,32,0.014250264245104782,0.9778347575308098,False
8,0.825,1.25,plus,11,cost,96,0.0007684960225338155,0.9992795162336147,True
8,0.825,1.25,plus,11,cost,128,0.0003137208870080954,0.9997290048521216,True
8,0.825,1.25,plus,11,cost,128,0.0003137208870080954,0.9997290048521216,True
8,0.3,0.2,plus,23,gradient,0,0.5145763277349316,0.028532910116002473,False
8,0.3,0.2,plus,23,gradient,16,0.10244214428733045,0.4852035716647012,False
8,0.3,0.2,plus,23,gradient,32,0.002083600513576367,0.9928049364521753,False
8,0.3,0.2,plus,23,gradient,128,3.905532731662831e-07,0.9999993815221365,True
8,0.3,0.2,plus,23,gradient,128,3.905532731662831e-07,0.9999993815221365,True
8,0.75,0.1,ghz,11,cost,7,0.503361799641044,1.0124245399413559e-09,False
8,0.75,0.1,ghz,11,cost,15,0.4983478343963713,5.121630911099077e-08,False
8,0.75,0.1,ghz,11,cost,31,0.21617213272357305,6.254830034676693e-06,False
8,0.75,0.1,ghz,11,cost,63,0.21408328755106543,3.6463806600358696e-05,False
8,0.75,0.1,ghz,11,cost,95,1.9752011690243876e-05,0.500036819420717,False
8,0.75,0.1,ghz,11,cost,125,1.8822124970063747e-05,0.5000491893660978,False
8,0.75,0.9,plus,11,cost,0,0.24983439893470494,0.7054149668402868,False
8,0.75,0.9,plus,11,cost,16,0.06555589497601111,0.8410396742039993,False
8,0.75,0.9,plus,11,cost,32,0.015263234226293276,0.9594684708284782,False
8,0.75,0.9,plus,11,cost,64,0.0043422828561137106,0.9930939717631216,False
8,0.75,0.9,plus,11,cost,96,0.0018277493623826135,0.9975080091417196,False
8,0.75,0.9,plus,11,cost,128,0.00045201423597984736,0.9995293862560543,True
8,0.75,0.9,plus,11,cost,128,0.00045201423597984736,0.9995293862560543,True
8,0.2,0.5,antiphase,11,cost,6,0.6840861039063764,0.00017999013160171001,False
8,0.2,0.5,antiphase,11,cost,16,0.5504988840265126,0.012637177137838173,False
8,0.2,0.5,antiphase,11,cost,32,0.1101649450668688,0.5790034206864355,False
8,0.2,0.5,antiphase,11,cost,64,0.002977990462169622,0.9779198281808752,False
8,0.2,0.5,antiphase,11,cost,96,0.0004287205465360877,0.9987042329920129,True
8,0.2,0.5,antiphase,11,cost,128,7.645112091614337e-06,0.9999888707886984,True
8,0.2,0.5,antiphase,11,cost,128,7.645112091614337e-06,0.9999888707886984,True
8,0.5,1.6,plus,11,cost,0,0.14237892294992704,0.8756192200342471,False
8,0.5,1.6,plus,11,cost,16,0.013194049706055644,0.9812543789269942,False
8,0.5,1.6,plus,11,cost,32,0.0036823458546770826,0.9954804529166509,False
8,0.5,1.6,plus,11,cost,64,0.00011103274170731758,0.9999215771269668,True
8,0.5,1.6,plus,11,cost,96,3.387920442832204e-05,0.9999785511981918,True
8,0.5,1.6,plus,11,cost,128,8.680534182348154e-06,0.9999947797070664,True
8,0.5,1.6,plus,11,cost,128,8.680534182348154e-06,0.9999947797070664,True
8,0.3,0.2,plus,23,cost,0,0.5145763277349316,0.028532910116002473,False
8,0.3,0.2,plus,23,cost,16,0.09473090167032627,0.46179637569720794,False
8,0.3,0.2,plus,23,cost,64,2.547226622440224e-05,0.9998425842380649,True
8,0.3,0.2,plus,23,cost,96,2.88551192506592e-06,0.9999916971219814,True
8,0.3,0.2,plus,23,cost,128,2.3851829022980553e-07,0.9999996085347532,True
8,0.3,0.2,plus,23,cost,128,2.3851829022980553e-07,0.9999996085347532,True
8,0.55,0.15,ghz,23,fixed,7,0.12174241968599653,0.0005756623987300661,False
8,0.55,0.15,ghz,23,fixed,23,0.10932463853693097,0.0019282757543351973,False
12,0.8,1.2,plus,11,cost,0,0.22596522272207853,0.6572162242170823,False
12,0.8,1.2,plus,11,cost,32,0.04231490284070727,0.8821140115861117,False
12,0.8,1.2,plus,11,cost,64,0.01230731176524428,0.9680275256395899,False
12,0.8,1.2,plus,11,cost,96,0.00471238720330162,0.9888303586953662,False
12,0.8,1.2,plus,11,cost,128,0.0023524107407505803,0.9944815272849727,False
12,0.8,1.2,plus,11,cost,128,0.0023524107407505803,0.9944815272849727,False
8,0.55,0.6,ghz,11,cost,7,0.417437046125139,0.0100236100987061,False
8,0.55,0.6,ghz,11,cost,15,0.2299365876533126,0.1102340540944312,False
8,0.55,0.6,ghz,11,cost,31,0.05272175581429295,0.767053051764973,False
8,0.55,0.6,ghz,11,cost,63,0.004655977597196048,0.9867308877111968,False
8,0.55,0.6,ghz,11,cost,95,0.001189793524910443,0.9976621233322124,False
8,0.55,0.6,ghz,11,cost,127,0.0003760332224618246,0.9993317118060565,True
8,0.55,0.6,ghz,11,cost,127,0.0003760332224618246,0.9993317118060565,True
8,0.675,1.25,plus,11,gradient,0,0.1894112447230727,0.8155595429928644,False
8,0.675,1.25,plus,11,gradient,16,0.03927486728674712,0.9305062008779342,False
8,0.675,1.25,plus,11,gradient,32,0.017884031400079436,0.9714195520173138,False
8,0.675,1.25,plus,11,gradient,64,0.0023986506986906075,0.9970587833649271,False
8,0.675,1.25,plus,11,gradient,128,0.0002288275853952193,0.9998022987894792,True
8,0.675,1.25,plus,11,gradient,128,0.0002288275853952193,0.9998022987894792,True
8,0.3,0.4,plus,11,cost,0,0.3646590718118202,0.17390399323898878,False
8,0.3,0.4,plus,11,cost,16,0.05062003246505631,0.5485324563924782,False
8,0.3,0.4,plus,11,cost,32,0.017926289590453726,0.7512811395803592,False
8,0.3,0.4,plus,11,cost,64,0.0001757919051206258,0.9994587464959444,True
8,0.3,0.4,plus,11,cost,96,2.409306297224134e-05,0.9999512904443956,True
8,0.3,0.4,plus,11,cost,128,4.051616133260438e-06,0.9999926186807092,True
8,0.3,0.4,plus,11,cost,128,4.051616133260438e-06,0.9999926186807092,True
12,0.8,0.4,ghz,11,cost,11,0.6529951715909957,8.632040593034885e-08,False
12,0.8,0.4,ghz,11,cost,31,0.15830540186067518,0.001232043740121443,False
12,0.8,0.4,ghz,11,cost,63,0.07112936400991643,0.007275715776212905,False
12,0.8,0.4,ghz,11,cost,95,0.06469587522718638,0.010785016071250143,False
12,0.8,0.4,ghz,11,cost,127,0.0614262498696417,0.015361676885970845,False
12,0.8,0.4,ghz,11,cost,127,0.0614262498696417,0.015361676885970845,False
8,1.0,0.6,antiphase,11,cost,6,0.10369065596334748,0.7560075791635825,False
8,1.0,0.6,antiphase,11,cost,16,0.049860923615724584,0.8722110816868572,False
8,1.0,0.6,antiphase,11,cost,32,0.0029950499348085913,0.9919474520650855,False
8,1.0,0.6,antiphase,11,cost,64,0.0007234771687500974,0.9981826132503059,True
8,1.0,0.6,antiphase,11,cost,128,0.00026699639250926666,0.9994248113193974,True
8,1.0,0.6,antiphase,11,cost,128,0.00026699639250926666,0.9994248113193974,True
8,0.75,0.6,plus,11,cost,0,0.3184676383587195,0.5028640957351938,False
8,0.75,0.6,plus,11,cost,16,0.0888660433941767,0.6241631240323389,False
8,0.75,0.6,plus,11,cost,32,0.021686052567921887,0.888373962955042,False
8,0.75,0.6,plus,11,cost,64,0.007949919651998871,0.9643960449826833,False
8,0.75,0.6,plus,11,cost,96,0.006127121961087667,0.9771127580219185,False
8,0.75,0.6,plus,11,cost,128,0.0023827749902649575,0.9948721599342759,False
8,0.75,0.6,plus,11,cost,128,0.0023827749902649575,0.9948721599342759,False
8,0.0,1.0,ghz,37,fixed,7,0.28145772387075385,0.4215096173044162,False
8,0.0,1.0,ghz,37,fixed,23,0.04142938685543274,0.8300655147697574,False
12,0.8,0.8,ghz,11,cost,11,0.895183597718249,5.014087656493122e-05,False
12,0.8,0.8,ghz,11,cost,31,0.16621709022032918,0.18130919533502643,False
12,0.8,0.8,ghz,11,cost,63,0.06496802625151925,0.552728029144787,False
12,0.8,0.8,ghz,11,cost,95,0.011942039632830248,0.951061948290903,False
12,0.8,0.8,ghz,11,cost,127,0.006128185135660343,0.9777340274319026,False
12,0.8,0.8,ghz,11,cost,127,0.006128185135660343,0.9777340274319026,False
8,0.8,1.4,ghz,11,cost,7,1.3983175387143032,0.005035104595124524,False
8,0.8,1.4,ghz,11,cost,15,0.6303990823840604,0.11684538723672053,False
8,0.8,1.4,ghz,11,cost,31,0.05713364216650918,0.9136468455345227,False
8,0.8,1.4,ghz,11,cost,95,0.0005605649341142716,0.9995465932558437,True
8,0.8,1.4,ghz,11,cost,127,0.00016983038099382952,0.9998720169890734,True
8,0.8,1.4,ghz,11,cost,127,0.00016983038099382952,0.9998720169890734,True
8,0.8,0.1,ghz,11,cost,7,0.6031473749784426,3.7448059163241755e-10,False
8,0.8,0.1,ghz,11,cost,15,0.5967281402822824,4.2398330116133577e-07,False
8,0.8,0.1,ghz,11,cost,31,0.2659592900998249,3.61930914412206e-06,False
8,0.8,0.1,ghz,11,cost,63,0.26390342941470957,3.184992729725276e-05,False
8,0.8,0.1,ghz,11,cost,95,0.2612749113201436,0.00020160636647484185,False
8,0.8,0.1,ghz,11,cost,119,1.5496635076162057e-05,0.5000619276496036,False
8,0.8,1.9,antiphase,11,cost,6,1.259228792577528,0.05893231926248871,False
8,0.8,1.9,antiphase,11,cost,16,0.46525685092110614,0.4611740162289076,False
8,0.8,1.9,antiphase,11,cost,32,0.0356131536780846,0.961032592563924,False
8,0.8,1.9,antiphase,11,cost,64,0.0010255770259974817,0.9993653284566452,False
8,0.8,1.9,antiphase,11,cost,96,0.00028226106361062264,0.9998423121888135,True
8,0.8,1.9,antiphase,11,cost,128,8.556435165996135e-05,0.9999525804327865,True
8,0.8,1.9,antiphase,11,cost,128,8.556435165996135e-05,0.9999525804327865,True
8,0.025,0.35,ghz,11,cost,7,0.0317001786801423,0.9350029915560393,False
8,0.025,0.35,ghz,11,cost,15,0.01605669416113409,0.9663283290501249,False
8,0.025,0.35,ghz,11,cost,31,0.0002473846743296093,0.9993876543675406,True
8,0.025,0.35,ghz,11,cost,63,6.050702627380389e-05,0.9998391755868827,True
8,0.025,0.35,ghz,11,cost,95,8.923437334829032e-06,0.9999800720666824,True
8,0.025,0.35,ghz,11,cost,121,2.2004673638775785e-09,0.9999999975898064,True
8,0.175,0.35,plus,11,cost,0,0.513013435089824,0.048772568725760274,False
8,0.175,0.35,plus,11,cost,16,0.1256970195188848,0.44886360003684933,False
8,0.175,0.35,plus,11,cost,32,0.0007697181320339697,0.9975352914346565,True
8,0.175,0.35,plus,11,cost,96,4.4515160876335e-06,0.9999896896438362,True
8,0.175,0.35,plus,11,cost,124,2.0217378626785631e-07,0.9999997251675772,True
8,0.65,2.0,antiphase,11,cost,6,1.4833877062676746,0.04019723276053849,False
8,0.65,2.0,antiphase,11,cost,16,0.8892358341474103,0.24762352217252187,False
8,0.65,2.0,antiphase,11,cost,32,0.03685727989362775,0.9628375845318148,False
8,0.65,2.0,antiphase,11,cost,64,0.0008121338922619792,0.9993897880861541,True
8,0.65,2.0,antiphase,11,cost,96,6.183297486606065e-05,0.9999678637529704,True
8,0.65,2.0,antiphase,11,cost,128,1.9222201658841698e-05,0.9999900884017131,True
8,0.65,2.0,antiphase,11,cost,128,1.9222201658841698e-05,0.9999900884017131,True
8,0.25,1.1,ghz,11,cost,7,0.5363365090815925,0.07440535200583133,False
8,0.25,1.1,ghz,11,cost,15,0.3442993569909094,0.19412778564187957,False
8,0.25,1.1,ghz,11,cost,31,0.03949615512541982,0.9319327701882112,False
8,0.25,1.1,ghz,11,cost,63,4.9317537511583964e-05,0.9998927477578265,True
8,0.25,1.1,ghz,11,cost,95,9.873787448100302e-06,0.9999886886508111,True
8,0.25,1.1,ghz,11,cost,127,1.922852260083374e-06,0.9999982835412109,True
8,0.25,1.1,ghz,11,cost,127,1.922852260083374e-06,0.9999982835412109,True
12,0.0,1.1,ghz,11,cost,11,0.34517074873825154,0.1646644231923276,False
12,0.0,1.1,ghz,11,cost,31,0.10711668280892155,0.4512062249606633,False
12,0.0,1.1,ghz,11,cost,63,0.0258669487445351,0.9079274934265156,False
12,0.0,1.1,ghz,11,cost,95,0.00712792448603435,0.9641034126189045,False
12,0.0,1.1,ghz,11,cost,127,0.0017960466196977147,0.9953226686235432,False
12,0.0,1.1,ghz,11,cost,127,0.0017960466196977147,0.9953226686235432,False
8,0.9,1.9,antiphase,11,cost,6,1.1773349643245803,0.07407377136420536,False
8,0.9,1.9,antiphase,11,cost,16,0.443194605712121,0.4764411420487799,False
8,0.9,1.9,antiphase,11,cost,32,0.03926302035811835,0.9582039490079363,False
8,0.9,1.9,antiphase,11,cost,96,0.00030828181912179176,0.9998237856389354,True
8,0.9,1.9,antiphase,11,cost,128,7.688030434760407e-05,0.999956229691976,True
8,0.9,1.9,antiphase,11,cost,128,7.688030434760407e-05,0.999956229691976,True
12,0.3,1.4,antiphase,11,cost,10,1.2516446148026334,0.0010570368378869067,False
12,0.3,1.4,antiphase,11,cost,32,0.5561211747928066,0.19363009350722077,False
12,0.3,1.4,antiphase,11,cost,64,0.3348626730134961,0.24426727024266306,False
12,0.3,1.4,antiphase,11,cost,96,0.3052167667317658,0.25301326923647627,False
12,0.3,1.4,antiphase,11,cost,128,0.29874903713407325,0.26127921457744113,False
12,0.3,1.4,antiphase,11,cost,128,0.29874903713407325,0.26127921457744113,False
8,0.25,0.1,ghz,11,cost,7,0.003343495092844706,0.9910239020020047,False
8,0.25,0.1,ghz,11,cost,15,0.001677600259376577,0.9954722923802966,False
8,0.25,0.1,ghz,11,cost,31,7.765713591734169e-06,0.9999684656307506,True
8,0.25,0.1,ghz,11,cost,63,3.9625607173299215e-07,0.9999985788099182,True
8,0.25,0.1,ghz,11,cost,79,2.9377669585883837e-07,0.9999987525118623,True
8,0.3,0.5,ghz,23,fixed,7,0.1131492927909108,0.4122106125931625,False
8,0.3,0.5,ghz,23,fixed,23,0.026119090634004527,0.6406104673875436,False
8,0.1,1.9,ghz,11,cost,7,1.125098463036855,0.04919127681679922,False
8,0.1,1.9,ghz,11,cost,15,0.7034814714949409,0.1678411379316583,False
8,0.1,1.9,ghz,11,cost,31,0.01614562657287122,0.9826652943735538,False
8,0.1,1.9,ghz,11,cost,63,6.306368570463405e-06,0.9999950977933921,True
8,0.1,1.9,ghz,11,cost,95,3.287425323073023e-07,0.9999998121339758,True
8,0.1,1.9,ghz,11,cost,127,5.883682652196853e-08,0.9999999680218778,True
8,0.1,1.9,ghz,11,cost,127,5.883682652196853e-08,0.9999999680218778,True
8,0.6,0.9,plus,11,cost,0,0.21946249859950295,0.741925236248681,False
8,0.6,0.9,plus,11,cost,16,0.031135919858240158,0.9262181382362905,False
8,0.6,0.9,plus,11,cost,32,0.013640660102770985,0.9736273076248025,False
8,0.6,0.9,plus,11,cost,64,0.0010971771755645676,0.9984415835504957,False
8,0.6,0.9,plus,11,cost,96,0.00033107096188556007,0.9996262205969044,True
8,0.6,0.9,plus,11,cost,128,0.000178268745547161,0.9998125461713098,True
8,0.6,0.9,plus,11,cost,128,0.000178268745547161,0.9998125461713098,True
8,0.25,0.5,plus,11,cost,0,0.3444396313388068,0.22112638201017754,False
8,0.25,0.5,plus,11,cost,16,0.04598893595429199,0.6210766054255641,False
8,0.25,0.5,plus,11,cost,32,0.016772371410180176,0.9111093395673584,False
8,0.25,0.5,plus,11,cost,64,0.00036938120858742707,0.9991684688211513,True
8,0.25,0.5,plus,11,cost,96,3.873099543327818e-05,0.9999370134147118,True
8,0.25,0.5,plus,11,cost,128,1.076022389168152e-05,0.9999827620785974,True
8,0.25,0.5,plus,11,cost,128,1.076022389168152e-05,0.9999827620785974,True
8,0.15,1.7,ghz,11,cost,7,0.9851671276655927,0.0510421582557763,False
8,0.15,1.7,ghz,11,cost,15,0.6020975593166353,0.19099190061349908,False
8,0.15,1.7,ghz,11,cost,31,0.031590738096271664,0.9634420898026385,False
8,0.15,1.7,ghz,11,cost,63,2.0173838111148257e-06,0.9999984738945833,True
8,0.15,1.7,ghz,11,cost,95,7.216025599277032e-08,0.9999999577132057,True
8,0.15,1.7,ghz,11,cost,101,1.8915270239006077e-08,0.9999999890232487,True
8,0.6,1.0,antiphase,11,cost,6,0.6060892873208582,0.05505421570398834,False
8,0.6,1.0,antiphase,11,cost,16,0.39828208810786947,0.19870247557226148,False
8,0.6,1.0,antiphase,11,cost,32,0.04838998408006878,0.8997566973374979,False
8,0.6,1.0,antiphase,11,cost,64,0.0030838672472335293,0.9953883616075208,False
8,0.6,1.0,antiphase,11,cost,96,0.0005601317052716936,0.9993999178064139,True
8,0.6,1.0,antiphase,11,cost,128,0.00020912312513821085,0.9997840196931868,True
8,0.6,1.0,antiphase,11,cost,128,0.00020912312513821085,0.9997840196931868,True
8,0.55,0.3,plus,11,cost,0,0.3567055446270585,0.3817114941961171,False
8,0.55,0.3,plus,11,cost,16,0.05006000985407433,0.6699809986041338,False
8,0.55,0.3,plus,11,cost,32,0.02954164249800917,0.8172889192779121,False
8,0.55,0.3,plus,11,cost,64,0.010626464264288593,0.9187212162567605,False
8,0.55,0.3,plus,11,cost,96,0.0018481591434387212,0.9905709783680943,False
8,0.55,0.3,plus,11,cost,128,0.0007001744102379526,0.9964060985760159,True
8,0.55,0.3,plus,11,cost,128,0.0007001744102379526,0.9964060985760159,True
8,0.2,1.0,antiphase,11,cost,6,1.0083967875544115,0.007046994283646768,False
8,0.2,1.0,antiphase,11,cost,16,0.4247155846637565,0.2901091805229518,False
8,0.2,1.0,antiphase,11,cost,32,0.02757727740458238,0.9341965800176496,False
8,0.2,1.0,antiphase,11,cost,64,0.000300955975020889,0.9991707204434436,False
8,0.2,1.0,antiphase,11,cost,96,2.095439086469142e-06,0.9999974835493877,True
8,0.2,1.0,antiphase,11,cost,128,3.3500285745446945e-07,0.999999682106584,True
8,0.2,1.0,antiphase,11,cost,128,3.3500285745446945e-07,0.999999682106584,True
8,0.8,0.2,ghz,11,fixed,7,0.612866025175266,1.0087696733655373e-07,False
8,0.8,0.2,ghz,11,fixed,23,0.0004133776061459038,0.4998631612946367,False
8,0.5,1.9,plus,11,cost,0,0.12524615769069425,0.9029037666809603,False
8,0.5,1.9,plus,11,cost,16,0.012510245861107272,0.9851963122157238,False
8,0.5,1.9,plus,11,cost,32,0.00257057353049861,0.9974063539778325,False
8,0.5,1.9,plus,11,cost,64,6.476089437423838e-05,0.9999632275851099,True
8,0.5,1.9,plus,11,cost,96,1.6263465060006865e-05,0.9999915678796599,True
8,0.5,1.9,plus,11,cost,128,3.248856420334789e-06,0.9999983607475985,True
8,0.5,1.9,plus,11,cost,128,3.248856420334789e-06,0.9999983607475985,True
8,0.85,0.5,antiphase,11,cost,6,0.08610219424689103,0.7453205561366512,False
8,0.85,0.5,antiphase,11,cost,16,0.03898163284493994,0.8723817637917488,False
8,0.85,0.5,antiphase,11,cost,32,0.004186398025891824,0.9814406790377147,False
8,0.85,0.5,antiphase,11,cost,64,0.0017379656954711331,0.9926445217103289,False
8,0.85,0.5,antiphase,11,cost,96,0.0010003987475382115,0.9956668436910503,False
8,0.85,0.5,antiphase,11,cost,128,0.0006210684996076354,0.9979169571820957,True
8,0.85,0.5,antiphase,11,cost,128,0.0006210684996076354,0.9979169571820957,True
8,0.8,0.9,plus,11,cost,0,0.2655854892123407,0.6738978955989869,False
8,0.8,0.9,plus,11,cost,16,0.07259391889211386,0.8059618237723096,False
8,0.8,0.9,plus,11,cost,32,0.022548791195390994,0.9410766962010644,False
8,0.8,0.9,plus,11,cost,128,0.0011261696702646873,0.9986455863723707,False
8,0.8,0.9,plus,11,cost,128,0.0011261696702646873,0.9986455863723707,False
8,0.45,1.3,plus,11,cost,0,0.162122299569059,0.8338562904164375,False
8,0.45,1.3,plus,11,cost,16,0.009890346819712015,0.9823404857103673,False
8,0.45,1.3,plus,11,cost,32,0.004116333509835091,0.9928631369536317,False
8,0.45,1.3,plus,11,cost,64,0.0003986308377967873,0.9995644050485701,True
8,0.45,1.3,plus,11,cost,96,2.873736478781197e-05,0.9999785291963873,True
8,0.45,1.3,plus,11,cost,128,6.238021396320903e-06,0.9999953682235511,True
8,0.45,1.3,plus,11,cost,128,6.238021396320903e-06,0.9999953682235511,True
8,0.2,0.3,ghz,11,cost,7,0.028700686054906277,0.9254779113928708,False
8,0.2,0.3,ghz,11,cost,15,0.01473711808379874,0.960037027779612,False
8,0.2,0.3,ghz,11,cost,31,0.00046663634955657063,0.997999671310609,True
8,0.2,0.3,ghz,11,cost,63,0.00012427577262863476,0.9994118555780725,True
8,0.2,0.3,ghz,11,cost,95,5.6296572819247714e-05,0.9997458939345676,True
8,0.2,0.3,ghz,11,cost,127,3.447995849947816e-07,0.9999994927882713,True
8,0.2,0.3,ghz,11,cost,127,3.447995849947816e-07,0.9999994927882713,True
8,0.1,1.7,plus,11,cost,0,0.13916732652436536,0.8506284067843808,False
8,0.1,1.7,plus,11,cost,16,0.004687198759150801,0.9932454768012248,False
8,0.1,1.7,plus,11,cost,32,0.0005830302814262556,0.9991034405491052,False
8,0.1,1.7,plus,11,cost,64,8.272167016487586e-06,0.9999939883917416,True
8,0.1,1.7,plus,11,cost,112,1.612965576658354e-07,0.9999999089778963,True
8,0.8,0.2,antiphase,11,fixed,6,0.01286602517526636,0.966146344283311,False
8,0.8,0.2,antiphase,11,fixed,22,0.01286602517526636,0.966146344283311,False
8,0.55,1.3,antiphase,11,cost,6,0.919067701926545,0.038920007219656674,False
8,0.55,1.3,antiphase,11,cost,16,0.37744078441438056,0.3830075409203783,False
8,0.55,1.3,antiphase,11,cost,32,0.03113263267845734,0.9486639048410866,False
8,0.55,1.3,antiphase,11,cost,64,0.0014055127652847776,0.9982805241190286,False
8,0.55,1.3,antiphase,11,cost,96,0.00014498206693236426,0.9998864038548588,True
8,0.55,1.3,antiphase,11,cost,128,4.992247397961336e-05,0.9999617521441873,True
8,0.55,1.3,antiphase,11,cost,128,4.992247397961336e-05,0.9999617521441873,True
8,0.95,0.5,antiphase,11,cost,6,0.0737779172851396,0.8190016957120304,False
8,0.95,0.5,antiphase,11,cost,16,0.03185164730169443,0.9180912873617149,False
8,0.95,0.5,antiphase,11,cost,32,0.0017509528223211834,0.9949476335933448,False
8,0.95,0.5,antiphase,11,cost,64,0.00045342452514862686,0.9987203201745957,True
8,0.95,0.5,antiphase,11,cost,96,0.00022668554051397116,0.9993696751195001,True
8,0.95,0.5,antiphase,11,cost,128,0.00014987078143180455,0.999637746381113,True
8,0.95,0.5,antiphase,11,cost,128,0.00014987078143180455,0.999637746381113,True
8,0.0,1.1,ghz,37,fixed,7,0.3494084590468365,0.3223640575305645,False
8,0.0,1.1,ghz,37,fixed,23,0.06003604391842754,0.7730260654338825,False
8,0.05,1.4,ghz,11,cost,7,0.6262680282872011,0.12055660408829895,False
8,0.05,1.4,ghz,11,cost,15,0.3852307441644758,0.26511886839145066,False
8,0.05,1.4,ghz,11,cost,31,0.043585350028760406,0.9349574200889424,False
8,0.05,1.4,ghz,11,cost,63,0.00020134856612319396,0.9998261672077203,True
8,0.05,1.4,ghz,11,cost,95,1.2706607749768395e-05,0.9999902102567727,True
8,0.05,1.4,ghz,11,cost,127,1.5949375651302944e-06,0.999998899793423,True
8,0.05,1.4,ghz,11,cost,127,1.5949375651302944e-06,0.999998899793423,True
8,0.75,0.6,antiphase,11,cost,6,0.16846763835871903,0.3696259436437606,False
8,0.75,0.6,antiphase,11,cost,16,0.0889117380063793,0.5712054403616255,False
8,0.75,0.6,antiphase,11,cost,32,0.02582495277523711,0.8253987124650715,False
8,0.75,0.6,antiphase,11,cost,64,0.009612517929725728,0.9605690440722506,False
8,0.75,0.6,antiphase,11,cost,96,0.005236352218974005,0.9833057502955367,False
8,0.75,0.6,antiphase,11,cost,128,0.0023417759052610787,0.9928116516069317,False
8,0.75,0.6,antiphase,11,cost,128,0.0023417759052610787,0.9928116516069317,False
8,0.8,0.6,antiphase,37,fixed,6,0.14757612956904254,0.4979944003938477,False
8,0.8,0.6,antiphase,37,fixed,22,0.14757612956904254,0.4979944003938477,False
8,0.95,0.6,antiphase,11,cost,6,0.11132837027845532,0.7176417107296816,False
8,0.95,0.6,antiphase,11,cost,16,0.05034449877807323,0.861923874184431,False
8,0.95,0.6,antiphase,11,cost,32,0.004329963707016216,0.98602954128686,False
8,0.95,0.6,antiphase,11,cost,64,0.00118365067509707,0.9965426608834067,False
8,0.95,0.6,antiphase,11,cost,96,0.0006845664745067648,0.9980520671537277,True
8,0.95,0.6,antiphase,11,cost,128,0.0004235531257581471,0.9990178052930094,True
8,0.95,0.6,antiphase,11,cost,128,0.0004235531257581471,0.9990178052930094,True
8,0.2,1.9,plus,11,cost,0,0.11997420077619525,0.8919896387622275,False
8,0.2,1.9,plus,11,cost,16,0.0018807480979412539,0.9980704532741631,False
8,0.2,1.9,plus,11,cost,32,8.654700582555463e-05,0.9998861750146222,True
8,0.2,1.9,plus,11,cost,64,3.2303128461030894e-06,0.99999789991298,True
8,0.2,1.9,plus,11,cost,128,2.3569677454204907e-07,0.9999998837713544,True
8,0.2,1.9,plus,11,cost,128,2.3569677454204907e-07,0.9999998837713544,True
8,0.45,1.6,plus,11,cost,0,0.1394379620645656,0.8757072652861619,False
8,0.45,1.6,plus,11,cost,16,0.010556861611864754,0.9849651988960882,False
8,0.45,1.6,plus,11,cost,32,0.002703671291116372,0.9964368653392843,False
8,0.45,1.6,plus,11,cost,64,8.398835584966236e-05,0.9999392272502925,True
8,0.45,1.6,plus,11,cost,128,3.68686669482976e-06,0.9999978617077467,True
8,0.45,1.6,plus,11,cost,128,3.68686669482976e-06,0.9999978617077467,True
8,0.2,1.1,antiphase,11,cost,6,1.0923059137874367,0.008456620112078385,False
8,0.2,1.1,antiphase,11,cost,16,0.6681339290586705,0.17916454989630273,False
8,0.2,1.1,antiphase,11,cost,32,0.4230011280697825,0.24644429165214263,False
8,0.2,1.1,antiphase,11,cost,64,0.00024040593248675357,0.9995517815703774,True
8,0.2,1.1,antiphase,11,cost,96,4.4056098791322995e-06,0.9999955853685843,True
8,0.2,1.1,antiphase,11,cost,128,3.9276449270708724e-07,0.9999996869231881,True
8,0.2,1.1,antiphase,11,cost,128,3.9276449270708724e-07,0.9999996869231881,True
8,0.3,0.1,antiphase,11,cost,6,0.4035883415979235,3.257614000544398e-09,False
8,0.3,0.1,antiphase,11,cost,16,0.3983419747784428,1.4023620200950588e-07,False
8,0.3,0.1,antiphase,11,cost,32,0.39482027002026804,1.8648424862206238e-06,False
8,0.3,0.1,antiphase,11,cost,64,4.789443746044952e-07,0.9999984521510527,True
8,0.3,0.1,antiphase,11,cost,102,1.3853157287968543e-08,0.9999999665867846,True
8,0.25,0.4,ghz,11,cost,7,0.05691476830055664,0.8174188108436622,False
8,0.25,0.4,ghz,11,cost,15,0.030446541966592466,0.8881235824529078,False
8,0.25,0.4,ghz,11,cost,31,0.003238865525231893,0.9738290301331389,False
8,0.25,0.4,ghz,11,cost,63,0.0017864857675783385,0.9842582402882976,False
8,0.25,0.4,ghz,11,cost,95,0.00036023923623351717,0.9983293907261053,True
8,0.25,0.4,ghz,11,cost,127,5.579279423939543e-05,0.9998957537750679,True
8,0.25,0.4,ghz,11,cost,127,5.579279423939543e-05,0.9998957537750679,True
8,0.65,2.0,plus,11,cost,0,0.13338770626767604,0.9031803403454186,False
8,0.65,2.0,plus,11,cost,16,0.02754780921352662,0.9696491157383136,False
8,0.65,2.0,plus,11,cost,32,0.004010083716245116,0.9966556143821628,False
8,0.65,2.0,plus,11,cost,96,5.546858708882496e-05,0.999971678462797,True
8,0.65,2.0,plus,11,cost,128,1.8480794231834352e-05,0.9999905413645696,True
8,0.65,2.0,plus,11,cost,128,1.8480794231834352e-05,0.9999905413645696,True
8,0.55,0.2,antiphase,11,cost,6,0.04834093912982085,0.03031656890096868,False
8,0.55,0.2,antiphase,11,cost,16,0.03687759257685164,0.0377515932736576,False
8,0.55,0.2,antiphase,11,cost,32,0.029270060032131506,0.04938548503071041,False
8,0.55,0.2,antiphase,11,cost,64,0.028150284634926415,0.08583255867298382,False
8,0.55,0.2,antiphase,11,cost,96,0.027190147401874754,0.13397591184495786,False
8,0.55,0.2,antiphase,11,cost,128,0.0034664619854682943,0.9644038126557514,False
8,0.55,0.2,antiphase,11,cost,128,0.0034664619854682943,0.9644038126557514,False
8,0.975,0.55,plus,11,cost,0,0.5131985860163298,0.16866382525392112,False
8,0.975,0.55,plus,11,cost,16,0.19201376151084226,0.32648242668668226,False
8,0.975,0.55,plus,11,cost,32,0.0019216078439880935,0.9948480406825129,False
8,0.975,0.55,plus,11,cost,96,0.00036625057088057744,0.998976569244939,True
8,0.975,0.55,plus,11,cost,128,0.0002982007680609744,0.9992336800690113,True
8,0.975,0.55,plus,11,cost,128,0.0002982007680609744,0.9992336800690113,True
8,0.5,0.4,plus,11,cost,0,0.31964314576140723,0.45102337045202723,False
8,0.5,0.4,plus,11,cost,16,0.03602849318063961,0.8124500979736305,False
8,0.5,0.4,plus,11,cost,32,0.022637868527011995,0.8517416243764397,False
8,0.5,0.4,plus,11,cost,64,0.00451217713996932,0.9864017393372085,False
8,0.5,0.4,plus,11,cost,128,0.00034781279181395064,0.9992286280564425,True
8,0.5,0.4,plus,11,cost,128,0.00034781279181395064,0.9992286280564425,True
8,0.55,1.2,antiphase,11,cost,6,0.8283557338654177,0.04012631754738573,False
8,0.55,1.2,antiphase,11,cost,16,0.35388296990128354,0.3681079892483932,False
8,0.55,1.2,antiphase,11,cost,32,0.03213557386952637,0.9422582367966059,False
8,0.55,1.2,antiphase,11,cost,64,0.001753488738651443,0.9976356767883701,False
8,0.55,1.2,antiphase,11,cost,96,0.00018880195817461143,0.9998387493141309,True
8,0.55,1.2,antiphase,11,cost,128,6.959151132490682e-05,0.9999425435795473,True
8,0.55,1.2,antiphase,11,cost,128,6.959151132490682e-05,0.9999425435795473,True
8,0.175,0.35,ghz,11,cost,7,0.03801343508982358,0.9041030011324236,False
8,0.175,0.35,ghz,11,cost,15,0.01961743712769526,0.9478401946351206,False
8,0.175,0.35,ghz,11,cost,31,0.0007668770271214154,0.9967545946640767,True
8,0.175,0.35,ghz,11,cost,63,0.00027366571546194596,0.9987411862539798,True
8,0.175,0.35,ghz,11,cost,95,8.187778543378155e-05,0.9996895496586877,True
8,0.175,0.35,ghz,11,cost,127,1.4482671549798098e-06,0.9999976768700173,True
8,0.175,0.35,ghz,11,cost,127,1.4482671549798098e-06,0.9999976768700173,True
8,0.8,0.8,ghz,11,cost,7,0.8865110832348602,0.0018445784874687094,False
8,0.8,0.8,ghz,11,cost,15,0.44690845179849026,0.05297830272518271,False
8,0.8,0.8,ghz,11,cost,31,0.08316387677151704,0.4522023629084799,False
8,0.8,0.8,ghz,11,cost,63,0.010953419373122664,0.9743922261506076,False
8,0.8,0.8,ghz,11,cost,95,0.0027006350851908056,0.995539832959133,False
8,0.8,0.8,ghz,11,cost,127,0.0005006074308542274,0.9994710262846436,True
8,0.8,0.8,ghz,11,cost,127,0.0005006074308542274,0.9994710262846436,True
8,0.55,0.4,ghz,11,cost,7,0.2714964290520454,0.0058218791527707365,False
8,0.55,0.4,ghz,11,cost,15,0.22747498859847248,0.017911304048786523,False
8,0.55,0.4,ghz,11,cost,31,0.06385881461521337,0.39820365491876364,False
8,0.55,0.4,ghz,11,cost,63,0.012518425635203445,0.9600545427279374,False
8,0.55,0.4,ghz,11,cost,95,0.0030439087485926164,0.9899605352568556,False
8,0.55,0.4,ghz,11,cost,127,0.0011336118845258758,0.996248840858302,False
8,0.55,0.4,ghz,11,cost,127,0.0011336118845258758,0.996248840858302,False
8,0.05,1.6,antiphase,11,cost,6,1.7035998725894925,0.008277121929967933,False
8,0.05,1.6,antiphase,11,cost,16,0.5470506128201436,0.3734348958087017,False
8,0.05,1.6,antiphase,11,cost,32,0.022809563017733625,0.9673797635546336,False
8,0.05,1.6,antiphase,11,cost,64,0.00014536607655157852,0.9998719189943285,True
8,0.05,1.6,antiphase,11,cost,96,1.9092333435111186e-05,0.9999861680308745,True
8,0.05,1.6,antiphase,11,cost,128,2.9521105027185968e-06,0.9999981452133045,True
8,0.05,1.6,antiphase,11,cost,128,2.9521105027185968e-06,0.9999981452133045,True
8,0.9,1.0,ghz,11,cost,7,1.1842699984849883,0.001625276613920936,False
8,0.9,1.0,ghz,11,cost,15,0.5307168492265928,0.05820721928199475,False
8,0.9,1.0,ghz,11,cost,31,0.10127009742059978,0.5335997072807509,False
8,0.9,1.0,ghz,11,cost,63,0.0076756592297664294,0.9885329807374399,False
8,0.9,1.0,ghz,11,cost,95,0.002332865005057805,0.9958535963133975,False
8,0.9,1.0,ghz,11,cost,127,0.0006306845077881373,0.9993227487672848,True
8,0.9,1.0,ghz,11,cost,127,0.0006306845077881373,0.9993227487672848,True
8,0.675,0.15,plus,11,cost,0,0.5335645621371067,0.04149837114752126,False
8,0.675,0.15,plus,11,cost,16,0.12399331022370319,0.1373436803961109,False
8,0.675,0.15,plus,11,cost,32,0.06844922561043787,0.26111499073974137,False
8,0.675,0.15,plus,11,cost,128,0.00013932964492968658,0.5007094290839427,False
8,0.675,0.15,plus,11,cost,128,0.00013932964492968658,0.5007094290839427,False
8,0.175,1.75,plus,11,cost,0,0.13018475832866017,0.8720793569937892,False
8,0.175,1.75,plus,11,cost,16,0.002588615623075885,0.9969401361369756,False
8,0.175,1.75,plus,11,cost,32,6.817280113646795e-05,0.9999244588857849,True
8,0.175,1.75,plus,11,cost,96,3.9032454357545987e-07,0.9999996567124142,True
8,0.175,1.75,plus,11,cost,128,6.613756542428462e-08,0.9999999594915829,True
8,0.175,1.75,plus,11,cost,128,6.613756542428462e-08,0.9999999594915829,True
8,0.85,1.6,antiphase,11,cost,6,0.9406047281564359,0.08315225006719447,False
8,0.85,1.6,antiphase,11,cost,16,0.3743575831311923,0.4673159429612324,False
8,0.85,1.6,antiphase,11,cost,32,0.04004313061873943,0.9492575668810755,False
8,0.85,1.6,antiphase,11,cost,96,0.0004272073177697955,0.9997082723639248,True
8,0.85,1.6,antiphase,11,cost,128,9.907706359801871e-05,0.9999351586998181,True
8,0.85,1.6,antiphase,11,cost,128,9.907706359801871e-05,0.9999351586998181,True
8,0.9,0.6,plus,11,cost,0,0.4205912358922985,0.2685501406796915,False
8,0.9,0.6,plus,11,cost,16,0.16818694180082883,0.37003351588522904,False
8,0.9,0.6,plus,11,cost,32,0.01593518426386442,0.9580490948951028,False
8,0.9,0.6,plus,11,cost,64,0.0022283971644898593,0.9923735875345879,False
8,0.9,0.6,plus,11,cost,96,0.0013990506342909104,0.995055240903509,False
8,0.9,0.6,plus,11,cost,128,0.0008529362527673889,0.9978068276699651,True
8,0.9,0.6,plus,11,cost,128,0.0008529362527673889,0.9978068276699651,True
8,0.7,0.7,ghz,11,cost,7,0.6731105141683578,0.0033004649414223436,False
8,0.7,0.7,ghz,11,cost,15,0.376046802334408,0.04280155347158408,False
8,0.7,0.7,ghz,11,cost,31,0.09434607322728072,0.37557887239142823,False
8,0.7,0.7,ghz,11,cost,63,0.007420431001592398,0.9848499436831297,False
8,0.7,0.7,ghz,11,cost,95,0.003035216805522989,0.9945520938816027,False
8,0.7,0.7,ghz,11,cost,127,0.0012662919170602915,0.9977995756936341,False
8,0.7,0.7,ghz,11,cost,127,0.0012662919170602915,0.9977995756936341,False
8,0.175,1.25,plus,11,cost,0,0.1754393655419082,0.772023820516096,False
8,0.175,1.25,plus,11,cost,16,0.008010807735982617,0.9846321405793264,False
8,0.175,1.25,plus,11,cost,32,0.00043573602179325377,0.9990517729234765,False
8,0.175,1.25,plus,11,cost,96,7.128594172733926e-07,0.9999994426205028,True
8,0.175,1.25,plus,11,cost,128,1.0267361183480261e-07,0.9999999250622785,True
8,0.175,1.25,plus,11,cost,128,1.0267361183480261e-07,0.9999999250622785,True
8,0.3,0.4,ghz,37,fixed,7,0.06465907181181973,0.7120144585039689,False
8,0.3,0.4,ghz,37,fixed,23,0.008517740423249487,0.8887911409940532,False
8,0.9,1.2,antiphase,11,cost,6,0.5490305562784957,0.16080605014949922,False
8,0.9,1.2,antiphase,11,cost,16,0.25029210303243765,0.5078957259245926,False
8,0.9,1.2,antiphase,11,cost,32,0.04111336260493759,0.9275916843705463,False
8,0.9,1.2,antiphase,11,cost,64,0.004765668904439302,0.9924191760406226,False
8,0.9,1.2,antiphase,11,cost,96,0.0010288571834240479,0.9989641823697563,False
8,0.9,1.2,antiphase,11,cost,128,0.00041371291478276007,0.9996393357396386,True
8,0.9,1.2,antiphase,11,cost,128,0.00041371291478276007,0.9996393357396386,True
8,0.4,1.3,plus,11,cost,0,0.16042800243398347,0.8310677163710254,False
8,0.4,1.3,plus,11,cost,16,0.00757914250205971,0.9865269643096453,False
8,0.4,1.3,plus,11,cost,32,0.002471378018610526,0.9951956462257199,False
8,0.4,1.3,plus,11,cost,64,0.0001765681321796997,0.999825499480213,True
8,0.4,1.3,plus,11,cost,96,1.4363811590811792e-05,0.9999891720349968,True
8,0.4,1.3,plus,11,cost,128,4.877883207132783e-06,0.9999966951427817,True
8,0.4,1.3,plus,11,cost,128,4.877883207132783e-06,0.9999966951427817,True
8,0.525,1.25,plus,11,gradient,0,0.17139064295293083,0.8262210483570329,False
8,0.525,1.25,plus,11,gradient,16,0.01915612645495357,0.9653230734201417,False
8,0.525,1.25,plus,11,gradient,32,0.007777953722200914,0.9865342255843581,False
8,0.525,1.25,plus,11,gradient,64,0.00238023297925416,0.9964415881588276,False
8,0.525,1.25,plus,11,gradient,96,0.0005346948561959497,0.9994794982678252,True
8,0.525,1.25,plus,11,gradient,128,0.00011098522688102186,0.9999094599195856,True
8,0.525,1.25,plus,11,gradient,128,0.00011098522688102186,0.9999094599195856,True
8,0.1,0.2,ghz,11,cost,7,0.011159852458080155,0.975130135938671,False
8,0.1,0.2,ghz,11,cost,15,0.005617568202626266,0.9873528053913072,False
8,0.1,0.2,ghz,11,cost,31,3.826153050823233e-05,0.9998986701092636,True
8,0.1,0.2,ghz,11,cost,63,3.896602706610075e-06,0.9999894368993693,True
8,0.1,0.2,ghz,11,cost,117,1.9761274505647464e-08,0.999999969637942,True
8,0.95,1.8,plus,11,cost,0,0.1958198990998743,0.8410120166685328,False
8,0.95,1.8,plus,11,cost,16,0.07165027973879967,0.9161317725006832,False
8,0.95,1.8,plus,11,cost,32,0.012017522589249374,0.987138549154579,False
8,0.95,1.8,plus,11,cost,128,7.282851616863262e-05,0.9999561087572778,True
8,0.95,1.8,plus,11,cost,128,7.282851616863262e-05,0.9999561087572778,True
8,0.525,0.15,plus,11,gradient,0,0.42116817877068247,0.2434501548135991,False
8,0.525,0.15,plus,11,gradient,16,0.035084036190972445,0.5296298631342736,False
8,0.525,0.15,plus,11,gradient,32,0.027929114747585193,0.6683213580498998,False
8,0.525,0.15,plus,11,gradient,96,0.0059703354694985444,0.827172361829518,False
8,0.525,0.15,plus,11,gradient,128,0.0028045276715372713,0.9704591469951668,False
8,0.525,0.15,plus,11,gradient,128,0.0028045276715372713,0.9704591469951668,False
8,1.0,0.1,plus,11,cost,0,0.9025104258628818,0.02340078966710704,False
8,1.0,0.1,plus,11,cost,16,0.2351075708369963,0.2617546430988467,False
8,1.0,0.1,plus,11,cost,64,8.612576899658109e-06,0.5000105198294246,False
8,1.0,0.1,plus,11,cost,76,7.828848122004572e-06,0.5000234504410717,False
8,0.85,1.7,antiphase,11,cost,6,1.0323341251105376,0.07638074083013519,False
8,0.85,1.7,antiphase,11,cost,16,0.40113989095370095,0.46722240392982645,False
8,0.85,1.7,antiphase,11,cost,32,0.03943321233804853,0.9528196478508306,False
8,0.85,1.7,antiphase,11,cost,64,0.0009664199892642777,0.9993395412943972,True
8,0.85,1.7,antiphase,11,cost,96,0.0003007434723780733,0.9997975684839726,True
8,0.85,1.7,antiphase,11,cost,128,9.055993320905564e-05,0.9999426010242916,True
8,0.85,1.7,antiphase,11,cost,128,9.055993320905564e-05,0.9999426010242916,True
8,0.9,0.9,plus,11,cost,0,0.30735975036693675,0.580099482908007,False
8,0.9,0.9,plus,11,cost,16,0.09651483762571145,0.7222824462526318,False
8,0.9,0.9,plus,11,cost,32,0.011777825808371611,0.9710527205662745,False
8,0.9,0.9,plus,11,cost,96,0.0019246376841630664,0.9972249580769627,False
8,0.9,0.9,plus,11,cost,128,0.0012669856567768534,0.998321984213709,False
8,0.9,0.9,plus,11,cost,128,0.0012669856567768534,0.998321984213709,False
8,0.8,0.5,plus,37,gradient,0,0.39494708173145954,0.2646472959279824,False
8,0.8,0.5,plus,37,gradient,16,0.10626476937443607,0.4151981613684912,False
8,0.8,0.5,plus,37,gradient,32,0.03393504267874714,0.46233582413558205,False
8,0.8,0.5,plus,37,gradient,64,0.012226330005834951,0.5445732256226097,False
8,0.8,0.5,plus,37,gradient,96,0.010327768023865702,0.577408961930411,False
8,0.8,0.5,plus,37,gradient,128,0.0018690891863394343,0.9916186652823913,False
8,0.8,0.5,plus,37,gradient,128,0.0018690891863394343,0.9916186652823913,False
8,0.8,0.2,antiphase,23,cost,6,0.01286602517526636,0.966146344283311,False
8,0.8,0.2,antiphase,23,cost,16,0.0051188391877330375,0.9863076595540405,False
8,0.8,0.2,antiphase,23,cost,32,7.780648725286277e-05,0.9997405662775436,True
8,0.8,0.2,antiphase,23,cost,64,3.9626494791944467e-05,0.9998668621517187,True
8,0.8,0.2,antiphase,23,cost,106,4.860607537127137e-06,0.9999817156996372,True
8,0.0,1.1,ghz,23,fixed,7,0.3494084590468365,0.3223640575305645,False
8,0.0,1.1,ghz,23,fixed,23,0.06003604391842088,0.7730260653768439,False
12,0.3,0.9,antiphase,11,cost,10,0.8111844507432838,0.0005431478838388056,False
12,0.3,0.9,antiphase,11,cost,32,0.4409333073648127,0.0510826981946514,False
12,0.3,0.9,antiphase,11,cost,64,0.1862074813285813,0.22823833636713092,False
12,0.3,0.9,antiphase,11,cost,96,0.16531813446380847,0.24152222138847673,False
12,0.3,0.9,antiphase,11,cost,128,0.1592732023692053,0.24644461008344826,False
12,0.3,0.9,antiphase,11,cost,128,0.1592732023692053,0.24644461008344826,False
8,0.325,0.55,plus,11,cost,0,0.2864993930355273,0.4975458335718956,False
8,0.325,0.55,plus,11,cost,16,0.014210589613008362,0.9455161407760473,False
8,0.325,0.55,plus,11,cost,32,0.0015786847252489133,0.9956655824893239,False
8,0.325,0.55,plus,11,cost,96,6.630825210196534e-05,0.999732005622477,True
8,0.325,0.55,plus,11,cost,128,2.5570942235431104e-05,0.9999364336153329,True
8,0.325,0.55,plus,11,cost,128,2.5570942235431104e-05,0.9999364336153329,True
12,0.0,1.7,ghz,11,cost,11,0.8505933750671756,0.018685671343268585,False
12,0.0,1.7,ghz,11,cost,31,0.2721844210764246,0.3172197352511832,False
12,0.0,1.7,ghz,11,cost,63,0.0023283505935382345,0.9946785200557586,False
12,0.0,1.7,ghz,11,cost,95,0.00026076566897940506,0.9994878400866151,True
12,0.0,1.7,ghz,11,cost,127,6.310573697317541e-05,0.999877558770887,True
12,0.0,1.7,ghz,11,cost,127,6.310573697317541e-05,0.999877558770887,True
12,0.0,1.9,ghz,11,cost,11,1.0340450099079244,0.012448538377053236,False
12,0.0,1.9,ghz,11,cost,31,0.32057743391024474,0.34554250656294233,False
12,0.0,1.9,ghz,11,cost,63,0.0014611268549679461,0.9971151590440009,False
12,0.0,1.9,ghz,11,cost,95,0.00020996924459441382,0.9996921340964835,True
12,0.0,1.9,ghz,11,cost,127,2.1721789756531013e-05,0.9999667697154301,True
12,0.0,1.9,ghz,11,cost,127,2.1721789756531013e-05,0.9999667697154301,True
8,0.175,0.55,antiphase,11,cost,6,0.7489889107416137,0.00023923254167779073,False
8,0.175,0.55,antiphase,11,cost,16,0.4619701796130223,0.0235314985730098,False
8,0.175,0.55,antiphase,11,cost,32,0.01960511104411644,0.9152817391688093,False
8,0.175,0.55,antiphase,11,cost,64,0.0031720535932834304,0.9810107005120665,False
8,0.175,0.55,antiphase,11,cost,96,3.4349479577033826e-05,0.9999368280059867,True
8,0.175,0.55,antiphase,11,cost,128,5.210452783344088e-06,0.9999927294228413,True
8,0.175,0.55,antiphase,11,cost,128,5.210452783344088e-06,0.9999927294228413,True
8,0.85,1.9,plus,11,cost,0,0.1678293245542828,0.8724323987052587,False
8,0.85,1.9,plus,11,cost,16,0.057921886497081854,0.9368927511985431,False
8,0.85,1.9,plus,11,cost,32,0.006236647228823333,0.9944572488008991,False
8,0.85,1.9,plus,11,cost,64,0.00042599401304022066,0.9997469630201498,True
8,0.85,1.9,plus,11,cost,96,0.00010623468986192819,0.999940518631436,True
8,0.85,1.9,plus,11,cost,128,6.597986335643569e-05,0.999964622770138,True
8,0.85,1.9,plus,11,cost,128,6.597986335643569e-05,0.999964622770138,True
8,0.85,0.2,plus,11,cost,0,0.6620571483491529,0.04164734817693174,False
8,0.85,0.2,plus,11,cost,16,0.3304709856998578,0.05505998481384388,False
8,0.85,0.2,plus,11,cost,32,0.0017290574656887436,0.49822048685461373,False
8,0.85,0.2,plus,11,cost,64,0.00022809738616957898,0.500446780840126,False
8,0.85,0.2,plus,11,cost,96,0.00020698928755491508,0.5008699586336659,False
8,0.85,0.2,plus,11,cost,128,0.00020635358382670166,0.5009416107520019,False
8,0.85,0.2,plus,11,cost,128,0.00020635358382670166,0.5009416107520019,False
8,0.2,1.2,ghz,11,cost,7,0.5786613790602922,0.08305790541809513,False
8,0.2,1.2,ghz,11,cost,15,0.37455381242114205,0.19115079321204295,False
8,0.2,1.2,ghz,11,cost,31,0.021517699230535037,0.9643665734042024,False
8,0.2,1.2,ghz,11,cost,95,1.085996776062359e-06,0.999999103786776,True
8,0.2,1.2,ghz,11,cost,117,1.321543958709981e-07,0.9999998906716042,True
12,0.3,1.2,plus,11,cost,0,0.17084918016992745,0.7127466298420763,False
12,0.3,1.2,plus,11,cost,32,0.0030388914802313613,0.992070661703575,False
12,0.3,1.2,plus,11,cost,64,0.0005903216818694546,0.9978393908672258,False
12,0.3,1.2,plus,11,cost,96,8.081345791518164e-05,0.9997931075851186,True
12,0.3,1.2,plus,11,cost,128,2.470745967168379e-05,0.9999511220229466,True
12,0.3,1.2,plus,11,cost,128,2.470745967168379e-05,0.9999511220229466,True
8,0.45,1.1,plus,11,cost,0,0.18194845215868338,0.7928427660505949,False
8,0.45,1.1,plus,11,cost,16,0.012032317203533482,0.9744857672971562,False
8,0.45,1.1,plus,11,cost,32,0.004850347396903043,0.9893425352797778,False
8,0.45,1.1,plus,11,cost,64,0.00025848834708597224,0.9997341588939483,True
8,0.45,1.1,plus,11,cost,96,2.984073762268835e-05,0.9999756269746115,True
8,0.45,1.1,plus,11,cost,128,1.0749409778076924e-05,0.9999915497916888,True
8,0.45,1.1,plus,11,cost,128,1.0749409778076924e-05,0.9999915497916888,True
8,0.2,2.0,plus,11,cost,0,0.11463068176431679,0.9011860916877481,False
8,0.2,2.0,plus,11,cost,16,0.0014225478316722828,0.9986346217704167,False
8,0.2,2.0,plus,11,cost,32,8.274266618801818e-05,0.9999021124714387,True
8,0.2,2.0,plus,11,cost,64,2.1929018423350044e-06,0.9999987241133745,True
8,0.2,2.0,plus,11,cost,96,6.538654053755977e-07,0.9999996381514048,True
8,0.2,2.0,plus,11,cost,128,7.845504601533548e-08,0.9999999625609649,True
8,0.2,2.0,plus,11,cost,128,7.845504601533548e-08,0.9999999625609649,True
8,0.5,1.1,antiphase,11,cost,6,0.7846497081631907,0.03305295997941939,False
8,0.5,1.1,antiphase,11,cost,16,0.34724747698492964,0.3391933717898003,False
8,0.5,1.1,antiphase,11,cost,32,0.03142473593587636,0.9358760344843997,False
8,0.5,1.1,antiphase,11,cost,64,0.0009131401332516109,0.9988319029488169,True
8,0.5,1.1,antiphase,11,cost,96,8.241983025025768e-05,0.9999246775368098,True
8,0.5,1.1,antiphase,11,cost,128,1.965959032612652e-05,0.9999840231143721,True
8,0.5,1.1,antiphase,11,cost,128,1.965959032612652e-05,0.9999840231143721,True
8,0.05,0.9,plus,11,cost,0,0.29034868086861276,0.3871100412948475,False
8,0.05,0.9,plus,11,cost,16,0.06472907557073371,0.7154463370586203,False
8,0.05,0.9,plus,11,cost,32,0.020970653182426968,0.9176022134061523,False
8,0.05,0.9,plus,11,cost,64,0.00107464081945996,0.998621125321737,False
8,0.05,0.9,plus,11,cost,96,1.7763084640742832e-05,0.9999783802402991,True
8,0.05,0.9,plus,11,cost,128,3.015075524803734e-07,0.9999996709008256,True
8,0.05,0.9,plus,11,cost,128,3.015075524803734e-07,0.9999996709008256,True
8,0.2,1.3,ghz,11,cost,7,0.66689811632936,0.06975146861772381,False
8,0.2,1.3,ghz,11,cost,15,0.43083680909975786,0.17758154318893996,False
8,0.2,1.3,ghz,11,cost,31,0.0200280863126574,0.9696809368825787,False
8,0.2,1.3,ghz,11,cost,63,4.1290661820792e-06,0.9999956506531577,True
8,0.2,1.3,ghz,11,cost,95,8.045811488166521e-07,0.9999993109884634,True
8,0.2,1.3,ghz,11,cost,123,1.9761272640472782e-07,0.9999998462407284,True
8,1.0,1.3,ghz,11,cost,7,1.5685633501613319,0.0018567512495224537,False
8,1.0,1.3,ghz,11,cost,15,1.126843057638252,0.021811121804562666,False
8,1.0,1.3,ghz,11,cost,31,0.0801397504191581,0.8983665384707844,False
8,1.0,1.3,ghz,11,cost,63,0.0032637514553817137,0.9960801494651184,False
8,1.0,1.3,ghz,11,cost,95,0.0012848357308639091,0.9986937992812551,False
8,1.0,1.3,ghz,11,cost,127,0.0006758367266985754,0.9994139359763876,True
8,1.0,1.3,ghz,11,cost,127,0.0006758367266985754,0.9994139359763876,True
8,0.0,1.0,antiphase,37,cost,6,1.2814577238707536,0.001468450803653041,False
8,0.0,1.0,antiphase,37,cost,16,0.5702936800737402,0.07399742533025257,False
8,0.0,1.0,antiphase,37,cost,32,0.03250669240505699,0.8714700807920375,False
8,0.0,1.0,antiphase,37,cost,64,0.0007795929674956348,0.9990424089047097,True
8,0.0,1.0,antiphase,37,cost,96,2.583995482474677e-06,0.9999973992460535,True
8,0.0,1.0,antiphase,37,cost,110,6.38218367043919e-11,0.9999999999381135,True
8,0.7,0.4,ghz,11,cost,7,0.47171141062268457,0.00032402906900334133,False
8,0.7,0.4,ghz,11,cost,15,0.23762332142248843,0.013237388059052311,False
8,0.7,0.4,ghz,11,cost,31,0.015313512952857877,0.4377807449454031,False
8,0.7,0.4,ghz,11,cost,95,0.009035300899499776,0.5579774181493077,False
8,0.7,0.4,ghz,11,cost,127,0.0074825474876373255,0.6042816799536214,False
8,0.7,0.4,ghz,11,cost,127,0.0074825474876373255,0.6042816799536214,False
8,0.475,0.15,antiphase,11,fixed,6,0.0961354819813206,0.0009029849807859759,False
8,0.475,0.15,antiphase,11,fixed,22,0.09613548198132071,0.0009029849807859755,False
8,0.5,1.2,plus,11,cost,0,0.17426323657267329,0.8167672474591307,False
8,0.5,1.2,plus,11,cost,16,0.016518314383934474,0.9685361471100465,False
8,0.5,1.2,plus,11,cost,32,0.005772458551810633,0.9900159616471187,False
8,0.5,1.2,plus,11,cost,64,0.00030126879038783194,0.9997042068447509,True
8,0.5,1.2,plus,11,cost,96,8.020691380106193e-05,0.9999357017333278,True
8,0.5,1.2,plus,11,cost,128,3.2119103622108014e-05,0.9999748982737967,True
8,0.5,1.2,plus,11,cost,128,3.2119103622108014e-05,0.9999748982737967,True
8,0.75,1.8,antiphase,11,cost,6,1.2076549988927279,0.05543570717669579,False
8,0.75,1.8,antiphase,11,cost,16,0.7375237523791394,0.2598840852033094,False
8,0.75,1.8,antiphase,11,cost,32,0.045708863044471526,0.9489423659994896,False
8,0.75,1.8,antiphase,11,cost,64,0.0012509776874709555,0.9990311223087903,False
8,0.75,1.8,antiphase,11,cost,96,0.0002139861830086076,0.999869460769396,True
8,0.75,1.8,antiphase,11,cost,128,5.85785643874015e-05,0.9999678235259933,True
8,0.75,1.8,antiphase,11,cost,128,5.85785643874015e-05,0.9999678235259933,True
8,0.8,0.4,ghz,11,cost,7,0.6564908659982547,2.967040635574974e-05,False
8,0.8,0.4,ghz,11,cost,15,0.3188552390366135,0.005298423536563281,False
8,0.8,0.4,ghz,11,cost,31,0.17947150602439943,0.022667982950373155,False
8,0.8,0.4,ghz,11,cost,63,0.004685405614313964,0.5153609837502972,False
8,0.8,0.4,ghz,11,cost,127,0.0008009348832749286,0.9962998352879763,True
8,0.8,0.4,ghz,11,cost,127,0.0008009348832749286,0.9962998352879763,True
8,0.8,0.7,antiphase,11,cost,6,0.21277703773113932,0.34766126849756285,False
8,0.8,0.7,antiphase,11,cost,16,0.11052172237071411,0.5763442405434047,False
8,0.8,0.7,antiphase,11,cost,32,0.026318136833165195,0.8697144223095189,False
8,0.8,0.7,antiphase,11,cost,96,0.0041026908638825965,0.9910566092687386,False
8,0.8,0.7,antiphase,11,cost,128,0.0023212547779372095,0.9953593081757566,False
8,0.8,0.7,antiphase,11,cost,128,0.0023212547779372095,0.9953593081757566,False
8,0.525,1.75,ghz,11,fixed,7,1.4100414585996546,0.014206672723477561,False
8,0.525,1.75,ghz,11,fixed,23,0.08938464246696465,0.923254172967834,False
8,0.05,0.8,ghz,11,cost,7,0.1838553246164467,0.5797083953349895,False
8,0.05,0.8,ghz,11,cost,15,0.10233109369732696,0.715291061069268,False
8,0.05,0.8,ghz,11,cost,31,0.01592741291855182,0.9359322845764355,False
8,0.05,0.8,ghz,11,cost,127,4.395906822995954e-07,0.9999994846025271,True
8,0.05,0.8,ghz,11,cost,127,4.395906822995954e-07,0.9999994846025271,True
8,0.475,0.85,plus,11,fixed,0,0.2159159456800991,0.7190369955786484,False
8,0.475,0.85,plus,11,fixed,16,0.013747065034698469,0.9639124632367035,False
8,0.35,0.7,plus,11,cost,0,0.24468494201470237,0.6235886981342083,False
8,0.35,0.7,plus,11,cost,16,0.01424617219226032,0.9601538539456982,False
8,0.35,0.7,plus,11,cost,32,0.003221238580031871,0.9827907049085745,False
8,0.35,0.7,plus,11,cost,64,0.000367514131941471,0.9990795021584812,False
8,0.35,0.7,plus,11,cost,96,7.442144417546537e-05,0.9998776501565061,True
8,0.35,0.7,plus,11,cost,128,3.2701059663020615e-05,0.9999513869903762,True
8,0.35,0.7,plus,11,cost,128,3.2701059663020615e-05,0.9999513869903762,True
8,0.3,1.2,ghz,23,fixed,7,0.6710134982110622,0.04761908843861139,False
8,0.3,1.2,ghz,23,fixed,23,0.12368846110230725,0.8388981520103024,False
8,0.8,1.7,antiphase,11,cost,6,1.072816120896887,0.0670653422793503,False
8,0.8,1.7,antiphase,11,cost,16,0.6592944352767889,0.2710097208272052,False
8,0.8,1.7,antiphase,11,cost,32,0.04701367898208586,0.9445094667051792,False
8,0.8,1.7,antiphase,11,cost,64,0.001099259867284319,0.9992595149225022,False
8,0.8,1.7,antiphase,11,cost,128,7.13346521055147e-05,0.9999574296100395,True
8,0.8,1.7,antiphase,11,cost,128,7.13346521055147e-05,0.9999574296100395,True
8,0.15,1.8,antiphase,11,cost,6,1.778273672763714,0.012476273178548691,False
8,0.15,1.8,antiphase,11,cost,16,1.00236384256353,0.22111527216910065,False
8,0.15,1.8,antiphase,11,cost,32,0.7637245533288377,0.23837312417615455,False
8,0.15,1.8,antiphase,11,cost,64,5.035969955269337e-05,0.9999458987125516,True
8,0.15,1.8,antiphase,11,cost,112,4.049651169957258e-08,0.9999999779220069,True
8,0.7,0.4,antiphase,11,cost,6,0.07171141062268482,0.6537278287466989,False
8,0.7,0.4,antiphase,11,cost,16,0.037406947449086125,0.7622538216080086,False
8,0.7,0.4,antiphase,11,cost,32,0.008288796142202237,0.8969434270401688,False
8,0.7,0.4,antiphase,11,cost,64,0.004939610072258072,0.9429519240239118,False
8,0.7,0.4,antiphase,11,cost,96,0.0035904111789347715,0.9595693947855397,False
8,0.7,0.4,antiphase,11,cost,128,0.0024144705748929685,0.9824483182850076,False
8,0.7,0.4,antiphase,11,cost,128,0.0024144705748929685,0.9824483182850076,False
8,0.825,1.75,ghz,11,cost,7,1.7487114599840818,0.005663002497855406,False
8,0.825,1.75,ghz,11,cost,15,0.9639747324715329,0.07592643998737861,False
8,0.825,1.75,ghz,11,cost,31,0.0650428881656624,0.9238280939166731,False
8,0.825,1.75,ghz,11,cost,63,0.0017709868862856304,0.9985262843273661,False
8,0.825,1.75,ghz,11,cost,95,0.00027658050697287884,0.9998336146007301,True
8,0.825,1.75,ghz,11,cost,127,5.969948605710762e-05,0.9999658787638406,True
8,0.825,1.75,ghz,11,cost,127,5.969948605710762e-05,0.9999658787638406,True
8,0.8,0.8,antiphase,23,cost,6,0.2865110832348605,0.2505289620486456,False
8,0.8,0.8,antiphase,23,cost,16,0.1478508298743998,0.5264447132691593,False
8,0.8,0.8,antiphase,23,cost,32,0.03651859117791245,0.8648279392094791,False
8,0.8,0.8,antiphase,23,cost,64,0.0073432471529812915,0.9816380773306039,False
8,0.8,0.8,antiphase,23,cost,96,0.003066600242269235,0.9951359094426825,False
8,0.8,0.8,antiphase,23,cost,128,0.0013573431609070763,0.9979802979515617,False
8,0.8,0.8,antiphase,23,cost,128,0.0013573431609070763,0.9979802979515617,False
12,0.0,0.9,plus,11,cost,0,0.3179285122412776,0.15562576238834033,False
12,0.0,0.9,plus,11,cost,32,0.0499199586203997,0.5724875897031046,False
12,0.0,0.9,plus,11,cost,64,0.01103045741051556,0.9587163464879278,False
12,0.0,0.9,plus,11,cost,96,0.0019274443437082844,0.9904383586757088,False
12,0.0,0.9,plus,11,cost,128,0.0005027784490897839,0.998123370467097,True
12,0.0,0.9,plus,11,cost,128,0.0005027784490897839,0.998123370467097,True
8,0.325,1.75,plus,11,gradient,0,0.12682693086376062,0.8872003196689974,False
8,0.325,1.75,plus,11,gradient,16,0.002957710277165404,0.9962743961061166,False
8,0.325,1.75,plus,11,gradient,64,0.0008780351351820315,0.9987724687079449,False
8,0.325,1.75,plus,11,gradient,96,2.04859522425771e-05,0.9999867930505256,True
8,0.325,1.75,plus,11,gradient,128,3.243597539892562e-06,0.9999982037487839,True
8,0.325,1.75,plus,11,gradient,128,3.243597539892562e-06,0.9999982037487839,True
8,0.65,1.6,plus,11,cost,0,0.15692252125377504,0.8678629721482262,False
8,0.65,1.6,plus,11,cost,16,0.03378868951628711,0.9537282674277907,False
8,0.65,1.6,plus,11,cost,32,0.006344593529175047,0.9934078454770439,False
8,0.65,1.6,plus,11,cost,64,0.00037641204739191636,0.9997321010360539,True
8,0.65,1.6,plus,11,cost,128,2.5895296917433086e-05,0.9999841346481719,True
8,0.65,1.6,plus,11,cost,128,2.5895296917433086e-05,0.9999841346481719,True
8,0.25,1.0,antiphase,11,cost,6,0.9507457500988582,0.009380657744070035,False
8,0.25,1.0,antiphase,11,cost,16,0.6310020682818858,0.15104315501734963,False
8,0.25,1.0,antiphase,11,cost,32,0.40426784281199657,0.22247667522628342,False
8,0.25,1.0,antiphase,11,cost,64,0.0005030393744114292,0.9988427755057037,True
8,0.25,1.0,antiphase,11,cost,128,3.079014400775293e-06,0.9999966713736016,True
8,0.25,1.0,antiphase,11,cost,128,3.079014400775293e-06,0.9999966713736016,True
8,1.0,0.3,ghz,11,cost,7,1.0233503444905172,1.3538924908818428e-07,False
8,1.0,0.3,ghz,11,cost,15,0.46581256018423023,0.00012264025151052625,False
8,1.0,0.3,ghz,11,cost,31,0.0009326038206218801,0.5000744044387343,False
8,1.0,0.3,ghz,11,cost,63,0.0007181105048028602,0.5009464833486815,False
8,1.0,0.3,ghz,11,cost,95,0.0006481260979498416,0.5018852278497525,False
8,1.0,0.3,ghz,11,cost,127,0.0006341627687875828,0.5022201042789535,False
8,1.0,0.3,ghz,11,cost,127,0.0006341627687875828,0.5022201042789535,False
8,0.8,0.5,ghz,11,cost,7,0.6949470817314594,0.00016996601402328608,False
8,0.8,0.5,ghz,11,cost,15,0.3387092059819735,0.01279177240716625,False
8,0.8,0.5,ghz,11,cost,31,0.017911862971617953,0.4692084604781042,False
8,0.8,0.5,ghz,11,cost,63,0.012457996702791019,0.5316272280718806,False
8,0.8,0.5,ghz,11,cost,95,0.0015446741160288768,0.993089950188951,False
8,0.8,0.5,ghz,11,cost,127,0.0005027839178514126,0.9988457928534503,True
8,0.8,0.5,ghz,11,cost,127,0.0005027839178514126,0.9988457928534503,True
8,0.95,1.0,ghz,11,cost,7,1.2566894803013404,0.0011448931896410257,False
8,0.95,1.0,ghz,11,cost,15,0.6075465402793427,0.04016766757263524,False
8,0.95,1.0,ghz,11,cost,31,0.10566708904918176,0.42539832255975374,False
8,0.95,1.0,ghz,11,cost,63,0.007475404008042474,0.9894391861266295,False
8,0.95,1.0,ghz,11,cost,127,0.0009804747678296977,0.9988689488999131,True
8,0.95,1.0,ghz,11,cost,127,0.0009804747678296977,0.9988689488999131,True
8,0.05,1.5,antiphase,11,cost,6,1.6140941311370984,0.0075016393914174775,False
8,0.05,1.5,antiphase,11,cost,16,0.5381575007254678,0.4001211546668215,False
8,0.05,1.5,antiphase,11,cost,32,0.06088192743181198,0.9146454929301012,False
8,0.05,1.5,antiphase,11,cost,64,0.00030442365352723044,0.9996967326453553,True
8,0.05,1.5,antiphase,11,cost,96,2.680837476454201e-05,0.9999809467560854,True
8,0.05,1.5,antiphase,11,cost,128,1.5234694585863906e-06,0.9999990637377245,True
8,0.05,1.5,antiphase,11,cost,128,1.5234694585863906e-06,0.9999990637377245,True
8,0.95,1.9,plus,11,cost,0,0.18777642134147987,0.8537111395952657,False
8,0.95,1.9,plus,11,cost,16,0.07130447216552893,0.9210632234210391,False
8,0.95,1.9,plus,11,cost,32,0.011298184764122698,0.9903433976429891,False
8,0.95,1.9,plus,11,cost,64,0.0006368129405114331,0.999610797231501,True
8,0.95,1.9,plus,11,cost,96,0.0002742876645469572,0.999842876972493,True
8,0.95,1.9,plus,11,cost,128,0.00011352398759623128,0.9999350514270204,True
8,0.95,1.9,plus,11,cost,128,0.00011352398759623128,0.9999350514270204,True
8,0.8,1.3,ghz,11,cost,7,1.308654140471729,0.004633955035890645,False
8,0.8,1.3,ghz,11,cost,15,0.7223806346585433,0.062497275330942646,False
8,0.8,1.3,ghz,11,cost,31,0.0725618308491045,0.8820848694117492,False
8,0.8,1.3,ghz,11,cost,63,0.0031458347645969553,0.9967401443577926,False
8,0.8,1.3,ghz,11,cost,95,0.0009338325791850011,0.9991813164807393,True
8,0.8,1.3,ghz,11,cost,127,0.0003669106172732306,0.9996965870179243,True
8,0.8,1.3,ghz,11,cost,127,0.0003669106172732306,0.9996965870179243,True
8,0.35,1.6,antiphase,11,cost,6,1.3864193710241721,0.020239462559465283,False
8,0.35,1.6,antiphase,11,cost,16,0.8279709738019516,0.20763802714268362,False
8,0.35,1.6,antiphase,11,cost,32,0.36440217193557345,0.45296130034216653,False
8,0.35,1.6,antiphase,11,cost,64,0.00028809914509486667,0.9996119809276631,True
8,0.35,1.6,antiphase,11,cost,96,1.6483048167925674e-05,0.9999887393938921,True
8,0.35,1.6,antiphase,11,cost,128,2.1232707960727737e-06,0.9999987119669518,True
8,0.35,1.6,antiphase,11,cost,128,2.1232707960727737e-06,0.9999987119669518,True
8,0.475,1.25,plus,11,fixed,0,0.16792617504137497,0.8257427618160182,False
8,0.475,1.25,plus,11,fixed,16,0.008966797043277186,0.9833387033217621,False
8,0.6,1.4,ghz,11,cost,7,1.1658346902860939,0.011068699457824547,False
8,0.6,1.4,ghz,11,cost,15,0.8106019653209551,0.058214808946125615,False
8,0.6,1.4,ghz,11,cost,31,0.3201209300122785,0.47798318228405,False
8,0.6,1.4,ghz,11,cost,63,0.000792511932386164,0.9990840454765121,True
8,0.6,1.4,ghz,11,cost,127,3.363172679016202e-05,0.9999770251997423,True
8,0.6,1.4,ghz,11,cost,127,3.363172679016202e-05,0.9999770251997423,True
8,0.85,1.4,plus,11,cost,0,0.2097633279227833,0.8030059405103283,False
8,0.85,1.4,plus,11,cost,16,0.0687868487078438,0.8947123753435022,False
8,0.85,1.4,plus,11,cost,32,0.01297407286008978,0.9822657846256674,False
8,0.85,1.4,plus,11,cost,96,0.0004815471798891302,0.9996106904333507,True
8,0.85,1.4,plus,11,cost,128,0.00020315484402444461,0.9998413276077707,True
8,0.85,1.4,plus,11,cost,128,0.00020315484402444461,0.9998413276077707,True
8,0.525,0.55,ghz,11,cost,7,0.35252696023686914,0.011774860645310968,False
8,0.525,0.55,ghz,11,cost,15,0.27457089193014295,0.045165271413612096,False
8,0.525,0.55,ghz,11,cost,31,0.06735923714644187,0.5405313601620004,False
8,0.525,0.55,ghz,11,cost,63,0.012975005992746147,0.9417214259985156,False
8,0.525,0.55,ghz,11,cost,95,0.0012778417123433528,0.9974708021621346,False
8,0.525,0.55,ghz,11,cost,127,0.00047033063886414705,0.9991528448284807,True
8,0.525,0.55,ghz,11,cost,127,0.00047033063886414705,0.9991528448284807,True
12,0.3,0.7,ghz,11,cost,11,0.2512373036774858,0.036115684816160384,False
12,0.3,0.7,ghz,11,cost,31,0.1121440810753791,0.12832711798100221,False
12,0.3,0.7,ghz,11,cost,63,0.05300658807366254,0.5650496669989645,False
12,0.3,0.7,ghz,11,cost,95,0.0002521673340470561,0.9982285427743792,False
12,0.3,0.7,ghz,11,cost,127,9.484979218192062e-05,0.999150146108235,False
12,0.3,0.7,ghz,11,cost,127,9.484979218192062e-05,0.999150146108235,False
8,0.15,2.0,antiphase,11,cost,6,1.9664294359615915,0.013358682035080501,False
8,0.15,2.0,antiphase,11,cost,16,0.6101307410360501,0.4391123656693497,False
8,0.15,2.0,antiphase,11,cost,32,0.3947571551114204,0.4923712114284033,False
8,0.15,2.0,antiphase,11,cost,64,1.4996749939655274e-06,0.9999981772638199,True
8,0.15,2.0,antiphase,11,cost,96,1.283663895179643e-07,0.9999999348494859,True
8,0.15,2.0,antiphase,11,cost,102,7.504138554992323e-08,0.9999999621956123,True
8,0.0,2.0,plus,11,cost,0,0.12727055878507088,0.872773635286784,False
8,0.0,2.0,plus,11,cost,16,0.007295502722397984,0.9905786212523882,False
8,0.0,2.0,plus,11,cost,32,0.0010349751513443195,0.9985208138942084,False
8,0.0,2.0,plus,11,cost,96,5.752521610169481e-06,0.9999969860791044,True
8,0.0,2.0,plus,11,cost,128,5.908158895451265e-07,0.9999997192697277,True
8,0.0,2.0,plus,11,cost,128,5.908158895451265e-07,0.9999997192697277,True
8,0.6,0.6,antiphase,11,cost,6,0.27296433427079925,0.07554713249490404,False
8,0.6,0.6,antiphase,11,cost,16,0.16896914425045384,0.2265242836168692,False
8,0.6,0.6,antiphase,11,cost,32,0.07202078814114576,0.6680414928794248,False
8,0.6,0.6,antiphase,11,cost,64,0.006981828405096757,0.9838693077173021,False
8,0.6,0.6,antiphase,11,cost,128,0.0010528746918566645,0.9976963914955187,False
8,0.6,0.6,antiphase,11,cost,128,0.0010528746918566645,0.9976963914955187,False
8,0.65,1.2,antiphase,11,cost,6,0.740544953109808,0.06017592641582107,False
8,0.65,1.2,antiphase,11,cost,16,0.4734315760923935,0.22883393973238586,False
8,0.65,1.2,antiphase,11,cost,32,0.043972904325896955,0.9252702188035832,False
8,0.65,1.2,antiphase,11,cost,64,0.002700719854000333,0.9967265728539364,False
8,0.65,1.2,antiphase,11,cost,96,0.00022217644591338015,0.999797981872553,True
8,0.65,1.2,antiphase,11,cost,128,0.00012061305108890252,0.9998989703232462,True
8,0.65,1.2,antiphase,11,cost,128,0.00012061305108890252,0.9998989703232462,True
8,0.85,0.2,ghz,11,cost,7,0.7120571483491526,4.1987476472143216e-08,False
8,0.85,0.2,ghz,11,cost,15,0.35018394575739964,0.000350266690984094,False
8,0.85,0.2,ghz,11,cost,31,0.281867996364227,0.0001831481501953458,False
8,0.85,0.2,ghz,11,cost,127,0.00020625192505785428,0.5008758510615291,False
8,0.85,0.2,ghz,11,cost,127,0.00020625192505785428,0.5008758510615291,False
8,0.7,1.2,plus,11,cost,0,0.19880028900010038,0.8020819074181595,False
8,0.7,1.2,plus,11,cost,16,0.045111039177897494,0.9167466871580132,False
8,0.7,1.2,plus,11,cost,32,0.011267666018751621,0.9859622398788823,False
8,0.7,1.2,plus,11,cost,96,0.00023186110958683948,0.9997993317069025,True
8,0.7,1.2,plus,11,cost,128,0.00010456136997172294,0.9999137891395057,True
8,0.7,1.2,plus,11,cost,128,0.00010456136997172294,0.9999137891395057,True
8,0.3,0.7,plus,11,cost,0,0.25114826325000283,0.591732547553249,False
8,0.3,0.7,plus,11,cost,16,0.014034801843354816,0.9599947533760878,False
8,0.3,0.7,plus,11,cost,32,0.0011161997794217893,0.996639475293256,False
8,0.3,0.7,plus,11,cost,96,4.448427864700566e-05,0.9998774307340726,True
8,0.3,0.7,plus,11,cost,128,1.375751244880874e-05,0.9999756125584089,True
8,0.3,0.7,plus,11,cost,128,1.375751244880874e-05,0.9999756125584089,True
8,0.85,1.1,antiphase,11,cost,6,0.4980437541606165,0.15822309423016487,False
8,0.85,1.1,antiphase,11,cost,16,0.23101944932082197,0.517090266047907,False
8,0.85,1.1,antiphase,11,cost,32,0.03933403835625393,0.9272321039898666,False
8,0.85,1.1,antiphase,11,cost,64,0.004996264097293368,0.9925782766004883,False
8,0.85,1.1,antiphase,11,cost,96,0.0011364144645147345,0.9988246146490709,False
8,0.85,1.1,antiphase,11,cost,128,0.0005173254060000243,0.9995192207966472,True
8,0.85,1.1,antiphase,11,cost,128,0.0005173254060000243,0.9995192207966472,True
8,0.2,0.2,antiphase,11,cost,6,0.6126067070249532,9.704535688637117e-08,False
8,0.2,0.2,antiphase,11,cost,16,0.5844769109145227,4.783575629174467e-05,False
8,0.2,0.2,antiphase,11,cost,32,0.003179306002567439,0.9919174770549298,False
8,0.2,0.2,antiphase,11,cost,64,7.945215247828763e-06,0.999974673639807,True
8,0.2,0.2,antiphase,11,cost,96,3.0536863643293444e-06,0.9999898161737009,True
8,0.2,0.2,antiphase,11,cost,128,3.626816014179468e-08,0.9999999519334836,True
8,0.2,0.2,antiphase,11,cost,128,3.626816014179468e-08,0.9999999519334836,True
8,0.05,0.7,ghz,11,cost,7,0.13686454631080447,0.6943274752678991,False
8,0.05,0.7,ghz,11,cost,15,0.07398620145085788,0.8088376204544122,False
8,0.05,0.7,ghz,11,cost,31,0.0075077262548683965,0.9666701474414409,False
8,0.05,0.7,ghz,11,cost,63,0.0021375437403532427,0.9941187576320064,False
8,0.05,0.7,ghz,11,cost,95,3.647913896376309e-05,0.9999426033860119,True
8,0.05,0.7,ghz,11,cost,127,4.1336849210260596e-07,0.9999994905341039,True
8,0.05,0.7,ghz,11,cost,127,4.1336849210260596e-07,0.9999994905341039,True
8,0.825,1.75,plus,11,cost,0,0.17371145998408388,0.860796249550301,False
8,0.825,1.75,plus,11,cost,16,0.060457448518215884,0.9290991458854788,False
8,0.825,1.75,plus,11,cost,32,0.007746730611007724,0.9922921850079939,False
8,0.825,1.75,plus,11,cost,64,0.00042537372738249424,0.9997175440075665,True
8,0.825,1.75,plus,11,cost,96,0.0002414380992821208,0.9998544534246386,True
8,0.825,1.75,plus,11,cost,128,6.84038771243678e-05,0.9999595479686786,True
8,0.825,1.75,plus,11,cost,128,6.84038771243678e-05,0.9999595479686786,True
8,0.55,0.9,antiphase,11,cost,6,0.5637439927675978,0.0436475642617452,False
8,0.55,0.9,antiphase,11,cost,16,0.27860887234235754,0.334136105967395,False
8,0.55,0.9,antiphase,11,cost,32,0.021837417538506987,0.9444927355542851,False
8,0.55,0.9,antiphase,11,cost,64,0.0025684307500910553,0.9956602706881098,False
8,0.55,0.9,antiphase,11,cost,128,9.634050986107034e-05,0.9998952553834667,True
8,0.55,0.9,antiphase,11,cost,128,9.634050986107034e-05,0.9998952553834667,True
8,0.025,1.75,ghz,11,fixed,7,0.9182103637064161,0.07495073074675122,False
8,0.025,1.75,ghz,11,fixed,23,0.09786006444464412,0.8926785038829228,False
8,0.45,0.15,plus,23,cost,0,0.4217268040301613,0.2479639860297743,False
8,0.45,0.15,plus,23,cost,16,0.022629041503388514,0.5770220021902623,False
8,0.45,0.15,plus,23,cost,32,0.008242136040381043,0.7698716558042268,False
8,0.45,0.15,plus,23,cost,64,0.0030134796586148704,0.8214482988535207,False
8,0.45,0.15,plus,23,cost,96,0.00270559696141337,0.8259082922221848,False
8,0.45,0.15,plus,23,cost,128,0.0009592287875106464,0.9878974427522592,False
8,0.45,0.15,plus,23,cost,128,0.0009592287875106464,0.9878974427522592,False
8,0.5,1.0,antiphase,11,cost,6,0.6963913990106432,0.03303997452446584,False
8,0.5,1.0,antiphase,11,cost,16,0.32510067303603307,0.31554592877988275,False
8,0.5,1.0,antiphase,11,cost,32,0.030710279556341646,0.9322644924813569,False
8,0.5,1.0,antiphase,11,cost,64,0.0020592882611867314,0.9966641179295086,False
8,0.5,1.0,antiphase,11,cost,96,0.0001726646135298271,0.9998213521321659,True
8,0.5,1.0,antiphase,11,cost,128,7.799894317384037e-05,0.9999204846993982,True
8,0.5,1.0,antiphase,11,cost,128,7.799894317384037e-05,0.9999204846993982,True
8,0.0,0.1,ghz,11,cost,7,0.002501566682331813,0.9949984187615515,False
8,0.0,0.1,ghz,11,cost,15,0.0012519573071789747,0.9974929305623571,False
8,0.0,0.1,ghz,11,cost,31,1.1882644714855672e-06,0.9999976007922438,True
8,0.0,0.1,ghz,11,cost,55,2.9494363174009663e-08,0.9999999399580264,True
8,0.0,0.6,ghz,11,cost,7,0.09260430678624187,0.8133739743482349,False
8,0.0,0.6,ghz,11,cost,15,0.04811030088556678,0.8956344052046035,False
8,0.0,0.6,ghz,11,cost,31,0.0026704071793515194,0.9916128096465977,False
8,0.0,0.6,ghz,11,cost,63,0.0012367978846492544,0.9957874188837889,False
8,0.0,0.6,ghz,11,cost,95,4.13481075363098e-05,0.9999248302116358,True
8,0.0,0.6,ghz,11,cost,101,7.901996834647207e-10,0.9999999986475441,True
8,0.35,0.7,ghz,11,cost,7,0.2946849420147013,0.07646579889207016,False
8,0.35,0.7,ghz,11,cost,15,0.20557556410997901,0.14020407638813162,False
8,0.35,0.7,ghz,11,cost,31,0.06359880983326116,0.8317283502947185,False
8,0.35,0.7,ghz,11,cost,63,0.000899749218738255,0.996278242361678,False
8,0.35,0.7,ghz,11,cost,95,0.00015661576546466272,0.9996896313940858,True
8,0.35,0.7,ghz,11,cost,127,5.466247801533264e-05,0.9999036857416037,True
8,0.35,0.7,ghz,11,cost,127,5.466247801533264e-05,0.9999036857416037,True
8,0.35,1.1,ghz,11,cost,7,0.6308253841844322,0.04037056406563681,False
8,0.35,1.1,ghz,11,cost,15,0.4247746751585615,0.12257295249143127,False
8,0.35,1.1,ghz,11,cost,31,0.03898765357209588,0.9342644315138426,False
8,0.35,1.1,ghz,11,cost,63,0.0005180233334096673,0.9990816265003907,True
8,0.35,1.1,ghz,11,cost,95,3.619986968250721e-05,0.9999664868513035,True
8,0.35,1.1,ghz,11,cost,127,8.306977947070138e-06,0.999993456863187,True
8,0.35,1.1,ghz,11,cost,127,8.306977947070138e-06,0.999993456863187,True
8,0.3,0.9,antiphase,11,cost,6,0.8114088148068963,0.010548494060083312,False
8,0.3,0.9,antiphase,11,cost,16,0.5472593314445633,0.1152048794512337,False
8,0.3,0.9,antiphase,11,cost,32,0.1883080946287834,0.4115729334626291,False
8,0.3,0.9,antiphase,11,cost,64,0.000312596069402149,0.9990911589366794,False
8,0.3,0.9,antiphase,11,cost,96,3.881997162902273e-05,0.9999453204974541,True
8,0.3,0.9,antiphase,11,cost,128,1.242498569542505e-05,0.9999853321564802,True
8,0.3,0.9,antiphase,11,cost,128,1.242498569542505e-05,0.9999853321564802,True
8,0.8,1.2,plus,23,fixed,0,0.22020608676578757,0.7758501240364228,False
8,0.8,1.2,plus,23,fixed,16,0.05986516013351517,0.8839391878968199,False
8,0.525,0.85,plus,11,fixed,0,0.21893706965793247,0.7237381285443011,False
8,0.525,0.85,plus,11,fixed,16,0.017520167933362085,0.9553706512385401,False
8,0.6,1.5,ghz,11,cost,7,1.2581278760899803,0.011168205253976667,False
8,0.6,1.5,ghz,11,cost,15,0.7705273087117241,0.0912456937910055,False
8,0.6,1.5,ghz,11,cost,31,0.05223227310329759,0.9321866626464883,False
8,0.6,1.5,ghz,11,cost,63,0.0005698724129985511,0.9995507558583611,True
8,0.6,1.5,ghz,11,cost,95,0.00011646840325285623,0.9999168305594652,True
8,0.6,1.5,ghz,11,cost,127,4.289829444203974e-05,0.9999710550517671,True
8,0.6,1.5,ghz,11,cost,127,4.289829444203974e-05,0.9999710550517671,True
8,0.675,0.55,ghz,11,cost,7,0.5264234607226468,0.0024770712934897962,False
8,0.675,0.55,ghz,11,cost,15,0.22031367402207902,0.0894987409019323,False
8,0.675,0.55,ghz,11,cost,31,0.09303178279205682,0.3658453646491499,False
8,0.675,0.55,ghz,11,cost,63,0.016030166411206803,0.9068039668477923,False
8,0.675,0.55,ghz,11,cost,95,0.00636366010670586,0.9745114208003945,False
8,0.675,0.55,ghz,11,cost,127,0.0026465230449901345,0.9939838691516443,False
8,0.675,0.55,ghz,11,cost,127,0.0026465230449901345,0.9939838691516443,False
8,0.8,0.5,antiphase,23,cost,6,0.0949470817314596,0.6790659494168515,False
8,0.8,0.5,antiphase,23,cost,16,0.04469243059278527,0.823422548251823,False
8,0.8,0.5,antiphase,23,cost,32,0.006790566838882239,0.9594849293131058,False
8,0.8,0.5,antiphase,23,cost,64,0.0035006331020945858,0.9804873793359843,False
8,0.8,0.5,antiphase,23,cost,96,0.001945130757429081,0.989474453020312,False
8,0.8,0.5,antiphase,23,cost,128,0.0012426000956026195,0.9950962814962597,False
8,0.8,0.5,antiphase,23,cost,128,0.0012426000956026195,0.9950962814962597,False
8,0.75,1.5,plus,11,cost,0,0.1795448337471175,0.8426723028610538,False
8,0.75,1.5,plus,11,cost,16,0.04935378389862799,0.9267324758909176,False
8,0.75,1.5,plus,11,cost,32,0.009091132632096599,0.9908904270223459,False
8,0.75,1.5,plus,11,cost,64,0.0009950956686701762,0.9992087239730252,True
8,0.75,1.5,plus,11,cost,96,0.000164596735980016,0.9998813483931441,True
8,0.75,1.5,plus,11,cost,128,5.566421382385833e-05,0.9999635645058292,True
8,0.75,1.5,plus,11,cost,128,5.566421382385833e-05,0.9999635645058292,True
8,0.8,1.0,antiphase,11,cost,6,0.44817062200690416,0.15327070878978039,False
8,0.8,1.0,antiphase,11,cost,16,0.21864042824144958,0.46683309646447857,False
8,0.8,1.0,antiphase,11,cost,32,0.04762580832673491,0.8869431073513563,False
8,0.8,1.0,antiphase,11,cost,64,0.004039717551346911,0.993023549058607,False
8,0.8,1.0,antiphase,11,cost,96,0.0018895496112250054,0.9976377548246437,False
8,0.8,1.0,antiphase,11,cost,128,0.0008562923979367199,0.9989776521314654,True
8,0.8,1.0,antiphase,11,cost,128,0.0008562923979367199,0.9989776521314654,True
8,0.5,0.15,plus,11,fixed,0,0.42108108440839953,0.23835876833969474,False
8,0.5,0.15,plus,11,fixed,16,0.04636177650167772,0.35852504009258657,False
8,0.45,0.15,antiphase,23,fixed,6,0.12172680403016128,0.00048412150083379453,False
8,0.45,0.15,antiphase,23,fixed,22,0.12172680403016123,0.00048412150083379437,False
8,0.8,0.5,plus,11,fixed,0,0.39494708173145954,0.2646472959279824,False
8,0.8,0.5,plus,11,fixed,16,0.14240993269669466,0.3232873939988929,False
12,0.8,1.8,plus,11,cost,0,0.1678554685149202,0.802499618565889,False
12,0.8,1.8,plus,11,cost,32,0.03727333293073828,0.9305788945736173,False
12,0.8,1.8,plus,11,cost,64,0.004578559614835183,0.9921646564276084,False
12,0.8,1.8,plus,11,cost,96,0.0014012325642479932,0.9978637374456311,False
12,0.8,1.8,plus,11,cost,128,0.0006586675215058216,0.9990195723362018,True
12,0.8,1.8,plus,11,cost,128,0.0006586675215058216,0.9990195723362018,True
8,0.6,1.9,antiphase,11,cost,6,1.433347682371254,0.03711751237735842,False
8,0.6,1.9,antiphase,11,cost,16,0.8612430893826102,0.2374302418201311,False
8,0.6,1.9,antiphase,11,cost,32,0.03761691288953117,0.9597187084493681,False
8,0.6,1.9,antiphase,11,cost,64,0.0003006896243209489,0.9998094694463291,True
8,0.6,1.9,antiphase,11,cost,96,3.9593589560737996e-05,0.9999791101690345,True
8,0.6,1.9,antiphase,11,cost,128,1.3314589838664403e-05,0.9999928631909947,True
8,0.6,1.9,antiphase,11,cost,128,1.3314589838664403e-05,0.9999928631909947,True
8,0.475,0.15,ghz,11,fixed,7,0.04613548198132045,0.007062735805954379,False
8,0.475,0.15,ghz,11,fixed,23,0.03547371590525561,0.010528364667412101,False
8,0.65,1.8,plus,11,cost,0,0.1442026801008276,0.8875389729284597,False
8,0.65,1.8,plus,11,cost,16,0.029086602909314863,0.964225192053786,False
8,0.65,1.8,plus,11,cost,32,0.0048803558617325216,0.9955176492928904,False
8,0.65,1.8,plus,11,cost,64,0.0001536105417274669,0.9999102616431927,True
8,0.65,1.8,plus,11,cost,96,8.532693222118581e-05,0.9999514178398703,True
8,0.65,1.8,plus,11,cost,128,1.8251178411254898e-05,0.9999895223297645,True
8,0.65,1.8,plus,11,cost,128,1.8251178411254898e-05,0.9999895223297645,True
8,0.675,0.55,plus,11,gradient,0,0.3014234607226476,0.5662427872590996,False
8,0.675,0.55,plus,11,gradient,16,0.06465409027952229,0.741443606109501,False
8,0.675,0.55,plus,11,gradient,64,0.010329294187424343,0.9531617468870603,False
8,0.675,0.55,plus,11,gradient,128,0.0024874584228889995,0.99508268209503,False
8,0.675,0.55,plus,11,gradient,128,0.0024874584228889995,0.99508268209503,False
8,0.65,0.6,plus,11,cost,0,0.28207653690167434,0.6141979073391048,False
8,0.65,0.6,plus,11,cost,16,0.05408891330661014,0.7801160592581708,False
8,0.65,0.6,plus,11,cost,32,0.01898492736716062,0.939844813017108,False
8,0.65,0.6,plus,11,cost,64,0.004836708459648009,0.9882180492219957,False
8,0.65,0.6,plus,11,cost,96,0.0018936608281104883,0.9958029368049335,False
8,0.65,0.6,plus,11,cost,128,0.0007470936367776071,0.9987532848206422,True
8,0.65,0.6,plus,11,cost,128,0.0007470936367776071,0.9987532848206422,True
8,0.825,0.35,ghz,11,cost,7,0.6903475045344827,6.1981204896915585e-06,False
8,0.825,0.35,ghz,11,cost,15,0.33347100776376304,0.003136336631734682,False
8,0.825,0.35,ghz,11,cost,63,0.00250663135401763,0.5040695048022213,False
8,0.825,0.35,ghz,11,cost,127,0.0021473840179846437,0.5231587655275814,False
8,0.825,0.35,ghz,11,cost,127,0.0021473840179846437,0.5231587655275814,False
8,0.325,0.35,plus,11,cost,0,0.376227336694248,0.14999711306575503,False
8,0.325,0.35,plus,11,cost,16,0.04837437452854987,0.5251170561792701,False
8,0.325,0.35,plus,11,cost,32,0.01614822330392751,0.7275286295797396,False
8,0.325,0.35,plus,11,cost,64,0.0012138742064883301,0.991621573876077,False
8,0.325,0.35,plus,11,cost,128,1.2860100144895803e-05,0.9999712371275137,True
8,0.325,0.35,plus,11,cost,128,1.2860100144895803e-05,0.9999712371275137,True
8,0.95,0.4,ghz,11,cost,7,0.9453434075099381,2.6382674233095858e-06,False
8,0.95,0.4,ghz,11,cost,15,0.8528140180077386,0.00010490246489355969,False
8,0.95,0.4,ghz,11,cost,31,0.31356381884297224,0.00870256151436206,False
8,0.95,0.4,ghz,11,cost,63,0.0025633609205969465,0.506025621228364,False
8,0.95,0.4,ghz,11,cost,95,0.0023604496388331953,0.5087344476834178,False
8,0.95,0.4,ghz,11,cost,127,0.002308953416314097,0.5147866355940396,False
8,0.95,0.4,ghz,11,cost,127,0.002308953416314097,0.5147866355940396,False
8,0.25,0.8,ghz,11,cost,7,0.28807016998114776,0.16374850731248916,False
8,0.25,0.8,ghz,11,cost,15,0.1847328933807546,0.2770283437830902,False
8,0.25,0.8,ghz,11,cost,31,0.05723778821214909,0.7463771116997067,False
8,0.25,0.8,ghz,11,cost,63,5.696121352838368e-05,0.9998699321638244,True
8,0.25,0.8,ghz,11,cost,95,1.3211739604557238e-06,0.9999975552371775,True
8,0.25,0.8,ghz,11,cost,127,3.392088498976875e-07,0.9999995233197452,True
8,0.25,0.8,ghz,11,cost,127,3.392088498976875e-07,0.9999995233197452,True
8,0.5,0.9,antiphase,11,cost,6,0.6097829903926382,0.03263702832289261,False
8,0.5,0.9,antiphase,11,cost,16,0.3030763746591514,0.286977496286171,False
8,0.5,0.9,antiphase,11,cost,32,0.033748092083682124,0.9142029383884617,False
8,0.5,0.9,antiphase,11,cost,64,0.0016211540378419098,0.9972120603791458,False
8,0.5,0.9,antiphase,11,cost,128,5.1245589913762046e-05,0.9999477807284265,True
8,0.5,0.9,antiphase,11,cost,128,5.1245589913762046e-05,0.9999477807284265,True
8,0.3,0.5,plus,11,fixed,0,0.31314929279091114,0.3677511084063065,False
8,0.3,0.5,plus,11,fixed,16,0.049042754677451894,0.744803711976769,False
8,0.9,2.0,antiphase,11,cost,6,1.270479538018249,0.06917150099776925,False
8,0.9,2.0,antiphase,11,cost,16,0.45432014974776713,0.5203990229600449,False
8,0.9,2.0,antiphase,11,cost,32,0.029945366408874907,0.9693891200514606,False
8,0.9,2.0,antiphase,11,cost,64,0.000638053432253205,0.9995778512091441,True
8,0.9,2.0,antiphase,11,cost,96,0.00013316102889726622,0.9999284957902165,True
8,0.9,2.0,antiphase,11,cost,128,4.7987426711859626e-05,0.9999752327265802,True
8,0.9,2.0,antiphase,11,cost,128,4.7987426711859626e-05,0.9999752327265802,True
8,0.95,1.0,plus,11,cost,0,0.3066894803013418,0.5997356670094083,False
8,0.95,1.0,plus,11,cost,16,0.10321792428703747,0.7386752852131659,False
8,0.95,1.0,plus,11,cost,32,0.010617890371253047,0.9757898243855627,False
8,0.95,1.0,plus,11,cost,64,0.005115073740514786,0.9900996819577649,False
8,0.95,1.0,plus,11,cost,96,0.001554052809522144,0.9980006974561957,False
8,0.95,1.0,plus,11,cost,128,0.0008829998756558766,0.9990302734441311,True
8,0.95,1.0,plus,11,cost,128,0.0008829998756558766,0.9990302734441311,True
8,1.0,1.1,plus,11,cost,0,0.3069890585036985,0.616960651663972,False
8,1.0,1.1,plus,11,cost,16,0.10451980780590153,0.8521321748490183,False
8,1.0,1.1,plus,11,cost,32,0.04404448254997284,0.9153671948820029,False
8,1.0,1.1,plus,11,cost,128,0.0010130675891055763,0.9987854407321126,False
8,1.0,1.1,plus,11,cost,128,0.0010130675891055763,0.9987854407321126,False
8,0.65,0.2,plus,11,cost,0,0.46636047402499337,0.06899097063519297,False
8,0.65,0.2,plus,11,cost,16,0.07683928546619534,0.2547207971004499,False
8,0.65,0.2,plus,11,cost,32,0.002729546724713372,0.4956100303473582,False
8,0.65,0.2,plus,11,cost,64,0.0006472763553978522,0.5011035632669261,False
8,0.65,0.2,plus,11,cost,128,0.0005647112217818107,0.503838770998443,False
8,0.65,0.2,plus,11,cost,128,0.0005647112217818107,0.503838770998443,False
8,0.8,0.4,antiphase,37,cost,6,0.056490865998255035,0.8255540500485854,False
8,0.8,0.4,antiphase,37,cost,16,0.02469364968529031,0.9167580161268208,False
8,0.8,0.4,antiphase,37,cost,32,0.0021604391268402745,0.9887911035763305,False
8,0.8,0.4,antiphase,37,cost,64,0.0009701667451816887,0.995076741319532,True
8,0.8,0.4,antiphase,37,cost,128,0.00036430446733226596,0.9983805797858878,True
8,0.8,0.4,antiphase,37,cost,128,0.00036430446733226596,0.9983805797858878,True
8,0.0,1.0,plus,11,fixed,0,0.2814577238707543,0.4215096173044166,False
8,0.0,1.0,plus,11,fixed,16,0.09037356989492507,0.665276294266557,False
8,0.55,1.6,antiphase,11,cost,6,1.1962657633901275,0.035674933472009576,False
8,0.55,1.6,antiphase,11,cost,16,0.43198686721643886,0.46434217619084267,False
8,0.55,1.6,antiphase,11,cost,32,0.01956524487833322,0.9731221757298075,False
8,0.55,1.6,antiphase,11,cost,64,0.0003935187920198757,0.9997031893077875,True
8,0.55,1.6,antiphase,11,cost,128,1.903930510560592e-05,0.9999887243929773,True
8,0.55,1.6,antiphase,11,cost,128,1.903930510560592e-05,0.9999887243929773,True
8,0.1,2.0,ghz,11,cost,7,1.2191012264024343,0.04487431716843931,False
8,0.1,2.0,ghz,11,cost,15,0.7352938487647331,0.18701953932952378,False
8,0.1,2.0,ghz,11,cost,31,0.02876483556595666,0.9711636372998304,False
8,0.1,2.0,ghz,11,cost,63,2.7349178282065623e-06,0.9999977374102755,True
8,0.1,2.0,ghz,11,cost,95,1.0193739896635634e-07,0.9999999476353649,True
8,0.1,2.0,ghz,11,cost,99,9.874775441787165e-08,0.99999994961558,True
8,0.525,0.85,antiphase,11,cost,6,0.5439370696579316,0.037647357664933365,False
8,0.525,0.85,antiphase,11,cost,16,0.28139666242046557,0.27861767710625046,False
8,0.525,0.85,antiphase,11,cost,32,0.03705533505815217,0.9116794168384807,False
8,0.525,0.85,antiphase,11,cost,64,0.0025252016814496514,0.9957739317134308,False
8,0.525,0.85,antiphase,11,cost,128,0.00011310739930703306,0.999860184886216,True
8,0.525,0.85,antiphase,11,cost,128,0.00011310739930703306,0.999860184886216,True
8,0.9,2.0,plus,11,cost,0,0.17047953801825,0.8738643015786222,False
8,0.9,2.0,plus,11,cost,16,0.06281075408691361,0.9355461357080233,False
8,0.9,2.0,plus,11,cost,32,0.007985802313624557,0.9928046187497936,False
8,0.9,2.0,plus,11,cost,96,0.00014827234091052688,0.9999205003003442,True
8,0.9,2.0,plus,11,cost,128,6.628960637522496e-05,0.999967138104904,True
8,0.9,2.0,plus,11,cost,128,6.628960637522496e-05,0.999967138104904,True
8,0.0,1.0,antiphase,37,fixed,6,1.2814577238707536,0.001468450803653041,False
8,0.0,1.0,antiphase,37,fixed,22,1.2814577238707536,0.0013050277460741346,False
12,0.8,2.0,ghz,11,cost,11,1.954749110505073,0.00037712095663943807,False
12,0.8,2.0,ghz,11,cost,31,0.49689648465245284,0.21182084746642965,False
12,0.8,2.0,ghz,11,cost,63,0.26098882601490975,0.5054641703914213,False
12,0.8,2.0,ghz,11,cost,95,0.0033027879980111288,0.9953191461207525,False
12,0.8,2.0,ghz,11,cost,127,0.000450596033398772,0.9994191900645072,True
12,0.8,2.0,ghz,11,cost,127,0.000450596033398772,0.9994191900645072,True
8,0.825,0.55,antiphase,11,fixed,6,0.11307502727718943,0.6359895930130569,False
8,0.825,0.55,antiphase,11,fixed,22,0.11307502727718943,0.6359895930130569,False
8,0.025,1.75,antiphase,11,fixed,6,1.868210363706416,0.008647355457729015,False
8,0.025,1.75,antiphase,11,fixed,22,1.868210363706416,0.008647355457729102,False
8,0.9,1.4,antiphase,11,cost,6,0.7226957400059438,0.11958929682506081,False
8,0.9,1.4,antiphase,11,cost,16,0.30748317970618766,0.4887082729437511,False
8,0.9,1.4,antiphase,11,cost,32,0.04464305965837623,0.9363158658762213,False
8,0.9,1.4,antiphase,11,cost,96,0.0005484231766157421,0.9995391204427956,True
8,0.9,1.4,antiphase,11,cost,128,0.0002202293756623508,0.9998329586902941,True
8,0.9,1.4,antiphase,11,cost,128,0.0002202293756623508,0.9998329586902941,True
8,0.15,0.7,ghz,11,cost,7,0.163033359014775,0.5347967601561353,False
8,0.15,0.7,ghz,11,cost,15,0.09324032852102215,0.6631504268994077,False
8,0.15,0.7,ghz,11,cost,31,0.019654065034797052,0.8620911750995214,False
8,0.15,0.7,ghz,11,cost,63,0.009022522323026472,0.9673820779979752,False
8,0.15,0.7,ghz,11,cost,95,0.0002170805009140686,0.9996302381239508,True
8,0.15,0.7,ghz,11,cost,127,7.16665533095906e-06,0.9999893823224169,True
8,0.15,0.7,ghz,11,cost,127,7.16665533095906e-06,0.9999893823224169,True
12,0.0,0.7,ghz,11,cost,11,0.12697390860002455,0.645041386936339,False
12,0.0,0.7,ghz,11,cost,31,0.025517467321036474,0.9074141420545063,False
12,0.0,0.7,ghz,11,cost,63,0.0035812832342072554,0.9806296189731574,False
12,0.0,0.7,ghz,11,cost,95,0.0012913818443006282,0.992468657604593,False
12,0.0,0.7,ghz,11,cost,127,0.0002931300066009908,0.9985069638894133,True
12,0.0,0.7,ghz,11,cost,127,0.0002931300066009908,0.9985069638894133,True
8,0.2,1.9,antiphase,11,cost,6,1.8199742007761912,0.014596500566950096,False
8,0.2,1.9,antiphase,11,cost,16,1.0249358861564069,0.22013749036425656,False
8,0.2,1.9,antiphase,11,cost,32,0.7773979813152825,0.2332680803861202,False
8,0.2,1.9,antiphase,11,cost,64,0.00013662594585239773,0.9998507575863899,True
8,0.2,1.9,antiphase,11,cost,128,1.8424203629407998e-07,0.9999999021401835,True
8,0.2,1.9,antiphase,11,cost,128,1.8424203629407998e-07,0.9999999021401835,True
8,0.65,1.9,ghz,11,cost,7,1.6885849344634234,0.009789762530585578,False
8,0.65,1.9,ghz,11,cost,15,0.8148414037226948,0.1506704377441014,False
8,0.65,1.9,ghz,11,cost,31,0.07172743594594988,0.9363428069332318,False
8,0.65,1.9,ghz,11,cost,63,0.0008048854434052899,0.9993885588359327,True
8,0.65,1.9,ghz,11,cost,95,0.00010640752267310205,0.999938474253189,True
8,0.65,1.9,ghz,11,cost,127,1.8821042554240108e-05,0.9999901600860853,True
8,0.65,1.9,ghz,11,cost,127,1.8821042554240108e-05,0.9999901600860853,True
8,0.0,0.9,antiphase,23,cost,6,1.221660957251998,0.0007585407967815044,False
8,0.0,0.9,antiphase,23,cost,16,0.6758775178775527,0.24739107717638192,False
8,0.0,0.9,antiphase,23,cost,32,0.43084919973570357,0.439951605679758,False
8,0.0,0.9,antiphase,23,cost,64,0.01643922217701843,0.9260892680095879,False
8,0.0,0.9,antiphase,23,cost,96,0.0005056275658921194,0.9991935650446504,True
8,0.0,0.9,antiphase,23,cost,128,5.736993331506568e-07,0.9999995470966172,True
8,0.0,0.9,antiphase,23,cost,128,5.736993331506568e-07,0.9999995470966172,True
8,0.0,1.1,ghz,23,cost,7,0.3494084590468365,0.3223640575305645,False
8,0.0,1.1,ghz,23,cost,15,0.20384543879160844,0.4856507172053913,False
8,0.0,1.1,ghz,23,cost,31,0.04466355178263948,0.8765304644410549,False
8,0.0,1.1,ghz,23,cost,63,0.0021113785287065756,0.9977438503260022,False
8,0.0,1.1,ghz,23,cost,95,0.0002337899229252205,0.999778698057568,True
8,0.0,1.1,ghz,23,cost,127,2.3180943886425e-05,0.9999813372012875,True
8,0.0,1.1,ghz,23,cost,127,2.3180943886425e-05,0.9999813372012875,True
8,0.6,1.6,ghz,11,cost,7,1.3511072165468463,0.01122851522093792,False
8,0.6,1.6,ghz,11,cost,15,0.8202884037283962,0.09405989299864455,False
8,0.6,1.6,ghz,11,cost,31,0.3679401096261572,0.4829818199948806,False
8,0.6,1.6,ghz,11,cost,63,0.0006569734719492626,0.9994692151166843,True
8,0.6,1.6,ghz,11,cost,95,7.82879890546262e-05,0.999950273974994,True
8,0.6,1.6,ghz,11,cost,127,2.985618651885069e-05,0.9999806589868874,True
8,0.6,1.6,ghz,11,cost,127,2.985618651885069e-05,0.9999806589868874,True
