method,kappa,h,p,new_pass,old_pass,common_pass,new_cnots,old_cnots,epsilon_c_new,epsilon_c_old,epsilon_sf_new,epsilon_sf_old,epsilon_mx_new,epsilon_mx_old
B3,0.0,0.1,0,True,True,True,31,192,7.157161027504522e-06,4.727013058758445e-08,5.367658430621702e-06,1.2728776255244156e-08,4.7863859105531925e-05,9.509714246624945e-08
B3,0.0,0.2,0,True,True,True,31,192,0.00011947265489598013,1.1425469681469735e-07,8.933652710552131e-05,1.99353805685476e-08,0.0003985714466706036,1.6337397490406858e-08
B3,0.0,0.3,0,True,True,True,64,192,2.309468853411989e-05,2.945887300764838e-08,1.5374552119640228e-05,6.250052586587174e-09,4.1960672297836066e-05,2.288418232687661e-09
B3,0.0,0.4,0,True,True,True,64,192,0.00014690454695287514,1.905451554318205e-07,9.69956322508514e-05,5.052108975611702e-08,0.00019590798997096148,2.607979715518738e-08
B3,0.0,0.5,0,True,True,True,95,192,1.1099489357735415e-05,1.2890921341490724e-07,7.556517694018439e-06,5.676539571730643e-08,1.3436330738192392e-05,1.1301259461582447e-07
B3,0.0,0.6,0,True,True,True,90,192,7.576882388171668e-08,3.531069487916483e-07,2.85448585879422e-08,2.44064960130963e-07,2.4039183088575555e-08,4.0371612936018764e-07
B3,0.0,0.7,0,True,True,True,64,192,0.00106686950207191,1.94062786262883e-06,0.0005612376321553203,5.17584502923718e-07,0.0005742997250491877,3.945435572139111e-07
B3,0.0,0.8,0,True,True,True,96,192,1.6302628407016684e-05,1.5962521913159833e-06,4.1101754502670396e-06,4.029563298035832e-07,3.7840736606953307e-06,8.108258996997186e-07
B3,0.0,0.9,0,True,True,True,96,192,3.497479920377966e-05,2.67773998330334e-06,9.064536735853279e-06,7.491053143349191e-07,2.6299368638404985e-07,3.4987898933636075e-07
B3,0.0,1.0,0,True,True,True,96,192,0.00032392070229481096,1.9270447876307273e-06,6.218818112227464e-05,1.3325486439841328e-06,6.23729755526714e-05,1.2355879994707664e-06
B3,0.0,1.1,0,True,True,True,127,192,3.4734434347538645e-05,1.2527332275968917e-06,6.613958930423713e-06,4.789962441131834e-07,5.758463348382037e-07,1.338450352772469e-07
B3,0.0,1.2,0,True,True,True,96,192,0.0011543608682847428,2.535258641023219e-06,0.0005241503032676342,1.0346136790073679e-06,0.00024167491637072658,1.480807818587948e-07
B3,0.0,1.3,0,True,True,True,95,192,0.002167360557866538,4.6984864687793504e-07,0.0009173236194964796,1.7506746585738142e-07,0.00024867688510765706,3.753693345043274e-08
B3,0.0,1.4,0,True,True,True,95,192,0.0015236883136299229,3.3845212435990035e-06,0.0008944441806310044,1.6564922332151788e-06,0.00025794520893474004,6.665493480495499e-07
B3,0.0,1.5,0,True,True,True,127,192,1.8678852790471323e-05,6.286928207199782e-07,1.0722067868507157e-05,2.316848538574945e-07,3.0053164032928237e-06,9.589307792268187e-09
B3,0.0,1.6,0,True,True,True,95,192,0.0010112983259301656,1.983541812744516e-07,0.0005349758849507169,1.2290755169175327e-07,0.00013596236601676193,9.91215107770671e-08
B3,0.0,1.7,0,True,True,True,96,192,0.0006608684196751924,3.37177111120468e-07,0.0002833937747891979,1.3584490626827872e-07,5.9088179686139775e-05,2.0456128757562198e-07
B3,0.0,1.8,0,True,True,True,63,192,0.00290792885925089,2.481007571150662e-06,0.0015866227301838398,1.1005592409629728e-06,0.0002710246793158344,4.130713882055659e-08
B3,0.0,1.9,0,True,True,True,63,192,0.0022304134800578065,3.0823282285707965e-06,0.0012085656196162697,1.449783965462581e-06,0.0001842131277081105,1.9046633548125413e-07
B3,0.0,2.0,0,True,True,True,63,192,0.0028589374142661897,7.182033963520906e-07,0.0013035106627929671,1.4062467573738857e-07,0.00015092183046161445,1.4620946675591995e-09
B3,0.05,0.1,0,True,True,True,31,192,1.0561545759624202e-05,2.5748660092972386e-08,7.938928008321966e-06,1.9176278454047235e-08,6.543706010720546e-05,1.8826682051525934e-07
B3,0.05,0.2,0,True,True,True,31,192,0.00017880735585096286,6.007194053303522e-08,0.00013498817084534043,2.8165565102433732e-08,0.0005604113302104113,2.6667347274855757e-08
B3,0.05,0.3,0,True,True,True,63,192,0.00025132863772059366,3.032596860297332e-07,0.0001806009658140706,1.0296757863015316e-07,0.0004924494939981539,3.913202151206718e-09
B3,0.05,0.4,0,True,True,True,64,192,0.0005594685000318567,2.6606259502237606e-06,0.00038338195462017666,1.2194905195661576e-06,0.0008007886640620798,1.646061304483304e-07
B3,0.05,0.5,0,True,True,True,96,192,5.97957441310637e-05,5.5139681925941986e-06,3.953212533525097e-05,2.4679444885489232e-06,4.108634913935205e-05,6.625533092163849e-07
B3,0.05,0.6,0,True,True,True,95,192,0.0001194948669875906,6.921624922551217e-06,5.280173563448898e-05,2.092510502427203e-06,7.105112790117829e-06,1.2625710060776285e-07
B3,0.05,0.7,0,True,True,True,95,192,0.0013519673308670654,3.942943673451715e-06,0.0005294257592036722,1.0363741997920783e-06,0.00028475973230068785,1.433258172700569e-07
B3,0.05,0.8,0,True,True,True,127,192,0.00011532990683171818,6.005215624105276e-06,4.219224102108843e-05,2.263994770657085e-06,1.7281459989693104e-06,2.1926558280149777e-07
B3,0.05,0.9,0,True,True,True,95,192,0.0002645818037567693,8.350692613401378e-06,0.0001515986750534326,2.5834883164987943e-06,1.671146816573099e-05,5.318146980570759e-07
B3,0.05,1.0,0,True,True,True,95,192,0.0009201644554911459,7.414454865517506e-06,0.0001902004211585262,3.1390416757037798e-06,9.824117461543214e-05,2.5755649013525783e-07
B3,0.05,1.1,0,True,True,True,95,192,0.003958708390875476,4.443766976169883e-06,0.0012579933189121872,1.8456035472680377e-06,0.00036292541092841635,1.970493892500258e-07
B3,0.05,1.2,0,True,True,True,95,192,0.00207002320788896,6.162961547706569e-06,0.0007283547427174852,3.5882645815776826e-06,0.00017228894062126798,1.2309708172786316e-06
B3,0.05,1.3,0,True,True,True,95,192,0.0013178047886365785,2.785518584125235e-06,0.0006021971649601277,8.265819355091075e-07,0.00016190539292337824,8.274162842658583e-07
B3,0.05,1.4,0,True,True,True,95,192,0.0011791603091191871,1.3957075472997849e-06,0.0004503183916020337,3.5010960772186017e-07,8.993654999989165e-05,2.6399371910734715e-07
B3,0.05,1.5,0,True,True,True,64,192,0.003666746366292939,6.650345325640017e-06,0.0015827521136993483,3.149436962113228e-06,0.0003249494087224081,1.4550882809771792e-07
B3,0.05,1.6,0,True,True,True,63,192,0.004991205589992692,1.8775737874315857e-06,0.0020601321583142984,5.451756516228201e-07,0.0003889238921043203,1.5840273592804266e-07
B3,0.05,1.7,0,True,True,True,63,192,0.0037173416739642653,3.7264533599909444e-06,0.001434702781020425,1.7797182677026235e-06,0.00022810541706808074,1.8841779469980224e-08
B3,0.05,1.8,0,True,True,True,63,192,0.003991857338527999,4.687678977953469e-06,0.001432788947613034,1.643551803265364e-06,0.0001833658796390747,3.1070360506646466e-08
B3,0.05,1.9,0,True,True,True,63,192,0.0035977659114585087,1.3346442141320969e-06,0.00123444485437188,9.63542755583191e-07,0.0001281185904351556,4.4450567049381107e-07
B3,0.05,2.0,0,True,True,True,63,192,0.002831536316840747,9.577797839728508e-07,0.0009239112142012951,2.179410594910225e-07,8.084806344610396e-05,1.5746734594035416e-07
B3,0.1,0.1,0,True,True,True,31,192,1.6104075274636642e-05,1.2787400471836463e-08,1.2124930665491362e-05,8.919606830914972e-09,9.187050382435807e-05,8.907495374632646e-08
B3,0.1,0.2,0,True,True,True,31,192,0.00027362858786106337,9.722359428643301e-08,0.0002077284706640814,4.44647286768074e-08,0.000790662232729028,1.3234058626743206e-07
B3,0.1,0.3,0,True,True,True,63,192,0.0004510412029206101,1.953663088083424e-06,0.00032419298867158997,9.721387230765544e-07,0.0007945076032608578,6.438077214121485e-07
B3,0.1,0.4,0,True,True,True,96,192,1.5097521592122298e-05,2.839329725667916e-06,8.102019275813e-06,5.336693546641874e-07,5.1166583604767e-05,4.6493820071713543e-07
B3,0.1,0.5,0,True,True,True,95,192,0.00084254635855463,5.9611397837944224e-06,0.0005292833466516988,9.990412878080335e-07,0.0005463971744069096,4.8934676311063185e-08
B3,0.1,0.6,0,True,True,True,95,192,0.0003826566036898571,1.0081816130935728e-05,0.00021647430026228154,3.5189293285942114e-06,8.499649464999148e-05,1.1838780662465354e-06
B3,0.1,0.7,0,True,True,True,95,192,0.0006733397326323942,1.3676277757390665e-05,0.0002060725591551682,7.166296275062933e-06,6.339975949554155e-05,1.5758286436295954e-06
B3,0.1,0.8,0,True,True,True,95,192,0.00037598209341926925,2.028061504488754e-05,0.00010030588398510232,8.643237486838373e-06,3.623837172694877e-05,1.5870705893927806e-07
B3,0.1,0.9,0,True,True,True,96,192,0.0008613290094492965,2.6146090433720737e-05,0.00027911613197395546,1.1433227983914662e-05,0.00012453618564667313,2.955529032622195e-08
B3,0.1,1.0,0,True,True,True,95,192,0.0032813730734316815,1.3279490351569834e-05,0.0012854059510227778,5.3762373994348245e-06,0.00037058739593376355,9.572438147698037e-07
B3,0.1,1.1,0,True,True,True,96,192,0.0031745390770074877,4.0850432834194095e-06,0.0015879043121969083,1.2862933030099999e-06,0.0005213788354899718,1.1294193562605415e-06
B3,0.1,1.2,0,True,True,True,96,192,0.0019728235835181074,8.288663951916408e-06,0.0007513287184900963,3.8481921763589e-06,0.0001864788085298441,3.534315151654255e-07
B3,0.1,1.3,0,True,True,True,64,192,0.007134898013859303,8.385976161914832e-06,0.003374806070077896,4.662121218412807e-06,0.0007599728395617511,1.0692467858897103e-06
B3,0.1,1.4,0,True,True,True,63,192,0.006834378324716513,6.709679106133015e-06,0.0031090105155699987,3.1019659154640777e-06,0.000601170728192657,5.60934005799929e-07
B3,0.1,1.5,0,True,True,True,63,192,0.004944643428916082,5.330327363113618e-06,0.00195283679484215,2.232675320179567e-06,0.00029278609160532376,3.555512149144846e-07
B3,0.1,1.6,0,True,True,True,63,192,0.004614205006908196,2.7462198995756304e-06,0.0019664125357927442,1.1178892346808134e-06,0.00027391049413361124,3.905136850557156e-07
B3,0.1,1.7,0,True,True,True,63,192,0.0016954933727380272,3.3006232422194692e-06,0.0008779772230491645,6.088702042550409e-07,0.00011230099115044911,1.3373635976421383e-08
B3,0.1,1.8,0,True,True,True,63,192,0.0020683288276343408,7.76219897290556e-06,0.0007864746831409697,3.1903577329961408e-06,7.467755693202349e-05,1.3779776808497957e-07
B3,0.1,1.9,0,True,True,True,63,192,0.0014066909653017955,3.0062362542798704e-06,0.0005438811551276568,1.5446660636408982e-06,4.3820662108284836e-05,1.9635877668289226e-07
B3,0.1,2.0,0,True,True,True,63,192,0.000995908333459524,3.040698952943427e-06,0.00035132659524564347,1.6503898651598625e-06,1.970305231557834e-05,1.1838582769652106e-07
B3,0.15,0.1,0,True,True,True,31,192,2.546616479115471e-05,8.637379567133507e-08,1.9238576898006343e-05,2.687344591301155e-08,0.00013300019278761344,1.5240538978056328e-07
B3,0.15,0.2,0,True,True,True,31,192,0.00043809038180009363,3.185171547626098e-07,0.00033381298109502744,1.137779936932759e-07,0.0011542852496534556,6.514156586368003e-08
B3,0.15,0.3,0,True,True,True,63,192,0.0009714746597975221,6.577153852660444e-07,0.0007050874036446109,1.5033710981660064e-07,0.0016420639649397661,4.3960620071947787e-07
B3,0.15,0.4,0,True,True,True,96,192,0.0004593972202128205,2.9351670922661555e-06,0.00027906552036571775,1.1425395157749207e-06,0.00031731249407146445,1.043300410202841e-06
B3,0.15,0.5,0,True,True,True,96,192,0.000435983237279558,3.7359393869618174e-06,0.00019160370549908823,2.060472772513755e-06,6.760592022625467e-05,1.5254457843560942e-06
B3,0.15,0.6,0,True,True,True,96,192,0.0005010181955402704,7.743661115555689e-06,0.00027546518616883287,4.372776814198787e-06,0.00011586390912698974,2.4037790699038553e-06
B3,0.15,0.7,0,True,True,True,127,192,0.0005098208438522045,1.5104356232309435e-05,0.000200218403375918,8.10776820603376e-06,1.0128764030392645e-05,9.934316475002092e-07
B3,0.15,0.8,0,True,True,True,96,192,0.002558939814262695,4.437176634286555e-06,0.0009701755816180491,1.6723461768314296e-06,0.00039586301492688936,2.675564379051032e-06
B3,0.15,0.9,0,True,True,True,127,192,0.0007085183869974254,1.3791215403957668e-05,0.00024377740213743504,4.896910523910503e-06,6.429597294754785e-05,2.226635615110162e-06
B3,0.15,1.0,0,True,True,True,95,192,0.0027433504624126692,8.046340946643582e-06,0.0011117863834743669,2.1840820790541837e-06,0.0002674825250208457,1.4177019171945915e-06
B3,0.15,1.1,0,True,True,True,96,192,0.0016006455546760529,2.0267285753258757e-05,0.0006403711413662805,1.0355763177039012e-05,0.00013152804955429698,2.616813093103687e-06
B3,0.15,1.2,0,True,True,True,64,192,0.009862575546552746,4.9918443680851965e-06,0.004876885514243368,2.6320039647198534e-06,0.0010403434794516997,5.393250279706052e-07
B3,0.15,1.3,0,True,True,True,63,192,0.0029551063391386953,9.98856894852268e-06,0.0017330669119552944,4.601995129083214e-06,0.00037226447268479124,5.906113731413143e-07
B3,0.15,1.4,0,True,True,True,63,192,0.0017688282484912,2.1890738103741425e-06,0.0010016021614553672,5.474205601874171e-07,0.00015769947229893333,1.8060726580948483e-07
B3,0.15,1.5,0,True,True,True,64,192,0.0010895643769425756,1.1705812650898706e-06,0.0005755558543263373,6.584877717819015e-07,7.637572391705483e-05,1.1690321477519916e-07
B3,0.15,1.6,0,True,True,True,63,192,0.0013162920943934793,5.145191187883036e-06,0.0007088818953825404,3.4001135251482406e-06,8.477984261623384e-05,3.68382889193164e-07
B3,0.15,1.7,0,True,True,True,63,192,0.00047026462141911557,3.2434957993737745e-06,0.0002622781696912102,1.0477789186835729e-06,2.8565576499661738e-05,2.154970306644799e-07
B3,0.15,1.8,0,True,True,True,32,192,0.0016957081788619155,1.9948850943153282e-05,0.0010595129203554154,6.04712114468664e-06,0.00029652619299624927,8.453805538932713e-07
B3,0.15,1.9,0,True,True,True,32,192,0.0021499693173023977,3.0550640059551215e-06,0.0014294590664136464,1.230479102387605e-06,0.00029156033660304725,3.70866776178147e-07
B3,0.15,2.0,0,True,True,True,32,192,0.0015421363743900315,2.6814417343566828e-05,0.0004460824921350415,6.7202403204735806e-06,9.718001281111555e-05,6.609054995498909e-07
B3,0.2,0.1,0,True,True,True,31,192,4.2174870357514216e-05,3.1717458859326086e-07,3.201103129746308e-05,1.9528537220647735e-07,0.00019977297851495046,1.1665435232233179e-06
B3,0.2,0.2,0,True,True,True,31,192,0.0007350956833611644,5.130731215885476e-06,0.0005598980896126537,2.7760266110288256e-06,0.0017233063872993948,4.008103086677872e-06
B3,0.2,0.3,0,True,True,True,64,192,0.0009916305659491975,8.703651419028624e-06,0.0006797707711659884,2.347253730494714e-06,0.0012183698947039745,1.7702104964656407e-06
B3,0.2,0.4,0,True,True,True,95,192,0.001717976778608299,7.777824068100347e-05,0.0010347563221692058,2.489462825527866e-05,0.0010813196512570733,1.2774078973654124e-05
B3,0.2,0.5,0,True,True,True,96,192,0.0006081968066485866,0.00029975966581741176,0.00034134784625039494,9.713079204098918e-05,0.0001894670229038442,3.218585535691432e-05
B3,0.2,0.6,0,True,True,True,96,192,0.0002355893283815247,0.0003336190039898712,9.797427849811413e-05,0.00010477635018091291,2.3388873444052383e-05,9.545879712247185e-06
B3,0.2,0.7,0,True,True,True,96,192,0.004864665996000883,9.377307127422796e-05,0.0019434445776704834,1.950169756749498e-05,0.000625258110107163,2.201662452827602e-05
B3,0.2,0.8,0,True,True,True,95,192,0.0061831809854678565,3.589200591319619e-05,0.0026032943013489795,2.516047899531193e-05,0.0006663587708364282,1.2646170628349829e-05
B3,0.2,0.9,0,True,True,True,64,192,0.009083228727860979,2.8553374077838756e-05,0.005174998682153542,1.4074987261136762e-05,0.0015458333001368008,2.893332592734943e-06
B3,0.2,1.0,0,True,True,True,63,192,0.0025371462389048166,1.15563303279137e-05,0.001333018475281278,4.4711776440165e-06,0.00021232071055432566,1.102963885335484e-06
B3,0.2,1.1,0,True,True,True,63,192,0.0011520480922605908,1.754286776230879e-05,0.0007539578604492947,5.212817837385586e-06,0.00016893216383506715,7.526721876871534e-07
B3,0.2,1.2,0,True,True,True,64,192,0.00033536146210441653,0.00013867580602102553,0.000217487430454133,4.73491725910824e-05,5.9345721913239835e-05,4.737310918767612e-06
B3,0.2,1.3,0,True,True,True,63,192,0.0012098542272295197,9.369845650850084e-06,0.0002574746281133189,6.062215013036276e-06,2.3207134583147493e-05,2.963270684164243e-06
B3,0.2,1.4,0,True,True,True,63,192,0.0022320137609172794,0.00021555202111827026,0.0008896745160672237,9.066106204963509e-05,4.4007762604714173e-05,5.767341750173571e-06
B3,0.2,1.5,0,True,True,True,63,192,0.0027967565031981525,8.792990074171954e-05,0.000967253144560698,2.3045190571002738e-05,2.4494399691876723e-05,3.1432907943163e-08
B3,0.2,1.6,0,True,True,True,63,192,0.0014165071651142183,8.325803124137332e-05,0.0005433773495426009,2.3319970292146053e-05,2.778092469513105e-06,9.44978052475065e-08
B3,0.2,1.7,0,True,True,True,32,192,0.006366986635909596,8.109483874704174e-05,0.0017651564630410677,2.1162489038467625e-05,0.00019568144560300205,1.4274260440316766e-07
B3,0.2,1.8,0,True,True,True,32,192,0.006638160099849681,2.5321096135598638e-05,0.002332994253773202,8.254744824381932e-06,8.702179346919969e-05,4.065519985108068e-07
B3,0.2,1.9,0,True,True,True,32,192,0.0075070241719770656,1.9317365510532897e-05,0.0034304778035384176,6.79197888395211e-06,4.663273489469155e-06,1.9280221541517761e-07
B3,0.2,2.0,0,True,True,True,32,192,0.006491703449504819,1.3675053910872613e-05,0.002800931912200655,4.86366066723698e-06,3.471046228364916e-05,3.864421755928049e-07
B3,0.25,0.1,0,True,True,True,31,192,7.431159919324415e-05,2.5498946820690094e-07,5.671999824308216e-05,8.21672168083154e-08,0.0003144392606527907,7.236058953002944e-07
B3,0.25,0.2,0,True,True,True,63,192,0.00036830960359124365,1.26790089249873e-06,0.000267072476734187,4.070616431706142e-07,0.000687599609172862,1.33821690950775e-07
B3,0.25,0.3,0,True,True,True,95,192,0.0018065790042702812,3.2757937739824605e-05,0.0011989178654743249,1.1372089566474841e-05,0.0017088743624867897,8.976782831293662e-06
B3,0.25,0.4,0,True,True,True,127,192,0.002244478359894053,0.0002496544706384052,0.0013323159597979917,9.219571723295683e-05,0.0012631229053812199,4.688740023028881e-05
B3,0.25,0.5,0,True,True,True,96,192,0.0007334159690612907,0.00041034213969193267,0.00043355552629209537,0.00014078926307270478,0.0002943852906601152,2.2857768146422597e-05
B3,0.25,0.6,0,True,True,True,96,192,0.003751767357164093,0.00010736070932182429,0.0016635478209852117,7.071233449917891e-05,0.0005256029388672756,4.915527712245904e-05
B3,0.25,0.7,0,True,True,True,95,192,0.0023517664753176515,0.00011017259843729144,0.0009173352071770724,5.415579763995426e-05,0.000173215749236455,1.3736510858231021e-05
B3,0.25,0.8,0,True,True,True,63,192,0.007976248103749445,9.54723904827981e-06,0.005405239442859366,3.4671549860587625e-06,0.001598217795760415,1.834433805969482e-07
B3,0.25,0.9,0,True,True,True,63,192,0.0024992049183289178,7.00051393317698e-05,0.0012702401222835502,1.155585266207626e-05,0.0006122071459647715,5.394637012545722e-06
B3,0.25,1.0,0,True,True,True,63,192,0.008746124037251269,0.000113743426108261,0.003908259573040196,5.288494707766933e-05,0.00033195796070883965,1.9046538868305873e-07
B3,0.25,1.1,0,True,True,True,63,192,0.009237132921911787,5.742844113124784e-05,0.003946473794806449,2.3875062100997546e-05,0.00020646521104250581,2.3315125499134837e-06
B3,0.25,1.2,0,True,True,True,63,192,0.006558278606499622,4.141885080291563e-05,0.0024936749383226986,1.6718196281101383e-05,6.298361464929236e-06,5.740957882416353e-07
B3,0.25,1.3,0,True,True,True,63,192,0.005214636672533848,2.2714571429717847e-05,0.002018269273236284,7.91173921704802e-06,5.2140024323077405e-05,1.1841568813286685e-06
B3,0.25,1.4,0,True,True,True,63,192,0.004937560474169149,1.6989529892047148e-05,0.0022344219408975408,5.8639521870740285e-06,1.147305796544984e-05,2.4441873414104975e-07
B3,0.25,1.5,0,True,True,True,63,192,0.003927168808233064,2.0800164842729382e-05,0.0017533041961872997,8.221649607037529e-06,1.8628535054299178e-05,2.5482858823089316e-07
B3,0.25,1.6,0,True,True,True,63,192,0.003059795159314765,1.946750476924594e-05,0.0015143179407259288,9.01320747340173e-06,1.7645414622347033e-05,4.963694877346825e-08
B3,0.25,1.7,0,True,True,True,63,192,0.005866574059431069,1.5567060134247593e-05,0.00215562261933247,6.723967229255168e-06,2.975023371676322e-05,2.6642982409175175e-07
B3,0.25,1.8,0,True,True,True,63,192,0.003112530015165829,1.3307370398047899e-05,0.001455252624884551,5.6846372908370135e-06,3.129158540615684e-06,5.742765080141154e-07
B3,0.25,1.9,0,True,True,True,63,192,0.00430502052771416,1.116938689924192e-05,0.0015513018491953579,5.058426094356472e-06,4.537438586715847e-05,2.0711704251663576e-07
B3,0.25,2.0,0,True,True,True,63,192,0.0008105648381946089,1.9366537691840532e-05,0.0002728711191264388,5.1374786667890415e-06,2.424593673278075e-05,6.208290495024471e-07
B3,0.3,0.1,0,True,True,True,31,192,0.00014331869755002113,7.094062848267413e-08,0.00011007718604016947,3.7716878287241684e-08,0.000527851603544377,1.8114286376436084e-07
B3,0.3,0.2,0,True,True,True,63,192,0.001036951311379375,6.204885443672481e-06,0.0007321240465002488,2.343757353306941e-06,0.0014606262154101546,2.2291674695584796e-06
B3,0.3,0.3,0,True,True,True,96,192,0.0004324132911810441,0.00012937314617667006,0.00027218499841186183,5.37855534762377e-05,0.0003007947191273064,3.737479743398664e-05
B3,0.3,0.4,0,True,True,True,96,192,0.00033970188024534664,8.367244035634158e-05,0.00016277687529986373,2.5468490482571937e-05,2.033956895292066e-05,1.7080894297250016e-05
B3,0.3,0.5,0,True,True,True,127,192,0.000966574875860049,0.00021544093523717667,0.0004666603464038577,0.00010498063128727697,0.00013667453489984993,3.221106623407799e-05
B3,0.3,0.6,0,True,True,True,95,192,0.001092523668702966,0.0007394029960555992,0.0003417684505652163,0.00036490717264170414,0.000423167452910711,6.479135718706619e-05
B3,0.3,0.7,0,True,True,True,95,192,0.013053052112774053,0.00026780447198559293,0.005794477291615419,0.00010995134043367827,0.0006024297566405989,6.7228871384328315e-06
B3,0.3,0.8,0,True,True,True,95,192,0.009079435086423726,9.90493242235338e-05,0.003608618000558783,3.289770080705523e-05,2.1820145628126397e-05,7.5968686050753576e-06
B3,0.3,0.9,0,True,True,True,95,192,0.0028266644645705344,4.7249223593420764e-05,0.001118398885073868,2.2791568345559288e-05,4.731575859306947e-05,2.876162421894257e-06
B3,0.3,1.0,0,True,True,True,95,192,0.004056526961330756,4.654185478169745e-05,0.0013867689229799807,2.1609731806315757e-05,0.00010562063982200165,1.3887617267283048e-06
B3,0.3,1.1,0,True,True,True,64,192,0.0063398526115851575,3.160458358561491e-05,0.001979351314121608,1.4429067269838836e-05,0.0003023743741554785,7.428419508404005e-07
B3,0.3,1.2,0,True,True,True,64,192,0.005307417052073882,2.3586710274400846e-05,0.0017999166148969514,1.0241989470416435e-05,0.00019018425397099303,7.07489469009559e-07
B3,0.3,1.3,0,True,True,True,64,192,0.004877680969311772,2.1049344534632142e-05,0.001590716208490911,8.700377454928798e-06,0.00017934972074507005,9.715666411391766e-07
B3,0.3,1.4,0,True,True,True,64,192,0.004587380863444061,6.065620303800923e-06,0.0014953712758734028,2.9415147303479827e-06,0.00015605726115452967,2.2261670307166526e-07
B3,0.3,1.5,0,True,True,True,64,192,0.0022719709483659326,6.155615371462864e-06,0.0006939242521387945,1.7016142365572362e-06,9.059357384422206e-05,2.4391886321861733e-07
B3,0.3,1.6,0,True,True,True,64,192,0.002283781640661623,2.9045096467655157e-06,0.0007485336411679755,1.0790198710919352e-06,7.78293697917265e-05,3.8825536807785e-07
B3,0.3,1.7,0,True,True,True,63,192,0.003203578867842529,4.315140923007166e-06,0.0010830795450409714,1.1134101384757678e-06,9.619505838132092e-05,1.6196149144054317e-07
B3,0.3,1.8,0,True,True,True,63,192,0.0021819701776145534,2.1827394696277702e-06,0.0007348248477406782,8.079007974282071e-07,7.07355500106921e-05,3.0895287128629434e-07
B3,0.3,1.9,0,True,True,True,63,192,0.001696992117852984,3.453815221127199e-06,0.0006455195327462748,1.149744357914484e-06,6.364259441560272e-05,3.948535847175805e-07
B3,0.3,2.0,0,True,True,True,63,192,0.0021447629761117103,5.011231601081273e-06,0.000995108717421006,9.215369120435524e-07,9.229489418216552e-05,1.362554602479804e-07
B3,0.35,0.1,0,True,True,True,31,192,0.00032281716933602045,1.1099613114184947e-06,0.0002473642025038192,4.883468631700083e-07,0.0009744505362536682,2.788075187193373e-06
B3,0.35,0.2,0,True,True,True,95,192,0.0038885059518304343,3.8727071819288916e-05,0.002615270788502766,1.7143898140448144e-05,0.0036180168089901543,1.5736851819936337e-05
B3,0.35,0.3,0,True,True,True,96,192,0.004572896750706157,0.00011144745326963079,0.0020800432758942833,3.954531583183485e-05,0.0005736795682700357,4.695599197013234e-05
B3,0.35,0.4,0,True,True,True,96,192,0.008503805070040393,0.00208668828973671,0.005872799976642584,0.0011191082180058154,0.0027347901630891958,0.0003129174589501238
B3,0.35,0.5,0,True,True,True,127,192,0.012309090732784946,0.005392595093772573,0.005391994501474318,0.0021888910083879276,0.00020866362934846006,9.947580771629827e-05
B3,0.35,0.6,0,True,True,True,127,192,0.009001013005605574,0.0035819810183844586,0.003636634200298805,0.0014094069356072048,0.00018338682091845193,9.400363113154508e-05
B3,0.35,0.7,0,True,True,True,96,192,0.005717467250045322,0.0021136834460614567,0.002055298095130914,0.0007900013438144893,0.0003272165256129611,9.449230171088008e-05
B3,0.35,0.8,0,True,True,True,95,192,0.0054921093663025805,0.0011672396549954611,0.0023277996730789174,0.00041074031882212814,0.00032189500542301186,6.531568456213943e-05
B3,0.35,0.9,0,True,True,True,95,192,0.001814953622883142,0.0006482024355083105,0.0006271174056334539,0.0002177346403658964,0.00012560984538856346,3.766999927112824e-05
B3,0.35,1.0,0,True,True,True,95,192,0.0018772595444559448,0.0003473532543045166,0.0006761429730724744,0.00011527175950001856,0.00014471811106953059,2.1121768929655005e-05
B3,0.35,1.1,0,True,True,True,95,192,0.0024593813890733257,0.0001834751138315993,0.0008085227128110106,6.12857579068149e-05,0.00014269348735407306,1.1145174074966846e-05
B3,0.35,1.2,0,True,True,True,64,192,0.0054479646576712365,0.0001006349909966342,0.0017691853699186577,3.4577507820404696e-05,0.0003120452938848439,6.154591522200548e-06
B3,0.35,1.3,0,True,True,True,96,192,0.0007426154092625287,5.221722068400603e-05,0.0003107203636287803,1.9314901559375208e-05,5.049569120330055e-05,3.118736776608344e-06
B3,0.35,1.4,0,True,True,True,64,192,0.002620389009734922,2.8149283060462105e-05,0.0009273035405819308,1.0280043569066422e-05,0.00011758134975803358,1.6590521993986584e-06
B3,0.35,1.5,0,True,True,True,64,192,0.003813615241732269,2.07627676846317e-05,0.0015149911830691642,8.119377209903078e-06,0.0002017902087143586,7.374373486301877e-07
B3,0.35,1.6,0,True,True,True,64,192,0.0019974222146812784,1.4742255407922122e-05,0.0008967044757732523,6.239976330119079e-06,0.00010170141635290619,2.0397167621588608e-08
B3,0.35,1.7,0,True,True,True,64,192,0.0021151247552183908,1.0192076052205346e-05,0.0008752982806360943,3.5533728638126316e-06,0.0001068142281056561,2.035991535365156e-07
B3,0.35,1.8,0,True,True,True,64,192,0.0007863625492459253,7.767280653415976e-06,0.0003009572766395907,2.8578366142728573e-06,3.323517609210569e-05,2.2860890735998396e-08
B3,0.35,1.9,0,True,True,True,63,192,0.0017489112326334703,4.307072215877644e-06,0.0008150854291364418,1.5713896393265703e-06,8.253218711629096e-05,3.225164268982894e-07
B3,0.35,2.0,0,True,True,True,64,192,0.0004848284118833604,1.930281972577913e-06,0.00019112755391700875,5.329074379278875e-07,1.8158508250043504e-05,3.302242015390533e-07
B3,0.4,0.1,0,True,True,True,31,192,0.0010577631551123012,2.899247483423295e-06,0.000792209335781946,1.4537434259720428e-06,0.0022537885985213224,2.619473849649334e-06
B3,0.4,0.2,0,True,True,True,95,192,0.0017048037342756173,0.00016207575562732224,0.0010029662023485209,8.03137332978654e-05,0.0003118336157873769,1.6177312626708407e-06
B3,0.4,0.3,0,False,False,False,128,192,0.044893134900786405,0.022902709164388302,0.021984931884017456,0.010768264972480013,0.003152838901739785,0.0017481413781248456
B3,0.4,0.4,0,True,False,False,128,192,0.00664318717263826,0.0220375271125946,0.0024024278812944666,0.011099435252812123,0.0010613330002838817,0.00023415327092346505
B3,0.4,0.5,0,True,True,True,127,192,0.012300497551128386,0.0026984235160631975,0.005058462933498681,0.0006829392396972278,0.0009963280013295384,0.0001902101415519608
B3,0.4,0.6,0,True,True,True,127,192,0.005925552921378308,0.0009261945894961932,0.002214318757636391,0.00032807872399620575,0.0007543146511296284,3.57330165919878e-05
B3,0.4,0.7,0,True,True,True,127,192,0.001409140360008443,0.00024289918278065648,0.0006758409996874548,0.00015214103456870354,0.00019373067901740093,2.5128478282621103e-06
B3,0.4,0.8,0,True,True,True,95,192,0.004232063302521127,0.0001487124524813272,0.0017107619166134014,7.043856743482735e-05,0.00039854754429180517,2.5711193305189006e-05
B3,0.4,0.9,0,True,True,True,95,192,0.002099506114330546,0.0001025610730859515,0.0011936555958454442,3.952642795240768e-05,0.0003321969235421385,1.4949631457317203e-05
B3,0.4,1.0,0,True,True,True,95,192,0.0029513473916944755,6.867766023663235e-05,0.0012722883366836912,2.497899177769658e-05,0.00034118043044339963,1.1176509170485183e-05
B3,0.4,1.1,0,True,True,True,95,192,0.0015327548879577463,4.218279010950385e-05,0.0006995881712650309,1.688981716249649e-05,0.0001920062930877986,8.377587532359954e-06
B3,0.4,1.2,0,True,True,True,96,192,0.0005139219600867606,2.7182249663280228e-05,0.0002515128437458325,1.0610585450820942e-05,7.410795517714952e-05,5.855428534595752e-06
B3,0.4,1.3,0,True,True,True,96,192,0.00040004636925281,2.0302231779234514e-05,0.000192041990242392,9.597954355872185e-06,4.402273235448728e-05,4.759969368217654e-06
B3,0.4,1.4,0,True,True,True,64,192,0.0022559601547924024,9.052954237070282e-06,0.0010966020883428906,4.2002693738663055e-06,0.00018149148864865516,2.9409008597269803e-06
B3,0.4,1.5,0,True,True,True,96,192,0.0003079704308746739,7.412325348107873e-06,0.00014158018045906662,2.6130153791825705e-06,3.8648311901035015e-05,1.4709832905079878e-06
B3,0.4,1.6,0,True,True,True,64,192,0.0017358835732835323,7.509752766900191e-06,0.0007851834145631564,2.5272955691268972e-06,0.00013188356426541148,9.932091610265203e-07
B3,0.4,1.7,0,True,True,True,95,192,0.0007488678749680393,1.0403683293330745e-05,0.00027307878913959693,2.591316898142848e-06,5.329438814205556e-05,3.517984221712567e-07
B3,0.4,1.8,0,True,True,True,64,192,0.0020617789542787604,6.967240352519222e-06,0.000728106446340554,1.6570626561462909e-06,0.0001023906599111335,3.64393358376347e-07
B3,0.4,1.9,0,True,True,True,64,192,0.002462935783589082,7.247452619339734e-06,0.0009530737490444086,1.9506964276105876e-06,0.0001549730976346808,4.284879950855469e-08
B3,0.4,2.0,0,True,True,True,95,192,0.0001883584292496493,5.6450998005552755e-06,7.251260885068889e-05,1.851062647134638e-06,1.353241591195431e-05,6.545065422969287e-08
B3,0.45,0.1,0,True,True,True,96,192,0.003365173280578393,0.00019793273157309166,0.0018420421593612346,0.00010650596023653591,0.0008008126954523048,3.940227001779373e-05
B3,0.45,0.2,0,False,False,False,128,192,0.035637081013839556,0.031642244049819634,0.01206661460469484,0.010977625062557075,0.0018874585430811441,0.0023434096293902806
B3,0.45,0.3,0,True,True,True,128,192,0.005254928233539513,0.015543127418870983,0.0028935924390086076,0.00690548641534422,0.0005406053453274051,0.0012577886008542372
B3,0.45,0.4,0,True,True,True,128,192,0.004936914995253505,0.008129143423457552,0.0013411961510474968,0.004131751764648195,0.0014939325623929411,0.0007580381726675078
B3,0.45,0.5,0,True,True,True,128,192,0.007373274276955055,0.006755764436589762,0.00255073177891052,0.00256636465783458,0.0012085477555321411,0.0008196948894063638
B3,0.45,0.6,0,True,True,True,127,192,0.0055028112030247045,0.0012353542322449118,0.0019087793391571184,0.0007516089378524771,0.0006565200667304483,0.00035916087614928927
B3,0.45,0.7,0,True,True,True,127,192,0.0037052031107573657,0.0016856356537904016,0.0018873599558525966,0.00042446654868938394,0.0006671638511472899,0.000332783487022259
B3,0.45,0.8,0,True,True,True,96,192,0.0040463891766600035,0.000536497058090335,0.0012177334996074374,0.00018081394069430212,0.0007296677734427437,0.00015109610623254
B3,0.45,0.9,0,True,True,True,95,192,0.0026026157706014325,0.0002686994550423344,0.0012996489207465767,0.00014415199657005773,0.000502721380524096,0.0001095086571057946
B3,0.45,1.0,0,True,True,True,96,192,0.0009327033719053746,0.00016713037323622115,0.0005710778877348333,6.070391915180551e-05,0.00014414393509820655,5.796170360838904e-05
B3,0.45,1.1,0,True,True,True,96,192,0.00045246155851912107,0.00014785117780963253,0.00018380702210649136,4.7389934094421715e-05,7.999000559488767e-05,3.623442755495976e-05
B3,0.45,1.2,0,True,True,True,96,192,0.0005377650096572151,0.00012432191344712018,0.0002351193448235367,3.545242494548684e-05,0.00011570133816829475,2.3165725526297365e-05
B3,0.45,1.3,0,True,True,True,95,192,0.0014274684191248749,0.00010128793083494236,0.0006122891179149714,2.64610751025407e-05,0.00019929987526334791,1.5330025532667158e-05
B3,0.45,1.4,0,True,True,True,95,192,0.0009621681444018509,8.775317694304646e-05,0.00040857874994737475,2.073844254391055e-05,0.00012082013196357266,9.944004518924743e-06
B3,0.45,1.5,0,True,True,True,95,192,0.0003947168379233035,5.5936660242589253e-05,0.00013818806128571004,1.9493864795799842e-05,7.249687097232727e-05,7.512398248143981e-06
B3,0.45,1.6,0,True,True,True,64,192,0.002292376402906235,4.1155640574878916e-05,0.0009669458332874914,1.4049135712790317e-05,0.00021463073235605812,4.7956746336286216e-06
B3,0.45,1.7,0,True,True,True,64,192,0.0016776649596188728,2.697396558654086e-05,0.0006952867482051261,8.33338250044724e-06,0.00013555691997724217,3.0377718094332096e-06
B3,0.45,1.8,0,True,True,True,95,192,0.00030665455715665757,1.5888364603998395e-05,0.00013272209950476732,4.455076384218826e-06,3.6262539528153503e-05,1.9212110936583926e-06
B3,0.45,1.9,0,True,True,True,64,192,0.0012571655193001907,1.3338354361458471e-05,0.0005258560052562589,3.903455296133673e-06,0.00012985234865658946,1.1698570616669457e-06
B3,0.45,2.0,0,True,True,True,95,192,0.00034175777163860527,1.3239881066500966e-05,0.00012378025184781039,3.348337875130891e-06,2.8043262172317007e-05,1.4458688789575902e-06
B3,0.5,0.1,0,False,False,False,128,192,0.02204572108347158,0.052400225639126274,0.005850691953817003,0.01303250589681798,0.002016599269612507,0.0061208492666989245
B3,0.5,0.2,0,False,False,False,127,192,0.054632280715664505,0.024724186728832698,0.016116014619100658,0.0057652713447897685,0.0030332483734643034,0.005742899238515231
B3,0.5,0.3,0,True,True,True,127,192,0.008737186935581676,0.005311068476170133,0.0050934688859998745,0.002009331871993661,0.0015671002025375858,0.002827165600622572
B3,0.5,0.4,0,True,True,True,128,192,0.0058508296401575954,0.006427288135516351,0.0026924273148872663,0.00150551288105516,0.001594656858768695,0.002578418057690657
B3,0.5,0.5,0,True,True,True,127,192,0.011548814644559813,0.003438412073240027,0.003712875049128067,0.000919909150450593,0.0021009691926973106,0.0014940049668074051
B3,0.5,0.6,0,True,True,True,127,192,0.0032423260352354433,0.0017082289550076069,0.0018116805380096745,0.0006063895898034688,0.0009695466171163458,0.0008350399194058111
B3,0.5,0.7,0,True,True,True,127,192,0.003509670062721265,0.0007560935935729263,0.0016369522294127081,0.0003772400740824078,0.0008529210536920573,0.00046537855381312276
B3,0.5,0.8,0,True,True,True,127,192,0.0018602888966049724,0.0010111020448992925,0.0009235989307452841,0.00023848451625824163,0.0005069909956352259,0.0003051005811689489
B3,0.5,0.9,0,True,True,True,128,192,0.0008769332353462944,0.000480737350875976,0.00031777449709025074,0.00012936790756840066,0.0001702197945702144,0.00017234013634259693
B3,0.5,1.0,0,True,True,True,96,192,0.001194713052805732,7.856086129442996e-05,0.000540085028148729,2.4782877869444775e-05,0.0003567087645965916,8.251063119746327e-05
B3,0.5,1.1,0,True,True,True,96,192,0.0009232595474804595,0.00015620541765838658,0.00045661546489786375,3.3435149142529985e-05,0.0002654303983615769,3.827204056494615e-05
B3,0.5,1.2,0,True,True,True,95,192,0.0013015433269845111,0.00018039181963472317,0.0005863723188219983,3.561757057973791e-05,0.000345526101828586,2.0009084715222336e-05
B3,0.5,1.3,0,True,True,True,96,192,0.0009746822108804287,0.0001406120271002717,0.000484954482809441,2.8942162190542797e-05,0.0002232785167431972,1.1581965952189854e-05
B3,0.5,1.4,0,True,True,True,96,192,0.00013699402717488873,9.411664015156196e-05,5.8071498844763925e-05,3.199687656471606e-05,7.168160742732077e-05,1.4882934188165109e-05
B3,0.5,1.5,0,True,True,True,96,192,0.00031470356010843137,6.0250219615351486e-05,0.00012541812593958035,1.9566730703329815e-05,6.871804863217701e-05,9.270636480929184e-06
B3,0.5,1.6,0,True,True,True,95,192,0.0008373992456759127,4.167965351323244e-05,0.0003695369984011432,1.2756922724871389e-05,0.00013027605623172622,6.089601550129942e-06
B3,0.5,1.7,0,True,True,True,95,192,0.0005388754945126473,2.787181396390892e-05,0.00022919989438061061,8.077197049621843e-06,8.767221008554316e-05,4.201727958008661e-06
B3,0.5,1.8,0,True,True,True,95,192,0.0007786638593779358,1.9103454954878807e-05,0.0003458054524867471,5.290523131182279e-06,0.0001280607312230675,2.798517731550376e-06
B3,0.5,1.9,0,True,True,True,64,192,0.0010872038518626656,1.3868800460350994e-05,0.00038034747782958456,4.073350738292847e-06,0.00013755185027819472,2.0315626760858407e-06
B3,0.5,2.0,0,True,True,True,64,192,0.0009182476454708752,1.3144933006567494e-05,0.0003173439817768242,4.311767944575884e-06,0.00010563039164057653,2.1493892009560867e-06
B3,0.55,0.1,0,False,False,False,64,192,0.026760384962937867,0.023653631930259045,0.008125105478405392,0.0070313768263699505,0.014546285198366704,0.010743978382483935
B3,0.55,0.2,0,False,False,False,128,192,0.04558916203453878,0.03203084478473239,0.0123079317432956,0.00937685065361904,0.0008798084079011392,0.005301153287492366
B3,0.55,0.3,0,True,False,False,128,192,0.01444227401088928,0.02554519839503644,0.005406674300550737,0.007336542239029797,0.0019637535456898947,0.005465057584174038
B3,0.55,0.4,0,True,True,True,128,192,0.017214592794460526,0.018468902401453047,0.0059009404331595156,0.004983095469290488,0.001694454331358508,0.004461320714404193
B3,0.55,0.5,0,True,True,True,128,192,0.009833966397568839,0.008329718794323537,0.003322664360396632,0.0023285669392169583,0.0010511562164052801,0.0022629470521838835
B3,0.55,0.6,0,True,True,True,128,192,0.0036974637933501753,0.0036186778065447345,0.0016366687761662363,0.001145537618264303,0.0011205810267480576,0.001084287929967065
B3,0.55,0.7,0,True,True,True,127,192,0.003023262749907052,0.001622960562198128,0.0015441062211598716,0.0005513832690719894,0.0011409659161710772,0.0005322642319749438
B3,0.55,0.8,0,True,True,True,127,192,0.0033214247072667347,0.000754758512457529,0.0011147972386224558,0.0002563097142249393,0.0008614328549266803,0.0002759607254638752
B3,0.55,0.9,0,True,True,True,127,192,0.0016073420630271923,0.00032763995757190134,0.0006581327995721087,0.00011655796683449071,0.0005807262147117243,0.00014941592955519667
B3,0.55,1.0,0,True,True,True,96,192,0.0014044204935372284,0.00012023255262763599,0.0006781516561850665,4.971830731112514e-05,0.0005645093145573155,8.345283670285752e-05
B3,0.55,1.1,0,True,True,True,95,192,0.0016049815942363738,5.2763295490171336e-05,0.0007520531613508241,1.8514501295058272e-05,0.0004604599429052225,4.7850124255455206e-05
B3,0.55,1.2,0,True,True,True,96,192,0.0008936443252769571,3.780372785396058e-05,0.0004874185230552275,1.2951381048398325e-05,0.0003185166542457596,2.870320633241441e-05
B3,0.55,1.3,0,True,True,True,96,192,0.000372787598174093,6.041138215107794e-05,0.00016070371509943615,1.486313543566653e-05,0.00013265550080421296,1.627666327896904e-05
B3,0.55,1.4,0,True,True,True,95,192,0.0009287628985524266,2.3437877772956167e-05,0.0004128317509317636,7.637087004824794e-06,0.0002672712147011591,1.1699129005560138e-05
B3,0.55,1.5,0,True,True,True,95,192,0.0008690443450225863,5.867799796893669e-05,0.00040246693111281595,1.1552121806063242e-05,0.00020938295040362487,6.464258199501138e-06
B3,0.55,1.6,0,True,True,True,95,192,0.0006098462535657767,8.456259113167469e-05,0.0002703056154179373,1.6653388061033114e-05,0.00015926191685911029,7.321913598978824e-06
B3,0.55,1.7,0,True,True,True,95,192,0.00042205621108376556,5.0946416436326025e-05,0.00018881181944596648,1.0466860301733272e-05,0.00011478237656525891,6.589971212056511e-06
B3,0.55,1.8,0,True,True,True,64,192,0.0018987491557590774,6.425403756636465e-05,0.0007278446075205669,1.3362314100040518e-05,0.00022194038713430064,6.068861741148623e-06
B3,0.55,1.9,0,True,True,True,64,192,0.0015417168779532434,5.523610594879158e-05,0.000595382172938197,1.104101811388869e-05,0.00018712901131867632,4.228160468078279e-06
B3,0.55,2.0,0,True,True,True,64,192,0.001382134280795068,3.8100921158601767e-05,0.0005182315076618649,7.595993614939456e-06,0.00015359622137578466,2.858955999163193e-06
B3,0.6,0.1,0,True,True,True,32,192,0.0008289204724496457,6.450934123924945e-05,0.00029562547815159546,1.9598047254765216e-05,0.0018038540585534613,6.54323316468669e-05
B3,0.6,0.2,0,False,False,False,128,192,0.07118883262758369,0.037576147674504456,0.021185236514334738,0.01112381740520113,0.03344944381345988,0.01534007612862881
B3,0.6,0.3,0,False,False,False,128,192,0.12894182519690164,0.08996460977755877,0.041644205035862775,0.02821674935837229,0.02566009929338897,0.029840419279028696
B3,0.6,0.4,0,False,True,False,128,192,0.048948842467016584,0.013339852132916108,0.016336709091722773,0.004072826938864238,0.009691695417417101,0.006098438480868107
B3,0.6,0.5,0,False,True,False,127,192,0.02496504392403584,0.012892721400909746,0.008668202140163395,0.003526328958279479,0.00642554930140804,0.0023213045262872045
B3,0.6,0.6,0,True,True,True,127,192,0.010683142129247647,0.006592417988618704,0.0035337860646885155,0.0018238899192249969,0.002839623148700121,0.0010086018072896774
B3,0.6,0.7,0,True,True,True,128,192,0.0026772233625530495,0.0018388437093968119,0.0013850011217723251,0.0005925021080308845,0.00182948521914994,0.0004590484600554001
B3,0.6,0.8,0,True,True,True,128,192,0.0032922100414735644,0.0005098415188615341,0.0011573521854384983,0.00011100938107184988,0.0013201221600805946,0.00021172168980498896
B3,0.6,0.9,0,True,True,True,127,192,0.0018015079476173812,0.0009962898965423378,0.0009298530107210573,0.0001879173757588226,0.0010755559067854303,0.00011700732690900217
B3,0.6,1.0,0,True,True,True,127,192,0.0021519488694978772,0.00015395291863583294,0.0008222797121681252,5.1817051369626443e-05,0.0008198323100510052,0.00010186482655683005
B3,0.6,1.1,0,True,True,True,127,192,0.0008115931947477173,0.0002769321756783405,0.0003918314942168849,6.0863244482622925e-05,0.0003400297840882027,6.232156874230732e-05
B3,0.6,1.2,0,True,True,True,127,192,0.0006704428384261552,0.0004026067732517541,0.00027862995889399444,8.760054747306012e-05,0.0002404023173641079,4.184531358653043e-05
B3,0.6,1.3,0,True,True,True,96,192,0.0008810127686328939,0.00031480953260129216,0.0003792099267418414,6.513967367038909e-05,0.00035449261045428226,2.642154468091018e-05
B3,0.6,1.4,0,True,True,True,96,192,0.0009067879676742923,0.0002207742871590153,0.0002757961812203946,4.5000048346816035e-05,0.0001821038066530667,1.7607286529885968e-05
B3,0.6,1.5,0,True,True,True,128,192,0.00016786306780675053,0.0001859440575328053,6.331945168738806e-05,3.6208606838783464e-05,5.180104087598725e-05,1.175005134945728e-05
B3,0.6,1.6,0,True,True,True,95,192,0.0010640714825305847,0.00019328570420168792,0.00040081919793724663,3.651285147832084e-05,0.00022482595783279713,1.0439513075222173e-05
B3,0.6,1.7,0,True,True,True,95,192,0.0010997035343302472,0.00011546678481367742,0.00043781748913696017,2.2412534663868167e-05,0.00023011778576798037,8.848480416823179e-06
B3,0.6,1.8,0,True,True,True,95,192,0.0012925600099890355,2.508652617178031e-05,0.0005339649288615411,7.980065873325337e-06,0.000205147291463037,9.881551454538062e-06
B3,0.6,1.9,0,True,True,True,96,192,0.00038011984381726427,1.9234805730794502e-05,0.00014908731325044555,6.833114709975385e-06,5.7117626116820475e-05,6.959115135596328e-06
B3,0.6,2.0,0,True,True,True,95,192,0.00031240635773077674,4.17320241196395e-05,0.0001405383088134704,1.4075887753373095e-05,7.816726624332304e-05,5.1438879543619365e-06
B3,0.65,0.1,0,True,True,True,32,192,0.0002545044415279696,8.788481254740077e-06,9.297714465816842e-05,2.817915565556106e-06,0.000791743044858545,1.5250007274772437e-05
B3,0.65,0.2,0,True,True,True,128,192,0.0041038339313034244,0.0008090585115828608,0.0012452609368568957,0.00021230969472380012,0.0034184181924571677,0.00045516445436338815
B3,0.65,0.3,0,False,False,False,128,192,0.09936928382049226,0.044449587592844564,0.029122505641705654,0.013498772353679467,0.04324195314835472,0.018848951779638967
B3,0.65,0.4,0,False,False,False,128,192,0.06851299860640009,0.013673410389052287,0.01806803382957911,0.004276546487204075,0.0037704484161585894,0.0026336344449880977
B3,0.65,0.5,0,False,True,False,128,192,0.006847824053579754,0.0069200179962827235,0.002249415911045022,0.002512036350171984,0.007220335930058996,0.00484823104884502
B3,0.65,0.6,0,True,True,True,128,192,0.00995557689918088,0.003918973894223937,0.0033877884708121697,0.0016235864085923785,0.004938663367632157,0.002231439635465682
B3,0.65,0.7,0,True,True,True,128,192,0.006997300803374129,0.00214225762918524,0.002569118028007855,0.0009571049112537117,0.0029448528348022807,0.0010619803897293778
B3,0.65,0.8,0,True,True,True,128,192,0.0026051110548064305,0.0028584138990584637,0.0009288339921508515,0.0009432008244495416,0.0012683005166707062,0.0007625301851703625
B3,0.65,0.9,0,True,True,True,128,192,0.001506457317789145,0.0014214344581519184,0.0006815116992256037,0.0004733958481685785,0.0008198847426591493,0.0003705766984928305
B3,0.65,1.0,0,True,True,True,128,192,0.0012553415518938293,0.0005960474910212347,0.0006007240203249609,0.00022027327404069985,0.000703346657465076,0.00019686978353339324
B3,0.65,1.1,0,True,True,True,127,192,0.0023896913653606716,0.00040214840611945725,0.0008096384616252394,0.00014253547196479976,0.0008840319857612577,0.00010956229471470458
B3,0.65,1.2,0,True,True,True,127,192,0.001551449077328404,0.00019490490198117993,0.0005729704388218737,8.549073719087141e-05,0.0006034739173118586,8.000718767953163e-05
B3,0.65,1.3,0,True,True,True,127,192,0.0007524672399050261,0.00012102599028523953,0.00027619239179182964,5.65295469178162e-05,0.00032595137417434916,5.111432002835592e-05
B3,0.65,1.4,0,True,True,True,96,192,0.0008111016552651562,8.140721965338438e-05,0.00031855505228597925,3.9018278970542886e-05,0.00032562531319224597,3.33281521522899e-05
B3,0.65,1.5,0,True,True,True,96,192,0.0007149795571028544,5.194906728135662e-05,0.00024408211445831052,2.9349499294770154e-05,0.00028657851675706336,2.20876042134055e-05
B3,0.65,1.6,0,True,True,True,95,192,0.000707596889049325,3.830902484774912e-05,0.00030370588352601757,1.858876846171087e-05,0.00021911108889949293,1.4853704592754369e-05
B3,0.65,1.7,0,True,True,True,95,192,0.0006685724625673517,2.918767339360473e-05,0.00022074853904302527,1.4070415432665406e-05,0.00027881065329771193,1.0314400744171337e-05
B3,0.65,1.8,0,True,True,True,96,192,0.0006705305771701406,2.1064225514379198e-05,0.0002828101311908582,1.0024265942765176e-05,0.0002057746719204001,7.157623040487948e-06
B3,0.65,1.9,0,True,True,True,95,192,0.0015073634653430326,2.180128009374345e-05,0.0005624652005370712,9.255518501866122e-06,0.0002514875484131984,5.148836971891058e-06
B3,0.65,2.0,0,True,True,True,95,192,0.0004319865678890228,1.8682000580158217e-05,0.00016586830332543379,6.426296952410926e-06,8.849455094361858e-05,3.441882930554918e-06
B3,0.7,0.1,0,True,True,True,32,192,0.0001128326880166508,1.0746291981833522e-06,4.1567462857439175e-05,2.9035807791455426e-07,0.00043221725070974326,2.4069080946514942e-06
B3,0.7,0.2,0,True,True,True,64,192,0.0018487636054461687,0.00017669235882944445,0.0006279269588550518,5.136633276836555e-05,0.002868939690346961,0.0001713503835240604
B3,0.7,0.3,0,True,True,True,128,192,0.014280594783421363,0.002543562857392989,0.00420688719500506,0.0007323683632822209,0.008965351116011988,0.0013689075163920705
B3,0.7,0.4,0,False,True,False,128,192,0.044422177679514396,0.018824893429627565,0.012199072183127269,0.00523946626456917,0.014177307728540423,0.006413436684699736
B3,0.7,0.5,0,False,True,False,128,192,0.00910381233456281,0.01700484850815226,0.004021643121874696,0.005589537621380536,0.008614710931965641,0.0028656666052038204
B3,0.7,0.6,0,False,True,False,128,192,0.0052576315715422844,0.004368870358125998,0.0016782696769921945,0.0016853707127455764,0.0076672948609418645,0.004428542874875707
B3,0.7,0.7,0,False,True,False,127,192,0.015432455932073347,0.00438004129952807,0.005091478478400274,0.0016158977336437064,0.00714886514773283,0.002637028050004875
B3,0.7,0.8,0,True,True,True,128,192,0.0024306225252798963,0.0024514068580279297,0.0008610074359551301,0.000888306935485722,0.0024575099029380265,0.0011960528871191034
B3,0.7,0.9,0,True,True,True,128,192,0.0017104790532739347,0.0013942925191460856,0.0006340529399815331,0.0004750501942641927,0.0010282991613904668,0.0005589568804013068
B3,0.7,1.0,0,True,True,True,128,192,0.0011109339331263346,0.0008206313663799078,0.0003907826742744619,0.00026246389372405754,0.0005722615407158793,0.0002754553374106905
B3,0.7,1.1,0,True,True,True,127,192,0.0026203268947139653,0.0005234134496984073,0.0007988901283930705,0.00015525454795844995,0.0010667319615925708,0.00014418365808066547
B3,0.7,1.2,0,True,True,True,127,192,0.0015487559849406418,0.00034370574020110845,0.0006857065866018724,9.52697500899713e-05,0.0006802102095125884,7.94185318273577e-05
B3,0.7,1.3,0,True,True,True,127,192,0.0007008606831308828,0.00024096006519798777,0.0002732787112465357,6.179480507609303e-05,0.000481058697383685,4.555552601614998e-05
B3,0.7,1.4,0,True,True,True,127,192,0.0005205974240884009,0.00016816613984675308,0.00017010428692221247,4.080010199752904e-05,0.00032897151251853884,2.7685504057628485e-05
B3,0.7,1.5,0,True,True,True,96,192,0.0014268201367461097,0.0001251823361971341,0.0006082251296357227,2.860759403877644e-05,0.0004272617161660275,1.7469637166867003e-05
B3,0.7,1.6,0,True,True,True,95,192,0.0007901470565962188,9.448350628277896e-05,0.0002676679824480388,2.074333837945308e-05,0.00032790862576703717,1.1060088507153232e-05
B3,0.7,1.7,0,True,True,True,96,192,0.0006400402903879998,6.231499788460909e-05,0.00023916534945600532,1.4164308152236904e-05,0.0002515950800046074,7.30955911210085e-06
B3,0.7,1.8,0,True,True,True,96,192,0.0003154112134218026,4.743885855643115e-05,9.737930593778366e-05,1.0469326090528641e-05,9.91306179056739e-05,5.294808308242693e-06
B3,0.7,1.9,0,True,True,True,96,192,0.0007373269372330099,4.031290014163552e-05,0.00026937054384779113,8.569102440236787e-06,0.000169293272722415,3.555129653998179e-06
B3,0.7,2.0,0,True,True,True,95,192,0.0009473054960229335,3.1219819707040825e-05,0.00029441305359914627,6.290976282269378e-06,0.0002032573979539043,2.328134098950052e-06
B3,0.75,0.1,0,True,True,True,32,192,5.890641128414309e-05,4.587148862977841e-07,2.179297428284155e-05,1.5043424284044704e-07,0.0002622690899473229,1.1388780278148714e-06
B3,0.75,0.2,0,True,True,True,64,192,0.0007739378162159305,9.082421340833591e-05,0.0002689331399283734,2.6414377073125106e-05,0.0014921976027739425,0.00010406432102239016
B3,0.75,0.3,0,True,True,True,128,192,0.003814750876895756,0.0009887468762765916,0.001135633320583418,0.0003065164884634153,0.003098224934775351,0.0007866780144400454
B3,0.75,0.4,0,False,True,False,128,192,0.02643018926090801,0.011720123375149605,0.007620640807970258,0.0033268792864018515,0.013755658911773438,0.0051537481486462755
B3,0.75,0.5,0,False,False,False,128,192,0.06227244851579905,0.02431680425353755,0.016676641618806443,0.007395941946264473,0.017549639904590464,0.00775024279869696
B3,0.75,0.6,0,False,True,False,128,192,0.026642366781346793,0.0023517149301760243,0.007627519019674928,0.0007450255598397959,0.0013390360017092595,0.0007675698425857469
B3,0.75,0.7,0,False,True,False,128,192,0.00452832848641227,0.00501757504922562,0.001636498256265717,0.0015769718995481408,0.0046125168207454825,0.0007724753502476034
B3,0.75,0.8,0,True,True,True,127,192,0.006943672821909941,0.006244874259771743,0.0023897373646366016,0.0018658872780297764,0.0044237966931389705,0.0007494042751777785
B3,0.75,0.9,0,True,True,True,128,192,0.0020937942735575754,0.0020320002674270587,0.0007311124708735683,0.0007324826835536091,0.0018778803345391726,0.0008597189719655729
B3,0.75,1.0,0,True,True,True,127,192,0.0025093884529963084,0.0006946925536758797,0.00097429824912941,0.0002577439071139165,0.0018544019230993802,0.00034265412878986545
B3,0.75,1.1,0,True,True,True,128,192,0.0013605857002162852,0.0003700299936038598,0.0005328919351878653,0.00016363978441399918,0.0010065021571108446,0.00016929892040551398
B3,0.75,1.2,0,True,True,True,128,192,0.001116251224641207,0.0003034146378392,0.00041253746508382316,0.00010529273917492254,0.0006432593547132104,9.24563502973097e-05
B3,0.75,1.3,0,True,True,True,127,192,0.0014484788476815669,0.00022955447692052378,0.0004907422879436851,7.010160362797002e-05,0.0007958636606510971,5.410455321486207e-05
B3,0.75,1.4,0,True,True,True,127,192,0.00098547365367746,0.00016851050288155256,0.00032691228142425754,5.125797222182982e-05,0.0005544145831134495,3.453828089572397e-05
B3,0.75,1.5,0,True,True,True,127,192,0.0006327092725878225,0.0001199779354087438,0.00023647240843580053,3.4965701831479734e-05,0.0003316498830415737,2.2674269344213904e-05
B3,0.75,1.6,0,True,True,True,127,192,0.0007286599673189675,8.73562404328787e-05,0.0002540556988433057,2.4105311312000444e-05,0.00033992194349263816,1.5737498469947653e-05
B3,0.75,1.7,0,True,True,True,95,192,0.0007181599033293934,6.249849398416718e-05,0.0002375820020457664,1.5993811593784102e-05,0.0003203365509908407,1.089584169355895e-05
B3,0.75,1.8,0,True,True,True,127,192,0.0003079423196566955,4.373333167008442e-05,0.00011419401367010473,1.1063750011225393e-05,0.0001376367479023477,7.568030481297505e-06
B3,0.75,1.9,0,True,True,True,95,192,0.001315036605247788,7.221013080995625e-05,0.0003367201821860566,1.3412208228730238e-05,0.00023367963312848072,7.090003065868267e-06
B3,0.75,2.0,0,True,True,True,96,192,0.0003368981262368981,7.24419664431715e-05,9.963092066822554e-05,1.54245158077021e-05,9.542136293172465e-05,5.267890598403824e-06
B3,0.8,0.1,0,True,True,True,32,192,3.3878587290758766e-05,2.9788425970345145e-07,1.2566317115159098e-05,9.770654513241439e-08,0.00016998720720277916,3.5685334759394394e-07
B3,0.8,0.2,0,True,True,True,32,192,0.0007195901195866661,1.0336144416922544e-05,0.0002588774550442152,2.9847448868580706e-06,0.0017209571113251942,1.3806435834706754e-05
B3,0.8,0.3,0,True,True,True,128,192,0.0013747501809816542,0.000374360403598617,0.0004105471671969618,0.00011939836545665772,0.0013137067456976403,0.0003760574451873999
B3,0.8,0.4,0,True,True,True,128,192,0.00957512791229942,0.0021718707858098263,0.002799784034197339,0.0006571390140894251,0.0061293470929412175,0.0013709027874301283
B3,0.8,0.5,0,True,True,True,128,192,0.014930605331556102,0.0074940121272637494,0.004069706507915716,0.0022256551903839794,0.005662990120093969,0.003216598728804032
B3,0.8,0.6,0,False,True,False,128,192,0.02128028109274327,0.005647879813799328,0.005678570626990537,0.0016270805443495545,0.003978680903392484,0.0006945476989245192
B3,0.8,0.7,0,False,True,False,128,192,0.004870459675640135,0.0010011755034240247,0.0019108774391958516,0.0003288543358334478,0.003392743043003743,0.0010121932999165306
B3,0.8,0.8,0,True,True,True,127,192,0.002172903110841673,0.0005611901966725147,0.0006175085332741914,0.00018069260679841326,0.0014838912636088164,0.0007642679185613233
B3,0.8,0.9,0,False,True,False,127,192,0.005359717733463873,0.0006424403955086477,0.0018614874889543581,0.0002202605614403108,0.004473222787634623,0.0004292546806158315
B3,0.8,1.0,0,True,True,True,128,192,0.004164762489946419,0.00037946895982637896,0.0012977445632721823,0.00012787715374540376,0.0025416471828716425,0.0002945344247426984
B3,0.8,1.1,0,True,True,True,128,192,0.0023758678308319348,0.0002395116693361815,0.0007931309302330602,8.035511790600858e-05,0.0010533439696380764,0.00019994489203489785
B3,0.8,1.2,0,True,True,True,128,192,0.0016986623649829918,0.00018324455647975024,0.0006208019772679374,6.514827329737877e-05,0.0010195362590633694,0.00013452062664820463
B3,0.8,1.3,0,True,True,True,128,192,0.0012147189195035324,0.00014766276189981387,0.00040754501780780605,5.2337499308323376e-05,0.0006123729235152364,9.168764461431334e-05
B3,0.8,1.4,0,True,True,True,127,192,0.0015567241112065672,0.00012046971579469934,0.000576463212914935,4.127803061674401e-05,0.0005079941968998414,6.285333789335379e-05
B3,0.8,1.5,0,True,True,True,127,192,0.0010256094805431992,9.275473230094256e-05,0.0003568878873563275,3.2018516260973184e-05,0.0004473353345472164,4.366951846213052e-05
B3,0.8,1.6,0,True,True,True,127,192,0.0008264838476967004,7.280925860134874e-05,0.0002730395849020739,2.562687756160753e-05,0.00033577345233637423,3.10280340999336e-05
B3,0.8,1.7,0,True,True,True,127,192,0.0005965218840763911,5.6703404711096195e-05,0.00019284097481231388,1.9927191747329265e-05,0.0002304241717537847,2.2161586532232214e-05
B3,0.8,1.8,0,True,True,True,96,192,0.0008321247929986009,4.20557925899373e-05,0.0002803818650077561,1.558548968813578e-05,0.0002459453777016174,1.6122888236047572e-05
B3,0.8,1.9,0,True,True,True,95,192,0.0008312015460126831,2.9473240992089478e-05,0.0003016619577058399,1.2901151642666364e-05,0.00028105950222601095,1.1954973347161335e-05
B3,0.8,2.0,0,True,True,True,95,192,0.0004556947960644084,2.2394769535000192e-05,0.00016763797586683005,1.0138151770797132e-05,0.00017791542974121555,9.329097191534963e-06
B3,0.85,0.1,0,True,True,True,32,192,2.0808646794323593e-05,1.4826937988487998e-07,7.732244761915474e-06,5.54547037179276e-08,0.00011540385862372077,5.445550865443294e-07
B3,0.85,0.2,0,True,True,True,32,192,0.0004208785835608797,8.850691745831973e-06,0.00015244414052928423,2.6766600599303914e-06,0.001125444648361118,1.3585388302220225e-05
B3,0.85,0.3,0,True,True,True,128,192,0.0005958808368919932,6.659335009584488e-05,0.00017659591964980237,2.1835886340970667e-05,0.0006496719812411345,7.50306071840845e-05
B3,0.85,0.4,0,True,True,True,96,192,0.0048480493636929856,0.0004748300282813034,0.0014348330496133932,0.00014576554246198414,0.0038546243948768266,0.00033320407040726696
B3,0.85,0.5,0,True,True,True,128,192,0.013141668853916544,0.0019509837352331694,0.003825603973740377,0.0005637575262014138,0.0069660001078033496,0.0008758424309600055
B3,0.85,0.6,0,False,True,False,128,192,0.02703869425365535,0.0045955739734191425,0.00722765932818209,0.0012216427737679614,0.008857519076795772,0.0011928595768397887
B3,0.85,0.7,0,False,True,False,128,192,0.01930666816324289,0.00866008077024305,0.005616796197774998,0.0023645513728775824,0.0021730642894005614,0.0015054774065621501
B3,0.85,0.8,0,False,True,False,127,192,0.012211057911589052,0.01230634659427321,0.004232158559773144,0.003461484274759105,0.0008662265717883644,0.0015660034504066944
B3,0.85,0.9,0,True,True,True,128,192,0.003857940036541302,0.0026821334459192214,0.0015473211395923975,0.0010160709200060097,0.0015959226918639269,0.0017484775443061817
B3,0.85,1.0,0,True,True,True,127,192,0.002896406446719388,0.0019442588665250643,0.0009037075446692439,0.0007503814964237021,0.002560551061783989,0.0010797185893067773
B3,0.85,1.1,0,True,True,True,128,192,0.0018856332674457993,0.0013762238294437318,0.0006312135062585544,0.0005586196111314334,0.0012511775945740489,0.000656369193924311
B3,0.85,1.2,0,True,True,True,127,192,0.0015516299603633987,0.0006813281685007638,0.000492250117241827,0.0001954951355850748,0.0011923808241757206,0.00038375069780638427
B3,0.85,1.3,0,True,True,True,127,192,0.001823001051350026,0.0005260273525346665,0.0006286741707230148,0.00014925069251729706,0.0006761052516788268,0.00025448953566420407
B3,0.85,1.4,0,True,True,True,127,192,0.0006962906027496024,0.0004034020796261639,0.00025105143541244435,0.00011327454989371044,0.00047465666892565483,0.00017195704928973932
B3,0.85,1.5,0,True,True,True,128,192,0.001170356122422181,0.0003081416999914932,0.0003689323588042248,8.549145822701887e-05,0.0005005621839165864,0.00011875431806973591
B3,0.85,1.6,0,True,True,True,127,192,0.0004591807037210016,0.00023580524279484538,0.00014955591719775785,6.622886138683837e-05,0.00022771047400060862,8.32612080500228e-05
B3,0.85,1.7,0,True,True,True,127,192,0.0006356176743522318,0.00010943238388058663,0.00019763628304737824,3.700399275954891e-05,0.00035063990751271756,6.64848153802966e-05
B3,0.85,1.8,0,True,True,True,127,192,0.0007780276525563012,0.00010538634746887904,0.0002572197575784335,2.9323819535714835e-05,0.00027224479709431204,4.458805599216742e-05
B3,0.85,1.9,0,True,True,True,96,192,0.0008301410071907267,9.975986540440573e-05,0.00023385994899949303,3.155115682973442e-05,0.00024995815372130803,2.983711254533894e-05
B3,0.85,2.0,0,True,True,True,96,192,0.000708521650173162,6.543830683969354e-05,0.0002655242166025862,2.4480857815922796e-05,0.00032079290296549434,8.131578569381404e-06
B3,0.9,0.1,0,False,True,False,31,192,8.130266162398314e-05,5.546266690359403e-08,2.6880072501511698e-05,1.6354500344045383e-08,0.0007432032773648997,3.4074271737516426e-08
B3,0.9,0.2,0,True,True,True,32,192,0.00026219542112415617,3.0145487117660963e-06,9.543411041090799e-05,9.219461144516217e-07,0.0007703698163034345,4.87148433074569e-06
B3,0.9,0.3,0,True,True,True,64,192,0.0009660081149736044,8.528273536845266e-05,0.0003323287964971944,2.7512358200643128e-05,0.0016781534276973098,0.00010272789870605092
B3,0.9,0.4,0,True,True,True,128,192,0.00181767029037061,0.00019286624592851354,0.0005359582378542393,6.147149759649917e-05,0.0015766123709083923,0.0001641934618686336
B3,0.9,0.5,0,True,True,True,128,192,0.005744827448800671,0.0007866107257412658,0.001648121408704628,0.00023186950092041192,0.0034061254775988314,0.0004319550222935953
B3,0.9,0.6,0,True,True,True,128,192,0.01533690773049523,0.0020038371704017566,0.004292877102208825,0.0005533135641033748,0.0063304765980415345,0.0006951822991966838
B3,0.9,0.7,0,False,True,False,128,192,0.01894046940642491,0.003955432893926747,0.005144675009226912,0.0010703022059661352,0.004666794977220667,0.0008379606363203562
B3,0.9,0.8,0,True,True,True,128,192,0.007035465903655669,0.006809679244855649,0.0025052139355144915,0.0019058843320081814,0.00038722358142306845,0.0011236818377039492
B3,0.9,0.9,0,False,True,False,128,192,0.007447341413721387,0.0015520483965300036,0.0028305794390412337,0.0004180387460539503,0.0021558468747401305,0.0011429849270291337
B3,0.9,1.0,0,True,True,True,127,192,0.0025775436365976442,0.0012358943446332815,0.0011335857177367653,0.00038836985590540163,0.0014754093584287142,0.0008439358956292553
B3,0.9,1.1,0,True,True,True,128,192,0.0024507741083586027,0.0005788898228796802,0.0006800924806347752,0.00019326011308323787,0.0010753866123659472,0.0005085330768280771
B3,0.9,1.2,0,True,True,True,127,192,0.0032506965445389738,0.0002999257127602739,0.001073812929924367,0.0001548736846155238,0.001319017593099714,0.0003090362019987358
B3,0.9,1.3,0,True,True,True,127,192,0.003357133752936753,0.0003878122568466147,0.0009562481211646545,0.00013775640974669767,0.0014496593454599305,0.00021467864048285712
B3,0.9,1.4,0,True,True,True,128,192,0.001438702726665908,0.0002046513682960882,0.0004281331431520985,0.0001131589580107284,0.000791979078609728,0.0001721768946411073
B3,0.9,1.5,0,True,True,True,127,192,0.0015500962392671763,0.0004026418771180401,0.0004896596658995472,0.00010531651290887623,0.0008644618430521112,0.00012021173493870219
B3,0.9,1.6,0,True,True,True,127,192,0.0009273243570799353,0.00019886880079822422,0.00028782201472817015,6.887339804118042e-05,0.0004967441655201466,7.43346561010716e-05
B3,0.9,1.7,0,True,True,True,127,192,0.0008816861043335206,9.723850496332065e-05,0.00028439305001184967,3.3885209573425445e-05,0.00041543424658585515,2.6830944438449578e-05
B3,0.9,1.8,0,True,True,True,128,192,0.0004128094857562964,6.627876912254638e-05,0.00012517817468439552,2.5806360949245932e-05,0.00016164677460939192,1.767490828674667e-05
B3,0.9,1.9,0,True,True,True,127,192,0.0004747678559881563,4.559919947727531e-05,0.00017347188073485453,2.0853294753625518e-05,0.00027756124250477576,1.167348838548854e-05
B3,0.9,2.0,0,True,True,True,95,192,0.0011715038334293854,3.68207458908143e-05,0.0003629717441626934,1.6000947052993708e-05,0.00032566110775866797,7.969262340923322e-06
B3,0.95,0.1,0,False,True,False,31,192,6.410672215284574e-05,1.431226676062991e-07,2.1141839653571193e-05,5.0837203613429693e-08,0.0006243435375514889,5.347843949760067e-07
B3,0.95,0.2,0,True,True,True,32,192,0.00017111058960439518,2.656411676293935e-06,6.251691249165026e-05,8.345193577658991e-07,0.0005458097022883607,5.176851330654375e-06
B3,0.95,0.3,0,True,True,True,64,192,0.0005901819204421344,3.477819444919206e-05,0.00020522927607480312,1.1218455031047903e-05,0.0011362700145907123,5.177452767202162e-05
B3,0.95,0.4,0,True,True,True,96,192,0.0011057610046036892,8.873364122807814e-05,0.00032628680245616604,2.8743572961176245e-05,0.001086648759841602,8.836586043647898e-05
B3,0.95,0.5,0,True,True,True,96,192,0.003988738098871014,0.00034920264934723555,0.0011546371833433544,0.00010482448036130965,0.002886212075604244,0.00022685153708623673
B3,0.95,0.6,0,True,True,True,128,192,0.007699731962176326,0.0009922999217971684,0.0021518652317695786,0.0002792862352754555,0.003766281141814154,0.00043230939149896397
B3,0.95,0.7,0,True,True,True,128,192,0.012052120181079817,0.0019145789015903025,0.0032900129647754905,0.0004996144957609347,0.0038303282047726928,0.0005064336749102116
B3,0.95,0.8,0,False,True,False,128,192,0.010763730521562764,0.0035007748594043653,0.003334776077731222,0.0009782027461070764,0.0013827629819584963,0.0006640717080044212
B3,0.95,0.9,0,False,True,False,128,192,0.0034584928927856168,0.005526550315207879,0.00151603054738364,0.0015771404005463924,0.0018665850807783047,0.0008831214895880235
B3,0.95,1.0,0,True,True,True,127,192,0.004356363112899643,0.0011011960291117395,0.0016572584898096876,0.00029888769620484146,0.0021524940804056314,0.00084190363518033
B3,0.95,1.1,0,True,True,True,128,192,0.00380086854748167,0.00089928867131428,0.0013327765183092088,0.0002813640326250755,0.00160178785495535,0.0006432662155779756
B3,0.95,1.2,0,True,True,True,128,192,0.0019682845857518713,0.0004742947771089745,0.0005904098515478601,0.00016713450458097356,0.0011911273987680326,0.00041913908838353553
B3,0.95,1.3,0,True,True,True,127,192,0.002012746772877577,0.00029196587495189386,0.0006380671512862673,0.0001187744437321156,0.0013706201728385103,0.0002685609566474012
B3,0.95,1.4,0,True,True,True,127,192,0.0010330953055710246,0.0002017270785369396,0.0003447735264812679,0.00010953803049625066,0.0008840045623776938,0.00018326383152844627
B3,0.95,1.5,0,True,True,True,127,192,0.0016227276917041566,0.00015903753202517468,0.0004924808924876567,8.995842073346999e-05,0.000965897752225664,0.00014388239177676176
B3,0.95,1.6,0,True,True,True,127,192,0.0008483198217820523,0.000247887490091081,0.0002589993766117099,6.705275119073262e-05,0.0005100014310038814,0.0001002746219345152
B3,0.95,1.7,0,True,True,True,127,192,0.0008936907519641463,0.00020136873572554337,0.00027189643695654797,5.621969398209026e-05,0.0004935572823134837,7.040970879823583e-05
B3,0.95,1.8,0,True,True,True,127,192,0.0008152913236160048,5.640444582066806e-05,0.0002510207985279983,1.8968102505567686e-05,0.0004095879910873679,2.6374877262314023e-05
B3,0.95,1.9,0,True,True,True,95,192,0.0010272954304197876,4.298887629028414e-05,0.00030896109216123346,1.4554514055215018e-05,0.0004526636472548251,1.8357236679977795e-05
B3,0.95,2.0,0,True,True,True,95,192,0.0008760385710816498,2.8794561699074794e-05,0.00028176131187465647,1.1102519896485918e-05,0.00037579126822695486,1.18800571634603e-05
B3,1.0,0.1,0,False,True,False,31,192,5.228979502447384e-05,6.012556541534764e-08,1.725314047745785e-05,2.2068896321503217e-08,0.0005360984957398646,3.2748741005811377e-07
B3,1.0,0.2,0,True,True,True,32,192,0.00011590004226125217,1.2027050710905485e-06,4.2471839821311974e-05,3.4227418443943947e-07,0.0003979247444746564,2.5628451428144627e-06
B3,1.0,0.3,0,True,True,True,32,192,0.0006481209401532073,1.0318792823538203e-05,0.00023419141184788383,2.867243722726176e-06,0.0014276885065336864,1.2535312590683523e-05
B3,1.0,0.4,0,True,True,True,64,192,0.001169237812632673,7.189300564736101e-05,0.00038447667927393736,2.0741500693977066e-05,0.0015652537410303091,6.646178526684143e-05
B3,1.0,0.5,0,True,True,True,96,192,0.002542137687060131,0.00039255726682807524,0.0007356823637461041,0.00011103904047687907,0.0020816605456914217,0.00027040169772973854
B3,1.0,0.6,0,True,True,True,128,192,0.004503969467005486,0.0013904923982095418,0.0012652361831658188,0.0003874155233463683,0.0025383159338741024,0.0007285914527885295
B3,1.0,0.7,0,True,True,True,128,192,0.007769541789477419,0.0031881000754289124,0.0021621125519387108,0.0008795694953649402,0.003100134278158473,0.0012381861951573647
B3,1.0,0.8,0,True,True,True,128,192,0.008811699341353951,0.004795766077572039,0.002537005137989691,0.001323309928105143,0.002268921448171368,0.0012913092853245045
B3,1.0,0.9,0,False,True,False,128,192,0.010053169190534561,0.002818430766534541,0.0030747846034085424,0.0008021786911319578,0.0010523827291180066,9.321763332437172e-05
B3,1.0,1.0,0,True,True,True,128,192,0.004054986824249485,0.0020668897912107242,0.0014997644208974148,0.0006616548186318266,0.0007261960478396334,0.0004271262782443719
B3,1.0,1.1,0,True,True,True,128,192,0.004100324900501301,0.0004400255017498189,0.001689385917484021,0.00011272949628032825,0.0012090598310671163,0.0002232129307701003
B3,1.0,1.2,0,True,True,True,127,192,0.0023574108953862763,0.00034273530517270334,0.0007710998499554089,8.553774815101001e-05,0.00161708244816694,0.00016336659292681688
B3,1.0,1.3,0,True,True,True,128,192,0.0016701929933693044,0.00028227173471290223,0.0005256252983844578,6.957855589012629e-05,0.0011271615598434925,0.0001327712918161028
B3,1.0,1.4,0,True,True,True,128,192,0.001572737664935181,0.00024763876072994573,0.000451214401170158,6.0461488226665194e-05,0.0009614002358486751,0.0001101445558222558
B3,1.0,1.5,0,True,True,True,127,192,0.0018004379706324097,0.00020191884342637967,0.0004795861862642026,5.5424246908616914e-05,0.0009051511497402132,0.00012278094878614976
B3,1.0,1.6,0,True,True,True,127,192,0.0009860006227147416,0.00015058565078007735,0.0003279210297897628,5.077290107145804e-05,0.0006667161516730191,7.997306463591869e-05
B3,1.0,1.7,0,True,True,True,128,192,0.000592525652759239,0.00010492858338154165,0.00021517233331071195,4.532903542939226e-05,0.00027423815178229116,5.220292288921069e-05
B3,1.0,1.8,0,True,True,True,127,192,0.0006145996942452658,8.220039432790122e-05,0.00021547329790680414,4.0360377795270463e-05,0.0004322845658735197,3.467219247166309e-05
B3,1.0,1.9,0,True,True,True,127,192,0.0013206355590885538,8.11448691967337e-05,0.0003584914991772714,3.5112795973998856e-05,0.00041814689005525985,2.3669144093574346e-05
B3,1.0,2.0,0,True,True,True,128,192,0.0004128789441019409,7.756338113141387e-05,0.00013376341006529624,3.055636518652094e-05,0.0001824169256408048,1.6534003549950604e-05
B3,0.0,0.1,0.01,True,True,True,31,192,0.14219434146153598,0.7612721736480139,0.11125336142040287,0.6040371817975226,0.0040596435918656415,0.056343150284613716
B3,0.0,0.2,0.01,True,True,True,31,192,0.14644749906865884,0.7553173604337895,0.11485713492477878,0.5985215808195267,0.009012446080811115,0.02623568724647203
B3,0.0,0.3,0.01,True,True,True,64,192,0.29159586874417054,0.7447547827065335,0.22597747204375618,0.5892213923056278,0.02347521142214065,0.004617127934065074
B3,0.0,0.4,0.01,True,True,True,64,192,0.2851782658979769,0.7622638002282836,0.2213087486715717,0.600568587919381,0.032783884169986954,0.025569019533558057
B3,0.0,0.5,0.01,True,True,True,95,192,0.3777789103672855,0.7057767600905569,0.29941550372133174,0.5561058278032742,0.06226320312214331,0.07064109125064266
B3,0.0,0.6,0.01,True,True,True,90,192,0.34099828894551676,0.6732517590390199,0.270374904748936,0.5298392189838206,0.06983596864651798,0.10665747549020765
B3,0.0,0.7,0.01,True,True,True,64,192,0.24591939584139644,0.6263495830555315,0.19421349984090297,0.49362713080945986,0.0564660288291467,0.1461042023507536
B3,0.0,0.8,0.01,True,True,True,96,192,0.32832393818096556,0.5595730962505615,0.25804156869320405,0.4445550792151576,0.10303050659133556,0.18935845948048124
B3,0.0,0.9,0.01,True,True,True,96,192,0.24919119911612342,0.4714799995369082,0.2068843914581806,0.3823225937377962,0.11223545386213934,0.23477431743127125
B3,0.0,1.0,0.01,True,True,True,96,192,0.2053082041266049,0.37194110090426413,0.17871127994756686,0.31364361388318707,0.15696232029061924,0.2773588045688463
B3,0.0,1.1,0.01,True,True,True,127,192,0.22347354933101748,0.2913378522037072,0.17048360258727657,0.2497489733127624,0.22895811364236657,0.3119787511108664
B3,0.0,1.2,0.01,True,True,True,96,192,0.15787312244667462,0.249265289658056,0.11130336360949866,0.2057901961099167,0.17622933616521053,0.3369713491577168
B3,0.0,1.3,0.01,True,True,True,95,192,0.13548297656591884,0.20102385823938923,0.09057915417908274,0.16435091260338408,0.1962792321517074,0.3544977016233451
B3,0.0,1.4,0.01,True,True,True,95,192,0.12332944729886547,0.19576369001332175,0.07537944051074313,0.1301490668455343,0.20710536154004988,0.366537073973011
B3,0.0,1.5,0.01,True,True,True,127,192,0.141141660759062,0.17740262352118202,0.0766947316151041,0.10896688412220953,0.26599534045829387,0.37501690684152816
B3,0.0,1.6,0.01,True,True,True,95,192,0.10363600368184317,0.16261985176003954,0.05588310026514867,0.09307028405049694,0.2184474151917457,0.3812910718878526
B3,0.0,1.7,0.01,True,True,True,96,192,0.09645411715941532,0.13473301087284678,0.04926858406150958,0.08291728934772596,0.21601774084210557,0.3875941797256597
B3,0.0,1.8,0.01,True,True,True,63,192,0.06360209213993129,0.12486065192854781,0.03108821823199298,0.07301493255276267,0.16076793473307627,0.3913298375059864
B3,0.0,1.9,0.01,True,True,True,63,192,0.059120495515298355,0.1163358827682662,0.02781585148096502,0.06510010116621695,0.16905765859671495,0.3943217068746563
B3,0.0,2.0,0.01,True,True,True,63,192,0.057180579943411136,0.10882441733788223,0.025318936204005243,0.058608814741205745,0.17141009140430952,0.3966636757765407
B3,0.05,0.1,0.01,True,True,True,31,192,0.14169938527503045,0.7627186048158265,0.11111874459813675,0.6024495423648537,0.004283762116563304,0.053983895264459736
B3,0.05,0.2,0.01,True,True,True,31,192,0.14458855840446194,0.7561043442657195,0.1133811906101827,0.5961780211035738,0.011077667380796588,0.02163689256963236
B3,0.05,0.3,0.01,True,True,True,63,192,0.2567514885787946,0.7444098198082161,0.20831869954735083,0.5860263551873213,0.025710604939826687,0.011083758550519462
B3,0.05,0.4,0.01,True,True,True,64,192,0.27735372565611893,0.7261420236846468,0.21670507890631385,0.5703906051904019,0.03350599358499087,0.04610656567175761
B3,0.05,0.5,0.01,True,True,True,96,192,0.366028096082464,0.6995552708860986,0.29206160225775846,0.5488939728708248,0.05556247030706518,0.083751934607358
B3,0.05,0.6,0.01,True,True,True,95,192,0.3512285158602577,0.6595266165992781,0.27939699930486817,0.5173693525150067,0.06699397256414419,0.12344241034449918
B3,0.05,0.7,0.01,True,True,True,95,192,0.31907975544526357,0.5980232212302867,0.2539489139271148,0.4717780137456498,0.09417668587273809,0.16762938369371633
B3,0.05,0.8,0.01,True,True,True,127,192,0.3227339307215422,0.5096608528884422,0.27177887991535654,0.4093546289572845,0.15551504108307107,0.21616337481122372
B3,0.05,0.9,0.01,True,True,True,95,192,0.2086865439939436,0.4001987538165987,0.1801882109010609,0.3345510937322466,0.15089678247805055,0.26419592438453776
B3,0.05,1.0,0.01,True,True,True,95,192,0.17928171635769108,0.3096605475254369,0.1463338695410637,0.26205992031601816,0.1686344718499171,0.304519036991031
B3,0.05,1.1,0.01,True,True,True,95,192,0.1494257347488564,0.25347619012855305,0.1103081231317043,0.2018578496363581,0.19616906735012085,0.33235280320260646
B3,0.05,1.2,0.01,True,True,True,95,192,0.14296610654947262,0.22068151961737842,0.09050584853698729,0.15849792949057,0.20035477654373102,0.35162311099228555
B3,0.05,1.3,0.01,True,True,True,95,192,0.12316713522163608,0.196746149657529,0.07214835585988194,0.12677791860382714,0.2086276169285325,0.3627191213641756
B3,0.05,1.4,0.01,True,True,True,95,192,0.1103700588978182,0.17759740535344296,0.059096076995713565,0.10477502807463973,0.20222511537502685,0.3717749947769993
B3,0.05,1.5,0.01,True,True,True,64,192,0.07755630918830575,0.14837846468286864,0.03762030085546961,0.08994172954541743,0.13271811776490405,0.37753684238992524
B3,0.05,1.6,0.01,True,True,True,63,192,0.06403904402724603,0.14956798825925574,0.03280117523118781,0.07721929728767868,0.15896503837765663,0.3855797619165673
B3,0.05,1.7,0.01,True,True,True,63,192,0.06118311477605848,0.12700097588644202,0.02876084646069116,0.0676611702618119,0.16071781225907866,0.3848989096282526
B3,0.05,1.8,0.01,True,True,True,63,192,0.06058813871986479,0.13018403386253138,0.02709906454111566,0.0601849528324519,0.16179284087123558,0.39488173700311036
B3,0.05,1.9,0.01,True,True,True,63,192,0.05413992882630925,0.11159005065893893,0.02331457806910381,0.05389845353995196,0.15760257077478657,0.38968907276934206
B3,0.05,2.0,0.01,True,True,True,63,192,0.051649875577937515,0.10591079012329258,0.02197464174670885,0.04904389666747094,0.17541042447555177,0.3918800596242129
B3,0.1,0.1,0.01,True,True,True,31,192,0.15025302546303287,0.7616431371505153,0.1169229520705719,0.6026062140097858,0.0052902680697279394,0.05255677499017043
B3,0.1,0.2,0.01,True,True,True,31,192,0.14767286069661245,0.7543430084907257,0.11578863402481632,0.5959174605491331,0.010554406483082993,0.01869911266655444
B3,0.1,0.3,0.01,True,True,True,63,192,0.2520636472901483,0.7407448001734733,0.20421681691054439,0.5839089011890334,0.026945816603726136,0.017405336010490546
B3,0.1,0.4,0.01,True,True,True,96,192,0.3893777322292724,0.7194664345705535,0.3082270329055664,0.5663025632984788,0.04936811055127577,0.05752582267710071
B3,0.1,0.5,0.01,True,True,True,95,192,0.4359985322564385,0.6854410947483074,0.3278882010848464,0.5381598603867044,0.0796054806864323,0.0987959791389367
B3,0.1,0.6,0.01,True,True,True,95,192,0.33942405334292336,0.6313938465725488,0.272840457811627,0.496710816078131,0.0932478309120936,0.14436755107347513
B3,0.1,0.7,0.01,True,True,True,95,192,0.28901385674301083,0.544957694220585,0.23538189868600012,0.4350040781005237,0.11455259811433949,0.19596895004044107
B3,0.1,0.8,0.01,True,True,True,95,192,0.227952524875231,0.42561491455345646,0.19545856684518625,0.3534859417954283,0.1428353000788451,0.2500689773252095
B3,0.1,0.9,0.01,True,True,True,96,192,0.18717626916891783,0.31948041294653917,0.1485500156689163,0.2700338078432707,0.15166900063435917,0.29566390672603465
B3,0.1,1.0,0.01,True,True,True,95,192,0.15443749338580404,0.2576952671738043,0.11628224020856764,0.20242942876287723,0.18826547255564763,0.32758220980486097
B3,0.1,1.1,0.01,True,True,True,96,192,0.14883838193394083,0.2223637191084918,0.0912618753370445,0.15471948635906857,0.18183679251659135,0.3481332423440836
B3,0.1,1.2,0.01,True,True,True,96,192,0.1261687662365179,0.19615801779705344,0.07091288787784744,0.12220376196688876,0.1826866883032482,0.3616142946556735
B3,0.1,1.3,0.01,True,True,True,64,192,0.08511988470828974,0.175760288005583,0.04501041375445475,0.10016969686018051,0.13241117937742053,0.3726346990912297
B3,0.1,1.4,0.01,True,True,True,63,192,0.07379142900949731,0.1615941187975235,0.036015128446452827,0.0836237633484691,0.15106140415118585,0.3774516505588539
B3,0.1,1.5,0.01,True,True,True,63,192,0.061287072457605396,0.14857788454787046,0.029594385417927027,0.07156292898151306,0.1518266534612669,0.3836601720712661
B3,0.1,1.6,0.01,True,True,True,63,192,0.06569133292299029,0.13765453547544682,0.028129739871952414,0.06239394893713793,0.16130834537762218,0.38875834179008695
B3,0.1,1.7,0.01,True,True,True,63,192,0.05840583998115406,0.12852947794068775,0.02320135489077213,0.05528994697559353,0.1641063797568072,0.39296090253643323
B3,0.1,1.8,0.01,True,True,True,63,192,0.05382389993009412,0.12088259103639187,0.021429298686447967,0.04967312986208469,0.1722420982492494,0.39642877936775145
B3,0.1,1.9,0.01,True,True,True,63,192,0.056480926505710544,0.10683977165529537,0.020930377037952946,0.045141562612696584,0.1631649128272289,0.3898441680824585
B3,0.1,2.0,0.01,True,True,True,63,192,0.053056995483396985,0.1016823146623772,0.019015006992467942,0.041423956265683126,0.17193154449268988,0.39176050030120857
B3,0.15,0.1,0.01,True,True,True,31,192,0.14849766624266125,0.757426848131908,0.11650960579580605,0.5986601644922847,0.005912547429998083,0.04724991003050884
B3,0.15,0.2,0.01,True,True,True,31,192,0.14576881226141525,0.786489125126526,0.11329005258205338,0.627511594640112,0.012364526999915346,0.034046228086604
B3,0.15,0.3,0.01,True,True,True,63,192,0.2552098736803894,0.7334383285040063,0.20578528586101041,0.5778894901737633,0.03258245237568455,0.03142718068578351
B3,0.15,0.4,0.01,True,True,True,96,192,0.3786533414519945,0.7072809465962645,0.30107135460819,0.5559287747127305,0.05834115915870852,0.07250474613934774
B3,0.15,0.5,0.01,True,True,True,96,192,0.3488710516432283,0.662197805337912,0.2830003999336591,0.5204420781686787,0.08695624053216655,0.11951541344577898
B3,0.15,0.6,0.01,True,True,True,96,192,0.3163017095845462,0.5814691414102922,0.2549017512929592,0.4619915383140788,0.0915809783797471,0.17442734379978492
B3,0.15,0.7,0.01,True,True,True,127,192,0.30584664845018283,0.4534494428744023,0.2606481788244835,0.37488735569256515,0.1725598183448348,0.23516106147870441
B3,0.15,0.8,0.01,True,True,True,96,192,0.20402402222047883,0.32787847381430013,0.1592705686172209,0.2776969576797384,0.15543828527495995,0.2882724937640028
B3,0.15,0.9,0.01,True,True,True,127,192,0.20596958789193553,0.26304808470087027,0.13984068908299835,0.19951681172754948,0.2287005368549604,0.3242300745307226
B3,0.15,1.0,0.01,True,True,True,95,192,0.13844099662181408,0.22408315126173012,0.08124400346252292,0.14694459535364573,0.1849356394716637,0.34493257030190266
B3,0.15,1.1,0.01,True,True,True,96,192,0.12726367942797273,0.19679980275541467,0.06744046652477681,0.11389019847164583,0.19382254548932798,0.3615010313698765
B3,0.15,1.2,0.01,True,True,True,64,192,0.08956584322934485,0.17728640627330586,0.04399906651868163,0.09135657421862861,0.13374537604354297,0.37246927351896475
B3,0.15,1.3,0.01,True,True,True,63,192,0.07688952220740664,0.1665022731064637,0.03429483340163411,0.0754340186843023,0.16695217591310751,0.36833161422407945
B3,0.15,1.4,0.01,True,True,True,63,192,0.07609842911951303,0.1537388096209012,0.030932009527231935,0.06457157067323605,0.16790818069016367,0.3753688298881793
B3,0.15,1.5,0.01,True,True,True,64,192,0.06572586807705522,0.13053287954509343,0.02516031051165804,0.0569585585181171,0.136096077771241,0.38232381378104097
B3,0.15,1.6,0.01,True,True,True,63,192,0.06129130382886783,0.12242585063572453,0.021984174542692858,0.05051326868143757,0.1589997811985513,0.38586248872358586
B3,0.15,1.7,0.01,True,True,True,63,192,0.06605426928968955,0.12534676869454195,0.02254515247893471,0.04460799228894485,0.1804543505724634,0.39483810024322485
B3,0.15,1.8,0.01,True,True,True,32,192,0.03276706320944639,0.10196419741901097,0.011119186961043359,0.03054640252382651,0.07202097579395816,0.4080250129901798
B3,0.15,1.9,0.01,True,True,True,32,192,0.028013796056502505,0.11189098283767807,0.009833305235475598,0.03765366953837951,0.07250304572721933,0.39920819671336294
B3,0.15,2.0,0.01,True,True,True,32,192,0.029137702485736633,0.10720183122312694,0.008415603215855633,0.03485885750073292,0.07308268762725212,0.4014706403081164
B3,0.2,0.1,0.01,True,True,True,31,192,0.14672816174083003,0.7576004713691105,0.11481801892084487,0.5990263700794691,0.004918145740237301,0.006042995823921371
B3,0.2,0.2,0.01,True,True,True,31,192,0.1507462845420231,0.7459011312924391,0.11648094453850277,0.5886819396544709,0.01226261262004455,0.04076658107404829
B3,0.2,0.3,0.01,True,True,True,64,192,0.26543095986718157,0.7228220812228231,0.21257585265051604,0.5699584672625291,0.030370283638972095,0.10665869376476773
B3,0.2,0.4,0.01,True,True,True,95,192,0.40722329097907306,0.6819843461654765,0.3200034881740029,0.5370231203741982,0.07327981343024087,0.1434743856913251
B3,0.2,0.5,0.01,True,True,True,96,192,0.3271792945443104,0.623625861813604,0.26132372219090294,0.49047884242513223,0.08895464277041104,0.1965754219766222
B3,0.2,0.6,0.01,True,True,True,96,192,0.2947284445175057,0.49368981153195185,0.2414646297054151,0.4180231967903815,0.12998580542146887,0.24776533801778777
B3,0.2,0.7,0.01,True,True,True,96,192,0.19926954107188777,0.3875302364864224,0.15623927193121107,0.309267232037296,0.14521060505954475,0.321818968535094
B3,0.2,0.8,0.01,True,True,True,95,192,0.16090436617026443,0.333556930881631,0.11090156513275995,0.21865796093761286,0.17133966954540514,0.37362474141474095
B3,0.2,0.9,0.01,True,True,True,64,192,0.11007132715761081,0.2962509137778421,0.06152424757421954,0.16130887803794658,0.11877715010349488,0.40773845458092794
B3,0.2,1.0,0.01,True,True,True,63,192,0.08722173779716946,0.26943156667519674,0.043716186557238024,0.1258595561367138,0.15137878370773616,0.43149806186977213
B3,0.2,1.1,0.01,True,True,True,63,192,0.08314250265395318,0.17765762640004992,0.03567062000599153,0.0747141789755586,0.1577169626607613,0.34061629864550036
B3,0.2,1.2,0.01,True,True,True,64,192,0.0707563857032445,0.2088637041631607,0.027961441967466305,0.07398495795697319,0.13133674473248425,0.4523100610976286
B3,0.2,1.3,0.01,True,True,True,63,192,0.06811680924521979,0.163895526054951,0.02408229019896896,0.06109610150626921,0.1577031417792043,0.4143062381171461
B3,0.2,1.4,0.01,True,True,True,63,192,0.06303436958372571,0.14199372822081302,0.020750980648944345,0.04656651577415499,0.15684508138884778,0.36838684823421763
B3,0.2,1.5,0.01,True,True,True,63,192,0.06129640621500218,0.13663172893269368,0.01898083255638705,0.044016341158410965,0.1631059670116196,0.37173828994876157
B3,0.2,1.6,0.01,True,True,True,63,192,0.058653739269041216,0.1284448488390774,0.01775079783541625,0.0397957189451664,0.1591245612817347,0.3757980937119858
B3,0.2,1.7,0.01,True,True,True,32,192,0.030669551839603737,0.12165795745108665,0.007339625092924185,0.03634942642615874,0.07193303162631448,0.3792261141803709
B3,0.2,1.8,0.01,True,True,True,32,192,0.030271477745125425,0.09909316588128367,0.006977922031745548,0.030578812859324345,0.0725120339665708,0.37167094253370736
B3,0.2,1.9,0.01,True,True,True,32,192,0.02672240338914289,0.09415808478489121,0.006820497123539659,0.02838561835043682,0.0730186559772954,0.3735946553249295
B3,0.2,2.0,0.01,True,True,True,32,192,0.024632155373294967,0.08966772683239435,0.006173453656492273,0.02649642447031894,0.07336364576292032,0.3753484113392713
B3,0.25,0.1,0.01,True,True,True,31,192,0.15533924332636706,0.7921275207600205,0.12099647620395682,0.633126295770498,0.006557983626979166,0.0074177657396285665
B3,0.25,0.2,0.01,True,True,True,63,192,0.26214222077403204,0.7431257915007533,0.21125148919534031,0.5875736502042312,0.02259807629743632,0.07721157717446603
B3,0.25,0.3,0.01,True,True,True,95,192,0.39449668066511967,0.7117518667022023,0.3136579282058508,0.561165711457928,0.03857423777436769,0.11566228260004494
B3,0.25,0.4,0.01,True,True,True,127,192,0.44423716423571824,0.654764962024314,0.3581909549279628,0.5178302473694111,0.08252498895898874,0.1726373695024257
B3,0.25,0.5,0.01,True,True,True,96,192,0.2771651072545185,0.5000430188524525,0.23089132630679843,0.40933763300701465,0.09968949079683759,0.2171375321360151
B3,0.25,0.6,0.01,True,True,True,96,192,0.21026050015305087,0.3186370591260025,0.17417226948712988,0.2687830104053954,0.1547352658859411,0.27942856454697346
B3,0.25,0.7,0.01,True,True,True,95,192,0.16415418835303142,0.25278898817722495,0.0999452627175339,0.16469979559516545,0.18162697263747296,0.31642791019938976
B3,0.25,0.8,0.01,True,True,True,63,192,0.1068692853070985,0.2206924148895016,0.05374656368933178,0.10771033690492823,0.14259577397233048,0.3107801188217527
B3,0.25,0.9,0.01,True,True,True,63,192,0.09448461678909015,0.18718658569258192,0.03911748460094222,0.07937502925943196,0.1479356115411139,0.375926713439902
B3,0.25,1.0,0.01,True,True,True,63,192,0.08643728383195814,0.16997028355677868,0.028349294026288996,0.0658204838523006,0.15288003400508354,0.3667195964871301
B3,0.25,1.1,0.01,True,True,True,63,192,0.07553863022700347,0.15688787824666944,0.022064688339406835,0.05534741451231462,0.1587682714423776,0.3775004579849318
B3,0.25,1.2,0.01,True,True,True,63,192,0.07164357164501256,0.14545618377043693,0.020117081090341354,0.04795562414368043,0.15505803533179652,0.38479419071700255
B3,0.25,1.3,0.01,True,True,True,63,192,0.06263499265277145,0.13493677756641784,0.016844866269152325,0.04211398574587527,0.15618646873296105,0.38705633978513243
B3,0.25,1.4,0.01,True,True,True,63,192,0.06402611824555371,0.12673566881487963,0.016697050993824347,0.03788979153186561,0.17007275559169865,0.39170465292073
B3,0.25,1.5,0.01,True,True,True,63,192,0.05828946028719073,0.11983261707270598,0.01395815105792797,0.034534364594196426,0.16685757014482716,0.39537101904547967
B3,0.25,1.6,0.01,True,True,True,63,192,0.052390128134202685,0.1134508192188407,0.012414749871291708,0.03180782358154002,0.16493397505140506,0.39880431549409756
B3,0.25,1.7,0.01,True,True,True,63,192,0.059054056656805215,0.10853733051424952,0.013388678511014551,0.029579026248040208,0.18051576806080993,0.40131540883478656
B3,0.25,1.8,0.01,True,True,True,63,192,0.05069215371049923,0.10376761946228258,0.01158952314689779,0.027700009425578515,0.16427981820314586,0.4038172181808788
B3,0.25,1.9,0.01,True,True,True,63,192,0.04894871758708769,0.09992286440962156,0.011128076489943975,0.026096760468442476,0.1648347892071138,0.40586946873056073
B3,0.25,2.0,0.01,True,True,True,63,192,0.04718273491612768,0.09634259514610798,0.01055583601351505,0.024658304489194316,0.17568096024577806,0.40775033072409417
B3,0.3,0.1,0.01,True,True,True,31,192,0.1443559793712219,0.7915771399939847,0.11364695537726321,0.6392770041680845,0.006801324180278914,0.012230345962450831
B3,0.3,0.2,0.01,True,True,True,63,192,0.268393794111085,0.7377031148066913,0.2129846559483738,0.5829129147127043,0.025332030684690338,0.08359304124728073
B3,0.3,0.3,0.01,True,True,True,96,192,0.3650824351975529,0.6958599442685929,0.29144752273794805,0.5503648143713263,0.04817234582501018,0.13986855264580572
B3,0.3,0.4,0.01,True,True,True,96,192,0.3443995909515636,0.5442902427278837,0.2809989653109566,0.4343900768994142,0.10921645995900092,0.16709932971559924
B3,0.3,0.5,0.01,True,True,True,127,192,0.25019889520919103,0.3038176491842846,0.1888287024508672,0.2523816614884933,0.18165744834039255,0.25382933323461754
B3,0.3,0.6,0.01,True,True,True,95,192,0.16130509034010948,0.26278575822522426,0.08550165530691611,0.1342130543146251,0.1734532750942912,0.29974336259264245
B3,0.3,0.7,0.01,True,True,True,95,192,0.14167348946647357,0.20034497312132082,0.05267478493797495,0.09157485114029495,0.1879273782033265,0.34732862974822404
B3,0.3,0.8,0.01,True,True,True,95,192,0.12779732477177091,0.17563763924130454,0.04111032463232034,0.06712991225081832,0.19930698720225526,0.3554057455843893
B3,0.3,0.9,0.01,True,True,True,95,192,0.12140499378182046,0.15861978703071788,0.033446489575916616,0.05309057654910973,0.2043717368000746,0.3603676958001289
B3,0.3,1.0,0.01,True,True,True,95,192,0.11140596760453247,0.14523471810058292,0.03145446546398373,0.044178959662126954,0.21068154403904038,0.36460810510020697
B3,0.3,1.1,0.01,True,True,True,64,192,0.06800975426290895,0.1340701495646622,0.016045697681994014,0.03795619583867185,0.13024277619876712,0.3683026700587818
B3,0.3,1.2,0.01,True,True,True,64,192,0.0671633657719568,0.12454726584609979,0.01565464912572892,0.033270482539869056,0.13342196371257242,0.3710425156377214
B3,0.3,1.3,0.01,True,True,True,64,192,0.061422247428628673,0.11648133515987741,0.014529556278957217,0.02964238854888593,0.1352467621377299,0.37279669402865656
B3,0.3,1.4,0.01,True,True,True,64,192,0.06042273708757112,0.10936792894869335,0.014229622719544865,0.02672909182835939,0.1385584983806465,0.37448511959424136
B3,0.3,1.5,0.01,True,True,True,64,192,0.05781180199197555,0.10309951874841938,0.013031498438844102,0.024351688787942638,0.13789138981518012,0.37618013450801335
B3,0.3,1.6,0.01,True,True,True,64,192,0.055605435586914,0.09762383480059639,0.012685284159033305,0.022355582227914006,0.1402095704937555,0.3773300426968691
B3,0.3,1.7,0.01,True,True,True,63,192,0.055771884871510025,0.09276411162038847,0.012532879363000654,0.020666448258523124,0.1854743181767583,0.37814511387953653
B3,0.3,1.8,0.01,True,True,True,63,192,0.048249603995837914,0.0884068673911321,0.010940529377292035,0.01944671819664695,0.16782292394053366,0.37879477955940866
B3,0.3,1.9,0.01,True,True,True,63,192,0.043358153220611206,0.08445116668359232,0.010313230061215872,0.01846499353404943,0.1564114974606493,0.3793609917425469
B3,0.3,2.0,0.01,True,True,True,63,192,0.04666803833177435,0.08091668022028042,0.01061514590585333,0.017585828163459244,0.18338894115004356,0.3797699679403156
B3,0.35,0.1,0.01,True,True,True,31,192,0.15033948394497365,0.7764636733669678,0.11676186023200752,0.613073672184874,0.007640219925989816,0.025271445675711657
B3,0.35,0.2,0.01,True,True,True,95,192,0.3739118381319111,0.7324754643374236,0.3019101085420197,0.5764395628930016,0.03972013211295927,0.09482411053253625
B3,0.35,0.3,0.01,True,True,True,96,192,0.32898713220471154,0.602186533725719,0.2685438485480661,0.4843784732281511,0.0652025805291912,0.1661669385351615
B3,0.35,0.4,0.01,True,True,True,96,192,0.22148805417673828,0.3133212784586693,0.1369774186999636,0.19921214513672397,0.12981943521575917,0.22184699680234388
B3,0.35,0.5,0.01,True,True,True,127,192,0.19493216053166018,0.2440431229981514,0.07018440216293775,0.0892202257130085,0.21618009202542188,0.35701668659679253
B3,0.35,0.6,0.01,True,True,True,127,192,0.17476949200284492,0.20408985162068544,0.044769159273682246,0.050929025143690576,0.23856322625668913,0.34940351874296477
B3,0.35,0.7,0.01,True,True,True,96,192,0.10857906031992198,0.18337434955883747,0.030468507614897167,0.049373258302196354,0.1711333761796675,0.3562321046788565
B3,0.35,0.8,0.01,True,True,True,95,192,0.11718486648338383,0.16777159411760967,0.031390182173009595,0.045892892104993754,0.20457607026573266,0.36202598314684886
B3,0.35,0.9,0.01,True,True,True,95,192,0.09565993540778606,0.1554966000030396,0.027710807419049965,0.042197586788839725,0.20296343474629852,0.3663416971188234
B3,0.35,1.0,0.01,True,True,True,95,192,0.09528605327918671,0.14574355454909738,0.02483885099991104,0.03895652389594556,0.20812493117786557,0.3705368114461396
B3,0.35,1.1,0.01,True,True,True,95,192,0.10122057607179752,0.13724840756357803,0.025572361140080352,0.03598545959294239,0.21903750623206075,0.37355678270382286
B3,0.35,1.2,0.01,True,True,True,64,192,0.05352634807608797,0.12985036252990984,0.015296194588544948,0.03335071948626034,0.1413376211952697,0.375793229308895
B3,0.35,1.3,0.01,True,True,True,96,192,0.07887180102028621,0.12322845011093875,0.01969243177020885,0.03100885056819841,0.20352610274520389,0.3775432774876304
B3,0.35,1.4,0.01,True,True,True,64,192,0.05574064807914386,0.11725136172823988,0.013906008055770552,0.02891458414144668,0.13750237874917304,0.37840446226423097
B3,0.35,1.5,0.01,True,True,True,64,192,0.056484727658191014,0.11148995895243635,0.014123146034491357,0.027072690375653824,0.14153441508155273,0.3815994829106979
B3,0.35,1.6,0.01,True,True,True,64,192,0.0518459001540878,0.1063204973412685,0.012866222318910409,0.02544879426230079,0.14701670359686525,0.3843697754776363
B3,0.35,1.7,0.01,True,True,True,64,192,0.049117319536314374,0.1026662029204381,0.011706765869222091,0.02415787076149367,0.14371938090274894,0.38540126958538723
B3,0.35,1.8,0.01,True,True,True,64,192,0.044374191962784276,0.09843540386951728,0.010562022206279581,0.02291760610554923,0.1431161092798494,0.38756721461598476
B3,0.35,1.9,0.01,True,True,True,63,192,0.04518526021659339,0.11581965719649069,0.010565797111178943,0.027422435833603098,0.17824360660560012,0.39966155334281395
B3,0.35,2.0,0.01,True,True,True,64,192,0.040846993475363635,0.11116689055421324,0.009662662075067163,0.026159228200261203,0.14553053915263703,0.40076353690124045
B3,0.4,0.1,0.01,True,True,True,31,192,0.1389366720757701,0.7657723901824981,0.11032407412442691,0.6107247270606271,0.010270890301641702,0.029133676803335867
B3,0.4,0.2,0.01,True,True,True,95,192,0.3700423857981967,0.6512421989975871,0.2927050662075026,0.5213287975121186,0.043147628911511415,0.11879298036114058
B3,0.4,0.3,0.01,False,False,False,128,192,0.21294552406137485,0.2576123748556014,0.058708121321944695,0.07813800759685907,0.17057116197849193,0.2895084795501443
B3,0.4,0.4,0.01,True,False,False,128,192,0.20110973514623898,0.20852320247124073,0.068543644088082,0.07838875646853274,0.2136918229569572,0.31836496717847174
B3,0.4,0.5,0.01,True,True,True,127,192,0.16351411666907817,0.18873887689405677,0.06008803292096859,0.07274022518561873,0.24087568620955346,0.3486186548100556
B3,0.4,0.6,0.01,True,True,True,127,192,0.158328842396112,0.17251278789891017,0.05518096047966539,0.06493225163640384,0.23689039028027858,0.366645420426577
B3,0.4,0.7,0.01,True,True,True,127,192,0.1408303094887493,0.15827013876167267,0.04609597179331329,0.05732392595561192,0.25773395877561955,0.3799042854185769
B3,0.4,0.8,0.01,True,True,True,95,192,0.09673597884982948,0.1573956781987412,0.03264970285056845,0.05224606656011693,0.19593548610312495,0.3461768849279687
B3,0.4,0.9,0.01,True,True,True,95,192,0.09231700666102877,0.14536316503619306,0.029933552557730114,0.046504875764602854,0.21759726161725346,0.3546116083375628
B3,0.4,1.0,0.01,True,True,True,95,192,0.09824633580998438,0.13532013578936797,0.02874211686654954,0.04172250685011189,0.2164834380662044,0.3606348771771797
B3,0.4,1.1,0.01,True,True,True,95,192,0.09255747884140514,0.12672036396054578,0.02687925149577275,0.03775227839691683,0.22890200679287287,0.3655635525142007
B3,0.4,1.2,0.01,True,True,True,96,192,0.08094210056891399,0.11879116257311695,0.022368137218395423,0.03433170593251009,0.20590909305749727,0.36962991254629485
B3,0.4,1.3,0.01,True,True,True,96,192,0.07538278028147663,0.1073439643649714,0.01990207927349491,0.030540728349701007,0.19886257052127454,0.4072754541369422
B3,0.4,1.4,0.01,True,True,True,64,192,0.05586948572717787,0.10124373670628331,0.014914619849201338,0.028029780904594348,0.1374067281094289,0.41042847577892627
B3,0.4,1.5,0.01,True,True,True,96,192,0.07284079482799125,0.0958126073946691,0.018605275909041985,0.02587611782399002,0.2384203350908387,0.41307978483194174
B3,0.4,1.6,0.01,True,True,True,64,192,0.04963446151624093,0.09087712055775052,0.012278519605657262,0.024024111313479618,0.14192895706169706,0.41542491396074754
B3,0.4,1.7,0.01,True,True,True,95,192,0.07121008650453109,0.08651184784358024,0.017702514180079537,0.022380185328768315,0.23817830509117122,0.41708027170349504
B3,0.4,1.8,0.01,True,True,True,64,192,0.04400065550480445,0.08244005871753207,0.01089506517369937,0.02095437817333401,0.14375454859683656,0.41886710556647144
B3,0.4,1.9,0.01,True,True,True,64,192,0.04414306857975839,0.07878684362395068,0.010953806645835895,0.019700779770593008,0.14216728565661174,0.42021092846659036
B3,0.4,2.0,0.01,True,True,True,95,192,0.0617862059689393,0.080827843984145,0.01545822063743521,0.021628578117250066,0.2375983403459594,0.3804441112199628
B3,0.45,0.1,0.01,True,True,True,96,192,0.47868064855139714,0.7307619016037927,0.3614151573069646,0.5759622046960947,0.007174991429102856,0.06772075144074852
B3,0.45,0.2,0.01,False,False,False,128,192,0.29661420883058986,0.35408999974102084,0.10168110481006531,0.12792986987941363,0.20811154098810042,0.2810579487671948
B3,0.45,0.3,0.01,True,True,True,128,192,0.22950206598336104,0.3155699867125511,0.08990095392233721,0.11678422138893899,0.22351776784615573,0.30997206464048754
B3,0.45,0.4,0.01,True,True,True,128,192,0.19236837725688344,0.26739146581048717,0.08207586067213599,0.10366654991265739,0.20563148765514694,0.34224019747511625
B3,0.45,0.5,0.01,True,True,True,128,192,0.15697334943465785,0.22881975747403668,0.06631925821532064,0.0982296640965854,0.21819461972319554,0.38634607869529386
B3,0.45,0.6,0.01,True,True,True,127,192,0.14759676066988558,0.16995248127964868,0.05823627759500616,0.073661066921489,0.24588357081792267,0.3666036644969906
B3,0.45,0.7,0.01,True,True,True,127,192,0.1353854370618363,0.21106307501205934,0.05140649031869868,0.07555674075651408,0.25582435761734035,0.4323865206082054
B3,0.45,0.8,0.01,True,True,True,96,192,0.09121846216712698,0.1929853841885622,0.03332985127348556,0.0657206476469876,0.17900679012176446,0.44485104693841604
B3,0.45,0.9,0.01,True,True,True,95,192,0.08974667382770707,0.17670457836893105,0.031338366651436134,0.057625068533886326,0.20956900857958582,0.43432348125378983
B3,0.45,1.0,0.01,True,True,True,96,192,0.08565814392819987,0.12023227887318752,0.027678164846936748,0.04211668439425231,0.2053054308681398,0.38122913747508397
B3,0.45,1.1,0.01,True,True,True,96,192,0.0813303845464235,0.11296504511754701,0.024587753083241126,0.037663954612552286,0.19470154155440533,0.3809109592981029
B3,0.45,1.2,0.01,True,True,True,96,192,0.07192323683362112,0.10684620630439928,0.021693159996614364,0.034159108093601426,0.21223359090412608,0.38072721342617866
B3,0.45,1.3,0.01,True,True,True,95,192,0.0746465097464924,0.1013145519464369,0.02008055814305565,0.03116953941665848,0.23181529389718225,0.38047981634281114
B3,0.45,1.4,0.01,True,True,True,95,192,0.07983407923010735,0.09676211920256739,0.02106942315604196,0.028722833895899413,0.23666985042499478,0.37997101400759936
B3,0.45,1.5,0.01,True,True,True,95,192,0.06660137247771189,0.11322464747165531,0.01754484281821639,0.029594819804077327,0.22931242134489715,0.41050712635378017
B3,0.45,1.6,0.01,True,True,True,64,192,0.04979490580596624,0.10801013166851323,0.013170240850113257,0.027619649071185498,0.14789311743872147,0.4126554720385056
B3,0.45,1.7,0.01,True,True,True,64,192,0.05002866904069769,0.10325348094768397,0.012786638929595334,0.02588496996414727,0.14622019574294653,0.41457440021818925
B3,0.45,1.8,0.01,True,True,True,95,192,0.061065845528691626,0.09890212588003523,0.01524224974353977,0.0243536639571795,0.2244891115961244,0.41629521862323915
B3,0.45,1.9,0.01,True,True,True,64,192,0.04127865108800202,0.09490652351134474,0.010260078010069007,0.02317452188234838,0.14314922293065668,0.41781869970456964
B3,0.45,2.0,0.01,True,True,True,95,192,0.05472966693078324,0.09132826008934043,0.013332792138302824,0.02256613774235218,0.23525658035309727,0.419289043402854
B3,0.5,0.1,0.01,False,False,False,128,192,0.3146627859218393,0.44424636707935217,0.11702589814435321,0.15859284285921937,0.19039621526328332,0.2794099671949504
B3,0.5,0.2,0.01,False,False,False,127,192,0.2961385983573117,0.3964758351756214,0.10620803627073316,0.14406181176323224,0.1962690394020713,0.3061207598083301
B3,0.5,0.3,0.01,True,True,True,127,192,0.24006399174376342,0.3357170008952661,0.09189013840947716,0.12572162186629474,0.20224065351387754,0.33059514426561626
B3,0.5,0.4,0.01,True,True,True,128,192,0.18940809803577094,0.27161636509888637,0.07959338074343295,0.10652103995397605,0.19763542257617372,0.34698447964605905
B3,0.5,0.5,0.01,True,True,True,127,192,0.16146378077827334,0.21755733907931935,0.07182142683270465,0.09076553586725383,0.23603824006758123,0.37158238160891627
B3,0.5,0.6,0.01,True,True,True,127,192,0.142037649928987,0.1724415015307787,0.05691505474351474,0.07783601255983044,0.24049448187571176,0.3942713864054344
B3,0.5,0.7,0.01,True,True,True,127,192,0.1303611116669734,0.1613633360687972,0.0497004922433848,0.06731617582062113,0.27017599838154693,0.41061362343286545
B3,0.5,0.8,0.01,True,True,True,127,192,0.1098642017080359,0.152898527892693,0.04358774375437824,0.05820136608408455,0.2780323989825624,0.42551890806306364
B3,0.5,0.9,0.01,True,True,True,128,192,0.11128971730557946,0.14319877249129748,0.037963842159995875,0.051503323032046966,0.2652280564478132,0.42704614549797126
B3,0.5,1.0,0.01,True,True,True,96,192,0.08280743950298333,0.13313589737551185,0.027012258540322076,0.04579392142345906,0.1919820933269092,0.42433113843138837
B3,0.5,1.1,0.01,True,True,True,96,192,0.07916732534949097,0.12477382897302083,0.024142620852640184,0.04115335352774965,0.19902865641884926,0.42228555462889644
B3,0.5,1.2,0.01,True,True,True,95,192,0.06943911809886583,0.11740542408071256,0.021542115644278215,0.03734037765988937,0.2192648157889744,0.418658222530459
B3,0.5,1.3,0.01,True,True,True,96,192,0.0689280159665965,0.1110945822876134,0.02013980422504058,0.03422437275195703,0.21560520342015377,0.4153319074590485
B3,0.5,1.4,0.01,True,True,True,96,192,0.057758483830608554,0.1083000594393605,0.01720104417363899,0.030164436198149402,0.2017711469544281,0.4046699333118683
B3,0.5,1.5,0.01,True,True,True,96,192,0.061900920116895325,0.10318848054103015,0.017195575704875704,0.027990569762598838,0.22729704591712285,0.40686716898033637
B3,0.5,1.6,0.01,True,True,True,95,192,0.06698482683258333,0.09843642788622503,0.0173480561434593,0.026080713465369665,0.25252202015467806,0.40899582890455843
B3,0.5,1.7,0.01,True,True,True,95,192,0.0635869931553443,0.09496816915531368,0.01576354259321161,0.02460972036975645,0.24634950240200204,0.4102959837734018
B3,0.5,1.8,0.01,True,True,True,95,192,0.054586033640850906,0.09099271500443029,0.01442283557469251,0.023221251751489244,0.24797258803220001,0.4120088213512316
B3,0.5,1.9,0.01,True,True,True,64,192,0.04356533269020771,0.08733719945808302,0.011562467908881588,0.02261923570603744,0.15643052080990605,0.4135164375506698
B3,0.5,2.0,0.01,True,True,True,64,192,0.041653294823214976,0.0841724000930818,0.010549864109613019,0.0220362929810433,0.14703112480493874,0.41493620964772393
B3,0.55,0.1,0.01,False,False,False,64,192,0.20333120686295958,0.5315694834129557,0.07542867995457264,0.19528311928017583,0.029660576205511963,0.03531090299835982
B3,0.55,0.2,0.01,False,False,False,128,192,0.22926555080709005,0.3435577392314083,0.09539606743146578,0.13345916185126838,0.20016610871490692,0.28639627690301184
B3,0.55,0.3,0.01,True,False,False,128,192,0.20448734812188302,0.299669763890118,0.07949867406575833,0.12046739426685274,0.19666509084208855,0.3162950137996116
B3,0.55,0.4,0.01,True,True,True,128,192,0.16983427328989453,0.24977373657140634,0.07309814638568496,0.10687886284632733,0.21574274559455736,0.411666066880251
B3,0.55,0.5,0.01,True,True,True,128,192,0.1682750595785334,0.1981112838873521,0.06833519860333234,0.0894720922445521,0.25447241747539295,0.4346186831286307
B3,0.55,0.6,0.01,True,True,True,128,192,0.1328750194439472,0.17489822934753146,0.05381198597838588,0.07477435197088436,0.24352202671579393,0.4502649307013326
B3,0.55,0.7,0.01,True,True,True,127,192,0.1288062207708732,0.15536411373445197,0.05063764646629576,0.06294493286830954,0.28773405810261654,0.45888412730764433
B3,0.55,0.8,0.01,True,True,True,127,192,0.12563440262239012,0.13926630732749679,0.04377118066269259,0.05363578570402355,0.28616014388953126,0.4619305551662739
B3,0.55,0.9,0.01,True,True,True,127,192,0.11875287619570613,0.12638197718546312,0.03855931754332015,0.046384346235385066,0.29312931630223515,0.461755010093146
B3,0.55,1.0,0.01,True,True,True,96,192,0.07399240395702927,0.11656176210744357,0.024717757189331058,0.040807438949698266,0.20343054458787113,0.46172348748639236
B3,0.55,1.1,0.01,True,True,True,95,192,0.0717151481687516,0.10876283600584924,0.023022243807101023,0.03639119519940498,0.2189029008613922,0.46156311465546584
B3,0.55,1.2,0.01,True,True,True,96,192,0.06941618700314087,0.10315087559840683,0.02079217663922875,0.03296919489506889,0.19655661280712478,0.4642672522238602
B3,0.55,1.3,0.01,True,True,True,96,192,0.06603340752132422,0.0981197823585617,0.019408521973182297,0.030086601264383867,0.2003241481135002,0.46544548568700006
B3,0.55,1.4,0.01,True,True,True,95,192,0.06058161576850227,0.09287410465924353,0.017544856878424747,0.02742426531938763,0.22420438460039438,0.4617580382455926
B3,0.55,1.5,0.01,True,True,True,95,192,0.059567535769407265,0.08892273049127662,0.016485318999399423,0.02544952811685519,0.23162007729890122,0.46275235278098487
B3,0.55,1.6,0.01,True,True,True,95,192,0.06206956333071842,0.08615180956394616,0.01650016581745209,0.024361155750009772,0.23745466014832617,0.4661100566380594
B3,0.55,1.7,0.01,True,True,True,95,192,0.06365990286880785,0.08280227445489123,0.01813689325007954,0.023131131860304674,0.23779289739672416,0.4677768861638266
B3,0.55,1.8,0.01,True,True,True,64,192,0.04198035531864508,0.07705872730954541,0.010828413809960274,0.02279405570227938,0.14547934422950737,0.4276965234939065
B3,0.55,1.9,0.01,True,True,True,64,192,0.042119361328972926,0.07375075979477509,0.010645658626269705,0.02155909746171672,0.14509148377976122,0.4290562762553367
B3,0.55,2.0,0.01,True,True,True,64,192,0.03754960209983149,0.07150096627570174,0.009441856760138229,0.020527941925611914,0.14340577697261592,0.42259326401482555
B3,0.6,0.1,0.01,True,True,True,32,192,0.12678816211628796,0.5564626949675484,0.0437002082585608,0.2032794527858477,0.00743744854848416,0.03776859531087111
B3,0.6,0.2,0.01,False,False,False,128,192,0.37661001650432846,0.6237137396976691,0.1373618117450271,0.2267729875647443,0.08057003975684363,0.1475787246868379
B3,0.6,0.3,0.01,False,False,False,128,192,0.15867171627939092,0.18624796890658463,0.04309859292918802,0.06717227663077657,0.1861212291987122,0.2923896109395109
B3,0.6,0.4,0.01,False,True,False,128,192,0.1293797295000538,0.2101008614955608,0.056127224346808,0.08797917222355875,0.2317622820946605,0.340685118434202
B3,0.6,0.5,0.01,False,True,False,127,192,0.12931860724682928,0.19616493467097146,0.05441668408770475,0.08034778237898385,0.2602297279048532,0.36404781223442684
B3,0.6,0.6,0.01,True,True,True,127,192,0.11568528597167654,0.18155606214404116,0.04358114451513856,0.07115943326488072,0.24796480148231093,0.3836572073426767
B3,0.6,0.7,0.01,True,True,True,128,192,0.11211977264586226,0.16949551237097732,0.04248019662265465,0.06324663093867522,0.24475024338449713,0.4002300890902024
B3,0.6,0.8,0.01,True,True,True,128,192,0.09454989207983949,0.1576143899746502,0.03422404442062582,0.0563267651746539,0.25619694769007184,0.41110746553557886
B3,0.6,0.9,0.01,True,True,True,127,192,0.112211977072121,0.14571807954972643,0.035231590433043664,0.050352615906776116,0.3017009773069179,0.4183972843942413
B3,0.6,1.0,0.01,True,True,True,127,192,0.09481494988240946,0.1306500380733268,0.030242264859130202,0.045074417711491954,0.2980280516810617,0.42221472326727166
B3,0.6,1.1,0.01,True,True,True,127,192,0.0869005399150104,0.12096127935404818,0.02723627989901406,0.04091345353275294,0.27259413835444735,0.42527981425919703
B3,0.6,1.2,0.01,True,True,True,127,192,0.07671633590611915,0.0963451764043868,0.023377327593001845,0.030163803168891112,0.2800384580026276,0.46485515735145577
B3,0.6,1.3,0.01,True,True,True,96,192,0.056606525497153004,0.09139311077623602,0.01709623929058318,0.027638996390934617,0.20056515378498274,0.4631054293863097
B3,0.6,1.4,0.01,True,True,True,96,192,0.05774403896068436,0.08671475981391855,0.016943500202005343,0.025416497599655197,0.22480000582578608,0.45957314482425893
B3,0.6,1.5,0.01,True,True,True,128,192,0.07438957351952305,0.08327377635949615,0.02024335718212064,0.023703073952700604,0.27405836714606335,0.4601480018841175
B3,0.6,1.6,0.01,True,True,True,95,192,0.06488393928706118,0.0808427201522213,0.018531520165826515,0.022886133216799304,0.2412686819052443,0.46541767048546867
B3,0.6,1.7,0.01,True,True,True,95,192,0.0640338319200813,0.0781892111793339,0.016746863391780317,0.02283062447734248,0.24613763631479224,0.4642204688535914
B3,0.6,1.8,0.01,True,True,True,95,192,0.056619485181943485,0.10100652082782491,0.01430893462952916,0.026056778087937604,0.2321493952391026,0.5034707942550799
B3,0.6,1.9,0.01,True,True,True,96,192,0.052474256190663815,0.09707597178769498,0.012981518038287093,0.024710144024401415,0.20880105930998116,0.5049949713920512
B3,0.6,2.0,0.01,True,True,True,95,192,0.048087590764740396,0.07003566777110298,0.013714613944341647,0.022113120184893156,0.22764152494592527,0.4132883631285398
B3,0.65,0.1,0.01,True,True,True,32,192,0.12780671979080904,0.5781456627320536,0.04371368205717835,0.20873927733233866,0.006121164642621732,0.022382623483815617
B3,0.65,0.2,0.01,True,True,True,128,192,0.4305379033769985,0.6720600542237227,0.15650241917399038,0.24147643736899047,0.04695980144257292,0.09630478294538064
B3,0.65,0.3,0.01,False,False,False,128,192,0.30723582313349196,0.5523088713229285,0.11408704372243406,0.20308944716417648,0.1240971673471557,0.2245071870336502
B3,0.65,0.4,0.01,False,False,False,128,192,0.16018691104724375,0.237578431745758,0.05200440059768685,0.07902071851488085,0.21276066086804057,0.3458044550134778
B3,0.65,0.5,0.01,False,True,False,128,192,0.09707915010364665,0.13814303175677067,0.03340743568668818,0.03897713795497938,0.24887240519711,0.4088480841263921
B3,0.65,0.6,0.01,True,True,True,128,192,0.10266992381563089,0.11261439519753055,0.03176768975426525,0.04047959101759552,0.24161344320283928,0.4350006760789364
B3,0.65,0.7,0.01,True,True,True,128,192,0.08976557084123812,0.10746114403686016,0.031242557618982647,0.03915150629143688,0.27105182659290217,0.4468748633871256
B3,0.65,0.8,0.01,True,True,True,128,192,0.09184366408802136,0.11232974354697847,0.027901958389624865,0.037941522739679545,0.2495758739727374,0.4823041216207961
B3,0.65,0.9,0.01,True,True,True,128,192,0.0940804059158662,0.10818280042297673,0.028530884606363688,0.03549687768385518,0.25271276322655967,0.49109267062113926
B3,0.65,1.0,0.01,True,True,True,128,192,0.07299959049347848,0.10537599978508166,0.02299604290609711,0.03343127361915746,0.262355697697501,0.49790071571337446
B3,0.65,1.1,0.01,True,True,True,127,192,0.09048636801889198,0.10301304870385383,0.026240515976834022,0.031575584516238764,0.28615415997629634,0.5034294595439336
B3,0.65,1.2,0.01,True,True,True,127,192,0.07798242392214788,0.073506757355051,0.023212512439276245,0.024639138888835538,0.3004185887210308,0.42072604076166353
B3,0.65,1.3,0.01,True,True,True,127,192,0.0730913613934539,0.0698550639230113,0.02296514046179369,0.022695442695449625,0.29269077031423596,0.416953980788507
B3,0.65,1.4,0.01,True,True,True,96,192,0.059756477005553144,0.06654872311568377,0.017024657503138467,0.02085147084218164,0.2063284202414969,0.41226089098649277
B3,0.65,1.5,0.01,True,True,True,96,192,0.05036218088010275,0.06386785522885755,0.013996704061145213,0.019706329384225993,0.20396020238387647,0.4122110586134904
B3,0.65,1.6,0.01,True,True,True,95,192,0.053382707302614935,0.06122114915133299,0.0141125017477228,0.018966059260793477,0.230136795477069,0.4072729962944681
B3,0.65,1.7,0.01,True,True,True,95,192,0.05382061532767257,0.058948481498343516,0.014227779116311248,0.018528266206484276,0.2277314170132133,0.4072100616622445
B3,0.65,1.8,0.01,True,True,True,96,192,0.04638074317232682,0.05689609929880521,0.014884548678172516,0.018138585831990323,0.20369786621561137,0.40734140238887073
B3,0.65,1.9,0.01,True,True,True,95,192,0.06031864379095739,0.05494588062606928,0.015492379072755663,0.01774184985659756,0.24241632859215212,0.40718970214333994
B3,0.65,2.0,0.01,True,True,True,95,192,0.04531233608708529,0.05318840374341108,0.012724657136824524,0.017398527615772985,0.23041077719511105,0.4073064250291497
B3,0.7,0.1,0.01,True,True,True,32,192,0.12521265839549145,0.5506831184979463,0.04310587294566803,0.20181656142098559,0.004378880349457381,0.031204347232801
B3,0.7,0.2,0.01,True,True,True,64,192,0.24521979170415897,0.5545941985802472,0.08828287985564875,0.20207051613897942,0.02767765339484904,0.07939660126492817
B3,0.7,0.3,0.01,True,True,True,128,192,0.406968990472134,0.6428878413834129,0.14723183241932636,0.23139603458034314,0.07468777740423788,0.16444091445476633
B3,0.7,0.4,0.01,False,True,False,128,192,0.31437270775335113,0.42185154896156163,0.1157117263619688,0.1576747012553059,0.1612485456422409,0.27506406996031907
B3,0.7,0.5,0.01,False,True,False,128,192,0.2033391222129779,0.24672841715104132,0.07076073606503253,0.08863321645489977,0.2094237387915776,0.34536031130940587
B3,0.7,0.6,0.01,False,True,False,128,192,0.12647486798298824,0.1892002795528856,0.04023945173349225,0.05982850902003026,0.2513943073303292,0.42890412793084876
B3,0.7,0.7,0.01,False,True,False,127,192,0.11751386761727145,0.13285650230525092,0.035177032243121215,0.040458971080402056,0.2648650896314879,0.4412990465907863
B3,0.7,0.8,0.01,True,True,True,128,192,0.0912020615281092,0.10977114716517233,0.027586117139811003,0.034670746916090914,0.26981225507468554,0.45127332910763784
B3,0.7,0.9,0.01,True,True,True,128,192,0.08092583072501908,0.09990112011925094,0.022616542536664272,0.03272748224111088,0.2669448570408781,0.45633437344106614
B3,0.7,1.0,0.01,True,True,True,128,192,0.07579629501547266,0.0990963340160321,0.02368822934138895,0.03113562276804427,0.267602171862266,0.45914486968776363
B3,0.7,1.1,0.01,True,True,True,127,192,0.08324009204844321,0.09757529487482357,0.02851451273767703,0.029751138324598275,0.28165119197937893,0.4607725399609538
B3,0.7,1.2,0.01,True,True,True,127,192,0.0761084970904443,0.09584169313506682,0.02209442609227029,0.028532051628565785,0.31469430115912234,0.4618185993986495
B3,0.7,1.3,0.01,True,True,True,127,192,0.07616249281554385,0.09397010176129635,0.023465727710478,0.027412760629184713,0.2823782269633752,0.462383542014286
B3,0.7,1.4,0.01,True,True,True,127,192,0.07542411305535496,0.09209085294516045,0.022779124576024448,0.02638386742540924,0.3000923105944241,0.46277290961070555
B3,0.7,1.5,0.01,True,True,True,96,192,0.04653134754448171,0.0902066348639895,0.015406295842362902,0.026086509685875947,0.20493198473077656,0.46299678274315204
B3,0.7,1.6,0.01,True,True,True,95,192,0.05363587193282836,0.08829079060643774,0.015543591685229813,0.025741868263941106,0.23306811651032422,0.4636563845399324
B3,0.7,1.7,0.01,True,True,True,96,192,0.047318198160092806,0.0863871647840264,0.014091458713512528,0.02541340761087088,0.22033890744739038,0.4642934627506493
B3,0.7,1.8,0.01,True,True,True,96,192,0.04561356155190234,0.08458915783141194,0.013943245877632529,0.025204388529645808,0.20320459335904706,0.4636233513731331
B3,0.7,1.9,0.01,True,True,True,96,192,0.047950545728285554,0.0827584790504745,0.015470690702192078,0.02489194253604672,0.20913935887273205,0.4640485912079628
B3,0.7,2.0,0.01,True,True,True,95,192,0.04514647776625261,0.08098581172529357,0.01409685249464146,0.02459297654590406,0.2490740633798073,0.4645403806324473
B3,0.75,0.1,0.01,True,True,True,32,192,0.12239179855723525,0.6301319561860861,0.042663942371753194,0.22368267333211467,0.004394474600124626,0.00634283501764954
B3,0.75,0.2,0.01,True,True,True,64,192,0.2509595005631833,0.6419893434178011,0.09003637494104483,0.226342310366085,0.021160565408604864,0.043502571109275995
B3,0.75,0.3,0.01,True,True,True,128,192,0.4172085130649934,0.6606373923178432,0.1511753287654738,0.23877064521206687,0.06391245301005041,0.13879604284098374
B3,0.75,0.4,0.01,False,True,False,128,192,0.37169167864027675,0.4928447160177982,0.13502337165107448,0.1817381661822643,0.10749494030341111,0.20451231558810135
B3,0.75,0.5,0.01,False,False,False,128,192,0.2637729151147924,0.4398023292706524,0.09846209196166145,0.16466119113717032,0.1763553453654434,0.32058824953080295
B3,0.75,0.6,0.01,False,True,False,128,192,0.20422611313029382,0.2579754688584984,0.07282267000494011,0.09301017613590784,0.2039357208093011,0.3428975623673983
B3,0.75,0.7,0.01,False,True,False,128,192,0.15197734714513186,0.1883705554951433,0.05186258803730778,0.06320741840064265,0.268535245297269,0.3876777220962062
B3,0.75,0.8,0.01,True,True,True,127,192,0.13055982470854116,0.14852666921632515,0.04303740522402938,0.0465572176165594,0.26315570752477235,0.4081153953414219
B3,0.75,0.9,0.01,True,True,True,128,192,0.10305009713279134,0.12732950353629344,0.03161553918774357,0.039774974771640215,0.28537073907012134,0.4619331402369347
B3,0.75,1.0,0.01,True,True,True,127,192,0.08849291971901951,0.09384131842962762,0.026243030356318364,0.028834090029838222,0.2797619972659575,0.3974356865853884
B3,0.75,1.1,0.01,True,True,True,128,192,0.08258864840495436,0.08226203692635653,0.024330001256688272,0.024574027247862562,0.2503904149914109,0.3959148230321793
B3,0.75,1.2,0.01,True,True,True,128,192,0.07485865595216201,0.07395015750989192,0.021944332341262696,0.021641457980240253,0.2970191866406302,0.3937772535481352
B3,0.75,1.3,0.01,True,True,True,127,192,0.06942021906639761,0.06779009807594363,0.02029641142306024,0.019547534725170734,0.27955072045921225,0.39178905201412206
B3,0.75,1.4,0.01,True,True,True,127,192,0.07119331242409925,0.06297090174045356,0.02276895292268679,0.018927301582526486,0.2824556104956568,0.39006861621408273
B3,0.75,1.5,0.01,True,True,True,127,192,0.0565394079274687,0.059186618347272485,0.017750902898481843,0.018549271384724772,0.28147383343930454,0.3885081515737715
B3,0.75,1.6,0.01,True,True,True,127,192,0.06847626949102982,0.055961551749991414,0.023054326462963876,0.01819361104179683,0.2926186961125401,0.387240058968765
B3,0.75,1.7,0.01,True,True,True,95,192,0.04552627058040365,0.055084644293813656,0.014942308500187157,0.017869314127557476,0.23389560861065883,0.38620051152529644
B3,0.75,1.8,0.01,True,True,True,127,192,0.059520988647608575,0.054244348309086685,0.020493556975857183,0.01757084046692474,0.28817117750442844,0.3854102444358588
B3,0.75,1.9,0.01,True,True,True,95,192,0.04725165765639906,0.05619308554961841,0.015447519376371135,0.018972802677432024,0.23243964225165303,0.43768245107297643
B3,0.75,2.0,0.01,True,True,True,96,192,0.04596106814211612,0.054548493368687556,0.014414931237489562,0.01843133966147885,0.21019745883218133,0.4364382439385902
B3,0.8,0.1,0.01,True,True,True,32,192,0.12484831762274506,0.6420973608667413,0.04342035487157875,0.22445332480190056,0.005686934987040149,0.017420409992006475
B3,0.8,0.2,0.01,True,True,True,32,192,0.1320042568217319,0.6373521763358951,0.04495491673147417,0.2225509823752635,0.010982562228854742,0.05402645195596062
B3,0.8,0.3,0.01,True,True,True,128,192,0.4302610232622175,0.5663381634856104,0.15513043086607914,0.202838767295221,0.052739733221337515,0.10552079305120109
B3,0.8,0.4,0.01,True,True,True,128,192,0.3900427121372304,0.5236191141415946,0.14127442977564975,0.18536544886763923,0.09137282788232134,0.17297411951587635
B3,0.8,0.5,0.01,True,True,True,128,192,0.3483594883485741,0.4563824516294942,0.12651214545028344,0.1619534897991769,0.142814690232687,0.25168971119721306
B3,0.8,0.6,0.01,False,True,False,128,192,0.2720379129345271,0.3536014455442378,0.10177535592055509,0.12907245115151614,0.19943691674530872,0.2995749333883916
B3,0.8,0.7,0.01,False,True,False,128,192,0.20200150404585882,0.2489385532336032,0.07290135815700438,0.09308894120826239,0.21476020475382906,0.37319979151685434
B3,0.8,0.8,0.01,True,True,True,127,192,0.14916791315408584,0.18856119018457082,0.05329296588616411,0.06806982748411594,0.26744351072805617,0.39853149410041344
B3,0.8,0.9,0.01,False,True,False,127,192,0.14800045543896304,0.14937632638794274,0.049556758149165436,0.05200777044277008,0.28044345950919547,0.404618296565424
B3,0.8,1.0,0.01,True,True,True,128,192,0.11067866621331451,0.12606906141542337,0.03605540149153358,0.042500332557596526,0.24693268553273195,0.40456109943896773
B3,0.8,1.1,0.01,True,True,True,128,192,0.09947641722355627,0.11112417299011929,0.03163345756782865,0.036431811052800606,0.263981700925617,0.40551156702708707
B3,0.8,1.2,0.01,True,True,True,128,192,0.09854735166862971,0.10039073885750585,0.029860398349948303,0.03216533070090119,0.2898180998575607,0.405762809406295
B3,0.8,1.3,0.01,True,True,True,128,192,0.08426799183591421,0.09224123954495872,0.025416849437812528,0.029005488937931895,0.2703846627081157,0.4055336415692102
B3,0.8,1.4,0.01,True,True,True,127,192,0.06511084601289041,0.08577910798255978,0.02042147874656479,0.026567500717976866,0.2877962825994982,0.4051106694685585
B3,0.8,1.5,0.01,True,True,True,127,192,0.0698441947320394,0.08043290485949808,0.020898961253651482,0.02460815834993338,0.28520159150507185,0.4042815902371867
B3,0.8,1.6,0.01,True,True,True,127,192,0.07250342328962679,0.07593804682975941,0.0213019913185125,0.02299396898628822,0.2952073246293616,0.4036883164699998
B3,0.8,1.7,0.01,True,True,True,127,192,0.06435727933479932,0.07202526617292969,0.020379508879268413,0.021622607438435498,0.28664713363139216,0.40288590767265875
B3,0.8,1.8,0.01,True,True,True,96,192,0.048589446502348685,0.06851252674796533,0.014239304555763346,0.02042412544112182,0.20555048207109372,0.4018339768452418
B3,0.8,1.9,0.01,True,True,True,95,192,0.039985143360308784,0.06540585811107015,0.012510498313508173,0.019376192359054106,0.23224299976943275,0.40076188156911763
B3,0.8,2.0,0.01,True,True,True,95,192,0.04206983159204368,0.062586532343417,0.014189377034075301,0.018440864757959752,0.22371779960721838,0.39956914808407673
B3,0.85,0.1,0.01,True,True,True,32,192,0.12474859734342092,0.6296711864567826,0.04308461194746949,0.21977591722150824,0.0038602958269163476,0.002175098721998954
B3,0.85,0.2,0.01,True,True,True,32,192,0.12902569695343447,0.622119756260671,0.04438136006334381,0.21611199143990356,0.01268784480420343,0.03046065911333906
B3,0.85,0.3,0.01,True,True,True,128,192,0.43073447128091247,0.5567587923903329,0.15742558554725328,0.20588219203152225,0.05600856880974878,0.08680442251846683
B3,0.85,0.4,0.01,True,True,True,96,192,0.32615515457042976,0.5431851366945752,0.11814282820371674,0.19968633913690886,0.06076879079135772,0.1634005685958484
B3,0.85,0.5,0.01,True,True,True,128,192,0.3754615762392509,0.4989362831532725,0.13696819153080564,0.18530109798342853,0.11591515009895859,0.2318223553630954
B3,0.85,0.6,0.01,False,True,False,128,192,0.31277333115166894,0.4367265254565147,0.11352098597762206,0.16134737329227294,0.15999347783787626,0.30287892488687596
B3,0.85,0.7,0.01,False,True,False,128,192,0.2449883701456982,0.3619237268527935,0.09094530265751083,0.1299822130769907,0.2002353978078758,0.36997174932808796
B3,0.85,0.8,0.01,False,True,False,127,192,0.19762032467494783,0.29553782120309574,0.07167722984242897,0.10222989801172733,0.24309400904279355,0.41329151761396055
B3,0.85,0.9,0.01,True,True,True,128,192,0.16939327781668637,0.2738269921393145,0.05880305938138786,0.09496205083884612,0.24998855296907074,0.49261455359618245
B3,0.85,1.0,0.01,True,True,True,127,192,0.14144037477308455,0.23803623413199668,0.0485801372344529,0.07997767048295243,0.2692994178853826,0.51908386094461
B3,0.85,1.1,0.01,True,True,True,128,192,0.11252162679599173,0.21316291365526524,0.03756335678905365,0.0696435827789888,0.24666520566320616,0.5385566939300408
B3,0.85,1.2,0.01,True,True,True,127,192,0.10348076722634639,0.13032360022468428,0.03436685975393727,0.042917016514469664,0.2648323534514955,0.37969974434181014
B3,0.85,1.3,0.01,True,True,True,127,192,0.0966649883378227,0.11752223057732542,0.0310510628401503,0.037969544071037115,0.28627428823415246,0.3819465467042751
B3,0.85,1.4,0.01,True,True,True,127,192,0.08673345816542638,0.10731283834520311,0.026808408721859245,0.03412587623453023,0.277502167946971,0.3831131430950837
B3,0.85,1.5,0.01,True,True,True,128,192,0.08997782473982072,0.0989972347877355,0.02820847526117523,0.031064389322401714,0.2742815504842261,0.3837665935934884
B3,0.85,1.6,0.01,True,True,True,127,192,0.08209866262668927,0.0920627541241014,0.024653516284426608,0.02856423685269152,0.281772645535311,0.3840931633021042
B3,0.85,1.7,0.01,True,True,True,127,192,0.07394447563280154,0.1275560843083356,0.022786628943766707,0.03666793491525494,0.2787065368176753,0.5223091330096554
B3,0.85,1.8,0.01,True,True,True,127,192,0.0712957815949685,0.12084566431158503,0.021837520616272366,0.03430609742322549,0.2802852963478968,0.523100300726226
B3,0.85,1.9,0.01,True,True,True,96,192,0.05007928464894801,0.11523121041102885,0.015457856015009722,0.03239090279999696,0.21051940620537235,0.5253587632863072
B3,0.85,2.0,0.01,True,True,True,96,192,0.04642294052008736,0.06735376824197353,0.014050132334016446,0.020229401697061278,0.22699946372803959,0.3833842205039195
B3,0.9,0.1,0.01,False,True,False,31,192,0.15373938504990792,0.6307430264221645,0.05318720754216655,0.2202190733799385,0.00634629904332009,0.00575750197712524
B3,0.9,0.2,0.01,True,True,True,32,192,0.1318163604522945,0.6256338793596274,0.044748895322333504,0.2177799333192399,0.006982437764763413,0.032446351949539626
B3,0.9,0.3,0.01,True,True,True,64,192,0.24032944386330612,0.6156497412158437,0.08571694864640639,0.21367709118068828,0.028789532379470295,0.06657063744844212
B3,0.9,0.4,0.01,True,True,True,128,192,0.41150527689263505,0.5455717831495109,0.15026010283196728,0.2026966854338048,0.07137179907372182,0.13722077521723397
B3,0.9,0.5,0.01,True,True,True,128,192,0.3930451063410262,0.5181568592362712,0.1404596191564979,0.19116537285421503,0.1001814401714688,0.20783701631452758
B3,0.9,0.6,0.01,True,True,True,128,192,0.34627223630645565,0.4681884918095299,0.12537294423585776,0.17469403485402865,0.1308400065567596,0.27034717814845605
B3,0.9,0.7,0.01,False,True,False,128,192,0.2924580295234134,0.4084914541745237,0.10798001575590349,0.14969890919165685,0.1631111872055438,0.33508164497803583
B3,0.9,0.8,0.01,True,True,True,128,192,0.23832543145920948,0.3446581003846457,0.08781695700361558,0.12305326795267063,0.23130213302468638,0.3885421545202721
B3,0.9,0.9,0.01,False,True,False,128,192,0.1975007174551653,0.22932785089483376,0.07084709879771345,0.08546704362947802,0.22039047706323045,0.40668984927408325
B3,0.9,1.0,0.01,True,True,True,127,192,0.15261730184575262,0.18637610387963277,0.054848574980922465,0.06824021562390953,0.24915783953617365,0.4262698398827732
B3,0.9,1.1,0.01,True,True,True,128,192,0.1442515181052997,0.154176108731836,0.04893662704348861,0.0554427558054785,0.26621278279635474,0.43525560169809535
B3,0.9,1.2,0.01,True,True,True,127,192,0.11979432389611672,0.13027463309572312,0.04074413129832183,0.04603331817192774,0.2683015842332991,0.43635541727612676
B3,0.9,1.3,0.01,True,True,True,127,192,0.11878477073700142,0.11280370964696218,0.038478253044619604,0.03918287837154627,0.28346878966040856,0.43191427934431603
B3,0.9,1.4,0.01,True,True,True,128,192,0.10555167598721665,0.09899231587095858,0.03442084893120026,0.033969802214790235,0.2874950561568661,0.4211355630877662
B3,0.9,1.5,0.01,True,True,True,127,192,0.09737945624059857,0.09033576327389453,0.03141743295829,0.030493994370755367,0.30644029027206177,0.4173433488054342
B3,0.9,1.6,0.01,True,True,True,127,192,0.10089440753579906,0.08539253174530645,0.030010571281521486,0.028191877519181036,0.2908225928666037,0.3844117664805765
B3,0.9,1.7,0.01,True,True,True,127,192,0.08349681437527706,0.08550101463739501,0.026235279444703635,0.027604802412532603,0.2734384122556248,0.38491525331737697
B3,0.9,1.8,0.01,True,True,True,128,192,0.07804044233093702,0.08006149784345212,0.024165947129603876,0.025576782970081563,0.28701818368780796,0.3843425685062034
B3,0.9,1.9,0.01,True,True,True,127,192,0.0746192036796528,0.07538836708443174,0.0229685599156233,0.023857357882730412,0.28753366918509893,0.38396163260616467
B3,0.9,2.0,0.01,True,True,True,95,192,0.056758187495065254,0.07137259322493039,0.01733718126363712,0.022398594353632423,0.22826665314470918,0.3834876669201994
B3,0.95,0.1,0.01,False,True,False,31,192,0.14500893945228643,0.7245778448440997,0.050376152079591174,0.2591370194814199,0.00561125548457056,0.024928461153147882
B3,0.95,0.2,0.01,True,True,True,32,192,0.12422379834330244,0.718786837859457,0.04318888890463923,0.2562283668546775,0.008811314021044445,0.06352645507501922
B3,0.95,0.3,0.01,True,True,True,64,192,0.2233500185259687,0.5310018803459352,0.08079497916575074,0.19480820898567797,0.028239900875886598,0.05470093000292957
B3,0.95,0.4,0.01,True,True,True,96,192,0.348760898113335,0.5466654062567593,0.12356791208715512,0.20302942994592066,0.05563243578088828,0.11895712568801685
B3,0.95,0.5,0.01,True,True,True,96,192,0.33003965244819244,0.5293925411498048,0.11722015092131477,0.19484073742431363,0.07379257596524658,0.1894149197875612
B3,0.95,0.6,0.01,True,True,True,128,192,0.3685623958847498,0.4883041516987945,0.13310622058747246,0.18158619283021604,0.1212770063960521,0.24930446906398443
B3,0.95,0.7,0.01,True,True,True,128,192,0.3132415229288869,0.4413738917349308,0.11626754004201456,0.16349394686649582,0.16265386439278118,0.30393189551434685
B3,0.95,0.8,0.01,False,True,False,128,192,0.2718174221749059,0.3850606664831369,0.09975801288232239,0.1400874033794698,0.17923110330143943,0.35973995633289835
B3,0.95,0.9,0.01,False,True,False,128,192,0.23830689605808686,0.33066134005123327,0.0880314363801552,0.11746240344532233,0.21548341157293216,0.40261779028918937
B3,0.95,1.0,0.01,True,True,True,127,192,0.20288691099224526,0.2218153013755781,0.07245623521292649,0.08281187574542881,0.2464134412943556,0.41099697737594254
B3,0.95,1.1,0.01,True,True,True,128,192,0.1688720296144611,0.18445866231163344,0.05954241642114233,0.0678975967534863,0.2507141173347438,0.4269892742007032
B3,0.95,1.2,0.01,True,True,True,128,192,0.14136703895868255,0.1556356779430489,0.04924984966716814,0.056459506506681356,0.24101931807637,0.43500918526795423
B3,0.95,1.3,0.01,True,True,True,127,192,0.13053681188523555,0.13349128074603867,0.04531691432813942,0.04772914186877256,0.26542229102433534,0.4367576266884686
B3,0.95,1.4,0.01,True,True,True,127,192,0.11587936145983252,0.11663328010166679,0.038993861302815264,0.0411002602840512,0.26381153715529104,0.43433167689412977
B3,0.95,1.5,0.01,True,True,True,127,192,0.11201553541640188,0.10271011324254192,0.03691566682883962,0.035821019066826776,0.27027702464743797,0.42344641405002803
B3,0.95,1.6,0.01,True,True,True,127,192,0.10200741167277672,0.09821931597020395,0.03297931703169227,0.033313473456103304,0.28054412906550463,0.4264308809060151
B3,0.95,1.7,0.01,True,True,True,127,192,0.10027883569498225,0.091246584813019,0.032010960186705545,0.03054838733197182,0.29068165980691907,0.42577703154748975
B3,0.95,1.8,0.01,True,True,True,127,192,0.08970276070363697,0.08678307390056819,0.028731108899902186,0.028527411504005035,0.2824334730609551,0.4287045766947505
B3,0.95,1.9,0.01,True,True,True,95,192,0.06503624588625273,0.081319011741253,0.020937131994630015,0.026453506246603947,0.22874430891705888,0.42907549508573684
B3,0.95,2.0,0.01,True,True,True,95,192,0.0553591201558479,0.07661375150365843,0.01780739026175726,0.024687942158176435,0.22550654190514552,0.42944468953463094
B3,1.0,0.1,0.01,False,True,False,31,192,0.14490601078281373,0.7046861534766136,0.050260517400280647,0.2472561436164612,0.004959791257854604,0.025365505595889848
B3,1.0,0.2,0.01,True,True,True,32,192,0.13276306621338985,0.6983488401108593,0.045259460217703995,0.24409051234116885,0.008704469746409718,0.010674986592833613
B3,1.0,0.3,0.01,True,True,True,32,192,0.12745694779320949,0.6866727809055483,0.04346085391927623,0.23923792731570848,0.01354563317448318,0.04817073747548875
B3,1.0,0.4,0.01,True,True,True,64,192,0.24676053877886495,0.6676701497831203,0.0872847690315795,0.2319688796829255,0.03367527419686339,0.09123981838977227
B3,1.0,0.5,0.01,True,True,True,96,192,0.32287871895610987,0.6378083752527066,0.11838776628137454,0.22112285763023307,0.06493596343533853,0.14156015952328005
B3,1.0,0.6,0.01,True,True,True,128,192,0.3845757655351955,0.5920932779174654,0.13764810337373107,0.20536769883341724,0.10141031696976183,0.19902302731038252
B3,1.0,0.7,0.01,True,True,True,128,192,0.35163858690071464,0.5288420623597039,0.12887966701676423,0.18435974393997548,0.14582534462596192,0.2608023574981144
B3,1.0,0.8,0.01,True,True,True,128,192,0.3057141084755068,0.45193369854507504,0.11246021079741109,0.15942004942982801,0.17086883911729017,0.3192397320314516
B3,1.0,0.9,0.01,False,True,False,128,192,0.25711836517321984,0.3542684239825813,0.0959005471458323,0.13268297126890483,0.1916522170769967,0.33407845160947813
B3,1.0,1.0,0.01,True,True,True,128,192,0.2141957670255656,0.3056580799957379,0.07917434424861036,0.11241879534386051,0.20643487106884362,0.37103284384498625
B3,1.0,1.1,0.01,True,True,True,128,192,0.18813155904938583,0.23378925268912654,0.06845759277604857,0.08586704767744086,0.22874387133703766,0.349163952898009
B3,1.0,1.2,0.01,True,True,True,127,192,0.16718234129578477,0.20461570468014054,0.06014383321618047,0.0735873770983034,0.2581878302067605,0.36353231267450437
B3,1.0,1.3,0.01,True,True,True,128,192,0.151833576336789,0.18193993672150038,0.051920381223462264,0.06406212536643952,0.25999977026780086,0.37296762738255257
B3,1.0,1.4,0.01,True,True,True,128,192,0.12944703858285306,0.16420117305739473,0.044562085779943805,0.05665080762961394,0.27020705808094136,0.3791893154000736
B3,1.0,1.5,0.01,True,True,True,127,192,0.12249885933592816,0.13989155361401526,0.04112935547206509,0.04791786051559016,0.2696401510123293,0.42068811509604653
B3,1.0,1.6,0.01,True,True,True,127,192,0.11202320662692544,0.1261442353049163,0.03670177688431625,0.042446997147629784,0.28088447779820525,0.4261113061967306
B3,1.0,1.7,0.01,True,True,True,128,192,0.10962079544791914,0.11472772298714301,0.036457029691786436,0.037941515824366556,0.27184257193773387,0.43046580511271043
B3,1.0,1.8,0.01,True,True,True,127,192,0.10215507494631199,0.10500487134224618,0.032785231564526784,0.03413136695643071,0.28508519320936054,0.4342974328284105
B3,1.0,1.9,0.01,True,True,True,127,192,0.09312169507609847,0.09682371393282338,0.029570055990035704,0.030936970657234747,0.2862242852309045,0.43765952100721184
B3,1.0,2.0,0.01,True,True,True,128,192,0.09074696283356615,0.08969503528476105,0.02875951413710831,0.028179106767564882,0.28478361467278224,0.44070400661321574
B3,0.0,0.1,0.05,True,True,True,31,192,0.5395835469464572,0.9967943701397918,0.4329559597684045,0.8672353945245974,0.01730034693424068,0.032172317308277555
B3,0.0,0.2,0.05,True,True,True,31,192,0.5479551474211625,0.9891441995092902,0.43719713889662926,0.8605565770693708,0.036513741502713665,0.08148257177880379
B3,0.0,0.3,0.05,True,True,True,64,192,0.8113375377860964,0.9759690590263551,0.6676423878906859,0.8491181026168473,0.08692307101961602,0.13166779612165458
B3,0.0,0.4,0.05,True,True,True,64,192,0.7982911849937815,0.9568697491327791,0.6539860135893432,0.832319822561578,0.11961953025605367,0.18686986380086243
B3,0.0,0.5,0.05,True,True,True,95,192,0.859692119203193,0.9288283604246851,0.7279430896433591,0.8088908402658509,0.19454547102655623,0.23790918366892572
B3,0.0,0.6,0.05,True,True,True,90,192,0.8138502373763529,0.8896378823771284,0.6839297896547198,0.7764768149389648,0.22787762704742562,0.29703209084482346
B3,0.0,0.7,0.05,True,True,True,64,192,0.6874527394861928,0.8380110698272786,0.5751605398091542,0.7308456966575063,0.215604046305502,0.3636843266566535
B3,0.0,0.8,0.05,True,True,True,96,192,0.7066875170880195,0.7792661076659357,0.6064862229090946,0.6668024713587346,0.32649381036328157,0.44012241390144247
B3,0.0,0.9,0.05,True,True,True,96,192,0.5943521427637847,0.7056845516046594,0.5161430665771565,0.5827606329589179,0.3837261040978671,0.5243804553287649
B3,0.0,1.0,0.05,True,True,True,96,192,0.5456706270820493,0.6242388457241831,0.438298418958479,0.48725695462728474,0.48173424687967326,0.6074823002674863
B3,0.0,1.1,0.05,True,True,True,127,192,0.5195568324567594,0.5466387884847043,0.37526398478502876,0.39610872180306544,0.603591940455428,0.6786710632519025
B3,0.0,1.2,0.05,True,True,True,96,192,0.41504659122160015,0.472537484490981,0.28181294974556237,0.3190163903753491,0.5666968190145656,0.7333717435228417
B3,0.0,1.3,0.05,True,True,True,95,192,0.37336719989207123,0.41970480980216623,0.2329964024859052,0.2609438499339291,0.6030171934017579,0.7727758769856831
B3,0.0,1.4,0.05,True,True,True,95,192,0.33269234917410895,0.386109933715933,0.19279399301428693,0.21912065703334732,0.6413028683380346,0.8022100333407644
B3,0.0,1.5,0.05,True,True,True,127,192,0.3335759159262123,0.35248292909633583,0.17604180305365208,0.18658990767164718,0.7327127937657094,0.8236858133194251
B3,0.0,1.6,0.05,True,True,True,95,192,0.283307643391016,0.32493978577142685,0.14373035118521524,0.16179142320640275,0.6729837003717001,0.8400554261802488
B3,0.0,1.7,0.05,True,True,True,96,192,0.2610693431241966,0.29490043523226345,0.12600211679125903,0.14121108287143475,0.676405088298455,0.8522119760191772
B3,0.0,1.8,0.05,True,True,True,63,192,0.20635700381538274,0.2755137862398401,0.09511667088345244,0.12593191705109721,0.5662042242293976,0.8623129965419316
B3,0.0,1.9,0.05,True,True,True,63,192,0.19222936668993587,0.2587440107352428,0.08559982734926802,0.1135566707119518,0.5889944233053712,0.8705410075877609
B3,0.0,2.0,0.05,True,True,True,63,192,0.18369731255503063,0.24403334152798148,0.0778368221183457,0.10334865749569916,0.5925400640452647,0.8773113262575175
B3,0.05,0.1,0.05,True,True,True,31,192,0.5335793914626088,0.996526863090782,0.4313457188531358,0.8666146935860595,0.01810501848437035,0.03516454078205425
B3,0.05,0.2,0.05,True,True,True,31,192,0.5313821995375456,0.9879967311024882,0.43012390694281,0.8591817548750263,0.04372327770283167,0.08728112121601544
B3,0.05,0.3,0.05,True,True,True,63,192,0.7618666207521716,0.9731486629720357,0.6428303513248402,0.8463560745940208,0.09342050242336015,0.14050493656716914
B3,0.05,0.4,0.05,True,True,True,64,192,0.782164707928486,0.9506585884519274,0.645388733324433,0.8271285312798915,0.12141374097778738,0.19605750294046634
B3,0.05,0.5,0.05,True,True,True,96,192,0.8474914833723837,0.9176533417445368,0.7176986284223468,0.7995642571731028,0.18749200800777127,0.2556742598603638
B3,0.05,0.6,0.05,True,True,True,95,192,0.8046258436961291,0.869360063979905,0.6831249591149923,0.7593629083687938,0.23118479828213248,0.32205794234929735
B3,0.05,0.7,0.05,True,True,True,95,192,0.7319874780334477,0.8107252935954868,0.6215213894260208,0.6998868634744707,0.3007746653370114,0.39936205972295835
B3,0.05,0.8,0.05,True,True,True,127,192,0.6822473263188811,0.7371504045359598,0.5824035824563724,0.6154556322402482,0.42503630311272966,0.48841358992470446
B3,0.05,0.9,0.05,True,True,True,95,192,0.552106358677113,0.6503415572720017,0.45352237268128665,0.5118719622092522,0.46028981575256467,0.5807359291651338
B3,0.05,1.0,0.05,True,True,True,95,192,0.49096124981494504,0.5647955330657539,0.3671158208913179,0.409016236402977,0.5206472091183801,0.6617213628754037
B3,0.05,1.1,0.05,True,True,True,95,192,0.41046073087891377,0.49265077278330405,0.2815209054945439,0.32393422779196346,0.589948137627699,0.7226840203755377
B3,0.05,1.2,0.05,True,True,True,95,192,0.3833873875390626,0.43573679431951223,0.23092521141620617,0.26030999044410846,0.6201166181482606,0.7663960987290113
B3,0.05,1.3,0.05,True,True,True,95,192,0.33803522512407913,0.39181793897636774,0.18799702305604507,0.21418964873716037,0.6347222781689781,0.7966007421627979
B3,0.05,1.4,0.05,True,True,True,95,192,0.3040975296951099,0.3568554769573022,0.15528508367417262,0.1805394586460459,0.6406858861678004,0.8192462042800794
B3,0.05,1.5,0.05,True,True,True,64,192,0.24652692246956007,0.3219611806795805,0.11509128561591797,0.1541208809545664,0.4964338278244018,0.8350588248318292
B3,0.05,1.6,0.05,True,True,True,63,192,0.21442413793179446,0.30484569901786096,0.10016576714278685,0.13622870691992958,0.5628104463434537,0.8504943791728762
B3,0.05,1.7,0.05,True,True,True,63,192,0.20014897504780674,0.27892238910365974,0.08811543200304361,0.11993686248002913,0.5672512185392513,0.8580662400823043
B3,0.05,1.8,0.05,True,True,True,63,192,0.191715025021921,0.2676033321965063,0.08069016497104955,0.10897722491052877,0.563449481604986,0.870801911599709
B3,0.05,1.9,0.05,True,True,True,63,192,0.17936498374973048,0.24703525724960196,0.07236087357933488,0.09803247756489675,0.5636905979016597,0.8733035077002969
B3,0.05,2.0,0.05,True,True,True,63,192,0.17161413107348783,0.23407730088308945,0.06785423954198869,0.08987961285104787,0.6026854633100733,0.8793832902400999
B3,0.1,0.1,0.05,True,True,True,31,192,0.5570074290878764,0.9961995866833183,0.44823788826448496,0.8664802643852992,0.021527300129826163,0.038017730711040316
B3,0.1,0.2,0.05,True,True,True,31,192,0.5435945643046329,0.9866132430947825,0.44220604242927597,0.858149524454539,0.041689036783369465,0.09318294956741435
B3,0.1,0.3,0.05,True,True,True,63,192,0.7611089038093435,0.9696195355601518,0.6380918331890397,0.8434901837876281,0.09757904455133337,0.15021903507305773
B3,0.1,0.4,0.05,True,True,True,96,192,0.8780685095407079,0.9430179092551814,0.7439146661726517,0.8209987446275469,0.1616482963639019,0.2108125721114271
B3,0.1,0.5,0.05,True,True,True,95,192,0.8674123456678409,0.9015064225945016,0.7238031395219537,0.7867506841715156,0.23192059569085183,0.2772598830675621
B3,0.1,0.6,0.05,True,True,True,95,192,0.7726652879719441,0.8432234080059641,0.6601201923105814,0.7334713768032085,0.28012841816369133,0.3547858005787848
B3,0.1,0.7,0.05,True,True,True,95,192,0.6703918541010301,0.7714230604318658,0.5825239178428021,0.650977320993307,0.3461318028873845,0.4476474674133176
B3,0.1,0.8,0.05,True,True,True,95,192,0.5816783539323396,0.6793611625379674,0.47775386761355276,0.5392026392412931,0.43496228373770085,0.5499592172286877
B3,0.1,0.9,0.05,True,True,True,96,192,0.4987321035150082,0.5844534770496836,0.37271005925452905,0.42184766436052,0.48774547239001426,0.6421601469012999
B3,0.1,1.0,0.05,True,True,True,95,192,0.4283569544675795,0.504430748805847,0.2885007283711396,0.32512189331393115,0.5728121216569121,0.7111555795149254
B3,0.1,1.1,0.05,True,True,True,96,192,0.3899383794308314,0.44317140269039074,0.22708342382787278,0.2553253106964408,0.5764048249651631,0.7586975583984272
B3,0.1,1.2,0.05,True,True,True,96,192,0.3455690393784994,0.3966746426538594,0.18352970039872463,0.20669199876390013,0.5954366083086933,0.7916316928740652
B3,0.1,1.3,0.05,True,True,True,64,192,0.2692007857399804,0.36033507433321793,0.13215015829152005,0.1723107152729574,0.4922764390442893,0.8158947695109252
B3,0.1,1.4,0.05,True,True,True,63,192,0.23954537074605567,0.3318149133191441,0.10795981244407643,0.14739290825125306,0.5342076621411087,0.832653942486337
B3,0.1,1.5,0.05,True,True,True,63,192,0.20547708631132347,0.3077025464783096,0.09112943078282626,0.12853302050071064,0.5416091376955072,0.8469176572209275
B3,0.1,1.6,0.05,True,True,True,63,192,0.2102044115642967,0.2872585097357381,0.08442104704106942,0.11392983773617202,0.565924191817136,0.8583726841636171
B3,0.1,1.7,0.05,True,True,True,63,192,0.19288818736259533,0.26970138584604864,0.07368951631016527,0.10234358642375899,0.5725794251004864,0.8677414107803072
B3,0.1,1.8,0.05,True,True,True,63,192,0.1809127265868301,0.2544412152990223,0.06803218742772019,0.09295400408206597,0.5833812839205592,0.8755139196221695
B3,0.1,1.9,0.05,True,True,True,63,192,0.1792262437830174,0.23642425242399234,0.06420661927702173,0.0842734252660158,0.5625437606985932,0.8770609495202778
B3,0.1,2.0,0.05,True,True,True,63,192,0.1718377821663013,0.22464938036538407,0.05966709034602083,0.07778481789042224,0.5947698534817634,0.8824124540440583
B3,0.15,0.1,0.05,True,True,True,31,192,0.542134501587783,0.9957464896947833,0.4394516809982224,0.8659492858979352,0.023875158617008695,0.041648743119689094
B3,0.15,0.2,0.05,True,True,True,31,192,0.5480616433202121,0.9852249629383812,0.43854932808797875,0.8597484083595546,0.04715914148279192,0.11355397819386875
B3,0.15,0.3,0.05,True,True,True,63,192,0.7648026905915044,0.9649767648406449,0.6377142897132143,0.8395265591028658,0.1123222524164867,0.1624279699737641
B3,0.15,0.4,0.05,True,True,True,96,192,0.8641031087879603,0.9320357109294868,0.7331028316909594,0.8119459201764455,0.1817363650801843,0.22896095173620507
B3,0.15,0.5,0.05,True,True,True,96,192,0.8076556138963923,0.8775395897436787,0.6909052786055311,0.7665652987675682,0.2579277814796063,0.30629159255190297
B3,0.15,0.6,0.05,True,True,True,96,192,0.7124601155014377,0.8076987808778069,0.6131477556216645,0.689157270003105,0.2997673460240522,0.40195506018498595
B3,0.15,0.7,0.05,True,True,True,127,192,0.6665474030691048,0.7113044801447382,0.5438624772523246,0.5698463445421045,0.46122122604703475,0.5150822463545766
B3,0.15,0.8,0.05,True,True,True,96,192,0.5334230988358799,0.6051627242330334,0.3902603297747532,0.43394716865921823,0.4861525957634162,0.6219341224038585
B3,0.15,0.9,0.05,True,True,True,127,192,0.48070407156189626,0.5156075251838849,0.30389666936463045,0.3225366934764322,0.6188520930802405,0.7000431896769315
B3,0.15,1.0,0.05,True,True,True,95,192,0.3788280508999495,0.44969477332457364,0.21230744369537163,0.2461313647846827,0.5804825134909642,0.7509473842617116
B3,0.15,1.1,0.05,True,True,True,96,192,0.3455469570160897,0.40138649808282395,0.17223468812988127,0.1956851944896015,0.6102156267018451,0.7866801416732111
B3,0.15,1.2,0.05,True,True,True,64,192,0.2779386645679354,0.36477833049339153,0.12460722929992163,0.16150185648446946,0.4915920619388639,0.811930452476225
B3,0.15,1.3,0.05,True,True,True,63,192,0.24270547016645982,0.33673632462392084,0.10226467436742359,0.13745237760049653,0.5673760819290797,0.8254899677332039
B3,0.15,1.4,0.05,True,True,True,63,192,0.23875981560251294,0.31248885262353265,0.09304699279749881,0.11961234105595281,0.5730251451523122,0.840453973256827
B3,0.15,1.5,0.05,True,True,True,64,192,0.21315860333161682,0.2855916477097825,0.0787872820237788,0.10468369748538453,0.5076857142720024,0.8523486280469826
B3,0.15,1.6,0.05,True,True,True,63,192,0.19689701424106945,0.268188163234011,0.06876818951412789,0.09396265581483601,0.5641309214654067,0.8617611813755021
B3,0.15,1.7,0.05,True,True,True,63,192,0.20329034370536336,0.2586083185735833,0.06827105700583408,0.08639317808237579,0.6112059676368531,0.8730766245728458
B3,0.15,1.8,0.05,True,True,True,32,192,0.12646975740971622,0.24063762136906963,0.04065277459919858,0.07746925141871028,0.3150050169050893,0.8833093885325682
B3,0.15,1.9,0.05,True,True,True,32,192,0.10951376555740236,0.23229966077187164,0.03501458291301543,0.07305854501269124,0.3170970508227765,0.8850620241740408
B3,0.15,2.0,0.05,True,True,True,32,192,0.11402159677372753,0.2214700483903045,0.03428718625405011,0.06793852364534902,0.31899395685074616,0.890110618206195
B3,0.2,0.1,0.05,True,True,True,31,192,0.5409839101953214,0.9952197089778769,0.440469828640909,0.8656888844874029,0.020516290863890195,0.055876648654630365
B3,0.2,0.2,0.05,True,True,True,31,192,0.5607864431685958,0.9825923223063261,0.444711381189989,0.8546075464953902,0.044768059555971546,0.11848925794978239
B3,0.2,0.3,0.05,True,True,True,64,192,0.7756548850294964,0.9584618429783645,0.6474573143025921,0.8344023551269766,0.11010105606766984,0.1914460318238627
B3,0.2,0.4,0.05,True,True,True,95,192,0.8653458300178679,0.9139449204814795,0.7305256962428233,0.7978004239059414,0.21368371009144543,0.26654954985808677
B3,0.2,0.5,0.05,True,True,True,96,192,0.7573688032695842,0.8443198102843963,0.6466482331278969,0.7290359126480739,0.27702280593129175,0.36277536923501064
B3,0.2,0.6,0.05,True,True,True,96,192,0.6535754291065199,0.7546664707867876,0.5557738975627846,0.6067627601987857,0.39310459441969625,0.48572996911294986
B3,0.2,0.7,0.05,True,True,True,96,192,0.5394660879314347,0.6358184911925113,0.39277736085128867,0.4464794366835193,0.4622858448925466,0.6139900304218651
B3,0.2,0.8,0.05,True,True,True,95,192,0.44496133756497525,0.5365180602764454,0.27676273028709164,0.3166444555641565,0.5349601998776726,0.7065811146591077
B3,0.2,0.9,0.05,True,True,True,64,192,0.34373372991670925,0.4674409441222394,0.17631459188118992,0.23439399307354636,0.4444819961345194,0.765454423903674
B3,0.2,1.0,0.05,True,True,True,63,192,0.2867033469002384,0.41847200090336123,0.13415297056539233,0.18371245462825203,0.5174042654774386,0.8045569412544883
B3,0.2,1.1,0.05,True,True,True,63,192,0.2657611603403819,0.3674346237382935,0.1091542694947106,0.1459330522293177,0.5411362117406493,0.7912603574118983
B3,0.2,1.2,0.05,True,True,True,64,192,0.23175467435077332,0.34950229193832494,0.08806098959669309,0.12682320618599274,0.4787767146094262,0.8519474583579822
B3,0.2,1.3,0.05,True,True,True,63,192,0.22573910422715454,0.31823463279028974,0.07888220438708643,0.10951927223109936,0.552049292370653,0.8541941769179524
B3,0.2,1.4,0.05,True,True,True,63,192,0.2079343926524608,0.2946961080613008,0.06892364008963187,0.09564982470240616,0.5562781764939589,0.8417306376718622
B3,0.2,1.5,0.05,True,True,True,63,192,0.19859502899172807,0.27811301990294235,0.0626247096694662,0.08679381241536557,0.5687357855186084,0.8514390834230944
B3,0.2,1.6,0.05,True,True,True,63,192,0.1912233964473371,0.26230744309545895,0.05804999712860531,0.0789910163741602,0.5676809460327832,0.8601597844825316
B3,0.2,1.7,0.05,True,True,True,32,192,0.12147458562837016,0.24843155090564195,0.034520395835303364,0.07255343615479892,0.31423979563990123,0.867517063014426
B3,0.2,1.8,0.05,True,True,True,32,192,0.11940161243422587,0.2278968016350965,0.0326444088773683,0.0650472967564153,0.31642791159481076,0.8675041201410345
B3,0.2,1.9,0.05,True,True,True,32,192,0.10807460970593184,0.21688552678505302,0.02837489067931337,0.060511588820945095,0.3183711515364035,0.8725940395384189
B3,0.2,2.0,0.05,True,True,True,32,192,0.09956408735143696,0.20690373102542203,0.025874421304664524,0.05659168182652774,0.3199875250055346,0.8770441776759406
B3,0.25,0.1,0.05,True,True,True,31,192,0.5669935908764946,0.9950634541166044,0.4553503882518495,0.8677703510341328,0.026007289111863154,0.06259171639498565
B3,0.25,0.2,0.05,True,True,True,63,192,0.7808196143676162,0.97970047612602,0.6517021409384919,0.8526803140984414,0.08068503343897712,0.1342222600951123
B3,0.25,0.3,0.05,True,True,True,95,192,0.8852241013837108,0.948068482278101,0.7479750905508674,0.8259527175167439,0.13973869887269008,0.20892325594724426
B3,0.25,0.4,0.05,True,True,True,127,192,0.8493432661048219,0.8840274648785706,0.7363694629407862,0.7700175105501995,0.2483352889232479,0.304501354746666
B3,0.25,0.5,0.05,True,True,True,96,192,0.6711806543981367,0.7800543766881122,0.5731704943972431,0.6410375660608294,0.3236367177784396,0.4312415003439963
B3,0.25,0.6,0.05,True,True,True,96,192,0.557011444338103,0.6372142724787397,0.40502161185166,0.4436253380866491,0.46399161722683246,0.5780713280244397
B3,0.25,0.7,0.05,True,True,True,95,192,0.44661716783530064,0.5236106226726074,0.2560011854277493,0.2898664061228047,0.5345977260956786,0.6767535191987188
B3,0.25,0.8,0.05,True,True,True,63,192,0.3283727981546871,0.45387707171660097,0.15286141034869868,0.20393061015287378,0.49037868781563326,0.720317612125355
B3,0.25,0.9,0.05,True,True,True,63,192,0.301066627137728,0.40520451183366024,0.11925576510860375,0.15716715517798988,0.5087132552061487,0.7795500930413952
B3,0.25,1.0,0.05,True,True,True,63,192,0.27838467292277147,0.3678594228628733,0.09705074406849196,0.12885972863438971,0.5250899067552242,0.7985995208168531
B3,0.25,1.1,0.05,True,True,True,63,192,0.2450837207284994,0.339421239059725,0.07842817823329029,0.10956968640224732,0.547102572091032,0.8201172461133506
B3,0.25,1.2,0.05,True,True,True,63,192,0.23145303268306983,0.3153783472812894,0.06920834658464667,0.0956981323411693,0.547858228649691,0.8365206028965467
B3,0.25,1.3,0.05,True,True,True,63,192,0.20990620186407652,0.2944501936177463,0.06027745338529028,0.08506447393122596,0.5546841370762516,0.8480410176990314
B3,0.25,1.4,0.05,True,True,True,63,192,0.20350881697539425,0.27658695646290604,0.0566746941319185,0.07683699019043452,0.582323608344252,0.8588925499073193
B3,0.25,1.5,0.05,True,True,True,63,192,0.19261695377369814,0.26095181128928957,0.05052124984723169,0.07018222509530664,0.5786949416249257,0.8678612476145664
B3,0.25,1.6,0.05,True,True,True,63,192,0.17543033464675287,0.2469612575390612,0.045042605669429,0.06467648273884613,0.579404304980123,0.8755675245780463
B3,0.25,1.7,0.05,True,True,True,63,192,0.18428993902655347,0.2347218028138303,0.04577753701031942,0.060046880722051554,0.6144866578326795,0.8819774186404201
B3,0.25,1.8,0.05,True,True,True,63,192,0.16672019105832742,0.22356628479444393,0.04121714192088405,0.056086057173219184,0.5834169766049001,0.8876194334295874
B3,0.25,1.9,0.05,True,True,True,63,192,0.15703177984574118,0.21363442030636634,0.03714825419012133,0.052655356806912856,0.5736760236736018,0.8924657971213241
B3,0.25,2.0,0.05,True,True,True,63,192,0.1522261958085006,0.2045652666328861,0.03565003771953201,0.04963144956312035,0.6025005375597161,0.8967325708303191
B3,0.3,0.1,0.05,True,True,True,31,192,0.5434722455225705,0.9943788486515212,0.4383962327612345,0.8682261787231494,0.02680333265788625,0.0610098846370906
B3,0.3,0.2,0.05,True,True,True,63,192,0.7788114634222374,0.9751698221235255,0.6432980580168841,0.848860717375392,0.08748176518506831,0.14609453813151885
B3,0.3,0.3,0.05,True,True,True,96,192,0.8458536022074736,0.9263117070529558,0.7168153739866152,0.8088517244213504,0.16798622798923937,0.2379459516367314
B3,0.3,0.4,0.05,True,True,True,96,192,0.7241006896536926,0.8141642685687662,0.6299287313268898,0.6826698696095408,0.3160586609801158,0.36662471373518796
B3,0.3,0.5,0.05,True,True,True,127,192,0.5985076855039382,0.6377522113285072,0.4050673679097979,0.4253525776357544,0.4778214647751887,0.549452704167034
B3,0.3,0.6,0.05,True,True,True,95,192,0.44380858682256935,0.522873590407688,0.21789363061033845,0.24690999611040992,0.5287205900368175,0.6605065360619252
B3,0.3,0.7,0.05,True,True,True,95,192,0.38936209329134264,0.44808239389046756,0.1465825293773907,0.16844207629825203,0.5773803040700143,0.7230177762194274
B3,0.3,0.8,0.05,True,True,True,95,192,0.34744603793001033,0.4027576663010564,0.11181180715425809,0.12912406533899456,0.6066305114912947,0.7583344360659215
B3,0.3,0.9,0.05,True,True,True,95,192,0.327263176381393,0.36817137072251493,0.09202363491558307,0.10621493920199404,0.6233644158877995,0.7838110837195537
B3,0.3,1.0,0.05,True,True,True,95,192,0.2999263100002213,0.33983230147341337,0.08219352240545247,0.09111943916915496,0.6471652831536303,0.8036869582107076
B3,0.3,1.1,0.05,True,True,True,64,192,0.2232806510454593,0.31578724200463637,0.05465832186490788,0.08026882283263306,0.4826193048538958,0.8196548763252407
B3,0.3,1.2,0.05,True,True,True,64,192,0.2163436914395903,0.29496979732715284,0.05186032543818603,0.07198158385637135,0.49458183029875286,0.8324833470691181
B3,0.3,1.3,0.05,True,True,True,64,192,0.19940771101659113,0.27678987574870484,0.046350658340124196,0.06540146706255609,0.5050786068483702,0.8427644201747413
B3,0.3,1.4,0.05,True,True,True,64,192,0.19464803290895344,0.2607346568122765,0.04375588571195549,0.060011250213390765,0.5148245895221324,0.8514237711887893
B3,0.3,1.5,0.05,True,True,True,64,192,0.18592195535295156,0.2464709828179465,0.041330963868337386,0.05550084634971442,0.5156970611108547,0.8588526555199476
B3,0.3,1.6,0.05,True,True,True,64,192,0.17617951661483794,0.23371956988027653,0.03920157428964621,0.051657944840066,0.5177081707127195,0.8650020140023164
B3,0.3,1.7,0.05,True,True,True,63,192,0.1747800611807332,0.2222461343339314,0.039513024272632896,0.049923896242346735,0.6253708528948071,0.8701641726950492
B3,0.3,1.8,0.05,True,True,True,63,192,0.15773230492212215,0.21186945124016268,0.035864048663015194,0.048318281173752475,0.581755993093108,0.8745782084192101
B3,0.3,1.9,0.05,True,True,True,63,192,0.14391263286149353,0.20243288426115638,0.03454591178551042,0.04681579284602458,0.569194622843474,0.8784042338825512
B3,0.3,2.0,0.05,True,True,True,63,192,0.15011708830940945,0.19383304844668064,0.035206017644770715,0.045409850045354166,0.6252890596551689,0.8816972823163289
B3,0.35,0.1,0.05,True,True,True,31,192,0.5660589303199722,0.9931785046032374,0.4482785706046253,0.8646924085766731,0.02905169546309884,0.06367040477776967
B3,0.35,0.2,0.05,True,True,True,95,192,0.8845005594236691,0.9655349302821333,0.7519183609150546,0.8413810748707979,0.1207802590378565,0.16440530374795198
B3,0.35,0.3,0.05,True,True,True,96,192,0.7528791998072503,0.8694632862255801,0.6582395664658379,0.7337311792033359,0.21710230928703758,0.30545805726709346
B3,0.35,0.4,0.05,True,True,True,96,192,0.5587389793285426,0.6280624607376964,0.3237702158956399,0.35743227453601906,0.4170228427232734,0.5249062549704768
B3,0.35,0.5,0.05,True,True,True,127,192,0.4687409180824737,0.5060887181818833,0.16283866178220371,0.17354966414323175,0.5779924051421093,0.6675189844638942
B3,0.35,0.6,0.05,True,True,True,127,192,0.4191927534505443,0.4456547039453602,0.10839320687410883,0.11599257842179964,0.6271728836670147,0.7125128861582243
B3,0.35,0.7,0.05,True,True,True,96,192,0.3292411984306807,0.40592852628594384,0.08217610479717574,0.0975478912730556,0.559064505028672,0.7477461878894527
B3,0.35,0.8,0.05,True,True,True,95,192,0.3208603579142104,0.37381558884060206,0.07977484603186136,0.09117144732136545,0.616505729629012,0.7751334294113434
B3,0.35,0.9,0.05,True,True,True,95,192,0.2830266184334953,0.34653135303924687,0.07231238047366603,0.08429157286725034,0.6282859295033225,0.7967475846899125
B3,0.35,1.0,0.05,True,True,True,95,192,0.2677184063996019,0.32302713891745527,0.06588250783696761,0.07779500696766775,0.636017683311614,0.8145121702687593
B3,0.35,1.1,0.05,True,True,True,95,192,0.26850482382251156,0.30238536702754076,0.06452447959362687,0.07188802748415532,0.6652824453040844,0.8287318442849931
B3,0.35,1.2,0.05,True,True,True,64,192,0.18863970899688928,0.28419394598030867,0.046974327905728364,0.06662983847605691,0.49581374620353424,0.8402522738027286
B3,0.35,1.3,0.05,True,True,True,96,192,0.22393221220212078,0.2680443729946453,0.05301520301956547,0.06197722697266453,0.652702053579769,0.8497092735576398
B3,0.35,1.4,0.05,True,True,True,64,192,0.18117785681975956,0.25361074710376263,0.04256655526027259,0.05786054091199841,0.512022880835671,0.8572630534986764
B3,0.35,1.5,0.05,True,True,True,64,192,0.17991000601024867,0.24064969499678743,0.04160083169746362,0.055586034695149986,0.5287837549075876,0.864964242743888
B3,0.35,1.6,0.05,True,True,True,64,192,0.1676647372028547,0.22898390770529423,0.03996244644807838,0.05378857354933485,0.5357580405801423,0.8715602485844919
B3,0.35,1.7,0.05,True,True,True,64,192,0.16074417251870537,0.21871233413722005,0.038337412291425677,0.05216129501870742,0.5271659422883356,0.8765279536859487
B3,0.35,1.8,0.05,True,True,True,64,192,0.14723395416306562,0.20912837757140218,0.033724005426112744,0.05058999840316915,0.5295275624585181,0.8814913017930283
B3,0.35,1.9,0.05,True,True,True,63,192,0.14755674710149527,0.2078320217973055,0.034988123485247075,0.05057754796395167,0.6133850304273226,0.8903953368012925
B3,0.35,2.0,0.05,True,True,True,64,192,0.13523282139437875,0.1994555501657094,0.032996090712462234,0.049055343130698634,0.5368343394990495,0.8939429782345978
B3,0.4,0.1,0.05,True,True,True,31,192,0.5209130894198039,0.9911843913729733,0.42703018714374175,0.8643357099266731,0.03531525051000656,0.0822963200768326
B3,0.4,0.2,0.05,True,True,True,95,192,0.8206132482765924,0.9145661361637705,0.6961041702980886,0.7856028466159415,0.15192654816595066,0.21643793383696958
B3,0.4,0.3,0.05,False,False,False,128,192,0.5164975343601312,0.551964227613981,0.16131215995329234,0.1725789306291893,0.46852184899814986,0.554731919072386
B3,0.4,0.4,0.05,True,False,False,128,192,0.4526117677280381,0.4724148280859258,0.13759784038064957,0.14218032840386818,0.5572902311096524,0.6341890679146571
B3,0.4,0.5,0.05,True,True,True,127,192,0.40347405312753404,0.4364854284238053,0.12731594759809392,0.13459425386640303,0.616116728217592,0.6868539181670277
B3,0.4,0.6,0.05,True,True,True,127,192,0.38282120429723004,0.404552485878339,0.11719769683773376,0.12218780892942765,0.6387351819821667,0.7293437516650398
B3,0.4,0.7,0.05,True,True,True,127,192,0.3534385062502652,0.37505007051291983,0.10403786412340452,0.10973765322913831,0.6806200449234121,0.7637323006551789
B3,0.4,0.8,0.05,True,True,True,95,192,0.28570630875927117,0.3503473603528443,0.08470817045619,0.09883792488820739,0.6126491312000109,0.7730383616578524
B3,0.4,0.9,0.05,True,True,True,95,192,0.26840543924787563,0.3260283056356814,0.07694765095385403,0.08906406106240441,0.6509468767158324,0.7950995921037867
B3,0.4,1.0,0.05,True,True,True,95,192,0.26772899259599847,0.304570684598732,0.07230985399265027,0.08074084568950982,0.6583678426151096,0.8125933576320522
B3,0.4,1.1,0.05,True,True,True,95,192,0.2503156351996924,0.28564980319478417,0.0663444545547294,0.07367531307818018,0.6749983736893728,0.8268892073858974
B3,0.4,1.2,0.05,True,True,True,96,192,0.2280452957414303,0.2687443488686312,0.05892442512850721,0.06762637101240201,0.6520364985919381,0.8386721005507208
B3,0.4,1.3,0.05,True,True,True,96,192,0.21711794297030595,0.2520918723330333,0.054248732453235304,0.062162997298268824,0.6480727130534604,0.8660133183760358
B3,0.4,1.4,0.05,True,True,True,64,192,0.18088783694380747,0.23866143745053217,0.04492964446476502,0.05768272267633792,0.5158997441629518,0.8745213442794043
B3,0.4,1.5,0.05,True,True,True,96,192,0.2017054736614542,0.22661172566289073,0.04878710574162437,0.054848822320392815,0.7206229099044125,0.8817392717184057
B3,0.4,1.6,0.05,True,True,True,64,192,0.15841571541420085,0.21572521860097513,0.03821348668893422,0.053053520140032284,0.5230174099543508,0.8879565776681929
B3,0.4,1.7,0.05,True,True,True,95,192,0.18391550086707475,0.20585978064124083,0.046186218780900054,0.05134693474588416,0.7222509414009312,0.8931635232732534
B3,0.4,1.8,0.05,True,True,True,64,192,0.14675024727969208,0.19686145347815434,0.035855132024113126,0.049773128703656425,0.5360578765857971,0.8978409547488618
B3,0.4,1.9,0.05,True,True,True,64,192,0.1434115033594337,0.18863739647440922,0.03525557500582091,0.04829067736415729,0.5320960243558657,0.9018475799441288
B3,0.4,2.0,0.05,True,True,True,95,192,0.16509214023737834,0.18239492782912095,0.04244374063602106,0.04768351971568065,0.718520875538144,0.883575795187792
B3,0.45,0.1,0.05,True,True,True,96,192,0.923979744961588,0.9614233610960519,0.7742922228029914,0.8381881939636698,0.049185978695951524,0.11243403530117013
B3,0.45,0.2,0.05,False,False,False,128,192,0.45610022661144145,0.4845710330022579,0.19048464399564724,0.20091536120563563,0.47912225818552023,0.5292613844149234
B3,0.45,0.3,0.05,True,True,True,128,192,0.43102280983977376,0.4645389741687735,0.17948983893396944,0.1875460602246539,0.5258540096299349,0.5891117356907024
B3,0.45,0.4,0.05,True,True,True,128,192,0.42325678368203135,0.44213942591458866,0.16355472392228262,0.16879102432952522,0.5597397649465882,0.6475911980104585
B3,0.45,0.5,0.05,True,True,True,128,192,0.3848313905484195,0.4240713965585887,0.14119332701037882,0.1507321849512788,0.598015844389986,0.7030759776709432
B3,0.45,0.6,0.05,True,True,True,127,192,0.36119320148082745,0.3834656812587445,0.12437584276746147,0.1303289775681977,0.6558476940534668,0.7342664500804985
B3,0.45,0.7,0.05,True,True,True,127,192,0.3380063265613834,0.3688023622858157,0.10998837634568162,0.11679152425611677,0.6713534228000753,0.7847600598211253
B3,0.45,0.8,0.05,True,True,True,96,192,0.2646937229955626,0.34268833660691567,0.08581709342858646,0.1033557756308531,0.5778482855762086,0.8130051685458901
B3,0.45,0.9,0.05,True,True,True,95,192,0.25760694181205096,0.31820891143601726,0.07884283150037005,0.09201831964419804,0.6325661518069761,0.8301538282740522
B3,0.45,1.0,0.05,True,True,True,96,192,0.2438899301143116,0.287848073287817,0.07116567227199308,0.08108200854950237,0.6449695794636676,0.8240281952472415
B3,0.45,1.1,0.05,True,True,True,96,192,0.22930187184889672,0.27038568499276916,0.0642427192107888,0.073561219602643,0.6318193244045223,0.8355385962284256
B3,0.45,1.2,0.05,True,True,True,96,192,0.2116371247623816,0.2550861505462492,0.05783011495455892,0.067296268900747,0.6558711657913139,0.8450056115972349
B3,0.45,1.3,0.05,True,True,True,95,192,0.21058794334130734,0.24140128991104368,0.0543724173083551,0.061978259710205263,0.6973787972704524,0.8528010879401492
B3,0.45,1.4,0.05,True,True,True,95,192,0.20884842357442968,0.2292755251420262,0.05352123090044003,0.057765498585308314,0.7142285163071554,0.8592130419231359
B3,0.45,1.5,0.05,True,True,True,95,192,0.18995914812595088,0.22402559080749418,0.04728490377342218,0.05680333701683592,0.7004513628588553,0.8816681172270969
B3,0.45,1.6,0.05,True,True,True,64,192,0.15692069248820717,0.21383677842950644,0.038772510163519625,0.05503506612189202,0.5386894747985795,0.8876415075236792
B3,0.45,1.7,0.05,True,True,True,64,192,0.1546687314107527,0.2045598818622919,0.03892757114886175,0.05335635405187954,0.5347074416287911,0.8928422258435366
B3,0.45,1.8,0.05,True,True,True,95,192,0.1607986132187026,0.19607817022958676,0.04109194664977736,0.05177889950537885,0.6981355604729511,0.8973933946710113
B3,0.45,1.9,0.05,True,True,True,64,192,0.13394190078186166,0.18829066627418517,0.03444966614711964,0.05029426881103839,0.53414344094962,0.9013919090178708
B3,0.45,2.0,0.05,True,True,True,95,192,0.15338971383246258,0.18114217775982827,0.039948321577765525,0.04888308323116512,0.721141475877972,0.9049649520011066
B3,0.5,0.1,0.05,False,False,False,128,192,0.547398343259037,0.5554902645437906,0.22065903411194418,0.22612721917367998,0.4471255517729922,0.4800579860914854
B3,0.5,0.2,0.05,False,False,False,127,192,0.49469152732397087,0.5080937944698476,0.20290737255380184,0.21290266980721018,0.4765383872335581,0.5373769758936008
B3,0.5,0.3,0.05,True,True,True,127,192,0.4306425911408303,0.45311312682332305,0.1848556074033664,0.19389945644632806,0.5247084543287786,0.5967360248906064
B3,0.5,0.4,0.05,True,True,True,128,192,0.39832855974028525,0.4254178091528064,0.16429708149933492,0.17164882605260504,0.5488554152369597,0.6526831832575075
B3,0.5,0.5,0.05,True,True,True,127,192,0.3766674693700509,0.3960715931844207,0.1443610775160425,0.14972408204672827,0.6196435762025565,0.7042436275275916
B3,0.5,0.6,0.05,True,True,True,127,192,0.34306471427168506,0.36769387113191004,0.12332664213730324,0.13019858679213145,0.647485257643635,0.7480068099013084
B3,0.5,0.7,0.05,True,True,True,127,192,0.31765749892136996,0.34147214214749344,0.10757299914460974,0.1137491000304022,0.6946316185996153,0.7828723277063727
B3,0.5,0.8,0.05,True,True,True,127,192,0.2901342548797994,0.3180335664469316,0.09446884103625766,0.10024623187992754,0.7153991433610488,0.8106102709205109
B3,0.5,0.9,0.05,True,True,True,128,192,0.2720880812581604,0.29662891163411237,0.08373140622456718,0.08914639978411615,0.7256746324834553,0.8301592845827717
B3,0.5,1.0,0.05,True,True,True,96,192,0.23298455970130744,0.277587317819384,0.06971418995428161,0.08003267990710475,0.6254926345496078,0.8443351307362706
B3,0.5,1.1,0.05,True,True,True,96,192,0.22106651584185463,0.26106277617719476,0.06299733002000887,0.0725541933076021,0.6424191008016136,0.8557026857825252
B3,0.5,1.2,0.05,True,True,True,95,192,0.1958506900761501,0.24639269918354292,0.055632565157520186,0.06630933554991342,0.6781150684655445,0.864144599460852
B3,0.5,1.3,0.05,True,True,True,96,192,0.1974021367760353,0.23346259520952434,0.05303705652356949,0.061064458154407086,0.6738033489567079,0.8708821505599177
B3,0.5,1.4,0.05,True,True,True,96,192,0.1772909911583258,0.22330124935157775,0.04733639911532772,0.05876977589582155,0.6488050602434068,0.8731857578510793
B3,0.5,1.5,0.05,True,True,True,96,192,0.17450440715446813,0.21306089103272352,0.04606856753321417,0.056925688091718565,0.6790719929499172,0.8798561640744647
B3,0.5,1.6,0.05,True,True,True,95,192,0.1805519586176717,0.2037351581755802,0.047489456861338375,0.055168952812066255,0.7358134110315782,0.8857037439301276
B3,0.5,1.7,0.05,True,True,True,95,192,0.17120359707090305,0.19545183163373886,0.04527626398048787,0.05362209920923938,0.7301050186463249,0.8905386566736297
B3,0.5,1.8,0.05,True,True,True,95,192,0.15891248312605538,0.18764661372162586,0.04284851393312236,0.05206223488116481,0.7203611275246233,0.8950130155533776
B3,0.5,1.9,0.05,True,True,True,64,192,0.13833055750240333,0.18045858852044788,0.038248159335055126,0.05059561967982315,0.5654509058243601,0.8989504143741451
B3,0.5,2.0,0.05,True,True,True,64,192,0.1313523244838845,0.17387247113214332,0.03473472043212256,0.049205371910718027,0.5430986363314808,0.9024668540154126
B3,0.55,0.1,0.05,False,False,False,64,192,0.6919872425774101,0.9486996820244162,0.25862276519377136,0.35558821470252605,0.07028769099477084,0.10265135276817092
B3,0.55,0.2,0.05,False,False,False,128,192,0.44207745645081525,0.4608628867730888,0.1941540906876827,0.20211473104626781,0.4842773358429087,0.5351573819515618
B3,0.55,0.3,0.05,True,False,False,128,192,0.3908318707699334,0.4382132785808379,0.17276838728220606,0.18512789429349086,0.515511656242145,0.5983589414414142
B3,0.55,0.4,0.05,True,True,True,128,192,0.3582081508058528,0.409408127187541,0.1520202615461821,0.16328166340228353,0.5643313982702904,0.6717835029540549
B3,0.55,0.5,0.05,True,True,True,128,192,0.36004167247961405,0.37718028622160943,0.1363603417702224,0.14152900689149925,0.6359693331061597,0.7232206997370875
B3,0.55,0.6,0.05,True,True,True,128,192,0.3163369835676111,0.34709227819145755,0.11523512674354114,0.12256843205762924,0.6526854398025577,0.7646005308792779
B3,0.55,0.7,0.05,True,True,True,127,192,0.3026818842436837,0.32049599283658176,0.10292282488855906,0.10690693053958908,0.7023600507923891,0.7967748966908775
B3,0.55,0.8,0.05,True,True,True,127,192,0.2822084568982906,0.297466255170424,0.09024492576274024,0.09422094637913786,0.7249934234091808,0.8213984383166024
B3,0.55,0.9,0.05,True,True,True,127,192,0.26465543648133555,0.2776496048987427,0.08070830919255734,0.08396777351427545,0.7439135166477331,0.8402698161294223
B3,0.55,1.0,0.05,True,True,True,96,192,0.21614468594880867,0.26066860433468225,0.06535234285284994,0.07564535222650862,0.6306938020749705,0.8552988846579399
B3,0.55,1.1,0.05,True,True,True,95,192,0.20835594305064858,0.24590043108277965,0.06005128714821234,0.068797771080262,0.6720985160329556,0.8674163045499085
B3,0.55,1.2,0.05,True,True,True,96,192,0.19820897287145292,0.2331917017431926,0.055118500914827645,0.06313901064543154,0.6360541898063568,0.8782359462082648
B3,0.55,1.3,0.05,True,True,True,96,192,0.18580092659022687,0.22178913690310836,0.050557651110625046,0.06079425495681068,0.6513454123357508,0.8870175837777907
B3,0.55,1.4,0.05,True,True,True,95,192,0.17680604240459358,0.21111342677933598,0.04849468525985903,0.0584643630879844,0.6922383942184515,0.8929805837222488
B3,0.55,1.5,0.05,True,True,True,95,192,0.17209789528437833,0.20196491870047506,0.048132452644859824,0.05663072950966874,0.7069366662939617,0.8994315022563623
B3,0.55,1.6,0.05,True,True,True,95,192,0.17080721313532454,0.19437513091436692,0.047809475078597355,0.05608343387685753,0.7031428441295552,0.906708107395981
B3,0.55,1.7,0.05,True,True,True,95,192,0.1669769050454752,0.18671787037152843,0.04830700898737732,0.05447306648309558,0.7075209191848769,0.9118193267561561
B3,0.55,1.8,0.05,True,True,True,64,192,0.13389796816580743,0.1766253853485206,0.036929391453282265,0.05151737403126533,0.5392581221902436,0.8995781654504299
B3,0.55,1.9,0.05,True,True,True,64,192,0.13194700411361504,0.17001272494232733,0.035789205613971656,0.050076027811843546,0.5347338568619547,0.9034814364166299
B3,0.55,2.0,0.05,True,True,True,64,192,0.12136035165034717,0.16393339221858105,0.03180834790037915,0.04865369965904871,0.534403108302858,0.9036263180765443
B3,0.6,0.1,0.05,True,True,True,32,192,0.4969854656429363,0.9768764043085257,0.17349348175712553,0.36520547854243834,0.02782168158362458,0.08464581623123699
B3,0.6,0.2,0.05,False,False,False,128,192,0.8446001139404854,0.899473642258497,0.31585318841736026,0.3345142335152944,0.19011780648329163,0.2317992221102158
B3,0.6,0.3,0.05,False,False,False,128,192,0.30803475907236766,0.3256916666072553,0.10181800294113985,0.10636176183055915,0.5055090877976158,0.5741462849253771
B3,0.6,0.4,0.05,False,True,False,128,192,0.3230721127288775,0.3549148116763781,0.12128674899400449,0.12838252648085086,0.5769476247823775,0.6595583562151094
B3,0.6,0.5,0.05,False,True,False,127,192,0.3093205790357594,0.33819487871107323,0.11227624774697809,0.11875279122324442,0.6356340299487683,0.7113331829370153
B3,0.6,0.6,0.05,True,True,True,127,192,0.2850311128206007,0.31713872667372983,0.09789104508287935,0.10635500577882895,0.6486226424891706,0.7518172779636368
B3,0.6,0.7,0.05,True,True,True,128,192,0.2718925613791546,0.2973505955811409,0.08931734280247719,0.09506383995761256,0.6673041775976016,0.784022833950257
B3,0.6,0.8,0.05,True,True,True,128,192,0.24752652801596825,0.27940352734358387,0.07819936526386953,0.08541307309306992,0.6979004565164525,0.8089148121415102
B3,0.6,0.9,0.05,True,True,True,127,192,0.2481389764230506,0.2633483880598344,0.07329807860622367,0.07730653441564911,0.7595370641700351,0.8285273251500156
B3,0.6,1.0,0.05,True,True,True,127,192,0.22400996544148827,0.24852758019345325,0.06503474753114341,0.07044115905025275,0.748640410612798,0.8439809704300628
B3,0.6,1.1,0.05,True,True,True,127,192,0.21375848152399615,0.23570455922785302,0.060547275503007675,0.06722174393178056,0.7445049610566944,0.8564188322178226
B3,0.6,1.2,0.05,True,True,True,127,192,0.19978170311449503,0.21964208438289823,0.057370157312593574,0.06333282882872998,0.7549654730671016,0.8770737655275113
B3,0.6,1.3,0.05,True,True,True,96,192,0.16995075453642333,0.20956620467707565,0.048430103094834864,0.06111418273879825,0.6381491088209554,0.8849999837278885
B3,0.6,1.4,0.05,True,True,True,96,192,0.17152225731601994,0.2002795929764596,0.05093266531021927,0.058986006612338326,0.6810626297261767,0.8910471974552342
B3,0.6,1.5,0.05,True,True,True,128,192,0.18347278223273578,0.19219177661024772,0.0544469310912674,0.05716757758140467,0.7645701278765713,0.8973651685505977
B3,0.6,1.6,0.05,True,True,True,95,192,0.16918851894572434,0.1854617455636538,0.05039549821612095,0.056319524566194476,0.7139746597727452,0.9047147008014053
B3,0.6,1.7,0.05,True,True,True,95,192,0.1638785769491647,0.17864687227240866,0.047920666277354404,0.0548799051096774,0.7244727042445405,0.9090245833336188
B3,0.6,1.8,0.05,True,True,True,95,192,0.15288912770290627,0.17795456860376213,0.04449824351052213,0.05425755561819183,0.713494466286562,0.9240738028325388
B3,0.6,1.9,0.05,True,True,True,96,192,0.142729271528997,0.1717677168985398,0.040861542746514906,0.052750888428023904,0.671523531039752,0.9281806896774487
B3,0.6,2.0,0.05,True,True,True,95,192,0.13618109739815212,0.1593958508482484,0.04154737008674264,0.050878454441073945,0.7108030767606295,0.8985013262099839
B3,0.65,0.1,0.05,True,True,True,32,192,0.5023958903622481,0.9820633999621846,0.17473831910296467,0.3667178084064511,0.02468598401009159,0.07375132273859167
B3,0.65,0.2,0.05,True,True,True,128,192,0.9167989809076585,0.9617722193396987,0.34117249651225934,0.3606576456030582,0.13902982013407936,0.1727557236097076
B3,0.65,0.3,0.05,False,False,False,128,192,0.7643092495022341,0.8200795986537794,0.2828933711111344,0.30257955496725586,0.2853795403418114,0.3512796391456119
B3,0.65,0.4,0.05,False,False,False,128,192,0.40626802257416433,0.44070855656337155,0.13292069186001024,0.14270905642049794,0.5293643000829271,0.5981041775277323
B3,0.65,0.5,0.05,False,True,False,128,192,0.24471419176404588,0.2764750293930982,0.07466496776278791,0.08598734445810399,0.6221578028478263,0.704366652764475
B3,0.65,0.6,0.05,True,True,True,128,192,0.24617263138733986,0.25912341343178263,0.07566738790412839,0.08114223595622277,0.6525039807154146,0.7563555384213316
B3,0.65,0.7,0.05,True,True,True,128,192,0.23210624971593014,0.2520273435993158,0.07131851295067568,0.07734280439725248,0.6941520764921383,0.7904988620658963
B3,0.65,0.8,0.05,True,True,True,128,192,0.227280627973306,0.24643962271990663,0.06758834804130638,0.07581055054661096,0.6857574840062195,0.8214588033054876
B3,0.65,0.9,0.05,True,True,True,128,192,0.22219534037224464,0.2363157540427244,0.0680665108441039,0.0729889073853537,0.7046692896315394,0.8422552098950787
B3,0.65,1.0,0.05,True,True,True,128,192,0.20020917448883996,0.2267833859907897,0.06112396408464482,0.07049285932135343,0.7160187695352811,0.8591139747985529
B3,0.65,1.1,0.05,True,True,True,127,192,0.2049045436785753,0.2178436425849531,0.06310831955362507,0.06818614221575015,0.7446240847183421,0.8729984338860283
B3,0.65,1.2,0.05,True,True,True,127,192,0.193421045448548,0.1991352799784952,0.0597074283782566,0.06271540810277161,0.7740043040484578,0.8596028879529961
B3,0.65,1.3,0.05,True,True,True,127,192,0.18351757254456008,0.19088687411435803,0.05845085300232938,0.06056486184287662,0.7768286505133316,0.8661406280701154
B3,0.65,1.4,0.05,True,True,True,96,192,0.16161699051727754,0.18316461865767472,0.049856131624602444,0.05848533626974598,0.651329789750348,0.8709659802292936
B3,0.65,1.5,0.05,True,True,True,96,192,0.14914206315559564,0.176371056943689,0.04501321949104525,0.05674640586376549,0.6585239810594247,0.8767597592372202
B3,0.65,1.6,0.05,True,True,True,95,192,0.14910639149896662,0.16976401432038912,0.04490909847143086,0.05489905285335754,0.6907570222049215,0.8795142441618249
B3,0.65,1.7,0.05,True,True,True,95,192,0.14895161143589308,0.1638665022182374,0.044811495327579595,0.05335991691426012,0.7032308556184392,0.8838419291351712
B3,0.65,1.8,0.05,True,True,True,96,192,0.13783853535777196,0.1583797879671756,0.04517028346892389,0.05191940531087144,0.662500826983851,0.8877535094077783
B3,0.65,1.9,0.05,True,True,True,95,192,0.15110876681332264,0.15319519070337276,0.04517200107119716,0.050537267324843885,0.7148392496119671,0.89104868564689
B3,0.65,2.0,0.05,True,True,True,95,192,0.13170702132004639,0.14837096212560372,0.04112417342507088,0.04924847654516652,0.7075495710004448,0.8941300062524045
B3,0.7,0.1,0.05,True,True,True,32,192,0.49062996660994285,0.9786075847964871,0.17275504618072013,0.3658996800292853,0.018753633747149237,0.07106150471266154
B3,0.7,0.2,0.05,True,True,True,64,192,0.7364161639277405,0.9604274414149574,0.2740194976985474,0.3591838432702564,0.09330467571484222,0.15328073683423726
B3,0.7,0.3,0.05,True,True,True,128,192,0.866676486360729,0.9157700730206874,0.3233090587038162,0.34252531820369514,0.2133797077994247,0.2693405967638767
B3,0.7,0.4,0.05,False,True,False,128,192,0.6971596188430667,0.7393905806373803,0.25720072833192015,0.270903798287089,0.3874107710129352,0.45172529230855935
B3,0.7,0.5,0.05,False,True,False,128,192,0.4610695356004456,0.48761811409533806,0.15843413202257214,0.16706120700055488,0.5364196673059601,0.6236299765177582
B3,0.7,0.6,0.05,False,True,False,128,192,0.3166596107665897,0.3521886904256894,0.09961674798889836,0.10980011515979654,0.6400926856047008,0.7268928951904068
B3,0.7,0.7,0.05,False,True,False,127,192,0.2641329604256116,0.2808618751733425,0.07758940547084384,0.08222607822251099,0.6801904789713646,0.7732883561121332
B3,0.7,0.8,0.05,True,True,True,128,192,0.22358018006697683,0.2424972519252316,0.06997269493461344,0.07688841078511188,0.7082839775757492,0.8047583573643818
B3,0.7,0.9,0.05,True,True,True,128,192,0.2031597885249322,0.217634936879663,0.06537620967580068,0.07385455926611642,0.7112112505632402,0.8273070588464329
B3,0.7,1.0,0.05,True,True,True,128,192,0.1863188615471888,0.20686895813692308,0.06368687548034084,0.07116883646946293,0.7247206575465853,0.8446005266532092
B3,0.7,1.1,0.05,True,True,True,127,192,0.189458635687555,0.20114482029638317,0.06557795921107246,0.06872830788791437,0.7513874656597692,0.8583767710781285
B3,0.7,1.2,0.05,True,True,True,127,192,0.1770320477046823,0.1951654587790094,0.0578484920248428,0.0664947987577171,0.7747263931551365,0.8696709611657069
B3,0.7,1.3,0.05,True,True,True,127,192,0.177103127288624,0.18918997833223228,0.060107700305854425,0.06442474889661717,0.7599229048806593,0.8790493239396592
B3,0.7,1.4,0.05,True,True,True,127,192,0.1686567306639672,0.1833638343184388,0.056219800219483265,0.06249677331536524,0.7758077155307499,0.8869816227759563
B3,0.7,1.5,0.05,True,True,True,96,192,0.14241784332060986,0.17773690127707895,0.04844359521179305,0.06069252788927103,0.6600164639629396,0.8937456587122433
B3,0.7,1.6,0.05,True,True,True,95,192,0.15018823659121086,0.17236057697370322,0.048266549486736726,0.05899139543078748,0.702110108017614,0.8997406511180824
B3,0.7,1.7,0.05,True,True,True,96,192,0.1378659585103868,0.16721900220394612,0.04582008298277755,0.0573891359029486,0.689527992769116,0.9049937954906768
B3,0.7,1.8,0.05,True,True,True,96,192,0.13103801724451136,0.16228807002823323,0.04354797084816028,0.05587716416685888,0.6617223793294985,0.9091733242032118
B3,0.7,1.9,0.05,True,True,True,96,192,0.13315789008575846,0.15761862307470947,0.045394439441768394,0.054441200815755875,0.6770594155408193,0.9132091072160404
B3,0.7,2.0,0.05,True,True,True,95,192,0.12867891057199113,0.15317265871906022,0.04364733649677119,0.0530810952577333,0.7277711003567467,0.9168316681368441
B3,0.75,0.1,0.05,True,True,True,32,192,0.48065055116201894,0.9884974839240366,0.16961729890812016,0.3689543579652953,0.018984814394228028,0.05704541074520071
B3,0.75,0.2,0.05,True,True,True,64,192,0.7637258290250993,0.9736602596393927,0.2792990936735654,0.3635848953111551,0.07710220151791783,0.13199657685277563
B3,0.75,0.3,0.05,True,True,True,128,192,0.8817779411265307,0.9382625190512494,0.33059322896823296,0.3516900923409323,0.1897448716124119,0.23403354672428428
B3,0.75,0.4,0.05,False,True,False,128,192,0.79927373210668,0.8441990919605821,0.29905563096586985,0.3146270370735382,0.2938811548959915,0.36133898312032475
B3,0.75,0.5,0.05,False,False,False,128,192,0.6329457864017608,0.6869328323027456,0.2326585095874171,0.24969707266899516,0.44812585636683305,0.5299416341429172
B3,0.75,0.6,0.05,False,True,False,128,192,0.4694710725263941,0.49474659922991243,0.16385596862004398,0.17211362666873736,0.5592516262906959,0.6495920301379544
B3,0.75,0.7,0.05,False,True,False,128,192,0.3581647222586763,0.37949335103313564,0.1185462252829643,0.12474667104204823,0.6647356211445595,0.7283145279502669
B3,0.75,0.8,0.05,True,True,True,127,192,0.2995447347513143,0.31182209386981485,0.09456865873689882,0.09774480251860537,0.6927499502701744,0.7736065769788779
B3,0.75,0.9,0.05,True,True,True,128,192,0.25376876768097534,0.2706767531367643,0.07704151054197617,0.08193050730721851,0.7171152771627618,0.8167848418605637
B3,0.75,1.0,0.05,True,True,True,127,192,0.22508038722565837,0.23614066129127165,0.0666386025678411,0.06999330794353037,0.7329287538888527,0.8154386239140843
B3,0.75,1.1,0.05,True,True,True,128,192,0.20549188043654817,0.2141319218344035,0.06259754701458503,0.0654356781817351,0.7114511137088986,0.8286514257451223
B3,0.75,1.2,0.05,True,True,True,128,192,0.18010648540097615,0.1970275630753153,0.057487983132114624,0.06304535440716799,0.7456427087612655,0.8387365015949139
B3,0.75,1.3,0.05,True,True,True,127,192,0.17603251597030217,0.18322959447740153,0.0570449808448925,0.06093426745406148,0.7523728357508047,0.846858557956492
B3,0.75,1.4,0.05,True,True,True,127,192,0.17122853558194315,0.17171943119233932,0.05838903758249748,0.059025299061828,0.764703753857607,0.8535873144504715
B3,0.75,1.5,0.05,True,True,True,127,192,0.15032622695251055,0.16192803801093106,0.0521095232768585,0.05728222327445273,0.7618601923662202,0.8592368541142557
B3,0.75,1.6,0.05,True,True,True,127,192,0.15590433949498203,0.15377150330791642,0.0555146468983829,0.0556620407817084,0.783861640949963,0.8640881985497828
B3,0.75,1.7,0.05,True,True,True,95,192,0.1305957289214347,0.14985918108074406,0.046889945809894765,0.05415042301272115,0.7160657806260557,0.8683053003199539
B3,0.75,1.8,0.05,True,True,True,127,192,0.14072708467099762,0.1460322318780868,0.05138860367618647,0.052730520618208224,0.7837837440540798,0.8720414624086748
B3,0.75,1.9,0.05,True,True,True,95,192,0.12361836549625362,0.14297477380614376,0.04559503023448028,0.05224176830080546,0.708400575148115,0.8980695841783318
B3,0.75,2.0,0.05,True,True,True,96,192,0.12461433802319725,0.13911303991017174,0.04339917150416535,0.05085201739649495,0.6780297901173544,0.9011086188153528
B3,0.8,0.1,0.05,True,True,True,32,192,0.48643135404196225,0.9902693652187144,0.17253043007073837,0.36888818539598456,0.023755105141960678,0.059045795224968764
B3,0.8,0.2,0.05,True,True,True,32,192,0.5143692015386659,0.9767913200311721,0.17890461191296325,0.36396051412542785,0.04201266417959455,0.12652498184393235
B3,0.8,0.3,0.05,True,True,True,128,192,0.9044862672260828,0.9419618970952626,0.33628987336524085,0.35201968635841074,0.16567315333358626,0.20731551415867425
B3,0.8,0.4,0.05,True,True,True,128,192,0.8346310721276459,0.8775164801182891,0.31235245860528815,0.3290554442461967,0.2580616670208205,0.3138998102362619
B3,0.8,0.5,0.05,True,True,True,128,192,0.7379690956871235,0.7734235960334005,0.2755537968550912,0.287269861418215,0.3787489662031619,0.44645248022863776
B3,0.8,0.6,0.05,False,True,False,128,192,0.6020091299190855,0.6260683312201979,0.21852561950768362,0.22731122637365125,0.5128342190575768,0.5755111658073223
B3,0.8,0.7,0.05,False,True,False,128,192,0.4667016242194724,0.4906663518836923,0.16367625637514974,0.17165920785909597,0.5829056563061055,0.6835388832136639
B3,0.8,0.8,0.05,True,True,True,127,192,0.36837020966191014,0.39471039898187815,0.12503543092392788,0.13276390968681162,0.6727235618664151,0.7457632805247466
B3,0.8,0.9,0.05,False,True,False,127,192,0.3241521612144401,0.33102001426588273,0.10525207986287327,0.10755046936109885,0.7076618679217018,0.7823562655188417
B3,0.8,1.0,0.05,True,True,True,128,192,0.2714607651405696,0.2880559535080299,0.08595400300519393,0.09096965140933733,0.695100427138843,0.8059331090998172
B3,0.8,1.1,0.05,True,True,True,128,192,0.2412868635383369,0.2575175771600463,0.0748429602167992,0.07950831418793727,0.7138616215688142,0.8235287998634437
B3,0.8,1.2,0.05,True,True,True,128,192,0.22922427084152036,0.23435415532369688,0.06918164644657246,0.07108773362458243,0.7528917894354199,0.8369236966936661
B3,0.8,1.3,0.05,True,True,True,128,192,0.207611559582504,0.21598933598591374,0.06185944240572111,0.06461079615964269,0.7366280041471904,0.8474695982339757
B3,0.8,1.4,0.05,True,True,True,127,192,0.1821950759535214,0.20092225354982665,0.05614686760368484,0.0602341153513903,0.7640781194461355,0.8560320448933658
B3,0.8,1.5,0.05,True,True,True,127,192,0.18009241383796468,0.18819243571429908,0.0554209735947751,0.05834705374805779,0.7699474495427645,0.8629770683760929
B3,0.8,1.6,0.05,True,True,True,127,192,0.17113889457100986,0.17729769761441055,0.05472144924704672,0.05662265528224457,0.7787198340463819,0.8689237977412139
B3,0.8,1.7,0.05,True,True,True,127,192,0.16156052936497348,0.16776347262158667,0.05393752622174883,0.05500567849489654,0.7720865087510242,0.8738904816770774
B3,0.8,1.8,0.05,True,True,True,96,192,0.13838515470318402,0.1592829055380575,0.04531755216871303,0.05346305740417223,0.6683165735811163,0.8779975393364361
B3,0.8,1.9,0.05,True,True,True,95,192,0.12125306357138721,0.15174186083448404,0.041909173962875385,0.05203018947678388,0.7108392165728241,0.8815089763631443
B3,0.8,2.0,0.05,True,True,True,95,192,0.12318963270735078,0.1449401003047797,0.0430659776204681,0.05067467709730113,0.6911327424504365,0.8844573974102704
B3,0.85,0.1,0.05,True,True,True,32,192,0.4859533060024712,0.9902268674230812,0.17182484986246283,0.368445391262148,0.017248001608002057,0.05018192368459662
B3,0.85,0.2,0.05,True,True,True,32,192,0.502346311501474,0.9783830011710029,0.17694070758025815,0.3638632918806677,0.04985663690002849,0.11230137027477835
B3,0.85,0.3,0.05,True,True,True,128,192,0.9075510680560481,0.9484664012862204,0.34004341118007486,0.35533933991066424,0.15987250849347426,0.19152372967291964
B3,0.85,0.4,0.05,True,True,True,96,192,0.815262626303635,0.9079788382924524,0.3031636700531241,0.3400404635645891,0.19771670315442036,0.2832732355721312
B3,0.85,0.5,0.05,True,True,True,128,192,0.7967846180246881,0.8366081818811499,0.297986745500093,0.3116111131622543,0.3244137561556615,0.39390762951384906
B3,0.85,0.6,0.05,False,True,False,128,192,0.6779436317797447,0.7275420745995554,0.25177386678218416,0.2673218997392268,0.4384745300936466,0.5186648093722225
B3,0.85,0.7,0.05,False,True,False,128,192,0.5573038981481504,0.6013491389570381,0.20193815580330365,0.21578122152189735,0.539747314617756,0.6320907005266734
B3,0.85,0.8,0.05,False,True,False,127,192,0.45489791351849945,0.49286034468615003,0.1602072214906727,0.17150744552057892,0.6216353933767955,0.7138098019152519
B3,0.85,0.9,0.05,True,True,True,128,192,0.3848203957083361,0.41558848304292684,0.13068135081375698,0.14027697047457022,0.667577838700517,0.7757003812908977
B3,0.85,1.0,0.05,True,True,True,127,192,0.3237271974185275,0.3589546506108573,0.10773638692781107,0.11774737367487484,0.6936800996862218,0.813501580588846
B3,0.85,1.1,0.05,True,True,True,128,192,0.2849971166098574,0.31792847188934287,0.09221937003861516,0.10178127563674194,0.6869407765179069,0.8404443504493114
B3,0.85,1.2,0.05,True,True,True,127,192,0.25297143383280773,0.2738241749328776,0.08072350035951331,0.0865447497361328,0.7156590087311021,0.8176308563634266
B3,0.85,1.3,0.05,True,True,True,127,192,0.23669715483744524,0.25004582818779403,0.07392146506244954,0.07771863676838822,0.7541827959723956,0.8304549229799303
B3,0.85,1.4,0.05,True,True,True,127,192,0.21641768579032994,0.2308262133809922,0.06625610959129352,0.07075781183913171,0.7444364955909916,0.8404740377685175
B3,0.85,1.5,0.05,True,True,True,128,192,0.2077432848888506,0.21488942607681644,0.06308846606968568,0.06511425069812068,0.7478418581791741,0.8485938539154527
B3,0.85,1.6,0.05,True,True,True,127,192,0.19436771380658505,0.2013848573196301,0.058044211969973614,0.06042870670234479,0.770357419498998,0.8553097106334699
B3,0.85,1.7,0.05,True,True,True,127,192,0.1819264070837358,0.19941719932956148,0.05521266832187696,0.06147547418589633,0.7693628840664564,0.9078203451462434
B3,0.85,1.8,0.05,True,True,True,127,192,0.1715028369310847,0.18887047642549623,0.05326292850980438,0.059779257105267825,0.7630955155422519,0.9137933481922265
B3,0.85,1.9,0.05,True,True,True,96,192,0.1444452485082547,0.17956330885054397,0.04589345167682002,0.05820660735904845,0.6693007216312481,0.9192999970415519
B3,0.85,2.0,0.05,True,True,True,96,192,0.13842701892578002,0.16073905618281448,0.043783960638253336,0.05222686602859351,0.7083227370899516,0.8728236323061691
B3,0.9,0.1,0.05,False,True,False,31,192,0.5737425146755033,0.9905191973721239,0.2008275067079982,0.36863952310349296,0.023554480752464663,0.04918639890302196
B3,0.9,0.2,0.05,True,True,True,32,192,0.5145460040155597,0.9802784156864194,0.17782024613260045,0.36474792410425294,0.030539284710845258,0.10655849764784062
B3,0.9,0.3,0.05,True,True,True,64,192,0.7431049230119617,0.9600444266665403,0.270577332506696,0.35733500248547734,0.10366238359685809,0.1720578500096643
B3,0.9,0.4,0.05,True,True,True,128,192,0.8787312855932433,0.9213838532968713,0.3283528921054466,0.34517808654391685,0.209778041413539,0.25780780751757837
B3,0.9,0.5,0.05,True,True,True,128,192,0.8236927383060201,0.8670077529856576,0.307268159414678,0.32388124593327405,0.2890971170676316,0.35421006429539814
B3,0.9,0.6,0.05,True,True,True,128,192,0.7345949511745943,0.7851036614876584,0.27460914779600565,0.29089561483890225,0.3764189135500982,0.4634192979171864
B3,0.9,0.7,0.05,False,True,False,128,192,0.6385297089347552,0.6790813538623648,0.2354191811663196,0.24790148450347133,0.4681966481471479,0.5737920053840343
B3,0.9,0.8,0.05,True,True,True,128,192,0.5375275520677646,0.5720448168825931,0.19346150683356725,0.20431516383327925,0.5869124192522358,0.6660243578027115
B3,0.9,0.9,0.05,False,True,False,128,192,0.44977065057064,0.46790599750727035,0.15788007499129095,0.16418714772113174,0.6120400503203172,0.7279328523190765
B3,0.9,1.0,0.05,True,True,True,127,192,0.36775371987707267,0.3990390645420243,0.12740166473185435,0.1366527035099804,0.6663918199445906,0.7729645882001719
B3,0.9,1.1,0.05,True,True,True,128,192,0.3372862852796297,0.34730327242433356,0.11224081815247897,0.11630546499120634,0.6979660486567587,0.8035905862091725
B3,0.9,1.2,0.05,True,True,True,127,192,0.2955822208026151,0.3078177428096998,0.09710577957554767,0.10108508089341459,0.7130082777264435,0.8245383709990881
B3,0.9,1.3,0.05,True,True,True,127,192,0.274694197754792,0.27699581511707777,0.08802341911239864,0.08944266467815953,0.7496782556947037,0.8388178286012149
B3,0.9,1.4,0.05,True,True,True,128,192,0.24871794417423312,0.2515389763243496,0.07874335346445671,0.08008315062003762,0.7554521586715078,0.8474606840753527
B3,0.9,1.5,0.05,True,True,True,127,192,0.23255784480338712,0.23322824742212628,0.07264685240020807,0.07319510629599396,0.7786991038723681,0.8565415149752328
B3,0.9,1.6,0.05,True,True,True,127,192,0.22408944581333562,0.2180799440271973,0.06818468363306301,0.06760597891385917,0.7753313580885445,0.848788007467842
B3,0.9,1.7,0.05,True,True,True,127,192,0.19871900077894003,0.20745876936968238,0.0608687733559051,0.06354360638690057,0.7564745492527789,0.85563418629072
B3,0.9,1.8,0.05,True,True,True,128,192,0.1908268392057592,0.1954753020233171,0.057858894400523164,0.05935355325429939,0.7817755825449886,0.8609065336925895
B3,0.9,1.9,0.05,True,True,True,127,192,0.1809125141597956,0.18498716746645394,0.05435027604693474,0.055737825539398655,0.7821392299745489,0.865512567725677
B3,0.9,2.0,0.05,True,True,True,95,192,0.15619549115517395,0.17570839984941747,0.046945007080856416,0.05258034287216398,0.7045647586146627,0.8694449846618999
B3,0.95,0.1,0.05,False,True,False,31,192,0.5478821532967806,0.9958923911960629,0.19364543898318143,0.37294040147456253,0.02110307473105128,0.0522993444146408
B3,0.95,0.2,0.05,True,True,True,32,192,0.48402924466809805,0.9867733813692992,0.17274103760906145,0.36952734704343493,0.03624584312656767,0.10825035018383349
B3,0.95,0.3,0.05,True,True,True,64,192,0.7035759987459189,0.9530683094166191,0.2611595061142924,0.35630544483743837,0.10038900449457364,0.15815277333758296
B3,0.95,0.4,0.05,True,True,True,96,192,0.849260048888777,0.9297235417986753,0.3129293695903713,0.34850265726504925,0.17649012065750552,0.2377139105838569
B3,0.95,0.5,0.05,True,True,True,96,192,0.8063871666068996,0.8870175781328293,0.29732656378229394,0.33185431573185487,0.23423283941830786,0.32383043561765296
B3,0.95,0.6,0.05,True,True,True,128,192,0.7751190909349372,0.8224310924241494,0.2904318497722165,0.306138408472977,0.3473227612526858,0.4205159204664428
B3,0.95,0.7,0.05,True,True,True,128,192,0.6930764653704676,0.7365062155864964,0.25669163416407065,0.27140800233085466,0.4398310644063467,0.5222591425732139
B3,0.95,0.8,0.05,False,True,False,128,192,0.5960757694189135,0.6392544519861174,0.21906221634214185,0.23198859169289085,0.5125014585825437,0.6168883414296461
B3,0.95,0.9,0.05,False,True,False,128,192,0.5151044505990223,0.5481648509043894,0.18493996268883903,0.19500797789130342,0.5828469567003745,0.692636448316682
B3,0.95,1.0,0.05,True,True,True,127,192,0.4455933563260818,0.4571566688591975,0.15618532047729705,0.16045489671441704,0.6409336863647526,0.7426951649365139
B3,0.95,1.1,0.05,True,True,True,128,192,0.38552165924083936,0.3972029949115937,0.13254116123819443,0.1365902522100838,0.6744690555125299,0.7814050776662674
B3,0.95,1.2,0.05,True,True,True,128,192,0.3359048906406258,0.35055636455532746,0.11338322907029161,0.11827642432824056,0.6842085860438196,0.8088319210791032
B3,0.95,1.3,0.05,True,True,True,127,192,0.3056016827546659,0.3137981406879022,0.10149889507266535,0.10408277402802818,0.7134647319290055,0.8283048282852322
B3,0.95,1.4,0.05,True,True,True,127,192,0.27338751531214395,0.28435435724333846,0.08945487901527135,0.09290140059924806,0.7288299977693495,0.8422352004927843
B3,0.95,1.5,0.05,True,True,True,127,192,0.2557258990811165,0.25937046155464094,0.0822296318959142,0.0836632860479048,0.7374269670154371,0.8503045139718561
B3,0.95,1.6,0.05,True,True,True,127,192,0.2422120643831551,0.24305273685475026,0.07650110541459501,0.07720439841984561,0.7563911410393914,0.8625582482744749
B3,0.95,1.7,0.05,True,True,True,127,192,0.22625065128524582,0.22696056327983716,0.07074399401321468,0.07129611194549676,0.7662689420911806,0.8702991294559144
B3,0.95,1.8,0.05,True,True,True,127,192,0.21183054214541577,0.2139953333942118,0.06569829431458962,0.06650903452241957,0.7704774304529033,0.878022297617505
B3,0.95,1.9,0.05,True,True,True,95,192,0.1795983400275139,0.20186978787646484,0.05584630920333514,0.062191427882227146,0.6991945167001872,0.8839202660405661
B3,0.95,2.0,0.05,True,True,True,95,192,0.1641593715526916,0.19121429305824006,0.050728233254021204,0.058445322366856484,0.700523364859758,0.8890519531720957
B3,1.0,0.1,0.05,False,True,False,31,192,0.5458874810973326,0.9954759962921129,0.1919203946415397,0.37170810274933447,0.018835320448549464,0.04486728263713506
B3,1.0,0.2,0.05,True,True,True,32,192,0.5078997103939678,0.987320752168577,0.1772062715605004,0.3685948180260842,0.03577214258196665,0.09751414011630775
B3,1.0,0.3,0.05,True,True,True,32,192,0.4985846477485205,0.9718732080871906,0.1737343890207525,0.3628867573284612,0.0544641448623535,0.15509378918429678
B3,1.0,0.4,0.05,True,True,True,64,192,0.7466962729223365,0.9460662424796822,0.27029254811850617,0.35361161774897526,0.12493717983344804,0.22041004874593728
B3,1.0,0.5,0.05,True,True,True,96,192,0.8072986823361913,0.9050987351211532,0.30210302658255134,0.3392620011427563,0.21049793758151458,0.2958673512410462
B3,1.0,0.6,0.05,True,True,True,128,192,0.8044903289677682,0.8506285029397438,0.30063801135073487,0.3180350744207043,0.3072297322431383,0.38221363432799926
B3,1.0,0.7,0.05,True,True,True,128,192,0.7421262981781858,0.7781112926955018,0.27640235333281205,0.28909813419398583,0.40112879132070056,0.476105044757644
B3,1.0,0.8,0.05,True,True,True,128,192,0.6556058579872286,0.6919860430250664,0.2420179740852887,0.25442529188240415,0.4794386505220666,0.5683889181756003
B3,1.0,0.9,0.05,False,True,False,128,192,0.5699347927716933,0.6045937223635006,0.20745272167035536,0.21884518225519592,0.540489568554678,0.6418001682237797
B3,1.0,1.0,0.05,True,True,True,128,192,0.48961436044253165,0.526176583704739,0.1754656639349302,0.18707380148754246,0.5893145908462039,0.7055902416154561
B3,1.0,1.1,0.05,True,True,True,128,192,0.43053665046371814,0.4524023836971422,0.1513706970799449,0.15836536750058566,0.6349323817279311,0.7348735173868645
B3,1.0,1.2,0.05,True,True,True,127,192,0.38173610415433296,0.40065509940975474,0.13194738330190092,0.1376360221344186,0.6891787888385063,0.7682527728999334
B3,1.0,1.3,0.05,True,True,True,128,192,0.3439569828648829,0.35952979173300514,0.11576255819022446,0.12132344088634592,0.7079699180251185,0.7929640820766971
B3,1.0,1.4,0.05,True,True,True,128,192,0.30596153183220587,0.3265426435202912,0.10228763388429554,0.10839347174381195,0.7269876294107077,0.8116585956002442
B3,1.0,1.5,0.05,True,True,True,127,192,0.28482211523445566,0.29837534417460093,0.09342522528411981,0.09771294973825181,0.7385483729449991,0.8418946660117775
B3,1.0,1.6,0.05,True,True,True,127,192,0.26378938627323045,0.2756734288136621,0.08496988918371579,0.08908912303018571,0.7528541745955053,0.8546346484357195
B3,1.0,1.7,0.05,True,True,True,128,192,0.24693336544899433,0.2565276087578593,0.07913053721906,0.08191737823582054,0.7470587362057455,0.8651229042476397
B3,1.0,1.8,0.05,True,True,True,127,192,0.23362583963375266,0.24013509149984433,0.07369197907119607,0.07585972797597684,0.7679788905159604,0.8739813625182971
B3,1.0,1.9,0.05,True,True,True,127,192,0.2178096743027927,0.2259761801982559,0.06810603083182085,0.07069074057370758,0.7742842965961536,0.8815660016056991
B3,1.0,2.0,0.05,True,True,True,128,192,0.2067439792493989,0.21355482627333983,0.06424205117335147,0.06621355637207677,0.7656041875633792,0.8881534004591766
B4,0.0,0.1,0,True,True,True,31,192,7.157161027504522e-06,4.727013058758445e-08,5.367658430621702e-06,1.2728776255244156e-08,4.7863859105531925e-05,9.509714246624945e-08
B4,0.0,0.2,0,True,True,True,31,192,0.00011947265489564707,1.1425469681469735e-07,8.933652710507722e-05,1.99353805685476e-08,0.0003985714466706175,1.6337397490406858e-08
B4,0.0,0.3,0,True,True,True,64,192,2.309468853411989e-05,2.945887300764838e-08,1.5374552119640228e-05,6.250052586587174e-09,4.1960672297836066e-05,2.288418232687661e-09
B4,0.0,0.4,0,True,True,True,64,192,0.00014690454695331923,1.905451554318205e-07,9.699563225107344e-05,5.052108975611702e-08,0.000195907989971017,2.607979715518738e-08
B4,0.0,0.5,0,True,True,True,95,192,1.1099489357735415e-05,1.2890921341490724e-07,7.556517694018439e-06,5.676539571730643e-08,1.3436330738192392e-05,1.1301259461582447e-07
B4,0.0,0.6,0,True,True,True,90,192,7.576882343762747e-08,3.531069487916483e-07,2.854485814385299e-08,2.44064960130963e-07,2.4039183088575555e-08,4.0371612936018764e-07
B4,0.0,0.7,0,True,True,True,64,192,0.00106686950207191,1.94062786262883e-06,0.0005612376321553203,5.17584502923718e-07,0.0005742997250491877,3.945435572139111e-07
B4,0.0,0.8,0,True,True,True,96,192,1.6302628406572595e-05,1.5962521913159833e-06,4.110175450156017e-06,4.029563298035832e-07,3.7840736606398195e-06,8.108258996997186e-07
B4,0.0,0.9,0,True,True,True,96,192,3.497479920377966e-05,2.67773998330334e-06,9.064536735853279e-06,7.491053143349191e-07,2.6299368638404985e-07,3.4987898933636075e-07
B4,0.0,1.0,0,True,True,True,96,192,0.0003239207022944779,1.9270447876307273e-06,6.218818112230934e-05,1.3325486439841328e-06,6.237297555278243e-05,1.2355879994707664e-06
B4,0.0,1.1,0,True,True,True,127,192,3.4734434347538645e-05,1.2527332275968917e-06,6.613958930423713e-06,4.789962441131834e-07,5.758463348382037e-07,1.338450352772469e-07
B4,0.0,1.2,0,True,True,True,96,192,0.0011543608682847428,2.535258641023219e-06,0.0005241503032676342,1.0346136790073679e-06,0.00024167491637072658,1.480807818587948e-07
B4,0.0,1.3,0,True,True,True,95,192,0.0021673605578664823,4.6984864687793504e-07,0.0009173236194963685,1.7506746585738142e-07,0.00024867688510765706,3.753693345043274e-08
B4,0.0,1.4,0,True,True,True,95,192,0.0015236883136299229,3.3845212435990035e-06,0.0008944441806310044,1.6564922332151788e-06,0.00025794520893474004,6.665493480495499e-07
B4,0.0,1.5,0,True,True,True,127,192,1.8678852790471323e-05,6.286928207199782e-07,1.0722067868507157e-05,2.316848538574945e-07,3.0053164032928237e-06,9.589307792268187e-09
B4,0.0,1.6,0,True,True,True,95,192,0.0010112983259301656,1.983541812744516e-07,0.0005349758849507724,1.2290755169175327e-07,0.00013596236601676193,9.91215107770671e-08
B4,0.0,1.7,0,True,True,True,96,192,0.0006608684196751091,3.37177111120468e-07,0.0002833937747890869,1.3584490626827872e-07,5.9088179686139775e-05,2.0456128757562198e-07
B4,0.0,1.8,0,True,True,True,63,192,0.00290792885925089,2.481007571150662e-06,0.0015866227301838398,1.1005592409629728e-06,0.0002710246793158344,4.130713882055659e-08
B4,0.0,1.9,0,True,True,True,63,192,0.002230413480057758,3.0823282285707965e-06,0.0012085656196162142,1.449783965462581e-06,0.00018421312770799947,1.9046633548125413e-07
B4,0.0,2.0,0,True,True,True,63,192,0.0028589374142661897,7.182033963520906e-07,0.0013035106627929671,1.4062467573738857e-07,0.00015092183046161445,1.4620946675591995e-09
B4,0.05,0.1,0,True,True,True,31,192,1.0561545759624202e-05,2.5748660092972386e-08,7.938928008321966e-06,1.9176278454047235e-08,6.543706010720546e-05,1.8826682051525934e-07
B4,0.05,0.2,0,True,True,True,31,192,0.00017880735585107388,6.007194053303522e-08,0.00013498817084556247,2.8165565102433732e-08,0.0005604113302103836,2.6667347274855757e-08
B4,0.05,0.3,0,True,True,True,63,192,0.0002513286377203716,3.032596860297332e-07,0.00018060096581384855,1.0296757863015316e-07,0.0004924494939981539,3.913202151206718e-09
B4,0.05,0.4,0,True,True,True,64,192,0.0005594685000318567,2.6606259502237606e-06,0.00038338195462017666,1.2194905195661576e-06,0.0008007886640620798,1.646061304483304e-07
B4,0.05,0.5,0,True,True,True,96,192,5.979574413161881e-05,5.5139681925941986e-06,3.9532125335695056e-05,2.4679444885489232e-06,4.1086349139463074e-05,6.625533092163849e-07
B4,0.05,0.6,0,True,True,True,95,192,0.0001194948669875906,6.921624922551217e-06,5.280173563448898e-05,2.092510502427203e-06,7.105112790117829e-06,1.2625710060776285e-07
B4,0.05,0.7,0,True,True,True,95,192,0.0013519673308670654,3.942943673451715e-06,0.0005294257592036722,1.0363741997920783e-06,0.00028475973230068785,1.433258172700569e-07
B4,0.05,0.8,0,True,True,True,127,192,0.00011532990683127409,6.005215624105276e-06,4.219224102075536e-05,2.263994770657085e-06,1.7281459989693104e-06,2.1926558280149777e-07
B4,0.05,0.9,0,True,True,True,95,192,0.0002645818037576575,8.350692613401378e-06,0.00015159867505420976,2.5834883164987943e-06,1.6711468165508947e-05,5.318146980570759e-07
B4,0.05,1.0,0,True,True,True,95,192,0.0009201644554913679,7.414454865517506e-06,0.0001902004211585817,3.1390416757037798e-06,9.824117461554316e-05,2.5755649013525783e-07
B4,0.05,1.1,0,True,True,True,95,192,0.003958708390875476,4.443766976169883e-06,0.0012579933189121872,1.8456035472680377e-06,0.00036292541092841635,1.970493892500258e-07
B4,0.05,1.2,0,True,True,True,95,192,0.0020700232078889325,6.162961547706569e-06,0.0007283547427174297,3.5882645815776826e-06,0.00017228894062115696,1.2309708172786316e-06
B4,0.05,1.3,0,True,True,True,95,192,0.001317804788636745,2.785518584125235e-06,0.0006021971649602942,8.265819355091075e-07,0.00016190539292337824,8.274162842658583e-07
B4,0.05,1.4,0,True,True,True,95,192,0.0011791603091191871,1.3957075472997849e-06,0.0004503183916020337,3.5010960772186017e-07,8.993654999989165e-05,2.6399371910734715e-07
B4,0.05,1.5,0,True,True,True,64,192,0.003666746366292911,6.650345325640017e-06,0.0015827521136993483,3.149436962113228e-06,0.0003249494087224081,1.4550882809771792e-07
B4,0.05,1.6,0,True,True,True,63,192,0.004991205589992692,1.8775737874315857e-06,0.0020601321583142984,5.451756516228201e-07,0.0003889238921043203,1.5840273592804266e-07
B4,0.05,1.7,0,True,True,True,63,192,0.0037173416739642653,3.7264533599909444e-06,0.001434702781020425,1.7797182677026235e-06,0.00022810541706808074,1.8841779469980224e-08
B4,0.05,1.8,0,True,True,True,63,192,0.003991857338527999,4.687678977953469e-06,0.001432788947613034,1.643551803265364e-06,0.0001833658796390747,3.1070360506646466e-08
B4,0.05,1.9,0,True,True,True,63,192,0.0035977659114585087,1.3346442141320969e-06,0.00123444485437188,9.63542755583191e-07,0.0001281185904351556,4.4450567049381107e-07
B4,0.05,2.0,0,True,True,True,63,192,0.0028315363168407333,9.577797839728508e-07,0.0009239112142012951,2.179410594910225e-07,8.084806344621498e-05,1.5746734594035416e-07
B4,0.1,0.1,0,True,True,True,31,192,1.6104075274636642e-05,1.2787400471836463e-08,1.2124930665491362e-05,8.919606830914972e-09,9.187050382435807e-05,8.907495374632646e-08
B4,0.1,0.2,0,True,True,True,31,192,0.0002736285878612854,9.722359428643301e-08,0.00020772847066430344,4.44647286768074e-08,0.0007906622327290558,1.3234058626743206e-07
B4,0.1,0.3,0,True,True,True,63,192,0.0004510412029206101,1.953663088083424e-06,0.00032419298867158997,9.721387230765544e-07,0.0007945076032608578,6.438077214121485e-07
B4,0.1,0.4,0,True,True,True,96,192,1.5097521591678209e-05,2.839329725667916e-06,8.10201927536891e-06,5.336693546641874e-07,5.116658360482251e-05,4.6493820071713543e-07
B4,0.1,0.5,0,True,True,True,95,192,0.00084254635855463,5.9611397837944224e-06,0.0005292833466516988,9.990412878080335e-07,0.0005463971744069096,4.8934676311063185e-08
B4,0.1,0.6,0,True,True,True,95,192,0.0003826566036897461,1.0081816130935728e-05,0.00021647430026228154,3.5189293285942114e-06,8.499649464999148e-05,1.1838780662465354e-06
B4,0.1,0.7,0,True,True,True,95,192,0.0006733397326323942,1.3676277757390665e-05,0.0002060725591551682,7.166296275062933e-06,6.339975949554155e-05,1.5758286436295954e-06
B4,0.1,0.8,0,True,True,True,95,192,0.00037598209341938027,2.028061504488754e-05,0.00010030588398506068,8.643237486838373e-06,3.623837172705979e-05,1.5870705893927806e-07
B4,0.1,0.9,0,True,True,True,96,192,0.0008613290094492965,2.6146090433720737e-05,0.00027911613197395546,1.1433227983914662e-05,0.00012453618564667313,2.955529032622195e-08
B4,0.1,1.0,0,True,True,True,95,192,0.0032813730734313484,1.3279490351569834e-05,0.0012854059510224447,5.3762373994348245e-06,0.00037058739593376355,9.572438147698037e-07
B4,0.1,1.1,0,True,True,True,96,192,0.0031745390770075155,4.0850432834194095e-06,0.0015879043121970193,1.2862933030099999e-06,0.0005213788354899718,1.1294193562605415e-06
B4,0.1,1.2,0,True,True,True,96,192,0.0019728235835181074,8.288663951916408e-06,0.0007513287184900963,3.8481921763589e-06,0.0001864788085298441,3.534315151654255e-07
B4,0.1,1.3,0,True,True,True,64,192,0.007134898013859331,8.385976161914832e-06,0.0033748060700779514,4.662121218412807e-06,0.0007599728395616401,1.0692467858897103e-06
B4,0.1,1.4,0,True,True,True,63,192,0.006834378324716513,6.709679106133015e-06,0.0031090105155699987,3.1019659154640777e-06,0.000601170728192657,5.60934005799929e-07
B4,0.1,1.5,0,True,True,True,63,192,0.004944643428916082,5.330327363113618e-06,0.00195283679484215,2.232675320179567e-06,0.00029278609160532376,3.555512149144846e-07
B4,0.1,1.6,0,True,True,True,63,192,0.004614205006908196,2.7462198995756304e-06,0.0019664125357927442,1.1178892346808134e-06,0.00027391049413361124,3.905136850557156e-07
B4,0.1,1.7,0,True,True,True,63,192,0.0016954933727379787,3.3006232422194692e-06,0.0008779772230491367,6.088702042550409e-07,0.00011230099115044911,1.3373635976421383e-08
B4,0.1,1.8,0,True,True,True,63,192,0.0020683288276343668,7.76219897290556e-06,0.0007864746831409697,3.1903577329961408e-06,7.467755693213451e-05,1.3779776808497957e-07
B4,0.1,1.9,0,True,True,True,63,192,0.0014066909653018076,3.0062362542798704e-06,0.000543881155127629,1.5446660636408982e-06,4.3820662108284836e-05,1.9635877668289226e-07
B4,0.1,2.0,0,True,True,True,63,192,0.0009959083334595206,3.040698952943427e-06,0.00035132659524564347,1.6503898651598625e-06,1.970305231557834e-05,1.1838582769652106e-07
B4,0.15,0.1,0,True,True,True,31,192,2.546616479115471e-05,8.637379567133507e-08,1.9238576898006343e-05,2.687344591301155e-08,0.00013300019278762731,1.5240538978056328e-07
B4,0.15,0.2,0,True,True,True,31,192,0.00043809038180009363,3.185171547626098e-07,0.00033381298109502744,1.137779936932759e-07,0.0011542852496534556,6.514156586368003e-08
B4,0.15,0.3,0,True,True,True,63,192,0.0009714746597975221,6.577153852660444e-07,0.0007050874036446109,1.5033710981660064e-07,0.0016420639649397661,4.3960620071947787e-07
B4,0.15,0.4,0,True,True,True,96,192,0.00045939722021315355,2.9351670922661555e-06,0.0002790655203660508,1.1425395157749207e-06,0.00031731249407151996,1.043300410202841e-06
B4,0.15,0.5,0,True,True,True,96,192,0.000435983237279558,3.7359393869618174e-06,0.00019160370549908823,2.060472772513755e-06,6.760592022625467e-05,1.5254457843560942e-06
B4,0.15,0.6,0,True,True,True,96,192,0.0005010181955402704,7.743661115555689e-06,0.00027546518616883287,4.372776814198787e-06,0.00011586390912698974,2.4037790699038553e-06
B4,0.15,0.7,0,True,True,True,127,192,0.0005098208438520935,1.5104356232309435e-05,0.00020021840337580699,8.10776820603376e-06,1.0128764030281623e-05,9.934316475002092e-07
B4,0.15,0.8,0,True,True,True,96,192,0.0025589398142628617,4.437176634286555e-06,0.0009701755816183821,1.6723461768314296e-06,0.00039586301492688936,2.675564379051032e-06
B4,0.15,0.9,0,True,True,True,127,192,0.0007085183869974254,1.3791215403957668e-05,0.00024377740213743504,4.896910523910503e-06,6.429597294754785e-05,2.226635615110162e-06
B4,0.15,1.0,0,True,True,True,95,192,0.0027433504624126692,8.046340946643582e-06,0.0011117863834743669,2.1840820790541837e-06,0.0002674825250208457,1.4177019171945915e-06
B4,0.15,1.1,0,True,True,True,96,192,0.0016006455546759418,2.0267285753258757e-05,0.000640371141366225,1.0355763177039012e-05,0.00013152804955429698,2.616813093103687e-06
B4,0.15,1.2,0,True,True,True,64,192,0.009862575546552774,4.9918443680851965e-06,0.004876885514243368,2.6320039647198534e-06,0.0010403434794516997,5.393250279706052e-07
B4,0.15,1.3,0,True,True,True,63,192,0.002955106339138709,9.98856894852268e-06,0.00173306691195535,4.601995129083214e-06,0.00037226447268479124,5.906113731413143e-07
B4,0.15,1.4,0,True,True,True,63,192,0.0017688282484912,2.1890738103741425e-06,0.0010016021614553672,5.474205601874171e-07,0.00015769947229893333,1.8060726580948483e-07
B4,0.15,1.5,0,True,True,True,64,192,0.0010895643769426415,1.1705812650898706e-06,0.0005755558543263373,6.584877717819015e-07,7.637572391716585e-05,1.1690321477519916e-07
B4,0.15,1.6,0,True,True,True,63,192,0.0013162920943934793,5.145191187883036e-06,0.0007088818953825404,3.4001135251482406e-06,8.477984261623384e-05,3.68382889193164e-07
B4,0.15,1.7,0,True,True,True,63,192,0.00047026462141911557,3.2434957993737745e-06,0.0002622781696912102,1.0477789186835729e-06,2.8565576499661738e-05,2.154970306644799e-07
B4,0.15,1.8,0,True,True,True,32,192,0.0016957081788619155,1.9948850943153282e-05,0.0010595129203554154,6.04712114468664e-06,0.00029652619299624927,8.453805538932713e-07
B4,0.15,1.9,0,True,True,True,32,192,0.0021499693173023977,3.0550640059551215e-06,0.0014294590664136464,1.230479102387605e-06,0.00029156033660304725,3.70866776178147e-07
B4,0.15,2.0,0,True,True,True,32,192,0.0015421363743900315,2.6814417343566828e-05,0.0004460824921350415,6.7202403204735806e-06,9.718001281111555e-05,6.609054995498909e-07
B4,0.2,0.1,0,True,True,True,31,192,4.2174870357514216e-05,3.1717458859326086e-07,3.201103129746308e-05,1.9528537220647735e-07,0.00019977297851495046,1.1665435232233179e-06
B4,0.2,0.2,0,True,True,True,31,192,0.0007350956833611644,5.130731215885476e-06,0.0005598980896126537,2.7760266110288256e-06,0.0017233063872993948,4.008103086677872e-06
B4,0.2,0.3,0,True,True,True,64,192,0.0009916305659491975,8.703651419028624e-06,0.0006797707711659884,2.347253730494714e-06,0.0012183698947039745,1.7702104964656407e-06
B4,0.2,0.4,0,True,True,True,95,192,0.0017179767786081879,7.777824068100347e-05,0.0010347563221694278,2.489462825527866e-05,0.0010813196512569068,1.2774078973654124e-05
B4,0.2,0.5,0,True,True,True,96,192,0.0006081968066485866,0.00029975966581741176,0.00034134784625039494,9.713079204098918e-05,0.0001894670229038442,3.218585535691432e-05
B4,0.2,0.6,0,True,True,True,96,192,0.00023558932838130264,0.0003336190039898712,9.797427849800311e-05,0.00010477635018091291,2.338887344399687e-05,9.545879712247185e-06
B4,0.2,0.7,0,True,True,True,96,192,0.004864665996000883,9.377307127422796e-05,0.0019434445776704834,1.950169756749498e-05,0.000625258110107163,2.201662452827602e-05
B4,0.2,0.8,0,True,True,True,95,192,0.0061831809854678565,3.589200591319619e-05,0.0026032943013489795,2.516047899531193e-05,0.0006663587708364282,1.2646170628349829e-05
B4,0.2,0.9,0,True,True,True,64,192,0.009083228727861062,2.8553374077838756e-05,0.005174998682153653,1.4074987261136762e-05,0.0015458333001365787,2.893332592734943e-06
B4,0.2,1.0,0,True,True,True,63,192,0.0025371462389048166,1.15563303279137e-05,0.001333018475281278,4.4711776440165e-06,0.00021232071055432566,1.102963885335484e-06
B4,0.2,1.1,0,True,True,True,63,192,0.0011520480922605908,1.754286776230879e-05,0.0007539578604492947,5.212817837385586e-06,0.00016893216383506715,7.526721876871534e-07
B4,0.2,1.2,0,True,True,True,64,192,0.00033536146210441653,0.00013867580602102553,0.000217487430454133,4.73491725910824e-05,5.9345721913239835e-05,4.737310918767612e-06
B4,0.2,1.3,0,True,True,True,63,192,0.0012098542272295197,9.369845650850084e-06,0.0002574746281133189,6.062215013036276e-06,2.3207134583147493e-05,2.963270684164243e-06
B4,0.2,1.4,0,True,True,True,63,192,0.0022320137609172794,0.00021555202111827026,0.0008896745160672237,9.066106204963509e-05,4.4007762604714173e-05,5.767341750173571e-06
B4,0.2,1.5,0,True,True,True,63,192,0.0027967565031981525,8.792990074171954e-05,0.000967253144560698,2.3045190571002738e-05,2.4494399691876723e-05,3.1432907943163e-08
B4,0.2,1.6,0,True,True,True,63,192,0.0014165071651142183,8.325803124137332e-05,0.0005433773495426009,2.3319970292146053e-05,2.778092469513105e-06,9.44978052475065e-08
B4,0.2,1.7,0,True,True,True,32,192,0.006366986635909596,8.109483874704174e-05,0.0017651564630410677,2.1162489038467625e-05,0.00019568144560300205,1.4274260440316766e-07
B4,0.2,1.8,0,True,True,True,32,192,0.006638160099849681,2.5321096135598638e-05,0.002332994253773202,8.254744824381932e-06,8.702179346919969e-05,4.065519985108068e-07
B4,0.2,1.9,0,True,True,True,32,192,0.0075070241719770656,1.9317365510532897e-05,0.0034304778035384176,6.79197888395211e-06,4.663273489469155e-06,1.9280221541517761e-07
B4,0.2,2.0,0,True,True,True,32,192,0.006491703449504819,1.3675053910872613e-05,0.002800931912200655,4.86366066723698e-06,3.471046228364916e-05,3.864421755928049e-07
B4,0.25,0.1,0,True,True,True,31,192,7.431159919324415e-05,2.5498946820690094e-07,5.671999824308216e-05,8.21672168083154e-08,0.00031443926065277683,7.236058953002944e-07
B4,0.25,0.2,0,True,True,True,63,192,0.0003683096035915767,1.26790089249873e-06,0.0002670724767346311,4.070616431706142e-07,0.0006875996091728898,1.33821690950775e-07
B4,0.25,0.3,0,True,True,True,95,192,0.0018065790042703922,3.2757937739824605e-05,0.0011989178654743249,1.1372089566474841e-05,0.0017088743624867897,8.976782831293662e-06
B4,0.25,0.4,0,True,True,True,127,192,0.002244478359894053,0.0002496544706384052,0.0013323159597979917,9.219571723295683e-05,0.0012631229053812199,4.688740023028881e-05
B4,0.25,0.5,0,True,True,True,96,192,0.0007334159690612907,0.00041034213969193267,0.00043355552629209537,0.00014078926307270478,0.0002943852906601152,2.2857768146422597e-05
B4,0.25,0.6,0,True,True,True,96,192,0.003751767357164093,0.00010736070932182429,0.0016635478209852117,7.071233449917891e-05,0.0005256029388672756,4.915527712245904e-05
B4,0.25,0.7,0,True,True,True,95,192,0.0023517664753176515,0.00011017259843729144,0.0009173352071770724,5.415579763995426e-05,0.000173215749236455,1.3736510858231021e-05
B4,0.25,0.8,0,True,True,True,63,192,0.0079762481037495,9.54723904827981e-06,0.0054052394428594774,3.4671549860587625e-06,0.001598217795760415,1.834433805969482e-07
B4,0.25,0.9,0,True,True,True,63,192,0.002499204918328779,7.00051393317698e-05,0.0012702401222833837,1.155585266207626e-05,0.0006122071459649936,5.394637012545722e-06
B4,0.25,1.0,0,True,True,True,63,192,0.008746124037251269,0.000113743426108261,0.003908259573040196,5.288494707766933e-05,0.00033195796070883965,1.9046538868305873e-07
B4,0.25,1.1,0,True,True,True,63,192,0.009237132921911787,5.742844113124784e-05,0.003946473794806449,2.3875062100997546e-05,0.00020646521104250581,2.3315125499134837e-06
B4,0.25,1.2,0,True,True,True,63,192,0.006558278606499622,4.141885080291563e-05,0.0024936749383226986,1.6718196281101383e-05,6.298361464929236e-06,5.740957882416353e-07
B4,0.25,1.3,0,True,True,True,63,192,0.005214636672533848,2.2714571429717847e-05,0.002018269273236284,7.91173921704802e-06,5.2140024323077405e-05,1.1841568813286685e-06
B4,0.25,1.4,0,True,True,True,63,192,0.004937560474169149,1.6989529892047148e-05,0.0022344219408975408,5.8639521870740285e-06,1.147305796544984e-05,2.4441873414104975e-07
B4,0.25,1.5,0,True,True,True,63,192,0.003927168808233064,2.0800164842729382e-05,0.0017533041961872997,8.221649607037529e-06,1.8628535054299178e-05,2.5482858823089316e-07
B4,0.25,1.6,0,True,True,True,63,192,0.003059795159314765,1.946750476924594e-05,0.0015143179407259288,9.01320747340173e-06,1.7645414622347033e-05,4.963694877346825e-08
B4,0.25,1.7,0,True,True,True,63,192,0.005866574059431069,1.5567060134247593e-05,0.00215562261933247,6.723967229255168e-06,2.975023371676322e-05,2.6642982409175175e-07
B4,0.25,1.8,0,True,True,True,63,192,0.003112530015165829,1.3307370398047899e-05,0.001455252624884551,5.6846372908370135e-06,3.129158540615684e-06,5.742765080141154e-07
B4,0.25,1.9,0,True,True,True,63,192,0.00430502052771416,1.116938689924192e-05,0.0015513018491953579,5.058426094356472e-06,4.537438586715847e-05,2.0711704251663576e-07
B4,0.25,2.0,0,True,True,True,63,192,0.0008105648381946089,1.9366537691840532e-05,0.0002728711191264388,5.1374786667890415e-06,2.424593673278075e-05,6.208290495024471e-07
B4,0.3,0.1,0,True,True,True,31,192,0.00014331869755002113,7.094062848267413e-08,0.00011007718604016947,3.7716878287241684e-08,0.000527851603544377,1.8114286376436084e-07
B4,0.3,0.2,0,True,True,True,63,192,0.001036951311379375,6.204885443672481e-06,0.0007321240465002488,2.343757353306941e-06,0.0014606262154101546,2.2291674695584796e-06
B4,0.3,0.3,0,True,True,True,96,192,0.00043241329118126615,0.00012937314617667006,0.0002721849984121949,5.37855534762377e-05,0.0003007947191272786,3.737479743398664e-05
B4,0.3,0.4,0,True,True,True,96,192,0.00033970188024534664,8.367244035634158e-05,0.00016277687529986373,2.5468490482571937e-05,2.033956895292066e-05,1.7080894297250016e-05
B4,0.3,0.5,0,True,True,True,127,192,0.000966574875860049,0.00021544093523717667,0.0004666603464038577,0.00010498063128727697,0.00013667453489984993,3.221106623407799e-05
B4,0.3,0.6,0,True,True,True,95,192,0.001092523668702966,0.0007394029960555992,0.0003417684505652163,0.00036490717264170414,0.000423167452910711,6.479135718706619e-05
B4,0.3,0.7,0,True,True,True,95,192,0.013053052112774053,0.00026780447198559293,0.005794477291615419,0.00010995134043367827,0.0006024297566405989,6.7228871384328315e-06
B4,0.3,0.8,0,True,True,True,95,192,0.009079435086423726,9.90493242235338e-05,0.003608618000558783,3.289770080705523e-05,2.1820145628126397e-05,7.5968686050753576e-06
B4,0.3,0.9,0,True,True,True,95,192,0.0028266644645705344,4.7249223593420764e-05,0.001118398885073868,2.2791568345559288e-05,4.731575859306947e-05,2.876162421894257e-06
B4,0.3,1.0,0,True,True,True,95,192,0.004056526961330756,4.654185478169745e-05,0.0013867689229799807,2.1609731806315757e-05,0.00010562063982200165,1.3887617267283048e-06
B4,0.3,1.1,0,True,True,True,64,192,0.0063398526115851575,3.160458358561491e-05,0.001979351314121608,1.4429067269838836e-05,0.0003023743741554785,7.428419508404005e-07
B4,0.3,1.2,0,True,True,True,64,192,0.005307417052073882,2.3586710274400846e-05,0.0017999166148969514,1.0241989470416435e-05,0.00019018425397099303,7.07489469009559e-07
B4,0.3,1.3,0,True,True,True,64,192,0.004877680969311772,2.1049344534632142e-05,0.001590716208490911,8.700377454928798e-06,0.00017934972074507005,9.715666411391766e-07
B4,0.3,1.4,0,True,True,True,64,192,0.004587380863444061,6.065620303800923e-06,0.0014953712758734028,2.9415147303479827e-06,0.00015605726115452967,2.2261670307166526e-07
B4,0.3,1.5,0,True,True,True,64,192,0.0022719709483659326,6.155615371462864e-06,0.0006939242521387945,1.7016142365572362e-06,9.059357384422206e-05,2.4391886321861733e-07
B4,0.3,1.6,0,True,True,True,64,192,0.002283781640661623,2.9045096467655157e-06,0.0007485336411679755,1.0790198710919352e-06,7.78293697917265e-05,3.8825536807785e-07
B4,0.3,1.7,0,True,True,True,63,192,0.003203578867842529,4.315140923007166e-06,0.0010830795450409714,1.1134101384757678e-06,9.619505838132092e-05,1.6196149144054317e-07
B4,0.3,1.8,0,True,True,True,63,192,0.0021819701776145534,2.1827394696277702e-06,0.0007348248477406782,8.079007974282071e-07,7.07355500106921e-05,3.0895287128629434e-07
B4,0.3,1.9,0,True,True,True,63,192,0.001696992117852984,3.453815221127199e-06,0.0006455195327462748,1.149744357914484e-06,6.364259441560272e-05,3.948535847175805e-07
B4,0.3,2.0,0,True,True,True,63,192,0.0021447629761117103,5.011231601081273e-06,0.000995108717421006,9.215369120435524e-07,9.229489418216552e-05,1.362554602479804e-07
B4,0.35,0.1,0,True,True,True,31,192,0.00032281716933602045,1.1099613114184947e-06,0.0002473642025038192,4.883468631700083e-07,0.0009744505362536682,2.788075187193373e-06
B4,0.35,0.2,0,True,True,True,95,192,0.0038885059518304343,3.8727071819288916e-05,0.002615270788502766,1.7143898140448144e-05,0.0036180168089901543,1.5736851819936337e-05
B4,0.35,0.3,0,True,True,True,96,192,0.004572896750706268,0.00011144745326963079,0.0020800432758943943,3.954531583183485e-05,0.0005736795682699247,4.695599197013234e-05
B4,0.35,0.4,0,True,True,True,96,192,0.008503805070040615,0.00208668828973671,0.005872799976642806,0.0011191082180058154,0.0027347901630891958,0.0003129174589501238
B4,0.35,0.5,0,True,True,True,127,192,0.012309090732785008,0.005392595093772573,0.005391994501474318,0.0021888910083879276,0.00020866362934846006,9.947580771629827e-05
B4,0.35,0.6,0,True,True,True,127,192,0.009001013005605588,0.0035819810183844586,0.0036366342002988605,0.0014094069356072048,0.00018338682091845193,9.400363113154508e-05
B4,0.35,0.7,0,True,True,True,96,192,0.005717467250045322,0.0021136834460614567,0.002055298095130914,0.0007900013438144893,0.0003272165256129611,9.449230171088008e-05
B4,0.35,0.8,0,True,True,True,95,192,0.0054921093663025805,0.0011672396549954611,0.0023277996730789174,0.00041074031882212814,0.00032189500542301186,6.531568456213943e-05
B4,0.35,0.9,0,True,True,True,95,192,0.001814953622883142,0.0006482024355083105,0.0006271174056334539,0.0002177346403658964,0.00012560984538856346,3.766999927112824e-05
B4,0.35,1.0,0,True,True,True,95,192,0.0018772595444559448,0.0003473532543045166,0.0006761429730724744,0.00011527175950001856,0.00014471811106953059,2.1121768929655005e-05
B4,0.35,1.1,0,True,True,True,95,192,0.0024593813890733257,0.0001834751138315993,0.0008085227128110106,6.12857579068149e-05,0.00014269348735407306,1.1145174074966846e-05
B4,0.35,1.2,0,True,True,True,64,192,0.0054479646576712365,0.0001006349909966342,0.0017691853699186577,3.4577507820404696e-05,0.0003120452938848439,6.154591522200548e-06
B4,0.35,1.3,0,True,True,True,96,192,0.0007426154092625287,5.221722068400603e-05,0.0003107203636287803,1.9314901559375208e-05,5.049569120330055e-05,3.118736776608344e-06
B4,0.35,1.4,0,True,True,True,64,192,0.002620389009734922,2.8149283060462105e-05,0.0009273035405819308,1.0280043569066422e-05,0.00011758134975803358,1.6590521993986584e-06
B4,0.35,1.5,0,True,True,True,64,192,0.003813615241732269,2.07627676846317e-05,0.0015149911830691642,8.119377209903078e-06,0.0002017902087143586,7.374373486301877e-07
B4,0.35,1.6,0,True,True,True,64,192,0.0019974222146812784,1.4742255407922122e-05,0.0008967044757732523,6.239976330119079e-06,0.00010170141635290619,2.0397167621588608e-08
B4,0.35,1.7,0,True,True,True,64,192,0.0021151247552183908,1.0192076052205346e-05,0.0008752982806360943,3.5533728638126316e-06,0.0001068142281056561,2.035991535365156e-07
B4,0.35,1.8,0,True,True,True,64,192,0.0007863625492459253,7.767280653415976e-06,0.0003009572766395907,2.8578366142728573e-06,3.323517609210569e-05,2.2860890735998396e-08
B4,0.35,1.9,0,True,True,True,63,192,0.0017489112326334703,4.307072215877644e-06,0.0008150854291364418,1.5713896393265703e-06,8.253218711629096e-05,3.225164268982894e-07
B4,0.35,2.0,0,True,True,True,64,192,0.0004848284118833604,1.930281972577913e-06,0.00019112755391700875,5.329074379278875e-07,1.8158508250043504e-05,3.302242015390533e-07
B4,0.4,0.1,0,True,True,True,31,192,0.0010577631551124123,2.899247483423295e-06,0.000792209335781946,1.4537434259720428e-06,0.002253788598521364,2.619473849649334e-06
B4,0.4,0.2,0,True,True,True,95,192,0.0017048037342756173,0.00016207575562732224,0.0010029662023485209,8.03137332978654e-05,0.0003118336157873769,1.6177312626708407e-06
B4,0.4,0.3,0,False,False,False,128,192,0.044893134900786405,0.022902709164388302,0.021984931884017456,0.010768264972480013,0.003152838901739785,0.0017481413781248456
B4,0.4,0.4,0,True,False,False,128,192,0.006643187172638287,0.0220375271125946,0.002402427881294411,0.011099435252812123,0.0010613330002838817,0.00023415327092346505
B4,0.4,0.5,0,True,True,True,127,192,0.012300497551128386,0.0026984235160631975,0.005058462933498653,0.0006829392396972278,0.0009963280013295384,0.0001902101415519608
B4,0.4,0.6,0,True,True,True,127,192,0.005925552921378252,0.0009261945894961932,0.002214318757636391,0.00032807872399620575,0.0007543146511295173,3.57330165919878e-05
B4,0.4,0.7,0,True,True,True,127,192,0.001409140360008443,0.00024289918278065648,0.0006758409996874548,0.00015214103456870354,0.00019373067901740093,2.5128478282621103e-06
B4,0.4,0.8,0,True,True,True,95,192,0.004232063302521127,0.0001487124524813272,0.0017107619166134014,7.043856743482735e-05,0.00039854754429180517,2.5711193305189006e-05
B4,0.4,0.9,0,True,True,True,95,192,0.002099506114330546,0.0001025610730859515,0.0011936555958454997,3.952642795240768e-05,0.0003321969235421385,1.4949631457317203e-05
B4,0.4,1.0,0,True,True,True,95,192,0.002951347391694434,6.867766023663235e-05,0.0012722883366836635,2.497899177769658e-05,0.00034118043044339963,1.1176509170485183e-05
B4,0.4,1.1,0,True,True,True,95,192,0.001532754887957774,4.218279010950385e-05,0.0006995881712650309,1.688981716249649e-05,0.0001920062930877986,8.377587532359954e-06
B4,0.4,1.2,0,True,True,True,96,192,0.0005139219600867467,2.7182249663280228e-05,0.0002515128437458325,1.0610585450820942e-05,7.410795517714952e-05,5.855428534595752e-06
B4,0.4,1.3,0,True,True,True,96,192,0.00040004636925281,2.0302231779234514e-05,0.000192041990242392,9.597954355872185e-06,4.402273235448728e-05,4.759969368217654e-06
B4,0.4,1.4,0,True,True,True,64,192,0.0022559601547924024,9.052954237070282e-06,0.0010966020883428906,4.2002693738663055e-06,0.00018149148864865516,2.9409008597269803e-06
B4,0.4,1.5,0,True,True,True,96,192,0.0003079704308746878,7.412325348107873e-06,0.00014158018045906662,2.6130153791825705e-06,3.8648311901035015e-05,1.4709832905079878e-06
B4,0.4,1.6,0,True,True,True,64,192,0.0017358835732835323,7.509752766900191e-06,0.0007851834145631564,2.5272955691268972e-06,0.00013188356426541148,9.932091610265203e-07
B4,0.4,1.7,0,True,True,True,95,192,0.000748867874968015,1.0403683293330745e-05,0.00027307878913959693,2.591316898142848e-06,5.329438814205556e-05,3.517984221712567e-07
B4,0.4,1.8,0,True,True,True,64,192,0.0020617789542787604,6.967240352519222e-06,0.000728106446340554,1.6570626561462909e-06,0.0001023906599111335,3.64393358376347e-07
B4,0.4,1.9,0,True,True,True,64,192,0.002462935783589075,7.247452619339734e-06,0.0009530737490443808,1.9506964276105876e-06,0.0001549730976346808,4.284879950855469e-08
B4,0.4,2.0,0,True,True,True,95,192,0.0001883584292496493,5.6450998005552755e-06,7.251260885068889e-05,1.851062647134638e-06,1.353241591195431e-05,6.545065422969287e-08
B4,0.45,0.1,0,True,True,True,96,192,0.003365173280578393,0.00019793273157309166,0.0018420421593612346,0.00010650596023653591,0.0008008126954523048,3.940227001779373e-05
B4,0.45,0.2,0,False,False,False,128,192,0.035637081013839556,0.031642244049819634,0.01206661460469484,0.010977625062557075,0.0018874585430811441,0.0023434096293902806
B4,0.45,0.3,0,True,True,True,128,192,0.005254928233539569,0.015543127418870983,0.002893592439008552,0.00690548641534422,0.0005406053453272941,0.0012577886008542372
B4,0.45,0.4,0,True,True,True,128,192,0.004936914995253505,0.008129143423457552,0.0013411961510474968,0.004131751764648195,0.0014939325623929411,0.0007580381726675078
B4,0.45,0.5,0,True,True,True,128,192,0.007373274276955055,0.006755764436589762,0.00255073177891052,0.00256636465783458,0.0012085477555321411,0.0008196948894063638
B4,0.45,0.6,0,True,True,True,127,192,0.0055028112030247045,0.0012353542322449118,0.0019087793391571184,0.0007516089378524771,0.0006565200667304483,0.00035916087614928927
B4,0.45,0.7,0,True,True,True,127,192,0.0037052031107573935,0.0016856356537904016,0.0018873599558525966,0.00042446654868938394,0.0006671638511471789,0.000332783487022259
B4,0.45,0.8,0,True,True,True,96,192,0.0040463891766600035,0.000536497058090335,0.0012177334996074374,0.00018081394069430212,0.0007296677734427437,0.00015109610623254
B4,0.45,0.9,0,True,True,True,95,192,0.0026026157706014325,0.0002686994550423344,0.0012996489207465767,0.00014415199657005773,0.000502721380524096,0.0001095086571057946
B4,0.45,1.0,0,True,True,True,96,192,0.0009327033719053746,0.00016713037323622115,0.0005710778877348055,6.070391915180551e-05,0.0001441439350979845,5.796170360838904e-05
B4,0.45,1.1,0,True,True,True,96,192,0.00045246155851910025,0.00014785117780963253,0.00018380702210649136,4.7389934094421715e-05,7.999000559488767e-05,3.623442755495976e-05
B4,0.45,1.2,0,True,True,True,96,192,0.0005377650096572151,0.00012432191344712018,0.0002351193448235367,3.545242494548684e-05,0.00011570133816829475,2.3165725526297365e-05
B4,0.45,1.3,0,True,True,True,95,192,0.0014274684191248888,0.00010128793083494236,0.0006122891179149714,2.64610751025407e-05,0.00019929987526334791,1.5330025532667158e-05
B4,0.45,1.4,0,True,True,True,95,192,0.0009621681444018509,8.775317694304646e-05,0.00040857874994737475,2.073844254391055e-05,0.00012082013196357266,9.944004518924743e-06
B4,0.45,1.5,0,True,True,True,95,192,0.0003947168379233035,5.5936660242589253e-05,0.00013818806128571004,1.9493864795799842e-05,7.249687097232727e-05,7.512398248143981e-06
B4,0.45,1.6,0,True,True,True,64,192,0.002292376402906235,4.1155640574878916e-05,0.0009669458332874914,1.4049135712790317e-05,0.00021463073235605812,4.7956746336286216e-06
B4,0.45,1.7,0,True,True,True,64,192,0.0016776649596188728,2.697396558654086e-05,0.0006952867482051261,8.33338250044724e-06,0.00013555691997724217,3.0377718094332096e-06
B4,0.45,1.8,0,True,True,True,95,192,0.00030665455715665757,1.5888364603998395e-05,0.00013272209950476732,4.455076384218826e-06,3.6262539528153503e-05,1.9212110936583926e-06
B4,0.45,1.9,0,True,True,True,64,192,0.0012571655193001907,1.3338354361458471e-05,0.0005258560052562589,3.903455296133673e-06,0.00012985234865658946,1.1698570616669457e-06
B4,0.45,2.0,0,True,True,True,95,192,0.00034175777163860527,1.3239881066500966e-05,0.00012378025184781039,3.348337875130891e-06,2.8043262172317007e-05,1.4458688789575902e-06
B4,0.5,0.1,0,False,False,False,128,192,0.02204572108347147,0.052400225639126274,0.005850691953816989,0.01303250589681798,0.0020165992696125623,0.0061208492666989245
B4,0.5,0.2,0,False,False,False,127,192,0.054632280715664505,0.024724186728832698,0.016116014619100658,0.0057652713447897685,0.0030332483734643034,0.005742899238515231
B4,0.5,0.3,0,True,True,True,127,192,0.008737186935581676,0.005311068476170133,0.0050934688859998745,0.002009331871993661,0.0015671002025375858,0.002827165600622572
B4,0.5,0.4,0,True,True,True,128,192,0.0058508296401575954,0.006427288135516351,0.0026924273148872663,0.00150551288105516,0.001594656858768695,0.002578418057690657
B4,0.5,0.5,0,True,True,True,127,192,0.011548814644559868,0.003438412073240027,0.0037128750491280393,0.000919909150450593,0.0021009691926971996,0.0014940049668074051
B4,0.5,0.6,0,True,True,True,127,192,0.0032423260352354433,0.0017082289550076069,0.0018116805380096745,0.0006063895898034688,0.0009695466171163458,0.0008350399194058111
B4,0.5,0.7,0,True,True,True,127,192,0.0035096700627212096,0.0007560935935729263,0.0016369522294126526,0.0003772400740824078,0.0008529210536920573,0.00046537855381312276
B4,0.5,0.8,0,True,True,True,127,192,0.001860288896605028,0.0010111020448992925,0.0009235989307453396,0.00023848451625824163,0.0005069909956352259,0.0003051005811689489
B4,0.5,0.9,0,True,True,True,128,192,0.0008769332353462944,0.000480737350875976,0.00031777449709025074,0.00012936790756840066,0.0001702197945702144,0.00017234013634259693
B4,0.5,1.0,0,True,True,True,96,192,0.0011947130528056765,7.856086129442996e-05,0.0005400850281486458,2.4782877869444775e-05,0.00035670876459670264,8.251063119746327e-05
B4,0.5,1.1,0,True,True,True,96,192,0.0009232595474804595,0.00015620541765838658,0.00045661546489786375,3.3435149142529985e-05,0.0002654303983615769,3.827204056494615e-05
B4,0.5,1.2,0,True,True,True,95,192,0.0013015433269844973,0.00018039181963472317,0.0005863723188219983,3.561757057973791e-05,0.000345526101828586,2.0009084715222336e-05
B4,0.5,1.3,0,True,True,True,96,192,0.0009746822108804148,0.0001406120271002717,0.0004849544828094132,2.8942162190542797e-05,0.00022327851674330823,1.1581965952189854e-05
B4,0.5,1.4,0,True,True,True,96,192,0.00013699402717488873,9.411664015156196e-05,5.8071498844763925e-05,3.199687656471606e-05,7.168160742732077e-05,1.4882934188165109e-05
B4,0.5,1.5,0,True,True,True,96,192,0.00031470356010843137,6.0250219615351486e-05,0.00012541812593958035,1.9566730703329815e-05,6.871804863217701e-05,9.270636480929184e-06
B4,0.5,1.6,0,True,True,True,95,192,0.0008373992456759127,4.167965351323244e-05,0.0003695369984011154,1.2756922724871389e-05,0.00013027605623172622,6.089601550129942e-06
B4,0.5,1.7,0,True,True,True,95,192,0.0005388754945126195,2.787181396390892e-05,0.00022919989438061061,8.077197049621843e-06,8.767221008554316e-05,4.201727958008661e-06
B4,0.5,1.8,0,True,True,True,95,192,0.0007786638593779149,1.9103454954878807e-05,0.00034580545248671934,5.290523131182279e-06,0.0001280607312230675,2.798517731550376e-06
B4,0.5,1.9,0,True,True,True,64,192,0.0010872038518626656,1.3868800460350994e-05,0.00038034747782958456,4.073350738292847e-06,0.00013755185027819472,2.0315626760858407e-06
B4,0.5,2.0,0,True,True,True,64,192,0.0009182476454708752,1.3144933006567494e-05,0.0003173439817768242,4.311767944575884e-06,0.00010563039164057653,2.1493892009560867e-06
B4,0.55,0.1,0,False,False,False,64,192,0.026760384962937867,0.023653631930259045,0.008125105478405392,0.0070313768263699505,0.014546285198366704,0.010743978382483935
B4,0.55,0.2,0,False,False,False,128,192,0.04558916203453878,0.03203084478473239,0.0123079317432956,0.00937685065361904,0.0008798084079011392,0.005301153287492366
B4,0.55,0.3,0,True,False,False,128,192,0.01444227401088928,0.02554519839503644,0.005406674300550737,0.007336542239029797,0.0019637535456898947,0.005465057584174038
B4,0.55,0.4,0,True,True,True,128,192,0.01721459279446052,0.018468902401453047,0.005900940433159529,0.004983095469290488,0.001694454331358508,0.004461320714404193
B4,0.55,0.5,0,True,True,True,128,192,0.009833966397568727,0.008329718794323537,0.003322664360396646,0.0023285669392169583,0.001051156216405169,0.0022629470521838835
B4,0.55,0.6,0,True,True,True,128,192,0.003697463793350203,0.0036186778065447345,0.0016366687761662502,0.001145537618264303,0.0011205810267480576,0.001084287929967065
B4,0.55,0.7,0,True,True,True,127,192,0.0030232627499068854,0.001622960562198128,0.0015441062211598439,0.0005513832690719894,0.0011409659161710772,0.0005322642319749438
B4,0.55,0.8,0,True,True,True,127,192,0.003321424707266707,0.000754758512457529,0.001114797238622428,0.0002563097142249393,0.0008614328549264583,0.0002759607254638752
B4,0.55,0.9,0,True,True,True,127,192,0.0016073420630271923,0.00032763995757190134,0.0006581327995721087,0.00011655796683449071,0.0005807262147117243,0.00014941592955519667
B4,0.55,1.0,0,True,True,True,96,192,0.0014044204935372284,0.00012023255262763599,0.0006781516561850109,4.971830731112514e-05,0.0005645093145573155,8.345283670285752e-05
B4,0.55,1.1,0,True,True,True,95,192,0.0016049815942363876,5.2763295490171336e-05,0.0007520531613507964,1.8514501295058272e-05,0.0004604599429052225,4.7850124255455206e-05
B4,0.55,1.2,0,True,True,True,96,192,0.0008936443252769571,3.780372785396058e-05,0.0004874185230552275,1.2951381048398325e-05,0.0003185166542457596,2.870320633241441e-05
B4,0.55,1.3,0,True,True,True,96,192,0.000372787598174093,6.041138215107794e-05,0.00016070371509943615,1.486313543566653e-05,0.00013265550080421296,1.627666327896904e-05
B4,0.55,1.4,0,True,True,True,95,192,0.0009287628985524266,2.3437877772956167e-05,0.0004128317509317636,7.637087004824794e-06,0.0002672712147011591,1.1699129005560138e-05
B4,0.55,1.5,0,True,True,True,95,192,0.0008690443450226522,5.867799796893669e-05,0.0004024669311128437,1.1552121806063242e-05,0.00020938295040362487,6.464258199501138e-06
B4,0.55,1.6,0,True,True,True,95,192,0.0006098462535657767,8.456259113167469e-05,0.0002703056154179373,1.6653388061033114e-05,0.00015926191685911029,7.321913598978824e-06
B4,0.55,1.7,0,True,True,True,95,192,0.00042205621108376556,5.0946416436326025e-05,0.00018881181944596648,1.0466860301733272e-05,0.00011478237656525891,6.589971212056511e-06
B4,0.55,1.8,0,True,True,True,64,192,0.0018987491557590774,6.425403756636465e-05,0.0007278446075205669,1.3362314100040518e-05,0.00022194038713430064,6.068861741148623e-06
B4,0.55,1.9,0,True,True,True,64,192,0.0015417168779532642,5.523610594879158e-05,0.000595382172938197,1.104101811388869e-05,0.00018712901131867632,4.228160468078279e-06
B4,0.55,2.0,0,True,True,True,64,192,0.001382134280795068,3.8100921158601767e-05,0.0005182315076618649,7.595993614939456e-06,0.00015359622137578466,2.858955999163193e-06
B4,0.6,0.1,0,True,True,True,32,192,0.0008289204724496457,6.450934123924945e-05,0.00029562547815159546,1.9598047254765216e-05,0.0018038540585534613,6.54323316468669e-05
B4,0.6,0.2,0,False,False,False,128,192,0.07118883262758258,0.037576147674504456,0.021185236514334183,0.01112381740520113,0.03344944381345963,0.01534007612862881
B4,0.6,0.3,0,False,False,False,128,192,0.12894182519690156,0.08996460977755877,0.04164420503586275,0.02821674935837229,0.02566009929338897,0.029840419279028696
B4,0.6,0.4,0,False,True,False,128,192,0.0489488424670165,0.013339852132916108,0.016336709091722745,0.004072826938864238,0.00969169541741699,0.006098438480868107
B4,0.6,0.5,0,False,True,False,127,192,0.02496504392403584,0.012892721400909746,0.008668202140163367,0.003526328958279479,0.00642554930140804,0.0023213045262872045
B4,0.6,0.6,0,True,True,True,127,192,0.010683142129247647,0.006592417988618704,0.0035337860646885155,0.0018238899192249969,0.002839623148700121,0.0010086018072896774
B4,0.6,0.7,0,True,True,True,128,192,0.002677223362553105,0.0018388437093968119,0.0013850011217722974,0.0005925021080308845,0.00182948521914994,0.0004590484600554001
B4,0.6,0.8,0,True,True,True,128,192,0.003292210041473509,0.0005098415188615341,0.001157352185438526,0.00011100938107184988,0.0013201221600808166,0.00021172168980498896
B4,0.6,0.9,0,True,True,True,127,192,0.001801507947617409,0.0009962898965423378,0.0009298530107210712,0.0001879173757588226,0.0010755559067854303,0.00011700732690900217
B4,0.6,1.0,0,True,True,True,127,192,0.0021519488694978772,0.00015395291863583294,0.000822279712168042,5.1817051369626443e-05,0.0008198323100510052,0.00010186482655683005
B4,0.6,1.1,0,True,True,True,127,192,0.000811593194747745,0.0002769321756783405,0.00039183149421684327,6.0863244482622925e-05,0.0003400297840880917,6.232156874230732e-05
B4,0.6,1.2,0,True,True,True,127,192,0.0006704428384261552,0.0004026067732517541,0.00027862995889399444,8.760054747306012e-05,0.0002404023173641079,4.184531358653043e-05
B4,0.6,1.3,0,True,True,True,96,192,0.0008810127686329078,0.00031480953260129216,0.0003792099267418414,6.513967367038909e-05,0.00035449261045428226,2.642154468091018e-05
B4,0.6,1.4,0,True,True,True,96,192,0.0009067879676743357,0.0002207742871590153,0.0002757961812203391,4.5000048346816035e-05,0.0001821038066531777,1.7607286529885968e-05
B4,0.6,1.5,0,True,True,True,128,192,0.00016786306780675053,0.0001859440575328053,6.331945168738806e-05,3.6208606838783464e-05,5.180104087598725e-05,1.175005134945728e-05
B4,0.6,1.6,0,True,True,True,95,192,0.001064071482530557,0.00019328570420168792,0.00040081919793724663,3.651285147832084e-05,0.00022482595783279713,1.0439513075222173e-05
B4,0.6,1.7,0,True,True,True,95,192,0.0010997035343302403,0.00011546678481367742,0.00043781748913696017,2.2412534663868167e-05,0.00023011778576786934,8.848480416823179e-06
B4,0.6,1.8,0,True,True,True,95,192,0.0012925600099890355,2.508652617178031e-05,0.0005339649288615411,7.980065873325337e-06,0.000205147291463037,9.881551454538062e-06
B4,0.6,1.9,0,True,True,True,96,192,0.0003801198438172296,1.9234805730794502e-05,0.00014908731325044555,6.833114709975385e-06,5.7117626116820475e-05,6.959115135596328e-06
B4,0.6,2.0,0,True,True,True,95,192,0.00031240635773077674,4.17320241196395e-05,0.00014053830881352591,1.4075887753373095e-05,7.816726624321202e-05,5.1438879543619365e-06
B4,0.65,0.1,0,True,True,True,32,192,0.0002545044415279696,8.788481254740077e-06,9.297714465816842e-05,2.817915565556106e-06,0.000791743044858545,1.5250007274772437e-05
B4,0.65,0.2,0,True,True,True,128,192,0.0041038339313034244,0.0008090585115828608,0.0012452609368568957,0.00021230969472380012,0.0034184181924571677,0.00045516445436338815
B4,0.65,0.3,0,False,False,False,128,192,0.09936928382049226,0.044449587592844564,0.029122505641705654,0.013498772353679467,0.04324195314835472,0.018848951779638967
B4,0.65,0.4,0,False,False,False,128,192,0.06851299860640009,0.013673410389052287,0.01806803382957911,0.004276546487204075,0.0037704484161585894,0.0026336344449880977
B4,0.65,0.5,0,False,True,False,128,192,0.006847824053579754,0.0069200179962827235,0.002249415911045022,0.002512036350171984,0.007220335930058996,0.00484823104884502
B4,0.65,0.6,0,True,True,True,128,192,0.00995557689918088,0.003918973894223937,0.0033877884708121697,0.0016235864085923785,0.004938663367632157,0.002231439635465682
B4,0.65,0.7,0,True,True,True,128,192,0.006997300803374129,0.00214225762918524,0.002569118028007855,0.0009571049112537117,0.0029448528348022807,0.0010619803897293778
B4,0.65,0.8,0,True,True,True,128,192,0.0026051110548064305,0.0028584138990584637,0.0009288339921508515,0.0009432008244495416,0.0012683005166707062,0.0007625301851703625
B4,0.65,0.9,0,True,True,True,128,192,0.0015064573177890617,0.0014214344581519184,0.0006815116992256592,0.0004733958481685785,0.0008198847426591493,0.0003705766984928305
B4,0.65,1.0,0,True,True,True,128,192,0.0012553415518938293,0.0005960474910212347,0.0006007240203249609,0.00022027327404069985,0.000703346657465076,0.00019686978353339324
B4,0.65,1.1,0,True,True,True,127,192,0.0023896913653606716,0.00040214840611945725,0.0008096384616252394,0.00014253547196479976,0.0008840319857612577,0.00010956229471470458
B4,0.65,1.2,0,True,True,True,127,192,0.001551449077328404,0.00019490490198117993,0.0005729704388218737,8.549073719087141e-05,0.0006034739173118586,8.000718767953163e-05
B4,0.65,1.3,0,True,True,True,127,192,0.0007524672399050261,0.00012102599028523953,0.00027619239179182964,5.65295469178162e-05,0.00032595137417434916,5.111432002835592e-05
B4,0.65,1.4,0,True,True,True,96,192,0.0008111016552652117,8.140721965338438e-05,0.0003185550522859515,3.9018278970542886e-05,0.00032562531319213495,3.33281521522899e-05
B4,0.65,1.5,0,True,True,True,96,192,0.0007149795571028544,5.194906728135662e-05,0.00024408211445831052,2.9349499294770154e-05,0.00028657851675706336,2.20876042134055e-05
B4,0.65,1.6,0,True,True,True,95,192,0.0007075968890493389,3.830902484774912e-05,0.00030370588352603145,1.858876846171087e-05,0.0002191110888993819,1.4853704592754369e-05
B4,0.65,1.7,0,True,True,True,95,192,0.0006685724625673517,2.918767339360473e-05,0.00022074853904302527,1.4070415432665406e-05,0.00027881065329771193,1.0314400744171337e-05
B4,0.65,1.8,0,True,True,True,96,192,0.0006705305771701406,2.1064225514379198e-05,0.0002828101311908582,1.0024265942765176e-05,0.0002057746719204001,7.157623040487948e-06
B4,0.65,1.9,0,True,True,True,95,192,0.0015073634653430326,2.180128009374345e-05,0.0005624652005370712,9.255518501866122e-06,0.0002514875484131984,5.148836971891058e-06
B4,0.65,2.0,0,True,True,True,95,192,0.0004319865678890228,1.8682000580158217e-05,0.00016586830332543379,6.426296952410926e-06,8.849455094361858e-05,3.441882930554918e-06
B4,0.7,0.1,0,True,True,True,32,192,0.0001128326880166508,1.0746291981833522e-06,4.1567462857439175e-05,2.9035807791455426e-07,0.00043221725070974326,2.4069080946514942e-06
B4,0.7,0.2,0,True,True,True,64,192,0.0018487636054463907,0.00017669235882944445,0.0006279269588552183,5.136633276836555e-05,0.0028689396903469333,0.0001713503835240604
B4,0.7,0.3,0,True,True,True,128,192,0.014280594783421363,0.002543562857392989,0.00420688719500506,0.0007323683632822209,0.008965351116011988,0.0013689075163920705
B4,0.7,0.4,0,False,True,False,128,192,0.044422177679514174,0.018824893429627565,0.012199072183127102,0.00523946626456917,0.014177307728540423,0.006413436684699736
B4,0.7,0.5,0,False,True,False,128,192,0.0091038123345627,0.01700484850815226,0.004021643121874752,0.005589537621380536,0.00861471093196553,0.0028656666052038204
B4,0.7,0.6,0,False,True,False,128,192,0.0052576315715422844,0.004368870358125998,0.001678269676992139,0.0016853707127455764,0.0076672948609418645,0.004428542874875707
B4,0.7,0.7,0,False,True,False,127,192,0.015432455932073375,0.00438004129952807,0.0050914784784002465,0.0016158977336437064,0.00714886514773283,0.002637028050004875
B4,0.7,0.8,0,True,True,True,128,192,0.0024306225252798963,0.0024514068580279297,0.0008610074359551301,0.000888306935485722,0.0024575099029380265,0.0011960528871191034
B4,0.7,0.9,0,True,True,True,128,192,0.0017104790532739347,0.0013942925191460856,0.0006340529399815331,0.0004750501942641927,0.0010282991613904668,0.0005589568804013068
B4,0.7,1.0,0,True,True,True,128,192,0.0011109339331263346,0.0008206313663799078,0.0003907826742744619,0.00026246389372405754,0.0005722615407158793,0.0002754553374106905
B4,0.7,1.1,0,True,True,True,127,192,0.0026203268947140104,0.0005234134496984073,0.000798890128393015,0.00015525454795844995,0.0010667319615925708,0.00014418365808066547
B4,0.7,1.2,0,True,True,True,127,192,0.0015487559849406696,0.00034370574020110845,0.0006857065866018863,9.52697500899713e-05,0.0006802102095126994,7.94185318273577e-05
B4,0.7,1.3,0,True,True,True,127,192,0.0007008606831308828,0.00024096006519798777,0.0002732787112465357,6.179480507609303e-05,0.000481058697383685,4.555552601614998e-05
B4,0.7,1.4,0,True,True,True,127,192,0.000520597424088387,0.00016816613984675308,0.00017010428692229573,4.080010199752904e-05,0.00032897151251853884,2.7685504057628485e-05
B4,0.7,1.5,0,True,True,True,96,192,0.0014268201367461375,0.0001251823361971341,0.0006082251296357644,2.860759403877644e-05,0.00042726171616591646,1.7469637166867003e-05
B4,0.7,1.6,0,True,True,True,95,192,0.0007901470565962188,9.448350628277896e-05,0.0002676679824480388,2.074333837945308e-05,0.00032790862576703717,1.1060088507153232e-05
B4,0.7,1.7,0,True,True,True,96,192,0.0006400402903879998,6.231499788460909e-05,0.00023916534945600532,1.4164308152236904e-05,0.0002515950800046074,7.30955911210085e-06
B4,0.7,1.8,0,True,True,True,96,192,0.0003154112134218026,4.743885855643115e-05,9.737930593778366e-05,1.0469326090528641e-05,9.91306179056739e-05,5.294808308242693e-06
B4,0.7,1.9,0,True,True,True,96,192,0.0007373269372330099,4.031290014163552e-05,0.00026937054384777726,8.569102440236787e-06,0.000169293272722304,3.555129653998179e-06
B4,0.7,2.0,0,True,True,True,95,192,0.0009473054960229335,3.1219819707040825e-05,0.0002944130535991324,6.290976282269378e-06,0.00020325739795379327,2.328134098950052e-06
B4,0.75,0.1,0,True,True,True,32,192,5.890641128414309e-05,4.587148862977841e-07,2.179297428284155e-05,1.5043424284044704e-07,0.0002622690899473229,1.1388780278148714e-06
B4,0.75,0.2,0,True,True,True,64,192,0.0007739378162159305,9.082421340833591e-05,0.0002689331399283179,2.6414377073125106e-05,0.0014921976027739425,0.00010406432102239016
B4,0.75,0.3,0,True,True,True,128,192,0.003814750876895756,0.0009887468762765916,0.001135633320583418,0.0003065164884634153,0.003098224934775351,0.0007866780144400454
B4,0.75,0.4,0,False,True,False,128,192,0.026430189260908454,0.011720123375149605,0.007620640807970425,0.0033268792864018515,0.013755658911773494,0.0051537481486462755
B4,0.75,0.5,0,False,False,False,128,192,0.06227244851579905,0.02431680425353755,0.016676641618806443,0.007395941946264473,0.017549639904590464,0.00775024279869696
B4,0.75,0.6,0,False,True,False,128,192,0.026642366781346793,0.0023517149301760243,0.0076275190196749415,0.0007450255598397959,0.0013390360017093705,0.0007675698425857469
B4,0.75,0.7,0,False,True,False,128,192,0.00452832848641227,0.00501757504922562,0.001636498256265717,0.0015769718995481408,0.0046125168207454825,0.0007724753502476034
B4,0.75,0.8,0,True,True,True,127,192,0.006943672821909941,0.006244874259771743,0.0023897373646366016,0.0018658872780297764,0.0044237966931389705,0.0007494042751777785
B4,0.75,0.9,0,True,True,True,128,192,0.002093794273557603,0.0020320002674270587,0.0007311124708735406,0.0007324826835536091,0.0018778803345391726,0.0008597189719655729
B4,0.75,1.0,0,True,True,True,127,192,0.0025093884529961974,0.0006946925536758797,0.0009742982491293545,0.0002577439071139165,0.0018544019230993802,0.00034265412878986545
B4,0.75,1.1,0,True,True,True,128,192,0.0013605857002162852,0.0003700299936038598,0.0005328919351878653,0.00016363978441399918,0.0010065021571108446,0.00016929892040551398
B4,0.75,1.2,0,True,True,True,128,192,0.001116251224641207,0.0003034146378392,0.0004125374650838648,0.00010529273917492254,0.0006432593547132104,9.24563502973097e-05
B4,0.75,1.3,0,True,True,True,127,192,0.0014484788476815669,0.00022955447692052378,0.0004907422879436851,7.010160362797002e-05,0.0007958636606510971,5.410455321486207e-05
B4,0.75,1.4,0,True,True,True,127,192,0.00098547365367746,0.00016851050288155256,0.00032691228142425754,5.125797222182982e-05,0.0005544145831134495,3.453828089572397e-05
B4,0.75,1.5,0,True,True,True,127,192,0.0006327092725878225,0.0001199779354087438,0.00023647240843580053,3.4965701831479734e-05,0.0003316498830415737,2.2674269344213904e-05
B4,0.75,1.6,0,True,True,True,127,192,0.0007286599673189398,8.73562404328787e-05,0.00025405569884326407,2.4105311312000444e-05,0.00033992194349263816,1.5737498469947653e-05
B4,0.75,1.7,0,True,True,True,95,192,0.000718159903329435,6.249849398416718e-05,0.00023758200204578028,1.5993811593784102e-05,0.0003203365509908407,1.089584169355895e-05
B4,0.75,1.8,0,True,True,True,127,192,0.0003079423196566955,4.373333167008442e-05,0.00011419401367010473,1.1063750011225393e-05,0.0001376367479023477,7.568030481297505e-06
B4,0.75,1.9,0,True,True,True,95,192,0.0013150366052477984,7.221013080995625e-05,0.00033672018218608435,1.3412208228730238e-05,0.00023367963312859175,7.090003065868267e-06
B4,0.75,2.0,0,True,True,True,96,192,0.0003368981262368981,7.24419664431715e-05,9.963092066822554e-05,1.54245158077021e-05,9.542136293172465e-05,5.267890598403824e-06
B4,0.8,0.1,0,True,True,True,32,192,3.3878587290758766e-05,2.9788425970345145e-07,1.2566317115159098e-05,9.770654513241439e-08,0.00016998720720277916,3.5685334759394394e-07
B4,0.8,0.2,0,True,True,True,32,192,0.0007195901195866661,1.0336144416922544e-05,0.0002588774550442152,2.9847448868580706e-06,0.0017209571113251942,1.3806435834706754e-05
B4,0.8,0.3,0,True,True,True,128,192,0.0013747501809829865,0.000374360403598617,0.00041054716719762796,0.00011939836545665772,0.001313706745697668,0.0003760574451873999
B4,0.8,0.4,0,True,True,True,128,192,0.00957512791229942,0.0021718707858098263,0.002799784034197339,0.0006571390140894251,0.0061293470929412175,0.0013709027874301283
B4,0.8,0.5,0,True,True,True,128,192,0.014930605331556102,0.0074940121272637494,0.004069706507915716,0.0022256551903839794,0.005662990120093969,0.003216598728804032
B4,0.8,0.6,0,False,True,False,128,192,0.02128028109274327,0.005647879813799328,0.005678570626990537,0.0016270805443495545,0.003978680903392484,0.0006945476989245192
B4,0.8,0.7,0,False,True,False,128,192,0.004870459675640135,0.0010011755034240247,0.0019108774391958516,0.0003288543358334478,0.003392743043003743,0.0010121932999165306
B4,0.8,0.8,0,True,True,True,127,192,0.002172903110841673,0.0005611901966725147,0.0006175085332741914,0.00018069260679841326,0.0014838912636088164,0.0007642679185613233
B4,0.8,0.9,0,False,True,False,127,192,0.005359717733463873,0.0006424403955086477,0.0018614874889543581,0.0002202605614403108,0.004473222787634623,0.0004292546806158315
B4,0.8,1.0,0,True,True,True,128,192,0.004164762489946419,0.00037946895982637896,0.0012977445632721823,0.00012787715374540376,0.0025416471828716425,0.0002945344247426984
B4,0.8,1.1,0,True,True,True,128,192,0.0023758678308319348,0.0002395116693361815,0.0007931309302330602,8.035511790600858e-05,0.0010533439696380764,0.00019994489203489785
B4,0.8,1.2,0,True,True,True,128,192,0.001698662364983089,0.00018324455647975024,0.0006208019772679374,6.514827329737877e-05,0.0010195362590633694,0.00013452062664820463
B4,0.8,1.3,0,True,True,True,128,192,0.001214718919503463,0.00014766276189981387,0.0004075450178078477,5.2337499308323376e-05,0.0006123729235152364,9.168764461431334e-05
B4,0.8,1.4,0,True,True,True,127,192,0.0015567241112065533,0.00012046971579469934,0.0005764632129149627,4.127803061674401e-05,0.0005079941968998414,6.285333789335379e-05
B4,0.8,1.5,0,True,True,True,127,192,0.0010256094805431992,9.275473230094256e-05,0.0003568878873563275,3.2018516260973184e-05,0.0004473353345472164,4.366951846213052e-05
B4,0.8,1.6,0,True,True,True,127,192,0.0008264838476967004,7.280925860134874e-05,0.0002730395849020739,2.562687756160753e-05,0.00033577345233637423,3.10280340999336e-05
B4,0.8,1.7,0,True,True,True,127,192,0.0005965218840764328,5.6703404711096195e-05,0.00019284097481231388,1.9927191747329265e-05,0.0002304241717536737,2.2161586532232214e-05
B4,0.8,1.8,0,True,True,True,96,192,0.0008321247929986009,4.20557925899373e-05,0.0002803818650077561,1.558548968813578e-05,0.0002459453777016174,1.6122888236047572e-05
B4,0.8,1.9,0,True,True,True,95,192,0.0008312015460126831,2.9473240992089478e-05,0.0003016619577058399,1.2901151642666364e-05,0.00028105950222601095,1.1954973347161335e-05
B4,0.8,2.0,0,True,True,True,95,192,0.0004556947960644084,2.2394769535000192e-05,0.00016763797586683005,1.0138151770797132e-05,0.00017791542974121555,9.329097191534963e-06
B4,0.85,0.1,0,True,True,True,32,192,2.0808646794323593e-05,1.4826937988487998e-07,7.732244761915474e-06,5.54547037179276e-08,0.00011540385862372077,5.445550865443294e-07
B4,0.85,0.2,0,True,True,True,32,192,0.0004208785835608797,8.850691745831973e-06,0.00015244414052928423,2.6766600599303914e-06,0.001125444648361118,1.3585388302220225e-05
B4,0.85,0.3,0,True,True,True,128,192,0.0005958808368923263,6.659335009584488e-05,0.0001765959196500244,2.1835886340970667e-05,0.0006496719812411622,7.50306071840845e-05
B4,0.85,0.4,0,True,True,True,96,192,0.0048480493636928745,0.0004748300282813034,0.0014348330496133377,0.00014576554246198414,0.003854624394876882,0.00033320407040726696
B4,0.85,0.5,0,True,True,True,128,192,0.01314166885391721,0.0019509837352331694,0.0038256039737407654,0.0005637575262014138,0.006966000107803294,0.0008758424309600055
B4,0.85,0.6,0,False,True,False,128,192,0.02703869425365535,0.0045955739734191425,0.00722765932818209,0.0012216427737679614,0.008857519076795772,0.0011928595768397887
B4,0.85,0.7,0,False,True,False,128,192,0.01930666816324289,0.00866008077024305,0.005616796197774998,0.0023645513728775824,0.0021730642894005614,0.0015054774065621501
B4,0.85,0.8,0,False,True,False,127,192,0.01221105791158894,0.01230634659427321,0.004232158559773103,0.003461484274759105,0.0008662265717882534,0.0015660034504066944
B4,0.85,0.9,0,True,True,True,128,192,0.003857940036541302,0.0026821334459192214,0.0015473211395923975,0.0010160709200060097,0.0015959226918639269,0.0017484775443061817
B4,0.85,1.0,0,True,True,True,127,192,0.002896406446719388,0.0019442588665250643,0.0009037075446692439,0.0007503814964237021,0.002560551061783989,0.0010797185893067773
B4,0.85,1.1,0,True,True,True,128,192,0.0018856332674457993,0.0013762238294437318,0.0006312135062585544,0.0005586196111314334,0.0012511775945740489,0.000656369193924311
B4,0.85,1.2,0,True,True,True,127,192,0.0015516299603633987,0.0006813281685007638,0.000492250117241827,0.0001954951355850748,0.0011923808241757206,0.00038375069780638427
B4,0.85,1.3,0,True,True,True,127,192,0.001823001051350026,0.0005260273525346665,0.0006286741707230148,0.00014925069251729706,0.0006761052516788268,0.00025448953566420407
B4,0.85,1.4,0,True,True,True,127,192,0.0006962906027496024,0.0004034020796261639,0.00025105143541244435,0.00011327454989371044,0.00047465666892565483,0.00017195704928973932
B4,0.85,1.5,0,True,True,True,128,192,0.001170356122422181,0.0003081416999914932,0.0003689323588042248,8.549145822701887e-05,0.0005005621839165864,0.00011875431806973591
B4,0.85,1.6,0,True,True,True,127,192,0.00045918070372098774,0.00023580524279484538,0.00014955591719774397,6.622886138683837e-05,0.0002277104740004976,8.32612080500228e-05
B4,0.85,1.7,0,True,True,True,127,192,0.0006356176743522735,0.00010943238388058663,0.00019763628304735048,3.700399275954891e-05,0.0003506399075128286,6.64848153802966e-05
B4,0.85,1.8,0,True,True,True,127,192,0.0007780276525563012,0.00010538634746887904,0.0002572197575784335,2.9323819535714835e-05,0.00027224479709431204,4.458805599216742e-05
B4,0.85,1.9,0,True,True,True,96,192,0.0008301410071907683,9.975986540440573e-05,0.0002338599489994514,3.155115682973442e-05,0.000249958153721197,2.983711254533894e-05
B4,0.85,2.0,0,True,True,True,96,192,0.000708521650173162,6.543830683969354e-05,0.0002655242166025862,2.4480857815922796e-05,0.00032079290296549434,8.131578569381404e-06
B4,0.9,0.1,0,False,True,False,31,192,8.130266162420519e-05,5.546266690359403e-08,2.688007250156721e-05,1.6354500344045383e-08,0.0007432032773648928,3.4074271737516426e-08
B4,0.9,0.2,0,True,True,True,32,192,0.00026219542112415617,3.0145487117660963e-06,9.543411041090799e-05,9.219461144516217e-07,0.0007703698163034345,4.87148433074569e-06
B4,0.9,0.3,0,True,True,True,64,192,0.0009660081149738264,8.528273536845266e-05,0.0003323287964972499,2.7512358200643128e-05,0.0016781534276973098,0.00010272789870605092
B4,0.9,0.4,0,True,True,True,128,192,0.00181767029037061,0.00019286624592851354,0.0005359582378542393,6.147149759649917e-05,0.0015766123709083923,0.0001641934618686336
B4,0.9,0.5,0,True,True,True,128,192,0.005744827448800338,0.0007866107257412658,0.001648121408704406,0.00023186950092041192,0.003406125477598887,0.0004319550222935953
B4,0.9,0.6,0,True,True,True,128,192,0.01533690773049523,0.0020038371704017566,0.004292877102208825,0.0005533135641033748,0.0063304765980415345,0.0006951822991966838
B4,0.9,0.7,0,False,True,False,128,192,0.018940469406424687,0.003955432893926747,0.005144675009226857,0.0010703022059661352,0.004666794977220667,0.0008379606363203562
B4,0.9,0.8,0,True,True,True,128,192,0.007035465903655669,0.006809679244855649,0.0025052139355144915,0.0019058843320081814,0.00038722358142306845,0.0011236818377039492
B4,0.9,0.9,0,False,True,False,128,192,0.007447341413721054,0.0015520483965300036,0.0028305794390412475,0.0004180387460539503,0.0021558468747401305,0.0011429849270291337
B4,0.9,1.0,0,True,True,True,127,192,0.0025775436365976442,0.0012358943446332815,0.0011335857177367653,0.00038836985590540163,0.0014754093584287142,0.0008439358956292553
B4,0.9,1.1,0,True,True,True,128,192,0.0024507741083586027,0.0005788898228796802,0.0006800924806347752,0.00019326011308323787,0.0010753866123659472,0.0005085330768280771
B4,0.9,1.2,0,True,True,True,127,192,0.0032506965445390362,0.0002999257127602739,0.0010738129299244226,0.0001548736846155238,0.0013190175930996029,0.0003090362019987358
B4,0.9,1.3,0,True,True,True,127,192,0.0033571337529366974,0.0003878122568466147,0.0009562481211646823,0.00013775640974669767,0.0014496593454597084,0.00021467864048285712
B4,0.9,1.4,0,True,True,True,128,192,0.0014387027266658525,0.0002046513682960882,0.00042813314315212625,0.0001131589580107284,0.000791979078609728,0.0001721768946411073
B4,0.9,1.5,0,True,True,True,127,192,0.0015500962392671139,0.0004026418771180401,0.0004896596658995472,0.00010531651290887623,0.0008644618430523332,0.00012021173493870219
B4,0.9,1.6,0,True,True,True,127,192,0.0009273243570799006,0.00019886880079822422,0.00028782201472817015,6.887339804118042e-05,0.0004967441655201466,7.43346561010716e-05
B4,0.9,1.7,0,True,True,True,127,192,0.0008816861043334234,9.723850496332065e-05,0.00028439305001179416,3.3885209573425445e-05,0.00041543424658585515,2.6830944438449578e-05
B4,0.9,1.8,0,True,True,True,128,192,0.0004128094857562964,6.627876912254638e-05,0.00012517817468439552,2.5806360949245932e-05,0.00016164677460939192,1.767490828674667e-05
B4,0.9,1.9,0,True,True,True,127,192,0.00047476785598812854,4.559919947727531e-05,0.00017347188073485453,2.0853294753625518e-05,0.00027756124250477576,1.167348838548854e-05
B4,0.9,2.0,0,True,True,True,95,192,0.0011715038334293854,3.68207458908143e-05,0.0003629717441626934,1.6000947052993708e-05,0.00032566110775866797,7.969262340923322e-06
B4,0.95,0.1,0,False,True,False,31,192,6.410672215284574e-05,1.431226676062991e-07,2.1141839653571193e-05,5.0837203613429693e-08,0.0006243435375514889,5.347843949760067e-07
B4,0.95,0.2,0,True,True,True,32,192,0.00017111058960439518,2.656411676293935e-06,6.251691249165026e-05,8.345193577658991e-07,0.0005458097022883607,5.176851330654375e-06
B4,0.95,0.3,0,True,True,True,64,192,0.0005901819204421344,3.477819444919206e-05,0.00020522927607480312,1.1218455031047903e-05,0.0011362700145907123,5.177452767202162e-05
B4,0.95,0.4,0,True,True,True,96,192,0.0011057610046034672,8.873364122807814e-05,0.000326286802455944,2.8743572961176245e-05,0.0010866487598415742,8.836586043647898e-05
B4,0.95,0.5,0,True,True,True,96,192,0.003988738098871014,0.00034920264934723555,0.001154637183343299,0.00010482448036130965,0.0028862120756041887,0.00022685153708623673
B4,0.95,0.6,0,True,True,True,128,192,0.00769973196217677,0.0009922999217971684,0.0021518652317698006,0.0002792862352754555,0.003766281141814043,0.00043230939149896397
B4,0.95,0.7,0,True,True,True,128,192,0.012052120181079817,0.0019145789015903025,0.0032900129647754905,0.0004996144957609347,0.0038303282047726928,0.0005064336749102116
B4,0.95,0.8,0,False,True,False,128,192,0.010763730521562875,0.0035007748594043653,0.003334776077731194,0.0009782027461070764,0.0013827629819584963,0.0006640717080044212
B4,0.95,0.9,0,False,True,False,128,192,0.0034584928927856445,0.005526550315207879,0.0015160305473836816,0.0015771404005463924,0.0018665850807781936,0.0008831214895880235
B4,0.95,1.0,0,True,True,True,127,192,0.004356363112899643,0.0011011960291117395,0.0016572584898096876,0.00029888769620484146,0.0021524940804056314,0.00084190363518033
B4,0.95,1.1,0,True,True,True,128,192,0.0038008685474816978,0.00089928867131428,0.0013327765183092366,0.0002813640326250755,0.001601787854955239,0.0006432662155779756
B4,0.95,1.2,0,True,True,True,128,192,0.0019682845857518713,0.0004742947771089745,0.0005904098515478601,0.00016713450458097356,0.0011911273987680326,0.00041913908838353553
B4,0.95,1.3,0,True,True,True,127,192,0.002012746772877577,0.00029196587495189386,0.0006380671512862673,0.0001187744437321156,0.0013706201728385103,0.0002685609566474012
B4,0.95,1.4,0,True,True,True,127,192,0.0010330953055710246,0.0002017270785369396,0.0003447735264812679,0.00010953803049625066,0.0008840045623776938,0.00018326383152844627
B4,0.95,1.5,0,True,True,True,127,192,0.0016227276917041705,0.00015903753202517468,0.0004924808924876706,8.995842073346999e-05,0.000965897752225553,0.00014388239177676176
B4,0.95,1.6,0,True,True,True,127,192,0.0008483198217820523,0.000247887490091081,0.0002589993766117099,6.705275119073262e-05,0.0005100014310038814,0.0001002746219345152
B4,0.95,1.7,0,True,True,True,127,192,0.0008936907519642018,0.00020136873572554337,0.0002718964369565202,5.621969398209026e-05,0.0004935572823134837,7.040970879823583e-05
B4,0.95,1.8,0,True,True,True,127,192,0.0008152913236160186,5.640444582066806e-05,0.00025102079852803993,1.8968102505567686e-05,0.0004095879910873679,2.6374877262314023e-05
B4,0.95,1.9,0,True,True,True,95,192,0.0010272954304198015,4.298887629028414e-05,0.0003089610921612612,1.4554514055215018e-05,0.0004526636472548251,1.8357236679977795e-05
B4,0.95,2.0,0,True,True,True,95,192,0.0008760385710816498,2.8794561699074794e-05,0.00028176131187465647,1.1102519896485918e-05,0.00037579126822695486,1.18800571634603e-05
B4,1.0,0.1,0,False,True,False,31,192,5.228979502447384e-05,6.012556541534764e-08,1.725314047745785e-05,2.2068896321503217e-08,0.0005360984957398646,3.2748741005811377e-07
B4,1.0,0.2,0,True,True,True,32,192,0.00011590004226125217,1.2027050710905485e-06,4.2471839821311974e-05,3.4227418443943947e-07,0.0003979247444746564,2.5628451428144627e-06
B4,1.0,0.3,0,True,True,True,32,192,0.0006481209401532073,1.0318792823538203e-05,0.00023419141184788383,2.867243722726176e-06,0.0014276885065336864,1.2535312590683523e-05
B4,1.0,0.4,0,True,True,True,64,192,0.001169237812632673,7.189300564736101e-05,0.0003844766792740484,2.0741500693977066e-05,0.0015652537410303646,6.646178526684143e-05
B4,1.0,0.5,0,True,True,True,96,192,0.002542137687060353,0.00039255726682807524,0.0007356823637462151,0.00011103904047687907,0.0020816605456914217,0.00027040169772973854
B4,1.0,0.6,0,True,True,True,128,192,0.004503969467005486,0.0013904923982095418,0.0012652361831658188,0.0003874155233463683,0.0025383159338741024,0.0007285914527885295
B4,1.0,0.7,0,True,True,True,128,192,0.00776954178947753,0.0031881000754289124,0.0021621125519388773,0.0008795694953649402,0.003100134278158362,0.0012381861951573647
B4,1.0,0.8,0,True,True,True,128,192,0.008811699341354173,0.004795766077572039,0.0025370051379897188,0.001323309928105143,0.0022689214481714792,0.0012913092853245045
B4,1.0,0.9,0,False,True,False,128,192,0.010053169190534561,0.002818430766534541,0.00307478460340857,0.0008021786911319578,0.0010523827291180066,9.321763332437172e-05
B4,1.0,1.0,0,True,True,True,128,192,0.004054986824249485,0.0020668897912107242,0.0014997644208974148,0.0006616548186318266,0.0007261960478396334,0.0004271262782443719
B4,1.0,1.1,0,True,True,True,128,192,0.004100324900501301,0.0004400255017498189,0.001689385917484021,0.00011272949628032825,0.0012090598310671163,0.0002232129307701003
B4,1.0,1.2,0,True,True,True,127,192,0.0023574108953863457,0.00034273530517270334,0.0007710998499554575,8.553774815101001e-05,0.001617082448167051,0.00016336659292681688
B4,1.0,1.3,0,True,True,True,128,192,0.0016701929933692489,0.00028227173471290223,0.0005256252983844717,6.957855589012629e-05,0.0011271615598434925,0.0001327712918161028
B4,1.0,1.4,0,True,True,True,128,192,0.0015727376649352226,0.00024763876072994573,0.000451214401170158,6.0461488226665194e-05,0.0009614002358486751,0.0001101445558222558
B4,1.0,1.5,0,True,True,True,127,192,0.0018004379706324097,0.00020191884342637967,0.0004795861862642026,5.5424246908616914e-05,0.0009051511497402132,0.00012278094878614976
B4,1.0,1.6,0,True,True,True,127,192,0.0009860006227147555,0.00015058565078007735,0.0003279210297898044,5.077290107145804e-05,0.0006667161516730191,7.997306463591869e-05
B4,1.0,1.7,0,True,True,True,128,192,0.0005925256527592321,0.00010492858338154165,0.00021517233331067032,4.532903542939226e-05,0.00027423815178229116,5.220292288921069e-05
B4,1.0,1.8,0,True,True,True,127,192,0.0006145996942452658,8.220039432790122e-05,0.00021547329790680414,4.0360377795270463e-05,0.0004322845658735197,3.467219247166309e-05
B4,1.0,1.9,0,True,True,True,127,192,0.001320635559088519,8.11448691967337e-05,0.00035849149917724366,3.5112795973998856e-05,0.00041814689005525985,2.3669144093574346e-05
B4,1.0,2.0,0,True,True,True,128,192,0.0004128789441020797,7.756338113141387e-05,0.0001337634100653795,3.055636518652094e-05,0.00018241692564069378,1.6534003549950604e-05
B4,0.0,0.1,0.01,True,True,True,31,192,0.14219434146153598,0.7612721736480139,0.11125336142040287,0.6040371817975226,0.0040596435918656415,0.056343150284613716
B4,0.0,0.2,0.01,True,True,True,31,192,0.14681860103458622,0.7553173604337895,0.11387438672051176,0.5985215808195267,0.009040210536805787,0.02623568724647203
B4,0.0,0.3,0.01,True,True,True,64,192,0.29159586874417054,0.7447547827065335,0.22597747204375618,0.5892213923056278,0.02347521142214065,0.004617127934065074
B4,0.0,0.4,0.01,True,True,True,64,192,0.29367406777836824,0.7622638002282836,0.2262290317075586,0.600568587919381,0.03082911761877008,0.025569019533558057
B4,0.0,0.5,0.01,True,True,True,95,192,0.3738754306091078,0.7057767600905569,0.29612068374553224,0.5561058278032742,0.05755680659168233,0.07064109125064266
B4,0.0,0.6,0.01,True,True,True,90,192,0.3397347007964726,0.6732517590390199,0.27130496641249113,0.5298392189838206,0.06497482714975578,0.10665747549020765
B4,0.0,0.7,0.01,True,True,True,64,192,0.24120677088665987,0.6263495830555315,0.18879470626472972,0.49362713080945986,0.0566060887855942,0.1461042023507536
B4,0.0,0.8,0.01,True,True,True,96,192,0.29995654319704634,0.5595730962505615,0.24166333392813355,0.4445550792151576,0.10056675321352054,0.18935845948048124
B4,0.0,0.9,0.01,True,True,True,96,192,0.24919119911612342,0.4714799995369082,0.2068843914581806,0.3823225937377962,0.11223545386213934,0.23477431743127125
B4,0.0,1.0,0.01,True,True,True,96,192,0.2037898301986687,0.37194110090426413,0.17520191608293223,0.31364361388318707,0.14792800962183483,0.2773588045688463
B4,0.0,1.1,0.01,True,True,True,127,192,0.22347354933101748,0.2913378522037072,0.17048360258727657,0.2497489733127624,0.22895811364236657,0.3119787511108664
B4,0.0,1.2,0.01,True,True,True,96,192,0.15787312244667462,0.249265289658056,0.11130336360949866,0.2057901961099167,0.17622933616521053,0.3369713491577168
B4,0.0,1.3,0.01,True,True,True,95,192,0.12962378517792078,0.20102385823938923,0.0874831637159218,0.16435091260338408,0.19936259081899443,0.3544977016233451
B4,0.0,1.4,0.01,True,True,True,95,192,0.12332944729886547,0.19576369001332175,0.07537944051074313,0.1301490668455343,0.20710536154004988,0.366537073973011
B4,0.0,1.5,0.01,True,True,True,127,192,0.141141660759062,0.17740262352118202,0.0766947316151041,0.10896688412220953,0.26599534045829387,0.37501690684152816
B4,0.0,1.6,0.01,True,True,True,95,192,0.10135008362800707,0.16261985176003954,0.05373640202504676,0.09307028405049694,0.21646048108936466,0.3812910718878526
B4,0.0,1.7,0.01,True,True,True,96,192,0.100679357046326,0.13473301087284678,0.0500626297019762,0.08291728934772596,0.21350042004763425,0.3875941797256597
B4,0.0,1.8,0.01,True,True,True,63,192,0.06360209213993129,0.12486065192854781,0.03108821823199298,0.07301493255276267,0.16076793473307627,0.3913298375059864
B4,0.0,1.9,0.01,True,True,True,63,192,0.05883360455838765,0.1163358827682662,0.027771968522465468,0.06510010116621695,0.16164113530043245,0.3943217068746563
B4,0.0,2.0,0.01,True,True,True,63,192,0.055342556625865735,0.10882441733788223,0.02493049373887779,0.058608814741205745,0.17014892514162372,0.3966636757765407
B4,0.05,0.1,0.01,True,True,True,31,192,0.14169938527503045,0.7627186048158265,0.11111874459813675,0.6024495423648537,0.004283762116563304,0.053983895264459736
B4,0.05,0.2,0.01,True,True,True,31,192,0.14613783626169896,0.7561043442657195,0.11405841313580489,0.5961780211035738,0.009997726654025443,0.02163689256963236
B4,0.05,0.3,0.01,True,True,True,63,192,0.2765057188569122,0.7444098198082161,0.21833932851085813,0.5860263551873213,0.024562504883939046,0.011083758550519462
B4,0.05,0.4,0.01,True,True,True,64,192,0.27735372565611893,0.7261420236846468,0.21670507890631385,0.5703906051904019,0.03350599358499087,0.04610656567175761
B4,0.05,0.5,0.01,True,True,True,96,192,0.3811314428178513,0.6995552708860986,0.2986807692904254,0.5488939728708248,0.05467517450862558,0.083751934607358
B4,0.05,0.6,0.01,True,True,True,95,192,0.3512285158602577,0.6595266165992781,0.27939699930486817,0.5173693525150067,0.06699397256414419,0.12344241034449918
B4,0.05,0.7,0.01,True,True,True,95,192,0.31907975544526357,0.5980232212302867,0.2539489139271148,0.4717780137456498,0.09417668587273809,0.16762938369371633
B4,0.05,0.8,0.01,True,True,True,127,192,0.3169804957500569,0.5096608528884422,0.26807813843016587,0.4093546289572845,0.1493818229057755,0.21616337481122372
B4,0.05,0.9,0.01,True,True,True,95,192,0.2125765223424596,0.4001987538165987,0.18191014351486667,0.3345510937322466,0.1499056271439414,0.26419592438453776
B4,0.05,1.0,0.01,True,True,True,95,192,0.17041363370905283,0.3096605475254369,0.1401030453721528,0.26205992031601816,0.17264244784169624,0.304519036991031
B4,0.05,1.1,0.01,True,True,True,95,192,0.1494257347488564,0.25347619012855305,0.1103081231317043,0.2018578496363581,0.19616906735012085,0.33235280320260646
B4,0.05,1.2,0.01,True,True,True,95,192,0.13500611846829347,0.22068151961737842,0.08757649010236518,0.15849792949057,0.20529188951998323,0.35162311099228555
B4,0.05,1.3,0.01,True,True,True,95,192,0.12370284445525759,0.196746149657529,0.071325770787872,0.12677791860382714,0.19877568531011325,0.3627191213641756
B4,0.05,1.4,0.01,True,True,True,95,192,0.1103700588978182,0.17759740535344296,0.059096076995713565,0.10477502807463973,0.20222511537502685,0.3717749947769993
B4,0.05,1.5,0.01,True,True,True,64,192,0.0759948607176697,0.14837846468286864,0.03811763168107096,0.08994172954541743,0.13147199749263716,0.37753684238992524
B4,0.05,1.6,0.01,True,True,True,63,192,0.06403904402724603,0.14956798825925574,0.03280117523118781,0.07721929728767868,0.15896503837765663,0.3855797619165673
B4,0.05,1.7,0.01,True,True,True,63,192,0.06118311477605848,0.12700097588644202,0.02876084646069116,0.0676611702618119,0.16071781225907866,0.3848989096282526
B4,0.05,1.8,0.01,True,True,True,63,192,0.06058813871986479,0.13018403386253138,0.02709906454111566,0.0601849528324519,0.16179284087123558,0.39488173700311036
B4,0.05,1.9,0.01,True,True,True,63,192,0.05413992882630925,0.11159005065893893,0.02331457806910381,0.05389845353995196,0.15760257077478657,0.38968907276934206
B4,0.05,2.0,0.01,True,True,True,63,192,0.05304863853520422,0.10591079012329258,0.022036642852296368,0.04904389666747094,0.16367023862251906,0.3918800596242129
B4,0.1,0.1,0.01,True,True,True,31,192,0.15025302546303287,0.7616431371505153,0.1169229520705719,0.6026062140097858,0.0052902680697279394,0.05255677499017043
B4,0.1,0.2,0.01,True,True,True,31,192,0.14286656703296718,0.7543430084907257,0.11169582679285361,0.5959174605491331,0.00906107541086175,0.01869911266655444
B4,0.1,0.3,0.01,True,True,True,63,192,0.2520636472901483,0.7407448001734733,0.20421681691054439,0.5839089011890334,0.026945816603726136,0.017405336010490546
B4,0.1,0.4,0.01,True,True,True,96,192,0.36765714300689045,0.7194664345705535,0.2934587786820424,0.5663025632984788,0.05083231118705003,0.05752582267710071
B4,0.1,0.5,0.01,True,True,True,95,192,0.4359985322564385,0.6854410947483074,0.3278882010848464,0.5381598603867044,0.0796054806864323,0.0987959791389367
B4,0.1,0.6,0.01,True,True,True,95,192,0.3332924539481842,0.6313938465725488,0.2683668874847486,0.496710816078131,0.09331741529698973,0.14436755107347513
B4,0.1,0.7,0.01,True,True,True,95,192,0.28901385674301083,0.544957694220585,0.23538189868600012,0.4350040781005237,0.11455259811433949,0.19596895004044107
B4,0.1,0.8,0.01,True,True,True,95,192,0.23941432913362004,0.42561491455345646,0.20046043182296314,0.3534859417954283,0.13725891538833201,0.2500689773252095
B4,0.1,0.9,0.01,True,True,True,96,192,0.18717626916891783,0.31948041294653917,0.1485500156689163,0.2700338078432707,0.15166900063435917,0.29566390672603465
B4,0.1,1.0,0.01,True,True,True,95,192,0.14870653520602228,0.2576952671738043,0.11409265885169573,0.20242942876287723,0.18866598068979346,0.32758220980486097
B4,0.1,1.1,0.01,True,True,True,96,192,0.1402685399040895,0.2223637191084918,0.090081992796057,0.15471948635906857,0.18223004726679182,0.3481332423440836
B4,0.1,1.2,0.01,True,True,True,96,192,0.1261687662365179,0.19615801779705344,0.07091288787784744,0.12220376196688876,0.1826866883032482,0.3616142946556735
B4,0.1,1.3,0.01,True,True,True,64,192,0.08217836182553889,0.175760288005583,0.04292868047518583,0.10016969686018051,0.1304383541529246,0.3726346990912297
B4,0.1,1.4,0.01,True,True,True,63,192,0.07379142900949731,0.1615941187975235,0.036015128446452827,0.0836237633484691,0.15106140415118585,0.3774516505588539
B4,0.1,1.5,0.01,True,True,True,63,192,0.061287072457605396,0.14857788454787046,0.029594385417927027,0.07156292898151306,0.1518266534612669,0.3836601720712661
B4,0.1,1.6,0.01,True,True,True,63,192,0.06569133292299029,0.13765453547544682,0.028129739871952414,0.06239394893713793,0.16130834537762218,0.38875834179008695
B4,0.1,1.7,0.01,True,True,True,63,192,0.05866044736321224,0.12852947794068775,0.023521645699410676,0.05528994697559353,0.1621786624785353,0.39296090253643323
B4,0.1,1.8,0.01,True,True,True,63,192,0.05712260097230426,0.12088259103639187,0.022234678128279978,0.04967312986208469,0.1581027135221429,0.39642877936775145
B4,0.1,1.9,0.01,True,True,True,63,192,0.05235091465907299,0.10683977165529537,0.01957492759487192,0.045141562612696584,0.15395986078564894,0.3898441680824585
B4,0.1,2.0,0.01,True,True,True,63,192,0.04849583367535565,0.1016823146623772,0.017549445101117056,0.041423956265683126,0.16212349690621175,0.39176050030120857
B4,0.15,0.1,0.01,True,True,True,31,192,0.14491166207428774,0.757426848131908,0.11296510085913469,0.5986601644922847,0.005123619572210629,0.04724991003050884
B4,0.15,0.2,0.01,True,True,True,31,192,0.14576881226141525,0.786489125126526,0.11329005258205338,0.627511594640112,0.012364526999915346,0.034046228086604
B4,0.15,0.3,0.01,True,True,True,63,192,0.2552098736803894,0.7334383285040063,0.20578528586101041,0.5778894901737633,0.03258245237568455,0.03142718068578351
B4,0.15,0.4,0.01,True,True,True,96,192,0.36992173307165477,0.7072809465962645,0.29421491343774475,0.5559287747127305,0.05967691457188806,0.07250474613934774
B4,0.15,0.5,0.01,True,True,True,96,192,0.3488710516432283,0.662197805337912,0.2830003999336591,0.5204420781686787,0.08695624053216655,0.11951541344577898
B4,0.15,0.6,0.01,True,True,True,96,192,0.3163017095845462,0.5814691414102922,0.2549017512929592,0.4619915383140788,0.0915809783797471,0.17442734379978492
B4,0.15,0.7,0.01,True,True,True,127,192,0.30447075777365973,0.4534494428744023,0.25782086543181826,0.37488735569256515,0.16936915195307034,0.23516106147870441
B4,0.15,0.8,0.01,True,True,True,96,192,0.1962250191963979,0.32787847381430013,0.15231498446084746,0.2776969576797384,0.15672576596578314,0.2882724937640028
B4,0.15,0.9,0.01,True,True,True,127,192,0.20596958789193553,0.26304808470087027,0.13984068908299835,0.19951681172754948,0.2287005368549604,0.3242300745307226
B4,0.15,1.0,0.01,True,True,True,95,192,0.13844099662181408,0.22408315126173012,0.08124400346252292,0.14694459535364573,0.1849356394716637,0.34493257030190266
B4,0.15,1.1,0.01,True,True,True,96,192,0.12163460501525603,0.19679980275541467,0.06667544179337986,0.11389019847164583,0.18653896119416902,0.3615010313698765
B4,0.15,1.2,0.01,True,True,True,64,192,0.08181913991695794,0.17728640627330586,0.04236945715305282,0.09135657421862861,0.13173045648436954,0.37246927351896475
B4,0.15,1.3,0.01,True,True,True,63,192,0.07330646710133937,0.1665022731064637,0.03271376854685548,0.0754340186843023,0.14901176924526693,0.36833161422407945
B4,0.15,1.4,0.01,True,True,True,63,192,0.07206201827438985,0.1537388096209012,0.029550356723634208,0.06457157067323605,0.16673614672209836,0.3753688298881793
B4,0.15,1.5,0.01,True,True,True,64,192,0.06356795229937434,0.13053287954509343,0.02453268442196549,0.0569585585181171,0.13590627243593412,0.38232381378104097
B4,0.15,1.6,0.01,True,True,True,63,192,0.06129130382886783,0.12242585063572453,0.021984174542692858,0.05051326868143757,0.1589997811985513,0.38586248872358586
B4,0.15,1.7,0.01,True,True,True,63,192,0.05741482340296469,0.12534676869454195,0.020013040175878682,0.04460799228894485,0.16545633455071584,0.39483810024322485
B4,0.15,1.8,0.01,True,True,True,32,192,0.027965967750463394,0.10196419741901097,0.009858675775225034,0.03054640252382651,0.07204825934586057,0.4080250129901798
B4,0.15,1.9,0.01,True,True,True,32,192,0.028013796056502505,0.11189098283767807,0.009833305235475598,0.03765366953837951,0.07250304572721933,0.39920819671336294
B4,0.15,2.0,0.01,True,True,True,32,192,0.024832683813517997,0.10720183122312694,0.007290664175011258,0.03485885750073292,0.0731070204661588,0.4014706403081164
B4,0.2,0.1,0.01,True,True,True,31,192,0.14672816174083003,0.7576004713691105,0.11481801892084487,0.5990263700794691,0.004918145740237301,0.006042995823921371
B4,0.2,0.2,0.01,True,True,True,31,192,0.1507462845420231,0.7459011312924391,0.11648094453850277,0.5886819396544709,0.01226261262004455,0.04076658107404829
B4,0.2,0.3,0.01,True,True,True,64,192,0.26543095986718157,0.7228220812228231,0.21257585265051604,0.5699584672625291,0.030370283638972095,0.10665869376476773
B4,0.2,0.4,0.01,True,True,True,95,192,0.3942213804721786,0.6819843461654765,0.3130819748558815,0.5370231203741982,0.06186258702338204,0.1434743856913251
B4,0.2,0.5,0.01,True,True,True,96,192,0.3271792945443104,0.623625861813604,0.26132372219090294,0.49047884242513223,0.08895464277041104,0.1965754219766222
B4,0.2,0.6,0.01,True,True,True,96,192,0.2746699131174217,0.49368981153195185,0.22785465044027164,0.4180231967903815,0.13167452178203404,0.24776533801778777
B4,0.2,0.7,0.01,True,True,True,96,192,0.19926954107188777,0.3875302364864224,0.15623927193121107,0.309267232037296,0.14521060505954475,0.321818968535094
B4,0.2,0.8,0.01,True,True,True,95,192,0.16090436617026443,0.333556930881631,0.11090156513275995,0.21865796093761286,0.17133966954540514,0.37362474141474095
B4,0.2,0.9,0.01,True,True,True,64,192,0.10512530176417911,0.2962509137778421,0.05835175047680652,0.16130887803794658,0.1231920672556176,0.40773845458092794
B4,0.2,1.0,0.01,True,True,True,63,192,0.08722173779716946,0.26943156667519674,0.043716186557238024,0.1258595561367138,0.15137878370773616,0.43149806186977213
B4,0.2,1.1,0.01,True,True,True,63,192,0.08433810659206437,0.17765762640004992,0.03581381732790909,0.0747141789755586,0.14564731958809451,0.34061629864550036
B4,0.2,1.2,0.01,True,True,True,64,192,0.0707563857032445,0.2088637041631607,0.027961441967466305,0.07398495795697319,0.13133674473248425,0.4523100610976286
B4,0.2,1.3,0.01,True,True,True,63,192,0.06553984785209971,0.163895526054951,0.02314611480289258,0.06109610150626921,0.15295557775444324,0.4143062381171461
B4,0.2,1.4,0.01,True,True,True,63,192,0.06303436958372571,0.14199372822081302,0.020750980648944345,0.04656651577415499,0.15684508138884778,0.36838684823421763
B4,0.2,1.5,0.01,True,True,True,63,192,0.061726729745561815,0.13663172893269368,0.019337184018466458,0.044016341158410965,0.16100189964904843,0.37173828994876157
B4,0.2,1.6,0.01,True,True,True,63,192,0.058653739269041216,0.1284448488390774,0.01775079783541625,0.0397957189451664,0.1591245612817347,0.3757980937119858
B4,0.2,1.7,0.01,True,True,True,32,192,0.028392790900490322,0.12165795745108665,0.006804530963124944,0.03634942642615874,0.07191438688808272,0.3792261141803709
B4,0.2,1.8,0.01,True,True,True,32,192,0.025109459162243386,0.09909316588128367,0.006065381727768854,0.030578812859324345,0.07252065016013853,0.37167094253370736
B4,0.2,1.9,0.01,True,True,True,32,192,0.02671815218697049,0.09415808478489121,0.006841647610192347,0.02838561835043682,0.07302361597225737,0.3735946553249295
B4,0.2,2.0,0.01,True,True,True,32,192,0.024632155373294967,0.08966772683239435,0.006173453656492273,0.02649642447031894,0.07336364576292032,0.3753484113392713
B4,0.25,0.1,0.01,True,True,True,31,192,0.13894593687640244,0.7921275207600205,0.1085014252319021,0.633126295770498,0.005682018185302201,0.0074177657396285665
B4,0.25,0.2,0.01,True,True,True,63,192,0.26714343761322334,0.7431257915007533,0.21364059069816088,0.5875736502042312,0.023245415826611868,0.07721157717446603
B4,0.25,0.3,0.01,True,True,True,95,192,0.3769858650823332,0.7117518667022023,0.30729964853460146,0.561165711457928,0.043270412670279285,0.11566228260004494
B4,0.25,0.4,0.01,True,True,True,127,192,0.44423716423571824,0.654764962024314,0.3581909549279628,0.5178302473694111,0.08252498895898874,0.1726373695024257
B4,0.25,0.5,0.01,True,True,True,96,192,0.2771651072545185,0.5000430188524525,0.23089132630679843,0.40933763300701465,0.09968949079683759,0.2171375321360151
B4,0.25,0.6,0.01,True,True,True,96,192,0.21026050015305087,0.3186370591260025,0.17417226948712988,0.2687830104053954,0.1547352658859411,0.27942856454697346
B4,0.25,0.7,0.01,True,True,True,95,192,0.16415418835303142,0.25278898817722495,0.0999452627175339,0.16469979559516545,0.18162697263747296,0.31642791019938976
B4,0.25,0.8,0.01,True,True,True,63,192,0.10216890723223881,0.2206924148895016,0.05292813873240482,0.10771033690492823,0.1425127076680922,0.3107801188217527
B4,0.25,0.9,0.01,True,True,True,63,192,0.09186797189422602,0.18718658569258192,0.03799934946400507,0.07937502925943196,0.14899543452257968,0.375926713439902
B4,0.25,1.0,0.01,True,True,True,63,192,0.0762972086277734,0.16997028355677868,0.025351210609516978,0.0658204838523006,0.15103702489046866,0.3667195964871301
B4,0.25,1.1,0.01,True,True,True,63,192,0.07553863022700347,0.15688787824666944,0.022064688339406835,0.05534741451231462,0.1587682714423776,0.3775004579849318
B4,0.25,1.2,0.01,True,True,True,63,192,0.07164357164501256,0.14545618377043693,0.020117081090341354,0.04795562414368043,0.15505803533179652,0.38479419071700255
B4,0.25,1.3,0.01,True,True,True,63,192,0.06263499265277145,0.13493677756641784,0.016844866269152325,0.04211398574587527,0.15618646873296105,0.38705633978513243
B4,0.25,1.4,0.01,True,True,True,63,192,0.05971352042939143,0.12673566881487963,0.015190341587183659,0.03788979153186561,0.15784504321313686,0.39170465292073
B4,0.25,1.5,0.01,True,True,True,63,192,0.052554711746019,0.11983261707270598,0.012814935310798664,0.034534364594196426,0.15841407380051864,0.39537101904547967
B4,0.25,1.6,0.01,True,True,True,63,192,0.052390128134202685,0.1134508192188407,0.012414749871291708,0.03180782358154002,0.16493397505140506,0.39880431549409756
B4,0.25,1.7,0.01,True,True,True,63,192,0.05000104968948338,0.10853733051424952,0.011646120585310782,0.029579026248040208,0.17672780270793176,0.40131540883478656
B4,0.25,1.8,0.01,True,True,True,63,192,0.05162106307588313,0.10376761946228258,0.012446167822545817,0.027700009425578515,0.16270736594086743,0.4038172181808788
B4,0.25,1.9,0.01,True,True,True,63,192,0.047655826121181355,0.09992286440962156,0.010563476132724903,0.026096760468442476,0.15873666502810413,0.40586946873056073
B4,0.25,2.0,0.01,True,True,True,63,192,0.04743311290714991,0.09634259514610798,0.01080393915365091,0.024658304489194316,0.16104148167038224,0.40775033072409417
B4,0.3,0.1,0.01,True,True,True,31,192,0.1443559793712219,0.7915771399939847,0.11364695537726321,0.6392770041680845,0.006801324180278914,0.012230345962450831
B4,0.3,0.2,0.01,True,True,True,63,192,0.268393794111085,0.7377031148066913,0.2129846559483738,0.5829129147127043,0.025332030684690338,0.08359304124728073
B4,0.3,0.3,0.01,True,True,True,96,192,0.4177291192935688,0.6958599442685929,0.32120336917880343,0.5503648143713263,0.04268375945039027,0.13986855264580572
B4,0.3,0.4,0.01,True,True,True,96,192,0.34794926388539343,0.5442902427278837,0.28055881548591044,0.4343900768994142,0.09938607902683927,0.16709932971559924
B4,0.3,0.5,0.01,True,True,True,127,192,0.25019889520919103,0.3038176491842846,0.1888287024508672,0.2523816614884933,0.18165744834039255,0.25382933323461754
B4,0.3,0.6,0.01,True,True,True,95,192,0.16130509034010948,0.26278575822522426,0.08550165530691611,0.1342130543146251,0.1734532750942912,0.29974336259264245
B4,0.3,0.7,0.01,True,True,True,95,192,0.14167348946647357,0.20034497312132082,0.05267478493797495,0.09157485114029495,0.1879273782033265,0.34732862974822404
B4,0.3,0.8,0.01,True,True,True,95,192,0.12779732477177091,0.17563763924130454,0.04111032463232034,0.06712991225081832,0.19930698720225526,0.3554057455843893
B4,0.3,0.9,0.01,True,True,True,95,192,0.12140499378182046,0.15861978703071788,0.033446489575916616,0.05309057654910973,0.2043717368000746,0.3603676958001289
B4,0.3,1.0,0.01,True,True,True,95,192,0.11140596760453247,0.14523471810058292,0.03145446546398373,0.044178959662126954,0.21068154403904038,0.36460810510020697
B4,0.3,1.1,0.01,True,True,True,64,192,0.06800975426290895,0.1340701495646622,0.016045697681994014,0.03795619583867185,0.13024277619876712,0.3683026700587818
B4,0.3,1.2,0.01,True,True,True,64,192,0.06619267234759357,0.12454726584609979,0.015418694212266354,0.033270482539869056,0.1335680277117447,0.3710425156377214
B4,0.3,1.3,0.01,True,True,True,64,192,0.061422247428628673,0.11648133515987741,0.014529556278957217,0.02964238854888593,0.1352467621377299,0.37279669402865656
B4,0.3,1.4,0.01,True,True,True,64,192,0.06042273708757112,0.10936792894869335,0.014229622719544865,0.02672909182835939,0.1385584983806465,0.37448511959424136
B4,0.3,1.5,0.01,True,True,True,64,192,0.054988311719407296,0.10309951874841938,0.012742136372715082,0.024351688787942638,0.13849266940636762,0.37618013450801335
B4,0.3,1.6,0.01,True,True,True,64,192,0.05472911229458216,0.09762383480059639,0.012270268738648282,0.022355582227914006,0.13993219304417315,0.3773300426968691
B4,0.3,1.7,0.01,True,True,True,63,192,0.0512873990183674,0.09276411162038847,0.011831628640239122,0.020666448258523124,0.17203740053317018,0.37814511387953653
B4,0.3,1.8,0.01,True,True,True,63,192,0.04856147592292728,0.0884068673911321,0.011010160938239533,0.01944671819664695,0.16732540667734452,0.37879477955940866
B4,0.3,1.9,0.01,True,True,True,63,192,0.043358153220611206,0.08445116668359232,0.010313230061215872,0.01846499353404943,0.1564114974606493,0.3793609917425469
B4,0.3,2.0,0.01,True,True,True,63,192,0.044742992474848975,0.08091668022028042,0.01028507833961198,0.017585828163459244,0.17375561651662863,0.3797699679403156
B4,0.35,0.1,0.01,True,True,True,31,192,0.15033948394497365,0.7764636733669678,0.11676186023200752,0.613073672184874,0.007640219925989816,0.025271445675711657
B4,0.35,0.2,0.01,True,True,True,95,192,0.3739118381319111,0.7324754643374236,0.3019101085420197,0.5764395628930016,0.03972013211295927,0.09482411053253625
B4,0.35,0.3,0.01,True,True,True,96,192,0.3508559381254781,0.602186533725719,0.2781740886181753,0.4843784732281511,0.056349633776914154,0.1661669385351615
B4,0.35,0.4,0.01,True,True,True,96,192,0.22095518351095855,0.3133212784586693,0.13566062825835873,0.19921214513672397,0.1294637046923321,0.22184699680234388
B4,0.35,0.5,0.01,True,True,True,127,192,0.19108955605133915,0.2440431229981514,0.06771539532611515,0.0892202257130085,0.20698097924374803,0.35701668659679253
B4,0.35,0.6,0.01,True,True,True,127,192,0.16954312487959955,0.20408985162068544,0.04193465128247223,0.050929025143690576,0.23843520660973883,0.34940351874296477
B4,0.35,0.7,0.01,True,True,True,96,192,0.10857906031992198,0.18337434955883747,0.030468507614897167,0.049373258302196354,0.1711333761796675,0.3562321046788565
B4,0.35,0.8,0.01,True,True,True,95,192,0.11109760648384787,0.16777159411760967,0.029966105799671627,0.045892892104993754,0.1970186796912412,0.36202598314684886
B4,0.35,0.9,0.01,True,True,True,95,192,0.09565993540778606,0.1554966000030396,0.027710807419049965,0.042197586788839725,0.20296343474629852,0.3663416971188234
B4,0.35,1.0,0.01,True,True,True,95,192,0.09528605327918671,0.14574355454909738,0.02483885099991104,0.03895652389594556,0.20812493117786557,0.3705368114461396
B4,0.35,1.1,0.01,True,True,True,95,192,0.10122057607179752,0.13724840756357803,0.025572361140080352,0.03598545959294239,0.21903750623206075,0.37355678270382286
B4,0.35,1.2,0.01,True,True,True,64,192,0.05352634807608797,0.12985036252990984,0.015296194588544948,0.03335071948626034,0.1413376211952697,0.375793229308895
B4,0.35,1.3,0.01,True,True,True,96,192,0.07887180102028621,0.12322845011093875,0.01969243177020885,0.03100885056819841,0.20352610274520389,0.3775432774876304
B4,0.35,1.4,0.01,True,True,True,64,192,0.056053611613227805,0.11725136172823988,0.014075891196087986,0.02891458414144668,0.13717975474766098,0.37840446226423097
B4,0.35,1.5,0.01,True,True,True,64,192,0.05531855524475507,0.11148995895243635,0.014118387721150455,0.027072690375653824,0.1392124490038269,0.3815994829106979
B4,0.35,1.6,0.01,True,True,True,64,192,0.0518459001540878,0.1063204973412685,0.012866222318910409,0.02544879426230079,0.14701670359686525,0.3843697754776363
B4,0.35,1.7,0.01,True,True,True,64,192,0.04735616775231283,0.1026662029204381,0.011361410933998978,0.02415787076149367,0.14173032762553894,0.38540126958538723
B4,0.35,1.8,0.01,True,True,True,64,192,0.044374191962784276,0.09843540386951728,0.010562022206279581,0.02291760610554923,0.1431161092798494,0.38756721461598476
B4,0.35,1.9,0.01,True,True,True,63,192,0.04389560941876969,0.11581965719649069,0.010356481909993553,0.027422435833603098,0.1753695781818474,0.39966155334281395
B4,0.35,2.0,0.01,True,True,True,64,192,0.040926510884955525,0.11116689055421324,0.00949234844530128,0.026159228200261203,0.14567551007103363,0.40076353690124045
B4,0.4,0.1,0.01,True,True,True,31,192,0.15167550635729188,0.7657723901824981,0.11708686537340685,0.6107247270606271,0.009131783418567352,0.029133676803335867
B4,0.4,0.2,0.01,True,True,True,95,192,0.3700423857981967,0.6512421989975871,0.2927050662075026,0.5213287975121186,0.043147628911511415,0.11879298036114058
B4,0.4,0.3,0.01,False,False,False,128,192,0.21294552406137485,0.2576123748556014,0.058708121321944695,0.07813800759685907,0.17057116197849193,0.2895084795501443
B4,0.4,0.4,0.01,True,False,False,128,192,0.17814834413820368,0.20852320247124073,0.06294184580857265,0.07838875646853274,0.2040433652648802,0.31836496717847174
B4,0.4,0.5,0.01,True,True,True,127,192,0.1609289645540941,0.18873887689405677,0.0589869636076312,0.07274022518561873,0.2422408216935627,0.3486186548100556
B4,0.4,0.6,0.01,True,True,True,127,192,0.14841211902238954,0.17251278789891017,0.051956819551602085,0.06493225163640384,0.2338693494802353,0.366645420426577
B4,0.4,0.7,0.01,True,True,True,127,192,0.1408303094887493,0.15827013876167267,0.04609597179331329,0.05732392595561192,0.25773395877561955,0.3799042854185769
B4,0.4,0.8,0.01,True,True,True,95,192,0.09673597884982948,0.1573956781987412,0.03264970285056845,0.05224606656011693,0.19593548610312495,0.3461768849279687
B4,0.4,0.9,0.01,True,True,True,95,192,0.1001970384861588,0.14536316503619306,0.030804483106580932,0.046504875764602854,0.20868117152484011,0.3546116083375628
B4,0.4,1.0,0.01,True,True,True,95,192,0.09116666998888173,0.13532013578936797,0.02698755415702747,0.04172250685011189,0.20555987470344594,0.3606348771771797
B4,0.4,1.1,0.01,True,True,True,95,192,0.09165005006118723,0.12672036396054578,0.0256687479917779,0.03775227839691683,0.22673838377013278,0.3655635525142007
B4,0.4,1.2,0.01,True,True,True,96,192,0.08070985094602168,0.11879116257311695,0.022337607695980644,0.03433170593251009,0.2040053467808125,0.36962991254629485
B4,0.4,1.3,0.01,True,True,True,96,192,0.07538278028147663,0.1073439643649714,0.01990207927349491,0.030540728349701007,0.19886257052127454,0.4072754541369422
B4,0.4,1.4,0.01,True,True,True,64,192,0.047723007179114596,0.10124373670628331,0.01301171810791113,0.028029780904594348,0.14033614454889953,0.41042847577892627
B4,0.4,1.5,0.01,True,True,True,96,192,0.07308851371310202,0.0958126073946691,0.01851278086770569,0.02587611782399002,0.23605819357254332,0.41307978483194174
B4,0.4,1.6,0.01,True,True,True,64,192,0.04963446151624093,0.09087712055775052,0.012278519605657262,0.024024111313479618,0.14192895706169706,0.41542491396074754
B4,0.4,1.7,0.01,True,True,True,95,192,0.06431076356549148,0.08651184784358024,0.015861092421732115,0.022380185328768315,0.240883062809088,0.41708027170349504
B4,0.4,1.8,0.01,True,True,True,64,192,0.04400065550480445,0.08244005871753207,0.01089506517369937,0.02095437817333401,0.14375454859683656,0.41886710556647144
B4,0.4,1.9,0.01,True,True,True,64,192,0.0418435036218644,0.07878684362395068,0.010314035064062671,0.019700779770593008,0.1409647133484797,0.42021092846659036
B4,0.4,2.0,0.01,True,True,True,95,192,0.0617862059689393,0.080827843984145,0.01545822063743521,0.021628578117250066,0.2375983403459594,0.3804441112199628
B4,0.45,0.1,0.01,True,True,True,96,192,0.47868064855139714,0.7307619016037927,0.3614151573069646,0.5759622046960947,0.007174991429102856,0.06772075144074852
B4,0.45,0.2,0.01,False,False,False,128,192,0.29661420883058986,0.35408999974102084,0.10168110481006531,0.12792986987941363,0.20811154098810042,0.2810579487671948
B4,0.45,0.3,0.01,True,True,True,128,192,0.21631929271236933,0.3155699867125511,0.08549800605074681,0.11678422138893899,0.21700338852226791,0.30997206464048754
B4,0.45,0.4,0.01,True,True,True,128,192,0.18493135289008467,0.26739146581048717,0.07886627911970912,0.10366654991265739,0.19926878718695484,0.34224019747511625
B4,0.45,0.5,0.01,True,True,True,128,192,0.15697334943465785,0.22881975747403668,0.06631925821532064,0.0982296640965854,0.21819461972319554,0.38634607869529386
B4,0.45,0.6,0.01,True,True,True,127,192,0.14759676066988558,0.16995248127964868,0.05823627759500616,0.073661066921489,0.24588357081792267,0.3666036644969906
B4,0.45,0.7,0.01,True,True,True,127,192,0.13224031101563422,0.21106307501205934,0.049831949243916984,0.07555674075651408,0.24507101821232913,0.4323865206082054
B4,0.45,0.8,0.01,True,True,True,96,192,0.09121846216712698,0.1929853841885622,0.03332985127348556,0.0657206476469876,0.17900679012176446,0.44485104693841604
B4,0.45,0.9,0.01,True,True,True,95,192,0.08958424989526134,0.17670457836893105,0.030137169798280905,0.057625068533886326,0.19353315596699971,0.43432348125378983
B4,0.45,1.0,0.01,True,True,True,96,192,0.08410391057963348,0.12023227887318752,0.027439941667922574,0.04211668439425231,0.2013332652946065,0.38122913747508397
B4,0.45,1.1,0.01,True,True,True,96,192,0.07689415865865543,0.11296504511754701,0.023518410671098305,0.037663954612552286,0.19627031644522053,0.3809109592981029
B4,0.45,1.2,0.01,True,True,True,96,192,0.07192323683362112,0.10684620630439928,0.021693159996614364,0.034159108093601426,0.21223359090412608,0.38072721342617866
B4,0.45,1.3,0.01,True,True,True,95,192,0.07125119765670512,0.1013145519464369,0.020214537755256945,0.03116953941665848,0.23057668384639285,0.38047981634281114
B4,0.45,1.4,0.01,True,True,True,95,192,0.07983407923010735,0.09676211920256739,0.02106942315604196,0.028722833895899413,0.23666985042499478,0.37997101400759936
B4,0.45,1.5,0.01,True,True,True,95,192,0.06660137247771189,0.11322464747165531,0.01754484281821639,0.029594819804077327,0.22931242134489715,0.41050712635378017
B4,0.45,1.6,0.01,True,True,True,64,192,0.04922286481299781,0.10801013166851323,0.01284070068184373,0.027619649071185498,0.14560831919400885,0.4126554720385056
B4,0.45,1.7,0.01,True,True,True,64,192,0.045977054054418404,0.10325348094768397,0.011765589737722904,0.02588496996414727,0.14296033657369667,0.41457440021818925
B4,0.45,1.8,0.01,True,True,True,95,192,0.061065845528691626,0.09890212588003523,0.01524224974353977,0.0243536639571795,0.2244891115961244,0.41629521862323915
B4,0.45,1.9,0.01,True,True,True,64,192,0.0401294962575669,0.09490652351134474,0.01102447595202545,0.02317452188234838,0.1428013295103926,0.41781869970456964
B4,0.45,2.0,0.01,True,True,True,95,192,0.05472966693078324,0.09132826008934043,0.013332792138302824,0.02256613774235218,0.23525658035309727,0.419289043402854
B4,0.5,0.1,0.01,False,False,False,128,192,0.31042059702174823,0.44424636707935217,0.11321560449317203,0.15859284285921937,0.1859249800321433,0.2794099671949504
B4,0.5,0.2,0.01,False,False,False,127,192,0.2961385983573117,0.3964758351756214,0.10620803627073316,0.14406181176323224,0.1962690394020713,0.3061207598083301
B4,0.5,0.3,0.01,True,True,True,127,192,0.24006399174376342,0.3357170008952661,0.09189013840947716,0.12572162186629474,0.20224065351387754,0.33059514426561626
B4,0.5,0.4,0.01,True,True,True,128,192,0.18940809803577094,0.27161636509888637,0.07959338074343295,0.10652103995397605,0.19763542257617372,0.34698447964605905
B4,0.5,0.5,0.01,True,True,True,127,192,0.15345768366317836,0.21755733907931935,0.06812418515176791,0.09076553586725383,0.23919881612242233,0.37158238160891627
B4,0.5,0.6,0.01,True,True,True,127,192,0.142037649928987,0.1724415015307787,0.05691505474351474,0.07783601255983044,0.24049448187571176,0.3942713864054344
B4,0.5,0.7,0.01,True,True,True,127,192,0.1223059051680413,0.1613633360687972,0.04847304867547539,0.06731617582062113,0.2564706856500085,0.41061362343286545
B4,0.5,0.8,0.01,True,True,True,127,192,0.09663486514439512,0.152898527892693,0.04083477580101849,0.05820136608408455,0.2676676329320634,0.42551890806306364
B4,0.5,0.9,0.01,True,True,True,128,192,0.11128971730557946,0.14319877249129748,0.037963842159995875,0.051503323032046966,0.2652280564478132,0.42704614549797126
B4,0.5,1.0,0.01,True,True,True,96,192,0.07182295086248663,0.13313589737551185,0.02466994328636174,0.04579392142345906,0.19155213592345166,0.42433113843138837
B4,0.5,1.1,0.01,True,True,True,96,192,0.07916732534949097,0.12477382897302083,0.024142620852640184,0.04115335352774965,0.19902865641884926,0.42228555462889644
B4,0.5,1.2,0.01,True,True,True,95,192,0.06873018313560547,0.11740542408071256,0.021083163095327262,0.03734037765988937,0.21736755197194757,0.418658222530459
B4,0.5,1.3,0.01,True,True,True,96,192,0.06598837073836855,0.1110945822876134,0.019965551471640725,0.03422437275195703,0.21630937353872637,0.4153319074590485
B4,0.5,1.4,0.01,True,True,True,96,192,0.057758483830608554,0.1083000594393605,0.01720104417363899,0.030164436198149402,0.2017711469544281,0.4046699333118683
B4,0.5,1.5,0.01,True,True,True,96,192,0.06540343843304591,0.10318848054103015,0.017559226182515708,0.027990569762598838,0.2140226681108004,0.40686716898033637
B4,0.5,1.6,0.01,True,True,True,95,192,0.06755599607574683,0.09843642788622503,0.01749535389094639,0.026080713465369665,0.2416580321670525,0.40899582890455843
B4,0.5,1.7,0.01,True,True,True,95,192,0.06244351930457756,0.09496816915531368,0.01575191663319525,0.02460972036975645,0.2339691159441022,0.4102959837734018
B4,0.5,1.8,0.01,True,True,True,95,192,0.05911755730058549,0.09099271500443029,0.014980698815255239,0.023221251751489244,0.24284347956996022,0.4120088213512316
B4,0.5,1.9,0.01,True,True,True,64,192,0.04356533269020771,0.08733719945808302,0.011562467908881588,0.02261923570603744,0.15643052080990605,0.4135164375506698
B4,0.5,2.0,0.01,True,True,True,64,192,0.041653294823214976,0.0841724000930818,0.010549864109613019,0.0220362929810433,0.14703112480493874,0.41493620964772393
B4,0.55,0.1,0.01,False,False,False,64,192,0.20333120686295958,0.5315694834129557,0.07542867995457264,0.19528311928017583,0.029660576205511963,0.03531090299835982
B4,0.55,0.2,0.01,False,False,False,128,192,0.22926555080709005,0.3435577392314083,0.09539606743146578,0.13345916185126838,0.20016610871490692,0.28639627690301184
B4,0.55,0.3,0.01,True,False,False,128,192,0.20448734812188302,0.299669763890118,0.07949867406575833,0.12046739426685274,0.19666509084208855,0.3162950137996116
B4,0.55,0.4,0.01,True,True,True,128,192,0.1637587877497438,0.24977373657140634,0.07063806713008175,0.10687886284632733,0.20791178489931106,0.411666066880251
B4,0.55,0.5,0.01,True,True,True,128,192,0.15836328552973924,0.1981112838873521,0.06699712921827938,0.0894720922445521,0.25058990251172164,0.4346186831286307
B4,0.55,0.6,0.01,True,True,True,128,192,0.12727376538761626,0.17489822934753146,0.05273723611170203,0.07477435197088436,0.2383106576284275,0.4502649307013326
B4,0.55,0.7,0.01,True,True,True,127,192,0.12352957337385356,0.15536411373445197,0.047897183750084726,0.06294493286830954,0.2795825451845506,0.45888412730764433
B4,0.55,0.8,0.01,True,True,True,127,192,0.13072534970755226,0.13926630732749679,0.04394890693182868,0.05363578570402355,0.2740111168244985,0.4619305551662739
B4,0.55,0.9,0.01,True,True,True,127,192,0.11875287619570613,0.12638197718546312,0.03855931754332015,0.046384346235385066,0.29312931630223515,0.461755010093146
B4,0.55,1.0,0.01,True,True,True,96,192,0.07339856943517645,0.11656176210744357,0.025001091369322492,0.040807438949698266,0.19965748142887763,0.46172348748639236
B4,0.55,1.1,0.01,True,True,True,95,192,0.06731771847212481,0.10876283600584924,0.02257851530049318,0.03639119519940498,0.22013499530036373,0.46156311465546584
B4,0.55,1.2,0.01,True,True,True,96,192,0.06941618700314087,0.10315087559840683,0.02079217663922875,0.03296919489506889,0.19655661280712478,0.4642672522238602
B4,0.55,1.3,0.01,True,True,True,96,192,0.06603340752132422,0.0981197823585617,0.019408521973182297,0.030086601264383867,0.2003241481135002,0.46544548568700006
B4,0.55,1.4,0.01,True,True,True,95,192,0.06058161576850227,0.09287410465924353,0.017544856878424747,0.02742426531938763,0.22420438460039438,0.4617580382455926
B4,0.55,1.5,0.01,True,True,True,95,192,0.060802422178084375,0.08892273049127662,0.016395770600247633,0.02544952811685519,0.2260594908910727,0.46275235278098487
B4,0.55,1.6,0.01,True,True,True,95,192,0.06206956333071842,0.08615180956394616,0.01650016581745209,0.024361155750009772,0.23745466014832617,0.4661100566380594
B4,0.55,1.7,0.01,True,True,True,95,192,0.06365990286880785,0.08280227445489123,0.01813689325007954,0.023131131860304674,0.23779289739672416,0.4677768861638266
B4,0.55,1.8,0.01,True,True,True,64,192,0.04198035531864508,0.07705872730954541,0.010828413809960274,0.02279405570227938,0.14547934422950737,0.4276965234939065
B4,0.55,1.9,0.01,True,True,True,64,192,0.03838058280858164,0.07375075979477509,0.009759359719387545,0.02155909746171672,0.14481710614827592,0.4290562762553367
B4,0.55,2.0,0.01,True,True,True,64,192,0.03754960209983149,0.07150096627570174,0.009441856760138229,0.020527941925611914,0.14340577697261592,0.42259326401482555
B4,0.6,0.1,0.01,True,True,True,32,192,0.1243932898577641,0.5564626949675484,0.04278393868805713,0.2032794527858477,0.007184250035705719,0.03776859531087111
B4,0.6,0.2,0.01,False,False,False,128,192,0.362390636634625,0.6237137396976691,0.13340023606245716,0.2267729875647443,0.08132612021550298,0.1475787246868379
B4,0.6,0.3,0.01,False,False,False,128,192,0.15099196080787955,0.18624796890658463,0.04172274051867138,0.06717227663077657,0.19291342385825427,0.2923896109395109
B4,0.6,0.4,0.01,False,True,False,128,192,0.1255529823041281,0.2101008614955608,0.05215477662689155,0.08797917222355875,0.2244387612359131,0.340685118434202
B4,0.6,0.5,0.01,False,True,False,127,192,0.1192964181785312,0.19616493467097146,0.051890043833695026,0.08034778237898385,0.26117208050660556,0.36404781223442684
B4,0.6,0.6,0.01,True,True,True,127,192,0.11568528597167654,0.18155606214404116,0.04358114451513856,0.07115943326488072,0.24796480148231093,0.3836572073426767
B4,0.6,0.7,0.01,True,True,True,128,192,0.1122635846512274,0.16949551237097732,0.04167540589596369,0.06324663093867522,0.23843499399021106,0.4002300890902024
B4,0.6,0.8,0.01,True,True,True,128,192,0.10170044631949987,0.1576143899746502,0.03574150034156473,0.0563267651746539,0.24780037534801402,0.41110746553557886
B4,0.6,0.9,0.01,True,True,True,127,192,0.1091198882302416,0.14571807954972643,0.03450922266954609,0.050352615906776116,0.2914748274736586,0.4183972843942413
B4,0.6,1.0,0.01,True,True,True,127,192,0.0963748506957921,0.1306500380733268,0.030878342230956507,0.045074417711491954,0.2848330875739289,0.42221472326727166
B4,0.6,1.1,0.01,True,True,True,127,192,0.0786552405798385,0.12096127935404818,0.0245341228169218,0.04091345353275294,0.2753484694872059,0.42527981425919703
B4,0.6,1.2,0.01,True,True,True,127,192,0.07671633590611915,0.0963451764043868,0.023377327593001845,0.030163803168891112,0.2800384580026276,0.46485515735145577
B4,0.6,1.3,0.01,True,True,True,96,192,0.059476624271447814,0.09139311077623602,0.017552490534040066,0.027638996390934617,0.19639578670775126,0.4631054293863097
B4,0.6,1.4,0.01,True,True,True,96,192,0.06102884315502288,0.08671475981391855,0.01746076758534397,0.025416497599655197,0.22298623797734762,0.45957314482425893
B4,0.6,1.5,0.01,True,True,True,128,192,0.07438957351952305,0.08327377635949615,0.02024335718212064,0.023703073952700604,0.27405836714606335,0.4601480018841175
B4,0.6,1.6,0.01,True,True,True,95,192,0.059525375685139076,0.0808427201522213,0.016243527729383422,0.022886133216799304,0.22772015537115142,0.46541767048546867
B4,0.6,1.7,0.01,True,True,True,95,192,0.06210049905204937,0.0781892111793339,0.017462046439986403,0.02283062447734248,0.23728049733561718,0.4642204688535914
B4,0.6,1.8,0.01,True,True,True,95,192,0.056619485181943485,0.10100652082782491,0.01430893462952916,0.026056778087937604,0.2321493952391026,0.5034707942550799
B4,0.6,1.9,0.01,True,True,True,96,192,0.04824352074758326,0.09707597178769498,0.012729761891382738,0.024710144024401415,0.20780719145535587,0.5049949713920512
B4,0.6,2.0,0.01,True,True,True,95,192,0.04712733645937768,0.07003566777110298,0.013870070847035051,0.022113120184893156,0.22019462598728956,0.4132883631285398
B4,0.65,0.1,0.01,True,True,True,32,192,0.12577848653454837,0.5781456627320536,0.04339446533782165,0.20873927733233866,0.005487981664806824,0.022382623483815617
B4,0.65,0.2,0.01,True,True,True,128,192,0.4305379033769985,0.6720600542237227,0.15650241917399038,0.24147643736899047,0.04695980144257292,0.09630478294538064
B4,0.65,0.3,0.01,False,False,False,128,192,0.30723582313349196,0.5523088713229285,0.11408704372243406,0.20308944716417648,0.1240971673471557,0.2245071870336502
B4,0.65,0.4,0.01,False,False,False,128,192,0.16018691104724375,0.237578431745758,0.05200440059768685,0.07902071851488085,0.21276066086804057,0.3458044550134778
B4,0.65,0.5,0.01,False,True,False,128,192,0.09707915010364665,0.13814303175677067,0.03340743568668818,0.03897713795497938,0.24887240519711,0.4088480841263921
B4,0.65,0.6,0.01,True,True,True,128,192,0.10266992381563089,0.11261439519753055,0.03176768975426525,0.04047959101759552,0.24161344320283928,0.4350006760789364
B4,0.65,0.7,0.01,True,True,True,128,192,0.08147193888746565,0.10746114403686016,0.029012282734882155,0.03915150629143688,0.2761273987573094,0.4468748633871256
B4,0.65,0.8,0.01,True,True,True,128,192,0.09184366408802136,0.11232974354697847,0.027901958389624865,0.037941522739679545,0.2495758739727374,0.4823041216207961
B4,0.65,0.9,0.01,True,True,True,128,192,0.07613877377526687,0.10818280042297673,0.024752347325727564,0.03549687768385518,0.25304650972783826,0.49109267062113926
B4,0.65,1.0,0.01,True,True,True,128,192,0.07299959049347848,0.10537599978508166,0.02299604290609711,0.03343127361915746,0.262355697697501,0.49790071571337446
B4,0.65,1.1,0.01,True,True,True,127,192,0.09048636801889198,0.10301304870385383,0.026240515976834022,0.031575584516238764,0.28615415997629634,0.5034294595439336
B4,0.65,1.2,0.01,True,True,True,127,192,0.07798242392214788,0.073506757355051,0.023212512439276245,0.024639138888835538,0.3004185887210308,0.42072604076166353
B4,0.65,1.3,0.01,True,True,True,127,192,0.0730913613934539,0.0698550639230113,0.02296514046179369,0.022695442695449625,0.29269077031423596,0.416953980788507
B4,0.65,1.4,0.01,True,True,True,96,192,0.055380106282125474,0.06654872311568377,0.016481936732236364,0.02085147084218164,0.20241865850431717,0.41226089098649277
B4,0.65,1.5,0.01,True,True,True,96,192,0.05036218088010275,0.06386785522885755,0.013996704061145213,0.019706329384225993,0.20396020238387647,0.4122110586134904
B4,0.65,1.6,0.01,True,True,True,95,192,0.05247825814648466,0.06122114915133299,0.014251642264304545,0.018966059260793477,0.21636795563307953,0.4072729962944681
B4,0.65,1.7,0.01,True,True,True,95,192,0.05382061532767257,0.058948481498343516,0.014227779116311248,0.018528266206484276,0.2277314170132133,0.4072100616622445
B4,0.65,1.8,0.01,True,True,True,96,192,0.04638074317232682,0.05689609929880521,0.014884548678172516,0.018138585831990323,0.20369786621561137,0.40734140238887073
B4,0.65,1.9,0.01,True,True,True,95,192,0.06031864379095739,0.05494588062606928,0.015492379072755663,0.01774184985659756,0.24241632859215212,0.40718970214333994
B4,0.65,2.0,0.01,True,True,True,95,192,0.04531233608708529,0.05318840374341108,0.012724657136824524,0.017398527615772985,0.23041077719511105,0.4073064250291497
B4,0.7,0.1,0.01,True,True,True,32,192,0.12521265839549145,0.5506831184979463,0.04310587294566803,0.20181656142098559,0.004378880349457381,0.031204347232801
B4,0.7,0.2,0.01,True,True,True,64,192,0.23174562230650486,0.5545941985802472,0.08324833320511588,0.20207051613897942,0.023273626007452808,0.07939660126492817
B4,0.7,0.3,0.01,True,True,True,128,192,0.406968990472134,0.6428878413834129,0.14723183241932636,0.23139603458034314,0.07468777740423788,0.16444091445476633
B4,0.7,0.4,0.01,False,True,False,128,192,0.30751141760904876,0.42185154896156163,0.11328542913039441,0.1576747012553059,0.15590703971700637,0.27506406996031907
B4,0.7,0.5,0.01,False,True,False,128,192,0.18888706954495416,0.24672841715104132,0.06710474289929624,0.08863321645489977,0.2014998419191013,0.34536031130940587
B4,0.7,0.6,0.01,False,True,False,128,192,0.13097162596695006,0.1892002795528856,0.041775774121961456,0.05982850902003026,0.24323376102027094,0.42890412793084876
B4,0.7,0.7,0.01,False,True,False,127,192,0.11350193038794876,0.13285650230525092,0.033923490779498716,0.040458971080402056,0.26078671997115344,0.4412990465907863
B4,0.7,0.8,0.01,True,True,True,128,192,0.0912020615281092,0.10977114716517233,0.027586117139811003,0.034670746916090914,0.26981225507468554,0.45127332910763784
B4,0.7,0.9,0.01,True,True,True,128,192,0.08092583072501908,0.09990112011925094,0.022616542536664272,0.03272748224111088,0.2669448570408781,0.45633437344106614
B4,0.7,1.0,0.01,True,True,True,128,192,0.07579629501547266,0.0990963340160321,0.02368822934138895,0.03113562276804427,0.267602171862266,0.45914486968776363
B4,0.7,1.1,0.01,True,True,True,127,192,0.08228005765923253,0.09757529487482357,0.027092923909476756,0.029751138324598275,0.27518718841488676,0.4607725399609538
B4,0.7,1.2,0.01,True,True,True,127,192,0.0803382862592133,0.09584169313506682,0.022353312223773014,0.028532051628565785,0.3119855886922328,0.4618185993986495
B4,0.7,1.3,0.01,True,True,True,127,192,0.07616249281554385,0.09397010176129635,0.023465727710478,0.027412760629184713,0.2823782269633752,0.462383542014286
B4,0.7,1.4,0.01,True,True,True,127,192,0.06792888157360771,0.09209085294516045,0.02048585240076417,0.02638386742540924,0.28938582207468444,0.46277290961070555
B4,0.7,1.5,0.01,True,True,True,96,192,0.04903585580982256,0.0902066348639895,0.01465860538679449,0.026086509685875947,0.20614205261634633,0.46299678274315204
B4,0.7,1.6,0.01,True,True,True,95,192,0.05363587193282836,0.08829079060643774,0.015543591685229813,0.025741868263941106,0.23306811651032422,0.4636563845399324
B4,0.7,1.7,0.01,True,True,True,96,192,0.047318198160092806,0.0863871647840264,0.014091458713512528,0.02541340761087088,0.22033890744739038,0.4642934627506493
B4,0.7,1.8,0.01,True,True,True,96,192,0.04561356155190234,0.08458915783141194,0.013943245877632529,0.025204388529645808,0.20320459335904706,0.4636233513731331
B4,0.7,1.9,0.01,True,True,True,96,192,0.04457816793245031,0.0827584790504745,0.013650621457167708,0.02489194253604672,0.20622849908999552,0.4640485912079628
B4,0.7,2.0,0.01,True,True,True,95,192,0.047084357180773376,0.08098581172529357,0.013975796723275563,0.02459297654590406,0.2437616604710069,0.4645403806324473
B4,0.75,0.1,0.01,True,True,True,32,192,0.12239179855723525,0.6301319561860861,0.042663942371753194,0.22368267333211467,0.004394474600124626,0.00634283501764954
B4,0.75,0.2,0.01,True,True,True,64,192,0.23179942563473788,0.6419893434178011,0.08306025615148516,0.226342310366085,0.02281135580640946,0.043502571109275995
B4,0.75,0.3,0.01,True,True,True,128,192,0.4172085130649934,0.6606373923178432,0.1511753287654738,0.23877064521206687,0.06391245301005041,0.13879604284098374
B4,0.75,0.4,0.01,False,True,False,128,192,0.3660984091134931,0.4928447160177982,0.13329551145399077,0.1817381661822643,0.10838311545173529,0.20451231558810135
B4,0.75,0.5,0.01,False,False,False,128,192,0.2637729151147924,0.4398023292706524,0.09846209196166145,0.16466119113717032,0.1763553453654434,0.32058824953080295
B4,0.75,0.6,0.01,False,True,False,128,192,0.20211086108415832,0.2579754688584984,0.07125633583909313,0.09301017613590784,0.20154567253030092,0.3428975623673983
B4,0.75,0.7,0.01,False,True,False,128,192,0.14639523138181249,0.1883705554951433,0.050246047474660105,0.06320741840064265,0.24532521620206016,0.3876777220962062
B4,0.75,0.8,0.01,True,True,True,127,192,0.13055982470854116,0.14852666921632515,0.04303740522402938,0.0465572176165594,0.26315570752477235,0.4081153953414219
B4,0.75,0.9,0.01,True,True,True,128,192,0.09547513044075975,0.12732950353629344,0.02990536430408766,0.039774974771640215,0.27197542453400425,0.4619331402369347
B4,0.75,1.0,0.01,True,True,True,127,192,0.08697473550036647,0.09384131842962762,0.025485787561882828,0.028834090029838222,0.27338786759795863,0.3974356865853884
B4,0.75,1.1,0.01,True,True,True,128,192,0.08258864840495436,0.08226203692635653,0.024330001256688272,0.024574027247862562,0.2503904149914109,0.3959148230321793
B4,0.75,1.2,0.01,True,True,True,128,192,0.068591803551904,0.07395015750989192,0.02167083549442604,0.021641457980240253,0.2828080358775348,0.3937772535481352
B4,0.75,1.3,0.01,True,True,True,127,192,0.06942021906639761,0.06779009807594363,0.02029641142306024,0.019547534725170734,0.27955072045921225,0.39178905201412206
B4,0.75,1.4,0.01,True,True,True,127,192,0.07119331242409925,0.06297090174045356,0.02276895292268679,0.018927301582526486,0.2824556104956568,0.39006861621408273
B4,0.75,1.5,0.01,True,True,True,127,192,0.0565394079274687,0.059186618347272485,0.017750902898481843,0.018549271384724772,0.28147383343930454,0.3885081515737715
B4,0.75,1.6,0.01,True,True,True,127,192,0.06774947668800729,0.055961551749991414,0.022133644737699465,0.01819361104179683,0.2820809945010152,0.387240058968765
B4,0.75,1.7,0.01,True,True,True,95,192,0.0474236836201703,0.055084644293813656,0.01574947116495369,0.017869314127557476,0.2264400934471288,0.38620051152529644
B4,0.75,1.8,0.01,True,True,True,127,192,0.059520988647608575,0.054244348309086685,0.020493556975857183,0.01757084046692474,0.28817117750442844,0.3854102444358588
B4,0.75,1.9,0.01,True,True,True,95,192,0.045716704540412795,0.05619308554961841,0.015015196552503288,0.018972802677432024,0.22971446350617153,0.43768245107297643
B4,0.75,2.0,0.01,True,True,True,96,192,0.04596106814211612,0.054548493368687556,0.014414931237489562,0.01843133966147885,0.21019745883218133,0.4364382439385902
B4,0.8,0.1,0.01,True,True,True,32,192,0.12914444982333473,0.6420973608667413,0.04396810566203885,0.22445332480190056,0.0032312849890566778,0.017420409992006475
B4,0.8,0.2,0.01,True,True,True,32,192,0.11784514212220354,0.6373521763358951,0.04087036141605083,0.2225509823752635,0.009321616741258476,0.05402645195596062
B4,0.8,0.3,0.01,True,True,True,128,192,0.41958387359437044,0.5663381634856104,0.15295891716824045,0.202838767295221,0.05759064791043875,0.10552079305120109
B4,0.8,0.4,0.01,True,True,True,128,192,0.3900427121372304,0.5236191141415946,0.14127442977564975,0.18536544886763923,0.09137282788232134,0.17297411951587635
B4,0.8,0.5,0.01,True,True,True,128,192,0.3483594883485741,0.4563824516294942,0.12651214545028344,0.1619534897991769,0.142814690232687,0.25168971119721306
B4,0.8,0.6,0.01,False,True,False,128,192,0.2720379129345271,0.3536014455442378,0.10177535592055509,0.12907245115151614,0.19943691674530872,0.2995749333883916
B4,0.8,0.7,0.01,False,True,False,128,192,0.20200150404585882,0.2489385532336032,0.07290135815700438,0.09308894120826239,0.21476020475382906,0.37319979151685434
B4,0.8,0.8,0.01,True,True,True,127,192,0.14916791315408584,0.18856119018457082,0.05329296588616411,0.06806982748411594,0.26744351072805617,0.39853149410041344
B4,0.8,0.9,0.01,False,True,False,127,192,0.14800045543896304,0.14937632638794274,0.049556758149165436,0.05200777044277008,0.28044345950919547,0.404618296565424
B4,0.8,1.0,0.01,True,True,True,128,192,0.11067866621331451,0.12606906141542337,0.03605540149153358,0.042500332557596526,0.24693268553273195,0.40456109943896773
B4,0.8,1.1,0.01,True,True,True,128,192,0.09947641722355627,0.11112417299011929,0.03163345756782865,0.036431811052800606,0.263981700925617,0.40551156702708707
B4,0.8,1.2,0.01,True,True,True,128,192,0.09513139999469053,0.10039073885750585,0.02893844900045589,0.03216533070090119,0.2807923605646202,0.405762809406295
B4,0.8,1.3,0.01,True,True,True,128,192,0.07805840280011178,0.09224123954495872,0.023565578270877185,0.029005488937931895,0.2659558217967418,0.4055336415692102
B4,0.8,1.4,0.01,True,True,True,127,192,0.06612463817238354,0.08577910798255978,0.020305498981695383,0.026567500717976866,0.28410790997488655,0.4051106694685585
B4,0.8,1.5,0.01,True,True,True,127,192,0.0698441947320394,0.08043290485949808,0.020898961253651482,0.02460815834993338,0.28520159150507185,0.4042815902371867
B4,0.8,1.6,0.01,True,True,True,127,192,0.07250342328962679,0.07593804682975941,0.0213019913185125,0.02299396898628822,0.2952073246293616,0.4036883164699998
B4,0.8,1.7,0.01,True,True,True,127,192,0.06630965992757767,0.07202526617292969,0.021165186391568752,0.021622607438435498,0.2825215022800347,0.40288590767265875
B4,0.8,1.8,0.01,True,True,True,96,192,0.048589446502348685,0.06851252674796533,0.014239304555763346,0.02042412544112182,0.20555048207109372,0.4018339768452418
B4,0.8,1.9,0.01,True,True,True,95,192,0.039985143360308784,0.06540585811107015,0.012510498313508173,0.019376192359054106,0.23224299976943275,0.40076188156911763
B4,0.8,2.0,0.01,True,True,True,95,192,0.04206983159204368,0.062586532343417,0.014189377034075301,0.018440864757959752,0.22371779960721838,0.39956914808407673
B4,0.85,0.1,0.01,True,True,True,32,192,0.12474859734342092,0.6296711864567826,0.04308461194746949,0.21977591722150824,0.0038602958269163476,0.002175098721998954
B4,0.85,0.2,0.01,True,True,True,32,192,0.1215404627981177,0.622119756260671,0.041837628936783444,0.21611199143990356,0.008908764226100957,0.03046065911333906
B4,0.85,0.3,0.01,True,True,True,128,192,0.42349476236683636,0.5567587923903329,0.15406735335447574,0.20588219203152225,0.051556909506466436,0.08680442251846683
B4,0.85,0.4,0.01,True,True,True,96,192,0.319126899757574,0.5431851366945752,0.1151483086050572,0.19968633913690886,0.058809100121426094,0.1634005685958484
B4,0.85,0.5,0.01,True,True,True,128,192,0.37255167272595024,0.4989362831532725,0.13499171113775987,0.18530109798342853,0.11303493209174309,0.2318223553630954
B4,0.85,0.6,0.01,False,True,False,128,192,0.31277333115166894,0.4367265254565147,0.11352098597762206,0.16134737329227294,0.15999347783787626,0.30287892488687596
B4,0.85,0.7,0.01,False,True,False,128,192,0.2449883701456982,0.3619237268527935,0.09094530265751083,0.1299822130769907,0.2002353978078758,0.36997174932808796
B4,0.85,0.8,0.01,False,True,False,127,192,0.19752120055789268,0.29553782120309574,0.07215316548303546,0.10222989801172733,0.234943951759516,0.41329151761396055
B4,0.85,0.9,0.01,True,True,True,128,192,0.16939327781668637,0.2738269921393145,0.05880305938138786,0.09496205083884612,0.24998855296907074,0.49261455359618245
B4,0.85,1.0,0.01,True,True,True,127,192,0.14144037477308455,0.23803623413199668,0.0485801372344529,0.07997767048295243,0.2692994178853826,0.51908386094461
B4,0.85,1.1,0.01,True,True,True,128,192,0.11252162679599173,0.21316291365526524,0.03756335678905365,0.0696435827789888,0.24666520566320616,0.5385566939300408
B4,0.85,1.2,0.01,True,True,True,127,192,0.10348076722634639,0.13032360022468428,0.03436685975393727,0.042917016514469664,0.2648323534514955,0.37969974434181014
B4,0.85,1.3,0.01,True,True,True,127,192,0.0966649883378227,0.11752223057732542,0.0310510628401503,0.037969544071037115,0.28627428823415246,0.3819465467042751
B4,0.85,1.4,0.01,True,True,True,127,192,0.08673345816542638,0.10731283834520311,0.026808408721859245,0.03412587623453023,0.277502167946971,0.3831131430950837
B4,0.85,1.5,0.01,True,True,True,128,192,0.08997782473982072,0.0989972347877355,0.02820847526117523,0.031064389322401714,0.2742815504842261,0.3837665935934884
B4,0.85,1.6,0.01,True,True,True,127,192,0.0757087537759781,0.0920627541241014,0.02358955897444237,0.02856423685269152,0.27112451060046205,0.3840931633021042
B4,0.85,1.7,0.01,True,True,True,127,192,0.06514147880406179,0.1275560843083356,0.020510117720430737,0.03666793491525494,0.28643304566553585,0.5223091330096554
B4,0.85,1.8,0.01,True,True,True,127,192,0.0712957815949685,0.12084566431158503,0.021837520616272366,0.03430609742322549,0.2802852963478968,0.523100300726226
B4,0.85,1.9,0.01,True,True,True,96,192,0.05060094105638521,0.11523121041102885,0.0163254430960474,0.03239090279999696,0.20569245874731734,0.5253587632863072
B4,0.85,2.0,0.01,True,True,True,96,192,0.04642294052008736,0.06735376824197353,0.014050132334016446,0.020229401697061278,0.22699946372803959,0.3833842205039195
B4,0.9,0.1,0.01,False,True,False,31,192,0.14172721195753923,0.6307430264221645,0.049319654449866024,0.2202190733799385,0.0064433368275577385,0.00575750197712524
B4,0.9,0.2,0.01,True,True,True,32,192,0.12184371723035081,0.6256338793596274,0.04204112154890616,0.2177799333192399,0.00914403554204532,0.032446351949539626
B4,0.9,0.3,0.01,True,True,True,64,192,0.23694498390282615,0.6156497412158437,0.08482878979672576,0.21367709118068828,0.027648100373380863,0.06657063744844212
B4,0.9,0.4,0.01,True,True,True,128,192,0.41150527689263505,0.5455717831495109,0.15026010283196728,0.2026966854338048,0.07137179907372182,0.13722077521723397
B4,0.9,0.5,0.01,True,True,True,128,192,0.4000578181081409,0.5181568592362712,0.14183478063412086,0.19116537285421503,0.09538951300985615,0.20783701631452758
B4,0.9,0.6,0.01,True,True,True,128,192,0.34627223630645565,0.4681884918095299,0.12537294423585776,0.17469403485402865,0.1308400065567596,0.27034717814845605
B4,0.9,0.7,0.01,False,True,False,128,192,0.28416494707248685,0.4084914541745237,0.10415309324201977,0.14969890919165685,0.16112368317449238,0.33508164497803583
B4,0.9,0.8,0.01,True,True,True,128,192,0.2386247998929748,0.3446581003846457,0.08868478791642317,0.12305326795267063,0.2152424628186561,0.3885421545202721
B4,0.9,0.9,0.01,False,True,False,128,192,0.1961586963838251,0.22932785089483376,0.06990333810323124,0.08546704362947802,0.2135669372076101,0.40668984927408325
B4,0.9,1.0,0.01,True,True,True,127,192,0.15261730184575262,0.18637610387963277,0.054848574980922465,0.06824021562390953,0.24915783953617365,0.4262698398827732
B4,0.9,1.1,0.01,True,True,True,128,192,0.1442515181052997,0.154176108731836,0.04893662704348861,0.0554427558054785,0.26621278279635474,0.43525560169809535
B4,0.9,1.2,0.01,True,True,True,127,192,0.11841709538846223,0.13027463309572312,0.04079385109877931,0.04603331817192774,0.2639549578975915,0.43635541727612676
B4,0.9,1.3,0.01,True,True,True,127,192,0.10974631857795636,0.11280370964696218,0.03622957112638156,0.03918287837154627,0.2693909921526648,0.43191427934431603
B4,0.9,1.4,0.01,True,True,True,128,192,0.10050172803462687,0.09899231587095858,0.03343951925345717,0.033969802214790235,0.28394666114761036,0.4211355630877662
B4,0.9,1.5,0.01,True,True,True,127,192,0.10123083701856278,0.09033576327389453,0.03269967626972667,0.030493994370755367,0.3030486528435452,0.4173433488054342
B4,0.9,1.6,0.01,True,True,True,127,192,0.09414612092926333,0.08539253174530645,0.02956267734039525,0.028191877519181036,0.2850471688376176,0.3844117664805765
B4,0.9,1.7,0.01,True,True,True,127,192,0.08124807331542533,0.08550101463739501,0.025644355859169715,0.027604802412532603,0.2708924657936075,0.38491525331737697
B4,0.9,1.8,0.01,True,True,True,128,192,0.07804044233093702,0.08006149784345212,0.024165947129603876,0.025576782970081563,0.28701818368780796,0.3843425685062034
B4,0.9,1.9,0.01,True,True,True,127,192,0.07694949773315458,0.07538836708443174,0.023570432117301504,0.023857357882730412,0.2845926210298132,0.38396163260616467
B4,0.9,2.0,0.01,True,True,True,95,192,0.056758187495065254,0.07137259322493039,0.01733718126363712,0.022398594353632423,0.22826665314470918,0.3834876669201994
B4,0.95,0.1,0.01,False,True,False,31,192,0.14500893945228643,0.7245778448440997,0.050376152079591174,0.2591370194814199,0.00561125548457056,0.024928461153147882
B4,0.95,0.2,0.01,True,True,True,32,192,0.12711768049161398,0.718786837859457,0.04335292497726678,0.2562283668546775,0.007410565307053682,0.06352645507501922
B4,0.95,0.3,0.01,True,True,True,64,192,0.2233500185259687,0.5310018803459352,0.08079497916575074,0.19480820898567797,0.028239900875886598,0.05470093000292957
B4,0.95,0.4,0.01,True,True,True,96,192,0.3385899212275012,0.5466654062567593,0.12036372151514585,0.20302942994592066,0.05238572125053617,0.11895712568801685
B4,0.95,0.5,0.01,True,True,True,96,192,0.3161957714866386,0.5293925411498048,0.11339924052924805,0.19484073742431363,0.0707853123351832,0.1894149197875612
B4,0.95,0.6,0.01,True,True,True,128,192,0.3707801199583639,0.4883041516987945,0.133062756047437,0.18158619283021604,0.12073734754137572,0.24930446906398443
B4,0.95,0.7,0.01,True,True,True,128,192,0.3132415229288869,0.4413738917349308,0.11626754004201456,0.16349394686649582,0.16265386439278118,0.30393189551434685
B4,0.95,0.8,0.01,False,True,False,128,192,0.2584712040010614,0.3850606664831369,0.09691209264047806,0.1400874033794698,0.17875962405819934,0.35973995633289835
B4,0.95,0.9,0.01,False,True,False,128,192,0.23030010800155143,0.33066134005123327,0.0852312464539629,0.11746240344532233,0.21159766068719704,0.40261779028918937
B4,0.95,1.0,0.01,True,True,True,127,192,0.20288691099224526,0.2218153013755781,0.07245623521292649,0.08281187574542881,0.2464134412943556,0.41099697737594254
B4,0.95,1.1,0.01,True,True,True,128,192,0.16376520277392942,0.18445866231163344,0.057837820278259455,0.0678975967534863,0.246769413515455,0.4269892742007032
B4,0.95,1.2,0.01,True,True,True,128,192,0.14136703895868255,0.1556356779430489,0.04924984966716814,0.056459506506681356,0.24101931807637,0.43500918526795423
B4,0.95,1.3,0.01,True,True,True,127,192,0.13053681188523555,0.13349128074603867,0.04531691432813942,0.04772914186877256,0.26542229102433534,0.4367576266884686
B4,0.95,1.4,0.01,True,True,True,127,192,0.11587936145983252,0.11663328010166679,0.038993861302815264,0.0411002602840512,0.26381153715529104,0.43433167689412977
B4,0.95,1.5,0.01,True,True,True,127,192,0.10551741397936004,0.10271011324254192,0.03461388885093064,0.035821019066826776,0.2715341313618561,0.42344641405002803
B4,0.95,1.6,0.01,True,True,True,127,192,0.10200741167277672,0.09821931597020395,0.03297931703169227,0.033313473456103304,0.28054412906550463,0.4264308809060151
B4,0.95,1.7,0.01,True,True,True,127,192,0.09824261712433019,0.091246584813019,0.031008172971782877,0.03054838733197182,0.27891327715395364,0.42577703154748975
B4,0.95,1.8,0.01,True,True,True,127,192,0.08560861841435163,0.08678307390056819,0.027274889964446436,0.028527411504005035,0.278168139572155,0.4287045766947505
B4,0.95,1.9,0.01,True,True,True,95,192,0.05681104684946847,0.081319011741253,0.018598964668619822,0.026453506246603947,0.22356035391572993,0.42907549508573684
B4,0.95,2.0,0.01,True,True,True,95,192,0.0553591201558479,0.07661375150365843,0.01780739026175726,0.024687942158176435,0.22550654190514552,0.42944468953463094
B4,1.0,0.1,0.01,False,True,False,31,192,0.14490601078281373,0.7046861534766136,0.050260517400280647,0.2472561436164612,0.004959791257854604,0.025365505595889848
B4,1.0,0.2,0.01,True,True,True,32,192,0.11918171591553439,0.6983488401108593,0.04151070189147482,0.24409051234116885,0.006920540642704337,0.010674986592833613
B4,1.0,0.3,0.01,True,True,True,32,192,0.1355558946962756,0.6866727809055483,0.04392779162740784,0.23923792731570848,0.012182077958983822,0.04817073747548875
B4,1.0,0.4,0.01,True,True,True,64,192,0.23320059850875174,0.6676701497831203,0.08257515296810952,0.2319688796829255,0.0351695544730076,0.09123981838977227
B4,1.0,0.5,0.01,True,True,True,96,192,0.3193113940739041,0.6378083752527066,0.1163328459215725,0.22112285763023307,0.06461817228939015,0.14156015952328005
B4,1.0,0.6,0.01,True,True,True,128,192,0.3845757655351955,0.5920932779174654,0.13764810337373107,0.20536769883341724,0.10141031696976183,0.19902302731038252
B4,1.0,0.7,0.01,True,True,True,128,192,0.33867950809082376,0.5288420623597039,0.12432529379981089,0.18435974393997548,0.14164891905062083,0.2608023574981144
B4,1.0,0.8,0.01,True,True,True,128,192,0.2980706814517421,0.45193369854507504,0.10988014669950297,0.15942004942982801,0.175464938290945,0.3192397320314516
B4,1.0,0.9,0.01,False,True,False,128,192,0.2509154374041165,0.3542684239825813,0.09345826012187275,0.13268297126890483,0.19281953948993735,0.33407845160947813
B4,1.0,1.0,0.01,True,True,True,128,192,0.2141957670255656,0.3056580799957379,0.07917434424861036,0.11241879534386051,0.20643487106884362,0.37103284384498625
B4,1.0,1.1,0.01,True,True,True,128,192,0.18813155904938583,0.23378925268912654,0.06845759277604857,0.08586704767744086,0.22874387133703766,0.349163952898009
B4,1.0,1.2,0.01,True,True,True,127,192,0.17174465398564787,0.20461570468014054,0.061320544127165005,0.0735873770983034,0.2554207572068735,0.36353231267450437
B4,1.0,1.3,0.01,True,True,True,128,192,0.14375763918564616,0.18193993672150038,0.0504654734825003,0.06406212536643952,0.2581011481601271,0.37296762738255257
B4,1.0,1.4,0.01,True,True,True,128,192,0.1371287101359649,0.16420117305739473,0.04710358519326868,0.05665080762961394,0.26111374641197826,0.3791893154000736
B4,1.0,1.5,0.01,True,True,True,127,192,0.12249885933592816,0.13989155361401526,0.04112935547206509,0.04791786051559016,0.2696401510123293,0.42068811509604653
B4,1.0,1.6,0.01,True,True,True,127,192,0.11431822630379115,0.1261442353049163,0.03778320288268042,0.042446997147629784,0.27691697474456767,0.4261113061967306
B4,1.0,1.7,0.01,True,True,True,128,192,0.10639427781575073,0.11472772298714301,0.03486119664265447,0.037941515824366556,0.27174269603398493,0.43046580511271043
B4,1.0,1.8,0.01,True,True,True,127,192,0.10215507494631199,0.10500487134224618,0.032785231564526784,0.03413136695643071,0.28508519320936054,0.4342974328284105
B4,1.0,1.9,0.01,True,True,True,127,192,0.09561048016066401,0.09682371393282338,0.030823181141954703,0.030936970657234747,0.28266557576174023,0.43765952100721184
B4,1.0,2.0,0.01,True,True,True,128,192,0.07897067286094991,0.08969503528476105,0.025304895307412784,0.028179106767564882,0.2739825844725178,0.44070400661321574
B4,0.0,0.1,0.05,True,True,True,31,192,0.5395835469464572,0.9967943701397918,0.4329559597684045,0.8672353945245974,0.01730034693424068,0.032172317308277555
B4,0.0,0.2,0.05,True,True,True,31,192,0.5525567911382716,0.9891441995092902,0.43909283550788203,0.8605565770693708,0.03697143130276677,0.08148257177880379
B4,0.0,0.3,0.05,True,True,True,64,192,0.8113375377860964,0.9759690590263551,0.6676423878906859,0.8491181026168473,0.08692307101961602,0.13166779612165458
B4,0.0,0.4,0.05,True,True,True,64,192,0.8103978977755961,0.9568697491327791,0.661056809457946,0.832319822561578,0.11387545294608784,0.18686986380086243
B4,0.0,0.5,0.05,True,True,True,95,192,0.8577514208527554,0.9288283604246851,0.7226107339336509,0.8088908402658509,0.18764200906272044,0.23790918366892572
B4,0.0,0.6,0.05,True,True,True,90,192,0.8096635154438216,0.8896378823771284,0.6858371816527525,0.7764768149389648,0.22027392560191492,0.29703209084482346
B4,0.0,0.7,0.05,True,True,True,64,192,0.6856087916631539,0.8380110698272786,0.5651119234005135,0.7308456966575063,0.2166701580542095,0.3636843266566535
B4,0.0,0.8,0.05,True,True,True,96,192,0.6908226874997538,0.7792661076659357,0.5964154187955257,0.6668024713587346,0.32714751528247754,0.44012241390144247
B4,0.0,0.9,0.05,True,True,True,96,192,0.5943521427637847,0.7056845516046594,0.5161430665771565,0.5827606329589179,0.3837261040978671,0.5243804553287649
B4,0.0,1.0,0.05,True,True,True,96,192,0.5225591682374697,0.6242388457241831,0.43109269246284104,0.48725695462728474,0.46962460543575313,0.6074823002674863
B4,0.0,1.1,0.05,True,True,True,127,192,0.5195568324567594,0.5466387884847043,0.37526398478502876,0.39610872180306544,0.603591940455428,0.6786710632519025
B4,0.0,1.2,0.05,True,True,True,96,192,0.41504659122160015,0.472537484490981,0.28181294974556237,0.3190163903753491,0.5666968190145656,0.7333717435228417
B4,0.0,1.3,0.05,True,True,True,95,192,0.3549917074476414,0.41970480980216623,0.22613336894363795,0.2609438499339291,0.6061203166533592,0.7727758769856831
B4,0.0,1.4,0.05,True,True,True,95,192,0.33269234917410895,0.386109933715933,0.19279399301428693,0.21912065703334732,0.6413028683380346,0.8022100333407644
B4,0.0,1.5,0.05,True,True,True,127,192,0.3335759159262123,0.35248292909633583,0.17604180305365208,0.18658990767164718,0.7327127937657094,0.8236858133194251
B4,0.0,1.6,0.05,True,True,True,95,192,0.27619452233148467,0.32493978577142685,0.1394879294365064,0.16179142320640275,0.6629201397455398,0.8400554261802488
B4,0.0,1.7,0.05,True,True,True,96,192,0.2680931116034125,0.29490043523226345,0.12714598932057092,0.14121108287143475,0.6714408130255214,0.8522119760191772
B4,0.0,1.8,0.05,True,True,True,63,192,0.20635700381538274,0.2755137862398401,0.09511667088345244,0.12593191705109721,0.5662042242293976,0.8623129965419316
B4,0.0,1.9,0.05,True,True,True,63,192,0.1912222035744881,0.2587440107352428,0.08528974102857023,0.1135566707119518,0.5732512619402413,0.8705410075877609
B4,0.0,2.0,0.05,True,True,True,63,192,0.1790506278470332,0.24403334152798148,0.07646374839202935,0.10334865749569916,0.5864916555099468,0.8773113262575175
B4,0.05,0.1,0.05,True,True,True,31,192,0.5335793914626088,0.996526863090782,0.4313457188531358,0.8666146935860595,0.01810501848437035,0.03516454078205425
B4,0.05,0.2,0.05,True,True,True,31,192,0.5453507834522842,0.9879967311024882,0.4394383883668581,0.8591817548750263,0.04049727108852831,0.08728112121601544
B4,0.05,0.3,0.05,True,True,True,63,192,0.7940172913405947,0.9731486629720357,0.6562511228280924,0.8463560745940208,0.08985707741840304,0.14050493656716914
B4,0.05,0.4,0.05,True,True,True,64,192,0.782164707928486,0.9506585884519274,0.645388733324433,0.8271285312798915,0.12141374097778738,0.19605750294046634
B4,0.05,0.5,0.05,True,True,True,96,192,0.8537314723575824,0.9176533417445368,0.7193399767109921,0.7995642571731028,0.1847989228694784,0.2556742598603638
B4,0.05,0.6,0.05,True,True,True,95,192,0.8046258436961291,0.869360063979905,0.6831249591149923,0.7593629083687938,0.23118479828213248,0.32205794234929735
B4,0.05,0.7,0.05,True,True,True,95,192,0.7319874780334477,0.8107252935954868,0.6215213894260208,0.6998868634744707,0.3007746653370114,0.39936205972295835
B4,0.05,0.8,0.05,True,True,True,127,192,0.6831549313713838,0.7371504045359598,0.5810218367421847,0.6154556322402482,0.4203643332241092,0.48841358992470446
B4,0.05,0.9,0.05,True,True,True,95,192,0.538876408714951,0.6503415572720017,0.4507704813261195,0.5118719622092522,0.45769636228540056,0.5807359291651338
B4,0.05,1.0,0.05,True,True,True,95,192,0.4763087901222537,0.5647955330657539,0.35913689439920904,0.409016236402977,0.5226552056176443,0.6617213628754037
B4,0.05,1.1,0.05,True,True,True,95,192,0.41046073087891377,0.49265077278330405,0.2815209054945439,0.32393422779196346,0.589948137627699,0.7226840203755377
B4,0.05,1.2,0.05,True,True,True,95,192,0.36669725890726534,0.43573679431951223,0.22619010931443273,0.26030999044410846,0.6114624724770518,0.7663960987290113
B4,0.05,1.3,0.05,True,True,True,95,192,0.3348529882036936,0.39181793897636774,0.1855567892504265,0.21418964873716037,0.6241881323900786,0.7966007421627979
B4,0.05,1.4,0.05,True,True,True,95,192,0.3040975296951099,0.3568554769573022,0.15528508367417262,0.1805394586460459,0.6406858861678004,0.8192462042800794
B4,0.05,1.5,0.05,True,True,True,64,192,0.24116634843252585,0.3219611806795805,0.11505036339314156,0.1541208809545664,0.4895236925269688,0.8350588248318292
B4,0.05,1.6,0.05,True,True,True,63,192,0.21442413793179446,0.30484569901786096,0.10016576714278685,0.13622870691992958,0.5628104463434537,0.8504943791728762
B4,0.05,1.7,0.05,True,True,True,63,192,0.20014897504780674,0.27892238910365974,0.08811543200304361,0.11993686248002913,0.5672512185392513,0.8580662400823043
B4,0.05,1.8,0.05,True,True,True,63,192,0.191715025021921,0.2676033321965063,0.08069016497104955,0.10897722491052877,0.563449481604986,0.870801911599709
B4,0.05,1.9,0.05,True,True,True,63,192,0.17936498374973048,0.24703525724960196,0.07236087357933488,0.09803247756489675,0.5636905979016597,0.8733035077002969
B4,0.05,2.0,0.05,True,True,True,63,192,0.17253174506764643,0.23407730088308945,0.06757768926101362,0.08987961285104787,0.5766119325158752,0.8793832902400999
B4,0.1,0.1,0.05,True,True,True,31,192,0.5570074290878764,0.9961995866833183,0.44823788826448496,0.8664802643852992,0.021527300129826163,0.038017730711040316
B4,0.1,0.2,0.05,True,True,True,31,192,0.5351064281310235,0.9866132430947825,0.43301938168717846,0.858149524454539,0.037041177854097856,0.09318294956741435
B4,0.1,0.3,0.05,True,True,True,63,192,0.7611089038093435,0.9696195355601518,0.6380918331890397,0.8434901837876281,0.09757904455133337,0.15021903507305773
B4,0.1,0.4,0.05,True,True,True,96,192,0.8633054384021581,0.9430179092551814,0.7299644562159224,0.8209987446275469,0.1648272354934967,0.2108125721114271
B4,0.1,0.5,0.05,True,True,True,95,192,0.8674123456678409,0.9015064225945016,0.7238031395219537,0.7867506841715156,0.23192059569085183,0.2772598830675621
B4,0.1,0.6,0.05,True,True,True,95,192,0.767480453412112,0.8432234080059641,0.6569432010285556,0.7334713768032085,0.2849464706522269,0.3547858005787848
B4,0.1,0.7,0.05,True,True,True,95,192,0.6703918541010301,0.7714230604318658,0.5825239178428021,0.650977320993307,0.3461318028873845,0.4476474674133176
B4,0.1,0.8,0.05,True,True,True,95,192,0.5871018029730339,0.6793611625379674,0.48748092442586677,0.5392026392412931,0.42945397774847277,0.5499592172286877
B4,0.1,0.9,0.05,True,True,True,96,192,0.4987321035150082,0.5844534770496836,0.37271005925452905,0.42184766436052,0.48774547239001426,0.6421601469012999
B4,0.1,1.0,0.05,True,True,True,95,192,0.4173851849082679,0.504430748805847,0.2858489361242293,0.32512189331393115,0.564591865632977,0.7111555795149254
B4,0.1,1.1,0.05,True,True,True,96,192,0.3780525992933119,0.44317140269039074,0.22395921038074337,0.2553253106964408,0.5815321247784346,0.7586975583984272
B4,0.1,1.2,0.05,True,True,True,96,192,0.3455690393784994,0.3966746426538594,0.18352970039872463,0.20669199876390013,0.5954366083086933,0.7916316928740652
B4,0.1,1.3,0.05,True,True,True,64,192,0.26146524979509544,0.36033507433321793,0.12753972240181433,0.1723107152729574,0.48467900174487716,0.8158947695109252
B4,0.1,1.4,0.05,True,True,True,63,192,0.23954537074605567,0.3318149133191441,0.10795981244407643,0.14739290825125306,0.5342076621411087,0.832653942486337
B4,0.1,1.5,0.05,True,True,True,63,192,0.20547708631132347,0.3077025464783096,0.09112943078282626,0.12853302050071064,0.5416091376955072,0.8469176572209275
B4,0.1,1.6,0.05,True,True,True,63,192,0.2102044115642967,0.2872585097357381,0.08442104704106942,0.11392983773617202,0.565924191817136,0.8583726841636171
B4,0.1,1.7,0.05,True,True,True,63,192,0.19311832133924925,0.26970138584604864,0.07430828392570232,0.10234358642375899,0.5730422677163296,0.8677414107803072
B4,0.1,1.8,0.05,True,True,True,63,192,0.18566183033126274,0.2544412152990223,0.06914325961359916,0.09295400408206597,0.5603317170755561,0.8755139196221695
B4,0.1,1.9,0.05,True,True,True,63,192,0.17232598618117395,0.23642425242399234,0.06198485744655452,0.0842734252660158,0.5508348898412733,0.8770609495202778
B4,0.1,2.0,0.05,True,True,True,63,192,0.15936835140779476,0.22464938036538407,0.05587567190872325,0.07778481789042224,0.565463621568593,0.8824124540440583
B4,0.15,0.1,0.05,True,True,True,31,192,0.5473267541522262,0.9957464896947833,0.43819518840151517,0.8659492858979352,0.021374542444598195,0.041648743119689094
B4,0.15,0.2,0.05,True,True,True,31,192,0.5480616433202121,0.9852249629383812,0.43854932808797875,0.8597484083595546,0.04715914148279192,0.11355397819386875
B4,0.15,0.3,0.05,True,True,True,63,192,0.7648026905915044,0.9649767648406449,0.6377142897132143,0.8395265591028658,0.1123222524164867,0.1624279699737641
B4,0.15,0.4,0.05,True,True,True,96,192,0.8572791319251265,0.9320357109294868,0.7249232411223744,0.8119459201764455,0.1862681776481211,0.22896095173620507
B4,0.15,0.5,0.05,True,True,True,96,192,0.8076556138963923,0.8775395897436787,0.6909052786055311,0.7665652987675682,0.2579277814796063,0.30629159255190297
B4,0.15,0.6,0.05,True,True,True,96,192,0.7124601155014377,0.8076987808778069,0.6131477556216645,0.689157270003105,0.2997673460240522,0.40195506018498595
B4,0.15,0.7,0.05,True,True,True,127,192,0.655951929706577,0.7113044801447382,0.541384633714554,0.5698463445421045,0.4523307441506363,0.5150822463545766
B4,0.15,0.8,0.05,True,True,True,96,192,0.523675873943349,0.6051627242330334,0.38123254290386593,0.43394716865921823,0.4864316422327639,0.6219341224038585
B4,0.15,0.9,0.05,True,True,True,127,192,0.48070407156189626,0.5156075251838849,0.30389666936463045,0.3225366934764322,0.6188520930802405,0.7000431896769315
B4,0.15,1.0,0.05,True,True,True,95,192,0.3788280508999495,0.44969477332457364,0.21230744369537163,0.2461313647846827,0.5804825134909642,0.7509473842617116
B4,0.15,1.1,0.05,True,True,True,96,192,0.34155663262587005,0.40138649808282395,0.17108548423592984,0.1956851944896015,0.6000887933215546,0.7866801416732111
B4,0.15,1.2,0.05,True,True,True,64,192,0.2591308147999727,0.36477833049339153,0.12033146805148676,0.16150185648446946,0.48270437633222835,0.811930452476225
B4,0.15,1.3,0.05,True,True,True,63,192,0.24058670141628802,0.33673632462392084,0.10098604934544347,0.13745237760049653,0.5267751712531495,0.8254899677332039
B4,0.15,1.4,0.05,True,True,True,63,192,0.22650276250664647,0.31248885262353265,0.08897716938403016,0.11961234105595281,0.5705091084209046,0.840453973256827
B4,0.15,1.5,0.05,True,True,True,64,192,0.2062612701616052,0.2855916477097825,0.0769795473849032,0.10468369748538453,0.5027847278445474,0.8523486280469826
B4,0.15,1.6,0.05,True,True,True,63,192,0.19689701424106945,0.268188163234011,0.06876818951412789,0.09396265581483601,0.5641309214654067,0.8617611813755021
B4,0.15,1.7,0.05,True,True,True,63,192,0.1849588045643098,0.2586083185735833,0.06296374818750441,0.08639317808237579,0.577928221963332,0.8730766245728458
B4,0.15,1.8,0.05,True,True,True,32,192,0.11010301455275767,0.24063762136906963,0.03645590787814493,0.07746925141871028,0.31511247542227816,0.8833093885325682
B4,0.15,1.9,0.05,True,True,True,32,192,0.10951376555740236,0.23229966077187164,0.03501458291301543,0.07305854501269124,0.3170970508227765,0.8850620241740408
B4,0.15,2.0,0.05,True,True,True,32,192,0.09932170002520069,0.2214700483903045,0.030528507129423954,0.06793852364534902,0.31908376398829563,0.890110618206195
B4,0.2,0.1,0.05,True,True,True,31,192,0.5409839101953214,0.9952197089778769,0.440469828640909,0.8656888844874029,0.020516290863890195,0.055876648654630365
B4,0.2,0.2,0.05,True,True,True,31,192,0.5607864431685958,0.9825923223063261,0.444711381189989,0.8546075464953902,0.044768059555971546,0.11848925794978239
B4,0.2,0.3,0.05,True,True,True,64,192,0.7756548850294964,0.9584618429783645,0.6474573143025921,0.8344023551269766,0.11010105606766984,0.1914460318238627
B4,0.2,0.4,0.05,True,True,True,95,192,0.8590783069778551,0.9139449204814795,0.7296034132619431,0.7978004239059414,0.19870762004351766,0.26654954985808677
B4,0.2,0.5,0.05,True,True,True,96,192,0.7573688032695842,0.8443198102843963,0.6466482331278969,0.7290359126480739,0.27702280593129175,0.36277536923501064
B4,0.2,0.6,0.05,True,True,True,96,192,0.637388457539244,0.7546664707867876,0.5427919871387318,0.6067627601987857,0.38037495444871594,0.48572996911294986
B4,0.2,0.7,0.05,True,True,True,96,192,0.5394660879314347,0.6358184911925113,0.39277736085128867,0.4464794366835193,0.4622858448925466,0.6139900304218651
B4,0.2,0.8,0.05,True,True,True,95,192,0.44496133756497525,0.5365180602764454,0.27676273028709164,0.3166444555641565,0.5349601998776726,0.7065811146591077
B4,0.2,0.9,0.05,True,True,True,64,192,0.33122052754347464,0.4674409441222394,0.1720103801445218,0.23439399307354636,0.4557788470892102,0.765454423903674
B4,0.2,1.0,0.05,True,True,True,63,192,0.2867033469002384,0.41847200090336123,0.13415297056539233,0.18371245462825203,0.5174042654774386,0.8045569412544883
B4,0.2,1.1,0.05,True,True,True,63,192,0.27434810438524787,0.3674346237382935,0.11168152040165644,0.1459330522293177,0.5194812394237325,0.7912603574118983
B4,0.2,1.2,0.05,True,True,True,64,192,0.23175467435077332,0.34950229193832494,0.08806098959669309,0.12682320618599274,0.4787767146094262,0.8519474583579822
B4,0.2,1.3,0.05,True,True,True,63,192,0.2170477737846579,0.31823463279028974,0.0759937691514416,0.10951927223109936,0.5422558672018665,0.8541941769179524
B4,0.2,1.4,0.05,True,True,True,63,192,0.2079343926524608,0.2946961080613008,0.06892364008963187,0.09564982470240616,0.5562781764939589,0.8417306376718622
B4,0.2,1.5,0.05,True,True,True,63,192,0.2021254174183612,0.27811301990294235,0.06409296422742009,0.08679381241536557,0.5665433177395406,0.8514390834230944
B4,0.2,1.6,0.05,True,True,True,63,192,0.1912233964473371,0.26230744309545895,0.05804999712860531,0.0789910163741602,0.5676809460327832,0.8601597844825316
B4,0.2,1.7,0.05,True,True,True,32,192,0.11389247285348289,0.24843155090564195,0.03272601840134545,0.07255343615479892,0.3141757177953647,0.867517063014426
B4,0.2,1.8,0.05,True,True,True,32,192,0.10211677836702401,0.2278968016350965,0.02840867905748204,0.0650472967564153,0.3164648827572534,0.8675041201410345
B4,0.2,1.9,0.05,True,True,True,32,192,0.10761198428001315,0.21688552678505302,0.0282733999914635,0.060511588820945095,0.3183915573854331,0.8725940395384189
B4,0.2,2.0,0.05,True,True,True,32,192,0.09956408735143696,0.20690373102542203,0.025874421304664524,0.05659168182652774,0.3199875250055346,0.8770441776759406
B4,0.25,0.1,0.05,True,True,True,31,192,0.5301305388899662,0.9950634541166044,0.42554798285809303,0.8677703510341328,0.023488844157954825,0.06259171639498565
B4,0.25,0.2,0.05,True,True,True,63,192,0.7888815502715706,0.97970047612602,0.6546409388080386,0.8526803140984414,0.08135386517724319,0.1342222600951123
B4,0.25,0.3,0.05,True,True,True,95,192,0.8712097232785897,0.948068482278101,0.7451870896603482,0.8259527175167439,0.1458223561621178,0.20892325594724426
B4,0.25,0.4,0.05,True,True,True,127,192,0.8493432661048219,0.8840274648785706,0.7363694629407862,0.7700175105501995,0.2483352889232479,0.304501354746666
B4,0.25,0.5,0.05,True,True,True,96,192,0.6711806543981367,0.7800543766881122,0.5731704943972431,0.6410375660608294,0.3236367177784396,0.4312415003439963
B4,0.25,0.6,0.05,True,True,True,96,192,0.557011444338103,0.6372142724787397,0.40502161185166,0.4436253380866491,0.46399161722683246,0.5780713280244397
B4,0.25,0.7,0.05,True,True,True,95,192,0.44661716783530064,0.5236106226726074,0.2560011854277493,0.2898664061228047,0.5345977260956786,0.6767535191987188
B4,0.25,0.8,0.05,True,True,True,63,192,0.33029755331355626,0.45387707171660097,0.15518787656229197,0.20393061015287378,0.4968648277636857,0.720317612125355
B4,0.25,0.9,0.05,True,True,True,63,192,0.2967531026322972,0.40520451183366024,0.11757483866657278,0.15716715517798988,0.5171643004801683,0.7795500930413952
B4,0.25,1.0,0.05,True,True,True,63,192,0.25385809227928235,0.3678594228628733,0.08974548629391374,0.12885972863438971,0.523973722250547,0.7985995208168531
B4,0.25,1.1,0.05,True,True,True,63,192,0.2450837207284994,0.339421239059725,0.07842817823329029,0.10956968640224732,0.547102572091032,0.8201172461133506
B4,0.25,1.2,0.05,True,True,True,63,192,0.23145303268306983,0.3153783472812894,0.06920834658464667,0.0956981323411693,0.547858228649691,0.8365206028965467
B4,0.25,1.3,0.05,True,True,True,63,192,0.20990620186407652,0.2944501936177463,0.06027745338529028,0.08506447393122596,0.5546841370762516,0.8480410176990314
B4,0.25,1.4,0.05,True,True,True,63,192,0.19985626450695373,0.27658695646290604,0.05492761049707687,0.07683699019043452,0.5565652879617488,0.8588925499073193
B4,0.25,1.5,0.05,True,True,True,63,192,0.177676852802086,0.26095181128928957,0.04693056933995765,0.07018222509530664,0.5622551677564157,0.8678612476145664
B4,0.25,1.6,0.05,True,True,True,63,192,0.17543033464675287,0.2469612575390612,0.045042605669429,0.06467648273884613,0.579404304980123,0.8755675245780463
B4,0.25,1.7,0.05,True,True,True,63,192,0.16474913147274467,0.2347218028138303,0.042279072959059666,0.060046880722051554,0.6087497939306385,0.8819774186404201
B4,0.25,1.8,0.05,True,True,True,63,192,0.1626729669461412,0.22356628479444393,0.041419767944333635,0.056086057173219184,0.5703190226042464,0.8876194334295874
B4,0.25,1.9,0.05,True,True,True,63,192,0.15576012709500425,0.21363442030636634,0.03765930033060866,0.052655356806912856,0.5651086431259256,0.8924657971213241
B4,0.25,2.0,0.05,True,True,True,63,192,0.15471122848348573,0.2045652666328861,0.03649255582266961,0.04963144956312035,0.5782572164067965,0.8967325708303191
B4,0.3,0.1,0.05,True,True,True,31,192,0.5434722455225705,0.9943788486515212,0.4383962327612345,0.8682261787231494,0.02680333265788625,0.0610098846370906
B4,0.3,0.2,0.05,True,True,True,63,192,0.7788114634222374,0.9751698221235255,0.6432980580168841,0.848860717375392,0.08748176518506831,0.14609453813151885
B4,0.3,0.3,0.05,True,True,True,96,192,0.8814624217608578,0.9263117070529558,0.7392876949766505,0.8088517244213504,0.15409329852287237,0.2379459516367314
B4,0.3,0.4,0.05,True,True,True,96,192,0.7323188932656016,0.8141642685687662,0.6335870392652424,0.6826698696095408,0.29935613316873494,0.36662471373518796
B4,0.3,0.5,0.05,True,True,True,127,192,0.5985076855039382,0.6377522113285072,0.4050673679097979,0.4253525776357544,0.4778214647751887,0.549452704167034
B4,0.3,0.6,0.05,True,True,True,95,192,0.44380858682256935,0.522873590407688,0.21789363061033845,0.24690999611040992,0.5287205900368175,0.6605065360619252
B4,0.3,0.7,0.05,True,True,True,95,192,0.38936209329134264,0.44808239389046756,0.1465825293773907,0.16844207629825203,0.5773803040700143,0.7230177762194274
B4,0.3,0.8,0.05,True,True,True,95,192,0.34744603793001033,0.4027576663010564,0.11181180715425809,0.12912406533899456,0.6066305114912947,0.7583344360659215
B4,0.3,0.9,0.05,True,True,True,95,192,0.327263176381393,0.36817137072251493,0.09202363491558307,0.10621493920199404,0.6233644158877995,0.7838110837195537
B4,0.3,1.0,0.05,True,True,True,95,192,0.2999263100002213,0.33983230147341337,0.08219352240545247,0.09111943916915496,0.6471652831536303,0.8036869582107076
B4,0.3,1.1,0.05,True,True,True,64,192,0.2232806510454593,0.31578724200463637,0.05465832186490788,0.08026882283263306,0.4826193048538958,0.8196548763252407
B4,0.3,1.2,0.05,True,True,True,64,192,0.2185644772891486,0.29496979732715284,0.05178446349811924,0.07198158385637135,0.5026095178508372,0.8324833470691181
B4,0.3,1.3,0.05,True,True,True,64,192,0.19940771101659113,0.27678987574870484,0.046350658340124196,0.06540146706255609,0.5050786068483702,0.8427644201747413
B4,0.3,1.4,0.05,True,True,True,64,192,0.19464803290895344,0.2607346568122765,0.04375588571195549,0.060011250213390765,0.5148245895221324,0.8514237711887893
B4,0.3,1.5,0.05,True,True,True,64,192,0.17603927941421343,0.2464709828179465,0.03974452552443955,0.05550084634971442,0.5035991352309528,0.8588526555199476
B4,0.3,1.6,0.05,True,True,True,64,192,0.176117409277987,0.23371956988027653,0.03855176650038303,0.051657944840066,0.5236948028899793,0.8650020140023164
B4,0.3,1.7,0.05,True,True,True,63,192,0.16560640359726375,0.2222461343339314,0.03709259759971066,0.049923896242346735,0.5924684153824413,0.8701641726950492
B4,0.3,1.8,0.05,True,True,True,63,192,0.15856581417971138,0.21186945124016268,0.035944728143168014,0.048318281173752475,0.588707302307871,0.8745782084192101
B4,0.3,1.9,0.05,True,True,True,63,192,0.14391263286149353,0.20243288426115638,0.03454591178551042,0.04681579284602458,0.569194622843474,0.8784042338825512
B4,0.3,2.0,0.05,True,True,True,63,192,0.144986255228164,0.19383304844668064,0.03409953247814293,0.045409850045354166,0.6026435058286764,0.8816972823163289
B4,0.35,0.1,0.05,True,True,True,31,192,0.5660589303199722,0.9931785046032374,0.4482785706046253,0.8646924085766731,0.02905169546309884,0.06367040477776967
B4,0.35,0.2,0.05,True,True,True,95,192,0.8845005594236691,0.9655349302821333,0.7519183609150546,0.8413810748707979,0.1207802590378565,0.16440530374795198
B4,0.35,0.3,0.05,True,True,True,96,192,0.7627305003060189,0.8694632862255801,0.6604737551811303,0.7337311792033359,0.20010450850835315,0.30545805726709346
B4,0.35,0.4,0.05,True,True,True,96,192,0.5677162560782686,0.6280624607376964,0.3252119115997977,0.35743227453601906,0.4182387261926793,0.5249062549704768
B4,0.35,0.5,0.05,True,True,True,127,192,0.4687459414830506,0.5060887181818833,0.16198099302999588,0.17354966414323175,0.5719319843672055,0.6675189844638942
B4,0.35,0.6,0.05,True,True,True,127,192,0.4136871077778499,0.4456547039453602,0.10646358069927919,0.11599257842179964,0.6233399525490135,0.7125128861582243
B4,0.35,0.7,0.05,True,True,True,96,192,0.3292411984306807,0.40592852628594384,0.08217610479717574,0.0975478912730556,0.559064505028672,0.7477461878894527
B4,0.35,0.8,0.05,True,True,True,95,192,0.3172114633139873,0.37381558884060206,0.078912291583699,0.09117144732136545,0.608552102354591,0.7751334294113434
B4,0.35,0.9,0.05,True,True,True,95,192,0.2830266184334953,0.34653135303924687,0.07231238047366603,0.08429157286725034,0.6282859295033225,0.7967475846899125
B4,0.35,1.0,0.05,True,True,True,95,192,0.2677184063996019,0.32302713891745527,0.06588250783696761,0.07779500696766775,0.636017683311614,0.8145121702687593
B4,0.35,1.1,0.05,True,True,True,95,192,0.26850482382251156,0.30238536702754076,0.06452447959362687,0.07188802748415532,0.6652824453040844,0.8287318442849931
B4,0.35,1.2,0.05,True,True,True,64,192,0.18863970899688928,0.28419394598030867,0.046974327905728364,0.06662983847605691,0.49581374620353424,0.8402522738027286
B4,0.35,1.3,0.05,True,True,True,96,192,0.22393221220212078,0.2680443729946453,0.05301520301956547,0.06197722697266453,0.652702053579769,0.8497092735576398
B4,0.35,1.4,0.05,True,True,True,64,192,0.1830269262071628,0.25361074710376263,0.043082445118315243,0.05786054091199841,0.5123256797015608,0.8572630534986764
B4,0.35,1.5,0.05,True,True,True,64,192,0.17461389793785176,0.24064969499678743,0.040924394053677426,0.055586034695149986,0.5154848828988343,0.864964242743888
B4,0.35,1.6,0.05,True,True,True,64,192,0.1676647372028547,0.22898390770529423,0.03996244644807838,0.05378857354933485,0.5357580405801423,0.8715602485844919
B4,0.35,1.7,0.05,True,True,True,64,192,0.15768460706378437,0.21871233413722005,0.03551020360919385,0.05216129501870742,0.5300673375776592,0.8765279536859487
B4,0.35,1.8,0.05,True,True,True,64,192,0.14723395416306562,0.20912837757140218,0.033724005426112744,0.05058999840316915,0.5295275624585181,0.8814913017930283
B4,0.35,1.9,0.05,True,True,True,63,192,0.14033423460293734,0.2078320217973055,0.03207599511162826,0.05057754796395167,0.6085027528993188,0.8903953368012925
B4,0.35,2.0,0.05,True,True,True,64,192,0.13612891881314448,0.1994555501657094,0.032476128582212355,0.049055343130698634,0.536980423885982,0.8939429782345978
B4,0.4,0.1,0.05,True,True,True,31,192,0.564630095233528,0.9911843913729733,0.449713063984886,0.8643357099266731,0.031495234677571635,0.0822963200768326
B4,0.4,0.2,0.05,True,True,True,95,192,0.8206132482765924,0.9145661361637705,0.6961041702980886,0.7856028466159415,0.15192654816595066,0.21643793383696958
B4,0.4,0.3,0.05,False,False,False,128,192,0.5164975343601312,0.551964227613981,0.16131215995329234,0.1725789306291893,0.46852184899814986,0.554731919072386
B4,0.4,0.4,0.05,True,False,False,128,192,0.4357679137058198,0.4724148280859258,0.13408049186736082,0.14218032840386818,0.5455436973733058,0.6341890679146571
B4,0.4,0.5,0.05,True,True,True,127,192,0.40332601978870825,0.4364854284238053,0.12684500364722892,0.13459425386640303,0.618978668309702,0.6868539181670277
B4,0.4,0.6,0.05,True,True,True,127,192,0.37428044867781785,0.404552485878339,0.11490147042306217,0.12218780892942765,0.6342138277815067,0.7293437516650398
B4,0.4,0.7,0.05,True,True,True,127,192,0.3534385062502652,0.37505007051291983,0.10403786412340452,0.10973765322913831,0.6806200449234121,0.7637323006551789
B4,0.4,0.8,0.05,True,True,True,95,192,0.28570630875927117,0.3503473603528443,0.08470817045619,0.09883792488820739,0.6126491312000109,0.7730383616578524
B4,0.4,0.9,0.05,True,True,True,95,192,0.27958077821446203,0.3260283056356814,0.07869654483432345,0.08906406106240441,0.6435221308083866,0.7950995921037867
B4,0.4,1.0,0.05,True,True,True,95,192,0.2587077940476853,0.304570684598732,0.07031930143853798,0.08074084568950982,0.6479321278215756,0.8125933576320522
B4,0.4,1.1,0.05,True,True,True,95,192,0.25125272602133275,0.28564980319478417,0.06583946580945352,0.07367531307818018,0.6833633273278621,0.8268892073858974
B4,0.4,1.2,0.05,True,True,True,96,192,0.2302767655925858,0.2687443488686312,0.059315583783037557,0.06762637101240201,0.6469136314963289,0.8386721005507208
B4,0.4,1.3,0.05,True,True,True,96,192,0.21711794297030595,0.2520918723330333,0.054248732453235304,0.062162997298268824,0.6480727130534604,0.8660133183760358
B4,0.4,1.4,0.05,True,True,True,64,192,0.16393299618109433,0.23866143745053217,0.04128007816857604,0.05768272267633792,0.5154329101421002,0.8745213442794043
B4,0.4,1.5,0.05,True,True,True,96,192,0.19759292069999665,0.22661172566289073,0.0485317850009703,0.054848822320392815,0.7025398111676121,0.8817392717184057
B4,0.4,1.6,0.05,True,True,True,64,192,0.15841571541420085,0.21572521860097513,0.03821348668893422,0.053053520140032284,0.5230174099543508,0.8879565776681929
B4,0.4,1.7,0.05,True,True,True,95,192,0.17807943801003473,0.20585978064124083,0.044211211842453635,0.05134693474588416,0.7214456124390993,0.8931635232732534
B4,0.4,1.8,0.05,True,True,True,64,192,0.14675024727969208,0.19686145347815434,0.035855132024113126,0.049773128703656425,0.5360578765857971,0.8978409547488618
B4,0.4,1.9,0.05,True,True,True,64,192,0.13395500867691829,0.18863739647440922,0.034125242162366676,0.04829067736415729,0.5219191704484569,0.9018475799441288
B4,0.4,2.0,0.05,True,True,True,95,192,0.16509214023737834,0.18239492782912095,0.04244374063602106,0.04768351971568065,0.718520875538144,0.883575795187792
B4,0.45,0.1,0.05,True,True,True,96,192,0.923979744961588,0.9614233610960519,0.7742922228029914,0.8381881939636698,0.049185978695951524,0.11243403530117013
B4,0.45,0.2,0.05,False,False,False,128,192,0.45610022661144145,0.4845710330022579,0.19048464399564724,0.20091536120563563,0.47912225818552023,0.5292613844149234
B4,0.45,0.3,0.05,True,True,True,128,192,0.43013062179520994,0.4645389741687735,0.17814057501894606,0.1875460602246539,0.532669648087839,0.5891117356907024
B4,0.45,0.4,0.05,True,True,True,128,192,0.41904677045600736,0.44213942591458866,0.16207883018665095,0.16879102432952522,0.5551610310664554,0.6475911980104585
B4,0.45,0.5,0.05,True,True,True,128,192,0.3848313905484195,0.4240713965585887,0.14119332701037882,0.1507321849512788,0.598015844389986,0.7030759776709432
B4,0.45,0.6,0.05,True,True,True,127,192,0.36119320148082745,0.3834656812587445,0.12437584276746147,0.1303289775681977,0.6558476940534668,0.7342664500804985
B4,0.45,0.7,0.05,True,True,True,127,192,0.32442733592973994,0.3688023622858157,0.1072317583811151,0.11679152425611677,0.6602088090436012,0.7847600598211253
B4,0.45,0.8,0.05,True,True,True,96,192,0.2646937229955626,0.34268833660691567,0.08581709342858646,0.1033557756308531,0.5778482855762086,0.8130051685458901
B4,0.45,0.9,0.05,True,True,True,95,192,0.25893004196877123,0.31820891143601726,0.07855985146852049,0.09201831964419804,0.6201153493593589,0.8301538282740522
B4,0.45,1.0,0.05,True,True,True,96,192,0.24421056431016158,0.287848073287817,0.07110853511984833,0.08108200854950237,0.6317315569804867,0.8240281952472415
B4,0.45,1.1,0.05,True,True,True,96,192,0.2273069702346157,0.27038568499276916,0.06362631392194346,0.073561219602643,0.6352413447695446,0.8355385962284256
B4,0.45,1.2,0.05,True,True,True,96,192,0.2116371247623816,0.2550861505462492,0.05783011495455892,0.067296268900747,0.6558711657913139,0.8450056115972349
B4,0.45,1.3,0.05,True,True,True,95,192,0.20324590373780815,0.24140128991104368,0.05369811795700713,0.061978259710205263,0.6944271127526883,0.8528010879401492
B4,0.45,1.4,0.05,True,True,True,95,192,0.20884842357442968,0.2292755251420262,0.05352123090044003,0.057765498585308314,0.7142285163071554,0.8592130419231359
B4,0.45,1.5,0.05,True,True,True,95,192,0.18995914812595088,0.22402559080749418,0.04728490377342218,0.05680333701683592,0.7004513628588553,0.8816681172270969
B4,0.45,1.6,0.05,True,True,True,64,192,0.15814492794827947,0.21383677842950644,0.040312075898036384,0.05503506612189202,0.5382431319193776,0.8876415075236792
B4,0.45,1.7,0.05,True,True,True,64,192,0.14828126757736718,0.2045598818622919,0.03664691909299053,0.05335635405187954,0.5320786445028916,0.8928422258435366
B4,0.45,1.8,0.05,True,True,True,95,192,0.1607986132187026,0.19607817022958676,0.04109194664977736,0.05177889950537885,0.6981355604729511,0.8973933946710113
B4,0.45,1.9,0.05,True,True,True,64,192,0.13268996556611162,0.18829066627418517,0.03637891358087077,0.05029426881103839,0.5270898209208768,0.9013919090178708
B4,0.45,2.0,0.05,True,True,True,95,192,0.15338971383246258,0.18114217775982827,0.039948321577765525,0.04888308323116512,0.721141475877972,0.9049649520011066
B4,0.5,0.1,0.05,False,False,False,128,192,0.546726884639918,0.5554902645437906,0.21880465466129467,0.22612721917367998,0.4421184087966765,0.4800579860914854
B4,0.5,0.2,0.05,False,False,False,127,192,0.49469152732397087,0.5080937944698476,0.20290737255380184,0.21290266980721018,0.4765383872335581,0.5373769758936008
B4,0.5,0.3,0.05,True,True,True,127,192,0.4306425911408303,0.45311312682332305,0.1848556074033664,0.19389945644632806,0.5247084543287786,0.5967360248906064
B4,0.5,0.4,0.05,True,True,True,128,192,0.39832855974028525,0.4254178091528064,0.16429708149933492,0.17164882605260504,0.5488554152369597,0.6526831832575075
B4,0.5,0.5,0.05,True,True,True,127,192,0.3626194157491984,0.3960715931844207,0.14137239602925086,0.14972408204672827,0.6236653963196814,0.7042436275275916
B4,0.5,0.6,0.05,True,True,True,127,192,0.34306471427168506,0.36769387113191004,0.12332664213730324,0.13019858679213145,0.647485257643635,0.7480068099013084
B4,0.5,0.7,0.05,True,True,True,127,192,0.30853846187229317,0.34147214214749344,0.10614723716885854,0.1137491000304022,0.684306073348712,0.7828723277063727
B4,0.5,0.8,0.05,True,True,True,127,192,0.2737380687396087,0.3180335664469316,0.09142530737486812,0.10024623187992754,0.6987634372984417,0.8106102709205109
B4,0.5,0.9,0.05,True,True,True,128,192,0.2720880812581604,0.29662891163411237,0.08373140622456718,0.08914639978411615,0.7256746324834553,0.8301592845827717
B4,0.5,1.0,0.05,True,True,True,96,192,0.2222155759886899,0.277587317819384,0.06744817016341897,0.08003267990710475,0.6117370294540145,0.8443351307362706
B4,0.5,1.1,0.05,True,True,True,96,192,0.22106651584185463,0.26106277617719476,0.06299733002000887,0.0725541933076021,0.6424191008016136,0.8557026857825252
B4,0.5,1.2,0.05,True,True,True,95,192,0.20564787538828716,0.24639269918354292,0.057077054800856925,0.06630933554991342,0.6770182457795403,0.864144599460852
B4,0.5,1.3,0.05,True,True,True,96,192,0.196110639252999,0.23346259520952434,0.052952292962251596,0.061064458154407086,0.6717162410829458,0.8708821505599177
B4,0.5,1.4,0.05,True,True,True,96,192,0.1772909911583258,0.22330124935157775,0.04733639911532772,0.05876977589582155,0.6488050602434068,0.8731857578510793
B4,0.5,1.5,0.05,True,True,True,96,192,0.18475294512900414,0.21306089103272352,0.04788142127322094,0.056925688091718565,0.6764533479827892,0.8798561640744647
B4,0.5,1.6,0.05,True,True,True,95,192,0.18134598543434932,0.2037351581755802,0.04827888121742878,0.055168952812066255,0.7185043881670115,0.8857037439301276
B4,0.5,1.7,0.05,True,True,True,95,192,0.16564387821418197,0.19545183163373886,0.04340440515829733,0.05362209920923938,0.703503481625891,0.8905386566736297
B4,0.5,1.8,0.05,True,True,True,95,192,0.16082984703491718,0.18764661372162586,0.04274432420017886,0.05206223488116481,0.7219014696249879,0.8950130155533776
B4,0.5,1.9,0.05,True,True,True,64,192,0.13833055750240333,0.18045858852044788,0.038248159335055126,0.05059561967982315,0.5654509058243601,0.8989504143741451
B4,0.5,2.0,0.05,True,True,True,64,192,0.1313523244838845,0.17387247113214332,0.03473472043212256,0.049205371910718027,0.5430986363314808,0.9024668540154126
B4,0.55,0.1,0.05,False,False,False,64,192,0.6919872425774101,0.9486996820244162,0.25862276519377136,0.35558821470252605,0.07028769099477084,0.10265135276817092
B4,0.55,0.2,0.05,False,False,False,128,192,0.44207745645081525,0.4608628867730888,0.1941540906876827,0.20211473104626781,0.4842773358429087,0.5351573819515618
B4,0.55,0.3,0.05,True,False,False,128,192,0.3908318707699334,0.4382132785808379,0.17276838728220606,0.18512789429349086,0.515511656242145,0.5983589414414142
B4,0.55,0.4,0.05,True,True,True,128,192,0.35556659410811864,0.409408127187541,0.15104721099783747,0.16328166340228353,0.5682292390719937,0.6717835029540549
B4,0.55,0.5,0.05,True,True,True,128,192,0.3504765750034073,0.37718028622160943,0.13499666223834067,0.14152900689149925,0.6344487873770518,0.7232206997370875
B4,0.55,0.6,0.05,True,True,True,128,192,0.32000416348879474,0.34709227819145755,0.11567625856651931,0.12256843205762924,0.648171590837276,0.7646005308792779
B4,0.55,0.7,0.05,True,True,True,127,192,0.2990747108738661,0.32049599283658176,0.10166259442888162,0.10690693053958908,0.6937091840207423,0.7967748966908775
B4,0.55,0.8,0.05,True,True,True,127,192,0.28553612188692173,0.297466255170424,0.09072540922089506,0.09422094637913786,0.7123554568038796,0.8213984383166024
B4,0.55,0.9,0.05,True,True,True,127,192,0.26465543648133555,0.2776496048987427,0.08070830919255734,0.08396777351427545,0.7439135166477331,0.8402698161294223
B4,0.55,1.0,0.05,True,True,True,96,192,0.21576866760783986,0.26066860433468225,0.06547107674577762,0.07564535222650862,0.6276434152545032,0.8552988846579399
B4,0.55,1.1,0.05,True,True,True,95,192,0.19921922341228054,0.24590043108277965,0.0587192421155161,0.068797771080262,0.6678195039407115,0.8674163045499085
B4,0.55,1.2,0.05,True,True,True,96,192,0.19820897287145292,0.2331917017431926,0.055118500914827645,0.06313901064543154,0.6360541898063568,0.8782359462082648
B4,0.55,1.3,0.05,True,True,True,96,192,0.18580092659022687,0.22178913690310836,0.050557651110625046,0.06079425495681068,0.6513454123357508,0.8870175837777907
B4,0.55,1.4,0.05,True,True,True,95,192,0.17680604240459358,0.21111342677933598,0.04849468525985903,0.0584643630879844,0.6922383942184515,0.8929805837222488
B4,0.55,1.5,0.05,True,True,True,95,192,0.17219737085237258,0.20196491870047506,0.04718757655384004,0.05663072950966874,0.6998190382720929,0.8994315022563623
B4,0.55,1.6,0.05,True,True,True,95,192,0.17080721313532454,0.19437513091436692,0.047809475078597355,0.05608343387685753,0.7031428441295552,0.906708107395981
B4,0.55,1.7,0.05,True,True,True,95,192,0.1669769050454752,0.18671787037152843,0.04830700898737732,0.05447306648309558,0.7075209191848769,0.9118193267561561
B4,0.55,1.8,0.05,True,True,True,64,192,0.13389796816580743,0.1766253853485206,0.036929391453282265,0.05151737403126533,0.5392581221902436,0.8995781654504299
B4,0.55,1.9,0.05,True,True,True,64,192,0.12625224562923204,0.17001272494232733,0.034389427924430074,0.050076027811843546,0.5384639987888868,0.9034814364166299
B4,0.55,2.0,0.05,True,True,True,64,192,0.12136035165034717,0.16393339221858105,0.03180834790037915,0.04865369965904871,0.534403108302858,0.9036263180765443
B4,0.6,0.1,0.05,True,True,True,32,192,0.4944222783938247,0.9768764043085257,0.1728421259355793,0.36520547854243834,0.02660248817017071,0.08464581623123699
B4,0.6,0.2,0.05,False,False,False,128,192,0.8381679668930739,0.899473642258497,0.31333866119918663,0.3345142335152944,0.18959827785595745,0.2317992221102158
B4,0.6,0.3,0.05,False,False,False,128,192,0.3068134633350876,0.3256916666072553,0.10120063445845323,0.10636176183055915,0.5150397300470192,0.5741462849253771
B4,0.6,0.4,0.05,False,True,False,128,192,0.32582016938803404,0.3549148116763781,0.12116689067960137,0.12838252648085086,0.5825725342270176,0.6595583562151094
B4,0.6,0.5,0.05,False,True,False,127,192,0.29846355960986276,0.33819487871107323,0.11040369134254538,0.11875279122324442,0.6389172676722932,0.7113331829370153
B4,0.6,0.6,0.05,True,True,True,127,192,0.2850311128206007,0.31713872667372983,0.09789104508287935,0.10635500577882895,0.6486226424891706,0.7518172779636368
B4,0.6,0.7,0.05,True,True,True,128,192,0.2634812287051469,0.2973505955811409,0.08761250899564726,0.09506383995761256,0.6665246408498458,0.784022833950257
B4,0.6,0.8,0.05,True,True,True,128,192,0.253777390991902,0.27940352734358387,0.0796266109264483,0.08541307309306992,0.6910549590033429,0.8089148121415102
B4,0.6,0.9,0.05,True,True,True,127,192,0.24552708788767186,0.2633483880598344,0.07301590936312988,0.07730653441564911,0.7473061911865124,0.8285273251500156
B4,0.6,1.0,0.05,True,True,True,127,192,0.23091874873197554,0.24852758019345325,0.06649334854091288,0.07044115905025275,0.75134901592537,0.8439809704300628
B4,0.6,1.1,0.05,True,True,True,127,192,0.20966555234331113,0.23570455922785302,0.06002634060298524,0.06722174393178056,0.74331920434127,0.8564188322178226
B4,0.6,1.2,0.05,True,True,True,127,192,0.19978170311449503,0.21964208438289823,0.057370157312593574,0.06333282882872998,0.7549654730671016,0.8770737655275113
B4,0.6,1.3,0.05,True,True,True,96,192,0.17351797340542063,0.20956620467707565,0.04757438500451423,0.06111418273879825,0.6415125556761472,0.8849999837278885
B4,0.6,1.4,0.05,True,True,True,96,192,0.1720000115081584,0.2002795929764596,0.0510011275401893,0.058986006612338326,0.6829369728520929,0.8910471974552342
B4,0.6,1.5,0.05,True,True,True,128,192,0.18347278223273578,0.19219177661024772,0.0544469310912674,0.05716757758140467,0.7645701278765713,0.8973651685505977
B4,0.6,1.6,0.05,True,True,True,95,192,0.16249906434441863,0.1854617455636538,0.047791570836181574,0.056319524566194476,0.7079046249252101,0.9047147008014053
B4,0.6,1.7,0.05,True,True,True,95,192,0.16143327473479469,0.17864687227240866,0.04874476164009149,0.0548799051096774,0.7206573475652711,0.9090245833336188
B4,0.6,1.8,0.05,True,True,True,95,192,0.15288912770290627,0.17795456860376213,0.04449824351052213,0.05425755561819183,0.713494466286562,0.9240738028325388
B4,0.6,1.9,0.05,True,True,True,96,192,0.1405277445314262,0.1717677168985398,0.041035649060663426,0.052750888428023904,0.6686741297750524,0.9281806896774487
B4,0.6,2.0,0.05,True,True,True,95,192,0.13623314568595649,0.1593958508482484,0.04206577879578899,0.050878454441073945,0.6995968024668869,0.8985013262099839
B4,0.65,0.1,0.05,True,True,True,32,192,0.4944559335682075,0.9820633999621846,0.17270875754833515,0.3667178084064511,0.022400237181519837,0.07375132273859167
B4,0.65,0.2,0.05,True,True,True,128,192,0.9167989809076585,0.9617722193396987,0.34117249651225934,0.3606576456030582,0.13902982013407936,0.1727557236097076
B4,0.65,0.3,0.05,False,False,False,128,192,0.7643092495022341,0.8200795986537794,0.2828933711111344,0.30257955496725586,0.2853795403418114,0.3512796391456119
B4,0.65,0.4,0.05,False,False,False,128,192,0.40626802257416433,0.44070855656337155,0.13292069186001024,0.14270905642049794,0.5293643000829271,0.5981041775277323
B4,0.65,0.5,0.05,False,True,False,128,192,0.24471419176404588,0.2764750293930982,0.07466496776278791,0.08598734445810399,0.6221578028478263,0.704366652764475
B4,0.65,0.6,0.05,True,True,True,128,192,0.24617263138733986,0.25912341343178263,0.07566738790412839,0.08114223595622277,0.6525039807154146,0.7563555384213316
B4,0.65,0.7,0.05,True,True,True,128,192,0.225467227446349,0.2520273435993158,0.06800755954893711,0.07734280439725248,0.6999843903321371,0.7904988620658963
B4,0.65,0.8,0.05,True,True,True,128,192,0.227280627973306,0.24643962271990663,0.06758834804130638,0.07581055054661096,0.6857574840062195,0.8214588033054876
B4,0.65,0.9,0.05,True,True,True,128,192,0.2090605585800355,0.2363157540427244,0.06425261940045879,0.0729889073853537,0.693100721226755,0.8422552098950787
B4,0.65,1.0,0.05,True,True,True,128,192,0.20020917448883996,0.2267833859907897,0.06112396408464482,0.07049285932135343,0.7160187695352811,0.8591139747985529
B4,0.65,1.1,0.05,True,True,True,127,192,0.2049045436785753,0.2178436425849531,0.06310831955362507,0.06818614221575015,0.7446240847183421,0.8729984338860283
B4,0.65,1.2,0.05,True,True,True,127,192,0.193421045448548,0.1991352799784952,0.0597074283782566,0.06271540810277161,0.7740043040484578,0.8596028879529961
B4,0.65,1.3,0.05,True,True,True,127,192,0.18351757254456008,0.19088687411435803,0.05845085300232938,0.06056486184287662,0.7768286505133316,0.8661406280701154
B4,0.65,1.4,0.05,True,True,True,96,192,0.158371937251757,0.18316461865767472,0.04991469520479642,0.05848533626974598,0.6534461697861775,0.8709659802292936
B4,0.65,1.5,0.05,True,True,True,96,192,0.14914206315559564,0.176371056943689,0.04501321949104525,0.05674640586376549,0.6585239810594247,0.8767597592372202
B4,0.65,1.6,0.05,True,True,True,95,192,0.15095120171438442,0.16976401432038912,0.04559515137861278,0.05489905285335754,0.6751760088996264,0.8795142441618249
B4,0.65,1.7,0.05,True,True,True,95,192,0.14895161143589308,0.1638665022182374,0.044811495327579595,0.05335991691426012,0.7032308556184392,0.8838419291351712
B4,0.65,1.8,0.05,True,True,True,96,192,0.13783853535777196,0.1583797879671756,0.04517028346892389,0.05191940531087144,0.662500826983851,0.8877535094077783
B4,0.65,1.9,0.05,True,True,True,95,192,0.15110876681332264,0.15319519070337276,0.04517200107119716,0.050537267324843885,0.7148392496119671,0.89104868564689
B4,0.65,2.0,0.05,True,True,True,95,192,0.13170702132004639,0.14837096212560372,0.04112417342507088,0.04924847654516652,0.7075495710004448,0.8941300062524045
B4,0.7,0.1,0.05,True,True,True,32,192,0.49062996660994285,0.9786075847964871,0.17275504618072013,0.3658996800292853,0.018753633747149237,0.07106150471266154
B4,0.7,0.2,0.05,True,True,True,64,192,0.7229991149939974,0.9604274414149574,0.2648458001532577,0.3591838432702564,0.0821471846566346,0.15328073683423726
B4,0.7,0.3,0.05,True,True,True,128,192,0.866676486360729,0.9157700730206874,0.3233090587038162,0.34252531820369514,0.2133797077994247,0.2693405967638767
B4,0.7,0.4,0.05,False,True,False,128,192,0.6917778525442333,0.7393905806373803,0.25563617196822797,0.270903798287089,0.3877480503553016,0.45172529230855935
B4,0.7,0.5,0.05,False,True,False,128,192,0.4543673827210391,0.48761811409533806,0.15693261637059802,0.16706120700055488,0.5423035225318624,0.6236299765177582
B4,0.7,0.6,0.05,False,True,False,128,192,0.32166131032613526,0.3521886904256894,0.10086514105840558,0.10980011515979654,0.6327534035353488,0.7268928951904068
B4,0.7,0.7,0.05,False,True,False,127,192,0.2633027911906075,0.2808618751733425,0.0770398001280341,0.08222607822251099,0.6812742718438692,0.7732883561121332
B4,0.7,0.8,0.05,True,True,True,128,192,0.22358018006697683,0.2424972519252316,0.06997269493461344,0.07688841078511188,0.7082839775757492,0.8047583573643818
B4,0.7,0.9,0.05,True,True,True,128,192,0.2031597885249322,0.217634936879663,0.06537620967580068,0.07385455926611642,0.7112112505632402,0.8273070588464329
B4,0.7,1.0,0.05,True,True,True,128,192,0.1863188615471888,0.20686895813692308,0.06368687548034084,0.07116883646946293,0.7247206575465853,0.8446005266532092
B4,0.7,1.1,0.05,True,True,True,127,192,0.1912216157009105,0.20114482029638317,0.0654635525618853,0.06872830788791437,0.7453058640903583,0.8583767710781285
B4,0.7,1.2,0.05,True,True,True,127,192,0.18144763578693776,0.1951654587790094,0.057192762990950725,0.0664947987577171,0.7806129124241801,0.8696709611657069
B4,0.7,1.3,0.05,True,True,True,127,192,0.177103127288624,0.18918997833223228,0.060107700305854425,0.06442474889661717,0.7599229048806593,0.8790493239396592
B4,0.7,1.4,0.05,True,True,True,127,192,0.16752105000327794,0.1833638343184388,0.056497158946148915,0.06249677331536524,0.7799551110117933,0.8869816227759563
B4,0.7,1.5,0.05,True,True,True,96,192,0.1407687958858769,0.17773690127707895,0.046694643757350746,0.06069252788927103,0.6611174796464581,0.8937456587122433
B4,0.7,1.6,0.05,True,True,True,95,192,0.15018823659121086,0.17236057697370322,0.048266549486736726,0.05899139543078748,0.702110108017614,0.8997406511180824
B4,0.7,1.7,0.05,True,True,True,96,192,0.1378659585103868,0.16721900220394612,0.04582008298277755,0.0573891359029486,0.689527992769116,0.9049937954906768
B4,0.7,1.8,0.05,True,True,True,96,192,0.13103801724451136,0.16228807002823323,0.04354797084816028,0.05587716416685888,0.6617223793294985,0.9091733242032118
B4,0.7,1.9,0.05,True,True,True,96,192,0.12833534265326205,0.15761862307470947,0.04283814204196987,0.054441200815755875,0.6694003778849424,0.9132091072160404
B4,0.7,2.0,0.05,True,True,True,95,192,0.13010998032234294,0.15317265871906022,0.04352614938104833,0.0530810952577333,0.7342531849045623,0.9168316681368441
B4,0.75,0.1,0.05,True,True,True,32,192,0.48065055116201894,0.9884974839240366,0.16961729890812016,0.3689543579652953,0.018984814394228028,0.05704541074520071
B4,0.75,0.2,0.05,True,True,True,64,192,0.7224965496841882,0.9736602596393927,0.26473341555423907,0.3635848953111551,0.07994952739445706,0.13199657685277563
B4,0.75,0.3,0.05,True,True,True,128,192,0.8817779411265307,0.9382625190512494,0.33059322896823296,0.3516900923409323,0.1897448716124119,0.23403354672428428
B4,0.75,0.4,0.05,False,True,False,128,192,0.7992211287459243,0.8441990919605821,0.2991362965465212,0.3146270370735382,0.29682621631923856,0.36133898312032475
B4,0.75,0.5,0.05,False,False,False,128,192,0.6329457864017608,0.6869328323027456,0.2326585095874171,0.24969707266899516,0.44812585636683305,0.5299416341429172
B4,0.75,0.6,0.05,False,True,False,128,192,0.4714362936806464,0.49474659922991243,0.16423034838615358,0.17211362666873736,0.5555010567240315,0.6495920301379544
B4,0.75,0.7,0.05,False,True,False,128,192,0.3491533415391943,0.37949335103313564,0.11590000824915944,0.12474667104204823,0.6448497518970777,0.7283145279502669
B4,0.75,0.8,0.05,True,True,True,127,192,0.2995447347513143,0.31182209386981485,0.09456865873689882,0.09774480251860537,0.6927499502701744,0.7736065769788779
B4,0.75,0.9,0.05,True,True,True,128,192,0.24500117303089636,0.2706767531367643,0.07469271229839519,0.08193050730721851,0.7091604105607604,0.8167848418605637
B4,0.75,1.0,0.05,True,True,True,127,192,0.22042925770490504,0.23614066129127165,0.06534891685363248,0.06999330794353037,0.7252180541996396,0.8154386239140843
B4,0.75,1.1,0.05,True,True,True,128,192,0.20549188043654817,0.2141319218344035,0.06259754701458503,0.0654356781817351,0.7114511137088986,0.8286514257451223
B4,0.75,1.2,0.05,True,True,True,128,192,0.18204904289645094,0.1970275630753153,0.05883355084192963,0.06304535440716799,0.7490234329114246,0.8387365015949139
B4,0.75,1.3,0.05,True,True,True,127,192,0.17603251597030217,0.18322959447740153,0.0570449808448925,0.06093426745406148,0.7523728357508047,0.846858557956492
B4,0.75,1.4,0.05,True,True,True,127,192,0.17122853558194315,0.17171943119233932,0.05838903758249748,0.059025299061828,0.764703753857607,0.8535873144504715
B4,0.75,1.5,0.05,True,True,True,127,192,0.15032622695251055,0.16192803801093106,0.0521095232768585,0.05728222327445273,0.7618601923662202,0.8592368541142557
B4,0.75,1.6,0.05,True,True,True,127,192,0.15550637915495708,0.15377150330791642,0.05613485763565869,0.0556620407817084,0.7689172840578138,0.8640881985497828
B4,0.75,1.7,0.05,True,True,True,95,192,0.12932273393176416,0.14985918108074406,0.04646618923076973,0.05415042301272115,0.693339171862486,0.8683053003199539
B4,0.75,1.8,0.05,True,True,True,127,192,0.14072708467099762,0.1460322318780868,0.05138860367618647,0.052730520618208224,0.7837837440540798,0.8720414624086748
B4,0.75,1.9,0.05,True,True,True,95,192,0.12266158233829869,0.14297477380614376,0.045107045779526594,0.05224176830080546,0.7053078078523085,0.8980695841783318
B4,0.75,2.0,0.05,True,True,True,96,192,0.12461433802319725,0.13911303991017174,0.04339917150416535,0.05085201739649495,0.6780297901173544,0.9011086188153528
B4,0.8,0.1,0.05,True,True,True,32,192,0.5046190986337995,0.9902693652187144,0.17497166410910164,0.36888818539598456,0.01564718244971714,0.059045795224968764
B4,0.8,0.2,0.05,True,True,True,32,192,0.47331171221895585,0.9767913200311721,0.164862981927204,0.36396051412542785,0.03726369137246503,0.12652498184393235
B4,0.8,0.3,0.05,True,True,True,128,192,0.8979164266036588,0.9419618970952626,0.3351197183182647,0.35201968635841074,0.170863934253139,0.20731551415867425
B4,0.8,0.4,0.05,True,True,True,128,192,0.8346310721276459,0.8775164801182891,0.31235245860528815,0.3290554442461967,0.2580616670208205,0.3138998102362619
B4,0.8,0.5,0.05,True,True,True,128,192,0.7379690956871235,0.7734235960334005,0.2755537968550912,0.287269861418215,0.3787489662031619,0.44645248022863776
B4,0.8,0.6,0.05,False,True,False,128,192,0.6020091299190855,0.6260683312201979,0.21852561950768362,0.22731122637365125,0.5128342190575768,0.5755111658073223
B4,0.8,0.7,0.05,False,True,False,128,192,0.4667016242194724,0.4906663518836923,0.16367625637514974,0.17165920785909597,0.5829056563061055,0.6835388832136639
B4,0.8,0.8,0.05,True,True,True,127,192,0.36837020966191014,0.39471039898187815,0.12503543092392788,0.13276390968681162,0.6727235618664151,0.7457632805247466
B4,0.8,0.9,0.05,False,True,False,127,192,0.3241521612144401,0.33102001426588273,0.10525207986287327,0.10755046936109885,0.7076618679217018,0.7823562655188417
B4,0.8,1.0,0.05,True,True,True,128,192,0.2714607651405696,0.2880559535080299,0.08595400300519393,0.09096965140933733,0.695100427138843,0.8059331090998172
B4,0.8,1.1,0.05,True,True,True,128,192,0.2412868635383369,0.2575175771600463,0.0748429602167992,0.07950831418793727,0.7138616215688142,0.8235287998634437
B4,0.8,1.2,0.05,True,True,True,128,192,0.22508523783526835,0.23435415532369688,0.0677807208233504,0.07108773362458243,0.74370787195933,0.8369236966936661
B4,0.8,1.3,0.05,True,True,True,128,192,0.20098816304543463,0.21598933598591374,0.06076710173659083,0.06461079615964269,0.729499935620042,0.8474695982339757
B4,0.8,1.4,0.05,True,True,True,127,192,0.18434225700585063,0.20092225354982665,0.05583688440613459,0.0602341153513903,0.7563867188595946,0.8560320448933658
B4,0.8,1.5,0.05,True,True,True,127,192,0.18009241383796468,0.18819243571429908,0.0554209735947751,0.05834705374805779,0.7699474495427645,0.8629770683760929
B4,0.8,1.6,0.05,True,True,True,127,192,0.17113889457100986,0.17729769761441055,0.05472144924704672,0.05662265528224457,0.7787198340463819,0.8689237977412139
B4,0.8,1.7,0.05,True,True,True,127,192,0.16342447117227846,0.16776347262158667,0.05467481016795975,0.05500567849489654,0.7699961883973042,0.8738904816770774
B4,0.8,1.8,0.05,True,True,True,96,192,0.13838515470318402,0.1592829055380575,0.04531755216871303,0.05346305740417223,0.6683165735811163,0.8779975393364361
B4,0.8,1.9,0.05,True,True,True,95,192,0.12125306357138721,0.15174186083448404,0.041909173962875385,0.05203018947678388,0.7108392165728241,0.8815089763631443
B4,0.8,2.0,0.05,True,True,True,95,192,0.12318963270735078,0.1449401003047797,0.0430659776204681,0.05067467709730113,0.6911327424504365,0.8844573974102704
B4,0.85,0.1,0.05,True,True,True,32,192,0.4859533060024712,0.9902268674230812,0.17182484986246283,0.368445391262148,0.017248001608002057,0.05018192368459662
B4,0.85,0.2,0.05,True,True,True,32,192,0.4814937131194854,0.9783830011710029,0.16769049434585703,0.3638632918806677,0.03680905948902864,0.11230137027477835
B4,0.85,0.3,0.05,True,True,True,128,192,0.9034655135387339,0.9484664012862204,0.33686912656194873,0.35533933991066424,0.15429766544696416,0.19152372967291964
B4,0.85,0.4,0.05,True,True,True,96,192,0.8127612027746579,0.9079788382924524,0.3008541028778481,0.3400404635645891,0.19356869363809331,0.2832732355721312
B4,0.85,0.5,0.05,True,True,True,128,192,0.7903317759013078,0.8366081818811499,0.29573003749685584,0.3116111131622543,0.31895260614420906,0.39390762951384906
B4,0.85,0.6,0.05,False,True,False,128,192,0.6779436317797447,0.7275420745995554,0.25177386678218416,0.2673218997392268,0.4384745300936466,0.5186648093722225
B4,0.85,0.7,0.05,False,True,False,128,192,0.5573038981481504,0.6013491389570381,0.20193815580330365,0.21578122152189735,0.539747314617756,0.6320907005266734
B4,0.85,0.8,0.05,False,True,False,127,192,0.4549327985651613,0.49286034468615003,0.16045763886563047,0.17150744552057892,0.6145232838769524,0.7138098019152519
B4,0.85,0.9,0.05,True,True,True,128,192,0.3848203957083361,0.41558848304292684,0.13068135081375698,0.14027697047457022,0.667577838700517,0.7757003812908977
B4,0.85,1.0,0.05,True,True,True,127,192,0.3237271974185275,0.3589546506108573,0.10773638692781107,0.11774737367487484,0.6936800996862218,0.813501580588846
B4,0.85,1.1,0.05,True,True,True,128,192,0.2849971166098574,0.31792847188934287,0.09221937003861516,0.10178127563674194,0.6869407765179069,0.8404443504493114
B4,0.85,1.2,0.05,True,True,True,127,192,0.25297143383280773,0.2738241749328776,0.08072350035951331,0.0865447497361328,0.7156590087311021,0.8176308563634266
B4,0.85,1.3,0.05,True,True,True,127,192,0.23669715483744524,0.25004582818779403,0.07392146506244954,0.07771863676838822,0.7541827959723956,0.8304549229799303
B4,0.85,1.4,0.05,True,True,True,127,192,0.21641768579032994,0.2308262133809922,0.06625610959129352,0.07075781183913171,0.7444364955909916,0.8404740377685175
B4,0.85,1.5,0.05,True,True,True,128,192,0.2077432848888506,0.21488942607681644,0.06308846606968568,0.06511425069812068,0.7478418581791741,0.8485938539154527
B4,0.85,1.6,0.05,True,True,True,127,192,0.1887038101234249,0.2013848573196301,0.05694318644854121,0.06042870670234479,0.751403372017258,0.8553097106334699
B4,0.85,1.7,0.05,True,True,True,127,192,0.1779659643761262,0.19941719932956148,0.053201365487492464,0.06147547418589633,0.7731625908158295,0.9078203451462434
B4,0.85,1.8,0.05,True,True,True,127,192,0.1715028369310847,0.18887047642549623,0.05326292850980438,0.059779257105267825,0.7630955155422519,0.9137933481922265
B4,0.85,1.9,0.05,True,True,True,96,192,0.1458744109901239,0.17956330885054397,0.04703948717808221,0.05820660735904845,0.6652173090420251,0.9192999970415519
B4,0.85,2.0,0.05,True,True,True,96,192,0.13842701892578002,0.16073905618281448,0.043783960638253336,0.05222686602859351,0.7083227370899516,0.8728236323061691
B4,0.9,0.1,0.05,False,True,False,31,192,0.534649854236686,0.9905191973721239,0.19133041504722426,0.36863952310349296,0.02411889245989022,0.04918639890302196
B4,0.9,0.2,0.05,True,True,True,32,192,0.4801645060652794,0.9802784156864194,0.16896358461518535,0.36474792410425294,0.03810371125610025,0.10655849764784062
B4,0.9,0.3,0.05,True,True,True,64,192,0.7323224532889379,0.9600444266665403,0.26459152111074347,0.35733500248547734,0.10035472317960575,0.1720578500096643
B4,0.9,0.4,0.05,True,True,True,128,192,0.8787312855932433,0.9213838532968713,0.3283528921054466,0.34517808654391685,0.209778041413539,0.25780780751757837
B4,0.9,0.5,0.05,True,True,True,128,192,0.8247914320021211,0.8670077529856576,0.3069332425805255,0.32388124593327405,0.2870921739783333,0.35421006429539814
B4,0.9,0.6,0.05,True,True,True,128,192,0.7345949511745943,0.7851036614876584,0.27460914779600565,0.29089561483890225,0.3764189135500982,0.4634192979171864
B4,0.9,0.7,0.05,False,True,False,128,192,0.6308636894806594,0.6790813538623648,0.2328325680899251,0.24790148450347133,0.4691210207190053,0.5737920053840343
B4,0.9,0.8,0.05,True,True,True,128,192,0.536930294900987,0.5720448168825931,0.19359204848109038,0.20431516383327925,0.5716329982398853,0.6660243578027115
B4,0.9,0.9,0.05,False,True,False,128,192,0.448378277417709,0.46790599750727035,0.15733942820599492,0.16418714772113174,0.6089849478774627,0.7279328523190765
B4,0.9,1.0,0.05,True,True,True,127,192,0.36775371987707267,0.3990390645420243,0.12740166473185435,0.1366527035099804,0.6663918199445906,0.7729645882001719
B4,0.9,1.1,0.05,True,True,True,128,192,0.3372862852796297,0.34730327242433356,0.11224081815247897,0.11630546499120634,0.6979660486567587,0.8035905862091725
B4,0.9,1.2,0.05,True,True,True,127,192,0.29215723198141136,0.3078177428096998,0.09632926373426154,0.10108508089341459,0.715034553416841,0.8245383709990881
B4,0.9,1.3,0.05,True,True,True,127,192,0.26156481423267885,0.27699581511707777,0.08473801508203782,0.08944266467815953,0.7202739372632148,0.8388178286012149
B4,0.9,1.4,0.05,True,True,True,128,192,0.24623369778537807,0.2515389763243496,0.07840951798468315,0.08008315062003762,0.7514145049675253,0.8474606840753527
B4,0.9,1.5,0.05,True,True,True,127,192,0.23400553148780157,0.23322824742212628,0.07316401699032757,0.07319510629599396,0.7758716648952154,0.8565415149752328
B4,0.9,1.6,0.05,True,True,True,127,192,0.21591642481292597,0.2180799440271973,0.06671377487611804,0.06760597891385917,0.7652241625589848,0.848788007467842
B4,0.9,1.7,0.05,True,True,True,127,192,0.20191411132174528,0.20745876936968238,0.06179203554098778,0.06354360638690057,0.7584913239907799,0.85563418629072
B4,0.9,1.8,0.05,True,True,True,128,192,0.1908268392057592,0.1954753020233171,0.057858894400523164,0.05935355325429939,0.7817755825449886,0.8609065336925895
B4,0.9,1.9,0.05,True,True,True,127,192,0.1819935927555663,0.18498716746645394,0.05468046174964275,0.055737825539398655,0.777855665343846,0.865512567725677
B4,0.9,2.0,0.05,True,True,True,95,192,0.15619549115517395,0.17570839984941747,0.046945007080856416,0.05258034287216398,0.7045647586146627,0.8694449846618999
B4,0.95,0.1,0.05,False,True,False,31,192,0.5478821532967806,0.9958923911960629,0.19364543898318143,0.37294040147456253,0.02110307473105128,0.0522993444146408
B4,0.95,0.2,0.05,True,True,True,32,192,0.49814433325158347,0.9867733813692992,0.17147601549550662,0.36952734704343493,0.031904074311650835,0.10825035018383349
B4,0.95,0.3,0.05,True,True,True,64,192,0.7035759987459189,0.9530683094166191,0.2611595061142924,0.35630544483743837,0.10038900449457364,0.15815277333758296
B4,0.95,0.4,0.05,True,True,True,96,192,0.840212422357745,0.9297235417986753,0.3096344295415687,0.34850265726504925,0.17098494362305258,0.2377139105838569
B4,0.95,0.5,0.05,True,True,True,96,192,0.7776484285351538,0.8870175781328293,0.29123445782682766,0.33185431573185487,0.2324241263708793,0.32383043561765296
B4,0.95,0.6,0.05,True,True,True,128,192,0.7762553520095189,0.8224310924241494,0.29036203068460487,0.306138408472977,0.3474231158357503,0.4205159204664428
B4,0.95,0.7,0.05,True,True,True,128,192,0.6930764653704676,0.7365062155864964,0.25669163416407065,0.27140800233085466,0.4398310644063467,0.5222591425732139
B4,0.95,0.8,0.05,False,True,False,128,192,0.5903275399018756,0.6392544519861174,0.2164898710573156,0.23198859169289085,0.5050077842321838,0.6168883414296461
B4,0.95,0.9,0.05,False,True,False,128,192,0.5100912325266485,0.5481648509043894,0.18372428226975646,0.19500797789130342,0.5841948802311671,0.692636448316682
B4,0.95,1.0,0.05,True,True,True,127,192,0.4455933563260818,0.4571566688591975,0.15618532047729705,0.16045489671441704,0.6409336863647526,0.7426951649365139
B4,0.95,1.1,0.05,True,True,True,128,192,0.37956402961816704,0.3972029949115937,0.13077987244197503,0.1365902522100838,0.6739734147346403,0.7814050776662674
B4,0.95,1.2,0.05,True,True,True,128,192,0.3359048906406258,0.35055636455532746,0.11338322907029161,0.11827642432824056,0.6842085860438196,0.8088319210791032
B4,0.95,1.3,0.05,True,True,True,127,192,0.3056016827546659,0.3137981406879022,0.10149889507266535,0.10408277402802818,0.7134647319290055,0.8283048282852322
B4,0.95,1.4,0.05,True,True,True,127,192,0.27338751531214395,0.28435435724333846,0.08945487901527135,0.09290140059924806,0.7288299977693495,0.8422352004927843
B4,0.95,1.5,0.05,True,True,True,127,192,0.25547334408872313,0.25937046155464094,0.08189805743935671,0.0836632860479048,0.7450582177357977,0.8503045139718561
B4,0.95,1.6,0.05,True,True,True,127,192,0.2422120643831551,0.24305273685475026,0.07650110541459501,0.07720439841984561,0.7563911410393914,0.8625582482744749
B4,0.95,1.7,0.05,True,True,True,127,192,0.22576872050908553,0.22696056327983716,0.07052392964550136,0.07129611194549676,0.7608933524534416,0.8702991294559144
B4,0.95,1.8,0.05,True,True,True,127,192,0.2074410090869516,0.2139953333942118,0.06440555450313587,0.06650903452241957,0.7547716914498313,0.878022297617505
B4,0.95,1.9,0.05,True,True,True,95,192,0.16748240481849472,0.20186978787646484,0.052589210431309874,0.062191427882227146,0.6835450445456304,0.8839202660405661
B4,0.95,2.0,0.05,True,True,True,95,192,0.1641593715526916,0.19121429305824006,0.050728233254021204,0.058445322366856484,0.700523364859758,0.8890519531720957
B4,1.0,0.1,0.05,False,True,False,31,192,0.5458874810973326,0.9954759962921129,0.1919203946415397,0.37170810274933447,0.018835320448549464,0.04486728263713506
B4,1.0,0.2,0.05,True,True,True,32,192,0.46600202780449695,0.987320752168577,0.16736321281164035,0.3685948180260842,0.029756318858820976,0.09751414011630775
B4,1.0,0.3,0.05,True,True,True,32,192,0.5210253447392672,0.9718732080871906,0.17318288676029941,0.3628867573284612,0.050559702647334226,0.15509378918429678
B4,1.0,0.4,0.05,True,True,True,64,192,0.7167514390888068,0.9460662424796822,0.26145063279101455,0.35361161774897526,0.12758911205006493,0.22041004874593728
B4,1.0,0.5,0.05,True,True,True,96,192,0.7994706546692205,0.9050987351211532,0.2993197397370757,0.3392620011427563,0.21115031300690132,0.2958673512410462
B4,1.0,0.6,0.05,True,True,True,128,192,0.8044903289677682,0.8506285029397438,0.30063801135073487,0.3180350744207043,0.3072297322431383,0.38221363432799926
B4,1.0,0.7,0.05,True,True,True,128,192,0.7333162876135837,0.7781112926955018,0.2733793417908959,0.28909813419398583,0.39884898095002,0.476105044757644
B4,1.0,0.8,0.05,True,True,True,128,192,0.650141765133191,0.6919860430250664,0.24030862488139626,0.25442529188240415,0.4828906231986693,0.5683889181756003
B4,1.0,0.9,0.05,False,True,False,128,192,0.5691876808856635,0.6045937223635006,0.206890130079613,0.21884518225519592,0.5446577670027849,0.6418001682237797
B4,1.0,1.0,0.05,True,True,True,128,192,0.48961436044253165,0.526176583704739,0.1754656639349302,0.18707380148754246,0.5893145908462039,0.7055902416154561
B4,1.0,1.1,0.05,True,True,True,128,192,0.43053665046371814,0.4524023836971422,0.1513706970799449,0.15836536750058566,0.6349323817279311,0.7348735173868645
B4,1.0,1.2,0.05,True,True,True,127,192,0.38434227444757285,0.40065509940975474,0.13255152452477592,0.1376360221344186,0.6908431862535359,0.7682527728999334
B4,1.0,1.3,0.05,True,True,True,128,192,0.3362376418703529,0.35952979173300514,0.11443151089953355,0.12132344088634592,0.6950264016403676,0.7929640820766971
B4,1.0,1.4,0.05,True,True,True,128,192,0.31313430075687376,0.3265426435202912,0.10426803063727633,0.10839347174381195,0.7206130716861311,0.8116585956002442
B4,1.0,1.5,0.05,True,True,True,127,192,0.28482211523445566,0.29837534417460093,0.09342522528411981,0.09771294973825181,0.7385483729449991,0.8418946660117775
B4,1.0,1.6,0.05,True,True,True,127,192,0.26496917820791377,0.2756734288136621,0.08572634184868494,0.08908912303018571,0.738697113533836,0.8546346484357195
B4,1.0,1.7,0.05,True,True,True,128,192,0.24819384197227978,0.2565276087578593,0.07918543047740653,0.08191737823582054,0.7538816566134151,0.8651229042476397
B4,1.0,1.8,0.05,True,True,True,127,192,0.23362583963375266,0.24013509149984433,0.07369197907119607,0.07585972797597684,0.7679788905159604,0.8739813625182971
B4,1.0,1.9,0.05,True,True,True,127,192,0.21918363959735776,0.2259761801982559,0.06872233333378763,0.07069074057370758,0.7713219744006542,0.8815660016056991
B4,1.0,2.0,0.05,True,True,True,128,192,0.2027418658748703,0.21355482627333983,0.06295644562804648,0.06621355637207677,0.758862439011666,0.8881534004591766
