task,n,kappa,h,region,method,seed,candidate_pool_exists,search_seconds_standalone,search_nfev,search_pool_gradient_evaluations,state_energy_residual,energy_variance,parity_real,parity_imag,translation_real,translation_imag,energy,ed_energy,delta_e,epsilon_c,epsilon_sf,epsilon_mx,fidelity,observable_pass,state_pass,joint_pass,reference_numerical_ambiguous,ed_source,basis,reference,source_stop,optimizer_success,reported_optimizer_success,optimization_applicable,candidate_exists,parameter_count,gate_count,pool_gradient_evaluations,cnots,depth,nfev,seconds,source
confirmation,8,0.083,0.085,interior,C0,631,True,1.8872480830177665,4599,6576,0.0008171923440734842,6.678033272123159e-07,1.0000000000000002,0.0,0.9999999877148675,0.0,-7.351768852108535,-7.351769032797934,2.2586174930339098e-08,2.2405167365846523e-07,1.619822095344503e-07,1.487070238698207e-06,0.9999999477460244,True,True,True,False,results/stage6_v1/reference_atlas/cache/1505529367a8b2d6ed308fecd2b7f899e32b277f78dfbdbaacde5bb990252044.npz,physical,ghz,budget,True,True,True,True,20,140,2112,63,57,787,0.3531848750426434,results/stage6_v1/domain_wall_candidates/cache/d554a4a9ebfa79c26a5f95ef150e9a42d662337bb26b81cf9938080840ac6335.npz
confirmation,8,0.083,0.085,interior,C1,631,True,3.2883822069852613,8627,6384,0.0007106496590479476,5.050229379049641e-07,0.9999999999999989,0.0,0.9999999951188226,0.0,-7.351768895893904,-7.351769032797934,1.711300379181324e-08,1.8584392946774386e-07,1.3775528984183438e-07,1.204693624093367e-06,0.9999999603341678,True,True,True,False,results/stage6_v1/reference_atlas/cache/1505529367a8b2d6ed308fecd2b7f899e32b277f78dfbdbaacde5bb990252044.npz,physical,ghz,budget,True,True,True,True,21,141,2064,63,70,2913,1.0838039999944158,results/stage6_v1/domain_wall_candidates/cache/39afb4aaf0903400b1f0ea12dfd161d197651df9968c10f8703f3d681f6481cf.npz
confirmation,8,0.083,0.085,interior,H6,631,True,1.8872480830177665,4599,6576,0.0008171923440734842,6.678033272123159e-07,1.0000000000000002,0.0,0.9999999877148675,0.0,-7.351768852108535,-7.351769032797934,2.2586174930339098e-08,2.2405167365846523e-07,1.619822095344503e-07,1.487070238698207e-06,0.9999999477460244,True,True,True,False,results/stage6_v1/reference_atlas/cache/1505529367a8b2d6ed308fecd2b7f899e32b277f78dfbdbaacde5bb990252044.npz,physical,ghz,budget,True,True,True,True,20,140,2112,63,57,787,0.3531848750426434,results/stage6_v1/domain_wall_candidates/cache/d554a4a9ebfa79c26a5f95ef150e9a42d662337bb26b81cf9938080840ac6335.npz
confirmation,8,0.083,0.085,interior,B3,631,True,0.14951478998409584,634,2688,0.005301329093186819,2.810409015426898e-05,0.9999999999999993,0.0,0.9999991758733764,0.0,-7.351760612171256,-7.351769032797934,1.0525783347148376e-06,7.220947812136558e-06,5.428056119693991e-06,4.9798324310464104e-05,0.9999974585115311,True,True,True,False,results/stage6_v1/reference_atlas/cache/1505529367a8b2d6ed308fecd2b7f899e32b277f78dfbdbaacde5bb990252044.npz,physical,ghz,pool_gradient,True,True,True,True,10,66,768,31,30,110,0.01978679100284353,results/stage6_v1/legacy_b3/adaptive/cache/4e8f08f14101370df22561f753cbb96f177d72ab81888e847058e93daf353926.npz
confirmation,8,0.083,0.175,interior,C0,631,True,3.40281541692093,7059,6192,0.003928595681746235,1.5433864030635165e-05,0.9999999999999987,0.0,0.9999997582617701,0.0,-7.402991936796987,-7.40299583085924,4.867577816369817e-07,5.948542231237752e-06,4.285807047810231e-06,1.644612650263111e-05,0.9999988832371967,True,True,True,False,results/stage6_v1/reference_atlas/cache/7d8d326f2b854a0b42a47083c13f8af0be1cda665e9152fb22e8fbe318feadbe.npz,physical,plus,budget,True,True,True,True,22,158,2208,64,69,2445,1.2516055419691838,results/stage6_v1/domain_wall_candidates/cache/9473618b1eb317094dced40675fb50fbf1ee0bf85fac5f08a36de8fd57c16f18.npz
confirmation,8,0.083,0.175,interior,C1,631,True,4.980375374958385,13021,5664,0.0032850377952028014,1.0791473315910883e-05,1.000000000000001,0.0,0.999999650245808,0.0,-7.4029927020830595,-7.40299583085924,3.9109702254513934e-07,5.709048040092313e-06,4.116544045307258e-06,1.576194598582048e-05,0.9999990224000697,True,True,True,False,results/stage6_v1/reference_atlas/cache/7d8d326f2b854a0b42a47083c13f8af0be1cda665e9152fb22e8fbe318feadbe.npz,physical,ghz,budget,True,True,True,True,29,213,1920,95,111,5148,1.9954977909801528,results/stage6_v1/domain_wall_candidates/cache/bc14fcc6dc2922bc505dd1a1ba8040a35533fa5d83c017eaeccb7d1f913ef48a.npz
confirmation,8,0.083,0.175,interior,H6,631,True,3.40281541692093,7059,6192,0.003928595681746235,1.5433864030635165e-05,0.9999999999999987,0.0,0.9999997582617701,0.0,-7.402991936796987,-7.40299583085924,4.867577816369817e-07,5.948542231237752e-06,4.285807047810231e-06,1.644612650263111e-05,0.9999988832371967,True,True,True,False,results/stage6_v1/reference_atlas/cache/7d8d326f2b854a0b42a47083c13f8af0be1cda665e9152fb22e8fbe318feadbe.npz,physical,plus,budget,True,True,True,True,22,158,2208,64,69,2445,1.2516055419691838,results/stage6_v1/domain_wall_candidates/cache/9473618b1eb317094dced40675fb50fbf1ee0bf85fac5f08a36de8fd57c16f18.npz
confirmation,8,0.083,0.175,interior,B3,631,True,1.0084132089978084,2918,4896,0.022683647982579484,0.0005145478857975823,0.9999999999999997,0.0,0.9999854747359911,0.0,-7.4028390006650895,-7.40299583085924,1.9603774268794893e-05,0.00013541686548712573,0.00010251671777461446,0.0004589370217625566,0.9999510785263959,True,True,True,False,results/stage6_v1/reference_atlas/cache/7d8d326f2b854a0b42a47083c13f8af0be1cda665e9152fb22e8fbe318feadbe.npz,physical,ghz,pool_gradient,True,True,True,True,10,66,1344,31,35,359,0.08105133404023945,results/stage6_v1/legacy_b3/adaptive/cache/1429352187342111baa5597107e78bd03fa2bfcef447d9b306ff79bfea899249.npz
confirmation,8,0.083,1.675,interior,C0,631,True,13.281530958018266,23503,7632,0.006429327166021761,4.1336247807745405e-05,0.9999999999999989,0.0,0.9999998429459466,0.0,-14.542892287390528,-14.542895051493693,3.455128956275644e-07,6.227600753322404e-05,2.0555817032252843e-05,3.6802973276683915e-06,0.9999998038279049,True,True,True,False,results/stage6_v1/reference_atlas/cache/bd80eb27583a6ff7b018fc4e32875f6913da7190ee228cd876cea678988d3e89.npz,physical,plus,budget,False,False,True,True,54,318,2592,128,122,8614,4.9993573750252835,results/stage6_v1/domain_wall_candidates/cache/e889b55b9230e1d0061c89ca4aa73911edbbb6e69f7f89181e65d891e811a399.npz
confirmation,8,0.083,1.675,interior,C1,631,True,16.626471041934565,34330,7152,0.009669115405981648,9.349179273419166e-05,0.999999999999999,0.0,0.9999995696039587,0.0,-14.542888373814744,-14.542895051493693,8.347098685579368e-07,0.0001870123522478978,6.580924688190382e-05,6.448250167156999e-06,0.9999994916205128,True,True,True,False,results/stage6_v1/reference_atlas/cache/bd80eb27583a6ff7b018fc4e32875f6913da7190ee228cd876cea678988d3e89.npz,physical,ghz,budget,True,True,True,True,35,219,2256,95,102,7765,3.5102946249535307,results/stage6_v1/domain_wall_candidates/cache/ce4cf6b4ef2c1b6d2d1272851ebdd5a6136bb87622babfa2df1bf232d0928188.npz
confirmation,8,0.083,1.675,interior,H6,631,True,13.281530958018266,23503,7632,0.006429327166021761,4.1336247807745405e-05,0.9999999999999989,0.0,0.9999998429459466,0.0,-14.542892287390528,-14.542895051493693,3.455128956275644e-07,6.227600753322404e-05,2.0555817032252843e-05,3.6802973276683915e-06,0.9999998038279049,True,True,True,False,results/stage6_v1/reference_atlas/cache/bd80eb27583a6ff7b018fc4e32875f6913da7190ee228cd876cea678988d3e89.npz,physical,plus,budget,False,False,True,True,54,318,2592,128,122,8614,4.9993573750252835,results/stage6_v1/domain_wall_candidates/cache/e889b55b9230e1d0061c89ca4aa73911edbbb6e69f7f89181e65d891e811a399.npz
confirmation,8,0.083,1.675,interior,B3,631,True,8.475878291006666,20085,7584,0.06604893551937306,0.0043624618832423,0.9999999999999993,0.0,0.9999737551148626,0.0,-14.542490823356879,-14.542895051493693,5.052851710174444e-05,0.004972357585512753,0.0020834853377951768,0.00028904248106154107,0.9999497223197755,True,True,True,False,results/stage6_v1/reference_atlas/cache/bd80eb27583a6ff7b018fc4e32875f6913da7190ee228cd876cea678988d3e89.npz,physical,ghz,budget,True,True,True,True,27,147,2496,63,62,7518,2.8504545830073766,results/stage6_v1/legacy_b3/adaptive/cache/b8678a760613fe5cfa4c20dc533ba4f592b64b7385f9c2af569094f8c79d6b19.npz
confirmation,8,0.083,1.875,interior,C0,631,True,13.473386333032977,24176,7776,0.004384897794175877,1.9227328665368474e-05,0.9999999999999984,0.0,0.9999999512131796,0.0,-16.02397005404716,-16.023971230834402,1.4709840501225813e-07,4.334330947546386e-05,1.3145755816790228e-05,1.8192306894260213e-06,0.9999999233842928,True,True,True,False,results/stage6_v1/reference_atlas/cache/f272b353cdb56f41a116e8a05460af88640077546697f40b57aa9eed5b4de558.npz,physical,plus,budget,False,False,True,True,55,319,2640,128,125,9156,5.010460541001521,results/stage6_v1/domain_wall_candidates/cache/02558833f96142fc0007c2711d6d4f9e4b2e3aa800d69b34692339e61d635939.npz
confirmation,8,0.083,1.875,interior,C1,631,True,11.97955995798111,27954,7008,0.004883981849949741,2.3853278710638492e-05,0.9999999999999999,0.0,0.9999999219644775,0.0,-16.02396968941691,-16.023971230834402,1.9267718665005873e-07,8.860403822719826e-05,2.327790386047468e-05,1.3535194434144415e-06,0.9999998952355592,True,True,True,False,results/stage6_v1/reference_atlas/cache/f272b353cdb56f41a116e8a05460af88640077546697f40b57aa9eed5b4de558.npz,physical,ghz,budget,True,True,True,True,35,219,2256,95,100,6870,2.8735398749704473,results/stage6_v1/domain_wall_candidates/cache/5cea5c79380c873f9b6691a160883d05004f9755dfd5a91893d62b045186484e.npz
confirmation,8,0.083,1.875,interior,H6,631,True,13.473386333032977,24176,7776,0.004384897794175877,1.9227328665368474e-05,0.9999999999999984,0.0,0.9999999512131796,0.0,-16.02397005404716,-16.023971230834402,1.4709840501225813e-07,4.334330947546386e-05,1.3145755816790228e-05,1.8192306894260213e-06,0.9999999233842928,True,True,True,False,results/stage6_v1/reference_atlas/cache/f272b353cdb56f41a116e8a05460af88640077546697f40b57aa9eed5b4de558.npz,physical,plus,budget,False,False,True,True,55,319,2640,128,125,9156,5.010460541001521,results/stage6_v1/domain_wall_candidates/cache/02558833f96142fc0007c2711d6d4f9e4b2e3aa800d69b34692339e61d635939.npz
confirmation,8,0.083,1.875,interior,B3,631,True,10.00773216795642,23481,7584,0.04170784303887434,0.001739544170955379,1.0000000000000007,0.0,0.9999917822042654,0.0,-16.023822786908767,-16.023971230834402,1.8555490704397215e-05,0.002860138340893343,0.0010988583386428163,0.00010351602706637486,0.9999833044310491,True,True,True,False,results/stage6_v1/reference_atlas/cache/f272b353cdb56f41a116e8a05460af88640077546697f40b57aa9eed5b4de558.npz,physical,ghz,budget,True,True,True,True,27,147,2496,63,55,7418,2.845389833964873,results/stage6_v1/legacy_b3/adaptive/cache/f0a2974715c2078a1754bf6e36ea05563e32bdc94e5fc14538f1b2383b30b8b7.npz
confirmation,8,0.183,0.085,interior,C0,631,True,1.838052500039339,4176,6768,0.0014084188302644091,1.9836436014433663e-06,0.9999999999999998,0.0,0.9999999694527337,0.0,-6.5537095913081345,-6.553710133645885,6.779221883856934e-08,8.164907101537722e-07,5.943424707943734e-07,4.3863938183758e-06,0.9999998153592741,True,True,True,False,results/stage6_v1/reference_atlas/cache/969fe85489bc03701a5e5a275713f1970ad42dd3f3d95f7eba6b2e68e2a354d4.npz,physical,ghz,budget,True,True,True,True,20,140,2064,63,58,1359,0.6723142500268295,results/stage6_v1/domain_wall_candidates/cache/7a7391a51f2ec4e4eb33727919660f2600eae8edf3e581c07c179a6a86497d10.npz
confirmation,8,0.183,0.085,interior,C1,631,True,4.692069166980218,10920,6432,0.0012574964459586213,1.5812973115985636e-06,0.9999999999999998,0.0,0.9999999854710906,0.0,-6.5537096885181505,-6.553710133645885,5.5640966833969685e-08,7.10007963977688e-07,5.237727146445437e-07,3.6371234967136346e-06,0.9999998456735371,True,True,True,False,results/stage6_v1/reference_atlas/cache/969fe85489bc03701a5e5a275713f1970ad42dd3f3d95f7eba6b2e68e2a354d4.npz,physical,ghz,budget,True,True,True,True,21,141,2064,63,67,3380,1.4691329579800367,results/stage6_v1/domain_wall_candidates/cache/9391d870b324ae8787371679f6108c7e7d7c1280062d4f612228377054f227e5.npz
confirmation,8,0.183,0.085,interior,H6,631,True,1.838052500039339,4176,6768,0.0014084188302644091,1.9836436014433663e-06,0.9999999999999998,0.0,0.9999999694527337,0.0,-6.5537095913081345,-6.553710133645885,6.779221883856934e-08,8.164907101537722e-07,5.943424707943734e-07,4.3863938183758e-06,0.9999998153592741,True,True,True,False,results/stage6_v1/reference_atlas/cache/969fe85489bc03701a5e5a275713f1970ad42dd3f3d95f7eba6b2e68e2a354d4.npz,physical,ghz,budget,True,True,True,True,20,140,2064,63,58,1359,0.6723142500268295,results/stage6_v1/domain_wall_candidates/cache/7a7391a51f2ec4e4eb33727919660f2600eae8edf3e581c07c179a6a86497d10.npz
confirmation,8,0.183,0.085,interior,B3,631,True,0.2745250840089284,1076,3792,0.006793498028425618,4.615161546222276e-05,1.0000000000000002,0.0,0.9999977477565947,0.0,-6.553692311082726,-6.553710133645885,2.227820394939961e-06,1.8305883315306026e-05,1.3857232835867705e-05,0.000105524440681036,0.9999929396536099,True,True,True,False,results/stage6_v1/reference_atlas/cache/969fe85489bc03701a5e5a275713f1970ad42dd3f3d95f7eba6b2e68e2a354d4.npz,physical,ghz,pool_gradient,True,True,True,True,10,66,1152,31,34,276,0.06188604200724512,results/stage6_v1/legacy_b3/adaptive/cache/52e98c8fa2275189a9f9b91e6a699ef2bdf6fce56e3436f238c4eb8ace1a20f3.npz
confirmation,8,0.183,0.175,interior,C0,631,True,6.543713000020944,11317,6480,0.002196146767819585,4.823060625804411e-06,0.9999999999999976,0.0,0.9999998486638804,0.0,-6.6113978796028015,-6.61139871271817,1.041394210865576e-07,2.1170984293439332e-06,1.5540173735617557e-06,4.0481690855159735e-06,0.9999998233493466,True,True,True,False,results/stage6_v1/reference_atlas/cache/9786c9c80bc8113aae3a1a5968d0d2d056f5bd520a55ad14b6bd90efb56a9575.npz,physical,plus,budget,False,False,True,True,34,234,2256,96,96,2811,1.658729917020537,results/stage6_v1/domain_wall_candidates/cache/89b313b40d201bbc293f9d47d3d692f29114f542124ddfb5c738628d504ce711.npz
confirmation,8,0.183,0.175,interior,C1,631,True,8.051797916006763,18152,6336,0.003326587363856021,1.106618348936655e-05,0.9999999999999987,0.0,0.9999994262779779,0.0,-6.611396198685306,-6.61139871271817,3.1425410806917853e-07,5.8207270645649345e-06,4.247981124083644e-06,1.1371520905370525e-05,0.9999993060246366,True,True,True,False,results/stage6_v1/reference_atlas/cache/9786c9c80bc8113aae3a1a5968d0d2d056f5bd520a55ad14b6bd90efb56a9575.npz,physical,plus,budget,True,True,True,True,32,232,2208,96,121,5272,2.27094733301783,results/stage6_v1/domain_wall_candidates/cache/f65ccb818f4497d263cae06522284b0a72fde660651aa3b076341392b43411fc.npz
confirmation,8,0.183,0.175,interior,H6,631,True,6.543713000020944,11317,6480,0.002196146767819585,4.823060625804411e-06,0.9999999999999976,0.0,0.9999998486638804,0.0,-6.6113978796028015,-6.61139871271817,1.041394210865576e-07,2.1170984293439332e-06,1.5540173735617557e-06,4.0481690855159735e-06,0.9999998233493466,True,True,True,False,results/stage6_v1/reference_atlas/cache/9786c9c80bc8113aae3a1a5968d0d2d056f5bd520a55ad14b6bd90efb56a9575.npz,physical,plus,budget,False,False,True,True,34,234,2256,96,96,2811,1.658729917020537,results/stage6_v1/domain_wall_candidates/cache/89b313b40d201bbc293f9d47d3d692f29114f542124ddfb5c738628d504ce711.npz
confirmation,8,0.183,0.175,interior,B3,631,True,2.078732500958722,6129,5664,0.029046570535770647,0.0008437032598894995,1.0,0.0,0.9999609343712743,0.0,-6.611063832751984,-6.61139871271817,4.185999577321908e-05,0.0003502402460615617,0.0002673621364585044,0.0009861806873140144,0.9998598751785652,True,True,True,False,results/stage6_v1/reference_atlas/cache/9786c9c80bc8113aae3a1a5968d0d2d056f5bd520a55ad14b6bd90efb56a9575.npz,physical,ghz,budget,True,True,True,True,10,66,1920,31,34,2493,0.7877051249961369,results/stage6_v1/legacy_b3/adaptive/cache/b8f2fcb61c6b38e6321537390f69aad509504dd8975744b619bc0a8fb8bf8ab7.npz
confirmation,8,0.183,1.675,interior,C0,631,True,11.233694583992474,24543,7776,0.006677088784873747,4.458351464108677e-05,1.0000000000000013,0.0,0.9999997428317734,0.0,-14.479477673155824,-14.479480939998657,4.083553541978091e-07,0.00018291879456945517,5.147340861594296e-05,1.8107797739030929e-07,0.999999735902415,True,True,True,False,results/stage6_v1/reference_atlas/cache/5d1edfee666cad676fecfca82db850179b6a7140aac5f637a8a50e516b305790.npz,physical,ghz,budget,True,True,True,True,38,222,2544,95,87,7139,3.2889249169966206,results/stage6_v1/domain_wall_candidates/cache/9a7293ef750613dd633938a29fdb290274e1f54e96bcb1367a359906e3592522.npz
confirmation,8,0.183,1.675,interior,C1,631,True,12.331549791037105,31598,7296,0.0077672270784125575,6.032981648762528e-05,0.9999999999999994,0.0,0.999999691135891,0.0,-14.47947659206572,-14.479480939998657,5.434916172664117e-07,0.0002460238727891085,6.699480663097113e-05,2.018142744031337e-07,0.9999996518954976,True,True,True,False,results/stage6_v1/reference_atlas/cache/5d1edfee666cad676fecfca82db850179b6a7140aac5f637a8a50e516b305790.npz,physical,ghz,budget,True,True,True,True,37,221,2352,95,83,9644,3.7239640000043437,results/stage6_v1/domain_wall_candidates/cache/f6b230e15a10446a8d24e58f858c2ed17d3fb601f95febadedf9940807bac4c3.npz
confirmation,8,0.183,1.675,interior,H6,631,True,11.233694583992474,24543,7776,0.006677088784873747,4.458351464108677e-05,1.0000000000000013,0.0,0.9999997428317734,0.0,-14.479477673155824,-14.479480939998657,4.083553541978091e-07,0.00018291879456945517,5.147340861594296e-05,1.8107797739030929e-07,0.999999735902415,True,True,True,False,results/stage6_v1/reference_atlas/cache/5d1edfee666cad676fecfca82db850179b6a7140aac5f637a8a50e516b305790.npz,physical,ghz,budget,True,True,True,True,38,222,2544,95,87,7139,3.2889249169966206,results/stage6_v1/domain_wall_candidates/cache/9a7293ef750613dd633938a29fdb290274e1f54e96bcb1367a359906e3592522.npz
confirmation,8,0.183,1.675,interior,B3,631,True,8.098678081936669,19437,7440,0.07536659238677608,0.005680123247994454,0.9999999999999989,0.0,0.9998669455378715,0.0,-14.478746978576432,-14.479480939998657,9.1745177778213e-05,0.003500579981165505,0.0008645749307634731,0.0003167584694193648,0.9998952669201842,True,True,True,False,results/stage6_v1/reference_atlas/cache/5d1edfee666cad676fecfca82db850179b6a7140aac5f637a8a50e516b305790.npz,physical,plus,budget,True,True,True,True,16,88,2592,32,27,9135,3.9960378329851665,results/stage6_v1/legacy_b3/adaptive/cache/533c4ebafff30e1d30e3714a057c4e610ba32e88951cc3e5052439f820a2a213.npz
confirmation,8,0.183,1.875,interior,C0,631,True,11.884782208013348,26456,7920,0.007749641747450168,6.00569472138225e-05,0.9999999999999993,0.0,0.9999997453725118,0.0,-15.97615996549478,-15.97616383514965,4.837068587892901e-07,0.00019302139372316066,6.0252672773819516e-05,1.096496009100889e-06,0.9999997289385602,True,True,True,False,results/stage6_v1/reference_atlas/cache/fd9ed71a96bbfbb290c2bffa9031b2fc0d20432e91f90c664884ef97b6533f96.npz,physical,plus,budget,False,False,True,True,42,242,2736,96,96,12075,5.501025916018989,results/stage6_v1/domain_wall_candidates/cache/92acaca417ada3af6f50521d0081d9e608b38ae8fb09a145103a2b0ed53c14d6.npz
confirmation,8,0.183,1.875,interior,C1,631,True,17.248301373969298,38012,7440,0.009536868926464765,9.09518689205692e-05,1.0000000000000002,0.0,0.9999996656127307,0.0,-15.976157495766074,-15.97616383514965,7.924229470379629e-07,0.0002499926440694966,7.627432376522414e-05,2.2976451286016442e-07,0.9999995195845628,True,True,True,False,results/stage6_v1/reference_atlas/cache/fd9ed71a96bbfbb290c2bffa9031b2fc0d20432e91f90c664884ef97b6533f96.npz,physical,ghz,budget,True,True,True,True,35,219,2256,95,100,9173,3.5881609579664655,results/stage6_v1/domain_wall_candidates/cache/774ab86214a86e660840f2531ae51f67683c5c06c7d8f7141466e6851a02772f.npz
confirmation,8,0.183,1.875,interior,H6,631,True,11.884782208013348,26456,7920,0.007749641747450168,6.00569472138225e-05,0.9999999999999993,0.0,0.9999997453725118,0.0,-15.97615996549478,-15.97616383514965,4.837068587892901e-07,0.00019302139372316066,6.0252672773819516e-05,1.096496009100889e-06,0.9999997289385602,True,True,True,False,results/stage6_v1/reference_atlas/cache/fd9ed71a96bbfbb290c2bffa9031b2fc0d20432e91f90c664884ef97b6533f96.npz,physical,plus,budget,False,False,True,True,42,242,2736,96,96,12075,5.501025916018989,results/stage6_v1/domain_wall_candidates/cache/92acaca417ada3af6f50521d0081d9e608b38ae8fb09a145103a2b0ed53c14d6.npz
confirmation,8,0.183,1.875,interior,B3,631,True,10.058551291993354,24298,7440,0.06063683658420026,0.0036768259509390067,0.9999999999999988,0.0,0.9999439448729905,0.0,-15.97571990095204,-15.97616383514965,5.549177470132172e-05,0.00416606728466312,0.001011991090046127,0.00013549396261036684,0.9999400755406327,True,True,True,False,results/stage6_v1/reference_atlas/cache/fd9ed71a96bbfbb290c2bffa9031b2fc0d20432e91f90c664884ef97b6533f96.npz,physical,plus,energy_stagnation,True,True,True,True,16,88,2640,32,23,11104,4.668141666974407,results/stage6_v1/legacy_b3/adaptive/cache/3243b5895a2cd36524d432b834c4c1541c8533c116252b0d0a68be8eab7e6b05.npz
confirmation,8,0.283,0.085,interior,C0,631,True,2.305947251035832,5697,6576,0.00251799178011369,6.340282604720109e-06,0.9999999999999998,0.0,0.999999899551987,0.0,-5.756210003928286,-5.75621206823442,2.580382667538572e-07,3.876814530623385e-06,2.980391647477987e-06,1.664912758686521e-05,0.9999989969826925,True,True,True,False,results/stage6_v1/reference_atlas/cache/7a04ea5b350710f03d23ac4cf841b6c0db9f4806002c0d7fb619693bc959888c.npz,physical,ghz,budget,True,True,True,True,20,140,1968,63,56,2642,1.1133836670196615,results/stage6_v1/domain_wall_candidates/cache/69d88988013df9ea469fc9a0e212895abdd01bfa9ece5fa6b275efedb693d327.npz
confirmation,8,0.283,0.085,interior,C1,631,True,5.856053208059166,14075,6672,0.002478840180429629,6.144648640112396e-06,1.0,0.0,0.9999999127709901,0.0,-5.75621013293009,-5.75621206823442,2.4191304126564006e-07,3.7112004841466373e-06,2.8466397018478418e-06,1.5485597743017387e-05,0.9999990785018342,True,True,True,False,results/stage6_v1/reference_atlas/cache/7a04ea5b350710f03d23ac4cf841b6c0db9f4806002c0d7fb619693bc959888c.npz,physical,ghz,budget,True,True,True,True,20,140,2016,63,79,4746,1.58811475004768,results/stage6_v1/domain_wall_candidates/cache/6f5ebda8b95fd22c794a38cc54e5388fc3b17937d08a709604539878da50f864.npz
confirmation,8,0.283,0.085,interior,H6,631,True,2.305947251035832,5697,6576,0.00251799178011369,6.340282604720109e-06,0.9999999999999998,0.0,0.999999899551987,0.0,-5.756210003928286,-5.75621206823442,2.580382667538572e-07,3.876814530623385e-06,2.980391647477987e-06,1.664912758686521e-05,0.9999989969826925,True,True,True,False,results/stage6_v1/reference_atlas/cache/7a04ea5b350710f03d23ac4cf841b6c0db9f4806002c0d7fb619693bc959888c.npz,physical,ghz,budget,True,True,True,True,20,140,1968,63,56,2642,1.1133836670196615,results/stage6_v1/domain_wall_candidates/cache/69d88988013df9ea469fc9a0e212895abdd01bfa9ece5fa6b275efedb693d327.npz
confirmation,8,0.283,0.085,interior,B3,631,True,0.5647075420129113,1992,4272,0.009081241748655246,8.246895169751898e-05,1.0000000000000009,0.0,0.9999919594409148,0.0,-5.756167328718185,-5.75621206823442,5.592439529467086e-06,5.824339657622968e-05,4.457203718133407e-05,0.00026599943437619067,0.9999739832365355,True,True,True,False,results/stage6_v1/reference_atlas/cache/7a04ea5b350710f03d23ac4cf841b6c0db9f4806002c0d7fb619693bc959888c.npz,physical,ghz,pool_gradient,True,True,True,True,10,66,1200,31,30,276,0.06254041701322421,results/stage6_v1/legacy_b3/adaptive/cache/6dfecd67297abdb9896b2be8d87c2237055e5a01c8f7d206601517dd7bc76da6.npz
confirmation,8,0.283,0.175,interior,C0,631,True,6.033260833937675,14751,6576,0.0035441913039290156,1.2561291998846056e-05,0.9999999999999994,0.0,0.9999981083042468,0.0,-5.822520605436935,-5.822524721832536,5.14549450159052e-07,1.9164203317934003e-05,1.2825518228454236e-05,2.4937859379847716e-05,0.9999981385584997,True,True,True,False,results/stage6_v1/reference_atlas/cache/2e1f3d390fd45f90e20feba6475d716155cd022f425e41cd8e4cdf331483b8be.npz,physical,ghz,budget,False,False,True,True,43,291,2064,127,131,4628,1.7433871669927612,results/stage6_v1/domain_wall_candidates/cache/69409de14bb18a24d39a0e69505623617d85974c9096b5886ec51dc15f24035b.npz
confirmation,8,0.283,0.175,interior,C1,631,True,10.343499540991616,28377,6864,0.0033891665827972825,1.1486450125949809e-05,0.9999999999999998,0.0,0.9999995634066403,0.0,-5.822522388137082,-5.822524721832536,2.9171193183241684e-07,7.0478861314837715e-06,4.434834555144818e-06,9.915416446820702e-06,0.9999994202348589,True,True,True,False,results/stage6_v1/reference_atlas/cache/2e1f3d390fd45f90e20feba6475d716155cd022f425e41cd8e4cdf331483b8be.npz,physical,plus,budget,True,True,True,True,37,237,2448,96,100,8839,3.5705632079625502,results/stage6_v1/domain_wall_candidates/cache/af4b9404e857defcd49a2ed6791224c3ecdd224424988ab193aa2683b954c2ff.npz
confirmation,8,0.283,0.175,interior,H6,631,True,6.033260833937675,14751,6576,0.0035441913039290156,1.2561291998846056e-05,0.9999999999999994,0.0,0.9999981083042468,0.0,-5.822520605436935,-5.822524721832536,5.14549450159052e-07,1.9164203317934003e-05,1.2825518228454236e-05,2.4937859379847716e-05,0.9999981385584997,True,True,True,False,results/stage6_v1/reference_atlas/cache/2e1f3d390fd45f90e20feba6475d716155cd022f425e41cd8e4cdf331483b8be.npz,physical,ghz,budget,False,False,True,True,43,291,2064,127,131,4628,1.7433871669927612,results/stage6_v1/domain_wall_candidates/cache/69409de14bb18a24d39a0e69505623617d85974c9096b5886ec51dc15f24035b.npz
confirmation,8,0.283,0.175,interior,B3,631,True,4.936642792075872,12692,6576,0.015307098336147707,0.0002343072594724959,1.0,0.0,0.9999964886288504,0.0,-5.82240145649585,-5.822524721832536,1.5408167085784186e-05,0.00029598537931707636,0.00021261816521489507,0.0005314275102988875,0.9999149961288823,True,True,True,False,results/stage6_v1/reference_atlas/cache/2e1f3d390fd45f90e20feba6475d716155cd022f425e41cd8e4cdf331483b8be.npz,physical,ghz,budget,True,True,True,True,20,140,2064,63,66,4701,1.5916624999954365,results/stage6_v1/legacy_b3/adaptive/cache/18c4d158902b9ebb0f8c83dc0020f1f633ce8a74022378290e7a066350d77dfa.npz
confirmation,8,0.283,1.675,interior,C0,631,True,14.097751623950899,29792,8016,0.006467147444086675,4.182399606355681e-05,0.9999999999999992,0.0,0.9999998400388834,0.0,-14.452594267280565,-14.452597116893752,3.5620164839933466e-07,8.088810536781635e-05,2.0053649036538834e-05,1.7813132404675969e-06,0.9999997975342301,True,True,True,False,results/stage6_v1/reference_atlas/cache/924e925627201e19a80a5ef3b51f8079e50b84cd11ef72bf90a29a16f1d8dd94.npz,physical,ghz,budget,False,False,True,True,55,303,2640,127,130,8961,4.076449790969491,results/stage6_v1/domain_wall_candidates/cache/b4d8f7c030d123142a763411778a85b72245dd6df4ef559b56e977e9342105f1.npz
confirmation,8,0.283,1.675,interior,C1,631,True,15.690512417000718,39264,7296,0.00924003353768082,8.537821977746634e-05,0.9999999999999992,0.0,0.9999997043154754,0.0,-14.452591205473679,-14.452597116893752,7.389275091806979e-07,5.016528883934265e-05,2.2762940045051305e-05,2.2013358416117512e-06,0.9999995760182051,True,True,True,False,results/stage6_v1/reference_atlas/cache/924e925627201e19a80a5ef3b51f8079e50b84cd11ef72bf90a29a16f1d8dd94.npz,physical,ghz,budget,False,False,True,True,51,299,2448,127,128,12642,5.0992194170248695,results/stage6_v1/domain_wall_candidates/cache/a32048ad41a3a02d51fdb95b04190c6a697da2044ae19b9321697ae1ecc56079.npz
confirmation,8,0.283,1.675,interior,H6,631,True,14.097751623950899,29792,8016,0.006467147444086675,4.182399606355681e-05,0.9999999999999992,0.0,0.9999998400388834,0.0,-14.452594267280565,-14.452597116893752,3.5620164839933466e-07,8.088810536781635e-05,2.0053649036538834e-05,1.7813132404675969e-06,0.9999997975342301,True,True,True,False,results/stage6_v1/reference_atlas/cache/924e925627201e19a80a5ef3b51f8079e50b84cd11ef72bf90a29a16f1d8dd94.npz,physical,ghz,budget,False,False,True,True,55,303,2640,127,130,8961,4.076449790969491,results/stage6_v1/domain_wall_candidates/cache/b4d8f7c030d123142a763411778a85b72245dd6df4ef559b56e977e9342105f1.npz
confirmation,8,0.283,1.675,interior,B3,631,True,12.691993625019677,29523,7872,0.07876542561027522,0.0062039922715678,0.9999999999999991,0.0,0.9999477044932057,0.0,-14.451970345146766,-14.452597116893752,7.834646837334702e-05,0.0038958495265734826,0.0018974700463800231,5.9636158041498355e-05,0.9999198948256547,True,True,True,False,results/stage6_v1/reference_atlas/cache/924e925627201e19a80a5ef3b51f8079e50b84cd11ef72bf90a29a16f1d8dd94.npz,physical,ghz,budget,True,True,True,True,28,148,2496,63,66,8940,3.330722291022539,results/stage6_v1/legacy_b3/adaptive/cache/fe6613cbdb49e7dbf0da3c43e00cb1e2f283b5c90ea41f069808ca7faf7e9413.npz
confirmation,8,0.283,1.875,interior,C0,631,True,13.58282195799984,30583,8064,0.007608329995782909,5.788668532472996e-05,1.0,0.0,0.9999998530684802,0.0,-15.958420159471334,-15.958423603272216,4.3047511022464846e-07,4.362826133655698e-05,1.0987348253804763e-05,1.096519418042341e-06,0.9999997886213939,True,True,True,False,results/stage6_v1/reference_atlas/cache/5a10d9f6a0096931582e9132837389ccc462f8d5e41ace82d11e05ae437fab35.npz,physical,ghz,budget,False,False,True,True,54,302,2592,127,122,9495,4.219458625011612,results/stage6_v1/domain_wall_candidates/cache/d9a20e54b2b787eebbf23e0c765910e1af37f2de37d7440e0dd3b49e7ca56563.npz
confirmation,8,0.283,1.875,interior,C1,631,True,16.18164925003657,40875,7536,0.010494176483841381,0.00011012774007400945,0.999999999999999,0.0,0.9999996345894461,0.0,-15.958416629015522,-15.958423603272216,8.717820867421011e-07,7.637352565305344e-05,2.3501993165697677e-05,2.775374638996908e-06,0.9999995405063627,True,True,True,False,results/stage6_v1/reference_atlas/cache/5a10d9f6a0096931582e9132837389ccc462f8d5e41ace82d11e05ae437fab35.npz,physical,plus,budget,False,False,True,True,45,245,2688,96,95,16685,7.062741583038587,results/stage6_v1/domain_wall_candidates/cache/a13c92c5671ea77895ec809ce1b990878855b0fa509a0fb153896db498f8d7a2.npz
confirmation,8,0.283,1.875,interior,H6,631,True,13.58282195799984,30583,8064,0.007608329995782909,5.788668532472996e-05,1.0,0.0,0.9999998530684802,0.0,-15.958420159471334,-15.958423603272216,4.3047511022464846e-07,4.362826133655698e-05,1.0987348253804763e-05,1.096519418042341e-06,0.9999997886213939,True,True,True,False,results/stage6_v1/reference_atlas/cache/5a10d9f6a0096931582e9132837389ccc462f8d5e41ace82d11e05ae437fab35.npz,physical,ghz,budget,False,False,True,True,54,302,2592,127,122,9495,4.219458625011612,results/stage6_v1/domain_wall_candidates/cache/d9a20e54b2b787eebbf23e0c765910e1af37f2de37d7440e0dd3b49e7ca56563.npz
confirmation,8,0.283,1.875,interior,B3,631,True,13.33455500000855,29919,8064,0.0937544453007928,0.008789896013659348,1.0000000000000002,0.0,0.9999631299246474,0.0,-15.957774520243841,-15.958423603272216,8.113537854681496e-05,0.00283759777304329,0.0012962403869958006,0.0001008230960857226,0.9999439818100144,True,True,True,False,results/stage6_v1/reference_atlas/cache/5a10d9f6a0096931582e9132837389ccc462f8d5e41ace82d11e05ae437fab35.npz,physical,ghz,budget,True,True,True,True,28,148,2592,63,61,9567,3.7473060420015827,results/stage6_v1/legacy_b3/adaptive/cache/77f569b3fb40d045db203d4301626dfc2c527f5e58d69aa2dde49a9925581b1f.npz
confirmation,8,0.383,0.085,interior,C0,631,True,3.613778583065141,9830,6432,0.0027904216376753105,7.786452916006562e-06,0.9999999999999989,0.0,0.9999977376348527,0.0,-4.959618919852682,-4.959624614337436,7.11810594244966e-07,2.7436606883868286e-05,1.905637457622067e-05,5.333938481781597e-05,0.9999935895712456,True,True,True,False,results/stage6_v1/reference_atlas/cache/d9b30b3aa16f7d8347577ea0c7840c109634547c902f02fc676a1851977e4218.npz,physical,ghz,budget,True,True,True,True,32,216,2016,95,93,2629,0.8991341670043766,results/stage6_v1/domain_wall_candidates/cache/3c060be1afeeb76a9543f07a74006f77e289d026e72f3ed30d546fb5efafdad4.npz
confirmation,8,0.383,0.085,interior,C1,631,True,7.558605665981304,22109,6576,0.00310945517632505,9.66871149357465e-06,0.9999999999999976,0.0,0.9999978527023925,0.0,-4.959617168567021,-4.959624614337436,9.307213018061589e-07,3.509099804022142e-05,2.429915638268998e-05,6.723388921074658e-05,0.9999912128234287,True,True,True,False,results/stage6_v1/reference_atlas/cache/d9b30b3aa16f7d8347577ea0c7840c109634547c902f02fc676a1851977e4218.npz,physical,plus,budget,True,True,True,True,25,161,2352,64,63,7783,2.8619832909898832,results/stage6_v1/domain_wall_candidates/cache/4161eb9b8831adc23e5d3506ff1dd529daa35c60bac576e8b68aa4975ccd87fa.npz
confirmation,8,0.383,0.085,interior,H6,631,True,3.613778583065141,9830,6432,0.0027904216376753105,7.786452916006562e-06,0.9999999999999989,0.0,0.9999977376348527,0.0,-4.959618919852682,-4.959624614337436,7.11810594244966e-07,2.7436606883868286e-05,1.905637457622067e-05,5.333938481781597e-05,0.9999935895712456,True,True,True,False,results/stage6_v1/reference_atlas/cache/d9b30b3aa16f7d8347577ea0c7840c109634547c902f02fc676a1851977e4218.npz,physical,ghz,budget,True,True,True,True,32,216,2016,95,93,2629,0.8991341670043766,results/stage6_v1/domain_wall_candidates/cache/3c060be1afeeb76a9543f07a74006f77e289d026e72f3ed30d546fb5efafdad4.npz
confirmation,8,0.383,0.085,interior,B3,631,True,2.709418584010564,7068,5904,0.012786141649755133,0.0001634854182876029,0.9999999999999998,0.0,0.9999504076848558,0.0,-4.95946657831929,-4.959624614337436,1.975450226820996e-05,0.00032163516891070554,0.0002454269168910006,0.0009612659116370603,0.999818205094879,True,True,True,False,results/stage6_v1/reference_atlas/cache/d9b30b3aa16f7d8347577ea0c7840c109634547c902f02fc676a1851977e4218.npz,physical,ghz,budget,True,True,True,True,10,66,1920,31,29,2309,0.7737628340255469,results/stage6_v1/legacy_b3/adaptive/cache/9a8e1290e70f7a3ea3391c4c7c82fc100ba7d458cfb038c25da3f906139f61d4.npz
confirmation,8,0.383,0.175,interior,C0,631,True,8.414249458990525,21927,7056,0.005475641998648909,2.998265529736782e-05,0.9999999999999982,0.0,0.9999992532040904,0.0,-5.039786323491308,-5.039793977471648,9.567475425242833e-07,7.274078552410579e-05,4.368724466863316e-05,4.3129741169045666e-05,0.9999978011594338,True,True,True,False,results/stage6_v1/reference_atlas/cache/2f97f6f86c721fb3f4500c636aeb0ec9a0e0aa57d09d1d528d44a59892d7116d.npz,physical,antiphase,budget,True,True,True,True,52,310,2496,128,128,7145,2.851059707987588,results/stage6_v1/domain_wall_candidates/cache/6df76d06ac2bf266eb2232439b206be06a2165abfc7555751faef4717d741470.npz
confirmation,8,0.383,0.175,interior,C1,631,True,13.792915207974147,36863,7104,0.005549950960215765,3.080195566079989e-05,1.0,0.0,0.9999991105260114,0.0,-5.039786597397056,-5.039793977471648,9.225093240416982e-07,6.553724784241766e-05,3.895784561436244e-05,3.957539921570219e-05,0.9999978695226611,True,True,True,False,results/stage6_v1/reference_atlas/cache/2f97f6f86c721fb3f4500c636aeb0ec9a0e0aa57d09d1d528d44a59892d7116d.npz,physical,antiphase,budget,True,True,True,True,51,309,2448,128,146,14446,5.531856624991633,results/stage6_v1/domain_wall_candidates/cache/53d32a2e03978254afd190b605ccbee34faa7bfd87b3a8624df295a1ba3e58c0.npz
confirmation,8,0.383,0.175,interior,H6,631,True,8.414249458990525,21927,7056,0.005475641998648909,2.998265529736782e-05,0.9999999999999982,0.0,0.9999992532040904,0.0,-5.039786323491308,-5.039793977471648,9.567475425242833e-07,7.274078552410579e-05,4.368724466863316e-05,4.3129741169045666e-05,0.9999978011594338,True,True,True,False,results/stage6_v1/reference_atlas/cache/2f97f6f86c721fb3f4500c636aeb0ec9a0e0aa57d09d1d528d44a59892d7116d.npz,physical,antiphase,budget,True,True,True,True,52,310,2496,128,128,7145,2.851059707987588,results/stage6_v1/domain_wall_candidates/cache/6df76d06ac2bf266eb2232439b206be06a2165abfc7555751faef4717d741470.npz
confirmation,8,0.383,0.175,interior,B3,631,True,10.051514792081434,24117,7344,0.032008526574921634,0.0010245457734974644,1.0000000000000004,0.0,0.9997240628681113,0.0,-5.039018379208493,-5.039793977471648,9.694978289442879e-05,0.005302261177123624,0.003478918694502564,0.003959811155653747,0.9986165958494155,True,True,True,False,results/stage6_v1/reference_atlas/cache/2f97f6f86c721fb3f4500c636aeb0ec9a0e0aa57d09d1d528d44a59892d7116d.npz,physical,antiphase,budget,True,True,True,True,25,155,2496,64,61,6974,3.2355366670526564,results/stage6_v1/legacy_b3/adaptive/cache/46e843af7514568c21f67d588b260d1bcae5d95f9fbb883c8b625036f692e1f5.npz
confirmation,8,0.383,1.675,interior,C0,631,True,13.170063707977533,30898,8064,0.01375238575577447,0.00018912811397562852,0.9999999999999996,0.0,0.9999990880572436,0.0,-14.457754567051948,-14.457767362714383,1.5994578044242758e-06,5.551618905111355e-05,2.0832033805734396e-05,4.9106769017814855e-06,0.999999093454459,True,True,True,False,results/stage6_v1/reference_atlas/cache/e0369f78be44ad08ec52a82c895a6c537e19de9c7271c5c06d461d7f8a725e3c.npz,physical,ghz,budget,False,False,True,True,54,302,2592,127,130,9354,3.9519766249577515,results/stage6_v1/domain_wall_candidates/cache/35744e05249d00e7f94e8f7e9dfe2df087ff1e8ac47fa2f2755fc1a4f75ad396.npz
confirmation,8,0.383,1.675,interior,C1,631,True,16.93003262503771,43781,7584,0.013811224802369085,0.00019074993054157496,0.9999999999999997,0.0,0.9999993311229107,0.0,-14.4577547009386,-14.457767362714383,1.5827219730368824e-06,6.249993478830984e-05,2.5798038175484095e-05,6.317298823721451e-06,0.9999991288143552,True,True,True,False,results/stage6_v1/reference_atlas/cache/e0369f78be44ad08ec52a82c895a6c537e19de9c7271c5c06d461d7f8a725e3c.npz,physical,antiphase,budget,False,False,True,True,55,313,2640,128,124,16490,6.62492429104168,results/stage6_v1/domain_wall_candidates/cache/2e1a62428e85e9da390e35b7af07a5d655dfe33f3340035eac9e4debb0a1b9c2.npz
confirmation,8,0.383,1.675,interior,H6,631,True,13.170063707977533,30898,8064,0.01375238575577447,0.00018912811397562852,0.9999999999999996,0.0,0.9999990880572436,0.0,-14.457754567051948,-14.457767362714383,1.5994578044242758e-06,5.551618905111355e-05,2.0832033805734396e-05,4.9106769017814855e-06,0.999999093454459,True,True,True,False,results/stage6_v1/reference_atlas/cache/e0369f78be44ad08ec52a82c895a6c537e19de9c7271c5c06d461d7f8a725e3c.npz,physical,ghz,budget,False,False,True,True,54,302,2592,127,130,9354,3.9519766249577515,results/stage6_v1/domain_wall_candidates/cache/35744e05249d00e7f94e8f7e9dfe2df087ff1e8ac47fa2f2755fc1a4f75ad396.npz
confirmation,8,0.383,1.675,interior,B3,631,True,12.959991166018881,27245,7920,0.030773174256580122,0.0009469882538258456,1.0000000000000004,0.0,0.9999947459852642,0.0,-14.45770045154352,-14.457767362714383,8.363896357943545e-06,0.0003053919595161006,0.0001285317159553101,2.1378746532851878e-05,0.9999949427257042,True,True,True,False,results/stage6_v1/reference_atlas/cache/e0369f78be44ad08ec52a82c895a6c537e19de9c7271c5c06d461d7f8a725e3c.npz,physical,antiphase,budget,False,False,True,True,43,237,2688,96,98,8985,4.600038291013334,results/stage6_v1/legacy_b3/adaptive/cache/4248cc97514856ae637d9aa03ae621d9d6ad8d8a177dd09861a0fe6ecc54e87e.npz
confirmation,8,0.383,1.875,interior,C0,631,True,11.997692834003828,27885,7872,0.013470045101095124,0.00018144211502553673,1.0000000000000007,0.0,0.9999994131720281,0.0,-15.968038940410604,-15.968049652214054,1.3389754311976532e-06,6.976788728358177e-05,2.5825765742337747e-05,3.5233737725182124e-06,0.9999993336641699,True,True,True,False,results/stage6_v1/reference_atlas/cache/25dd6e27f0cf3c9bf89fdd87e9c5bdaaebd60d9c6061d4d0f7c98072836362bb.npz,physical,ghz,budget,False,False,True,True,54,302,2592,127,116,9396,3.711641707981471,results/stage6_v1/domain_wall_candidates/cache/9fc587837383b478336a40e85f5953b2137e7a43fbf0a5ab850ce6f95e022587.npz
confirmation,8,0.383,1.875,interior,C1,631,True,15.470536582986824,39845,7248,0.012719572419182812,0.00016178752252683608,0.9999999999999997,0.0,0.9999992965010727,0.0,-15.96803952896829,-15.968049652214054,1.2654057204297686e-06,4.6675250952407654e-05,1.6804933502229114e-05,4.211612917526253e-06,0.9999993474638257,True,True,True,False,results/stage6_v1/reference_atlas/cache/25dd6e27f0cf3c9bf89fdd87e9c5bdaaebd60d9c6061d4d0f7c98072836362bb.npz,physical,plus,budget,False,False,True,True,53,317,2544,128,119,16943,6.073420375003479,results/stage6_v1/domain_wall_candidates/cache/e8cbfdb81c36910c1bbdd3ee97afe8c39bff17c14d8fb599f8ee935e0e7a2d89.npz
confirmation,8,0.383,1.875,interior,H6,631,True,11.997692834003828,27885,7872,0.013470045101095124,0.00018144211502553673,1.0000000000000007,0.0,0.9999994131720281,0.0,-15.968038940410604,-15.968049652214054,1.3389754311976532e-06,6.976788728358177e-05,2.5825765742337747e-05,3.5233737725182124e-06,0.9999993336641699,True,True,True,False,results/stage6_v1/reference_atlas/cache/25dd6e27f0cf3c9bf89fdd87e9c5bdaaebd60d9c6061d4d0f7c98072836362bb.npz,physical,ghz,budget,False,False,True,True,54,302,2592,127,116,9396,3.711641707981471,results/stage6_v1/domain_wall_candidates/cache/9fc587837383b478336a40e85f5953b2137e7a43fbf0a5ab850ce6f95e022587.npz
confirmation,8,0.383,1.875,interior,B3,631,True,13.228222999023274,27859,7872,0.06527463677886343,0.004260778206612551,0.9999999999999976,0.0,0.999983200605255,0.0,-15.967759320903838,-15.968049652214054,3.6291413777034265e-05,0.001194417628729079,0.0005278343607658664,7.362486960305059e-05,0.999978620679241,True,True,True,False,results/stage6_v1/reference_atlas/cache/25dd6e27f0cf3c9bf89fdd87e9c5bdaaebd60d9c6061d4d0f7c98072836362bb.npz,physical,plus,budget,True,True,True,True,32,168,2688,64,56,10643,5.193628292006906,results/stage6_v1/legacy_b3/adaptive/cache/7a209b944fa83858e73f07ff15f384f77b7717ba46fcd40b76d400deb3fa3dbb.npz
confirmation,8,0.443,0.013,low_field,C0,631,True,1.2233120410237461,4335,7440,0.00012542401082176846,1.573118249061909e-08,0.9999999999999989,0.0,0.9999999997880664,0.0,-4.456607149641613,-4.456607153513722,4.840136069717005e-10,1.2461638720928647e-08,9.412929102836642e-09,1.4986156120049e-07,0.9999999963912232,True,True,True,False,results/stage6_v1/reference_atlas/cache/a65bcdbf417fac19900967162267b9ed5d4f80d7746250abbf18a4be13e5e466.npz,physical,ghz,budget,True,True,True,True,20,140,2400,63,57,740,0.2377809160389006,results/stage6_v1/domain_wall_candidates/cache/09be21693b2f3193775b6984132e83139b19fbd2c5ccdac7be9dbbd2acb5fb3e.npz
confirmation,8,0.443,0.013,low_field,C1,631,True,3.4280899169971235,13368,5904,0.00012276400683567016,1.507100137434847e-08,0.9999999999999998,0.0,0.999999999888695,0.0,-4.456607149785448,-4.456607153513722,4.660342112217108e-10,1.3737023962789863e-08,1.0374609726859774e-08,1.706465251969519e-07,0.9999999964962332,True,True,True,False,results/stage6_v1/reference_atlas/cache/a65bcdbf417fac19900967162267b9ed5d4f80d7746250abbf18a4be13e5e466.npz,physical,ghz,energy_stagnation,True,True,True,True,20,140,2016,63,94,2144,0.5475237499922514,results/stage6_v1/domain_wall_candidates/cache/f33b12ed5e026c63b31c041540bba6ce3594e6cc74c894afad326b8c9bef17cd.npz
confirmation,8,0.443,0.013,low_field,H6,631,True,5.9042266250471584,16745,15651,0.00020323596242635607,4.1304856423367216e-08,0.9999999999999988,0.0,0.9999999096823122,0.0,-4.456607108226299,-4.456607153513722,5.660927837602969e-09,1.3879334204158766e-07,1.0623115198615807e-07,1.7631171398135859e-06,0.9999999074032234,True,True,True,False,results/stage6_v1/reference_atlas/cache/a65bcdbf417fac19900967162267b9ed5d4f80d7746250abbf18a4be13e5e466.npz,wall,uniform,energy_stagnation,True,True,True,True,21,132,1071,37,53,838,0.1264887080178596,results/stage6_v1/domain_wall_candidates/cache/1ea44b118abd0c45df2a3564a9913f376bc8595881fb91bbcccd244c1f73f79b.npz
confirmation,8,0.443,0.013,low_field,B3,631,True,0.07911508297547698,335,2112,0.036769552621700466,0.0013519999999999997,0.9999999999999998,0.0,0.9999999999999998,0.0,-4.455999999999999,-4.456607153513722,7.589418921538638e-05,0.0001372027531920672,0.00011994098816037191,0.01168242307316465,0.9997265025233604,True,True,True,False,results/stage6_v1/reference_atlas/cache/a65bcdbf417fac19900967162267b9ed5d4f80d7746250abbf18a4be13e5e466.npz,physical,ghz,pool_gradient,,True,False,True,0,8,768,7,8,108,0.020517249999102205,results/stage6_v1/legacy_b3/adaptive/cache/2f160b81588feaa33afa16f03e078cd8701601621df0e48c0d8d15d7246e7859.npz
confirmation,8,0.443,0.028,low_field,C0,631,True,1.6484373340499587,4841,7152,0.0006052713680594923,3.6635342899260937e-07,0.9999999999999999,0.0,0.9999999925878695,0.0,-4.458822114144764,-4.458822310155554,2.450134872766796e-08,1.2592991360804717e-06,8.978091277089817e-07,4.834879263997116e-06,0.9999996407220563,True,True,True,False,results/stage6_v1/reference_atlas/cache/35fd43a9587a5c0d7c177a7aeb87841bbf22b3842512b3ef2d9098685cbf10d2.npz,physical,ghz,budget,True,True,True,True,20,140,2400,63,56,1080,0.3745127500151284,results/stage6_v1/domain_wall_candidates/cache/fdc61b59549e8af9c96d12e4810dec51ad9909fec4abf012887b3de06ca07a58.npz
confirmation,8,0.443,0.028,low_field,C1,631,True,3.947713708039373,14316,6816,0.0006043298173503301,3.6521452813868337e-07,1.0000000000000002,0.0,0.9999999955708208,0.0,-4.458822117412159,-4.458822310155554,2.4092924433283258e-08,1.2479532550679906e-06,8.881844600905353e-07,4.697729979144527e-06,0.999999649154781,True,True,True,False,results/stage6_v1/reference_atlas/cache/35fd43a9587a5c0d7c177a7aeb87841bbf22b3842512b3ef2d9098685cbf10d2.npz,physical,ghz,budget,True,True,True,True,20,140,2112,63,92,3228,0.8637762499856763,results/stage6_v1/domain_wall_candidates/cache/12fc45afbb40cb7815bdf027ab83bddda331f16c5c432f74ac939b47e94ee5e4.npz
confirmation,8,0.443,0.028,low_field,H6,631,True,38.89271837705746,56293,31173,0.0006052713680594923,3.6635342899260937e-07,0.9999999999999999,0.0,0.9999999925878695,0.0,-4.458822114144764,-4.458822310155554,2.450134872766796e-08,1.2592991360804717e-06,8.978091277089817e-07,4.834879263997116e-06,0.9999996407220563,True,True,True,False,results/stage6_v1/reference_atlas/cache/35fd43a9587a5c0d7c177a7aeb87841bbf22b3842512b3ef2d9098685cbf10d2.npz,physical,ghz,budget,True,True,True,True,20,140,2400,63,56,1080,0.3745127500151284,results/stage6_v1/domain_wall_candidates/cache/fdc61b59549e8af9c96d12e4810dec51ad9909fec4abf012887b3de06ca07a58.npz
confirmation,8,0.443,0.028,low_field,B3,631,True,0.10201729199616238,436,2352,0.0017406406653159897,3.029829925751691e-06,0.9999999999999991,0.0,0.9999980826359486,0.0,-4.458816828289937,-4.458822310155554,6.852332021800578e-07,1.748207487395348e-05,1.3338621466130185e-05,9.910797479250472e-05,0.9999877384038102,True,True,True,False,results/stage6_v1/reference_atlas/cache/35fd43a9587a5c0d7c177a7aeb87841bbf22b3842512b3ef2d9098685cbf10d2.npz,physical,ghz,pool_gradient,True,True,True,True,10,66,768,31,40,101,0.019030250026844442,results/stage6_v1/legacy_b3/adaptive/cache/53c66ccfa95941d5d68c081fdb573629a7a551ee93b3aa5fdc1dc3acc11f3ab6.npz
confirmation,8,0.443,0.044,low_field,C0,631,True,4.341003874957096,13863,6624,0.001663856043784321,2.7684169344376122e-06,0.9999999999999998,0.0,0.9999998607736584,0.0,-4.462994248416624,-4.4629968980747385,3.312072642813746e-07,2.1045509526196327e-05,1.4696418337734052e-05,4.4992197525094146e-05,0.9999935446993428,True,True,True,False,results/stage6_v1/reference_atlas/cache/88e323578dc545d8a3382362854988e1e9469508bcc7602214fccd502e839623.npz,physical,ghz,budget,True,True,True,True,20,140,1968,63,58,3969,1.2303294580196962,results/stage6_v1/domain_wall_candidates/cache/4e1da8bb500096f654ffaf4275517bf4f8915020a44fe6abe54fe6d36ca35590.npz
confirmation,8,0.443,0.044,low_field,C1,631,True,8.036476042063441,24959,6480,0.001649851641516071,2.7220104390132745e-06,1.0000000000000004,0.0,0.9999999504312234,0.0,-4.4629942873074,-4.4629968980747385,3.263459172897498e-07,2.0933927314725764e-05,1.4600843721734869e-05,4.42936291140672e-05,0.9999936609328046,True,True,True,False,results/stage6_v1/reference_atlas/cache/88e323578dc545d8a3382362854988e1e9469508bcc7602214fccd502e839623.npz,physical,ghz,budget,True,True,True,True,20,140,2016,63,93,6495,2.015705584024545,results/stage6_v1/domain_wall_candidates/cache/9802f05370fa56f8dd6226ecd14cbe96a04c21587f3a1304e9dfc790d8ad0c1b.npz
confirmation,8,0.443,0.044,low_field,H6,631,True,43.64932866691379,73095,26361,0.001663856043784321,2.7684169344376122e-06,0.9999999999999998,0.0,0.9999998607736584,0.0,-4.462994248416624,-4.4629968980747385,3.312072642813746e-07,2.1045509526196327e-05,1.4696418337734052e-05,4.4992197525094146e-05,0.9999935446993428,True,True,True,False,results/stage6_v1/reference_atlas/cache/88e323578dc545d8a3382362854988e1e9469508bcc7602214fccd502e839623.npz,physical,ghz,budget,True,True,True,True,20,140,1968,63,58,3969,1.2303294580196962,results/stage6_v1/domain_wall_candidates/cache/4e1da8bb500096f654ffaf4275517bf4f8915020a44fe6abe54fe6d36ca35590.npz
confirmation,8,0.443,0.044,low_field,B3,631,True,0.22231112397275865,809,3024,0.00431803289582998,1.8645408089469842e-05,0.9999999999999988,0.0,0.9999770266623138,0.0,-4.462962078870777,-4.4629968980747385,4.352400495233333e-06,0.0001197635016625398,9.040851418806728e-05,0.000409595656074159,0.9999170816223129,True,True,True,False,results/stage6_v1/reference_atlas/cache/88e323578dc545d8a3382362854988e1e9469508bcc7602214fccd502e839623.npz,physical,ghz,pool_gradient,True,True,True,True,10,66,1152,31,31,294,0.07312712498242036,results/stage6_v1/legacy_b3/adaptive/cache/8c5deeb4799d5bcf54c8a37d0bf5224cf05f55eae00670ef351de2d34e527d79.npz
confirmation,8,0.443,0.068,low_field,C0,631,True,8.041318667063024,22955,6864,0.0015915745927513657,2.5331096842916757e-06,0.9999999999999993,0.0,0.9999991878425643,0.0,-4.472883564002435,-4.472884386361563,1.0279489093267813e-07,1.0383381086165322e-05,6.351176233931888e-06,1.1199549183743551e-05,0.9999992495345993,True,True,True,False,results/stage6_v1/reference_atlas/cache/431265eb4cae984c0b0b7194a261c3d868e9971115803b669fd35b48c3aaf86c.npz,physical,antiphase,budget,False,False,True,True,50,308,2400,128,143,9832,3.3886178330285475,results/stage6_v1/domain_wall_candidates/cache/5f7284735a10590d29cb6af3de0c2c8ec423af7dd71978a0b53cbdf75b9bacf5.npz
confirmation,8,0.443,0.068,low_field,C1,631,True,13.208053625945468,37339,7104,0.0024094977155342625,5.80567924116483e-06,0.9999999999999983,0.0,0.9999995488468495,0.0,-4.472883090076811,-4.472884386361563,1.620355939424556e-07,4.305572377183431e-06,3.068458699018173e-06,1.1392873835697204e-05,0.9999994900985559,True,True,True,False,results/stage6_v1/reference_atlas/cache/431265eb4cae984c0b0b7194a261c3d868e9971115803b669fd35b48c3aaf86c.npz,physical,plus,budget,False,False,True,True,38,238,2592,96,99,13294,4.673185374995228,results/stage6_v1/domain_wall_candidates/cache/9a765d648256bf1414b855fcb3b7ead82110c3dec4357cc32379f95e660c8940.npz
confirmation,8,0.443,0.068,low_field,H6,631,True,71.41208179207752,121920,30018,0.0022364587168529617,5.001747592187596e-06,0.9999999999999998,0.0,0.9999997609724749,0.0,-4.472883298950016,-4.472884386361563,1.359264433231644e-07,1.3445008485879484e-05,9.074996365154853e-06,1.5386271535119955e-05,0.9999996844076875,True,True,True,False,results/stage6_v1/reference_atlas/cache/431265eb4cae984c0b0b7194a261c3d868e9971115803b669fd35b48c3aaf86c.npz,wall,empty,parameter_cap160,False,False,True,True,50,302,8160,95,150,31667,20.299619791971054,results/stage6_v1/domain_wall_candidates/cache/4d8b1d2cff3dc2fb7292d3f5743de2471184a0ca98bc590a4e30e69ec56323a7.npz
confirmation,8,0.443,0.068,low_field,B3,631,True,11.586681833025068,26983,6912,0.010394356578564658,0.0001080426486823504,1.0,0.0,0.9998722918014116,0.0,-4.472662479586978,-4.472884386361563,2.773834682312515e-05,0.0009523749320510255,0.0006958057647439286,0.0018073258891194849,0.9993571075497122,True,True,True,False,results/stage6_v1/reference_atlas/cache/431265eb4cae984c0b0b7194a261c3d868e9971115803b669fd35b48c3aaf86c.npz,physical,ghz,budget,True,True,True,True,10,66,2160,31,29,7680,2.923277749971021,results/stage6_v1/legacy_b3/adaptive/cache/7277bdb9b4136b3995c68ad9c02153358c94f5ab09d6eefdbe942c5c9a13311e.npz
confirmation,8,0.443,0.093,low_field,C0,631,True,11.711672208970413,30048,7296,0.003222870423616888,1.03868937674245e-05,0.9999999999999988,0.0,0.9999993395204088,0.0,-4.4882322336990415,-4.48823501202603,3.472908736146252e-07,4.9484635123886456e-05,3.4016914761680894e-05,3.705612194709884e-05,0.9999989561131744,True,True,True,False,results/stage6_v1/reference_atlas/cache/257648cd2f14bc89d3a49f112edc5cef09e519dc31c148c9142fac87a8c8805b.npz,physical,plus,budget,True,True,True,True,53,317,2544,128,124,11270,4.365054750000127,results/stage6_v1/domain_wall_candidates/cache/cbaf79f1795bf5112e5091606d2e7a746b9d4b61453d57eeb92defcd9303c689.npz
confirmation,8,0.443,0.093,low_field,C1,631,True,14.856292376061901,46301,7296,0.004415778538179785,1.94991000982492e-05,0.9999999999999989,0.0,0.9999991611508869,0.0,-4.488229710981555,-4.48823501202603,6.626305594226167e-07,5.128392609932142e-05,3.448844898557013e-05,4.7888226636247366e-05,0.9999980569839525,True,True,True,False,results/stage6_v1/reference_atlas/cache/257648cd2f14bc89d3a49f112edc5cef09e519dc31c148c9142fac87a8c8805b.npz,physical,plus,budget,False,False,True,True,41,241,2640,96,97,17113,5.712737834022846,results/stage6_v1/domain_wall_candidates/cache/ff079103e13f2212df50fe7d466815d3f9054dfab4d8bf75e1e430dd48cc20b8.npz
confirmation,8,0.443,0.093,low_field,H6,631,True,91.44260695995763,157003,31776,0.0032826155258219433,1.0775564690367274e-05,1.0000000000000009,0.0,0.999999284705632,0.0,-4.488232363077792,-4.48823501202603,3.3111852981715373e-07,1.3728024766734848e-05,9.338987337015325e-06,1.917647217147822e-05,0.9999991670418997,True,True,True,False,results/stage6_v1/reference_atlas/cache/257648cd2f14bc89d3a49f112edc5cef09e519dc31c148c9142fac87a8c8805b.npz,wall,alternating,parameter_cap160,True,True,True,True,160,685,8160,127,328,42252,25.13765395898372,results/stage6_v1/domain_wall_candidates/cache/300312ce44d7b9d829886c1d56a843d26b60e7f88f68c905de04eb8aad60f034.npz
confirmation,8,0.443,0.093,low_field,B3,631,True,12.068781916983426,27573,7152,0.011190207333947972,0.00012522074017674297,1.0000000000000004,0.0,0.9999903291512786,0.0,-4.487884768082381,-4.48823501202603,4.378049295616915e-05,0.004718718871569605,0.003090844478378374,0.003528808598302652,0.9979673542009351,True,True,True,False,results/stage6_v1/reference_atlas/cache/257648cd2f14bc89d3a49f112edc5cef09e519dc31c148c9142fac87a8c8805b.npz,physical,ghz,budget,True,True,True,True,20,140,2112,63,63,6537,2.4095271669793874,results/stage6_v1/legacy_b3/adaptive/cache/c513edb2add8d1ab7fab4ee3262042111cc8e600134909b60a7d8c42a9e158d7.npz
confirmation,8,0.443,0.138,low_field,C0,631,False,6.5269609579700045,18277,7584,0.04037310914278228,0.0016299879418550105,0.9999999999999999,0.0,0.9998625402398202,0.0,-4.543438586620601,-4.544240390685615,0.00010022550812671671,0.10885996606071247,0.06210882506327098,0.02534551223946524,0.9941662464368461,False,True,False,False,results/stage6_v1/reference_atlas/cache/ebcdbe594af5f498b362e0f759d32d206f4007d305e692e690d7475a8a5794ae.npz,physical,antiphase,budget,False,False,True,False,56,314,2688,128,155,7358,2.7431802499922924,results/stage6_v1/domain_wall_candidates/cache/dda0456162bdef29a407c9342f6eaf25116308b8d8a4afa9a2838cd7e2dc7b55.npz
confirmation,8,0.443,0.138,low_field,C1,631,False,13.020245917025022,40001,7584,0.03643901180368578,0.0013278015812291514,0.9999999999999994,0.0,0.9998094324531765,0.0,-4.543669717143022,-4.544240390685615,7.133419282412401e-05,0.08177185846132062,0.04717986627360238,0.019429879359759594,0.9967139922856102,False,True,False,False,results/stage6_v1/reference_atlas/cache/ebcdbe594af5f498b362e0f759d32d206f4007d305e692e690d7475a8a5794ae.npz,physical,plus,budget,False,False,True,False,56,320,2688,128,134,17200,5.664970374957193,results/stage6_v1/domain_wall_candidates/cache/37138658e9990f6f7f804eb3b9daaaff953db0632048fea3020d12dace2517e8.npz
confirmation,8,0.443,0.138,low_field,H6,631,True,89.7554524570005,140208,32064,0.02021265775320461,0.0004085515334481825,1.0,0.0,0.9999718712950871,0.0,-4.544157486977559,-4.544240390685615,1.0362963506982403e-05,0.012435965163183016,0.0073057160437539626,0.0030514577833677947,0.9999019366169467,True,True,True,False,results/stage6_v1/reference_atlas/cache/ebcdbe594af5f498b362e0f759d32d206f4007d305e692e690d7475a8a5794ae.npz,wall,empty,parameter_cap160,True,True,True,True,160,682,8160,127,331,46894,34.5461257500574,results/stage6_v1/domain_wall_candidates/cache/4aa53b05702310a45bbae83e82d9ded7078c21cbfa5801e8e4e44fa21ee41eb6.npz
confirmation,8,0.443,0.138,low_field,B3,631,False,8.89620575105073,18907,7632,0.05421588977630378,0.002939362704236321,0.9999999999999989,0.0,0.9997291414392822,0.0,-4.542845295945993,-4.544240390685615,0.00017438684245274505,0.13669810936806082,0.07760300622623206,0.03166852427158856,0.990573973593506,False,True,False,False,results/stage6_v1/reference_atlas/cache/ebcdbe594af5f498b362e0f759d32d206f4007d305e692e690d7475a8a5794ae.npz,physical,ghz,budget,True,True,True,False,46,294,2208,127,124,2918,0.9711645420175046,results/stage6_v1/legacy_b3/adaptive/cache/c5c7e554cca4acc8e2082cbc3abe7cd4cc9769cf2b73dd603eeb526afd875300.npz
confirmation,8,0.459,0.013,low_field,C0,631,True,1.7124732499942183,6224,7488,0.0001538359565485911,2.366550152722001e-08,1.0000000000000016,0.0,0.9999999996558753,0.0,-4.328625278842537,-4.3286252865480055,9.631835329315663e-10,4.826143940039884e-08,3.504297818590629e-08,3.8359382437819223e-07,0.9999999865917699,True,True,True,False,results/stage6_v1/reference_atlas/cache/5dab3c95d6d0156eb54cf7a383ebe7691ff60d0094c8bcf8dfa9e1a7b5908c8e.npz,physical,ghz,budget,True,True,True,True,20,140,2448,63,64,825,0.25746204098686576,results/stage6_v1/domain_wall_candidates/cache/5c73d9cba28842d04af38aa9cdc5a6b72f92f652fdcc15e8f539dfb35789c397.npz
confirmation,8,0.459,0.013,low_field,C1,631,True,1.7950872490764596,7488,5232,0.00013626741642883814,1.8568808780190385e-08,1.0000000000000004,0.0,0.9999999997278763,0.0,-4.328625279753437,-4.3286252865480055,8.493210579274546e-10,4.758759086787023e-08,3.424156802545042e-08,3.4218355170548276e-07,0.9999999869973839,True,True,True,False,results/stage6_v1/reference_atlas/cache/5dab3c95d6d0156eb54cf7a383ebe7691ff60d0094c8bcf8dfa9e1a7b5908c8e.npz,physical,ghz,energy_stagnation,True,True,True,True,20,140,1344,63,93,1207,0.21701079100603238,results/stage6_v1/domain_wall_candidates/cache/58e9c42b5a078d1e733a0f52e91bfdf52b74c6a65384ea5a83f660a47801fb5f.npz
confirmation,8,0.459,0.013,low_field,H6,631,True,6.175606374978088,18051,14781,0.0002217517480176419,4.917383774887975e-08,0.9999999999999996,0.0,0.9999998020287415,0.0,-4.328625215595516,-4.3286252865480055,8.86906115216135e-09,2.9302472359660214e-07,2.2272483768404072e-07,2.8327493567983225e-06,0.99999979394223,True,True,True,False,results/stage6_v1/reference_atlas/cache/5dab3c95d6d0156eb54cf7a383ebe7691ff60d0094c8bcf8dfa9e1a7b5908c8e.npz,wall,uniform,energy_stagnation,True,True,True,True,21,134,1071,39,53,814,0.12175304198171943,results/stage6_v1/domain_wall_candidates/cache/1dd427d3cd534b37b24007521a6863684feaebbc3bf0f82070cd8862d228d23d.npz
confirmation,8,0.459,0.013,low_field,B3,631,True,0.07740387495141476,333,2112,0.036769552621700466,0.0013519999999999997,0.9999999999999998,0.0,0.9999999999999998,0.0,-4.3279999999999985,-4.3286252865480055,7.816081850087198e-05,0.00014642336229897523,0.00012788812944686256,0.012034766789115716,0.9997090254338341,True,True,True,False,results/stage6_v1/reference_atlas/cache/5dab3c95d6d0156eb54cf7a383ebe7691ff60d0094c8bcf8dfa9e1a7b5908c8e.npz,physical,ghz,pool_gradient,,True,False,True,0,8,768,7,8,95,0.018231124966405332,results/stage6_v1/legacy_b3/adaptive/cache/432897b15e714d17eeb6f4f78b27326ead197ca1158f85ddead21fc742f3a1c4.npz
confirmation,8,0.459,0.028,low_field,C0,631,True,3.3500002499786206,10826,7152,0.0006937516746685356,4.812913861053976e-07,0.9999999999999991,0.0,0.9999999845247902,0.0,-4.330909302125921,-4.330909789912028,6.097326343823539e-08,5.133092428888375e-06,3.5784962215679172e-06,1.2476249855824378e-05,0.9999984386246692,True,True,True,False,results/stage6_v1/reference_atlas/cache/c0c838d86929221c28b69d0781d5bc1a3f50891fac577827fe5da71c0e678b43.npz,physical,ghz,budget,True,True,True,True,20,140,2352,63,56,2539,0.8864337079576217,results/stage6_v1/domain_wall_candidates/cache/32ef2f732d1063f9d636351701ca07b9be500b5bc8a3705fd8ff1d63daecb1b1.npz
confirmation,8,0.459,0.028,low_field,C1,631,True,5.196799292054493,18920,6816,0.0006942845721850765,4.820310671742147e-07,1.0000000000000004,0.0,0.9999999919234126,0.0,-4.330909308828326,-4.330909789912028,6.013546283156757e-08,5.109070764786061e-06,3.561598012513656e-06,1.2690137369032045e-05,0.9999984681581808,True,True,True,False,results/stage6_v1/reference_atlas/cache/c0c838d86929221c28b69d0781d5bc1a3f50891fac577827fe5da71c0e678b43.npz,physical,ghz,budget,True,True,True,True,20,140,2112,63,85,4592,1.2808550420450047,results/stage6_v1/domain_wall_candidates/cache/5bed00f5882a653ee3acd32e12292d4b55ccb86f35bed66e6addc02619721ba9.npz
confirmation,8,0.459,0.028,low_field,H6,631,True,16.41194762493251,42033,20463,0.0006937516746685356,4.812913861053976e-07,0.9999999999999991,0.0,0.9999999845247902,0.0,-4.330909302125921,-4.330909789912028,6.097326343823539e-08,5.133092428888375e-06,3.5784962215679172e-06,1.2476249855824378e-05,0.9999984386246692,True,True,True,False,results/stage6_v1/reference_atlas/cache/c0c838d86929221c28b69d0781d5bc1a3f50891fac577827fe5da71c0e678b43.npz,physical,ghz,budget,True,True,True,True,20,140,2352,63,56,2539,0.8864337079576217,results/stage6_v1/domain_wall_candidates/cache/32ef2f732d1063f9d636351701ca07b9be500b5bc8a3705fd8ff1d63daecb1b1.npz
confirmation,8,0.459,0.028,low_field,B3,631,True,0.10361624998040497,438,2352,0.0018649287708159851,3.477959320217221e-06,0.9999999999999993,0.0,0.9999917487757823,0.0,-4.330901054631551,-4.330909789912028,1.091910059702883e-06,3.772716392402842e-05,2.847839936381824e-05,0.0001599848676475564,0.9999717530879229,True,True,True,False,results/stage6_v1/reference_atlas/cache/c0c838d86929221c28b69d0781d5bc1a3f50891fac577827fe5da71c0e678b43.npz,physical,ghz,pool_gradient,True,True,True,True,10,66,768,31,29,98,0.01856437500100583,results/stage6_v1/legacy_b3/adaptive/cache/05cb5abb2f21880db42256ad79d1dc393d28b04614a941326969d3b17f6df452.npz
confirmation,8,0.459,0.044,low_field,C0,631,True,5.754984416009393,18844,6768,0.002015949062892849,4.064050624178556e-06,0.9999999999999996,0.0,0.99999972805984,0.0,-4.335223687737171,-4.33523145540432,9.709583935757493e-07,0.00010074992852926457,6.868632698853183e-05,0.00014120495900517283,0.9999654571943284,True,True,True,False,results/stage6_v1/reference_atlas/cache/f7f0c5403dec66b047009f2359b7fe7256e9eb098df946861e5627b64a6e8190.npz,physical,ghz,budget,True,True,True,True,20,140,1968,63,58,4606,1.3347744999919087,results/stage6_v1/domain_wall_candidates/cache/df047d5a502324a790e724f5a0df98489590ad8a3c3176f5e551745f40efe3de.npz
confirmation,8,0.459,0.044,low_field,C1,631,True,9.78524654195644,34042,6912,0.002000755530459082,4.003022692662603e-06,1.0000000000000009,0.0,0.999999896141246,0.0,-4.335223751674503,-4.33523145540432,9.629662270915773e-07,0.00010052200423782409,6.849162576971768e-05,0.0001401473605536635,0.9999658878404771,True,True,True,False,results/stage6_v1/reference_atlas/cache/f7f0c5403dec66b047009f2359b7fe7256e9eb098df946861e5627b64a6e8190.npz,physical,ghz,budget,True,True,True,True,20,140,2112,63,102,8795,2.376682041969616,results/stage6_v1/domain_wall_candidates/cache/d0b4b8919c15bc421a1309606d40179c06c22b747d6880027adc3d60dc96acd9.npz
confirmation,8,0.459,0.044,low_field,H6,631,True,52.14171949995216,100620,27984,0.003367598356304219,1.1340718689382878e-05,1.0000000000000009,0.0,0.9999917235028408,0.0,-4.335226825344128,-4.33523145540432,5.787575240168152e-07,3.3463694676272304e-05,2.452875444602931e-05,7.444926333142338e-05,0.9999905261561683,True,True,True,False,results/stage6_v1/reference_atlas/cache/f7f0c5403dec66b047009f2359b7fe7256e9eb098df946861e5627b64a6e8190.npz,wall,empty,energy_stagnation,False,False,True,True,31,195,5967,63,80,22975,11.536637374956626,results/stage6_v1/domain_wall_candidates/cache/17fdf5ec42b246939881031a703be33aa83cd9f865c59cb8970769d55f48d4dc.npz
confirmation,8,0.459,0.044,low_field,B3,631,True,1.9899344590376131,5190,3792,0.004634681998744739,2.1480277229488526e-05,1.0000000000000009,0.0,0.9999504329702529,0.0,-4.335173547574052,-4.33523145540432,7.238478783477831e-06,0.00029860523687208484,0.00021984114373185815,0.0007092214190616772,0.9997836157896494,True,True,True,False,results/stage6_v1/reference_atlas/cache/f7f0c5403dec66b047009f2359b7fe7256e9eb098df946861e5627b64a6e8190.npz,physical,ghz,pool_gradient,True,True,True,True,10,66,1152,31,31,339,0.07591366703854874,results/stage6_v1/legacy_b3/adaptive/cache/bff86c5bfb1eb63195f1e4ff45b8fc20e9b1cb7b4eaa8b6a0a73040c4f7998d6.npz
confirmation,8,0.459,0.068,low_field,C0,631,True,9.161420417018235,28214,7344,0.0017102902685418911,2.9250928026690943e-06,0.999999999999998,0.0,0.9999999051227655,0.0,-4.345624974489741,-4.345625888235879,1.1421826717761263e-07,9.081255724630033e-06,6.847107242524686e-06,1.129080703382579e-05,0.9999996535810205,True,True,True,False,results/stage6_v1/reference_atlas/cache/195e9e470debda7c1c50b88af652a525855d46bd4b33c2e615da0d23c0c4e709.npz,physical,plus,budget,True,True,True,True,54,318,2592,128,122,10066,3.4083692499552853,results/stage6_v1/domain_wall_candidates/cache/ed673ac210a3012c3bfca849a0ffb7cb4ac356ebc6cc52f5cef021351f9a1a27.npz
confirmation,8,0.459,0.068,low_field,C1,631,True,13.83400370896561,44872,7296,0.0034021009203472692,1.1574290672227737e-05,0.9999999999999973,0.0,0.99999969442112,0.0,-4.345622842527891,-4.345625888235879,3.8071349850454794e-07,3.8018092322289476e-05,2.5359048992035227e-05,3.685785370799444e-05,0.9999990021633407,True,True,True,False,results/stage6_v1/reference_atlas/cache/195e9e470debda7c1c50b88af652a525855d46bd4b33c2e615da0d23c0c4e709.npz,physical,plus,budget,False,False,True,True,40,240,2688,96,117,18152,5.7997881670016795,results/stage6_v1/domain_wall_candidates/cache/50a0dffdfb820ec0b982dec20f1237d48febc6bb61bbb11751163613244cba7c.npz
confirmation,8,0.459,0.068,low_field,H6,631,True,58.8337060000631,125267,25296,0.0038691612058848568,1.497040843712436e-05,0.999999999999998,0.0,0.999998694537843,0.0,-4.345622187121551,-4.345625888235879,4.6263929098788736e-07,2.323012733518315e-05,1.5802802272979477e-05,3.814481085336052e-05,0.99999859959842,True,True,True,False,results/stage6_v1/reference_atlas/cache/195e9e470debda7c1c50b88af652a525855d46bd4b33c2e615da0d23c0c4e709.npz,wall,uniform,energy_stagnation,False,False,True,True,53,318,4080,95,127,28036,11.552739208040293,results/stage6_v1/domain_wall_candidates/cache/aa1b54cf53b4f6167227f2561cd3e386ebb346b47a5b5bd4f31f76e000969883.npz
confirmation,8,0.459,0.068,low_field,B3,631,True,11.892569876043126,29029,7104,0.011224035814864787,0.00012597897997336743,1.0000000000000002,0.0,0.9997270762970707,0.0,-4.345186103505837,-4.345625888235879,5.4973091255239304e-05,0.004185803916423425,0.0028478371932255664,0.004284526000386035,0.9971659786882808,True,True,True,False,results/stage6_v1/reference_atlas/cache/195e9e470debda7c1c50b88af652a525855d46bd4b33c2e615da0d23c0c4e709.npz,physical,ghz,budget,True,True,True,True,10,66,2208,31,36,8105,2.9192445420194417,results/stage6_v1/legacy_b3/adaptive/cache/8ba7dde5ec07148786b4f523c7324e6dac6cfaa2b05d678f15b85f1df673efb6.npz
confirmation,8,0.459,0.093,low_field,C0,631,False,9.27870762400562,27933,7440,0.014056911088552292,0.0001975967493514644,0.9999999999999993,0.0,0.9999837374577163,0.0,-4.364681198947483,-4.364797541348173,1.454280008617026e-05,0.030858334902849505,0.01765302658865009,0.008172885120069334,0.9990084593465003,False,True,False,False,results/stage6_v1/reference_atlas/cache/3f86341ed81fa14184a9da5207034379a165e8cf0edcb77353dfb4b82a1eb682.npz,physical,ghz,budget,True,True,True,False,47,295,2256,127,124,6784,2.0399334160028957,results/stage6_v1/domain_wall_candidates/cache/6612f3c8730f5cc471ca425248a4d0e747041f12d53fe9aab7c54d39e80e1f50.npz
confirmation,8,0.459,0.093,low_field,C1,631,False,12.81596629199339,41753,7248,0.01392481789661904,0.00019390055345400192,1.0,0.0,0.9999844503382131,0.0,-4.364700036228965,-4.364797541348173,1.2188139901003758e-05,0.02620086492309337,0.015124789704227926,0.007019071013387751,0.9992902249569807,False,True,False,False,results/stage6_v1/reference_atlas/cache/3f86341ed81fa14184a9da5207034379a165e8cf0edcb77353dfb4b82a1eb682.npz,physical,plus,budget,False,False,True,False,54,318,2592,128,132,17421,5.5546870839898475,results/stage6_v1/domain_wall_candidates/cache/f82348c270c4a9ff029e089c19fb95063c0a83ef7d4197671ba9e1f1acde1ea6.npz
confirmation,8,0.459,0.093,low_field,H6,631,True,60.86902587400982,123815,26106,0.006242566832020834,3.896964065224663e-05,1.0000000000000004,0.0,0.9999908138917991,0.0,-4.364786646665545,-4.364797541348173,1.3618353285060891e-06,0.002581348712334286,0.0014705892151760658,0.0006788218535097035,0.9999869025098123,True,True,True,False,results/stage6_v1/reference_atlas/cache/3f86341ed81fa14184a9da5207034379a165e8cf0edcb77353dfb4b82a1eb682.npz,wall,alternating,energy_stagnation,True,True,True,True,90,481,4590,127,209,30742,14.568325292028021,results/stage6_v1/domain_wall_candidates/cache/99f583fbeaf77e4d65e632495b638d737c984ab0f7b8db2a5bbd7d48f69c5fb1.npz
confirmation,8,0.459,0.093,low_field,B3,631,False,10.32107491698116,23778,7440,0.017476984803460632,0.0003054449978203939,0.9999999999999998,0.0,0.9998292234292989,0.0,-4.364513824584866,-4.364797541348173,3.5464595413370326e-05,0.06260352126342938,0.036211949390580145,0.016992718113168492,0.9956328712592774,False,True,False,False,results/stage6_v1/reference_atlas/cache/3f86341ed81fa14184a9da5207034379a165e8cf0edcb77353dfb4b82a1eb682.npz,physical,ghz,budget,True,True,True,False,35,219,2208,95,94,4050,1.3565704579814337,results/stage6_v1/legacy_b3/adaptive/cache/de9860669e19c2fc1f537f92c65a5872057a15e2d36f82cac083c1d7ac146f1b.npz
confirmation,8,0.459,0.138,low_field,C0,631,False,6.8403004999272525,19502,7968,0.14889181799745774,0.02216877346658808,0.9999999999999988,0.0,0.9901281343320036,0.0,-4.513723503059117,-4.521651978811679,0.000991059469070299,0.04444496782896468,0.018898865905809692,0.002192234751372757,0.9857315441976882,False,False,False,False,results/stage6_v1/reference_atlas/cache/b1b5156afe52b999effab6b465ea7629381b5febe720e24c8d5175353dc17359.npz,physical,plus,budget,True,True,True,False,60,324,2880,128,127,8042,3.0309891249635257,results/stage6_v1/domain_wall_candidates/cache/a32c49bf5e7d54c1480c5f2f1ca612c9fce7def5f74869964ac7a36ab12103f4.npz
confirmation,8,0.459,0.138,low_field,C1,631,False,10.216063000028953,32497,7632,0.14323014033830922,0.020514873101331755,0.9999999999999991,0.0,0.99493463658527,0.0,-4.513403830666521,-4.521651978811679,0.0010310185181447995,0.02099544983414062,0.012544150670329546,0.004682581449290013,0.9904517300746198,False,True,False,False,results/stage6_v1/reference_atlas/cache/b1b5156afe52b999effab6b465ea7629381b5febe720e24c8d5175353dc17359.npz,physical,plus,budget,False,False,True,False,59,323,2832,128,136,14614,4.997044833027758,results/stage6_v1/domain_wall_candidates/cache/d49aadcb2d92fc9ee38c685793350846126c9509f6ecf98d417fb33ba969fbb2.npz
confirmation,8,0.459,0.138,low_field,H6,631,True,72.63649266591528,126606,30459,0.0409992759604462,0.001680940629280822,0.9999999999999982,0.0,0.999813254129372,0.0,-4.52129385906302,-4.521651978811679,4.476496858241141e-05,0.0002519507411529176,8.507595938682389e-05,0.0001527446656811593,0.9998440739226993,True,True,True,False,results/stage6_v1/reference_atlas/cache/b1b5156afe52b999effab6b465ea7629381b5febe720e24c8d5175353dc17359.npz,wall,uniform,parameter_cap160,True,True,True,True,160,683,8160,127,284,36406,24.127872165990993,results/stage6_v1/domain_wall_candidates/cache/1a31b9cc5b66f9623ea065eeb5bca78176e29416e621147dd6e21d9f59f5fa2d.npz
confirmation,8,0.459,0.138,low_field,B3,631,False,7.745561791991349,17573,7680,0.15369750087966497,0.023622921776654614,0.9999999999999988,0.0,0.9935309793823739,0.0,-4.5127055311950315,-4.521651978811679,0.0011183059520809557,0.07833691971398316,0.030770238405817996,0.0020370910246225726,0.9855030580664441,False,False,False,False,results/stage6_v1/reference_atlas/cache/b1b5156afe52b999effab6b465ea7629381b5febe720e24c8d5175353dc17359.npz,physical,plus,budget,True,True,True,False,58,322,2784,128,137,6181,2.8779986659646966,results/stage6_v1/legacy_b3/adaptive/cache/f792831978ac8d8acd9cc08745cdc94d8eb4bec51d638f93fd82b70899930ea9.npz
confirmation,8,0.4757,0.013,low_field,C0,631,True,3.696619374968577,12455,7296,0.0001770106569715683,3.1332772681506225e-08,0.9999999999999976,0.0,0.9999999995179738,0.0,-4.195045642649905,-4.195045668168835,3.1898662600227112e-09,4.223838396821833e-07,2.9799008771647095e-07,2.0194813963106406e-06,0.9999998797555013,True,True,True,False,results/stage6_v1/reference_atlas/cache/0d42c90f7af93ef124b6908f637db9927c3d56b71988022a545e7a085a183bbe.npz,physical,ghz,budget,True,True,True,True,20,140,2304,63,63,781,0.233899749990087,results/stage6_v1/domain_wall_candidates/cache/82b2a35f98ef03f142cf95266336c98b22914c1e48749174710c9b675e781655.npz
confirmation,8,0.4757,0.013,low_field,C1,631,True,3.805590708972886,14099,6816,0.00015602060386018328,2.4342428828896236e-08,0.9999999999999996,0.0,0.9999999995724913,0.0,-4.195045644108782,-4.195045668168835,3.0075066881352086e-09,3.9956450115230524e-07,2.7857564099953436e-07,1.353847819183726e-06,0.9999998817175042,True,True,True,False,results/stage6_v1/reference_atlas/cache/0d42c90f7af93ef124b6908f637db9927c3d56b71988022a545e7a085a183bbe.npz,physical,ghz,energy_stagnation,True,True,True,True,20,140,1824,63,92,2009,0.4502432920271531,results/stage6_v1/domain_wall_candidates/cache/841a9d221eafd2af90976ee73900d2b2fd4c27cb2ff234407e21f62fc13c2fa3.npz
confirmation,8,0.4757,0.013,low_field,H6,631,True,10.87347770796623,30027,17343,0.0002487719761369956,6.188749611110592e-08,0.9999999999999982,0.0,0.9999993387489633,0.0,-4.195045525393754,-4.195045668168835,1.7846885191907802e-08,1.055922759007899e-06,7.831644307509933e-07,5.819434991477523e-06,0.9999992643552443,True,True,True,False,results/stage6_v1/reference_atlas/cache/0d42c90f7af93ef124b6908f637db9927c3d56b71988022a545e7a085a183bbe.npz,wall,uniform,energy_stagnation,True,True,True,True,25,146,1275,39,58,1176,0.19271804200252518,results/stage6_v1/domain_wall_candidates/cache/c62748ab8ebe2004429e793eba5c54cd0747c677f2f2c67a8caf68090f45c9ca.npz
confirmation,8,0.4757,0.013,low_field,B3,631,True,0.07303416606737301,314,2064,0.036769552621700466,0.0013519999999999997,0.9999999999999998,0.0,0.9999999999999998,0.0,-4.194399999999999,-4.195045668168835,8.07085211045333e-05,0.0001600256884719542,0.00013926640131889378,0.012436314123363934,0.9996859030064748,True,True,True,False,results/stage6_v1/reference_atlas/cache/0d42c90f7af93ef124b6908f637db9927c3d56b71988022a545e7a085a183bbe.npz,physical,ghz,pool_gradient,,True,False,True,0,8,768,7,8,95,0.018338583002332598,results/stage6_v1/legacy_b3/adaptive/cache/240f718d26a854f4caf32f84a1a1e2607caddfeddc998a006c9c653c5549c639.npz
confirmation,8,0.4757,0.028,low_field,C0,631,True,6.133813708962407,18971,7056,0.0008946086197408326,8.003245825145976e-07,0.9999999999999991,0.0,0.9999999400266936,0.0,-4.197411575542356,-4.197414231671692,3.3201616700395675e-07,6.125029816828054e-05,4.135761273516003e-05,7.82810928075528e-05,0.9999781494294213,True,True,True,False,results/stage6_v1/reference_atlas/cache/f071dde047dad1e9cc50fa317fbd25f14e8efdd108cb668191650f5a8382ee7f.npz,physical,ghz,budget,True,True,True,True,20,140,2112,63,64,5107,1.591602124972269,results/stage6_v1/domain_wall_candidates/cache/d3d77748a38d7601e918d2a3367259332eea11407532de6db6d9ba56f9f6498c.npz
confirmation,8,0.4757,0.028,low_field,C1,631,True,8.87314308504574,30617,7008,0.0008906417756927311,7.932427726091012e-07,0.9999999999999976,0.0,0.9999999765014969,0.0,-4.1974115839785275,-4.197414231671692,3.309616455338116e-07,6.110407016657327e-05,4.124219621914893e-05,7.782981153695717e-05,0.9999783030457736,True,True,True,False,results/stage6_v1/reference_atlas/cache/f071dde047dad1e9cc50fa317fbd25f14e8efdd108cb668191650f5a8382ee7f.npz,physical,ghz,budget,True,True,True,True,20,140,2064,63,95,8404,2.3239117090124637,results/stage6_v1/domain_wall_candidates/cache/9ee019277e97efe5e22f9f56e4df49f1f45ee26224e52a4faed60980b03b14d6.npz
confirmation,8,0.4757,0.028,low_field,H6,631,True,47.79122837504838,89779,28782,0.0012405790654426772,1.5390364176146265e-06,0.9999999999999992,0.0,0.9999981702685743,0.0,-4.197413656216527,-4.197414231671692,7.19318955511028e-08,6.137962354935134e-06,4.534978180981142e-06,1.5113732220017884e-05,0.9999983854901646,True,True,True,False,results/stage6_v1/reference_atlas/cache/f071dde047dad1e9cc50fa317fbd25f14e8efdd108cb668191650f5a8382ee7f.npz,wall,uniform,parameter_cap160,False,False,True,True,34,215,8160,63,87,25779,16.62602845800575,results/stage6_v1/domain_wall_candidates/cache/fa51361778d8f7068d3473f43e1fca08d563d91e170790abbaaa62004ecfc1e2.npz
confirmation,8,0.4757,0.028,low_field,B3,631,True,0.408326625067275,1411,2928,0.0020070714152851904,4.0283356660548975e-06,0.9999999999999997,0.0,0.9999865678466173,0.0,-4.197395873919967,-4.197414231671692,2.294718965623055e-06,0.0001562109630750541,0.00011348750774820004,0.00035753316674279334,0.9998790577937416,True,True,True,False,results/stage6_v1/reference_atlas/cache/f071dde047dad1e9cc50fa317fbd25f14e8efdd108cb668191650f5a8382ee7f.npz,physical,ghz,pool_gradient,True,True,True,True,10,66,768,31,46,104,0.02190191700356081,results/stage6_v1/legacy_b3/adaptive/cache/2e2a282c411698818c919a2822cf21c722a9ee591e1ab5f6917afd1856eb712d.npz
confirmation,8,0.4757,0.044,low_field,C0,631,True,9.136646542989183,28866,7200,0.0016826594623758852,2.831342866323103e-06,1.0000000000000004,0.0,0.9999946375559545,0.0,-4.201981862538224,-4.201983786333766,2.404744428030625e-07,2.9783972677277504e-05,1.9194604168326634e-05,3.455875402601227e-05,0.9999946831146539,True,True,True,False,results/stage6_v1/reference_atlas/cache/a22a11e9b6123f82343c9b02dfdfedba3991d5b94f5054c5119c81c618501854.npz,physical,ghz,budget,False,False,True,True,46,294,2208,127,124,8689,2.663725458958652,results/stage6_v1/domain_wall_candidates/cache/75f5c02ec62885236fcb0df048ecd642f341598fe0202f4897796fa6a66e87f6.npz
confirmation,8,0.4757,0.044,low_field,C1,631,True,11.634955874003936,39364,7152,0.0013704851371032058,1.8782295110207928e-06,0.9999999999999981,0.0,0.999994244134516,0.0,-4.201982015939637,-4.201983786333766,2.2129926613434492e-07,8.846099568216026e-05,3.793727382384038e-05,6.506045870942334e-06,0.9999931588132326,True,True,True,False,results/stage6_v1/reference_atlas/cache/a22a11e9b6123f82343c9b02dfdfedba3991d5b94f5054c5119c81c618501854.npz,physical,plus,budget,False,False,True,True,41,241,2640,96,98,16051,4.972053500008769,results/stage6_v1/domain_wall_candidates/cache/83bc695cd0ee918030c7a9787186140a356da5ee6c504573855f57752674b33f.npz
confirmation,8,0.4757,0.044,low_field,H6,631,True,62.431714042962994,126268,28365,0.0045437964705974145,2.064608636621352e-05,1.0000000000000009,0.0,0.9999833098718819,0.0,-4.201976350970046,-4.201983786333766,9.29420465034525e-07,0.00010303812717116223,7.538476546031792e-05,0.0001316551781216091,0.9999834514918717,True,True,True,False,results/stage6_v1/reference_atlas/cache/a22a11e9b6123f82343c9b02dfdfedba3991d5b94f5054c5119c81c618501854.npz,wall,empty,parameter_cap160,True,True,True,True,30,192,8160,63,96,33654,19.866833542007953,results/stage6_v1/domain_wall_candidates/cache/ea0edcfd0e249b7ccba5cd00ad57ac0942886ab3bb9127421cb1485291ccf085.npz
confirmation,8,0.4757,0.044,low_field,B3,631,True,7.927770792040974,19775,5232,0.005020383027203728,2.5204245739835264e-05,0.9999999999999998,0.0,0.9999185663528682,0.0,-4.201816796783359,-4.201983786333766,2.0873693800882442e-05,0.0035307599322359495,0.0023173624142327487,0.0028565328339321475,0.9975857803395294,True,True,True,False,results/stage6_v1/reference_atlas/cache/a22a11e9b6123f82343c9b02dfdfedba3991d5b94f5054c5119c81c618501854.npz,physical,ghz,budget,True,True,True,True,10,66,2160,31,41,7919,2.8182442500256,results/stage6_v1/legacy_b3/adaptive/cache/d28004738e72603bca5cc117080f86f52acdf3cb66baa12689b93e99c14930d7.npz
confirmation,8,0.4757,0.068,low_field,C0,631,False,7.072696416056715,21246,7728,0.10537038394076122,0.01110291781182343,0.9999999999999984,0.0,0.9877712103836269,0.0,-4.233183783038317,-4.246040998388777,0.001607151918807448,0.5680685204587296,0.3259228212275847,0.12734975601863519,0.752832999254974,False,False,False,False,results/stage6_v1/reference_atlas/cache/d3906f419a99030af00d7186f9b8f8b073b5ec42a16e6a9a1f83a627596228ed.npz,physical,plus,budget,True,True,True,False,57,321,2736,128,137,7754,2.8249172079958953,results/stage6_v1/domain_wall_candidates/cache/78897e492d19fe67df0f5dfdb665d0bd4db5e5f35033b5d4ea64d16b9f31024b.npz
confirmation,8,0.4757,0.068,low_field,C1,631,False,11.060537708108313,35594,7488,0.11229822911672432,0.012610892262752312,0.9999999999999993,0.0,0.941157663857433,0.0,-4.234887290985654,-4.246040998388777,0.001394213425390367,0.20670810180717375,0.10768752314716894,0.04287251988762786,0.8878842901692956,False,False,False,False,results/stage6_v1/reference_atlas/cache/d3906f419a99030af00d7186f9b8f8b073b5ec42a16e6a9a1f83a627596228ed.npz,physical,antiphase,budget,True,True,True,False,52,310,2496,128,149,10320,3.061050458054524,results/stage6_v1/domain_wall_candidates/cache/ca2186bec0e160a8a87c01b78b925a6899eb89d33a8775fa938d938e1a2194af.npz
confirmation,8,0.4757,0.068,low_field,H6,631,True,94.70388320711209,135037,30066,0.04976727863754684,0.002476782022987226,1.0000000000000007,0.0,0.9991496216862179,0.0,-4.245121994841329,-4.246040998388777,0.0001148754434310284,0.009335483657008203,0.004482750074225439,0.003865301491358719,0.9975361626741136,True,True,True,False,results/stage6_v1/reference_atlas/cache/d3906f419a99030af00d7186f9b8f8b073b5ec42a16e6a9a1f83a627596228ed.npz,wall,alternating,parameter_cap160,True,True,True,True,160,679,8160,127,264,46214,37.262237291026395,results/stage6_v1/domain_wall_candidates/cache/3282318b5894d55e60f664b7a12be5553741608eb62501f2a09ee27d0d13a660.npz
confirmation,8,0.4757,0.068,low_field,B3,631,False,9.524405959062278,21481,7872,0.11039789480726661,0.012187695177876304,0.9999999999999978,0.0,0.9922355180854576,0.0,-4.235611277375696,-4.246040998388777,0.0013037151266350744,0.47053108743226796,0.26824621455299624,0.10238412886233939,0.8116171086120928,False,False,False,False,results/stage6_v1/reference_atlas/cache/d3906f419a99030af00d7186f9b8f8b073b5ec42a16e6a9a1f83a627596228ed.npz,physical,plus,budget,False,False,True,False,59,323,2832,128,118,7985,3.93975479202345,results/stage6_v1/legacy_b3/adaptive/cache/455ea5942e9d3c2f0ea3541e01f29c7e9ae7c51f78952c10a49976702fb971aa.npz
confirmation,8,0.4757,0.093,low_field,C0,631,False,9.659532748977654,22914,7824,0.13791523871879144,0.01902061307086123,0.9999999999999997,0.0,0.9866575550820033,0.0,-4.32929276813767,-4.341084665060004,0.001473987115291786,0.08300828410157096,0.04780422664028337,0.012324663658152935,0.9632658657292542,False,False,False,False,results/stage6_v1/reference_atlas/cache/f0c5f7e718098b64ecdf4679d175f995a2335662419598141357e380c48d690f.npz,physical,antiphase,budget,True,True,True,False,56,314,2688,128,150,6714,2.6880140830180608,results/stage6_v1/domain_wall_candidates/cache/46ebafe12e22deb9e54a9de3a2fe10388ca171a3d53ffc503921ac2c8f93050b.npz
confirmation,8,0.4757,0.093,low_field,C1,631,False,15.667860416986514,38713,7728,0.1019674045174867,0.010397351584032767,0.9999999999999979,0.0,0.9913405569451657,0.0,-4.335467745567991,-4.341084665060004,0.0007021149365016299,0.01381236020778829,0.008247199288359874,0.004760435912265437,0.9851060677647209,True,False,False,False,results/stage6_v1/reference_atlas/cache/f0c5f7e718098b64ecdf4679d175f995a2335662419598141357e380c48d690f.npz,physical,antiphase,budget,True,True,True,False,53,311,2544,128,143,12044,4.575442333996762,results/stage6_v1/domain_wall_candidates/cache/e1a4594075513c8c9fe9c5a568840ba56c28cb65d30ccb7e48cd412487f8d021.npz
confirmation,8,0.4757,0.093,low_field,H6,631,True,88.94681299896911,137987,28632,0.06629358944692784,0.004394840001757823,0.9999999999999986,0.0,0.9994613358892764,0.0,-4.340086080882509,-4.341084665060004,0.0001248230221868596,0.006696326935749952,0.0024786449321269888,0.00035230597619717585,0.9992892001398596,True,True,True,False,results/stage6_v1/reference_atlas/cache/f0c5f7e718098b64ecdf4679d175f995a2335662419598141357e380c48d690f.npz,wall,alternating,energy_stagnation,True,True,True,True,89,466,4539,127,198,24349,13.418803707987536,results/stage6_v1/domain_wall_candidates/cache/cafe434daa568e2f4b1b71582e45f86b58fe5ce300e38c9be9212c2ff29a5b01.npz
confirmation,8,0.4757,0.093,low_field,B3,631,False,9.697345790977124,21978,7824,0.14665454496480454,0.021507555558833876,0.9999999999999996,0.0,0.966496204182006,0.0,-4.327779885130915,-4.341084665060004,0.001663097491136134,0.055512261802547036,0.03169056287882657,0.011838464375176827,0.9526723787031168,False,False,False,False,results/stage6_v1/reference_atlas/cache/f0c5f7e718098b64ecdf4679d175f995a2335662419598141357e380c48d690f.npz,physical,antiphase,budget,False,False,True,False,56,314,2688,128,135,5655,2.6617644999641925,results/stage6_v1/legacy_b3/adaptive/cache/4a4dda70407795ce820dc69ec1c43b254d4063eaf0b5fa40276eb854ab0e825f.npz
confirmation,8,0.4757,0.138,low_field,C0,631,True,5.8102746669901535,13875,7776,0.1623115182140832,0.026345028944960665,0.9999999999999979,0.0,0.9963373045097919,0.0,-4.513909823828177,-4.5197937591573805,0.0007354919161504103,0.005493668347589575,0.0019102634980605881,0.0016122183597993,0.9962581475751906,True,True,True,False,results/stage6_v1/reference_atlas/cache/1ff584c75777f73ef8d0b599863731e5160272dceada424f1f14c08474ba6842.npz,physical,plus,budget,True,True,True,True,61,325,2928,128,126,6395,2.851298499968834,results/stage6_v1/domain_wall_candidates/cache/b46a5b6ec7a4ff1a2b35bc5c7fd4c35d7a1d6f245caae141cbf4b2aa9717ecf2.npz
confirmation,8,0.4757,0.138,low_field,C1,631,True,11.944112583005335,31881,7632,0.13968615957758918,0.019512223177535707,0.9999999999999972,0.0,0.9936838212988073,0.0,-4.513747726370449,-4.5197937591573805,0.000755754098366479,0.005642689150944415,0.002812827915136873,0.0005495691150690929,0.991815931514566,True,True,True,False,results/stage6_v1/reference_atlas/cache/1ff584c75777f73ef8d0b599863731e5160272dceada424f1f14c08474ba6842.npz,physical,plus,budget,True,True,True,True,59,323,2832,128,137,10886,4.355039042013232,results/stage6_v1/domain_wall_candidates/cache/b874e2125cba3d47a42164bc980e7b6265a295ca699a9d0640c0fd5eccb4fe06.npz
confirmation,8,0.4757,0.138,low_field,H6,631,True,94.57660637493245,126197,31950,0.03660889182259705,0.0013402109604786132,1.0000000000000002,0.0,0.999802898544009,0.0,-4.519433179724897,-4.5197937591573805,4.507242906037767e-05,0.0032496514260931253,0.0006841438320108195,3.2395912632376955e-05,0.9997375222556791,True,True,True,False,results/stage6_v1/reference_atlas/cache/1ff584c75777f73ef8d0b599863731e5160272dceada424f1f14c08474ba6842.npz,wall,empty,parameter_cap160,True,True,True,True,160,686,8160,127,286,37668,31.00613075000001,results/stage6_v1/domain_wall_candidates/cache/7aa0c47bd1dc7e2f01e193bfc0f2296f806fe9ce9bba3fcd16757b6844868a56.npz
confirmation,8,0.4757,0.138,low_field,B3,631,False,5.674978249997366,12572,7728,0.19047184157062005,0.03627952243130338,0.9999999999999983,0.0,0.9960681991675566,0.0,-4.5082638895559874,-4.5197937591573805,0.001441233700174127,0.06929024310735515,0.021858148886510123,0.002309668090978323,0.9871594471582492,False,False,False,False,results/stage6_v1/reference_atlas/cache/1ff584c75777f73ef8d0b599863731e5160272dceada424f1f14c08474ba6842.npz,physical,plus,budget,True,True,True,False,59,323,2832,128,133,4595,2.3517788749886677,results/stage6_v1/legacy_b3/adaptive/cache/c1de2360ceeb70b4fb8efe94aedf87c634f503420b963669f3a322f665d3f5a5.npz
confirmation,8,0.491,0.013,low_field,C0,631,True,6.828140792029444,18523,7488,0.0002342834831591491,5.488875048118329e-08,1.0000000000000009,0.0,0.9999999945915017,0.0,-4.07266700083691,-4.072667663349606,8.281408703236792e-08,5.0421808102996124e-05,3.314172126400727e-05,4.599585703086648e-05,0.9999793610651552,True,True,True,False,results/stage6_v1/reference_atlas/cache/44c3bfeb461306f27105c0bd0d593a114cd13abee739e90a399c47f983b8fb1f.npz,physical,ghz,budget,True,True,True,True,20,140,2448,63,63,1110,0.43349158402998,results/stage6_v1/domain_wall_candidates/cache/57d403b03d364ec148856f316ef30313e5c1aee3311489acf7d37942032357ab.npz
confirmation,8,0.491,0.013,low_field,C1,631,True,8.28744729195023,23916,7200,0.00023986978505219527,5.7537513780986356e-08,0.9999999999999991,0.0,0.9999999982556935,0.0,-4.072667003209853,-4.072667663349606,8.251746919096803e-08,5.033989787150972e-05,3.308000687307633e-05,4.591293409549578e-05,0.9999794834270587,True,True,True,False,results/stage6_v1/reference_atlas/cache/44c3bfeb461306f27105c0bd0d593a114cd13abee739e90a399c47f983b8fb1f.npz,physical,ghz,budget,True,True,True,True,20,140,2304,63,103,3715,1.256119666970335,results/stage6_v1/domain_wall_candidates/cache/5dc2dcd52cc904dbd1c24438bb7673bf2edeb2ffa673d59c25a96a8df62646ed.npz
confirmation,8,0.491,0.013,low_field,H6,631,True,53.64996508305194,80419,29724,0.0002979372767465267,8.876662087513644e-08,0.9999999999999996,0.0,0.9999907331402196,0.0,-4.072667011027624,-4.072667663349606,8.15402477760685e-08,2.9086989311144507e-05,1.946600960234246e-05,3.441950926622202e-05,0.9999859869087622,True,True,True,False,results/stage6_v1/reference_atlas/cache/44c3bfeb461306f27105c0bd0d593a114cd13abee739e90a399c47f983b8fb1f.npz,wall,empty,energy_stagnation,True,True,True,True,31,195,7140,63,76,18144,13.163944915984757,results/stage6_v1/domain_wall_candidates/cache/2a677527f5ed69f7966231eac0a490fa380f02902beb29b5bc8c1b5bfd262f7c.npz
confirmation,8,0.491,0.013,low_field,B3,631,True,3.152016460080631,5644,3216,0.036769552621700466,0.0013519999999999997,0.9999999999999998,0.0,0.9999999999999998,0.0,-4.071999999999999,-4.072667663349606,8.345791870090213e-05,0.0002573037561515168,0.00020886707318901188,0.012929671753085693,0.9995891887149441,True,True,True,False,results/stage6_v1/reference_atlas/cache/44c3bfeb461306f27105c0bd0d593a114cd13abee739e90a399c47f983b8fb1f.npz,physical,ghz,pool_gradient,,True,False,True,0,8,768,7,8,92,0.021901667001657188,results/stage6_v1/legacy_b3/adaptive/cache/ed353430bc745e87f17b8effdcad12c69259ea099d9577ce95b9ec8a062054be.npz
confirmation,8,0.491,0.028,low_field,C0,631,False,10.93678504100535,26601,7680,0.09120407747422447,0.00831818374792434,0.9999999999999987,0.0,0.7927725368533021,0.0,-4.088792361546625,-4.098663548566088,0.0012338983774328183,0.13804168162509411,0.07439673027026608,0.05679603227284635,0.731645447467643,False,False,False,False,results/stage6_v1/reference_atlas/cache/18c5b7da748b7c296d3ea0bb378b6deabb4ea0cf3a7c21f968f2731d1c195ca9.npz,physical,plus,budget,False,False,True,False,56,320,2688,128,138,9343,4.192825791018549,results/stage6_v1/domain_wall_candidates/cache/fc5de459ccbaea9dced279036ecd3b80e2744ece0b7af38286ea746ae6a92b7e.npz
confirmation,8,0.491,0.028,low_field,C1,631,False,15.364613708981778,40430,7392,0.0536724558570571,0.002880732517727743,0.9999999999999992,0.0,0.9308731577868388,0.0,-4.092824305488827,-4.098663548566088,0.0007299053846575587,0.039715126305261195,0.022619332288738914,0.028055715737654974,0.9110875412090672,False,False,False,False,results/stage6_v1/reference_atlas/cache/18c5b7da748b7c296d3ea0bb378b6deabb4ea0cf3a7c21f968f2731d1c195ca9.npz,physical,plus,budget,True,True,True,False,56,320,2688,128,126,14815,6.045494708989281,results/stage6_v1/domain_wall_candidates/cache/08cf65f42a9041725bc29f75ae54353469dcf76f2fd4608979927b3a15aef8c5.npz
confirmation,8,0.491,0.028,low_field,H6,631,True,62.331107124104165,120837,21297,0.027805143303234137,0.0007731259941133862,0.9999999999999981,0.0,0.9967446762025889,0.0,-4.098238558340065,-4.098663548566088,5.3123778252839315e-05,0.012043442634446455,0.0028912666619094474,0.001165537565072261,0.9970106305498696,True,True,True,False,results/stage6_v1/reference_atlas/cache/18c5b7da748b7c296d3ea0bb378b6deabb4ea0cf3a7c21f968f2731d1c195ca9.npz,wall,alternating,energy_stagnation,True,True,True,True,98,505,4998,127,233,32736,18.81074345804518,results/stage6_v1/domain_wall_candidates/cache/70efc6891377d9e1e96a47a3fbcf4d5d0287f270dec193518ceee68fdab0a9e6.npz
confirmation,8,0.491,0.028,low_field,B3,631,False,9.211298916023225,17071,5712,0.0901081828575002,0.008119484617880694,0.9999999999999987,0.0,0.9257043936620146,0.0,-4.088241333621484,-4.098663548566088,0.0013027768680754503,0.43347397111013797,0.2398821629378083,0.11074985872021498,0.6964931414435566,False,False,False,False,results/stage6_v1/reference_atlas/cache/18c5b7da748b7c296d3ea0bb378b6deabb4ea0cf3a7c21f968f2731d1c195ca9.npz,physical,plus,budget,False,False,True,False,58,322,2784,128,124,8491,5.375530124991201,results/stage6_v1/legacy_b3/adaptive/cache/7b3468d3df198a784addbff0003274e11993c07a49cd54ec5cf35a19eaf5ecf4.npz
confirmation,8,0.491,0.044,low_field,C0,631,False,8.38351541600423,24674,7680,0.09294692947502389,0.008639131698835066,0.9999999999999977,0.0,0.972527706204783,0.0,-4.151407186292238,-4.156524152047167,0.0006396207193660741,0.009995631739676714,0.00383065693148682,0.007444759835647852,0.9648250008205895,True,False,False,False,results/stage6_v1/reference_atlas/cache/902d207fdc31f0a63b98aba8be216acc04cda3cf0d432a3bd94e3d2b3e586fcf.npz,physical,plus,budget,True,True,True,False,59,323,2832,128,121,8307,3.1489545829826966,results/stage6_v1/domain_wall_candidates/cache/ceeee6d5518af3945ab152752f5f268a286c16d20cd58afea1f17814b0786864.npz
confirmation,8,0.491,0.044,low_field,C1,631,False,10.864757834002376,35826,7296,0.1034541625189164,0.010702763742490367,0.9999999999999998,0.0,0.9154495846373598,0.0,-4.147802815148807,-4.156524152047167,0.0010901671122950374,0.068485501093557,0.017468312682789436,0.015287520443821423,0.9067885749446961,False,False,False,False,results/stage6_v1/reference_atlas/cache/902d207fdc31f0a63b98aba8be216acc04cda3cf0d432a3bd94e3d2b3e586fcf.npz,physical,antiphase,budget,False,False,True,False,52,310,2496,128,146,15146,4.755594625021331,results/stage6_v1/domain_wall_candidates/cache/7c3da7933dd6cc466a91f2dbc388fc6caef88e484602117005f10092d87675ed.npz
confirmation,8,0.491,0.044,low_field,H6,631,True,67.46176058100536,130996,28029,0.026369392854741883,0.0006953448795277122,0.9999999999999998,0.0,0.9993865728674978,0.0,-4.156214724024945,-4.156524152047167,3.8678502777722557e-05,0.014049364615232873,0.0030971896815587124,0.0005395187278261493,0.9990974059447234,True,True,True,False,results/stage6_v1/reference_atlas/cache/902d207fdc31f0a63b98aba8be216acc04cda3cf0d432a3bd94e3d2b3e586fcf.npz,wall,uniform,energy_stagnation,True,True,True,True,154,667,7854,127,326,44001,25.785757791018113,results/stage6_v1/domain_wall_candidates/cache/7bec0afd2bbd198ea38882f8b0676479ae8535e4fd209c0eb5044e7a62974d80.npz
confirmation,8,0.491,0.044,low_field,B3,631,False,11.861540750018321,20523,5760,0.069288199820223,0.00480085463432715,0.9999999999999993,0.0,0.8259369691206205,0.0,-4.145044433956601,-4.156524152047167,0.0014349647613207672,0.0745005692004439,0.032908941919823784,0.032667694425401295,0.8072227357529499,False,False,False,False,results/stage6_v1/reference_atlas/cache/902d207fdc31f0a63b98aba8be216acc04cda3cf0d432a3bd94e3d2b3e586fcf.npz,physical,plus,budget,True,True,True,False,59,323,2832,128,126,11970,7.249542667006608,results/stage6_v1/legacy_b3/adaptive/cache/ea4b2bbd8c07d58d840f37fbd37425896a5366b377db917763c96627b3bd80a2.npz
confirmation,8,0.491,0.068,low_field,C0,631,False,7.9441484159906395,23352,7632,0.09623669203127366,0.009261500893122212,1.0000000000000002,0.0,0.8559780601300133,0.0,-4.228867589865015,-4.245406376182397,0.00206734828967281,0.06467647925777975,0.025648027624548014,0.02430642048592302,0.8478484833282525,False,False,False,False,results/stage6_v1/reference_atlas/cache/161def81536db2c96ddb8da6777e52bf4bbec4f3c6affe1e86c1c95e4873a04d.npz,physical,ghz,budget,True,True,True,False,49,297,2352,127,136,5399,1.6761012090137228,results/stage6_v1/domain_wall_candidates/cache/7d048f86eb602273afe31b97aea4f0a2fdb30863deac83514bbdf563b0f3655c.npz
confirmation,8,0.491,0.068,low_field,C1,631,False,11.410274041059893,37246,7680,0.12416064096628684,0.015415864765159187,0.9999999999999983,0.0,0.9865350555631279,0.0,-4.240312108285869,-4.245406376182397,0.0006367834870660838,0.0044352224260397755,0.0012293838884773756,0.0011718408532954139,0.9836005750897224,True,False,False,False,results/stage6_v1/reference_atlas/cache/161def81536db2c96ddb8da6777e52bf4bbec4f3c6affe1e86c1c95e4873a04d.npz,physical,plus,budget,True,True,True,False,59,323,2832,128,127,15637,5.217692625010386,results/stage6_v1/domain_wall_candidates/cache/0eb1dfdb1efb9c82963d52f53ace0d5f93b17634f45f09839434129f36f296e0.npz
confirmation,8,0.491,0.068,low_field,H6,631,True,80.36522633297136,128405,29562,0.05758395895406578,0.003315912328823533,1.000000000000001,0.0,0.9968717781689529,0.0,-4.2438136936764606,-4.245406376182397,0.00019908531324208667,0.006626369488589801,0.0025905228169071787,0.0007067240928949059,0.9965638992597003,True,True,True,False,results/stage6_v1/reference_atlas/cache/161def81536db2c96ddb8da6777e52bf4bbec4f3c6affe1e86c1c95e4873a04d.npz,wall,alternating,energy_stagnation,True,True,True,True,110,533,5610,127,217,29636,14.735543457965832,results/stage6_v1/domain_wall_candidates/cache/5c98dc34281a82ec3203a10b25f8e52161bafd5c107a20ac8a2bc93c4b5c75f5.npz
confirmation,8,0.491,0.068,low_field,B3,631,False,21.704756041930523,23597,7776,0.15686779270609302,0.02460750438848177,0.9999999999999984,0.0,0.9941844061006624,0.0,-4.239022173434154,-4.245406376182397,0.0007980253435303508,0.02976328652175997,0.007736705150664658,0.0002132076605289579,0.9909888137342767,False,True,False,False,results/stage6_v1/reference_atlas/cache/161def81536db2c96ddb8da6777e52bf4bbec4f3c6affe1e86c1c95e4873a04d.npz,physical,plus,budget,True,True,True,False,59,323,2832,128,143,9218,10.942899208981544,results/stage6_v1/legacy_b3/adaptive/cache/d024130db4ec481016b499a326a9a4b1c37c22810b1075d2a58015d7dcb51a12.npz
confirmation,8,0.491,0.093,low_field,C0,631,False,7.83532670798013,23090,7872,0.09772887978383311,0.009550933943802905,0.999999999999998,0.0,0.994959787249175,0.0,-4.336034568759126,-4.34070225035998,0.0005834602001068001,0.04550243376021246,0.011140329736768054,4.206610209428474e-05,0.991715428053695,False,True,False,False,results/stage6_v1/reference_atlas/cache/4c5dfeeb48312c105aa57572bdcd39ea7fe3baef1ae9e7fe2d13fb44dd58c262.npz,physical,plus,budget,True,True,True,False,56,320,2688,128,120,8626,3.0424051249865443,results/stage6_v1/domain_wall_candidates/cache/b456d327bb2d3a4c7a9bd8180d534fc2bdd27616dc70e50ea09271d2d70686b5.npz
confirmation,8,0.491,0.093,low_field,C1,631,False,11.051121124997735,35695,7680,0.11310172857245931,0.01279200100607826,0.999999999999999,0.0,0.9894171902602018,0.0,-4.335354566687036,-4.34070225035998,0.0006684604591180587,0.008573500354632668,0.002805466522263697,0.0003602467124075859,0.987214013985431,True,False,False,False,results/stage6_v1/reference_atlas/cache/4c5dfeeb48312c105aa57572bdcd39ea7fe3baef1ae9e7fe2d13fb44dd58c262.npz,physical,plus,budget,True,True,True,False,57,321,2736,128,155,12190,3.8434972499962896,results/stage6_v1/domain_wall_candidates/cache/3f2a7d1923ad04867b7ccda78f60521fb97b21813740da3245b11df7dbd69c18.npz
confirmation,8,0.491,0.093,low_field,H6,631,True,85.0357423319947,139660,32352,0.04176890583787681,0.0017446414948934195,0.999999999999998,0.0,0.998939802166121,0.0,-4.339968397742213,-4.34070225035998,9.1731577220866e-05,0.008773939106587192,0.001931101151988121,0.0005391813408234247,0.998920792488756,True,True,True,False,results/stage6_v1/reference_atlas/cache/4c5dfeeb48312c105aa57572bdcd39ea7fe3baef1ae9e7fe2d13fb44dd58c262.npz,wall,alternating,parameter_cap160,True,True,True,True,160,689,8160,127,325,36008,24.03605483303545,results/stage6_v1/domain_wall_candidates/cache/f7d659a2ac47e03a523565c020530714c3aa7d921af882141a4d59a644ad42cd.npz
confirmation,8,0.491,0.093,low_field,B3,631,False,21.770918000023812,21987,8064,0.1281640175955855,0.016426015406241546,0.9999999999999999,0.0,0.9796719942962127,0.0,-4.329846525250817,-4.34070225035998,0.001356965638645402,0.018102045676651746,0.0057380013086946735,0.005774259865079123,0.9702475148530683,False,False,False,False,results/stage6_v1/reference_atlas/cache/4c5dfeeb48312c105aa57572bdcd39ea7fe3baef1ae9e7fe2d13fb44dd58c262.npz,physical,ghz,budget,True,True,True,False,54,302,2592,127,137,7570,7.67836304201046,results/stage6_v1/legacy_b3/adaptive/cache/27a2f72c5e2e1c1a80f21f21e14385f3cd30f7c535b4ba8e9139733532b8096d.npz
confirmation,8,0.491,0.138,low_field,C0,631,False,6.973573832947295,18475,8016,0.17214111127115747,0.029632562189669018,0.9999999999999991,0.0,0.9936346354015537,0.0,-4.508785398997775,-4.519408711009509,0.0013279140014668123,0.0651113212934995,0.01731939612795183,0.0009794100419028284,0.9858900005210912,False,False,False,False,results/stage6_v1/reference_atlas/cache/68daaea62325bab4e3adc617e7ab12ff5f61afb42ba4e5c67aec9f60894fb486.npz,physical,plus,budget,False,False,True,False,60,324,2880,128,124,7618,3.206953082990367,results/stage6_v1/domain_wall_candidates/cache/296b5182336e43e11aad852106a9869d8eb72af57198516c98fc6f42d5671038.npz
confirmation,8,0.491,0.138,low_field,C1,631,True,9.573266124993097,31389,7776,0.13375458407193225,0.017890288760255592,0.9999999999999993,0.0,0.9962942296456205,0.0,-4.514540657466219,-4.519408711009509,0.0006085066929113481,0.003093824853129923,0.001330489591323064,0.0006182408912099868,0.9964392031830037,True,True,True,False,results/stage6_v1/reference_atlas/cache/68daaea62325bab4e3adc617e7ab12ff5f61afb42ba4e5c67aec9f60894fb486.npz,physical,plus,budget,True,True,True,True,56,320,2688,128,147,10753,3.4104636249830946,results/stage6_v1/domain_wall_candidates/cache/36c876c2690bd0f2cc2fca53945bd0e4617b2a51e13577a1c00400802cd3741f.npz
confirmation,8,0.491,0.138,low_field,H6,631,True,66.95644383394392,115482,29640,0.04299691489610353,0.0018487346905827695,1.0,0.0,0.9997412942876339,0.0,-4.518972478337684,-4.519408711009509,5.4529083978183124e-05,0.0032449316619233004,0.0005427939528771519,0.0003186669866154235,0.9997268783162456,True,True,True,False,results/stage6_v1/reference_atlas/cache/68daaea62325bab4e3adc617e7ab12ff5f61afb42ba4e5c67aec9f60894fb486.npz,wall,alternating,energy_stagnation,True,True,True,True,104,513,5304,127,225,25347,12.573089250014164,results/stage6_v1/domain_wall_candidates/cache/003aa53e66f5e994716580d92f4cb504f5ccf6c844cf4be29e218318e986de59.npz
confirmation,8,0.491,0.138,low_field,B3,631,False,20.005707292002626,17983,8112,0.17364310203168795,0.030151926883187193,1.0000000000000002,0.0,0.9863787999017419,0.0,-4.509061116918752,-4.519408711009509,0.0012934492613446702,0.012413817543795225,0.0035604725175145124,0.0006405517296736996,0.9858956792452984,False,False,False,False,results/stage6_v1/reference_atlas/cache/68daaea62325bab4e3adc617e7ab12ff5f61afb42ba4e5c67aec9f60894fb486.npz,physical,ghz,budget,True,True,True,False,52,300,2496,127,133,3668,3.3584685000241734,results/stage6_v1/legacy_b3/adaptive/cache/fb6a7cdf664293e8bc9bc483ce5759bff78bcd745b338421901944770e4975fa.npz
confirmation,8,0.507,0.013,low_field,C0,631,True,4.043931916996371,11633,7248,0.00038820979321815136,1.5070684355047984e-07,0.9999999999999991,0.0,0.9999913717235929,0.0,-4.056667807235922,-4.056670054509875,2.8090924419910124e-07,0.000224673080280402,6.963862794878706e-05,0.00015410993735203576,0.9998583926509027,True,True,True,False,results/stage6_v1/reference_atlas/cache/0f01d30e738660720d474689185bb1e397d50c084c0375b2c090ce38676b0fc4.npz,physical,antiphase,budget,True,True,True,True,25,155,2208,64,78,991,0.31451395800104365,results/stage6_v1/domain_wall_candidates/cache/c00ca57fc43764d8ecc259aa90469df07c0d12105da22d7dc17fefd1258134ce.npz
confirmation,8,0.507,0.013,low_field,C1,631,True,6.798143916937988,22619,6960,0.000389983553946618,1.520871723488347e-07,1.0,0.0,0.9999913652993196,0.0,-4.056667807317083,-4.056670054509875,2.808990989811022e-07,0.00022466028052225973,6.963377708918417e-05,0.00015410859185801054,0.9998584066642784,True,True,True,False,results/stage6_v1/reference_atlas/cache/0f01d30e738660720d474689185bb1e397d50c084c0375b2c090ce38676b0fc4.npz,physical,antiphase,budget,True,True,True,True,25,155,2256,64,69,2969,0.8597484169877134,results/stage6_v1/domain_wall_candidates/cache/356365a30750ccad4e22f3c0ade1487f848c70bfebb2285702f5f617610859a7.npz
confirmation,8,0.507,0.013,low_field,H6,631,True,55.724721584061626,80557,29586,0.0003102413111293947,9.624967113128589e-08,1.0000000000000002,0.0,1.388957780380226e-06,0.0,-4.056668746936911,-4.056670054509875,1.6344662057132808e-07,0.00019775251034170882,5.996150750942064e-05,0.00011554027223732027,0.4999631164563722,True,False,False,False,results/stage6_v1/reference_atlas/cache/0f01d30e738660720d474689185bb1e397d50c084c0375b2c090ce38676b0fc4.npz,wall,alternating,energy_stagnation,True,True,True,False,40,225,8058,63,78,13712,11.46717262500897,results/stage6_v1/domain_wall_candidates/cache/94f8d4b5f0494fb323f0df2a0454653400f71f245fee3a87f658ac745ca6948e.npz
confirmation,8,0.507,0.013,low_field,B3,631,True,8.070360208919737,11175,5376,0.03676955262170046,0.001351999999999999,0.9999999999999996,0.0,0.9999999999999996,0.0,-4.055999999999998,-4.056670054509875,8.375681373462562e-05,0.00040743185003533355,0.00013816273249561695,0.013018579217957654,0.9994850466371783,True,True,True,False,results/stage6_v1/reference_atlas/cache/0f01d30e738660720d474689185bb1e397d50c084c0375b2c090ce38676b0fc4.npz,physical,antiphase,pool_gradient,,True,False,True,0,14,384,6,7,36,0.02041816699784249,results/stage6_v1/legacy_b3/adaptive/cache/2d06b99b95b67c73feb82975266ee4d7857f1a5ae6cf0f392816dd81cf2d4966.npz
confirmation,8,0.507,0.028,low_field,C0,631,False,6.855513417045586,15509,7200,0.055746229406614084,0.003107642093054845,1.0000000000000004,0.0,0.8172340650543424,0.0,-4.0912250642983885,-4.0986451451323145,0.0009275101042407474,0.03914094294163961,0.010803722035604563,0.028483656578093763,0.8176170470859915,False,False,False,False,results/stage6_v1/reference_atlas/cache/388b78ec98d95214a035abd39d703ec8e254675a2b1a20539554b8261ff64e7e.npz,physical,ghz,budget,True,True,True,False,52,300,2496,127,146,7005,3.072808833036106,results/stage6_v1/domain_wall_candidates/cache/5d83811e96092f688665134da568385106ee074e007d0b5d83b8e718dc0f50e5.npz
confirmation,8,0.507,0.028,low_field,C1,631,False,18.961668958014343,40477,7632,0.056356754783529146,0.0031760838097308355,0.9999999999999992,0.0,0.9813218223295672,0.0,-4.096444476572378,-4.0986451451323145,0.00027508356999206285,0.011586356111124574,0.0022156150630483207,0.00538026416320686,0.9779521000197023,True,False,False,False,results/stage6_v1/reference_atlas/cache/388b78ec98d95214a035abd39d703ec8e254675a2b1a20539554b8261ff64e7e.npz,physical,plus,budget,True,True,True,False,55,319,2640,128,134,14191,6.562806540983729,results/stage6_v1/domain_wall_candidates/cache/427eb628f98eb2b9dc430ab962a86814adc963b5b2ce09f1189971eb41638f39.npz
confirmation,8,0.507,0.028,low_field,H6,631,True,92.61248854309088,131361,28518,0.02697725692794514,0.000727772391356364,1.0,0.0,0.9972190402861776,0.0,-4.098296462344112,-4.0986451451323145,4.358534852533236e-05,0.002969426907759587,0.0008299610877249008,0.0006898905821176582,0.9977110762373725,True,True,True,False,results/stage6_v1/reference_atlas/cache/388b78ec98d95214a035abd39d703ec8e254675a2b1a20539554b8261ff64e7e.npz,wall,empty,energy_stagnation,True,True,True,True,99,497,5049,127,234,31616,18.757062083983328,results/stage6_v1/domain_wall_candidates/cache/8402bb02395654cc75d32f19229afba4d634ff7dd47a729cd38fb0ab169a40cb.npz
confirmation,8,0.507,0.028,low_field,B3,631,False,11.23631262499839,9660,5568,0.055734766090604466,0.0031063641511743937,1.0,0.0,0.8172157914623213,0.0,-4.091225064244092,-4.0986451451323145,0.0009275101110277628,0.0391347992657991,0.01080202620986949,0.028485915372774617,0.8175989502922614,False,False,False,False,results/stage6_v1/reference_atlas/cache/388b78ec98d95214a035abd39d703ec8e254675a2b1a20539554b8261ff64e7e.npz,physical,ghz,budget,True,True,True,False,52,300,2496,127,148,6947,8.021336374979,results/stage6_v1/legacy_b3/adaptive/cache/4d9e1017b0d29187217abeb38316c1ab992bf4c061f5cf9fbc2823881944f19f.npz
confirmation,8,0.507,0.044,low_field,C0,631,False,9.078057208040264,21636,7584,0.09668734834787536,0.009348443330543396,1.0000000000000004,0.0,0.9107154503175675,0.0,-4.1476771511781685,-4.156508433826866,0.0011039103310871434,0.05157241005106272,0.014052320884404473,0.014604420229379467,0.9102989169437182,False,False,False,False,results/stage6_v1/reference_atlas/cache/6c303e3037878295103d4a5eb8c073410aa72d322014320a28a457f8de339ef7.npz,physical,ghz,budget,True,True,True,False,51,299,2448,127,146,5654,2.4054482500068843,results/stage6_v1/domain_wall_candidates/cache/defca64c7fada9440300221e2c9805b713dd07511132e2bc1cc0c6b1835b5b35.npz
confirmation,8,0.507,0.044,low_field,C1,631,False,16.528337833064143,41871,7776,0.05254057401416182,0.002760511917737616,0.9999999999999992,0.0,0.9751244785815538,0.0,-4.152501445777538,-4.156508433826866,0.0005008735061658998,0.014158791939414495,0.004471413644848737,0.008326270104999645,0.9719721945446254,True,False,False,False,results/stage6_v1/reference_atlas/cache/6c303e3037878295103d4a5eb8c073410aa72d322014320a28a457f8de339ef7.npz,physical,ghz,budget,True,True,True,False,53,301,2544,127,147,16894,6.737080833001528,results/stage6_v1/domain_wall_candidates/cache/5f43eb97b3d29f08c937dd82e1421f187652ced5255a5b6ccc835a7315ee3f08.npz
confirmation,8,0.507,0.044,low_field,H6,631,True,70.12639941606903,114319,24873,0.014319507937203253,0.00020504830756362696,0.999999999999998,0.0,0.9993192986852688,0.0,-4.156315896904121,-4.156508433826866,2.406711534308492e-05,0.010432212705458799,0.002103804546304086,0.0005124914399332603,0.9991555454905293,True,True,True,False,results/stage6_v1/reference_atlas/cache/6c303e3037878295103d4a5eb8c073410aa72d322014320a28a457f8de339ef7.npz,wall,alternating,energy_stagnation,True,True,True,True,89,484,4539,127,221,30266,17.697314999997616,results/stage6_v1/domain_wall_candidates/cache/6435bb544e1a79e43c27ac61264da535cd38ab2f297e228c7073c654cb22c905.npz
confirmation,8,0.507,0.044,low_field,B3,631,False,13.08032624993939,13185,5760,0.09668899860764892,0.009348762451749934,0.9999999999999998,0.0,0.9107164385911464,0.0,-4.1476771507814885,-4.156508433826866,0.0011039103806721462,0.05157159108860865,0.014051804854948807,0.014603982324401799,0.9103008930647457,False,False,False,False,results/stage6_v1/reference_atlas/cache/6c303e3037878295103d4a5eb8c073410aa72d322014320a28a457f8de339ef7.npz,physical,ghz,budget,True,True,True,False,51,299,2448,127,144,5558,5.102626041974872,results/stage6_v1/legacy_b3/adaptive/cache/27300fabbb9b488ac804d239091df7a81ab75ce2b3c161838f3710e619dc1fef.npz
confirmation,8,0.507,0.068,low_field,C0,631,False,13.208561958104838,30160,7968,0.11506929230379914,0.013240942031297168,1.0000000000000004,0.0,0.9341989983189488,0.0,-4.233638998950349,-4.245388609403061,0.0014687013065889376,0.05341977678751142,0.015765411887888298,0.011276574064966405,0.9317267633220593,False,False,False,False,results/stage6_v1/reference_atlas/cache/4b73b43e116c06680fa8b230accd95412c433392ac58f07b5e2a7f62a639c9da.npz,physical,ghz,budget,False,False,True,False,54,302,2592,127,136,10104,4.371830333024263,results/stage6_v1/domain_wall_candidates/cache/4e8c8f9a688d6c81ef0c093c7d937cf2756220cd456d41f6da326e7c86b6b122.npz
confirmation,8,0.507,0.068,low_field,C1,631,False,15.592557500989642,39268,7632,0.1459715914412036,0.021307705507877667,0.9999999999999994,0.0,0.9886161927502561,0.0,-4.239065521516588,-4.245388609403061,0.0007903859858090501,0.004404330957312741,0.0010749415189125339,0.0002254223618173845,0.9866494961024274,True,False,False,False,results/stage6_v1/reference_atlas/cache/4b73b43e116c06680fa8b230accd95412c433392ac58f07b5e2a7f62a639c9da.npz,physical,antiphase,budget,False,False,True,False,54,312,2592,128,142,12202,4.913753625005484,results/stage6_v1/domain_wall_candidates/cache/ef60aea3bd7852bec48398ddcc8a403303ed389b966ce225ea4f9902c8c3fd01.npz
confirmation,8,0.507,0.068,low_field,H6,631,True,83.51386037503835,131053,29643,0.053901083035594995,0.0029053267524101066,1.0000000000000002,0.0,0.9983918847904953,0.0,-4.244506783936011,-4.245388609403061,0.00011022818338124463,0.002771941345102169,0.0010527247886701757,0.00013008890590021638,0.9985132180774224,True,True,True,False,results/stage6_v1/reference_atlas/cache/4b73b43e116c06680fa8b230accd95412c433392ac58f07b5e2a7f62a639c9da.npz,wall,alternating,energy_stagnation,True,True,True,True,122,569,6222,127,237,38650,22.165215916989837,results/stage6_v1/domain_wall_candidates/cache/e01bbba4587b773bffa42113088ea75528ab6a196df26118e391a34755c733d7.npz
confirmation,8,0.507,0.068,low_field,B3,631,False,21.647539582976606,25261,8112,0.13856187287936614,0.01919939261583762,1.0000000000000002,0.0,0.9899549956338646,0.0,-4.238527653207855,-4.245388609403061,0.0008576195244006657,0.004280370860753779,0.0012393218133121137,0.0016087079742768684,0.987652083540739,True,False,False,False,results/stage6_v1/reference_atlas/cache/4b73b43e116c06680fa8b230accd95412c433392ac58f07b5e2a7f62a639c9da.npz,physical,ghz,budget,False,False,True,False,54,302,2592,127,136,8685,6.962501292000525,results/stage6_v1/legacy_b3/adaptive/cache/aa4ad01ce7f00b6092576910fcb87e114c6e5fd506ffbc4523cc379778c523af.npz
confirmation,8,0.507,0.093,low_field,C0,631,True,8.55518133402802,22313,7920,0.12250481189447202,0.015007428937299972,0.9999999999999977,0.0,0.9974848107434295,0.0,-4.336497600327293,-4.340690137831751,0.0005240671880571979,0.017468544539137043,0.003559433932546624,0.0005677938944876892,0.9958242628341811,True,True,True,False,results/stage6_v1/reference_atlas/cache/688beb6d1d5acd3e71b2c9883835215e0c880cc802291d087753b8f5e4b36892.npz,physical,plus,budget,True,True,True,True,57,321,2736,128,131,7217,3.0049555840087123,results/stage6_v1/domain_wall_candidates/cache/c902837faac60642fcbd691f0d5ff74038e12f56a0d0030015caedf03b03d033.npz
confirmation,8,0.507,0.093,low_field,C1,631,False,12.68689858308062,34684,7680,0.11929278385161668,0.014230768279068537,0.9999999999999973,0.0,0.9898626294647239,0.0,-4.335135847127029,-4.340690137831751,0.0006942863380902109,0.001860059735003916,0.0005379588488982345,0.0025001434243585585,0.989078364527267,True,False,False,False,results/stage6_v1/reference_atlas/cache/688beb6d1d5acd3e71b2c9883835215e0c880cc802291d087753b8f5e4b36892.npz,physical,plus,budget,True,True,True,False,54,318,2592,128,122,12027,4.154614667000715,results/stage6_v1/domain_wall_candidates/cache/c65311a531ddacfa8af85173b51850df5c7bd43a1d740aa6e85bf3031aa43b05.npz
confirmation,8,0.507,0.093,low_field,H6,631,True,74.48078700108454,127137,29289,0.048257463864737796,0.002328782818656474,0.9999999999999994,0.0,0.9989524148601706,0.0,-4.339865024064039,-4.340690137831751,0.00010313922096394368,0.00030646392606015237,0.0001087037564920651,0.000610433826776835,0.9989766456783541,True,True,True,False,results/stage6_v1/reference_atlas/cache/688beb6d1d5acd3e71b2c9883835215e0c880cc802291d087753b8f5e4b36892.npz,wall,uniform,energy_stagnation,True,True,True,True,99,510,5049,127,214,30115,15.406866584031377,results/stage6_v1/domain_wall_candidates/cache/5ab067102126fafaeb7d74c5ba252734329baf6c460f45b5db450c48b508b4a4.npz
confirmation,8,0.507,0.093,low_field,B3,631,True,22.990863875951618,22240,7920,0.122505171072056,0.015007516939393705,0.9999999999999977,0.0,0.9974858115694087,0.0,-4.336497600948087,-4.340690137831751,0.0005240671104579375,0.017487118295823834,0.0035654819842497187,0.0005679586810927728,0.9958228295238003,True,True,True,False,results/stage6_v1/reference_atlas/cache/688beb6d1d5acd3e71b2c9883835215e0c880cc802291d087753b8f5e4b36892.npz,physical,plus,budget,False,False,True,True,57,321,2736,128,130,7304,7.444784291961696,results/stage6_v1/legacy_b3/adaptive/cache/325633969d17dda096bc8dd79181736a1a32870a33963c8a91ca20f2501d6ad3.npz
confirmation,8,0.507,0.138,low_field,C0,631,False,5.838972499943338,15431,7872,0.17329737489501904,0.030031980145504775,0.9999999999999992,0.0,0.9929348742086591,0.0,-4.511176585876478,-4.519448043213758,0.0010339321671599677,0.023630650710061984,0.00704414970423721,0.0023836363320902665,0.992197828040232,False,True,False,False,results/stage6_v1/reference_atlas/cache/7c1e84a73bada3843ccdfec0046b52b53cf32b3bf6569796d0b98c0f5fd8224d.npz,physical,plus,budget,True,True,True,False,58,322,2784,128,141,5868,2.506638082966674,results/stage6_v1/domain_wall_candidates/cache/c6f458be6397e6b83009b5a6c3f2fc7ed705ebd2b81397fab53798987008816b.npz
confirmation,8,0.507,0.138,low_field,C1,631,False,13.079526374989655,34479,7776,0.13592347312384,0.01847519054604726,0.9999999999999987,0.0,0.9923754301118324,0.0,-4.51251786525567,-4.519448043213758,0.0008662722447609905,0.029579962121150327,0.008675183172842257,0.00034237213603238725,0.9913406106639657,False,True,False,False,results/stage6_v1/reference_atlas/cache/7c1e84a73bada3843ccdfec0046b52b53cf32b3bf6569796d0b98c0f5fd8224d.npz,physical,antiphase,budget,True,True,True,False,52,310,2496,128,141,10141,3.6026796249789186,results/stage6_v1/domain_wall_candidates/cache/90ae790db3364f97cf6bcdff150443fbb1123b88728f57c8137493e2cec303a7.npz
confirmation,8,0.507,0.138,low_field,H6,631,True,48.516946040908806,91501,24039,0.07045549751886655,0.004963977130631011,0.999999999999999,0.0,0.9987434909196606,0.0,-4.518000189471927,-4.519448043213758,0.0001809817177288453,0.003362183631211435,0.0008071929506051831,0.0008773080287460822,0.9988248125277243,True,True,True,False,results/stage6_v1/reference_atlas/cache/7c1e84a73bada3843ccdfec0046b52b53cf32b3bf6569796d0b98c0f5fd8224d.npz,wall,uniform,energy_stagnation,True,True,True,True,78,431,3978,127,216,21119,9.359933957981411,results/stage6_v1/domain_wall_candidates/cache/5ab4b6535f9edafb50f055b9426720fc477a3f7109dd143936bd57bbda5bba0a.npz
confirmation,8,0.507,0.138,low_field,B3,631,False,14.559513707994483,14808,7872,0.17329744017398965,0.030032002770857522,0.9999999999999984,0.0,0.9929349328168962,0.0,-4.511176586181682,-4.519448043213758,0.001033932129009485,0.023629184470633335,0.00704378605154761,0.0023837333794214377,0.9921979090940644,False,True,False,False,results/stage6_v1/reference_atlas/cache/7c1e84a73bada3843ccdfec0046b52b53cf32b3bf6569796d0b98c0f5fd8224d.npz,physical,plus,budget,True,True,True,False,58,322,2784,128,140,6077,6.526753332989756,results/stage6_v1/legacy_b3/adaptive/cache/f845fe7e209380a93ff7094d2bdc6e38c82919b6846f57b1c697b34d2e1da9df.npz
confirmation,8,0.523,0.013,low_field,C0,631,True,3.9790085420245305,10375,7152,0.00017759958132216813,3.154161128580941e-08,0.9999999999999972,0.0,1.1866163933932902e-07,0.0,-4.184646813479308,-4.18464696695061,1.9183912791653768e-08,4.2422244450612823e-07,1.403570056845993e-07,6.2822468358259e-06,0.5000000160604516,True,False,False,False,results/stage6_v1/reference_atlas/cache/3b9dbf88b58207d022dfe3c7cc7d361f99198495dfeb0cb360394c1af3863226.npz,physical,plus,budget,True,True,True,False,23,159,2400,64,66,755,0.25772837502881885,results/stage6_v1/domain_wall_candidates/cache/8e990feb634b2b8b856e644163fa91d7df65ffbd56f3e91aa8e6041643b3cda8.npz
confirmation,8,0.523,0.013,low_field,C1,631,True,9.50316420791205,28680,7344,0.00017079256523273598,2.9170100338778376e-08,1.0000000000000004,0.0,0.999999993527064,0.0,-4.184646947548272,-4.18464696695061,2.4252923003231786e-09,2.1067121480644602e-07,6.73060484013277e-08,5.899166051342997e-07,0.9999999204082886,True,True,True,False,results/stage6_v1/reference_atlas/cache/3b9dbf88b58207d022dfe3c7cc7d361f99198495dfeb0cb360394c1af3863226.npz,physical,antiphase,budget,True,True,True,True,51,309,2448,128,152,2728,0.8620361249777488,results/stage6_v1/domain_wall_candidates/cache/4b329dbfba71c7e9785049de7cda19ee13b3707532a4fb5146420ab9a1edd622.npz
confirmation,8,0.523,0.013,low_field,H6,631,True,14.619881958002225,35207,14445,0.0002577592776119664,6.643984519504275e-08,1.0000000000000004,0.0,7.11710806215453e-08,0.0,-4.184646804939377,-4.18464696695061,2.025140410921722e-08,4.3454092923944643e-07,1.4285398469704447e-07,6.557612971292565e-06,0.49999998706084464,True,False,False,False,results/stage6_v1/reference_atlas/cache/3b9dbf88b58207d022dfe3c7cc7d361f99198495dfeb0cb360394c1af3863226.npz,wall,alternating,energy_stagnation,True,True,True,False,23,134,1173,37,44,768,0.1334163750289008,results/stage6_v1/domain_wall_candidates/cache/71a6a75b67e1b7cfb013ed4474b15e6d9ae8824b8a2d94185cf5302c8e9f9c4f.npz
confirmation,8,0.523,0.013,low_field,B3,631,True,12.756919457984623,15951,5424,0.03676955262170046,0.001351999999999999,0.9999999999999996,0.0,0.9999999999999996,0.0,-4.183999999999998,-4.18464696695061,8.087086882646588e-05,0.00015823096096068134,5.931556491850509e-05,0.012455360335939594,0.9996870583316595,True,True,True,False,results/stage6_v1/reference_atlas/cache/3b9dbf88b58207d022dfe3c7cc7d361f99198495dfeb0cb360394c1af3863226.npz,physical,antiphase,pool_gradient,,True,False,True,0,14,384,6,7,37,0.026762916997540742,results/stage6_v1/legacy_b3/adaptive/cache/c0cbb5213155f4ac4969394ff08423c40cdcd430115852f26314b1df624af371.npz
confirmation,8,0.523,0.028,low_field,C0,631,True,4.509661166113801,12895,7104,0.0015500254872681627,2.4025790111809053e-06,0.9999999999999993,0.0,0.9999846671034864,0.0,-4.187007088719522,-4.187014710031005,9.526639354051625e-07,8.447232820263384e-05,2.9127224618119563e-05,0.0001602092424855435,0.9999429148454179,True,True,True,False,results/stage6_v1/reference_atlas/cache/b45e163837712ae5bf0ff0f93abf684294e0ec659ecd79f68fd10db3e87481c9.npz,physical,antiphase,budget,True,True,True,True,25,155,2208,64,76,2564,0.841615833051037,results/stage6_v1/domain_wall_candidates/cache/02739c8a6406b0ff1feaacc226a1c066bc2eeb5a5dc93119f4519549d59593dc.npz
confirmation,8,0.523,0.028,low_field,C1,631,True,8.168642500939313,25876,7152,0.0015185629019355857,2.3060332871350274e-06,0.9999999999999993,0.0,0.9999846068749222,0.0,-4.18700719384751,-4.187014710031005,9.395229368935887e-07,8.301357046180957e-05,2.8583687478933584e-05,0.00015701032531483666,0.9999437284405693,True,True,True,False,results/stage6_v1/reference_atlas/cache/b45e163837712ae5bf0ff0f93abf684294e0ec659ecd79f68fd10db3e87481c9.npz,physical,antiphase,budget,True,True,True,True,25,155,2208,64,66,5021,1.4853290419559926,results/stage6_v1/domain_wall_candidates/cache/a29483ba44eac98f49410ff1b21615d806d12c9f85527dbde5c2772062afaa21.npz
confirmation,8,0.523,0.028,low_field,H6,631,True,76.15415395703167,111106,29952,0.001202544975899282,1.4461144190606047e-06,1.000000000000001,0.0,3.6412571092013363e-06,0.0,-4.187009956843898,-4.187014710031005,5.941483883775689e-07,4.4185023344800456e-05,1.4220696701872093e-05,0.00010537128753759784,0.49999744835271653,True,False,False,False,results/stage6_v1/reference_atlas/cache/b45e163837712ae5bf0ff0f93abf684294e0ec659ecd79f68fd10db3e87481c9.npz,wall,alternating,energy_stagnation,True,True,True,False,38,215,7089,63,77,14046,10.149839624995366,results/stage6_v1/domain_wall_candidates/cache/c711c7d16ec4808e428ff6c15dad264a2ba0bb17d63d5cd594147d418302fe3c.npz
confirmation,8,0.523,0.028,low_field,B3,631,True,7.742329957894981,9036,5424,0.0020329943168257525,4.133065892245808e-06,0.9999999999999994,0.0,0.9999999999151326,0.0,-4.187001308280076,-4.187014710031005,1.6752188661817158e-06,0.00012072844743793443,4.272616767098114e-05,0.00026364226742697783,0.9999023847098784,True,True,True,False,results/stage6_v1/reference_atlas/cache/b45e163837712ae5bf0ff0f93abf684294e0ec659ecd79f68fd10db3e87481c9.npz,physical,antiphase,energy_stagnation,True,True,True,True,13,79,624,32,28,128,0.06654049997450784,results/stage6_v1/legacy_b3/adaptive/cache/95ac9cd8f7829ef4c35c8aa1df6c7136ecab4046531e36dc2d280659125510ba.npz
confirmation,8,0.523,0.044,low_field,C0,631,True,5.2230250829597935,13535,7200,0.004671064569719232,2.1818844214486312e-05,0.9999999999999997,0.0,0.9999938697995008,0.0,-4.19149461152099,-4.191556559307418,7.743473303567505e-06,0.0032370971342015054,0.0009791742532294645,0.001723040108694729,0.998440078189908,True,True,True,False,results/stage6_v1/reference_atlas/cache/02a8696629279ed003469c5e0489dae1c1879a296dc660dcff77b902d8572392.npz,physical,antiphase,budget,False,False,True,True,46,304,2208,128,149,5134,1.8064722499693744,results/stage6_v1/domain_wall_candidates/cache/b9556a6922d4c7a822624655bc35588f13532f940cd3a8d1a09161a4f8c8f238.npz
confirmation,8,0.523,0.044,low_field,C1,631,True,12.279844834003597,33122,7200,0.004724388619121923,2.2319847824488753e-05,0.9999999999999994,0.0,0.9999903724812893,0.0,-4.191495474451689,-4.191556559307418,7.635606966149844e-06,0.0032302314772983953,0.0009776110335543708,0.00171725020883505,0.998468809287194,True,True,True,False,results/stage6_v1/reference_atlas/cache/02a8696629279ed003469c5e0489dae1c1879a296dc660dcff77b902d8572392.npz,physical,antiphase,budget,True,True,True,True,46,304,2208,128,141,8381,3.663474542030599,results/stage6_v1/domain_wall_candidates/cache/e5febb69925357d52db4576c5f8c1c855d2ddd50071077e5652af162add2fd29.npz
confirmation,8,0.523,0.044,low_field,H6,631,True,80.8422936249408,122840,30099,0.003250541398064412,1.0566019380530543e-05,1.0000000000000004,0.0,0.00041673832337526097,0.0,-4.191492187214374,-4.191556559307418,8.046511630555031e-06,0.0026662665404040276,0.000802745620007983,0.0015823314056147564,0.500003463049691,True,False,False,False,results/stage6_v1/reference_atlas/cache/02a8696629279ed003469c5e0489dae1c1879a296dc660dcff77b902d8572392.npz,wall,alternating,parameter_cap160,True,True,True,False,160,695,8160,127,280,44434,30.571249499975238,results/stage6_v1/domain_wall_candidates/cache/c6ba3d64dc1d788b1bd76aa05baeeab4fa31a265e31ef8b9a567dc89e02c9a46.npz
confirmation,8,0.523,0.044,low_field,B3,631,True,10.763178749009967,13082,5616,0.005042883859552053,2.5430677620930615e-05,1.0000000000000004,0.0,0.9999999987048299,0.0,-4.191423059511238,-4.191556559307418,1.6687474522547596e-05,0.0036875171864793055,0.0011474476547357892,0.0025550786117105873,0.9973824140629548,True,True,True,False,results/stage6_v1/reference_atlas/cache/02a8696629279ed003469c5e0489dae1c1879a296dc660dcff77b902d8572392.npz,physical,antiphase,energy_stagnation,True,True,True,True,13,79,624,32,31,142,0.07491133298026398,results/stage6_v1/legacy_b3/adaptive/cache/f196023d5bae790474bf99a1b3998b8d94ac0d660867c55fa890acdaf6ec133b.npz
confirmation,8,0.523,0.068,low_field,C0,631,False,6.816631748981308,18704,7440,0.16041858895518962,0.025734123682374085,0.9999999999999998,0.0,0.9207018598941195,0.0,-4.231344183649588,-4.2457052533705655,0.001795133715122188,0.021021873716447925,0.009768017952474617,0.008031708555128636,0.911608640320112,False,False,False,False,results/stage6_v1/reference_atlas/cache/ed158001bebe852f26c432556cc8ee7aec7e8bae8fd0b9e71e6e048dd2cccd35.npz,physical,ghz,budget,True,True,True,False,53,301,2544,127,134,7511,2.6703430420020595,results/stage6_v1/domain_wall_candidates/cache/cf912044c46871c24dff66b466a3853ebfa10437c8d96ddcdb715cbb248fc37c.npz
confirmation,8,0.523,0.068,low_field,C1,631,False,11.804217418015469,35285,7632,0.11177417351806487,0.012493465865646475,0.9999999999999981,0.0,0.9921750547454892,0.0,-4.241213442805094,-4.2457052533705655,0.000561476320683929,0.009959068149440765,0.004633859070737087,0.00014753692502855742,0.982744251966974,True,False,False,False,results/stage6_v1/reference_atlas/cache/ed158001bebe852f26c432556cc8ee7aec7e8bae8fd0b9e71e6e048dd2cccd35.npz,physical,plus,budget,True,True,True,False,56,320,2688,128,139,10498,3.5888790839817375,results/stage6_v1/domain_wall_candidates/cache/4067a466455d5c32799cd3805ec129447d38869a21bcc6bc0b874aba30d14790.npz
confirmation,8,0.523,0.068,low_field,H6,631,True,71.03513708198443,125583,30543,0.056605501460276555,0.003204182795569371,0.9999999999999984,0.0,0.99844959594847,0.0,-4.244451829709463,-4.2457052533705655,0.00015667795763785186,0.01409120399345476,0.004212523520477095,0.0009686339035577807,0.9906879768990391,True,True,True,False,results/stage6_v1/reference_atlas/cache/ed158001bebe852f26c432556cc8ee7aec7e8bae8fd0b9e71e6e048dd2cccd35.npz,wall,uniform,parameter_cap160,True,True,True,True,160,675,8160,127,320,39824,25.787969666009303,results/stage6_v1/domain_wall_candidates/cache/73d755146f88af572ed3abb504daaffaceb17b850a1bda50cb56c0d7d473e7f1.npz
confirmation,8,0.523,0.068,low_field,B3,631,False,23.029918541025836,21422,7632,0.09417878016529999,0.008869642633423902,0.9999999999999989,0.0,0.9755876537394608,0.0,-4.238816296032107,-4.2457052533705655,0.0008611196673072863,0.04380949189084116,0.011817361074130894,0.005865493213402462,0.9699218316064696,False,False,False,False,results/stage6_v1/reference_atlas/cache/ed158001bebe852f26c432556cc8ee7aec7e8bae8fd0b9e71e6e048dd2cccd35.npz,physical,plus,budget,True,True,True,False,59,323,2832,128,142,6385,6.613089458027389,results/stage6_v1/legacy_b3/adaptive/cache/3463029b2eba0bdc8874a323e23df58f23249141c9804ac7155c57dcc8870798.npz
confirmation,8,0.523,0.093,low_field,C0,631,False,7.3762688339920714,21934,7680,0.12472460822538416,0.015556227896975566,1.0000000000000007,0.0,0.9888920603371553,0.0,-4.333936985954528,-4.340969731447404,0.0008790931866095031,0.028024856152908506,0.005886062658058577,0.002025989263465422,0.9858735531408342,False,False,False,False,results/stage6_v1/reference_atlas/cache/e801c78a3283f4fb74e7425d94591db7b3a5b14868ed6266567f697405b57eb8.npz,physical,ghz,budget,False,False,True,False,54,302,2592,127,148,8370,2.7979076670017093,results/stage6_v1/domain_wall_candidates/cache/a9e5e029250452fe4e74cc44e384f92bfc765c9b958b74341da712fed996836d.npz
confirmation,8,0.523,0.093,low_field,C1,631,False,11.30836620903574,36029,7632,0.13568611363647903,0.018410721433771503,0.9999999999999982,0.0,0.9814398875292616,0.0,-4.333305433459172,-4.340969731447404,0.0009580372485290534,0.009608651401041057,0.0024819925805375995,0.003308109472459575,0.9766295278599314,True,False,False,False,results/stage6_v1/reference_atlas/cache/e801c78a3283f4fb74e7425d94591db7b3a5b14868ed6266567f697405b57eb8.npz,physical,plus,budget,True,True,True,False,54,318,2592,128,125,10995,3.513335791998543,results/stage6_v1/domain_wall_candidates/cache/30032271d6df098e04d2016a8ed019327f9d31fc1fc751fab03a3b54e5c1708d.npz
confirmation,8,0.523,0.093,low_field,H6,631,True,54.83275550103281,110856,25836,0.07132019076955556,0.005086569611405798,1.0000000000000009,0.0,0.9984462619999972,0.0,-4.339360450970527,-4.340969731447404,0.00020116005960968408,0.010871222349365106,0.0024668363265851756,0.0003850014485500264,0.9971514348769798,True,True,True,False,results/stage6_v1/reference_atlas/cache/e801c78a3283f4fb74e7425d94591db7b3a5b14868ed6266567f697405b57eb8.npz,wall,empty,energy_stagnation,True,True,True,True,144,638,7344,127,307,32024,18.739760167023633,results/stage6_v1/domain_wall_candidates/cache/9ec7727efe31e63b5c3a7045a76a1c6b7c92405e509662fe7279bfa90983b96c.npz
confirmation,8,0.523,0.093,low_field,B3,631,False,7.9202732919948176,21466,7872,0.1239098601980515,0.015353653454300668,1.0000000000000007,0.0,0.9917691077872409,0.0,-4.334658374259879,-4.340969731447404,0.0007889196484406336,0.024245217717810186,0.004994372062678942,0.0028394660085786505,0.9855377725035309,False,False,False,False,results/stage6_v1/reference_atlas/cache/e801c78a3283f4fb74e7425d94591db7b3a5b14868ed6266567f697405b57eb8.npz,physical,antiphase,budget,True,True,True,False,54,312,2592,128,135,6662,2.4413702500169165,results/stage6_v1/legacy_b3/adaptive/cache/1aebcd96d68e9dc84da4dab128b4a7c080915a505381f7f4d105cd65aba82584.npz
confirmation,8,0.523,0.138,low_field,C0,631,False,4.352865166962147,13238,7680,0.1358678291895331,0.018460067008676143,0.9999999999999983,0.0,0.9875332574181603,0.0,-4.509637765163135,-4.519892374832643,0.0012818262086884413,0.007085508005264973,0.003838909946093108,0.002637130956265943,0.9844868767023052,False,False,False,False,results/stage6_v1/reference_atlas/cache/4c9c151aab9b54ddfde9f8bbc1516c03fd6a5d3be859a7a03d8432639ee0a02a.npz,physical,plus,budget,True,True,True,False,55,319,2640,128,134,4694,1.7142919999896549,results/stage6_v1/domain_wall_candidates/cache/2f1e459689465449b8430dcec5c179fe0bd9b13ab4cfa82209314447a67cea73.npz
confirmation,8,0.523,0.138,low_field,C1,631,True,9.09657574997982,30005,7824,0.11507087076923843,0.01324130529959077,0.9999999999999994,0.0,0.99868240280982,0.0,-4.5165102255559635,-4.519892374832643,0.0004227686595849045,0.0023129407949498697,0.0008996681217012109,0.0012383639893671639,0.9979163714151149,True,True,True,False,results/stage6_v1/reference_atlas/cache/4c9c151aab9b54ddfde9f8bbc1516c03fd6a5d3be859a7a03d8432639ee0a02a.npz,physical,ghz,budget,True,True,True,True,55,303,2640,127,149,11132,3.4977150409831665,results/stage6_v1/domain_wall_candidates/cache/87e74f4a54d03035862431f0d2d70e9c4b21d6dfdf877f1cd7a0a22ec77145dd.npz
confirmation,8,0.523,0.138,low_field,H6,631,True,66.60772262595128,108305,30222,0.06071855751116987,0.003686743226237243,0.9999999999999974,0.0,0.9995713288429819,0.0,-4.518861743134973,-4.519892374832643,0.00012882896220867135,0.004985283704269539,0.001478232611765752,0.00026258439576620773,0.9987141697944609,True,True,True,False,results/stage6_v1/reference_atlas/cache/4c9c151aab9b54ddfde9f8bbc1516c03fd6a5d3be859a7a03d8432639ee0a02a.npz,wall,uniform,parameter_cap160,True,True,True,True,160,683,8160,127,356,33079,22.31455054198159,results/stage6_v1/domain_wall_candidates/cache/c13cbec808927478ade791f9932dc56afc4e8759d15505addfe5a05d480fef09.npz
confirmation,8,0.523,0.138,low_field,B3,631,False,5.844561833015177,15324,7680,0.1358695383046621,0.018460531439122047,1.0000000000000007,0.0,0.987533080123304,0.0,-4.50963776542314,-4.519892374832643,0.0012818261761878835,0.007087389201256511,0.003839366478917916,0.0026375143255330524,0.9844867302056464,False,False,False,False,results/stage6_v1/reference_atlas/cache/4c9c151aab9b54ddfde9f8bbc1516c03fd6a5d3be859a7a03d8432639ee0a02a.npz,physical,plus,budget,True,True,True,False,55,319,2640,128,134,4773,1.959513292007614,results/stage6_v1/legacy_b3/adaptive/cache/1fb6ef58664ce2f9280dc5f4cfda65c7aba20f0759f8f1309cce662999572975.npz
confirmation,8,0.539,0.013,low_field,C0,631,True,3.3753458739374764,9378,7296,0.0001431809363267177,2.050078052739559e-08,0.9999999999999979,0.0,1.0599474575441081e-07,0.0,-4.312627382439787,-4.312627508625389,1.5773200190416503e-08,1.4285796190449673e-07,4.6743407533522685e-08,4.913785288376479e-06,0.5000000463792389,True,False,False,False,results/stage6_v1/reference_atlas/cache/3bfc970c8c68125fe04aee6df5d07e0cd3131540522db27da9b845cfd467eee3.npz,physical,plus,budget,True,True,True,False,23,159,2304,64,68,654,0.19623466598568484,results/stage6_v1/domain_wall_candidates/cache/2cee18babc844b248de62f8e563657349c5675662da58f3d9ff4a3957c130df1.npz
confirmation,8,0.539,0.013,low_field,C1,631,True,9.955714542011265,30786,7344,0.0003055088450301273,9.333565439164236e-08,0.999999999999999,0.0,0.9999999074936116,0.0,-4.312627359128283,-4.312627508625389,1.8687138281237026e-08,5.600310707398748e-07,2.0932186906019723e-07,5.233559039533736e-06,0.9999995332349835,True,True,True,False,results/stage6_v1/reference_atlas/cache/3bfc970c8c68125fe04aee6df5d07e0cd3131540522db27da9b845cfd467eee3.npz,physical,antiphase,budget,True,True,True,True,25,155,2304,64,84,2159,0.6282064170227386,results/stage6_v1/domain_wall_candidates/cache/2499dbed5483e45e97e8f0fb38f6f68b9516f54ee45e92a2282d8cf6eafdf896.npz
confirmation,8,0.539,0.013,low_field,H6,631,True,33.54048979090294,64147,20709,0.0002425261646352631,5.881894053269074e-08,0.999999999999999,0.0,6.296434538911687e-08,0.0,-4.312627371690509,-4.312627508625389,1.7116860040466975e-08,1.5792150820370665e-07,5.07445094277692e-08,5.362177830370296e-06,0.5000000198016576,True,False,False,False,results/stage6_v1/reference_atlas/cache/3bfc970c8c68125fe04aee6df5d07e0cd3131540522db27da9b845cfd467eee3.npz,wall,alternating,energy_stagnation,True,True,True,False,25,152,1275,45,47,906,0.16371733299456537,results/stage6_v1/domain_wall_candidates/cache/f8aeaba5d4c4a53350fac15efcaa46864215f8ecbfe45cf94bd70d08fe5bf919.npz
confirmation,8,0.539,0.013,low_field,B3,631,True,2.298039083078038,7331,3456,0.03676955262170046,0.001351999999999999,0.9999999999999996,0.0,0.9999999999999996,0.0,-4.3119999999999985,-4.312627508625389,7.843857817380062e-05,0.00014672239699142775,5.501155645226685e-05,0.012075642902838132,0.9997076911782372,True,True,True,False,results/stage6_v1/reference_atlas/cache/3bfc970c8c68125fe04aee6df5d07e0cd3131540522db27da9b845cfd467eee3.npz,physical,antiphase,pool_gradient,,True,False,True,0,14,384,6,7,36,0.008735666051506996,results/stage6_v1/legacy_b3/adaptive/cache/f22eef08f59735fe8248512a2deba5f2c589cd09214c0066d26932eed92c8b1b.npz
confirmation,8,0.539,0.028,low_field,C0,631,True,3.238656292029191,9285,6816,0.000751258119634437,5.643887623166701e-07,0.9999999999999987,0.0,2.5586589647835575e-06,0.0,-4.314915446860457,-4.314918446934247,3.750092237853053e-07,6.478795057551778e-06,2.1354840011311715e-06,5.70268621894153e-05,0.5000007344259434,True,False,False,False,results/stage6_v1/reference_atlas/cache/24231cfb40977218decf6d5a5d4d0986df14c622c090be906efa3e0aa7385408.npz,physical,plus,budget,True,True,True,False,23,159,2112,64,66,1098,0.3309885829803534,results/stage6_v1/domain_wall_candidates/cache/663d5683100e7a02be2a4c5c75f85c5673dde1a8a39b607094cd6b316d94f80a.npz
confirmation,8,0.539,0.028,low_field,C1,631,True,7.18122833292,23387,6912,0.0006083144237058231,3.700464380885477e-07,0.9999999999999986,0.0,3.332353628194161e-06,0.0,-4.314915556362081,-4.314918446934247,3.613215208142506e-07,6.408149288317233e-06,2.129490141500323e-06,5.5187842044262386e-05,0.5000011717120267,True,False,False,False,results/stage6_v1/reference_atlas/cache/24231cfb40977218decf6d5a5d4d0986df14c622c090be906efa3e0aa7385408.npz,physical,plus,budget,True,True,True,False,25,161,2160,64,61,3782,1.0504043329856358,results/stage6_v1/domain_wall_candidates/cache/ab1fe2f028b3ee1564fc9944ba87fbaebe63e999a1ce014992522c5b01e52de8.npz
confirmation,8,0.539,0.028,low_field,H6,631,True,51.71795754204504,85048,27216,0.0011297574343549404,1.2763518604802573e-06,0.9999999999999988,0.0,1.7317781680826142e-06,0.0,-4.314915286624686,-4.314918446934247,3.950386952000784e-07,5.924469771878549e-06,1.9311096886576173e-06,5.929910105707467e-05,0.5000004745586459,True,False,False,False,results/stage6_v1/reference_atlas/cache/24231cfb40977218decf6d5a5d4d0986df14c622c090be906efa3e0aa7385408.npz,wall,alternating,energy_stagnation,True,True,True,False,39,222,6222,63,77,11922,7.409987625025678,results/stage6_v1/domain_wall_candidates/cache/eedfa60d9396ebd1ced951a3f37ac0e91a6a447dbf5b6abe9f672df89685726e.npz
confirmation,8,0.539,0.028,low_field,B3,631,True,1.9756079989601858,6414,4032,0.0019137445206189661,3.6624180901991163e-06,0.9999999999999997,0.0,0.9999999999333116,0.0,-4.314912032987209,-4.314918446934247,8.01743379796882e-07,2.853347753362101e-05,1.0518544117377182e-05,0.0001180798467672814,0.999978178356557,True,True,True,False,results/stage6_v1/reference_atlas/cache/24231cfb40977218decf6d5a5d4d0986df14c622c090be906efa3e0aa7385408.npz,physical,antiphase,energy_stagnation,True,True,True,True,13,79,624,32,29,146,0.029677332961000502,results/stage6_v1/legacy_b3/adaptive/cache/e208500c4aeec957547b986dd93b8ac58bf5f7e607d3945ed30952e5415ff8a4.npz
confirmation,8,0.539,0.044,low_field,C0,631,True,4.581428126024548,13648,7008,0.002111529779220213,4.458558008533762e-06,0.9999999999999983,0.0,0.9999994110060187,0.0,-4.319239673569333,-4.319244901043596,6.534342827935191e-07,8.015014433315759e-05,2.581555760483578e-05,9.978334166536179e-05,0.9999753505353306,True,True,True,False,results/stage6_v1/reference_atlas/cache/634fdb34133f5cd10d17695e9cc67b3cd5a1cf915a97bcd785217df8d1d6ccae.npz,physical,antiphase,budget,True,True,True,True,46,304,2208,128,148,2634,0.8530902920174412,results/stage6_v1/domain_wall_candidates/cache/c609c53e89da7e5fd04931f42745addb78610c393c18d4dc19d8c7742d61c9ab.npz
confirmation,8,0.539,0.044,low_field,C1,631,True,8.307217500987463,28068,6864,0.0030924594269501164,9.563305307332643e-06,0.9999999999999989,0.0,0.9999973792324115,0.0,-4.319237414533496,-4.319244901043596,9.358137624815299e-07,0.00010135832511126708,3.367952637656213e-05,0.00013473230261786678,0.9999687919113532,True,True,True,False,results/stage6_v1/reference_atlas/cache/634fdb34133f5cd10d17695e9cc67b3cd5a1cf915a97bcd785217df8d1d6ccae.npz,physical,antiphase,budget,True,True,True,True,35,229,2160,96,102,5314,1.5316186670097522,results/stage6_v1/domain_wall_candidates/cache/f3977a96fbafd011a88ac7757f3c6a236006295f822df1e3bc1e821ef1e57dd4.npz
confirmation,8,0.539,0.044,low_field,H6,631,True,66.99973662605044,104470,31488,0.002111529779220213,4.458558008533762e-06,0.9999999999999983,0.0,0.9999994110060187,0.0,-4.319239673569333,-4.319244901043596,6.534342827935191e-07,8.015014433315759e-05,2.581555760483578e-05,9.978334166536179e-05,0.9999753505353306,True,True,True,False,results/stage6_v1/reference_atlas/cache/634fdb34133f5cd10d17695e9cc67b3cd5a1cf915a97bcd785217df8d1d6ccae.npz,physical,antiphase,budget,True,True,True,True,46,304,2208,128,148,2634,0.8530902920174412,results/stage6_v1/domain_wall_candidates/cache/c609c53e89da7e5fd04931f42745addb78610c393c18d4dc19d8c7742d61c9ab.npz
confirmation,8,0.539,0.044,low_field,B3,631,True,2.8544793750043027,9301,4944,0.004745844999387979,2.252304475821589e-05,0.9999999999999996,0.0,0.9999999989851801,0.0,-4.319201597207993,-4.319244901043596,5.412979450336586e-06,0.0002355131453878334,8.391474362101636e-05,0.0005391481060655484,0.9998228687195887,True,True,True,False,results/stage6_v1/reference_atlas/cache/634fdb34133f5cd10d17695e9cc67b3cd5a1cf915a97bcd785217df8d1d6ccae.npz,physical,antiphase,energy_stagnation,True,True,True,True,13,79,624,32,29,129,0.026714874955359846,results/stage6_v1/legacy_b3/adaptive/cache/a6ebd32eaec345b2007aa04222f40f92040a2f0ebd1ce5e5118918170e58fbd8.npz
confirmation,8,0.539,0.068,low_field,C0,631,True,7.691495458013378,17651,7296,0.008715847127613443,7.596599115192751e-05,1.0000000000000004,0.0,0.9999581736116299,0.0,-4.329488165752747,-4.329615258777086,1.5886628042416362e-05,0.0030499338807921106,0.0009369812159101265,0.001969657647240039,0.9987726800217009,True,True,True,False,results/stage6_v1/reference_atlas/cache/f56ea23603ca9faa03b89c591a06d93e07a619b254f3c3d1450a0138e005994d.npz,physical,antiphase,budget,True,True,True,True,46,304,2208,128,149,4779,2.046865332988091,results/stage6_v1/domain_wall_candidates/cache/99a07f3990a0189897287efdfbbbd049abf40759b7050122163b024efda4d043.npz
confirmation,8,0.539,0.068,low_field,C1,631,True,12.371395416965242,34949,7152,0.007191037594823057,5.171102169015858e-05,1.0000000000000002,0.0,0.999972584451426,0.0,-4.329493377537925,-4.329615258777086,1.5235154895210101e-05,0.003020921889507644,0.0009248443763048009,0.0019249728489640072,0.9987746460478096,True,True,True,False,results/stage6_v1/reference_atlas/cache/f56ea23603ca9faa03b89c591a06d93e07a619b254f3c3d1450a0138e005994d.npz,physical,antiphase,budget,True,True,True,True,46,304,2208,128,130,7881,2.369119792012498,results/stage6_v1/domain_wall_candidates/cache/967d50dd6b677a40fa8ba270ffd8617fa17ba463511216dba8a88a3db3a37b8c.npz
confirmation,8,0.539,0.068,low_field,H6,631,True,65.76696791697759,124607,23208,0.008715847127613443,7.596599115192751e-05,1.0000000000000004,0.0,0.9999581736116299,0.0,-4.329488165752747,-4.329615258777086,1.5886628042416362e-05,0.0030499338807921106,0.0009369812159101265,0.001969657647240039,0.9987726800217009,True,True,True,False,results/stage6_v1/reference_atlas/cache/f56ea23603ca9faa03b89c591a06d93e07a619b254f3c3d1450a0138e005994d.npz,physical,antiphase,budget,True,True,True,True,46,304,2208,128,149,4779,2.046865332988091,results/stage6_v1/domain_wall_candidates/cache/99a07f3990a0189897287efdfbbbd049abf40759b7050122163b024efda4d043.npz
confirmation,8,0.539,0.068,low_field,B3,631,True,5.408800167962909,15477,7104,0.011446324112989318,0.0001310183356996007,1.0,0.0,0.9999999857382975,0.0,-4.329259721859975,-4.329615258777086,4.4442114638942876e-05,0.004054154052182235,0.0013070135097651425,0.003737245084197316,0.9971366427073776,True,True,True,False,results/stage6_v1/reference_atlas/cache/f56ea23603ca9faa03b89c591a06d93e07a619b254f3c3d1450a0138e005994d.npz,physical,antiphase,budget,True,True,True,True,13,79,2208,32,30,4646,1.7448643340030685,results/stage6_v1/legacy_b3/adaptive/cache/e318b0f81b23f4bf4e0383071f77beff32b322ea43cb290b9a1a6904864bcc08.npz
confirmation,8,0.539,0.093,low_field,C0,631,False,5.971811499039177,16030,7344,0.023826759321463994,0.0005677144597629713,0.9999999999999993,0.0,0.9996236116447756,0.0,-4.345377707520388,-4.351438862776649,0.0007576444070326316,0.5631690223629128,0.16203735255208618,0.16655454610519643,0.6673328005947654,False,False,False,False,results/stage6_v1/reference_atlas/cache/bd6179ae12745fc28d153db6acea3b3b153a2f60c9d6c4396a0590509dfa94d6.npz,physical,antiphase,budget,True,True,True,False,45,303,2160,128,149,4617,1.586238332965877,results/stage6_v1/domain_wall_candidates/cache/9db90a26a62c44869177528d09fc7c96209a8937e34b89433b1c0c5e44772a91.npz
confirmation,8,0.539,0.093,low_field,C1,631,False,9.142855165991932,29206,7440,0.023501088483949797,0.0005523011599304378,0.9999999999999997,0.0,0.9996422783106753,0.0,-4.345415094973106,-4.351438862776649,0.0007529709754429126,0.5628559961252615,0.1619328104379829,0.1662167817150184,0.668801007276359,False,False,False,False,results/stage6_v1/reference_atlas/cache/bd6179ae12745fc28d153db6acea3b3b153a2f60c9d6c4396a0590509dfa94d6.npz,physical,antiphase,budget,True,True,True,False,49,307,2352,128,151,9811,3.1248398749739863,results/stage6_v1/domain_wall_candidates/cache/f9b2fe9c31ae20edb4345720f053c4b41d848bfcdc474b6ed984d3d567cc3720.npz
confirmation,8,0.539,0.093,low_field,H6,631,False,64.59075795800891,118848,26571,0.04138630273338178,0.0017128260539391242,0.9999999999999998,0.0,0.03886862974864903,0.0,-4.346107708650763,-4.351438862776649,0.0006663942657357813,0.5081189598839622,0.14580167537012212,0.14916841173465345,0.44553592591479463,False,False,False,False,results/stage6_v1/reference_atlas/cache/bd6179ae12745fc28d153db6acea3b3b153a2f60c9d6c4396a0590509dfa94d6.npz,wall,alternating,energy_stagnation,True,True,True,False,126,581,6426,127,233,46114,25.328761791985016,results/stage6_v1/domain_wall_candidates/cache/9f8d60e5e3bb00543ae627bea28ca31e36fcdb337a8897a1686269b319e4b975.npz
confirmation,8,0.539,0.093,low_field,B3,631,False,5.871521833993029,15941,7344,0.019735681911322446,0.0003894971405049,0.9999999999999991,0.0,0.9993574189558617,0.0,-4.344863005907403,-4.351438862776649,0.0008219821086558055,0.5664765503627105,0.16320359593921163,0.16986944537158766,0.6435092545340562,False,False,False,False,results/stage6_v1/reference_atlas/cache/bd6179ae12745fc28d153db6acea3b3b153a2f60c9d6c4396a0590509dfa94d6.npz,physical,antiphase,budget,True,True,True,False,25,155,2256,64,74,4791,2.1748234590049833,results/stage6_v1/legacy_b3/adaptive/cache/dce3d6f307e46eed0fc297c9de3d6cafcd0ed39300dcd2284065ac7ac3e6470f.npz
confirmation,8,0.539,0.138,low_field,C0,631,False,4.554991875018459,12773,7440,0.1639595315901086,0.02688272799924782,0.9999999999999998,0.0,0.9924657824444991,0.0,-4.50732160519003,-4.521345570244204,0.001752995631771781,0.03756651010305234,0.019132718876650134,5.888519116092894e-05,0.9728784445920632,False,False,False,False,results/stage6_v1/reference_atlas/cache/c5dfa0d2a8badd572c9930f7661e580dcd589b1a7222d1958b294a84d8410bb6.npz,physical,ghz,budget,True,True,True,False,51,299,2448,127,132,3291,1.1482363329851069,results/stage6_v1/domain_wall_candidates/cache/383c45b48cb8fa1395d6bedd05b49a84b2847f49434837124dc2ef782d470d50.npz
confirmation,8,0.539,0.138,low_field,C1,631,False,9.293533999938518,28812,7488,0.15129579835499588,0.022890418599875572,0.9999999999999981,0.0,0.9944098072442126,0.0,-4.513290768121861,-4.521345570244204,0.0010068502652929023,0.05141672020207966,0.010803368654713097,0.00020824307594713432,0.9866376441378681,False,False,False,False,results/stage6_v1/reference_atlas/cache/c5dfa0d2a8badd572c9930f7661e580dcd589b1a7222d1958b294a84d8410bb6.npz,physical,plus,budget,True,True,True,False,54,318,2592,128,147,9847,3.458080374985002,results/stage6_v1/domain_wall_candidates/cache/13113f3f75e02db1ff6a1f92b62f6316c01e3db8ecf38d614f5cf11ebf77744c.npz
confirmation,8,0.539,0.138,low_field,H6,631,False,76.59918862499762,119927,31920,0.07651454571719658,0.005854475706308966,1.000000000000001,0.0,0.9993597232944977,0.0,-4.5184224357283265,-4.521345570244204,0.0003653918144846946,0.04143071258332787,0.010098533483741574,4.977959259633291e-05,0.9872843709252389,False,False,False,False,results/stage6_v1/reference_atlas/cache/c5dfa0d2a8badd572c9930f7661e580dcd589b1a7222d1958b294a84d8410bb6.npz,wall,empty,parameter_cap160,True,True,True,False,160,682,8160,127,386,34759,22.950443416950293,results/stage6_v1/domain_wall_candidates/cache/ed211bc211ab87d8bd7050a77dba8f101f8b0ead1c521c4e7fc4f8937f9b9604.npz
confirmation,8,0.539,0.138,low_field,B3,631,False,6.109502875013277,15433,7728,0.16395862217293417,0.02688242978484698,0.9999999999999992,0.0,0.9924657667723591,0.0,-4.507321605216733,-4.521345570244204,0.0017529956284338954,0.037566785801311786,0.0191326728575458,5.877298999668046e-05,0.9728785026475021,False,False,False,False,results/stage6_v1/reference_atlas/cache/c5dfa0d2a8badd572c9930f7661e580dcd589b1a7222d1958b294a84d8410bb6.npz,physical,ghz,budget,True,True,True,False,51,299,2448,127,125,3248,0.9845437089679763,results/stage6_v1/legacy_b3/adaptive/cache/1b085c3a24837fc7fdb55dddd58743d3ec079e57ce59ce87d927aba08cbda5aa.npz
confirmation,8,0.555,0.013,low_field,C0,631,True,3.0410867910832167,9012,7440,0.00029625417514804486,8.776653629264843e-08,0.999999999999999,0.0,0.9999999692389124,0.0,-4.440609210512452,-4.4406093155148065,1.3125294295868173e-08,3.5354254446229305e-07,1.324520065848489e-07,4.082345058227521e-06,0.9999997706109702,True,True,True,False,results/stage6_v1/reference_atlas/cache/47446e701bb846ef35c84ab8e308e2a6aebaadbbb8806e32dcbb91c02d634036.npz,physical,antiphase,budget,True,True,True,True,25,155,2544,64,73,637,0.19266795803559944,results/stage6_v1/domain_wall_candidates/cache/88b39656be1c705ce00ec84bcfac6914a145f974363ed39939ed313844177a00.npz
confirmation,8,0.555,0.013,low_field,C1,631,True,9.283876458066516,28701,7440,0.0003223494373277534,1.0390915974551923e-07,0.9999999999999993,0.0,0.9999998924248736,0.0,-4.440609225130613,-4.4406093155148065,1.1298024182870847e-08,2.460724564112837e-07,9.190920252644119e-08,3.3118782695323867e-06,0.9999998106079985,True,True,True,False,results/stage6_v1/reference_atlas/cache/47446e701bb846ef35c84ab8e308e2a6aebaadbbb8806e32dcbb91c02d634036.npz,physical,antiphase,budget,True,True,True,True,25,155,2496,64,57,2199,0.6297711670049466,results/stage6_v1/domain_wall_candidates/cache/c8d1e3dfd39a5a59c093e54255f232d4a23fb92fd1097fd2e47e60dce18f20ea.npz
confirmation,8,0.555,0.013,low_field,H6,631,True,47.70456258417107,82012,23811,0.0002329499673253835,5.426568727689725e-08,0.9999999999999993,0.0,5.68363548704643e-08,0.0,-4.440609191885391,-4.4406093155148065,1.545367689370636e-08,1.1712919723017023e-07,3.7322245960424993e-08,4.7736831738001e-06,0.5000000207468602,True,False,False,False,results/stage6_v1/reference_atlas/cache/47446e701bb846ef35c84ab8e308e2a6aebaadbbb8806e32dcbb91c02d634036.npz,wall,alternating,energy_stagnation,True,True,True,False,20,121,1020,35,38,609,0.11732870904961601,results/stage6_v1/domain_wall_candidates/cache/4e3d171d063221267e12ac52638585e49d890c0bc7e64bf5db0635acb67b92fa.npz
confirmation,8,0.555,0.013,low_field,B3,631,True,2.425238083000295,7352,3456,0.03676955262170046,0.001351999999999999,0.9999999999999996,0.0,0.9999999999999996,0.0,-4.439999999999999,-4.4406093155148065,7.616443935098971e-05,0.00013783847111081826,5.168199699018272e-05,0.01172352471804839,0.9997248890296273,True,True,True,False,results/stage6_v1/reference_atlas/cache/47446e701bb846ef35c84ab8e308e2a6aebaadbbb8806e32dcbb91c02d634036.npz,physical,antiphase,pool_gradient,,True,False,True,0,14,384,6,7,35,0.008317750005517155,results/stage6_v1/legacy_b3/adaptive/cache/32a2f4277e8040296771eb12e55206c641a93251aed9c1607f9cfdaef698f25f.npz
confirmation,8,0.555,0.028,low_field,C0,631,True,3.0941049180109985,8877,6720,0.0012403847341717466,1.5385542887663145e-06,0.9999999999999994,0.0,0.9999979055305366,0.0,-4.442829952648802,-4.442831924512816,2.4648300167573467e-07,6.475323762966667e-06,2.3863372418109208e-06,3.5764644857851774e-05,0.999995507497906,True,True,True,False,results/stage6_v1/reference_atlas/cache/c211500d1ed5b5a9d856868a2f3973c59cf33d1428d5316ebe4c9e74c2b951a3.npz,physical,antiphase,budget,True,True,True,True,25,155,2256,64,65,951,0.3279671249911189,results/stage6_v1/domain_wall_candidates/cache/9eaa04076f2215a3f4de6d29cb39e19a64995ec776b8cfa9ddefb6ed28b104c4.npz
confirmation,8,0.555,0.028,low_field,C1,631,True,7.398812540981453,21440,6432,0.0012920070442617073,1.6692822024218733e-06,1.0,0.0,0.9999978867357634,0.0,-4.4428298751161766,-4.442831924512816,2.5617457988236225e-07,6.903335618591022e-06,2.54624167594919e-06,3.773042176282923e-05,0.9999953460804245,True,True,True,False,results/stage6_v1/reference_atlas/cache/c211500d1ed5b5a9d856868a2f3973c59cf33d1428d5316ebe4c9e74c2b951a3.npz,physical,antiphase,budget,True,True,True,True,25,155,2256,64,75,3116,1.0290523329749703,results/stage6_v1/domain_wall_candidates/cache/7750cd623ce42b7252fcef5095ee8a747bf16d0c643df402d24b905d1bc65e85.npz
confirmation,8,0.555,0.028,low_field,H6,631,True,43.40575170906959,74883,21612,0.001080566469413648,1.1676238948210762e-06,0.9999999999999998,0.0,1.3529518316425243e-06,0.0,-4.4428291877657795,-4.442831924512816,3.4209337951285335e-07,3.1083372065143777e-06,1.0017397540362794e-06,4.986150531524278e-05,0.5000004886685718,True,False,False,False,results/stage6_v1/reference_atlas/cache/c211500d1ed5b5a9d856868a2f3973c59cf33d1428d5316ebe4c9e74c2b951a3.npz,wall,alternating,energy_stagnation,True,True,True,False,42,233,2652,63,73,3624,1.1457110830233432,results/stage6_v1/domain_wall_candidates/cache/8edef74caf9af9375231b6376ef72b2aa4ce1fffb86604807a49a04e507d09b4.npz
confirmation,8,0.555,0.028,low_field,B3,631,True,5.3888704579439946,14795,5760,0.0018046947981034296,3.2569233143015786e-06,0.9999999999999983,0.0,0.999999999946712,0.0,-4.442827920206836,-4.442831924512816,5.005382474054798e-07,1.2904234226729372e-05,4.796555088670829e-06,7.275032374689377e-05,0.9999908915371326,True,True,True,False,results/stage6_v1/reference_atlas/cache/c211500d1ed5b5a9d856868a2f3973c59cf33d1428d5316ebe4c9e74c2b951a3.npz,physical,antiphase,energy_stagnation,True,True,True,True,13,79,624,32,28,150,0.03409579198341817,results/stage6_v1/legacy_b3/adaptive/cache/6be1686eaa42e79c70741a7362f444c1a896c3921fd5452d1272774c17a51d08.npz
confirmation,8,0.555,0.044,low_field,C0,631,True,5.375973415968474,14739,6768,0.001354207787082832,1.8338787305957806e-06,0.9999999999999997,0.0,0.9999996028994969,0.0,-4.447017220495081,-4.447018749530809,1.9112946603172531e-07,1.4819496184648173e-05,4.859319251870886e-06,2.698141627079098e-05,0.9999962363978814,True,True,True,False,results/stage6_v1/reference_atlas/cache/a3a7a3e5235c32e958ff5e04cf775752e178e0eb283a8a2d885b229e2ed1ff90.npz,physical,antiphase,budget,True,True,True,True,46,304,2208,128,154,2364,0.780509207979776,results/stage6_v1/domain_wall_candidates/cache/41f5ecd4c3d9a79d545d24ea6bd451c9364240a3af35ce46680b54207d54b634.npz
confirmation,8,0.555,0.044,low_field,C1,631,True,7.3936110000358894,24391,6720,0.00114487546261109,1.310739824888957e-06,1.0,0.0,0.9999999289917172,0.0,-4.447017203714748,-4.447018749530809,1.9322700761659206e-07,1.5609546478501102e-05,5.078812841230462e-06,2.781312378231232e-05,0.9999958536296722,True,True,True,False,results/stage6_v1/reference_atlas/cache/a3a7a3e5235c32e958ff5e04cf775752e178e0eb283a8a2d885b229e2ed1ff90.npz,physical,antiphase,budget,True,True,True,True,44,302,2112,128,137,3788,1.0337659170036204,results/stage6_v1/domain_wall_candidates/cache/c0111cc469f004bd7eece66b3bb323a376a97c26558ab6f976cc7bb09cb32757.npz
confirmation,8,0.555,0.044,low_field,H6,631,True,65.60582020803122,100953,30228,0.001354207787082832,1.8338787305957806e-06,0.9999999999999997,0.0,0.9999996028994969,0.0,-4.447017220495081,-4.447018749530809,1.9112946603172531e-07,1.4819496184648173e-05,4.859319251870886e-06,2.698141627079098e-05,0.9999962363978814,True,True,True,False,results/stage6_v1/reference_atlas/cache/a3a7a3e5235c32e958ff5e04cf775752e178e0eb283a8a2d885b229e2ed1ff90.npz,physical,antiphase,budget,True,True,True,True,46,304,2208,128,154,2364,0.780509207979776,results/stage6_v1/domain_wall_candidates/cache/41f5ecd4c3d9a79d545d24ea6bd451c9364240a3af35ce46680b54207d54b634.npz
confirmation,8,0.555,0.044,low_field,B3,631,True,2.915947042987682,8660,4560,0.004474351763208305,2.001982370092527e-05,0.9999999999999998,0.0,0.9999999991965954,0.0,-4.446992995771932,-4.447018749530809,3.219219859573741e-06,9.038020663387769e-05,3.3081732503825734e-05,0.0003063960917759484,0.9999363436535912,True,True,True,False,results/stage6_v1/reference_atlas/cache/a3a7a3e5235c32e958ff5e04cf775752e178e0eb283a8a2d885b229e2ed1ff90.npz,physical,antiphase,energy_stagnation,True,True,True,True,13,79,624,32,24,132,0.028979208960663527,results/stage6_v1/legacy_b3/adaptive/cache/68eb6726ba9c60306450f2980bd2aeea1a58d1e3e9bfce5812a4ddcb9fe344eb.npz
confirmation,8,0.555,0.068,low_field,C0,631,True,7.644478000001982,16959,7008,0.004587141748967053,2.1041869425116513e-05,0.9999999999999992,0.0,0.9999971231777629,0.0,-4.456899314664268,-4.4569267493978755,3.429341700944555e-06,0.00032624257771640686,0.00010378436073166242,0.0003504545760470573,0.9998954545362592,True,True,True,False,results/stage6_v1/reference_atlas/cache/29cb02389486207236c968a612983aae1f50df81756b81bdf33748d1d26f3cd5.npz,physical,antiphase,budget,True,True,True,True,45,303,2160,128,151,3299,1.346258083009161,results/stage6_v1/domain_wall_candidates/cache/a784c53e73ad40caf7848e49c75d7e6434cd15bbf3aad3a887a9f91944ee0fca.npz
confirmation,8,0.555,0.068,low_field,C1,631,True,15.099047666997649,35216,7056,0.006122112175429355,3.748025748854035e-05,0.9999999999999997,0.0,0.9999978247641463,0.0,-4.456894564370135,-4.4569267493978755,4.023128467589565e-06,0.0003604926021685273,0.0001164989054227572,0.0004005112474597533,0.9998887371706415,True,True,True,False,results/stage6_v1/reference_atlas/cache/29cb02389486207236c968a612983aae1f50df81756b81bdf33748d1d26f3cd5.npz,physical,antiphase,budget,True,True,True,True,36,230,2208,96,103,7444,2.773105000029318,results/stage6_v1/domain_wall_candidates/cache/7131a0c707fe767b9ce5e02e5ec166f91df03c0a0f3f4470396b07d1efd532d2.npz
confirmation,8,0.555,0.068,low_field,H6,631,True,105.76247816701652,145492,30519,0.004587141748967053,2.1041869425116513e-05,0.9999999999999992,0.0,0.9999971231777629,0.0,-4.456899314664268,-4.4569267493978755,3.429341700944555e-06,0.00032624257771640686,0.00010378436073166242,0.0003504545760470573,0.9998954545362592,True,True,True,False,results/stage6_v1/reference_atlas/cache/29cb02389486207236c968a612983aae1f50df81756b81bdf33748d1d26f3cd5.npz,physical,antiphase,budget,True,True,True,True,45,303,2160,128,151,3299,1.346258083009161,results/stage6_v1/domain_wall_candidates/cache/a784c53e73ad40caf7848e49c75d7e6434cd15bbf3aad3a887a9f91944ee0fca.npz
confirmation,8,0.555,0.068,low_field,B3,631,True,6.09297025098931,16822,7008,0.01078564077594184,0.00011633004694765928,0.9999999999999996,0.0,0.9999999887462458,0.0,-4.456756532685713,-4.4569267493978755,2.1277089020332873e-05,0.0007730380710510021,0.0002706600528974423,0.00143009798758785,0.999461456886,True,True,True,False,results/stage6_v1/reference_atlas/cache/29cb02389486207236c968a612983aae1f50df81756b81bdf33748d1d26f3cd5.npz,physical,antiphase,budget,True,True,True,True,13,79,2160,32,28,3396,1.3297080419724807,results/stage6_v1/legacy_b3/adaptive/cache/78b0387f33d9a44edfc90ecb01a71c32b023d6439c291000110131ec2b0afa5b.npz
confirmation,8,0.555,0.093,low_field,C0,631,True,7.724515749956481,20925,7296,0.012409964116539416,0.00015400720937379592,0.9999999999999996,0.0,0.9999555951551193,0.0,-4.472049557285025,-4.472300962360081,3.142563438196522e-05,0.004291886002072642,0.0013084985213212552,0.0028413442383053433,0.9984228885192705,True,True,True,False,results/stage6_v1/reference_atlas/cache/d8f23255e8677d809f92512e9fe4fe89d7e99f0c11af99a086172cb6512430ee.npz,physical,antiphase,budget,False,False,True,True,46,304,2208,128,160,4148,1.4530354579910636,results/stage6_v1/domain_wall_candidates/cache/9659c69196f2262205bf184621783c947f75de9a380fbf55081018c6619852f4.npz
confirmation,8,0.555,0.093,low_field,C1,631,True,13.306287416955456,38647,7152,0.012695298441200382,0.00016117060251114485,0.9999999999999996,0.0,0.9999849373653942,0.0,-4.472018833389615,-4.472300962360081,3.526612130821949e-05,0.004577392579194983,0.0014082314137133234,0.0030993770306174395,0.9981862643954477,True,True,True,False,results/stage6_v1/reference_atlas/cache/d8f23255e8677d809f92512e9fe4fe89d7e99f0c11af99a086172cb6512430ee.npz,physical,antiphase,budget,True,True,True,True,45,303,2160,128,158,7846,2.412725917005446,results/stage6_v1/domain_wall_candidates/cache/fafba0cf59ca98edae01d303d0f30a21f61e46f97bfe5a990a7369766d04f8ce.npz
confirmation,8,0.555,0.093,low_field,H6,631,True,103.49854104191763,154927,31725,0.012409964116539416,0.00015400720937379592,0.9999999999999996,0.0,0.9999555951551193,0.0,-4.472049557285025,-4.472300962360081,3.142563438196522e-05,0.004291886002072642,0.0013084985213212552,0.0028413442383053433,0.9984228885192705,True,True,True,False,results/stage6_v1/reference_atlas/cache/d8f23255e8677d809f92512e9fe4fe89d7e99f0c11af99a086172cb6512430ee.npz,physical,antiphase,budget,False,False,True,True,46,304,2208,128,160,4148,1.4530354579910636,results/stage6_v1/domain_wall_candidates/cache/9659c69196f2262205bf184621783c947f75de9a380fbf55081018c6619852f4.npz
confirmation,8,0.555,0.093,low_field,B3,631,True,8.19988441694295,21155,7344,0.020448660761189476,0.0004181477269262102,0.9999999999999996,0.0,0.9999999232931416,0.0,-4.471493535377256,-4.472300962360081,0.00010092837285313738,0.006265638753344072,0.0020369441473837013,0.00607971524309249,0.9957383592285246,True,True,True,False,results/stage6_v1/reference_atlas/cache/d8f23255e8677d809f92512e9fe4fe89d7e99f0c11af99a086172cb6512430ee.npz,physical,antiphase,budget,True,True,True,True,13,79,2208,32,33,4529,1.7201666249893606,results/stage6_v1/legacy_b3/adaptive/cache/2dabb1ea5a7bf2712bc607dff902266c19cf36e90e75fb7300e5dce2882bb8d4.npz
confirmation,8,0.555,0.138,low_field,C0,631,False,4.789791166957002,10767,7440,0.05972570548163645,0.0035671598952791784,0.9999999999999989,0.0,0.9973649957082171,0.0,-4.5140062857227665,-4.535248558448398,0.0026552840907039243,0.8608148441038322,0.24758291746835012,0.24359263348800914,0.514009027490261,False,False,False,False,results/stage6_v1/reference_atlas/cache/562a4dfd7eaf0c838f3b44bc8aaeb7925e32dfed3c53c35b8f84130a389a333a.npz,physical,antiphase,budget,True,True,True,False,49,307,2352,128,162,4300,1.9160516659612767,results/stage6_v1/domain_wall_candidates/cache/16309846419cecb1055529b6c3f52edc509d8e3d08f3e2a772aa3488f8d064c3.npz
confirmation,8,0.555,0.138,low_field,C1,631,False,10.124542582954746,30030,7536,0.18280468187216406,0.033417551714383105,0.9999999999999986,0.0,0.5012676554516862,0.0,-4.516340859682617,-4.535248558448398,0.0023634623457226,0.11942267586620856,0.03169334017763417,0.03902069615317094,0.731098634404316,False,False,False,False,results/stage6_v1/reference_atlas/cache/562a4dfd7eaf0c838f3b44bc8aaeb7925e32dfed3c53c35b8f84130a389a333a.npz,physical,plus,budget,True,True,True,False,56,320,2688,128,136,9372,3.667333999997936,results/stage6_v1/domain_wall_candidates/cache/2415850aa9893efb1c850380c3236e7fd834d14deec15a6bea0f7554e6d386d7.npz
confirmation,8,0.555,0.138,low_field,H6,631,False,86.57035787595669,123049,29727,0.0678264416673911,0.004600426189260008,1.0000000000000002,0.0,0.6479555910190999,0.0,-4.528531927053122,-4.535248558448398,0.0008395789244094454,0.04630465548106985,0.011758842892460486,0.0021191186698325537,0.8013068856877283,False,False,False,False,results/stage6_v1/reference_atlas/cache/562a4dfd7eaf0c838f3b44bc8aaeb7925e32dfed3c53c35b8f84130a389a333a.npz,wall,empty,energy_stagnation,True,True,True,False,148,646,7548,127,284,36988,31.306355334003456,results/stage6_v1/domain_wall_candidates/cache/dae9a1d8c0508a534780cc4d3dae1bf7f6db6c1290af4a73ade2f1367512faec.npz
confirmation,8,0.555,0.138,low_field,B3,631,False,4.055182416981552,11217,7344,0.05972535051298856,0.0035671174938993427,0.9999999999999998,0.0,0.99736449955475,0.0,-4.514006285674842,-4.535248558448398,0.0026552840966944657,0.8608134271508027,0.2475825210498764,0.243591785702771,0.5140115484997273,False,False,False,False,results/stage6_v1/reference_atlas/cache/562a4dfd7eaf0c838f3b44bc8aaeb7925e32dfed3c53c35b8f84130a389a333a.npz,physical,antiphase,budget,True,True,True,False,49,307,2352,128,157,4879,1.935485708003398,results/stage6_v1/legacy_b3/adaptive/cache/2cd08a7370a073340e9c4d404d645d54067db5e8c515b96bec25394602bc68e4.npz
confirmation,8,0.663,0.235,antiphase_band,C0,631,True,6.379729126056191,18220,7008,0.048513877827462436,0.002353596341857951,1.0000000000000002,0.0,0.9999015711191555,0.0,-5.483228091466479,-5.484740975739283,0.0001891105341004229,0.008303816584068757,0.002500759265776753,0.006008979830893546,0.9979542847265024,True,True,True,False,results/stage6_v1/reference_atlas/cache/bf482205a5e477a6731be7a55cb75710c0872b3350a0778843a4a3ff11a6a753.npz,physical,antiphase,budget,False,False,True,True,47,305,2256,128,161,4262,1.4188997500459664,results/stage6_v1/domain_wall_candidates/cache/c3645b50902ed56f74e31fad9c0d0dfc00c5c27f2c9a0671c16dec5c88c1fa96.npz
confirmation,8,0.663,0.235,antiphase_band,C1,631,True,10.963842874043621,33705,7056,0.05595840836764564,0.0031313434670401934,1.0,0.0,0.9999064948491535,0.0,-5.483475066675874,-5.484740975739283,0.00015823863292607765,0.007395936331514585,0.002213873793440846,0.005224329120909088,0.9984947025718831,True,True,True,False,results/stage6_v1/reference_atlas/cache/bf482205a5e477a6731be7a55cb75710c0872b3350a0778843a4a3ff11a6a753.npz,physical,antiphase,budget,True,True,True,True,47,305,2256,128,160,7886,2.6783707910217345,results/stage6_v1/domain_wall_candidates/cache/c0d14a6552b4842b5e53e0a6f6d0ec06d058ead179210e56039adda90aa2a1d3.npz
confirmation,8,0.663,0.235,antiphase_band,H6,631,True,6.379729126056191,18220,7008,0.048513877827462436,0.002353596341857951,1.0000000000000002,0.0,0.9999015711191555,0.0,-5.483228091466479,-5.484740975739283,0.0001891105341004229,0.008303816584068757,0.002500759265776753,0.006008979830893546,0.9979542847265024,True,True,True,False,results/stage6_v1/reference_atlas/cache/bf482205a5e477a6731be7a55cb75710c0872b3350a0778843a4a3ff11a6a753.npz,physical,antiphase,budget,False,False,True,True,47,305,2256,128,161,4262,1.4188997500459664,results/stage6_v1/domain_wall_candidates/cache/c3645b50902ed56f74e31fad9c0d0dfc00c5c27f2c9a0671c16dec5c88c1fa96.npz
confirmation,8,0.663,0.235,antiphase_band,B3,631,True,6.406906583928503,17431,7008,0.0502076903440659,0.0025208121696856083,0.9999999999999993,0.0,0.9999811314395155,0.0,-5.482896098380497,-5.484740975739283,0.00023060966984822517,0.009451594042548583,0.0028864896906121706,0.007110847164544687,0.9973504059749682,True,True,True,False,results/stage6_v1/reference_atlas/cache/bf482205a5e477a6731be7a55cb75710c0872b3350a0778843a4a3ff11a6a753.npz,physical,antiphase,budget,True,True,True,True,37,231,2256,96,128,3553,1.3832946249749511,results/stage6_v1/legacy_b3/adaptive/cache/53b0a78676e9d100c0b8ba374c4af7e760fcb2a6e9a71b51c6ef9b4660eb1611.npz
confirmation,8,0.663,0.305,antiphase_band,C0,631,False,5.663095832918771,16566,7296,0.1317840455146115,0.0173670346521972,0.9999999999999998,0.0,0.999204208855965,0.0,-5.625055644694952,-5.634337752958487,0.001160263532941852,0.05826829350362006,0.016905988614867584,0.02735371193055469,0.9857023661722469,False,False,False,False,results/stage6_v1/reference_atlas/cache/3af78f15acac85d92ac88af3cff36e374195348fb31026d3d8293e50568d97e6.npz,physical,antiphase,budget,True,True,True,False,48,306,2304,128,153,2774,0.934823791962117,results/stage6_v1/domain_wall_candidates/cache/da019a3d777c454f62b4db44592f593fc986253a8026ea5c15588f1a60a939fd.npz
confirmation,8,0.663,0.305,antiphase_band,C1,631,False,12.534709749976173,39131,7344,0.13699068319999175,0.018766447283600503,1.0000000000000002,0.0,0.9993173148010273,0.0,-5.624517767930211,-5.634337752958487,0.00122749812853451,0.0625134624380097,0.01850358179311762,0.02964523587761847,0.9838529056534476,False,False,False,False,results/stage6_v1/reference_atlas/cache/3af78f15acac85d92ac88af3cff36e374195348fb31026d3d8293e50568d97e6.npz,physical,antiphase,budget,True,True,True,False,47,305,2256,128,140,7460,2.265735750028398,results/stage6_v1/domain_wall_candidates/cache/dd8873f1993d78e93d8e6fa9175d62ba1019458589ee110ca9c061c179d45104.npz
confirmation,8,0.663,0.305,antiphase_band,H6,631,False,5.663095832918771,16566,7296,0.1317840455146115,0.0173670346521972,0.9999999999999998,0.0,0.999204208855965,0.0,-5.625055644694952,-5.634337752958487,0.001160263532941852,0.05826829350362006,0.016905988614867584,0.02735371193055469,0.9857023661722469,False,False,False,False,results/stage6_v1/reference_atlas/cache/3af78f15acac85d92ac88af3cff36e374195348fb31026d3d8293e50568d97e6.npz,physical,antiphase,budget,True,True,True,False,48,306,2304,128,153,2774,0.934823791962117,results/stage6_v1/domain_wall_candidates/cache/da019a3d777c454f62b4db44592f593fc986253a8026ea5c15588f1a60a939fd.npz
confirmation,8,0.663,0.305,antiphase_band,B3,631,False,6.439656041970011,17510,7344,0.1317793280092239,0.017365791290562625,0.9999999999999993,0.0,0.9992042983256652,0.0,-5.625055644752571,-5.634337752958487,0.0011602635257395022,0.05826946614804629,0.016906342774768046,0.027354539174844095,0.9857018281035828,False,False,False,False,results/stage6_v1/reference_atlas/cache/3af78f15acac85d92ac88af3cff36e374195348fb31026d3d8293e50568d97e6.npz,physical,antiphase,budget,True,True,True,False,48,306,2304,128,148,2780,1.0765191669925116,results/stage6_v1/legacy_b3/adaptive/cache/b1cdc9a5ef1256c3826118fc4c6fb335635f545846311fd68dc93607905eb957.npz
confirmation,8,0.663,0.375,antiphase_band,C0,631,False,5.888932165980805,15838,7680,0.18604998435162848,0.0346145966772412,0.999999999999999,0.0,0.9976082702356891,0.0,-5.86289362419623,-5.869702730053704,0.0008511382321841898,0.04304111495685792,0.011987985309416527,0.01049514753422004,0.9964835897080294,False,True,False,False,results/stage6_v1/reference_atlas/cache/24f5cde650d9e7833620acc9d04c695174d73e83fd337655f9b4eba322d2ea70.npz,physical,plus,budget,True,True,True,False,57,321,2736,128,141,7097,2.7924995420034975,results/stage6_v1/domain_wall_candidates/cache/8bd0d6404e8be4c3b06dd62c471d25fffff1407a8b0652e37cebae73af106dc5.npz
confirmation,8,0.663,0.375,antiphase_band,C1,631,False,7.986370958969928,25611,7296,0.24637697835000125,0.06070161546087698,0.9999999999999993,0.0,0.9932209511851744,0.0,-5.85360118185303,-5.869702730053704,0.0020126935250842637,0.08868483550679507,0.024846520046858944,0.024227378781373377,0.9865062491602405,False,False,False,False,results/stage6_v1/reference_atlas/cache/24f5cde650d9e7833620acc9d04c695174d73e83fd337655f9b4eba322d2ea70.npz,physical,plus,budget,True,True,True,False,52,316,2496,128,146,9350,2.9617029589717276,results/stage6_v1/domain_wall_candidates/cache/8ac6cd0a24e6bf8ad8542c42f8d78c51cf4e53f92a02790ae951d1f54af67629.npz
confirmation,8,0.663,0.375,antiphase_band,H6,631,False,5.888932165980805,15838,7680,0.18604998435162848,0.0346145966772412,0.999999999999999,0.0,0.9976082702356891,0.0,-5.86289362419623,-5.869702730053704,0.0008511382321841898,0.04304111495685792,0.011987985309416527,0.01049514753422004,0.9964835897080294,False,True,False,False,results/stage6_v1/reference_atlas/cache/24f5cde650d9e7833620acc9d04c695174d73e83fd337655f9b4eba322d2ea70.npz,physical,plus,budget,True,True,True,False,57,321,2736,128,141,7097,2.7924995420034975,results/stage6_v1/domain_wall_candidates/cache/8bd0d6404e8be4c3b06dd62c471d25fffff1407a8b0652e37cebae73af106dc5.npz
confirmation,8,0.663,0.375,antiphase_band,B3,631,False,5.580664916953538,14954,7584,0.29600160830762645,0.08761695212070152,0.9999999999999994,0.0,0.972070259734909,0.0,-5.8505485888010265,-5.869702730053704,0.002394267656584681,0.06232037205649288,0.017526034645530597,0.01745770885021969,0.9806956146132885,False,False,False,False,results/stage6_v1/reference_atlas/cache/24f5cde650d9e7833620acc9d04c695174d73e83fd337655f9b4eba322d2ea70.npz,physical,ghz,budget,True,True,True,False,53,301,2544,127,136,7778,2.620876999979373,results/stage6_v1/legacy_b3/adaptive/cache/b0210645a98c1a649ffbafcdef09d311d39e5cbb803ea04c96d87457669fc73e.npz
confirmation,8,0.663,0.445,antiphase_band,C0,631,False,4.246508416021243,12175,7344,0.2836924926349886,0.08048143037745305,0.9999999999999999,0.0,0.9952406244187577,0.0,-6.182954542865063,-6.19655664573183,0.0017002628583459023,0.030856386998218355,0.008122002795634353,0.0010472938178418545,0.9953579779836937,False,True,False,False,results/stage6_v1/reference_atlas/cache/b5a9f7c198a06337bd375779e1c3d3df759483af95bbec7b8a60f8ed34bf1252.npz,physical,ghz,budget,True,True,True,False,52,300,2496,127,135,6048,2.072782333008945,results/stage6_v1/domain_wall_candidates/cache/d1249cc5900810e7be4a2e5598aefa584ca68d065f4dc0225b8ae589e5325847.npz
confirmation,8,0.663,0.445,antiphase_band,C1,631,False,8.885514250025153,26964,7680,0.28284494330036386,0.08000126195058604,0.9999999999999989,0.0,0.9960085099908969,0.0,-6.182141090573687,-6.19655664573183,0.0018019443947678848,0.05403898495983306,0.0137304837842544,0.004470112440207119,0.9934628235511411,False,True,False,False,results/stage6_v1/reference_atlas/cache/b5a9f7c198a06337bd375779e1c3d3df759483af95bbec7b8a60f8ed34bf1252.npz,physical,antiphase,budget,True,True,True,False,52,310,2496,128,133,8747,2.825018125004135,results/stage6_v1/domain_wall_candidates/cache/425a5ac7ce528932195bb57275cd8ade9ed7a9642293716714d3a12cd675e7c7.npz
confirmation,8,0.663,0.445,antiphase_band,H6,631,False,4.246508416021243,12175,7344,0.2836924926349886,0.08048143037745305,0.9999999999999999,0.0,0.9952406244187577,0.0,-6.182954542865063,-6.19655664573183,0.0017002628583459023,0.030856386998218355,0.008122002795634353,0.0010472938178418545,0.9953579779836937,False,True,False,False,results/stage6_v1/reference_atlas/cache/b5a9f7c198a06337bd375779e1c3d3df759483af95bbec7b8a60f8ed34bf1252.npz,physical,ghz,budget,True,True,True,False,52,300,2496,127,135,6048,2.072782333008945,results/stage6_v1/domain_wall_candidates/cache/d1249cc5900810e7be4a2e5598aefa584ca68d065f4dc0225b8ae589e5325847.npz
confirmation,8,0.663,0.445,antiphase_band,B3,631,False,4.782224250026047,11418,7728,0.30193217423861113,0.09116303784045503,0.9999999999999986,0.0,0.9923448648709166,0.0,-6.1776030981502235,-6.19655664573183,0.0023691934477008125,0.07687880081842507,0.019100403904985158,0.005615275703510281,0.9890206352320947,False,False,False,False,results/stage6_v1/reference_atlas/cache/b5a9f7c198a06337bd375779e1c3d3df759483af95bbec7b8a60f8ed34bf1252.npz,physical,antiphase,budget,True,True,True,False,52,310,2496,128,142,4379,2.123808457981795,results/stage6_v1/legacy_b3/adaptive/cache/af4713c825ce27ae7db0d94a42890f9e45408e03681337ab966b2e7076c9b358.npz
confirmation,8,0.663,0.515,antiphase_band,C0,631,False,5.433008625986986,15474,7728,0.278283018892351,0.07744143860384059,0.9999999999999977,0.0,0.9957776069632636,0.0,-6.564747871295502,-6.5785120305995095,0.0017205199130009285,0.022228987082638624,0.006543159517231695,0.009390816164870919,0.9960146751661041,False,True,False,False,results/stage6_v1/reference_atlas/cache/a455e3e0674ff24284a8d70186b4fd8754b68f408c0e1bf3bdeac7bb45432018.npz,physical,plus,budget,True,True,True,False,58,322,2784,128,136,4320,1.6529377090046182,results/stage6_v1/domain_wall_candidates/cache/fc7ef3234394d41e58290386f5d8e1334581fc61d171e9156069d752226af260.npz
confirmation,8,0.663,0.515,antiphase_band,C1,631,False,9.7346127499477,29520,7728,0.271986768818858,0.07397680241252293,0.9999999999999993,0.0,0.9979875523077266,0.0,-6.5673382131765745,-6.5785120305995095,0.0013967271778668744,0.007595205175719183,0.0029623544035261573,0.006248086564337729,0.9976161773685637,False,True,False,False,results/stage6_v1/reference_atlas/cache/a455e3e0674ff24284a8d70186b4fd8754b68f408c0e1bf3bdeac7bb45432018.npz,physical,antiphase,budget,True,True,True,False,53,311,2544,128,148,8807,2.954790999996476,results/stage6_v1/domain_wall_candidates/cache/25494c047af013bd981288fbf6584bf0bd10cee27481269165c23ada5ba0867a.npz
confirmation,8,0.663,0.515,antiphase_band,H6,631,False,5.433008625986986,15474,7728,0.278283018892351,0.07744143860384059,0.9999999999999977,0.0,0.9957776069632636,0.0,-6.564747871295502,-6.5785120305995095,0.0017205199130009285,0.022228987082638624,0.006543159517231695,0.009390816164870919,0.9960146751661041,False,True,False,False,results/stage6_v1/reference_atlas/cache/a455e3e0674ff24284a8d70186b4fd8754b68f408c0e1bf3bdeac7bb45432018.npz,physical,plus,budget,True,True,True,False,58,322,2784,128,136,4320,1.6529377090046182,results/stage6_v1/domain_wall_candidates/cache/fc7ef3234394d41e58290386f5d8e1334581fc61d171e9156069d752226af260.npz
confirmation,8,0.663,0.515,antiphase_band,B3,631,False,5.852462459995877,14183,7824,0.3003034863357505,0.09018218390540628,0.9999999999999996,0.0,0.9984942037415037,0.0,-6.5631147524378175,-6.5785120305995095,0.001924659770211501,0.01551024671772433,0.0051610697849735765,0.012941768361154904,0.9960821063166921,False,True,False,False,results/stage6_v1/reference_atlas/cache/a455e3e0674ff24284a8d70186b4fd8754b68f408c0e1bf3bdeac7bb45432018.npz,physical,plus,budget,True,True,True,False,57,321,2736,128,137,5502,2.388418084010482,results/stage6_v1/legacy_b3/adaptive/cache/0e4db61c92e83bafe81f25ca1463730390b71e82b2d4498a3fe357295d1ab3f0.npz
confirmation,8,0.663,0.585,antiphase_band,C0,631,False,5.075230667018332,13510,7680,0.23273260243661334,0.05416446423691872,0.9999999999999993,0.0,0.9985280256356768,0.0,-6.981730179955483,-6.990850389870057,0.0011400262393217453,0.02503989359117939,0.007663813798948482,0.007225810704709401,0.9974801546242341,False,True,False,False,results/stage6_v1/reference_atlas/cache/a83e6482d14c98e35cc17ac59a8168fdfcd4f01c63a34ba7998f2fe7b171fe54.npz,physical,plus,budget,True,True,True,False,55,319,2640,128,127,4965,1.8721950000035577,results/stage6_v1/domain_wall_candidates/cache/e3b1285f2efe82affed9d68bfe8d5b7a35df81b77b221ba3682f133216917091.npz
confirmation,8,0.663,0.585,antiphase_band,C1,631,True,11.418601209006738,32154,7872,0.19980463629421716,0.0399218926846644,0.9999999999999987,0.0,0.9992651010408795,0.0,-6.985456413057914,-6.990850389870057,0.0006742471015178664,0.0049488239917372875,0.0018330106764842258,0.004343141541113704,0.9989834360136695,True,True,True,False,results/stage6_v1/reference_atlas/cache/a83e6482d14c98e35cc17ac59a8168fdfcd4f01c63a34ba7998f2fe7b171fe54.npz,physical,plus,budget,True,True,True,True,58,322,2784,128,131,10824,3.960158042027615,results/stage6_v1/domain_wall_candidates/cache/8bd17a7e81616252842cfca14796891a89afb241648bfb09e25f91ed4fe1ca29.npz
confirmation,8,0.663,0.585,antiphase_band,H6,631,False,5.075230667018332,13510,7680,0.23273260243661334,0.05416446423691872,0.9999999999999993,0.0,0.9985280256356768,0.0,-6.981730179955483,-6.990850389870057,0.0011400262393217453,0.02503989359117939,0.007663813798948482,0.007225810704709401,0.9974801546242341,False,True,False,False,results/stage6_v1/reference_atlas/cache/a83e6482d14c98e35cc17ac59a8168fdfcd4f01c63a34ba7998f2fe7b171fe54.npz,physical,plus,budget,True,True,True,False,55,319,2640,128,127,4965,1.8721950000035577,results/stage6_v1/domain_wall_candidates/cache/e3b1285f2efe82affed9d68bfe8d5b7a35df81b77b221ba3682f133216917091.npz
confirmation,8,0.663,0.585,antiphase_band,B3,631,False,5.692343583970796,14174,7824,0.28582608505479434,0.08169655089775053,0.9999999999999997,0.0,0.9981725928670637,0.0,-6.978032973570077,-6.990850389870057,0.001602177037497543,0.008948913704617756,0.004397330361667312,0.008589713171525348,0.9972035946109918,False,True,False,False,results/stage6_v1/reference_atlas/cache/a83e6482d14c98e35cc17ac59a8168fdfcd4f01c63a34ba7998f2fe7b171fe54.npz,physical,antiphase,budget,True,True,True,False,53,311,2544,128,146,4351,1.8590805840212852,results/stage6_v1/legacy_b3/adaptive/cache/4c4cf4527013236507e316e377c2cf61e54a97b8800bae578fd1e59189df32fe.npz
confirmation,8,0.683,0.085,interior,C0,631,True,4.051456334011164,9747,6720,0.0017964369024905933,3.2271855446299976e-06,1.0000000000000004,0.0,0.999999980591104,0.0,-5.485328304161039,-5.48532977121702,1.833819976981843e-07,4.9942698394644935e-06,1.5907076701959788e-06,1.3183850786663287e-05,0.9999990410174123,True,True,True,False,results/stage6_v1/reference_atlas/cache/88767ee4012ddcc77c25484414fe0760d6b3688f67e2fd91d53543a1b552d7a8.npz,physical,antiphase,budget,True,True,True,True,46,304,2208,128,152,1292,0.5070135840214789,results/stage6_v1/domain_wall_candidates/cache/b55842cbd0b29721127dc48f1b8fe0cf750e12f4437d8bed7a0905a23728c2fa.npz
confirmation,8,0.683,0.085,interior,C1,631,True,9.268301000003703,20820,6576,0.0016693134382479214,2.7866073551150968e-06,1.0,0.0,0.9999999341428336,0.0,-5.485328473607089,-5.48532977121702,1.6220124143817571e-07,4.5562447866798195e-06,1.4379422663690633e-06,1.2130387971862056e-05,0.9999991342550456,True,True,True,False,results/stage6_v1/reference_atlas/cache/88767ee4012ddcc77c25484414fe0760d6b3688f67e2fd91d53543a1b552d7a8.npz,physical,antiphase,budget,True,True,True,True,44,302,2112,128,150,3617,1.4990179580054246,results/stage6_v1/domain_wall_candidates/cache/289315e2a06eb41e1e79e7ad738716f0d96a35a27b3518da862054293fe91fec.npz
confirmation,8,0.683,0.085,interior,H6,631,True,4.051456334011164,9747,6720,0.0017964369024905933,3.2271855446299976e-06,1.0000000000000004,0.0,0.999999980591104,0.0,-5.485328304161039,-5.48532977121702,1.833819976981843e-07,4.9942698394644935e-06,1.5907076701959788e-06,1.3183850786663287e-05,0.9999990410174123,True,True,True,False,results/stage6_v1/reference_atlas/cache/88767ee4012ddcc77c25484414fe0760d6b3688f67e2fd91d53543a1b552d7a8.npz,physical,antiphase,budget,True,True,True,True,46,304,2208,128,152,1292,0.5070135840214789,results/stage6_v1/domain_wall_candidates/cache/b55842cbd0b29721127dc48f1b8fe0cf750e12f4437d8bed7a0905a23728c2fa.npz
confirmation,8,0.683,0.085,interior,B3,631,True,2.62095083395252,7413,5472,0.011133358579456009,0.0001239516732587467,0.9999999999999993,0.0,0.9999999918248914,0.0,-5.485279077298278,-5.48532977121702,6.336739842738304e-06,7.206894141098541e-05,2.6642046504710137e-05,0.00030859406808937673,0.9999673507688026,True,True,True,False,results/stage6_v1/reference_atlas/cache/88767ee4012ddcc77c25484414fe0760d6b3688f67e2fd91d53543a1b552d7a8.npz,physical,antiphase,pool_gradient,True,True,True,True,13,79,1824,32,26,567,0.2084278750116937,results/stage6_v1/legacy_b3/adaptive/cache/267404436b0b022c9a22136fe308a2001ecf1d3d0a4bc1469e4196be4edd8f54.npz
confirmation,8,0.683,0.175,interior,C0,631,True,5.302139917039312,13969,6672,0.015546566158966543,0.00024169571933512372,0.9999999999999988,0.0,0.9999943801698599,0.0,-5.556868352402407,-5.55699557296942,1.5902570876580313e-05,0.0005190493882326619,0.0001590943931141231,0.0006154459283421732,0.999887618661598,True,True,True,False,results/stage6_v1/reference_atlas/cache/1f1238d5a22a21a366a3b86af9b83d2c029ec02f8bc38707fec7a6805d6cdfcd.npz,physical,antiphase,budget,True,True,True,True,45,303,2160,128,151,2460,0.8817947920178995,results/stage6_v1/domain_wall_candidates/cache/f01eb7252a28bf2582093a1728276d880b8fee06e5ef97d76b28c84d12a8bbf6.npz
confirmation,8,0.683,0.175,interior,C1,631,True,13.25369762495393,31024,6720,0.01322080381007526,0.0001747896533845005,0.9999999999999997,0.0,0.9999924294863614,0.0,-5.5568846206004165,-5.55699557296942,1.386904612543649e-05,0.0004613615922880454,0.00014007244262209673,0.0005423102562608084,0.9998995398685145,True,True,True,False,results/stage6_v1/reference_atlas/cache/1f1238d5a22a21a366a3b86af9b83d2c029ec02f8bc38707fec7a6805d6cdfcd.npz,physical,antiphase,budget,True,True,True,True,45,303,2160,128,163,6869,2.7639174580108374,results/stage6_v1/domain_wall_candidates/cache/9db40b45422e1d3b7b9da44422fdd190fa13debe3fd2906009843620f69f4480.npz
confirmation,8,0.683,0.175,interior,H6,631,True,5.302139917039312,13969,6672,0.015546566158966543,0.00024169571933512372,0.9999999999999988,0.0,0.9999943801698599,0.0,-5.556868352402407,-5.55699557296942,1.5902570876580313e-05,0.0005190493882326619,0.0001590943931141231,0.0006154459283421732,0.999887618661598,True,True,True,False,results/stage6_v1/reference_atlas/cache/1f1238d5a22a21a366a3b86af9b83d2c029ec02f8bc38707fec7a6805d6cdfcd.npz,physical,antiphase,budget,True,True,True,True,45,303,2160,128,151,2460,0.8817947920178995,results/stage6_v1/domain_wall_candidates/cache/f01eb7252a28bf2582093a1728276d880b8fee06e5ef97d76b28c84d12a8bbf6.npz
confirmation,8,0.683,0.175,interior,B3,631,True,8.649993208004162,19371,7008,0.03558314198343361,0.0012661599934131957,1.0,0.0,0.999846329684631,0.0,-5.556373952974905,-5.55699557296942,7.770249931438045e-05,0.0012438960402637589,0.000426755355486641,0.002126740780217601,0.999494781881726,True,True,True,False,results/stage6_v1/reference_atlas/cache/1f1238d5a22a21a366a3b86af9b83d2c029ec02f8bc38707fec7a6805d6cdfcd.npz,physical,antiphase,budget,True,True,True,True,25,155,2160,64,78,2380,1.067196874995716,results/stage6_v1/legacy_b3/adaptive/cache/dbf9a0b48586ef5a1b52a4a463a855a2ab9f1e893c50036c61485d69ded18e6c.npz
confirmation,8,0.683,1.675,interior,C0,631,True,12.412996791943442,25095,7584,0.061224180100199484,0.0037484002289416623,0.999999999999998,0.0,0.9999870408152894,0.0,-14.648947423614082,-14.649203324407878,3.198759922451444e-05,0.00020723328313440592,7.379593635084558e-05,9.550511183120669e-05,0.9999816090518572,True,True,True,False,results/stage6_v1/reference_atlas/cache/7643fd997b29b1d5ceab815d6c4554145ba414517c9c20770a2d59c1c21ae2e4.npz,physical,plus,budget,False,False,True,True,56,320,2688,128,144,11250,5.585528499970678,results/stage6_v1/domain_wall_candidates/cache/d0d6b95daf402247c8f17cb1a8b01eb5fa487928c30d7d4dff92709aa6f50695.npz
confirmation,8,0.683,1.675,interior,C1,631,True,17.93060325103579,38119,7440,0.05995726092761631,0.0035948731379422654,1.0000000000000002,0.0,0.9999894484969012,0.0,-14.648934261231464,-14.649203324407878,3.363289705182737e-05,0.0006255357582415338,0.00016621389341842097,0.00010326605711996617,0.9999785721739741,True,True,True,False,results/stage6_v1/reference_atlas/cache/7643fd997b29b1d5ceab815d6c4554145ba414517c9c20770a2d59c1c21ae2e4.npz,physical,antiphase,budget,False,False,True,True,53,311,2544,128,113,14546,7.0680912919924594,results/stage6_v1/domain_wall_candidates/cache/84d7f434961654042599ce24818ab821fe636fa685e0d3fda885cd3da6dba1e7.npz
confirmation,8,0.683,1.675,interior,H6,631,True,12.412996791943442,25095,7584,0.061224180100199484,0.0037484002289416623,0.999999999999998,0.0,0.9999870408152894,0.0,-14.648947423614082,-14.649203324407878,3.198759922451444e-05,0.00020723328313440592,7.379593635084558e-05,9.550511183120669e-05,0.9999816090518572,True,True,True,False,results/stage6_v1/reference_atlas/cache/7643fd997b29b1d5ceab815d6c4554145ba414517c9c20770a2d59c1c21ae2e4.npz,physical,plus,budget,False,False,True,True,56,320,2688,128,144,11250,5.585528499970678,results/stage6_v1/domain_wall_candidates/cache/d0d6b95daf402247c8f17cb1a8b01eb5fa487928c30d7d4dff92709aa6f50695.npz
confirmation,8,0.683,1.675,interior,B3,631,True,11.991713875031564,25303,7632,0.09450662132784445,0.008931501474804582,0.9999999999999988,0.0,0.9999751482092105,0.0,-14.648553234942387,-14.649203324407878,8.126118318640962e-05,0.0007433829429978611,0.0002616913343271299,0.0002181073434306402,0.9999504729584129,True,True,True,False,results/stage6_v1/reference_atlas/cache/7643fd997b29b1d5ceab815d6c4554145ba414517c9c20770a2d59c1c21ae2e4.npz,physical,plus,budget,False,False,True,True,45,245,2640,96,99,11019,5.284474708023481,results/stage6_v1/legacy_b3/adaptive/cache/837894c2bbefdc23b70cc34d317d16156fdc5df1902501d876b16b4e9d48a6f3.npz
confirmation,8,0.683,1.875,interior,C0,631,True,13.756131876027212,24178,7632,0.04242972572768422,0.0018002816253265082,0.9999999999999999,0.0,0.9999925553279221,0.0,-16.150947141850047,-16.151062800221627,1.4457296447556445e-05,0.00011480745838962636,4.3629200514441746e-05,4.042297313500143e-05,0.9999921804499046,True,True,True,False,results/stage6_v1/reference_atlas/cache/8dca448a7b16a3bc775a4a28c132209e9d5424b1d912c9e9ff5e3eeffa461bc2.npz,physical,plus,budget,False,False,True,True,56,320,2688,128,135,9246,5.761729458987247,results/stage6_v1/domain_wall_candidates/cache/b716d1535650c12e14ea066182670c2f4c878f6f5db7bac37436789cbc1a195a.npz
confirmation,8,0.683,1.875,interior,C1,631,True,19.512949749012478,43084,7584,0.04053646481414447,0.0016432049796283725,0.9999999999999989,0.0,0.9999957413311424,0.0,-16.150960062201918,-16.151062800221627,1.2842252463673987e-05,9.286543810137216e-05,3.310850677801236e-05,3.659590431104309e-05,0.9999933167166641,True,True,True,False,results/stage6_v1/reference_atlas/cache/8dca448a7b16a3bc775a4a28c132209e9d5424b1d912c9e9ff5e3eeffa461bc2.npz,physical,plus,budget,False,False,True,True,55,319,2640,128,125,16534,7.307177415990736,results/stage6_v1/domain_wall_candidates/cache/69f05e1f286c1d7e55e51eb10fd8baac88a4142565a311ad1b1b6a849cadfd28.npz
confirmation,8,0.683,1.875,interior,H6,631,True,13.756131876027212,24178,7632,0.04242972572768422,0.0018002816253265082,0.9999999999999999,0.0,0.9999925553279221,0.0,-16.150947141850047,-16.151062800221627,1.4457296447556445e-05,0.00011480745838962636,4.3629200514441746e-05,4.042297313500143e-05,0.9999921804499046,True,True,True,False,results/stage6_v1/reference_atlas/cache/8dca448a7b16a3bc775a4a28c132209e9d5424b1d912c9e9ff5e3eeffa461bc2.npz,physical,plus,budget,False,False,True,True,56,320,2688,128,135,9246,5.761729458987247,results/stage6_v1/domain_wall_candidates/cache/b716d1535650c12e14ea066182670c2f4c878f6f5db7bac37436789cbc1a195a.npz
confirmation,8,0.683,1.875,interior,B3,631,True,13.229898917023093,26403,7632,0.11486260052666285,0.013193416999747729,0.9999999999999996,0.0,0.9999771941533128,0.0,-16.15017078018972,-16.151062800221627,0.00011150250398861417,0.0009530469357186579,0.0003068011764282841,0.00025366889173961127,0.9999362256860013,True,True,True,False,results/stage6_v1/reference_atlas/cache/8dca448a7b16a3bc775a4a28c132209e9d5424b1d912c9e9ff5e3eeffa461bc2.npz,physical,ghz,budget,True,True,True,True,39,223,2496,95,104,7207,3.0426560000050813,results/stage6_v1/legacy_b3/adaptive/cache/969a7fa2ae0c48d1b57be229b5ea38878b444dbdedaaebbeafe3937532b22fce.npz
confirmation,8,0.763,0.235,antiphase_band,C0,631,True,3.4284702090080827,9969,6288,0.020248249014030845,0.0004099915881342011,0.9999999999999998,0.0,0.9999979585313115,0.0,-6.255417321896682,-6.255603117345987,2.3224431163093584e-05,0.0005770058825327329,0.00017396509145878314,0.0006616176034805465,0.9998876823702506,True,True,True,False,results/stage6_v1/reference_atlas/cache/7231bc0ac4ab06c40c2a05316b7295cc8cdab937d2dc25d3968135eb450be0b2.npz,physical,antiphase,budget,True,True,True,True,45,303,2160,128,166,2962,1.065042749978602,results/stage6_v1/domain_wall_candidates/cache/763639568da3aff76d39a81ea37a67db297e79e494bc4dfd251eedb7347dbef9.npz
confirmation,8,0.763,0.235,antiphase_band,C1,631,True,8.496820500004105,27161,6480,0.02033946168172248,0.0004136937015022571,0.9999999999999997,0.0,0.9999883902448362,0.0,-6.255424862693603,-6.255603117345987,2.228183154795449e-05,0.0005517268794774655,0.00016607953367364647,0.0006395612898607572,0.9998937515074979,True,True,True,False,results/stage6_v1/reference_atlas/cache/7231bc0ac4ab06c40c2a05316b7295cc8cdab937d2dc25d3968135eb450be0b2.npz,physical,antiphase,budget,True,True,True,True,44,302,2112,128,158,5454,1.5686556249856949,results/stage6_v1/domain_wall_candidates/cache/87efb46110c2a3e3705c432f457095acb94d72d38f97f10bfe0077a755819b08.npz
confirmation,8,0.763,0.235,antiphase_band,H6,631,True,3.4284702090080827,9969,6288,0.020248249014030845,0.0004099915881342011,0.9999999999999998,0.0,0.9999979585313115,0.0,-6.255417321896682,-6.255603117345987,2.3224431163093584e-05,0.0005770058825327329,0.00017396509145878314,0.0006616176034805465,0.9998876823702506,True,True,True,False,results/stage6_v1/reference_atlas/cache/7231bc0ac4ab06c40c2a05316b7295cc8cdab937d2dc25d3968135eb450be0b2.npz,physical,antiphase,budget,True,True,True,True,45,303,2160,128,166,2962,1.065042749978602,results/stage6_v1/domain_wall_candidates/cache/763639568da3aff76d39a81ea37a67db297e79e494bc4dfd251eedb7347dbef9.npz
confirmation,8,0.763,0.235,antiphase_band,B3,631,True,4.166741125984117,11075,6384,0.051746028470579755,0.0026776514624780507,0.9999999999999996,0.0,0.9998312243171792,0.0,-6.254644277986856,-6.255603117345987,0.00011985491989141561,0.0014943432135019474,0.0005103748688281562,0.0024370407773224856,0.9994769116751852,True,True,True,False,results/stage6_v1/reference_atlas/cache/7231bc0ac4ab06c40c2a05316b7295cc8cdab937d2dc25d3968135eb450be0b2.npz,physical,antiphase,budget,True,True,True,True,25,155,2256,64,77,3516,1.393909916980192,results/stage6_v1/legacy_b3/adaptive/cache/5e0c86928d496dcb697961a73da9aa69a177197333617b13c63bbbd0ea1086ef.npz
confirmation,8,0.763,0.305,antiphase_band,C0,631,True,5.158041459042579,13389,6528,0.05190244053521686,0.002693863333511722,0.999999999999999,0.0,0.9999420760750696,0.0,-6.367336676937285,-6.36824411425543,0.00011342966476812766,0.003131747651914152,0.0009298063743343188,0.0025768656658988753,0.999442542079093,True,True,True,False,results/stage6_v1/reference_atlas/cache/a1c833a8826b81fdbc30f8d052f4a1edc0f50c6eb3e7d2b010218cd9a3b7b80f.npz,physical,antiphase,budget,True,True,True,True,47,305,2256,128,160,3159,1.4727517499704845,results/stage6_v1/domain_wall_candidates/cache/b0296a44dfbca0e165c579cc652c28bcb3c5d6d2a68412b205b74b34a4c771f5.npz
confirmation,8,0.763,0.305,antiphase_band,C1,631,True,9.932622458029073,29850,6912,0.05009077422846187,0.00250908566280674,0.9999999999999992,0.0,0.999930140916347,0.0,-6.36744443140279,-6.36824411425543,9.99603565799978e-05,0.0028341488384199254,0.0008361821126206537,0.0022699492794077125,0.9995320526933794,True,True,True,False,results/stage6_v1/reference_atlas/cache/a1c833a8826b81fdbc30f8d052f4a1edc0f50c6eb3e7d2b010218cd9a3b7b80f.npz,physical,antiphase,budget,True,True,True,True,45,303,2160,128,160,6651,2.0624477500095963,results/stage6_v1/domain_wall_candidates/cache/ed5288586ebb32cf64361e6ca82264d068266fced9e99801d3fbad5fe458168c.npz
confirmation,8,0.763,0.305,antiphase_band,H6,631,True,5.158041459042579,13389,6528,0.05190244053521686,0.002693863333511722,0.999999999999999,0.0,0.9999420760750696,0.0,-6.367336676937285,-6.36824411425543,0.00011342966476812766,0.003131747651914152,0.0009298063743343188,0.0025768656658988753,0.999442542079093,True,True,True,False,results/stage6_v1/reference_atlas/cache/a1c833a8826b81fdbc30f8d052f4a1edc0f50c6eb3e7d2b010218cd9a3b7b80f.npz,physical,antiphase,budget,True,True,True,True,47,305,2256,128,160,3159,1.4727517499704845,results/stage6_v1/domain_wall_candidates/cache/b0296a44dfbca0e165c579cc652c28bcb3c5d6d2a68412b205b74b34a4c771f5.npz
confirmation,8,0.763,0.305,antiphase_band,B3,631,True,4.5403158739209175,13030,6528,0.05190591766489858,0.002694224288635231,0.9999999999999988,0.0,0.9999420010627443,0.0,-6.367336676724881,-6.36824411425543,0.00011342969131855618,0.0031313822658263213,0.0009297186236605914,0.0025765665409188676,0.9994425778209011,True,True,True,False,results/stage6_v1/reference_atlas/cache/a1c833a8826b81fdbc30f8d052f4a1edc0f50c6eb3e7d2b010218cd9a3b7b80f.npz,physical,antiphase,budget,True,True,True,True,47,305,2256,128,160,2721,1.0384947499842383,results/stage6_v1/legacy_b3/adaptive/cache/e2c02792920acebe3591da3de80746f5de8f525351ee0c78da54766cbf3fdd43.npz
confirmation,8,0.763,0.375,antiphase_band,C0,631,True,4.1662642089650035,11712,6624,0.09389129862263007,0.008815575957043895,0.9999999999999998,0.0,0.9997808022110557,0.0,-6.518500189973887,-6.522356651463526,0.0004820576862049064,0.013931132900984355,0.004080762714195718,0.00877661133990204,0.9971813710082627,True,True,True,False,results/stage6_v1/reference_atlas/cache/62f4f4fe6f317d4e593bcb8f5ad8783c112c523b3cede83ee4c1da9807c9875c.npz,physical,antiphase,budget,True,True,True,True,46,304,2208,128,154,2296,0.7580006669741124,results/stage6_v1/domain_wall_candidates/cache/b1f8c87debf368b2c41122456a40c8d76b6c7cee60f2f67e20a1f1cca6bdde94.npz
confirmation,8,0.763,0.375,antiphase_band,C1,631,True,9.612755125039257,28401,6912,0.0993424149925233,0.00986891541654672,0.9999999999999983,0.0,0.9997540237255428,0.0,-6.519252747535706,-6.522356651463526,0.0003879879909775008,0.011646892807467335,0.003394410948583282,0.0069487046225163995,0.998049014994311,True,True,True,False,results/stage6_v1/reference_atlas/cache/62f4f4fe6f317d4e593bcb8f5ad8783c112c523b3cede83ee4c1da9807c9875c.npz,physical,antiphase,budget,True,True,True,True,46,304,2208,128,142,6731,2.2521010000491515,results/stage6_v1/domain_wall_candidates/cache/ee98f03ec5c1016bcc902a9e21fb9c48f63a35285b9959892ad80a9da9e7564e.npz
confirmation,8,0.763,0.375,antiphase_band,H6,631,True,4.1662642089650035,11712,6624,0.09389129862263007,0.008815575957043895,0.9999999999999998,0.0,0.9997808022110557,0.0,-6.518500189973887,-6.522356651463526,0.0004820576862049064,0.013931132900984355,0.004080762714195718,0.00877661133990204,0.9971813710082627,True,True,True,False,results/stage6_v1/reference_atlas/cache/62f4f4fe6f317d4e593bcb8f5ad8783c112c523b3cede83ee4c1da9807c9875c.npz,physical,antiphase,budget,True,True,True,True,46,304,2208,128,154,2296,0.7580006669741124,results/stage6_v1/domain_wall_candidates/cache/b1f8c87debf368b2c41122456a40c8d76b6c7cee60f2f67e20a1f1cca6bdde94.npz
confirmation,8,0.763,0.375,antiphase_band,B3,631,True,4.632915875001345,12917,6672,0.11393934208323701,0.012982173674360905,1.0000000000000002,0.0,0.9994964508171217,0.0,-6.518727088111817,-6.522356651463526,0.00045369541896367327,0.012024652341319553,0.00358408976093183,0.0076223161307023,0.9979282268014986,True,True,True,False,results/stage6_v1/reference_atlas/cache/62f4f4fe6f317d4e593bcb8f5ad8783c112c523b3cede83ee4c1da9807c9875c.npz,physical,plus,budget,False,False,True,True,50,314,2400,128,129,5896,2.328946208988782,results/stage6_v1/legacy_b3/adaptive/cache/8c4b6f6f5d39883458e75face5c22eeaf6e716dc9f6a7f91ffaa3c4b9f35e2a9.npz
confirmation,8,0.763,0.445,antiphase_band,C0,631,False,3.4377384999534115,9000,6864,0.17117953270497835,0.02930243241709475,0.9999999999999987,0.0,0.9985395558234125,0.0,-6.721849338367526,-6.728641437382467,0.0008490123768676305,0.024324936453992363,0.0068999717751004885,0.010386211998653694,0.9965777329300989,False,True,False,False,results/stage6_v1/reference_atlas/cache/3552eeefb08e725e19e377b9f12881e767e9c33badd3d927943e129c4e0da7fd.npz,physical,plus,budget,True,True,True,False,51,315,2448,128,169,2580,0.9797578749712557,results/stage6_v1/domain_wall_candidates/cache/e26b77e4441f63eff723b994d655df3b8c1c8b3c4db3f876d6b3d9f3423ac2a1.npz
confirmation,8,0.763,0.445,antiphase_band,C1,631,True,10.697506666998379,27627,7152,0.1664699396697804,0.02771224081366033,0.9999999999999991,0.0,0.999241729567527,0.0,-6.722891352583711,-6.728641437382467,0.0007187605998444369,0.019424337851056572,0.0053721103718955,0.007464180182221725,0.9974468113762914,True,True,True,False,results/stage6_v1/reference_atlas/cache/3552eeefb08e725e19e377b9f12881e767e9c33badd3d927943e129c4e0da7fd.npz,physical,antiphase,budget,True,True,True,True,49,307,2352,128,130,7498,2.7330870419973508,results/stage6_v1/domain_wall_candidates/cache/41a8a95b4d119f95229aa52269466b25d986baeb05e1c0e785766ef1d02eeb2e.npz
confirmation,8,0.763,0.445,antiphase_band,H6,631,False,3.4377384999534115,9000,6864,0.17117953270497835,0.02930243241709475,0.9999999999999987,0.0,0.9985395558234125,0.0,-6.721849338367526,-6.728641437382467,0.0008490123768676305,0.024324936453992363,0.0068999717751004885,0.010386211998653694,0.9965777329300989,False,True,False,False,results/stage6_v1/reference_atlas/cache/3552eeefb08e725e19e377b9f12881e767e9c33badd3d927943e129c4e0da7fd.npz,physical,plus,budget,True,True,True,False,51,315,2448,128,169,2580,0.9797578749712557,results/stage6_v1/domain_wall_candidates/cache/e26b77e4441f63eff723b994d655df3b8c1c8b3c4db3f876d6b3d9f3423ac2a1.npz
confirmation,8,0.763,0.445,antiphase_band,B3,631,False,3.28410608303966,9144,6864,0.17118026136339348,0.029302681880439704,0.9999999999999982,0.0,0.9985394542783893,0.0,-6.721849338300972,-6.728641437382467,0.0008490123851868647,0.024324874200866597,0.0069000088856734365,0.010386334732108926,0.9965777814410866,False,True,False,False,results/stage6_v1/reference_atlas/cache/3552eeefb08e725e19e377b9f12881e767e9c33badd3d927943e129c4e0da7fd.npz,physical,plus,budget,True,True,True,False,51,315,2448,128,164,2618,1.0315786250284873,results/stage6_v1/legacy_b3/adaptive/cache/daebc728f50e96b1d573acef8208c79d15517146492caec04cb247b62b1ed20a.npz
confirmation,8,0.763,0.515,antiphase_band,C0,631,False,4.605602915980853,12716,7104,0.28166743424654406,0.07933654351503122,1.0000000000000002,0.0,0.9965380620744545,0.0,-6.981262904265387,-6.996746594325359,0.0019354612574964403,0.03548425293827295,0.010200729821066068,0.010704643432186911,0.9939848788993758,False,True,False,False,results/stage6_v1/reference_atlas/cache/429bf3d10d23bdf2bbd6bccda3be986a16dc863e302724b29466bacb7341ae15.npz,physical,ghz,budget,True,True,True,False,48,296,2304,127,149,7665,2.6968637499958277,results/stage6_v1/domain_wall_candidates/cache/f0143e9ba5de746baed807aafccb56e2e21ebb5b23461903b8d2a5b4b42fb627.npz
confirmation,8,0.763,0.515,antiphase_band,C1,631,False,7.273126417014282,23155,7152,0.24141650945582457,0.05828193103783424,0.9999999999999997,0.0,0.9988970976656228,0.0,-6.984666627670601,-6.996746594325359,0.001509995831844746,0.03567812751728927,0.009662982634800199,0.008851717348894672,0.9952096162314356,False,True,False,False,results/stage6_v1/reference_atlas/cache/429bf3d10d23bdf2bbd6bccda3be986a16dc863e302724b29466bacb7341ae15.npz,physical,antiphase,budget,True,True,True,False,50,308,2400,128,161,6979,2.2096463750349358,results/stage6_v1/domain_wall_candidates/cache/a66a73e69110febedd0613653a20c049e08a19f24c6729ac6a018270017b0267.npz
confirmation,8,0.763,0.515,antiphase_band,H6,631,False,4.605602915980853,12716,7104,0.28166743424654406,0.07933654351503122,1.0000000000000002,0.0,0.9965380620744545,0.0,-6.981262904265387,-6.996746594325359,0.0019354612574964403,0.03548425293827295,0.010200729821066068,0.010704643432186911,0.9939848788993758,False,True,False,False,results/stage6_v1/reference_atlas/cache/429bf3d10d23bdf2bbd6bccda3be986a16dc863e302724b29466bacb7341ae15.npz,physical,ghz,budget,True,True,True,False,48,296,2304,127,149,7665,2.6968637499958277,results/stage6_v1/domain_wall_candidates/cache/f0143e9ba5de746baed807aafccb56e2e21ebb5b23461903b8d2a5b4b42fb627.npz
confirmation,8,0.763,0.515,antiphase_band,B3,631,False,3.39057045802474,9214,6912,0.25095708634162234,0.06297945918507648,0.9999999999999984,0.0,0.9972994982048817,0.0,-6.980179630850381,-6.996746594325359,0.002070870434372152,0.05603421033052536,0.015005635772581682,0.016202063682016377,0.9908501710527726,False,True,False,False,results/stage6_v1/reference_atlas/cache/429bf3d10d23bdf2bbd6bccda3be986a16dc863e302724b29466bacb7341ae15.npz,physical,plus,budget,True,True,True,False,51,315,2448,128,112,2480,1.0137313750456087,results/stage6_v1/legacy_b3/adaptive/cache/ad4e9074f773c298ff1c04e19fc64705eb5b38a289415bc51a66ae4b1c13b931.npz
confirmation,8,0.763,0.585,antiphase_band,C0,631,False,2.443404958001338,7411,7104,0.2967041141989358,0.08803333138257512,0.9999999999999991,0.0,0.9981951048275093,0.0,-7.312837212376254,-7.325767907419544,0.0016163368804111844,0.017214810864002117,0.004919295610273017,0.00014295501301397895,0.9971597728278507,False,True,False,False,results/stage6_v1/reference_atlas/cache/bb8fd7ef3d4f890c2c3043a0bf7eaf4f7fd302201b1f8cfe65034c6948aea50a.npz,physical,antiphase,budget,True,True,True,False,50,308,2400,128,129,2419,0.8436467910069041,results/stage6_v1/domain_wall_candidates/cache/dac463af3904d710f5d838617ff1dc62429a8b3f70a4959a5cb4a0efa4e8a7cb.npz
confirmation,8,0.763,0.585,antiphase_band,C1,631,False,7.667039207997732,23021,7296,0.27335309860633666,0.07472191651768562,0.9999999999999996,0.0,0.9979290290367344,0.0,-7.313930348315395,-7.325767907419544,0.001479694888018579,0.016576431857298124,0.004803836396542666,0.0006391514999425363,0.9973077843568754,False,True,False,False,results/stage6_v1/reference_atlas/cache/bb8fd7ef3d4f890c2c3043a0bf7eaf4f7fd302201b1f8cfe65034c6948aea50a.npz,physical,ghz,budget,True,True,True,False,51,299,2448,127,140,8406,2.9384179579792544,results/stage6_v1/domain_wall_candidates/cache/83b1835181c8ee5e9c6dec6c0b9c7f28759f5047e65c6aa2a09d76f97b6220ea.npz
confirmation,8,0.763,0.585,antiphase_band,H6,631,False,2.443404958001338,7411,7104,0.2967041141989358,0.08803333138257512,0.9999999999999991,0.0,0.9981951048275093,0.0,-7.312837212376254,-7.325767907419544,0.0016163368804111844,0.017214810864002117,0.004919295610273017,0.00014295501301397895,0.9971597728278507,False,True,False,False,results/stage6_v1/reference_atlas/cache/bb8fd7ef3d4f890c2c3043a0bf7eaf4f7fd302201b1f8cfe65034c6948aea50a.npz,physical,antiphase,budget,True,True,True,False,50,308,2400,128,129,2419,0.8436467910069041,results/stage6_v1/domain_wall_candidates/cache/dac463af3904d710f5d838617ff1dc62429a8b3f70a4959a5cb4a0efa4e8a7cb.npz
confirmation,8,0.763,0.585,antiphase_band,B3,631,False,2.730497916927561,7524,7104,0.29670389509127143,0.0880332013623322,1.0,0.0,0.9981950147994005,0.0,-7.312837212366737,-7.325767907419544,0.0016163368816008994,0.01721392467004762,0.004919063401470886,0.00014287019516756594,0.9971597797766273,False,True,False,False,results/stage6_v1/reference_atlas/cache/bb8fd7ef3d4f890c2c3043a0bf7eaf4f7fd302201b1f8cfe65034c6948aea50a.npz,physical,antiphase,budget,True,True,True,False,50,308,2400,128,128,2403,0.9522981249610893,results/stage6_v1/legacy_b3/adaptive/cache/bf0e1bcd32cfc1140d0b04c0464a895083082120d3250f0997b349da4f405de7.npz
confirmation,8,0.863,0.235,antiphase_band,C0,631,True,4.4176932500558905,9557,6336,0.011540737407425545,0.00013318861990715129,0.999999999999999,0.0,0.9999985258727923,0.0,-7.0362009789452795,-7.036233696231258,4.089660747275126e-06,7.95501592560921e-05,2.4031324188211745e-05,0.00011309113029076001,0.9999888175706582,True,True,True,False,results/stage6_v1/reference_atlas/cache/c573c1288c647c434590d34692b2a7806fdc89be0abdbaed0a4e88353dcdb32b.npz,physical,antiphase,budget,True,True,True,True,47,305,2256,128,167,2905,1.3577278750017285,results/stage6_v1/domain_wall_candidates/cache/ff2f79663e04345ddd97f516c41158e4fb96b676baf840f189450fc4aaed5377.npz
confirmation,8,0.863,0.235,antiphase_band,C1,631,True,10.142443125019781,25109,6480,0.011541706109976884,0.00013321097992907775,1.0000000000000009,0.0,0.9999978557310533,0.0,-7.036199307231736,-7.036233696231258,4.2986249402243715e-06,8.070828970807575e-05,2.4113038401496478e-05,0.00011769312838191825,0.9999880999589107,True,True,True,False,results/stage6_v1/reference_atlas/cache/c573c1288c647c434590d34692b2a7806fdc89be0abdbaed0a4e88353dcdb32b.npz,physical,antiphase,budget,False,False,True,True,45,303,2160,128,142,5859,2.4129423340200447,results/stage6_v1/domain_wall_candidates/cache/11377f6d276b3961133f67929040eeafd52c7efa0b470b70bfd1d2b6dadc7902.npz
confirmation,8,0.863,0.235,antiphase_band,H6,631,True,4.4176932500558905,9557,6336,0.011540737407425545,0.00013318861990715129,0.999999999999999,0.0,0.9999985258727923,0.0,-7.0362009789452795,-7.036233696231258,4.089660747275126e-06,7.95501592560921e-05,2.4031324188211745e-05,0.00011309113029076001,0.9999888175706582,True,True,True,False,results/stage6_v1/reference_atlas/cache/c573c1288c647c434590d34692b2a7806fdc89be0abdbaed0a4e88353dcdb32b.npz,physical,antiphase,budget,True,True,True,True,47,305,2256,128,167,2905,1.3577278750017285,results/stage6_v1/domain_wall_candidates/cache/ff2f79663e04345ddd97f516c41158e4fb96b676baf840f189450fc4aaed5377.npz
confirmation,8,0.863,0.235,antiphase_band,B3,631,True,3.44894445798127,10883,6144,0.0564736591271406,0.0031892741752084708,1.0000000000000013,0.0,0.9999993318711347,0.0,-7.035472878893928,-7.036233696231258,9.510216716623887e-05,0.000785611311939105,0.0002817648142888207,0.0018031131093466934,0.9997413993619753,True,True,True,False,results/stage6_v1/reference_atlas/cache/c573c1288c647c434590d34692b2a7806fdc89be0abdbaed0a4e88353dcdb32b.npz,physical,antiphase,energy_stagnation,True,True,True,True,13,79,1872,32,27,1020,0.3230627500452101,results/stage6_v1/legacy_b3/adaptive/cache/b55c3452077bc956ee83eb53f971f43563b590c5dd181c6875d790589faf8376.npz
confirmation,8,0.863,0.305,antiphase_band,C0,631,True,5.02029712498188,11307,6432,0.025560953301679058,0.0006533623336906176,0.9999999999999993,0.0,0.9999926775773965,0.0,-7.131633588934607,-7.131841517555168,2.599107757017549e-05,0.0005204642840307416,0.00015495749365823652,0.0005703349769593802,0.9999142741132115,True,True,True,False,results/stage6_v1/reference_atlas/cache/7d600ccdee43a2066f6c30573df915dd51ae5f131266fb6b613479dc4d893483.npz,physical,antiphase,budget,True,True,True,True,46,304,2208,128,169,2791,1.2346359579823911,results/stage6_v1/domain_wall_candidates/cache/65c0927a5efad77da730bdf582e3b454a20fe545e1dc9f9f7a39dff4aa32dcd8.npz
confirmation,8,0.863,0.305,antiphase_band,C1,631,True,10.974947790964507,31556,6864,0.026675240886475767,0.0007115684763515085,0.9999999999999992,0.0,0.9999892436869152,0.0,-7.131641244189819,-7.131841517555168,2.5034170668680744e-05,0.0004964408316799895,0.0001483006588212099,0.000540829086985023,0.9999223641560316,True,True,True,False,results/stage6_v1/reference_atlas/cache/7d600ccdee43a2066f6c30573df915dd51ae5f131266fb6b613479dc4d893483.npz,physical,antiphase,budget,False,False,True,True,46,304,2208,128,147,6862,2.2801276660175063,results/stage6_v1/domain_wall_candidates/cache/277582e7318480488b3bb24e4a9b1573665f182d07e2544c9b4884a9fe4ecd2a.npz
confirmation,8,0.863,0.305,antiphase_band,H6,631,True,5.02029712498188,11307,6432,0.025560953301679058,0.0006533623336906176,0.9999999999999993,0.0,0.9999926775773965,0.0,-7.131633588934607,-7.131841517555168,2.599107757017549e-05,0.0005204642840307416,0.00015495749365823652,0.0005703349769593802,0.9999142741132115,True,True,True,False,results/stage6_v1/reference_atlas/cache/7d600ccdee43a2066f6c30573df915dd51ae5f131266fb6b613479dc4d893483.npz,physical,antiphase,budget,True,True,True,True,46,304,2208,128,169,2791,1.2346359579823911,results/stage6_v1/domain_wall_candidates/cache/65c0927a5efad77da730bdf582e3b454a20fe545e1dc9f9f7a39dff4aa32dcd8.npz
confirmation,8,0.863,0.305,antiphase_band,B3,631,True,4.306919082999229,12681,6480,0.025575912131165213,0.0006541272813410839,0.9999999999999991,0.0,0.9999925416912648,0.0,-7.131633588048376,-7.131841517555168,2.5991188349006045e-05,0.0005194238320997968,0.00015466123401886023,0.0005689985232318062,0.9999143497268785,True,True,True,False,results/stage6_v1/reference_atlas/cache/7d600ccdee43a2066f6c30573df915dd51ae5f131266fb6b613479dc4d893483.npz,physical,antiphase,budget,True,True,True,True,46,304,2208,128,168,2749,1.065712166018784,results/stage6_v1/legacy_b3/adaptive/cache/777b3576cf7f703cad04af51a417003081678aea200184b955aee0788fbb1647.npz
confirmation,8,0.863,0.375,antiphase_band,C0,631,True,3.7940840839874,10593,6480,0.04950728817488341,0.002450971582430951,0.9999999999999991,0.0,0.9999693913934562,0.0,-7.257712656372984,-7.258495329199276,9.783410328645381e-05,0.0020506539657162426,0.0006007954533339688,0.0017396791004829493,0.9996589512526332,True,True,True,False,results/stage6_v1/reference_atlas/cache/35bda7d57e3a3473746f9cd5a20f236168a693dcac23d849d4e8da12fa2df860.npz,physical,antiphase,budget,True,True,True,True,46,304,2208,128,158,2428,0.8051275829784572,results/stage6_v1/domain_wall_candidates/cache/b0a840c76a2e2b3d27a15d5249eeeb65421dc1e79e30fd35b3ec53446dd0c314.npz
confirmation,8,0.863,0.375,antiphase_band,C1,631,True,8.504398707998917,26396,6720,0.048420785780265395,0.0023445724955783514,0.9999999999999996,0.0,0.9999470198575109,0.0,-7.257883294009819,-7.258495329199276,7.650439868212011e-05,0.0016330725592916817,0.0004775886543217922,0.0013480049485566914,0.999763346938179,True,True,True,False,results/stage6_v1/reference_atlas/cache/35bda7d57e3a3473746f9cd5a20f236168a693dcac23d849d4e8da12fa2df860.npz,physical,antiphase,budget,True,True,True,True,45,303,2160,128,152,6074,1.8108329580281861,results/stage6_v1/domain_wall_candidates/cache/8b94929c313c4b330df1532828c24ee9f19fce156bd50d9a6ba843b85eab2523.npz
confirmation,8,0.863,0.375,antiphase_band,H6,631,True,3.7940840839874,10593,6480,0.04950728817488341,0.002450971582430951,0.9999999999999991,0.0,0.9999693913934562,0.0,-7.257712656372984,-7.258495329199276,9.783410328645381e-05,0.0020506539657162426,0.0006007954533339688,0.0017396791004829493,0.9996589512526332,True,True,True,False,results/stage6_v1/reference_atlas/cache/35bda7d57e3a3473746f9cd5a20f236168a693dcac23d849d4e8da12fa2df860.npz,physical,antiphase,budget,True,True,True,True,46,304,2208,128,158,2428,0.8051275829784572,results/stage6_v1/domain_wall_candidates/cache/b0a840c76a2e2b3d27a15d5249eeeb65421dc1e79e30fd35b3ec53446dd0c314.npz
confirmation,8,0.863,0.375,antiphase_band,B3,631,True,4.76987837505294,13542,6672,0.04950223861045362,0.0024504716274462855,0.9999999999999998,0.0,0.9999695832754117,0.0,-7.257712652812439,-7.258495329199276,9.78345483545473e-05,0.002051273004368581,0.0006009421840683093,0.0017402904577211165,0.9996588836548643,True,True,True,False,results/stage6_v1/reference_atlas/cache/35bda7d57e3a3473746f9cd5a20f236168a693dcac23d849d4e8da12fa2df860.npz,physical,antiphase,budget,True,True,True,True,46,304,2208,128,160,2442,0.9167352910153568,results/stage6_v1/legacy_b3/adaptive/cache/00555ffaec661a373c273c655a0d5468c35f67e22ed52b6174d8b7a4f304b952.npz
confirmation,8,0.863,0.445,antiphase_band,C0,631,True,2.9147482089465484,8875,6672,0.08993623578624785,0.008088526507399567,0.9999999999999974,0.0,0.999837566204098,0.0,-7.4188133203392335,-7.420966148495097,0.0002691035194829494,0.005709060220414175,0.0016674543967675204,0.003912596336316576,0.9990944204729669,True,True,True,False,results/stage6_v1/reference_atlas/cache/cffdca8c18134660a8bcf606107d317b0ca8c7a73f0ba661b91e6060f095ccaa.npz,physical,plus,budget,True,True,True,True,50,314,2400,128,129,2258,0.8441659169620834,results/stage6_v1/domain_wall_candidates/cache/e41991c0b3b372ec288a4897cb856cad660ac23186050fbb5672ea29c4809dae.npz
confirmation,8,0.863,0.445,antiphase_band,C1,631,True,7.529206124017946,25118,6864,0.08728534124117945,0.007618730795589143,0.9999999999999986,0.0,0.999534974000712,0.0,-7.419428512056452,-7.420966148495097,0.0001922045548305995,0.004025321242195012,0.0011706372504688978,0.0026748186814326558,0.9993864119329295,True,True,True,False,results/stage6_v1/reference_atlas/cache/cffdca8c18134660a8bcf606107d317b0ca8c7a73f0ba661b91e6060f095ccaa.npz,physical,plus,budget,True,True,True,True,51,315,2448,128,138,9041,2.934312333003618,results/stage6_v1/domain_wall_candidates/cache/d495873260b04b0e741cf64c0dbcfb412384aecca3a670cdfa3e770319c1bff6.npz
confirmation,8,0.863,0.445,antiphase_band,H6,631,True,2.9147482089465484,8875,6672,0.08993623578624785,0.008088526507399567,0.9999999999999974,0.0,0.999837566204098,0.0,-7.4188133203392335,-7.420966148495097,0.0002691035194829494,0.005709060220414175,0.0016674543967675204,0.003912596336316576,0.9990944204729669,True,True,True,False,results/stage6_v1/reference_atlas/cache/cffdca8c18134660a8bcf606107d317b0ca8c7a73f0ba661b91e6060f095ccaa.npz,physical,plus,budget,True,True,True,True,50,314,2400,128,129,2258,0.8441659169620834,results/stage6_v1/domain_wall_candidates/cache/e41991c0b3b372ec288a4897cb856cad660ac23186050fbb5672ea29c4809dae.npz
confirmation,8,0.863,0.445,antiphase_band,B3,631,True,3.4622197920107283,10172,6816,0.0950606965656979,0.00903653603155569,1.0000000000000002,0.0,0.999799147918434,0.0,-7.418213515352741,-7.420966148495097,0.0003440791427945511,0.006875535149007184,0.00200629728413404,0.004835658746850269,0.9987641251703766,True,True,True,False,results/stage6_v1/reference_atlas/cache/cffdca8c18134660a8bcf606107d317b0ca8c7a73f0ba661b91e6060f095ccaa.npz,physical,ghz,budget,True,True,True,True,46,294,2208,127,148,4578,1.3671003750059754,results/stage6_v1/legacy_b3/adaptive/cache/9abb753f6475df8a9d22cbba224c92d231a1b44d30840d9e09b4cad72e7c87ef.npz
confirmation,8,0.863,0.515,antiphase_band,C0,631,True,3.238721123954747,9742,6912,0.13898795661532626,0.019317652084103815,0.9999999999999986,0.0,0.9997554877300687,0.0,-7.61992605147465,-7.6249153356149915,0.0006236605175427012,0.01352973202761587,0.003857377300839515,0.006937814019016941,0.9978846738768691,True,True,True,False,results/stage6_v1/reference_atlas/cache/28752dfd63d17e12077c6b684813d3c416326507959452e06bd28f8622b0a086.npz,physical,plus,budget,True,True,True,True,51,315,2448,128,134,2749,0.9877460410352796,results/stage6_v1/domain_wall_candidates/cache/be47241340e70124307c6a8a6bc2f965b27fed7e3d8756f068405b88eaef5da0.npz
confirmation,8,0.863,0.515,antiphase_band,C1,631,True,6.591913333977573,22593,7008,0.13989864201445923,0.019571630037489816,0.9999999999999997,0.0,0.9994400407053062,0.0,-7.621127807458258,-7.6249153356149915,0.0004734410195916805,0.008928831052534392,0.002528284269867509,0.004377593645717048,0.9987595362390923,True,True,True,False,results/stage6_v1/reference_atlas/cache/28752dfd63d17e12077c6b684813d3c416326507959452e06bd28f8622b0a086.npz,physical,antiphase,budget,True,True,True,True,47,305,2256,128,134,6453,1.854589249996934,results/stage6_v1/domain_wall_candidates/cache/c1a279819cf71bf31dbdd6d24f3ee70c07ed1233211fd99ce339169a94f8fd90.npz
confirmation,8,0.863,0.515,antiphase_band,H6,631,True,3.238721123954747,9742,6912,0.13898795661532626,0.019317652084103815,0.9999999999999986,0.0,0.9997554877300687,0.0,-7.61992605147465,-7.6249153356149915,0.0006236605175427012,0.01352973202761587,0.003857377300839515,0.006937814019016941,0.9978846738768691,True,True,True,False,results/stage6_v1/reference_atlas/cache/28752dfd63d17e12077c6b684813d3c416326507959452e06bd28f8622b0a086.npz,physical,plus,budget,True,True,True,True,51,315,2448,128,134,2749,0.9877460410352796,results/stage6_v1/domain_wall_candidates/cache/be47241340e70124307c6a8a6bc2f965b27fed7e3d8756f068405b88eaef5da0.npz
confirmation,8,0.863,0.515,antiphase_band,B3,631,True,3.387496584036853,9371,6864,0.14566095997908884,0.021217115262029723,1.0000000000000002,0.0,0.9997540075932054,0.0,-7.620029909843641,-7.6249153356149915,0.0006106782214188033,0.012774503974176565,0.003644960361283367,0.006513225373866727,0.9980646151391439,True,True,True,False,results/stage6_v1/reference_atlas/cache/28752dfd63d17e12077c6b684813d3c416326507959452e06bd28f8622b0a086.npz,physical,antiphase,budget,True,True,True,True,48,306,2304,128,117,2843,1.1537921250564978,results/stage6_v1/legacy_b3/adaptive/cache/9b750fba6cea6ce0ac4ac7ba29324bbe08fc58c293b402ffe730da77cfe1f88a.npz
confirmation,8,0.863,0.585,antiphase_band,C0,631,True,2.8935465419781394,8848,6912,0.2113638888768241,0.04467469352113445,1.0000000000000002,0.0,0.9991222409558276,0.0,-7.867585895036592,-7.875407494446703,0.000977699926263953,0.017317005715472344,0.004846429542182562,0.006448201464380354,0.9975774710614613,True,True,True,False,results/stage6_v1/reference_atlas/cache/00b3744c78a8a82971f6b2a0bcee74cb03ed5f80a895ae7f596ac90316cda6c3.npz,physical,antiphase,budget,True,True,True,True,49,307,2352,128,123,2779,0.9478807920240797,results/stage6_v1/domain_wall_candidates/cache/54f94de047aba4a7e1e6309a47a31284ba9486a1669f62c41840cecf6ff1dfdf.npz
confirmation,8,0.863,0.585,antiphase_band,C1,631,True,7.957171416957863,24875,7056,0.19294448535077618,0.03722757442727589,0.9999999999999994,0.0,0.9993803104033703,0.0,-7.868659494048921,-7.875407494446703,0.0008435000497227785,0.0162147946921658,0.004576824941690483,0.005955496617025158,0.9978951516218997,True,True,True,False,results/stage6_v1/reference_atlas/cache/00b3744c78a8a82971f6b2a0bcee74cb03ed5f80a895ae7f596ac90316cda6c3.npz,physical,antiphase,budget,True,True,True,True,49,307,2352,128,114,7927,2.869967916980386,results/stage6_v1/domain_wall_candidates/cache/5a104a09e019cc70bbed758e7ad84c080105d7c6434f5916eace7f415a7a24ab.npz
confirmation,8,0.863,0.585,antiphase_band,H6,631,True,2.8935465419781394,8848,6912,0.2113638888768241,0.04467469352113445,1.0000000000000002,0.0,0.9991222409558276,0.0,-7.867585895036592,-7.875407494446703,0.000977699926263953,0.017317005715472344,0.004846429542182562,0.006448201464380354,0.9975774710614613,True,True,True,False,results/stage6_v1/reference_atlas/cache/00b3744c78a8a82971f6b2a0bcee74cb03ed5f80a895ae7f596ac90316cda6c3.npz,physical,antiphase,budget,True,True,True,True,49,307,2352,128,123,2779,0.9478807920240797,results/stage6_v1/domain_wall_candidates/cache/54f94de047aba4a7e1e6309a47a31284ba9486a1669f62c41840cecf6ff1dfdf.npz
confirmation,8,0.863,0.585,antiphase_band,B3,631,True,3.6539068749407306,9107,6912,0.21136319557939318,0.04467440044553281,0.9999999999999978,0.0,0.9991224336943594,0.0,-7.867585894637177,-7.875407494446703,0.0009776999761907934,0.017316441293470097,0.004846284960356051,0.006447639989416498,0.9975774576582973,True,True,True,False,results/stage6_v1/reference_atlas/cache/00b3744c78a8a82971f6b2a0bcee74cb03ed5f80a895ae7f596ac90316cda6c3.npz,physical,antiphase,budget,True,True,True,True,49,307,2352,128,130,2892,1.2918895829934627,results/stage6_v1/legacy_b3/adaptive/cache/de9afdcf0ff86709d6329b30e690ab4579b731f7462e97e560af7a0e4b41eaaa.npz
confirmation,8,0.883,0.085,interior,C0,631,True,1.5134926260216162,3138,6240,0.004666969492426266,2.178060424323748e-05,0.9999999999999986,0.0,0.999999368548343,0.0,-7.080426014915163,-7.080430624795127,5.762349954974155e-07,4.008060396021307e-06,1.4886853850759607e-06,2.7587678835122587e-05,0.9999987066980394,True,True,True,False,results/stage6_v1/reference_atlas/cache/ee431adf5f55207b09dd9dd52660127d5f2781d5680587238ada0bb3b5829760.npz,physical,antiphase,budget,True,True,True,True,25,155,2304,64,77,1002,0.58020479202969,results/stage6_v1/domain_wall_candidates/cache/f8395af57944a0254c79b67d2b7e373f880ff64bedd784a0760042946319f72e.npz
confirmation,8,0.883,0.085,interior,C1,631,True,5.04298479197314,14207,6192,0.004666987901951531,2.1780776076961953e-05,0.9999999999999996,0.0,0.9999993680632113,0.0,-7.080426014930657,-7.080430624795127,5.762330588243714e-07,4.005480514046589e-06,1.487753688744764e-06,2.7568883766669605e-05,0.9999987067195348,True,True,True,False,results/stage6_v1/reference_atlas/cache/ee431adf5f55207b09dd9dd52660127d5f2781d5680587238ada0bb3b5829760.npz,physical,antiphase,energy_stagnation,True,True,True,True,25,155,1824,64,78,2420,0.6990147919859737,results/stage6_v1/domain_wall_candidates/cache/1e70bd2a0234eebe7a0191f2fe797b127230f9962d87651a24a49102a382d310.npz
confirmation,8,0.883,0.085,interior,H6,631,True,1.5134926260216162,3138,6240,0.004666969492426266,2.178060424323748e-05,0.9999999999999986,0.0,0.999999368548343,0.0,-7.080426014915163,-7.080430624795127,5.762349954974155e-07,4.008060396021307e-06,1.4886853850759607e-06,2.7587678835122587e-05,0.9999987066980394,True,True,True,False,results/stage6_v1/reference_atlas/cache/ee431adf5f55207b09dd9dd52660127d5f2781d5680587238ada0bb3b5829760.npz,physical,antiphase,budget,True,True,True,True,25,155,2304,64,77,1002,0.58020479202969,results/stage6_v1/domain_wall_candidates/cache/f8395af57944a0254c79b67d2b7e373f880ff64bedd784a0760042946319f72e.npz
confirmation,8,0.883,0.085,interior,B3,631,True,0.3007286240463145,1014,3312,0.008174940050817103,6.682964483445353e-05,0.9999999999999997,0.0,1.0712421836163622e-05,0.0,-7.080368011581554,-7.080430624795127,7.82665169662966e-06,3.705625262806489e-05,1.1867447016034038e-05,0.0003692094550085262,0.5000019129536316,True,False,False,False,results/stage6_v1/reference_atlas/cache/ee431adf5f55207b09dd9dd52660127d5f2781d5680587238ada0bb3b5829760.npz,physical,ghz,pool_gradient,True,True,True,False,10,66,1344,31,28,459,0.12479070801055059,results/stage6_v1/legacy_b3/adaptive/cache/ba748c51dab6dc4c9a3b73844eb4d39f8c76cb9bef2edd070642673f73a00d90.npz
confirmation,8,0.883,0.175,interior,C0,631,True,2.5103819590294734,6344,6144,0.0042578667727054854,1.8129429454109426e-05,1.0,0.0,0.9999999973972875,0.0,-7.134554295390477,-7.134559743750443,6.810449957317388e-07,1.1398383046645755e-05,3.4683290567327774e-06,2.4162356945370278e-05,0.9999981483621148,True,True,True,False,results/stage6_v1/reference_atlas/cache/af1af78db3b48d7fa6f01389f3b2887bc267f7cd2ae4d53e94aff40e5feed980.npz,physical,antiphase,budget,True,True,True,True,47,305,2256,128,159,1369,0.5714114590082318,results/stage6_v1/domain_wall_candidates/cache/862c60e582fda35f618384a1320f4e7cd75e946876335c9a3150cf2318ce30e4.npz
confirmation,8,0.883,0.175,interior,C1,631,True,6.390663166006561,20682,6336,0.004241910859620729,1.7993807740968274e-05,0.9999999999999994,0.0,0.9999999075891535,0.0,-7.134554534498733,-7.134559743750443,6.511564637490252e-07,1.096931304711557e-05,3.2871745959672793e-06,2.327953650542447e-05,0.9999982486202984,True,True,True,False,results/stage6_v1/reference_atlas/cache/af1af78db3b48d7fa6f01389f3b2887bc267f7cd2ae4d53e94aff40e5feed980.npz,physical,antiphase,budget,True,True,True,True,44,302,2112,128,143,4417,1.3694035410298966,results/stage6_v1/domain_wall_candidates/cache/6c7825c6dd483c4d8c9a75fd07f57a5f7be51c4bd0b15cae226f9aadd7962930.npz
confirmation,8,0.883,0.175,interior,H6,631,True,2.5103819590294734,6344,6144,0.0042578667727054854,1.8129429454109426e-05,1.0,0.0,0.9999999973972875,0.0,-7.134554295390477,-7.134559743750443,6.810449957317388e-07,1.1398383046645755e-05,3.4683290567327774e-06,2.4162356945370278e-05,0.9999981483621148,True,True,True,False,results/stage6_v1/reference_atlas/cache/af1af78db3b48d7fa6f01389f3b2887bc267f7cd2ae4d53e94aff40e5feed980.npz,physical,antiphase,budget,True,True,True,True,47,305,2256,128,159,1369,0.5714114590082318,results/stage6_v1/domain_wall_candidates/cache/862c60e582fda35f618384a1320f4e7cd75e946876335c9a3150cf2318ce30e4.npz
confirmation,8,0.883,0.175,interior,B3,631,True,4.02271995798219,10720,5904,0.028928948695226706,0.000836884072611059,1.0,0.0,0.9999999142016919,0.0,-7.134377296216844,-7.134559743750443,2.2805941699899357e-05,0.0001683132854232161,6.159697317459356e-05,0.0005536287816327312,0.9999458172793289,True,True,True,False,results/stage6_v1/reference_atlas/cache/af1af78db3b48d7fa6f01389f3b2887bc267f7cd2ae4d53e94aff40e5feed980.npz,physical,antiphase,pool_gradient,True,True,True,True,13,79,1968,32,32,972,0.4045277079567313,results/stage6_v1/legacy_b3/adaptive/cache/9253d9e168d29b8974ae71fb1287281fd450d63c81f942cdc623ecfd30a4d33b.npz
confirmation,8,0.883,1.675,interior,C0,631,True,7.806281459110323,19738,7584,0.10247786950090391,0.010501713737444292,0.9999999999999983,0.0,0.999956416946714,0.0,-14.929647397561709,-14.93038660109394,9.2400441528806e-05,0.0005825060827807163,0.0001721166116184919,0.0002651125705209756,0.9999446986951548,True,True,True,False,results/stage6_v1/reference_atlas/cache/c34865f5c57382b53961f2429ded09b73a236be5261c91e1be622e9f4e4b4c70.npz,physical,plus,budget,False,False,True,True,55,319,2640,128,112,8041,3.2041803340543993,results/stage6_v1/domain_wall_candidates/cache/5015305aeae2c92d4b01152f5259fc41db2c7a44d48b5ac7dd7883a4547cfd6e.npz
confirmation,8,0.883,1.675,interior,C1,631,True,13.836244375037495,38022,7536,0.08118210998758574,0.006590534982036468,0.9999999999999987,0.0,0.9999800626884263,0.0,-14.929918048756164,-14.93038660109394,5.856904222190096e-05,0.0005567668973008449,0.00015953665214696322,0.00018807793068942313,0.9999645261050399,True,True,True,False,results/stage6_v1/reference_atlas/cache/c34865f5c57382b53961f2429ded09b73a236be5261c91e1be622e9f4e4b4c70.npz,physical,plus,budget,True,True,True,True,55,319,2640,128,128,16130,5.958474833052605,results/stage6_v1/domain_wall_candidates/cache/9ff8f539a269e6202dfb6a84139a7375c57e36971705aa486d7e542bf05f9360.npz
confirmation,8,0.883,1.675,interior,H6,631,True,7.806281459110323,19738,7584,0.10247786950090391,0.010501713737444292,0.9999999999999983,0.0,0.999956416946714,0.0,-14.929647397561709,-14.93038660109394,9.2400441528806e-05,0.0005825060827807163,0.0001721166116184919,0.0002651125705209756,0.9999446986951548,True,True,True,False,results/stage6_v1/reference_atlas/cache/c34865f5c57382b53961f2429ded09b73a236be5261c91e1be622e9f4e4b4c70.npz,physical,plus,budget,False,False,True,True,55,319,2640,128,112,8041,3.2041803340543993,results/stage6_v1/domain_wall_candidates/cache/5015305aeae2c92d4b01152f5259fc41db2c7a44d48b5ac7dd7883a4547cfd6e.npz
confirmation,8,0.883,1.675,interior,B3,631,True,10.637579581991304,22088,7584,0.11980511818258562,0.014353266342743306,0.9999999999999994,0.0,0.9999537139194347,0.0,-14.9293611415731,-14.93038660109394,0.00012818244010492919,0.000866321414161278,0.00025171562434317396,0.0003507671943340229,0.9999210727506714,True,True,True,False,results/stage6_v1/reference_atlas/cache/c34865f5c57382b53961f2429ded09b73a236be5261c91e1be622e9f4e4b4c70.npz,physical,ghz,budget,True,True,True,True,51,299,2448,127,131,5373,2.3016587080201134,results/stage6_v1/legacy_b3/adaptive/cache/c44ffee4d50a8806fcba9a531c50c227ddc540ba7d061a52736ca77c3cd1128d.npz
confirmation,8,0.883,1.875,interior,C0,631,True,9.27221195900347,23168,7536,0.09245422875287185,0.008547784414288356,0.9999999999999994,0.0,0.9999791099083417,0.0,-16.40551414462375,-16.406081464926192,7.091503780509711e-05,0.0004249885376674395,0.00012068269809048515,0.00018654070195855965,0.9999603413216637,True,True,True,False,results/stage6_v1/reference_atlas/cache/0fd6d39fd28e40b4de6e1fde842a5d9ba75625b7bfc00d25ea5ee57538bc9f82.npz,physical,ghz,budget,True,True,True,True,52,300,2496,127,169,7909,3.0501757920137607,results/stage6_v1/domain_wall_candidates/cache/43009839f332295d52d3b399207b86f8a32f3448a2eb364018665797093cf347.npz
confirmation,8,0.883,1.875,interior,C1,631,True,13.796542458992917,38353,7488,0.07250361998552858,0.00525677491100594,0.9999999999999993,0.0,0.9999837270765759,0.0,-16.40574029128752,-16.406081464926192,4.264670483422606e-05,0.0002561525343397486,8.889240978532387e-05,0.00011610861693145402,0.9999766673406666,True,True,True,False,results/stage6_v1/reference_atlas/cache/0fd6d39fd28e40b4de6e1fde842a5d9ba75625b7bfc00d25ea5ee57538bc9f82.npz,physical,plus,budget,False,False,True,True,55,319,2640,128,127,15572,5.7318849170114845,results/stage6_v1/domain_wall_candidates/cache/3cc5f8a63ec9c23f6a46fcfb19df9bf39ef4f9c55a6225ab63d6d107d2989e3e.npz
confirmation,8,0.883,1.875,interior,H6,631,True,9.27221195900347,23168,7536,0.09245422875287185,0.008547784414288356,0.9999999999999994,0.0,0.9999791099083417,0.0,-16.40551414462375,-16.406081464926192,7.091503780509711e-05,0.0004249885376674395,0.00012068269809048515,0.00018654070195855965,0.9999603413216637,True,True,True,False,results/stage6_v1/reference_atlas/cache/0fd6d39fd28e40b4de6e1fde842a5d9ba75625b7bfc00d25ea5ee57538bc9f82.npz,physical,ghz,budget,True,True,True,True,52,300,2496,127,169,7909,3.0501757920137607,results/stage6_v1/domain_wall_candidates/cache/43009839f332295d52d3b399207b86f8a32f3448a2eb364018665797093cf347.npz
confirmation,8,0.883,1.875,interior,B3,631,True,10.821904083073605,20987,7440,0.09529449118301975,0.009081040049830628,0.9999999999999993,0.0,0.9999627328772045,0.0,-16.40551200390417,-16.406081464926192,7.118262775263062e-05,0.0008546166818064471,0.00021108950352990985,0.00018224824613866097,0.9999618433732383,True,True,True,False,results/stage6_v1/reference_atlas/cache/0fd6d39fd28e40b4de6e1fde842a5d9ba75625b7bfc00d25ea5ee57538bc9f82.npz,physical,ghz,budget,False,False,True,True,50,298,2400,127,148,4994,2.6222142500337213,results/stage6_v1/legacy_b3/adaptive/cache/2d47f72ddb7133769a0e54688fcdd2c516597e34b113a287fdf230afc9870781.npz
confirmation,8,0.963,0.235,antiphase_band,C0,631,True,2.8290944159962237,6766,6096,0.007385989542470543,5.4552841521484226e-05,1.0000000000000002,0.0,0.9999999955538186,0.0,-7.821577970102907,-7.8215921531689,1.772883249095969e-06,2.6596227512110104e-05,7.969061803281274e-06,4.7605185478721834e-05,0.9999958812457135,True,True,True,False,results/stage6_v1/reference_atlas/cache/38be09b96d94c60b661025b3882461c832006b181770f1c569da221cef183eb3.npz,physical,antiphase,budget,True,True,True,True,46,304,2208,128,140,1285,0.5810686670010909,results/stage6_v1/domain_wall_candidates/cache/ee3f8c0d185dffc281867b06b15347bbe35796c0bfa203812849b5d940e729cc.npz
confirmation,8,0.963,0.235,antiphase_band,C1,631,True,10.58705212501809,21612,6336,0.007446135612962434,5.544493556662744e-05,1.0000000000000002,0.0,0.9999997875908749,0.0,-7.8215783531017795,-7.8215921531689,1.7250083900188784e-06,2.586390666570182e-05,7.653102416294022e-06,4.62648213032657e-05,0.9999960560993183,True,True,True,False,results/stage6_v1/reference_atlas/cache/38be09b96d94c60b661025b3882461c832006b181770f1c569da221cef183eb3.npz,physical,antiphase,budget,True,True,True,True,44,302,2112,128,137,4229,1.7622471670038067,results/stage6_v1/domain_wall_candidates/cache/cb38491c028bd1716404de7a8b5f6855c8ce456048dd52512925e1ce85855c88.npz
confirmation,8,0.963,0.235,antiphase_band,H6,631,True,2.8290944159962237,6766,6096,0.007385989542470543,5.4552841521484226e-05,1.0000000000000002,0.0,0.9999999955538186,0.0,-7.821577970102907,-7.8215921531689,1.772883249095969e-06,2.6596227512110104e-05,7.969061803281274e-06,4.7605185478721834e-05,0.9999958812457135,True,True,True,False,results/stage6_v1/reference_atlas/cache/38be09b96d94c60b661025b3882461c832006b181770f1c569da221cef183eb3.npz,physical,antiphase,budget,True,True,True,True,46,304,2208,128,140,1285,0.5810686670010909,results/stage6_v1/domain_wall_candidates/cache/ee3f8c0d185dffc281867b06b15347bbe35796c0bfa203812849b5d940e729cc.npz
confirmation,8,0.963,0.235,antiphase_band,B3,631,True,2.255447707953863,6538,5808,0.0447346525405604,0.0020011891379246674,0.9999999999999998,0.0,0.9999997332795825,0.0,-7.821215013800083,-7.8215921531689,4.714242110204214e-05,0.0003184801445271779,0.00011544902668159107,0.0008718276867220875,0.9999060573818053,True,True,True,False,results/stage6_v1/reference_atlas/cache/38be09b96d94c60b661025b3882461c832006b181770f1c569da221cef183eb3.npz,physical,antiphase,energy_stagnation,True,True,True,True,13,79,1872,32,27,894,0.3182550419587642,results/stage6_v1/legacy_b3/adaptive/cache/bba798c1af12b521f4f09f94a7d2c064e2b7d8236410390fc326c37b5313a7d0.npz
confirmation,8,0.963,0.305,antiphase_band,C0,631,True,4.523652168049011,10723,6288,0.017317470568072636,0.00029989478687606196,1.0,0.0,0.9999971030513544,0.0,-7.905396908002967,-7.905466127240193,8.652404653308743e-06,0.00013286304286852513,3.95710135651095e-05,0.0001785312737189737,0.9999800972728891,True,True,True,False,results/stage6_v1/reference_atlas/cache/58ec38630e70d095e43a7791a6fdec5017361f201a8046344c7da9db36ee0fcd.npz,physical,antiphase,budget,False,False,True,True,45,303,2160,128,163,1827,0.727331709000282,results/stage6_v1/domain_wall_candidates/cache/ae438d9de3926da18e88a30a6ef05c7d547747ac106db7128ac14c1e471dddcd.npz
confirmation,8,0.963,0.305,antiphase_band,C1,631,True,8.367551458999515,25682,6432,0.016796578232032885,0.000282125040304801,0.9999999999999984,0.0,0.9999979332813743,0.0,-7.905399871556488,-7.905466127240193,8.281960463096816e-06,0.0001313966006786238,3.8872320067384614e-05,0.00017790117837898634,0.9999807226438617,True,True,True,False,results/stage6_v1/reference_atlas/cache/58ec38630e70d095e43a7791a6fdec5017361f201a8046344c7da9db36ee0fcd.npz,physical,antiphase,budget,True,True,True,True,45,303,2160,128,158,5967,1.9202722079935484,results/stage6_v1/domain_wall_candidates/cache/eb4b87832b664a7beb75a933ad1c46cf6e19a9432937e2ab361dc96ee97fef3e.npz
confirmation,8,0.963,0.305,antiphase_band,H6,631,True,4.523652168049011,10723,6288,0.017317470568072636,0.00029989478687606196,1.0,0.0,0.9999971030513544,0.0,-7.905396908002967,-7.905466127240193,8.652404653308743e-06,0.00013286304286852513,3.95710135651095e-05,0.0001785312737189737,0.9999800972728891,True,True,True,False,results/stage6_v1/reference_atlas/cache/58ec38630e70d095e43a7791a6fdec5017361f201a8046344c7da9db36ee0fcd.npz,physical,antiphase,budget,False,False,True,True,45,303,2160,128,163,1827,0.727331709000282,results/stage6_v1/domain_wall_candidates/cache/ae438d9de3926da18e88a30a6ef05c7d547747ac106db7128ac14c1e471dddcd.npz
confirmation,8,0.963,0.305,antiphase_band,B3,631,True,3.5571162489941344,9878,6096,0.05371891763536265,0.002885722111914876,0.9999999999999994,0.0,0.9999349959429263,0.0,-7.904873577913111,-7.905466127240193,7.406866588521854e-05,0.0005688639281993257,0.00019789630578825879,0.0010995534988372802,0.9998390571555402,True,True,True,False,results/stage6_v1/reference_atlas/cache/58ec38630e70d095e43a7791a6fdec5017361f201a8046344c7da9db36ee0fcd.npz,physical,antiphase,energy_stagnation,True,True,True,True,25,155,1968,64,77,1119,0.39358216599794105,results/stage6_v1/legacy_b3/adaptive/cache/2db38859d087932e424582ceabba58532b63fe7854b2aa61aea282ff32f55e3a.npz
confirmation,8,0.963,0.375,antiphase_band,C0,631,True,3.7793363330420107,10682,6336,0.0333092988121558,0.0011095093873574838,0.999999999999999,0.0,0.999990425506251,0.0,-8.01480731477804,-8.015069860904587,3.281826581846836e-05,0.0005274759850308897,0.00015535043540265692,0.0005630310817937578,0.9999200592759494,True,True,True,False,results/stage6_v1/reference_atlas/cache/76a7a37098ebabebc8d85f73bd17205d7a650041c8bbcb002bd17c45dd37806c.npz,physical,antiphase,budget,False,False,True,True,45,303,2160,128,165,2065,0.7125842910027131,results/stage6_v1/domain_wall_candidates/cache/b50f97231256d6e1e30fca08eda209f4683968b2fffd349ae9e1b8f04c373937.npz
confirmation,8,0.963,0.375,antiphase_band,C1,631,True,9.314755374973174,28721,6672,0.02874239465579624,0.0008261252505495444,0.9999999999999994,0.0,0.9999856465835588,0.0,-8.014882536500831,-8.015069860904587,2.341555046947441e-05,0.0004012356725386912,0.00011648833447619467,0.00041383454091781235,0.999945119228828,True,True,True,False,results/stage6_v1/reference_atlas/cache/76a7a37098ebabebc8d85f73bd17205d7a650041c8bbcb002bd17c45dd37806c.npz,physical,antiphase,budget,True,True,True,True,45,303,2160,128,143,5752,1.7009191249962896,results/stage6_v1/domain_wall_candidates/cache/fad270838f5bde6a9961ad44489095bb4f5b62589d6ea9e0e9c8bfab9166817e.npz
confirmation,8,0.963,0.375,antiphase_band,H6,631,True,3.7793363330420107,10682,6336,0.0333092988121558,0.0011095093873574838,0.999999999999999,0.0,0.999990425506251,0.0,-8.01480731477804,-8.015069860904587,3.281826581846836e-05,0.0005274759850308897,0.00015535043540265692,0.0005630310817937578,0.9999200592759494,True,True,True,False,results/stage6_v1/reference_atlas/cache/76a7a37098ebabebc8d85f73bd17205d7a650041c8bbcb002bd17c45dd37806c.npz,physical,antiphase,budget,False,False,True,True,45,303,2160,128,165,2065,0.7125842910027131,results/stage6_v1/domain_wall_candidates/cache/b50f97231256d6e1e30fca08eda209f4683968b2fffd349ae9e1b8f04c373937.npz
confirmation,8,0.963,0.375,antiphase_band,B3,631,True,3.068355292954948,8254,6480,0.03379361123875127,0.001142008160555856,0.9999999999999999,0.0,0.999994637181072,0.0,-8.014783011830174,-8.015069860904587,3.5856134301681664e-05,0.0005789832446327914,0.00017216496388455793,0.0006220921131516455,0.9999093700562969,True,True,True,False,results/stage6_v1/reference_atlas/cache/76a7a37098ebabebc8d85f73bd17205d7a650041c8bbcb002bd17c45dd37806c.npz,physical,plus,budget,True,True,True,True,40,240,2352,96,92,1839,0.810427249991335,results/stage6_v1/legacy_b3/adaptive/cache/c6f1af901edb4154a7910a4b26bae82d173f078866d0183fa87b2eabc2bb4292.npz
confirmation,8,0.963,0.445,antiphase_band,C0,631,True,4.47824583388865,11754,6480,0.05895237892618718,0.003475382981056759,0.9999999999999992,0.0,0.9999773930481908,0.0,-8.152365813879115,-8.153219504417331,0.00010671131727701955,0.0017575067179296244,0.0005098449631799618,0.0015316950099020787,0.9997223469672014,True,True,True,False,results/stage6_v1/reference_atlas/cache/ebf93b33e0405f96345739917f83ce58dc5e8c0f925172651dceafc8e560adfa.npz,physical,antiphase,budget,True,True,True,True,45,303,2160,128,150,1900,0.8159376669791527,results/stage6_v1/domain_wall_candidates/cache/5bd959e8090c8dd4cd41c04db49dead8b306927bfb12492b6e5040669f85b0ca.npz
confirmation,8,0.963,0.445,antiphase_band,C1,631,True,11.569133750977926,30469,6720,0.05218477645821605,0.00272325089399398,0.9999999999999993,0.0,0.999961043143581,0.0,-8.152639466578059,-8.153219504417331,7.250472990905088e-05,0.0012769148519554685,0.00036822174379735895,0.0010683275524341895,0.9998289220189915,True,True,True,False,results/stage6_v1/reference_atlas/cache/ebf93b33e0405f96345739917f83ce58dc5e8c0f925172651dceafc8e560adfa.npz,physical,antiphase,budget,True,True,True,True,46,304,2208,128,146,6400,2.0311055000056513,results/stage6_v1/domain_wall_candidates/cache/e73b0f7ad8395efd30111331416e1719af91add83af36528a300504c7ead902d.npz
confirmation,8,0.963,0.445,antiphase_band,H6,631,True,4.47824583388865,11754,6480,0.05895237892618718,0.003475382981056759,0.9999999999999992,0.0,0.9999773930481908,0.0,-8.152365813879115,-8.153219504417331,0.00010671131727701955,0.0017575067179296244,0.0005098449631799618,0.0015316950099020787,0.9997223469672014,True,True,True,False,results/stage6_v1/reference_atlas/cache/ebf93b33e0405f96345739917f83ce58dc5e8c0f925172651dceafc8e560adfa.npz,physical,antiphase,budget,True,True,True,True,45,303,2160,128,150,1900,0.8159376669791527,results/stage6_v1/domain_wall_candidates/cache/5bd959e8090c8dd4cd41c04db49dead8b306927bfb12492b6e5040669f85b0ca.npz
confirmation,8,0.963,0.445,antiphase_band,B3,631,True,4.351362125016749,11697,6480,0.058963236379282385,0.0034766632443191297,0.9999999999999998,0.0,0.9999773203963329,0.0,-8.152365813937347,-8.153219504417331,0.00010671130999795331,0.001757116381035706,0.0005097546625939531,0.001531269871465013,0.999722394440563,True,True,True,False,results/stage6_v1/reference_atlas/cache/ebf93b33e0405f96345739917f83ce58dc5e8c0f925172651dceafc8e560adfa.npz,physical,antiphase,budget,True,True,True,True,45,303,2160,128,146,1956,0.7762023329851218,results/stage6_v1/legacy_b3/adaptive/cache/0e7e1c1b71fe9cc1c30688d74a80f090dd5474ee1b0a530661408c7b242c8b5c.npz
confirmation,8,0.963,0.515,antiphase_band,C0,631,True,3.2716606249450706,9819,6624,0.07825234222113012,0.006123429063092863,1.0000000000000009,0.0,0.999923762145666,0.0,-8.32203401647849,-8.323257450364874,0.0001529292357980161,0.0028145291867378575,0.0008054818995263946,0.0018545116589168686,0.9996476560120845,True,True,True,False,results/stage6_v1/reference_atlas/cache/9603cc3d92c829a0b1f35bc1d044cebae4d9069ac90d86521814956e0730552a.npz,physical,antiphase,budget,True,True,True,True,46,304,2208,128,120,2415,0.8064623329555616,results/stage6_v1/domain_wall_candidates/cache/3c451d983e9acf3343c19839119fbec7d6e0a8d72574e652facd238698e4e912.npz
confirmation,8,0.963,0.515,antiphase_band,C1,631,True,8.07408808398759,25123,6816,0.08437387106871326,0.007118950119119848,0.9999999999999988,0.0,0.9999350161511484,0.0,-8.321914013311476,-8.323257450364874,0.00016792963167477915,0.0030371751514235434,0.0008640741221815906,0.0019915815171958617,0.9996148077060532,True,True,True,False,results/stage6_v1/reference_atlas/cache/9603cc3d92c829a0b1f35bc1d044cebae4d9069ac90d86521814956e0730552a.npz,physical,antiphase,budget,True,True,True,True,48,306,2304,128,136,7291,2.457387166970875,results/stage6_v1/domain_wall_candidates/cache/f599d80ac6559e2c620d6263f7a11d0082865ef9b9872e8081f5cb10e1f5a64e.npz
confirmation,8,0.963,0.515,antiphase_band,H6,631,True,3.2716606249450706,9819,6624,0.07825234222113012,0.006123429063092863,1.0000000000000009,0.0,0.999923762145666,0.0,-8.32203401647849,-8.323257450364874,0.0001529292357980161,0.0028145291867378575,0.0008054818995263946,0.0018545116589168686,0.9996476560120845,True,True,True,False,results/stage6_v1/reference_atlas/cache/9603cc3d92c829a0b1f35bc1d044cebae4d9069ac90d86521814956e0730552a.npz,physical,antiphase,budget,True,True,True,True,46,304,2208,128,120,2415,0.8064623329555616,results/stage6_v1/domain_wall_candidates/cache/3c451d983e9acf3343c19839119fbec7d6e0a8d72574e652facd238698e4e912.npz
confirmation,8,0.963,0.515,antiphase_band,B3,631,True,3.781880209047813,10429,6672,0.08752783952585656,0.007661122692064098,0.9999999999999987,0.0,0.9999268871005464,0.0,-8.321373530015759,-8.323257450364874,0.00023549004363943027,0.00404871696364717,0.0011683770776003133,0.002889023954919412,0.9993656093688731,True,True,True,False,results/stage6_v1/reference_atlas/cache/9603cc3d92c829a0b1f35bc1d044cebae4d9069ac90d86521814956e0730552a.npz,physical,antiphase,budget,True,True,True,True,35,229,2208,96,83,2580,1.0488446669769473,results/stage6_v1/legacy_b3/adaptive/cache/66d0e29595c24e0c6caeddfe001b74dd40644b851c7e7687a79a64bbb6729074.npz
confirmation,8,0.963,0.585,antiphase_band,C0,631,True,4.302276500035077,8833,6768,0.1268548520539917,0.016092153489640118,1.0000000000000004,0.0,0.9998306705818556,0.0,-8.52521058210563,-8.528722568785273,0.0004389983349553095,0.007476794843519263,0.0021343020609136953,0.00421195641882971,0.9988915173759125,True,True,True,False,results/stage6_v1/reference_atlas/cache/1b46ec068bdd22aa06b7daffc71f6524b64d06f05ddab2e093c81d4c8b31d51c.npz,physical,antiphase,budget,True,True,True,True,47,305,2256,128,139,2330,1.1779350000433624,results/stage6_v1/domain_wall_candidates/cache/f7526d5f5151862289dcf4d4179c59351596a368960e829e0a1ec21d9bdc48b1.npz
confirmation,8,0.963,0.585,antiphase_band,C1,631,True,12.597313125035726,27702,6768,0.12427965821567455,0.015445433446204882,0.9999999999999989,0.0,0.9997306492723972,0.0,-8.52582587970695,-8.528722568785273,0.00036208613479038476,0.0062162548310736865,0.0017446066784933545,0.003488857325977146,0.9991811402136572,True,True,True,False,results/stage6_v1/reference_atlas/cache/1b46ec068bdd22aa06b7daffc71f6524b64d06f05ddab2e093c81d4c8b31d51c.npz,physical,antiphase,budget,True,True,True,True,47,305,2256,128,122,7127,3.1155390000203624,results/stage6_v1/domain_wall_candidates/cache/7f6e6d66904ff2ffcb26b48ac915a0a2d8fb08db218d3ff12b398e4f9340ce2e.npz
confirmation,8,0.963,0.585,antiphase_band,H6,631,True,4.302276500035077,8833,6768,0.1268548520539917,0.016092153489640118,1.0000000000000004,0.0,0.9998306705818556,0.0,-8.52521058210563,-8.528722568785273,0.0004389983349553095,0.007476794843519263,0.0021343020609136953,0.00421195641882971,0.9988915173759125,True,True,True,False,results/stage6_v1/reference_atlas/cache/1b46ec068bdd22aa06b7daffc71f6524b64d06f05ddab2e093c81d4c8b31d51c.npz,physical,antiphase,budget,True,True,True,True,47,305,2256,128,139,2330,1.1779350000433624,results/stage6_v1/domain_wall_candidates/cache/f7526d5f5151862289dcf4d4179c59351596a368960e829e0a1ec21d9bdc48b1.npz
confirmation,8,0.963,0.585,antiphase_band,B3,631,True,3.4282291660201736,9358,6768,0.1268532088734006,0.0160917366014786,0.9999999999999994,0.0,0.99983069940771,0.0,-8.52521058198841,-8.528722568785273,0.0004389983496078109,0.007476692861982603,0.0021342863381839106,0.004211747762388585,0.9988914849186489,True,True,True,False,results/stage6_v1/reference_atlas/cache/1b46ec068bdd22aa06b7daffc71f6524b64d06f05ddab2e093c81d4c8b31d51c.npz,physical,antiphase,budget,True,True,True,True,47,305,2256,128,134,2142,0.89112995803589,results/stage6_v1/legacy_b3/adaptive/cache/1dc99b80c948474559ea2555c6ec3be68370f696a49551780a9f8a719ef841e1.npz
