kappa,L,p,feature,h,value,derivative,preparation_failed,branch_switch,branch_checked,branch_sensitive
0.0,4,0,order,0.05,0.999452672407006,0.021784613334819625,False,False,False,
0.0,4,0,order,0.1,0.9978054112653454,0.04410583233160992,False,False,False,
0.0,4,0,order,0.15,0.995042089173845,0.06670699512259048,False,False,False,
0.0,4,0,order,0.2,0.9911347117530862,0.09000524939080279,False,False,False,
0.0,4,0,order,0.25,0.9860415642347646,0.11431732744093814,False,False,False,
0.0,4,0,order,0.3,0.9797029790089925,0.14007474775264583,False,False,False,
0.0,4,0,order,0.35,0.9720340894595001,0.1678933109040237,False,False,False,
0.0,4,0,order,0.4,0.96291364791859,0.1986586940933872,False,False,False,
0.0,4,0,order,0.45,0.9521682200501614,0.23363066958874334,False,False,False,
0.0,4,0,order,0.5,0.9395505809597157,0.27450675377069267,False,False,False,
0.0,4,0,order,0.55,0.924717544673092,0.3234102783681614,False,False,False,
0.0,4,0,order,0.6,0.9072095531228993,0.3826569080146829,False,False,False,
0.0,4,0,order,0.65,0.8864518538716238,0.45419090222807235,False,False,False,
0.0,4,0,order,0.7,0.8617904629000918,0.5384084632782127,False,False,False,
0.0,4,0,order,0.75,0.8326110075438027,0.6326706437622338,False,False,False,
0.0,4,0,order,0.8,0.7985233985238682,0.729928171084743,False,False,False,
0.0,4,0,order,0.85,0.7596181904353283,0.8187384323739169,False,False,False,
0.0,4,0,order,0.9,0.7166495552864767,0.8863191795543601,False,False,False,
0.0,4,0,order,0.95,0.6709862724798922,0.9402121327090285,False,False,False,
0.0,4,0,order,1.0,0.609682374736307,,False,True,True,True
0.0,4,0,order,1.05,0.5650155633502116,0.8841249127120667,False,False,False,
0.0,4,0,order,1.1,0.5225313099994658,0.815245221317765,False,False,False,
0.0,4,0,order,1.15,0.48349104121843534,0.7398625955203162,False,False,False,
0.0,4,0,order,1.2,0.4485450504474343,0.656863270320061,False,False,False,
0.0,4,0,order,1.25,0.41780471418642917,0.5750920597144065,False,False,False,
0.0,4,0,order,1.3,0.3910358444759936,0.4997215843634315,False,False,False,
0.0,4,0,order,1.35,0.36783255575008594,0.43300387728645306,False,False,False,
0.0,4,0,order,1.4,0.3477354567473484,0.37536235948175367,False,False,False,
0.0,4,0,order,1.45,0.33029631980191054,0.3262240585635672,False,False,False,
0.0,4,0,order,1.5,0.3151130508909917,0.2846018499358962,False,False,False,
0.0,4,0,order,1.55,0.3018361348083209,0.24947929881190234,False,False,False,
0.0,4,0,order,1.6,0.2901651210098014,0.21977090057522863,False,False,False,
0.0,4,0,order,1.65,0.2798590447507981,0.1945773268322757,False,False,False,
0.0,4,0,order,1.7,0.2707073883265738,0.1732064109304714,False,False,False,
0.0,4,0,order,1.75,0.26253840365775094,0.15493818871023013,False,False,False,
0.0,4,0,order,1.8,0.2552135694555508,0.1392444738431542,False,False,False,
0.0,4,0,order,1.85,0.24861395627343552,0.1257262951325564,False,False,False,
0.0,4,0,order,1.9,0.2426409399422952,0.11402440502101285,False,False,False,
0.0,4,0,order,1.95,0.2372115157713342,0.10382077190600958,False,False,False,
0.0,4,0,order,2.0,0.23225886275169422,0.09428534887959028,False,False,False,
0.0,4,0,mx,0.05,0.025008104700674064,0.5001462453846223,False,False,False,
0.0,4,0,mx,0.1,0.05006298633807898,0.5020490201115739,False,False,False,
0.0,4,0,mx,0.15,0.07521300671183145,0.5044730292852272,False,False,False,
0.0,4,0,mx,0.2,0.10051028926660169,0.507996003080024,False,False,False,
0.0,4,0,mx,0.25,0.12601260701983386,0.5128052703292512,False,False,False,
0.0,4,0,mx,0.3,0.1517908162995268,0.519245061644972,False,False,False,
0.0,4,0,mx,0.35,0.17793711318433103,0.527845559210866,False,False,False,
0.0,4,0,mx,0.4,0.20457537222061337,0.5393662585409082,False,False,False,
0.0,4,0,mx,0.45,0.2318737390384219,0.5548362784597876,False,False,False,
0.0,4,0,mx,0.5,0.2600590000665921,0.5754910366091788,False,False,False,
0.0,4,0,mx,0.55,0.28942284269933977,0.6026397374245018,False,False,False,
0.0,4,0,mx,0.6,0.32032297380904223,0.637328237583946,False,False,False,
0.0,4,0,mx,0.65,0.3531556664577344,0.6797751429595476,False,False,False,
0.0,4,0,mx,0.7,0.3883004881049969,0.7284488039442403,False,False,False,
0.0,4,0,mx,0.75,0.4260005468521585,0.7792531886230063,False,False,False,
0.0,4,0,mx,0.8,0.4662258069672976,0.8251733561862373,False,False,False,
0.0,4,0,mx,0.85,0.5085178824707821,0.8572552722775519,False,False,False,
0.0,4,0,mx,0.9,0.5519513341950529,0.8675904263222369,False,False,False,
0.0,4,0,mx,0.95,0.5952769251030058,0.8654332099958779,False,False,False,
0.0,4,0,mx,1.0,0.6449889428117704,,False,True,True,True
0.0,4,0,mx,1.05,0.6828155278758001,0.7284928736068252,False,False,False,
0.0,4,0,mx,1.1,0.7172952548105584,0.650696203783502,False,False,False,
0.0,4,0,mx,1.15,0.7478851482541504,0.572244928543304,False,False,False,
0.0,4,0,mx,1.2,0.7745197476648886,0.49586822796299046,False,False,False,
0.0,4,0,mx,1.25,0.7974719710504495,0.4265491237943895,False,False,False,
0.0,4,0,mx,1.3,0.8171746600443277,0.36626745688568807,False,False,False,
0.0,4,0,mx,1.35,0.8340987167390185,0.3151085553422135,False,False,False,
0.0,4,0,mx,1.4,0.8486855155785493,0.2722451623079838,False,False,False,
0.0,4,0,mx,1.45,0.8613232329698167,0.2365083863154851,False,False,False,
0.0,4,0,mx,1.5,0.8723363542100979,0.20669689392419066,False,False,False,
0.0,4,0,mx,1.55,0.8819929223622358,0.18177579000848,False,False,False,
0.0,4,0,mx,1.6,0.890513933210946,0.1608122304501567,False,False,False,
0.0,4,0,mx,1.65,0.8980741454072517,0.14308327828311462,False,False,False,
0.0,4,0,mx,1.7,0.9048222610392572,0.12801562013686762,False,False,False,
0.0,4,0,mx,1.75,0.9108757074209386,0.11509260594806925,False,False,False,
0.0,4,0,mx,1.8,0.9163315216340641,0.10394926878346311,False,False,False,
0.0,4,0,mx,1.85,0.9212706342992849,0.09428774077312241,False,False,False,
0.0,4,0,mx,1.9,0.9257602957113765,0.08585907045332597,False,False,False,
0.0,4,0,mx,1.95,0.9298565413446174,0.07845510686864365,False,False,False,
0.0,4,0,mx,2.0,0.9336058063982409,0.07151549527629442,False,False,False,
0.0,4,0.01,order,0.05,0.42776427746790685,0.008859747914149452,False,False,False,
0.0,4,0.01,order,0.1,0.42713847034316627,0.016172537075475724,False,False,False,
0.0,4,0.01,order,0.15,0.42614702376035934,0.02355387745723725,False,False,False,
0.0,4,0.01,order,0.2,0.4247830825974426,0.031111107169468077,False,False,False,
0.0,4,0.01,order,0.25,0.42303591304341254,0.038935901476681245,False,False,False,
0.0,4,0.01,order,0.3,0.42088949244977447,0.04715785670161132,False,False,False,
0.0,4,0.01,order,0.35,0.4183201273732514,0.055971120560560195,False,False,False,
0.0,4,0.01,order,0.4,0.4152923803937184,0.06565949814888583,False,False,False,
0.0,4,0.01,order,0.45,0.41175417755836285,0.07664091224406278,False,False,False,
0.0,4,0.01,order,0.5,0.40762828916931215,0.08949690882785877,False,False,False,
0.0,4,0.01,order,0.55,0.4028044866755769,0.10496875468796674,False,False,False,
0.0,4,0.01,order,0.6,0.3971314137005154,0.12389272645975691,False,False,False,
0.0,4,0.01,order,0.65,0.3904152140296012,0.14701607644978765,False,False,False,
0.0,4,0.01,order,0.7,0.38242980605553656,0.17460415208867763,False,False,False,
0.0,4,0.01,order,0.75,0.3729547988207335,0.2059315418988148,False,False,False,
0.0,4,0.01,order,0.8,0.36183665186565506,0.2387888315733342,False,False,False,
0.0,4,0.01,order,0.85,0.3490759156634,0.2694319682344122,False,False,False,
0.0,4,0.01,order,0.9,0.3348934550422139,0.2935126750462351,False,False,False,
0.0,4,0.01,order,0.95,0.31972464815877644,0.31323960029126496,False,False,False,
0.0,4,0.01,order,1.0,0.3800744659430958,,False,True,True,True
0.0,4,0.01,order,1.05,0.35981672130842013,0.40273675202234394,False,False,False,
0.0,4,0.01,order,1.1,0.3403564188769612,0.3756753452360133,False,False,False,
0.0,4,0.01,order,1.15,0.3222491867848189,0.34546655615905575,False,False,False,
0.0,4,0.01,order,1.2,0.3058097632610557,0.3112074521655024,False,False,False,
0.0,4,0.01,order,1.25,0.2911284415682686,0.2766602449007447,False,False,False,
0.0,4,0.01,order,1.3,0.2781437387709812,0.24416588437980824,False,False,False,
0.0,4,0.01,order,1.35,0.2667118531302878,0.21484754815596174,False,False,False,
0.0,4,0.01,order,1.4,0.2566589839553851,0.1890952038750644,False,False,False,
0.0,4,0.01,order,1.45,0.24780233274278135,0.16681143125582976,False,False,False,
0.0,4,0.01,order,1.5,0.23997784082980209,0.1476499785756209,False,False,False,
0.0,4,0.01,order,1.55,0.23303733488521927,0.13124614028316817,False,False,False,
0.0,4,0.01,order,1.6,0.22685322680148529,0.11714237477457212,False,False,False,
0.0,4,0.01,order,1.65,0.22132309740776207,0.10504270356939038,False,False,False,
0.0,4,0.01,order,1.7,0.21634895644454624,0.09466748845849082,False,False,False,
0.0,4,0.01,order,1.75,0.211856348561913,0.08569419782818333,False,False,False,
0.0,4,0.01,order,1.8,0.2077795366617279,0.07808619623879443,False,False,False,
0.0,4,0.01,order,1.85,0.20404772893803352,0.07104200092027435,False,False,False,
0.0,4,0.01,order,1.9,0.2006753365697005,0.06512789372641192,False,False,False,
0.0,4,0.01,order,1.95,0.1975349395653923,0.060113417045812634,False,False,False,
0.0,4,0.01,order,2.0,0.19466399486511923,0.0547243709651104,False,False,False,
0.0,4,0.01,mx,0.05,-4.821896472298411e-05,0.2164640768080614,False,False,False,
0.0,4,0.01,mx,0.1,0.010793753163881054,0.21721480833610007,False,False,False,
0.0,4,0.01,mx,0.15,0.02167326186888702,0.21816982444379834,False,False,False,
0.0,4,0.01,mx,0.2,0.03261073560826089,0.21955479784952714,False,False,False,
0.0,4,0.01,mx,0.25,0.04362874165383974,0.22144256049213595,False,False,False,
0.0,4,0.01,mx,0.3,0.054754991657474474,0.22397298412481714,False,False,False,
0.0,4,0.01,mx,0.35,0.06602604006632144,0.22736819439179368,False,False,False,
0.0,4,0.01,mx,0.4,0.07749181109665385,0.231951471309905,False,False,False,
0.0,4,0.01,mx,0.45,0.08922118719731195,0.23816889855645929,False,False,False,
0.0,4,0.01,mx,0.5,0.10130870095229977,0.24656640696204157,False,False,False,
0.0,4,0.01,mx,0.55,0.11387782789351611,0.25773807897665746,False,False,False,
0.0,4,0.01,mx,0.6,0.1270825088499655,0.27218915288982926,False,False,False,
0.0,4,0.01,mx,0.65,0.14109674318249907,0.29010437140735346,False,False,False,
0.0,4,0.01,mx,0.7,0.1560929459907008,0.31096102423807026,False,False,False,
0.0,4,0.01,mx,0.75,0.17219284560630613,0.33317312537250543,False,False,False,
0.0,4,0.01,mx,0.8,0.18941025852795138,0.35387822339528263,False,False,False,
0.0,4,0.01,mx,0.85,0.20758066794583438,0.36914222781819506,False,False,False,
0.0,4,0.01,mx,0.9,0.22632448130977087,0.374885391511655,False,False,False,
0.0,4,0.01,mx,0.95,0.24506920709699986,0.37490363997750453,False,False,False,
0.0,4,0.01,mx,1.0,0.501036791145641,,False,True,True,True
0.0,4,0.01,mx,1.05,0.5206671607830063,0.37990162596058674,False,False,False,
0.0,4,0.01,mx,1.1,0.5388009304032061,0.3454491588473978,False,False,False,
0.0,4,0.01,mx,1.15,0.5552120766677462,0.3106230323974888,False,False,False,
0.0,4,0.01,mx,1.2,0.5698632336429548,0.27634794078696245,False,False,False,
0.0,4,0.01,mx,1.25,0.5828468707464425,0.24460219197617583,False,False,False,
0.0,4,0.01,mx,1.3,0.5943234528405724,0.2162678495678545,False,False,False,
0.0,4,0.01,mx,1.35,0.604473655703228,0.19162458045810116,False,False,False,
0.0,4,0.01,mx,1.4,0.6134859108863826,0.17028628766663445,False,False,False,
0.0,4,0.01,mx,1.45,0.6215022844698913,0.15178748884326865,False,False,False,
0.0,4,0.01,mx,1.5,0.6286646597707095,0.13587484965345897,False,False,False,
0.0,4,0.01,mx,1.55,0.6350897694352372,0.122100409152468,False,False,False,
0.0,4,0.01,mx,1.6,0.6408747006859563,0.11025078691803536,False,False,False,
0.0,4,0.01,mx,1.65,0.6461148481270409,0.09975466678140954,False,False,False,
0.0,4,0.01,mx,1.7,0.6508501673640972,0.09059450748247233,False,False,False,
0.0,4,0.01,mx,1.75,0.6551742988752882,0.082540563482425,False,False,False,
0.0,4,0.01,mx,1.8,0.6591042237123397,0.0752897420307157,False,False,False,
0.0,4,0.01,mx,1.85,0.6627032730783597,0.06907050084891964,False,False,False,
0.0,4,0.01,mx,1.9,0.6660112737972317,0.06321545184828281,False,False,False,
0.0,4,0.01,mx,1.95,0.6690248182631878,0.058474036217819325,False,False,False,
0.0,4,0.01,mx,2.0,0.6718586774190136,0.05488033001521231,False,False,False,
0.0,4,0.05,order,0.05,0.129447026887884,0.00035506886332425935,False,False,False,
0.0,4,0.05,order,0.1,0.1294269919533372,0.0004463285185485333,False,False,False,
0.0,4,0.05,order,0.15,0.12940239403602916,0.0005367087322651898,False,False,False,
0.0,4,0.05,order,0.2,0.12937332108011068,0.0006253286048027995,False,False,False,
0.0,4,0.05,order,0.25,0.12933986117554888,0.0007123185402195809,False,False,False,
0.0,4,0.05,order,0.3,0.1293020892260887,0.0007982420626313491,False,False,False,
0.0,4,0.05,order,0.35,0.12926003696928573,0.0008846576875958245,False,False,False,
0.0,4,0.05,order,0.4,0.12921362345732912,0.0009741999033408,False,False,False,
0.0,4,0.05,order,0.45,0.12916261697895165,0.001071780672463607,False,False,False,
0.0,4,0.05,order,0.5,0.12910644539008276,0.001185466710922789,False,False,False,
0.0,4,0.05,order,0.55,0.12904407030785936,0.0013264805403974123,False,False,False,
0.0,4,0.05,order,0.6,0.128973797336043,0.0015092065992157178,False,False,False,
0.0,4,0.05,order,0.65,0.1288931496479378,0.0017491917562775239,False,False,False,
0.0,4,0.05,order,0.7,0.12879887816041524,0.0020581936009937962,False,False,False,
0.0,4,0.05,order,0.75,0.12868733028783844,0.0024369906447796463,False,False,False,
0.0,4,0.05,order,0.8,0.12855517909593728,0.0028666586286667517,False,False,False,
0.0,4,0.05,order,0.85,0.12840066442497175,0.0033026699579723484,False,False,False,
0.0,4,0.05,order,0.9,0.12822491210014006,0.00367756460680968,False,False,False,
0.0,4,0.05,order,0.95,0.12803290796429076,0.004002600827163416,False,False,False,
0.0,4,0.05,order,1.0,0.15416374111062392,,False,True,True,True
0.0,4,0.05,order,1.05,0.15302366161818862,0.022972381512823103,False,False,False,
0.0,4,0.05,order,1.1,0.15188251422924837,0.022673514044787346,False,False,False,
0.0,4,0.05,order,1.15,0.15075631021370992,0.022216361435487997,False,False,False,
0.0,4,0.05,order,1.2,0.14966087808569956,0.021465488766057694,False,False,False,
0.0,4,0.05,order,1.25,0.14860976133710416,0.020487706581417298,False,False,False,
0.0,4,0.05,order,1.3,0.14761210742755784,0.01936881656081879,False,False,False,
0.0,4,0.05,order,1.35,0.14667287968102227,0.01819070616559637,False,False,False,
0.0,4,0.05,order,1.4,0.14579303681099823,0.0170299388369346,False,False,False,
0.0,4,0.05,order,1.45,0.1449698857973288,0.01591541594290824,False,False,False,
0.0,4,0.05,order,1.5,0.1442014952167074,0.014861441646334184,False,False,False,
0.0,4,0.05,order,1.55,0.1434837416326954,0.01388488102578056,False,False,False,
0.0,4,0.05,order,1.6,0.14281300711412934,0.012960564687500176,False,False,False,
0.0,4,0.05,order,1.65,0.1421876851639454,0.012133114292925962,False,False,False,
0.0,4,0.05,order,1.7,0.1415996956848367,0.011388004707775234,False,False,False,
0.0,4,0.05,order,1.75,0.14104888469316787,0.010699711113235644,False,False,False,
0.0,4,0.05,order,1.8,0.14052972457351315,0.01017863468064184,False,False,False,
0.0,4,0.05,order,1.85,0.1400310212251037,0.009470715232474669,False,False,False,
0.0,4,0.05,order,1.9,0.1395826530502657,0.008980855662516607,False,False,False,
0.0,4,0.05,order,1.95,0.139132935658852,0.008609144599025509,False,False,False,
0.0,4,0.05,order,2.0,0.13872173859036316,0.007838738140528712,False,False,False,
0.0,4,0.05,mx,0.05,-0.0014055750918682709,0.006968666930866557,False,False,False,
0.0,4,0.05,mx,0.1,-0.0010567750032858608,0.006983336612429856,False,False,False,
0.0,4,0.05,mx,0.15,-0.0007072414306252854,0.007002050570806441,False,False,False,
0.0,4,0.05,mx,0.2,-0.00035656994620521644,0.007029137990056272,False,False,False,
0.0,4,0.05,mx,0.25,-4.3276316196583135e-06,0.0070658917037003215,False,False,False,
0.0,4,0.05,mx,0.3,0.0003500192241648154,0.00711575216090588,False,False,False,
0.0,4,0.05,mx,0.35,0.0007072475844709295,0.007185216444193943,False,False,False,
0.0,4,0.05,mx,0.4,0.00106854086858421,0.007284566943246014,False,False,False,
0.0,4,0.05,mx,0.45,0.0014357042787955313,0.007429209753453158,False,False,False,
0.0,4,0.05,mx,0.5,0.0018114618439295255,0.00763963769314331,False,False,False,
0.0,4,0.05,mx,0.55,0.0021996680481098626,0.007940712690059686,False,False,False,
0.0,4,0.05,mx,0.6,0.0026055331129354936,0.00835861889967509,False,False,False,
0.0,4,0.05,mx,0.65,0.0030355299380773718,0.008915404620383198,False,False,False,
0.0,4,0.05,mx,0.7,0.0034970735749738123,0.009618478963931414,False,False,False,
0.0,4,0.05,mx,0.75,0.003997377834470513,0.010448058584315821,False,False,False,
0.0,4,0.05,mx,0.8,0.004541879433405395,0.011338555031426036,False,False,False,
0.0,4,0.05,mx,0.85,0.005131233337613116,0.012142808545481658,False,False,False,
0.0,4,0.05,mx,0.9,0.005756160287953562,0.012592904801370666,False,False,False,
0.0,4,0.05,mx,0.95,0.006390523817750181,0.01278163639049415,False,False,False,
0.0,4,0.05,mx,1.0,0.13816575772550022,,False,True,True,True
0.0,4,0.05,mx,1.05,0.14105184547615882,0.05610156692629342,False,False,False,
0.0,4,0.05,mx,1.1,0.14377646232613941,0.05288310707292898,False,False,False,
0.0,4,0.05,mx,1.15,0.14634015618345175,0.04978292039766119,False,False,False,
0.0,4,0.05,mx,1.2,0.1487547543659055,0.0469174654533282,False,False,False,
0.0,4,0.05,mx,1.25,0.15103190272878458,0.04427023435758848,False,False,False,
0.0,4,0.05,mx,1.3,0.15318177780166434,0.041790487405588994,False,False,False,
0.0,4,0.05,mx,1.35,0.15521095146934347,0.039551455123990165,False,False,False,
0.0,4,0.05,mx,1.4,0.15713692331406337,0.037363793807760226,False,False,False,
0.0,4,0.05,mx,1.45,0.15894733085011944,0.03513571425755391,False,False,False,
0.0,4,0.05,mx,1.5,0.16065049473981877,0.0330172659796506,False,False,False,
0.0,4,0.05,mx,1.55,0.1622490574480845,0.030953569673180414,False,False,False,
0.0,4,0.05,mx,1.6,0.16374585170713682,0.029098689821701385,False,False,False,
0.0,4,0.05,mx,1.65,0.16515892643025465,0.02715902376946433,False,False,False,
0.0,4,0.05,mx,1.7,0.16646175408408323,0.02534133585530829,False,False,False,
0.0,4,0.05,mx,1.75,0.16769306001578546,0.023624592123932198,False,False,False,
0.0,4,0.05,mx,1.8,0.16882421329647646,0.02178939708308647,False,False,False,
0.0,4,0.05,mx,1.85,0.1698719997240941,0.020508630555419183,False,False,False,
0.0,4,0.05,mx,1.9,0.1708750763520184,0.01887113248732608,False,False,False,
0.0,4,0.05,mx,1.95,0.1717591129728267,0.01772974914821246,False,False,False,
0.0,4,0.05,mx,2.0,0.17264805126683963,0.01782778261230522,False,False,False,
0.0,6,0,order,0.05,0.9994526996495896,0.02178414474494339,False,False,False,
0.0,6,0,order,0.1,0.9978054449321523,0.044106043952554685,False,False,False,
0.0,6,0,order,0.15,0.9950420952543342,0.06670711989483458,False,False,False,
0.0,6,0,order,0.2,0.9911347329426687,0.09000470528076399,False,False,False,
0.0,6,0,order,0.25,0.9860416247262577,0.11431753655365107,False,False,False,
0.0,6,0,order,0.3,0.9797029792873037,0.14007510544499446,False,False,False,
0.0,6,0,order,0.35,0.9720341141817583,0.1678927591340198,False,False,False,
0.0,6,0,order,0.4,0.9629137033739017,0.19866303952959363,False,True,False,
0.0,6,0,order,0.45,0.952167810228799,0.2336540321724332,False,True,False,
0.0,6,0,order,0.5,0.9395483001566585,0.27458812428841384,False,False,False,
0.0,6,0,order,0.55,0.9247089977999574,0.3236587363935435,False,True,False,
0.0,6,0,order,0.6,0.9071824265173039,0.3833494519938778,False,True,False,
0.0,6,0,order,0.65,0.8863740526005698,0.4559080552769039,False,True,False,
0.0,6,0,order,0.7,0.8615916209896133,0.5423545769153932,False,True,False,
0.0,6,0,order,0.75,0.8321385949090306,0.6407725812489815,False,True,False,
0.0,6,0,order,0.8,0.7975143628647151,0.7445971386982828,False,True,True,False
0.0,6,0,order,0.85,0.7576788810392022,0.8419693674856967,False,False,False,
0.0,6,0,order,0.9,0.7133174261161456,0.9176691860668829,False,False,False,
0.0,6,0,order,0.95,0.6659119624325139,0.95792637600226,False,False,False,
0.0,6,0,order,1.0,0.6175247885159197,0.9560891242019931,False,False,False,
0.0,6,0,order,1.05,0.5703030500123145,0.9150634951163639,False,True,False,
0.0,6,0,order,1.1,0.5260184390042832,0.8452086596517123,False,True,False,
0.0,6,0,order,1.15,0.48578218404714346,0.7595969137901291,False,True,False,
0.0,6,0,order,1.2,0.4500587476252704,0.669714139074773,False,False,False,
0.0,6,0,order,1.25,0.41881077013966617,0.5834857846382802,False,True,False,
0.0,6,0,order,1.3,0.3917101691614423,0.5052184265890318,False,True,False,
0.0,6,0,order,1.35,0.3682889274807629,0.4366245607031156,False,False,False,
0.0,6,0,order,1.4,0.34804771309113086,0.3777517090950737,False,True,False,
0.0,6,0,order,1.45,0.33051375657125553,0.3278481020963375,False,False,False,
0.0,6,0,order,1.5,0.31526290288149705,0.2857183050181753,False,False,False,
0.0,6,0,order,1.55,0.301941926069438,0.25020486428817357,False,False,False,
0.0,6,0,order,1.6,0.2902424164526797,0.22028142333383283,False,False,False,
0.0,6,0,order,1.65,0.27991378373605474,0.19495459854912056,False,False,False,
0.0,6,0,order,1.7,0.2707469565977676,0.17346124711646116,False,True,True,False
0.0,6,0,order,1.75,0.2625676590244086,0.15512468122612022,False,False,False,
0.0,6,0,order,1.8,0.25523448847515556,0.13936350535168618,False,False,False,
0.0,6,0,order,1.85,0.24863130848923998,0.12583525652803917,False,False,False,
0.0,6,0,order,1.9,0.2426509628223517,0.11411773303174888,False,False,False,
0.0,6,0,order,1.95,0.23721953518606506,0.1038550525568378,False,False,False,
0.0,6,0,order,2.0,0.2322654575666679,0.09430805221904848,False,False,False,
0.0,6,0,mx,0.05,0.025007517565534636,0.5001503489414776,False,False,False,
0.0,6,0,mx,0.1,0.050062661343973705,0.5020554021960848,False,False,False,
0.0,6,0,mx,0.15,0.0752130577851431,0.5044760730763077,False,False,False,
0.0,6,0,mx,0.2,0.10051026865160446,0.5079938405115836,False,False,False,
0.0,6,0,mx,0.25,0.12601244183630148,0.5128062378877012,False,False,False,
0.0,6,0,mx,0.3,0.15179089244037458,0.5192465321406285,False,False,False,
0.0,6,0,mx,0.35,0.1779370950503643,0.527844676381551,False,False,False,
0.0,6,0,mx,0.4,0.20457536007852967,0.5393758699498103,False,True,False,
0.0,6,0,mx,0.45,0.23187468204534536,0.5548666622593887,False,True,False,
0.0,6,0,mx,0.5,0.2600620263044685,0.5755799477125221,False,False,False,
0.0,6,0,mx,0.55,0.28943267681659757,0.6028920655347427,False,True,False,
0.0,6,0,mx,0.6,0.3203512328579427,0.6379657420133129,False,True,False,
0.0,6,0,mx,0.65,0.3532292510179289,0.6812410022612547,False,True,False,
0.0,6,0,mx,0.7,0.38847533308406806,0.7315761182775575,False,True,False,
0.0,6,0,mx,0.75,0.4263868628456847,0.7851641640684845,False,True,False,
0.0,6,0,mx,0.8,0.46699174949091654,0.8349263525785515,False,True,True,False
0.0,6,0,mx,0.85,0.5098794981035397,0.8710874324975721,False,False,False,
0.0,6,0,mx,0.9,0.5541004927406739,0.883666428213731,False,False,False,
0.0,6,0,mx,0.95,0.5982461409249127,0.8662713360670367,False,False,False,
0.0,6,0,mx,1.0,0.6407276263473776,0.819219153902286,False,False,False,
0.0,6,0,mx,1.05,0.6801680563151413,0.7493517296756433,False,True,False,
0.0,6,0,mx,1.1,0.715662799314942,0.6669779005027507,False,True,False,
0.0,6,0,mx,1.15,0.7468658463654164,0.5821062022815946,False,True,False,
0.0,6,0,mx,1.2,0.7738734195431012,0.5019208724687232,False,False,False,
0.0,6,0,mx,1.25,0.7970579336122887,0.4303378040376371,False,True,False,
0.0,6,0,mx,1.3,0.8169071999468649,0.3686650417528048,False,True,False,
0.0,6,0,mx,1.35,0.8339244377875693,0.3166390664904899,False,False,False,
0.0,6,0,mx,1.4,0.8485711065959141,0.27322747009822734,False,True,False,
0.0,6,0,mx,1.45,0.8612471847973919,0.2371476363625078,False,False,False,
0.0,6,0,mx,1.5,0.8722858702321649,0.2071191443788436,False,False,False,
0.0,6,0,mx,1.55,0.8819590992352763,0.1820425077755896,False,False,False,
0.0,6,0,mx,1.6,0.8904901210097238,0.16099702222457246,False,False,False,
0.0,6,0,mx,1.65,0.8980588014577339,0.14321134631683918,False,False,False,
0.0,6,0,mx,1.7,0.9048112556414074,0.1280910375714388,False,True,True,False
0.0,6,0,mx,1.75,0.9108679052148777,0.1151499557898994,False,False,False,
0.0,6,0,mx,1.8,0.9163262512203973,0.10398705409333076,False,False,False,
0.0,6,0,mx,1.85,0.9212666106242109,0.09431721887291822,False,False,False,
0.0,6,0,mx,1.9,0.9257579731076894,0.08587320811282062,False,False,False,
0.0,6,0,mx,1.95,0.9298539314354927,0.07846348176813933,False,False,False,
0.0,6,0,mx,2.0,0.9336043212845033,0.07155211219228974,False,False,False,
0.0,6,0.01,order,0.05,0.3939723290284786,0.0015852966032912086,False,False,False,
0.0,6,0.01,order,0.1,0.3937682504058534,0.006577848301717815,False,False,False,
0.0,6,0.01,order,0.15,0.39331454419830686,0.011551182180918662,False,False,False,
0.0,6,0.01,order,0.2,0.3926131321877615,0.016445993273868975,False,False,False,
0.0,6,0.01,order,0.25,0.39166994487092,0.02131551456138192,False,False,False,
0.0,6,0.01,order,0.3,0.3904815807316233,0.026302829723161558,False,False,False,
0.0,6,0.01,order,0.35,0.38903966189860384,0.2813651579819232,False,False,False,
0.0,6,0.01,order,0.4,0.36234506493343094,0.03192249882289655,False,True,False,
0.0,6,0.01,order,0.45,0.3858474120163142,-0.21097464185349057,False,True,False,
0.0,6,0.01,order,0.5,0.38344252911878,0.299441212842424,False,False,False,
0.0,6,0.01,order,0.55,0.3559032907320717,0.060990775203364045,False,True,False,
0.0,6,0.01,order,0.6,0.37734345159844346,0.06266166897406755,False,True,False,
0.0,6,0.01,order,0.65,0.3496371238346649,0.0937947900279279,False,True,False,
0.0,6,0.01,order,0.7,0.3679639725956505,0.10755796265780049,False,True,False,
0.0,6,0.01,order,0.75,0.3388813275688848,1.055747838412831,False,True,False,
0.0,6,0.01,order,0.8,0.3529596622615727,,False,True,True,True
0.0,6,0.01,order,0.85,0.3427740971452441,0.22151918318134012,False,False,False,
0.0,6,0.01,order,0.9,0.33099408327303503,0.24968137170701965,False,False,False,
0.0,6,0.01,order,0.95,0.3178059599745421,0.2711424118894641,False,False,False,
0.0,6,0.01,order,1.0,0.3038798420840887,0.4061625064715426,False,False,False,
0.0,6,0.01,order,1.05,0.2771897093273878,0.2761085538881196,False,True,False,
0.0,6,0.01,order,1.1,0.2762689866952767,0.22734031926177334,False,True,False,
0.0,6,0.01,order,1.15,0.2544556774012106,0.320014697936021,False,True,False,
0.0,6,0.01,order,1.2,0.24426751690167467,0.1256613984360322,False,False,False,
0.0,6,0.01,order,1.25,0.2418895375576074,0.16908435411082312,False,True,False,
0.0,6,0.01,order,1.3,0.22735908149059236,0.2177093092156035,False,True,False,
0.0,6,0.01,order,1.35,0.220118606636047,0.0946209173722905,False,False,False,
0.0,6,0.01,order,1.4,0.21789698975336336,0.08379689046481031,False,True,False,
0.0,6,0.01,order,1.45,0.21173891758956587,0.11600739309221986,False,False,False,
0.0,6,0.01,order,1.5,0.20629625044414138,0.10267002602081643,False,False,False,
0.0,6,0.01,order,1.55,0.20147191498748424,0.09123995134406937,False,False,False,
0.0,6,0.01,order,1.6,0.19717225530973442,0.08150694206087827,False,False,False,
0.0,6,0.01,order,1.65,0.19332122078139646,0.09342630682265973,False,False,False,
0.0,6,0.01,order,1.7,0.18782962462746844,0.08449929774572995,False,True,True,False
0.0,6,0.01,order,1.75,0.18487129100682345,0.05608968145834581,False,False,False,
0.0,6,0.01,order,1.8,0.18222065648163385,0.05149383676449504,False,False,False,
0.0,6,0.01,order,1.85,0.17972190733037394,0.046683450415336614,False,False,False,
0.0,6,0.01,order,1.9,0.17755231144010022,0.04136256905996061,False,False,False,
0.0,6,0.01,order,1.95,0.17558565042437785,0.038956561445664395,False,False,False,
0.0,6,0.01,order,2.0,0.17365665529553378,0.03820324370809747,False,False,False,
0.0,6,0.01,mx,0.05,0.09619576635149377,0.2045494640701504,False,False,False,
0.0,6,0.01,mx,0.1,0.10640590672572989,0.20385615089929443,False,False,False,
0.0,6,0.01,mx,0.15,0.11658138144142322,0.2034006550974412,False,False,False,
0.0,6,0.01,mx,0.2,0.12674597223547399,0.20349804133034222,False,False,False,
0.0,6,0.01,mx,0.25,0.13693118557445744,0.204277899824173,False,False,False,
0.0,6,0.01,mx,0.3,0.14717376221789127,0.2059192928649578,False,False,False,
0.0,6,0.01,mx,0.35,0.15752311486095322,0.31832604406877496,False,False,False,
0.0,6,0.01,mx,0.4,0.17900636662476876,0.20621824962045543,False,True,False,
0.0,6,0.01,mx,0.45,0.1781449398229988,0.10414455416462465,False,True,False,
0.0,6,0.01,mx,0.5,0.18942082204123123,0.34682482704585005,False,False,False,
0.0,6,0.01,mx,0.55,0.21282742252758383,0.24272531610374437,False,True,False,
0.0,6,0.01,mx,0.6,0.2136933536516057,0.26178506491247466,False,True,False,
0.0,6,0.01,mx,0.65,0.23900592901883141,0.2867817162526598,False,True,False,
0.0,6,0.01,mx,0.7,0.24237152527687167,0.30522836400996267,False,True,False,
0.0,6,0.01,mx,0.75,0.2695287654198278,0.7810612417082794,False,True,False,
0.0,6,0.01,mx,0.8,0.2776324791845356,,False,True,True,True
0.0,6,0.01,mx,0.85,0.2978589945184779,0.4228366963302168,False,False,False,
0.0,6,0.01,mx,0.9,0.31932652518839194,0.4358645304663469,False,False,False,
0.0,6,0.01,mx,0.95,0.3414454475651125,0.4404353217813872,False,False,False,
0.0,6,0.01,mx,1.0,0.3633700573665307,0.4611655196575435,False,False,False,
0.0,6,0.01,mx,1.05,0.3875619995308669,0.4031412468258013,False,True,False,
0.0,6,0.01,mx,1.1,0.4036841820491109,0.3522831177441197,False,True,False,
0.0,6,0.01,mx,1.15,0.4227903113052789,0.3321803641705543,False,True,False,
0.0,6,0.01,mx,1.2,0.4369022184661662,0.2757599057261615,False,False,False,
0.0,6,0.01,mx,1.25,0.45036630187789506,0.25507242320420076,False,True,False,
0.0,6,0.01,mx,1.3,0.46240946078658635,0.21785872334376233,False,True,False,
0.0,6,0.01,mx,1.35,0.4721521742122713,0.19625238385664723,False,False,False,
0.0,6,0.01,mx,1.4,0.4820346991722511,0.17973552487366806,False,True,False,
0.0,6,0.01,mx,1.45,0.49012572669963794,0.15234254629077792,False,False,False,
0.0,6,0.01,mx,1.5,0.4972689538013289,0.1344838709872782,False,False,False,
0.0,6,0.01,mx,1.55,0.5035741137983658,0.11929996199031478,False,False,False,
0.0,6,0.01,mx,1.6,0.5091989500003604,0.1062144433461274,False,False,False,
0.0,6,0.01,mx,1.65,0.5141955581329787,0.08018330476674951,False,False,False,
0.0,6,0.01,mx,1.7,0.5172172804770353,0.07041053263260721,False,True,True,False
0.0,6,0.01,mx,1.75,0.5212366113962393,0.07779174544514422,False,False,False,
0.0,6,0.01,mx,1.8,0.5249964550215498,0.0688033832245365,False,False,False,
0.0,6,0.01,mx,1.85,0.528116949718693,0.06439620745147678,False,False,False,
0.0,6,0.01,mx,1.9,0.5314360757666976,0.06404537285434575,False,False,False,
0.0,6,0.01,mx,1.95,0.5345214870041275,0.05504571203359632,False,False,False,
0.0,6,0.01,mx,2.0,0.5369406469700573,0.04172068660359329,False,False,False,
0.0,6,0.05,order,0.05,0.1305631763341569,-0.0001580826009728309,False,False,False,
0.0,6,0.05,order,0.1,0.13057003767877862,-0.00011637118389518086,False,False,False,
0.0,6,0.05,order,0.15,0.13057481345254643,-8.098259138766828e-05,False,False,False,
0.0,6,0.05,order,0.2,0.13057813593791737,-6.412850399506453e-05,False,False,False,
0.0,6,0.05,order,0.25,0.13058122630294594,-6.734482486403515e-05,False,False,False,
0.0,6,0.05,order,0.3,0.13058487042040376,-8.734205037730369e-05,False,False,False,
0.0,6,0.05,order,0.35,0.1305899605079837,-8.959870830205219e-05,False,False,False,
0.0,6,0.05,order,0.4,0.13059383029123395,-0.0005519612497546511,False,True,False,
0.0,6,0.05,order,0.45,0.13064515663295917,-0.0006368636496936197,False,True,False,
0.0,6,0.05,order,0.5,0.13065751665620332,-0.002265912088786237,False,False,False,
0.0,6,0.05,order,0.55,0.13087174784183778,-0.00048338987095841723,False,True,False,
0.0,6,0.05,order,0.6,0.13070585564329915,-0.0024890559709800364,False,True,False,
0.0,6,0.05,order,0.65,0.1311206534389358,-0.0003955110430493569,False,True,False,
0.0,6,0.05,order,0.7,0.13074540674760404,-0.0020981039639647037,False,True,False,
0.0,6,0.05,order,0.75,0.1313304638353323,0.0003313662960835462,False,True,False,
0.0,6,0.05,order,0.8,0.1307122701179957,0.0068470343940501,False,True,True,False
0.0,6,0.05,order,0.85,0.13064576039592726,0.0015622606608243217,False,False,False,
0.0,6,0.05,order,0.9,0.1305560440519133,0.0022146860154812487,False,False,False,
0.0,6,0.05,order,0.95,0.13042429179437912,0.002895427119222971,False,False,False,
0.0,6,0.05,order,1.0,0.13026650133999101,-0.010176172595910193,False,False,False,
0.0,6,0.05,order,1.05,0.13144190905397013,0.003572631350173161,False,True,False,
0.0,6,0.05,order,1.1,0.1299092382049737,0.002188880953189809,False,True,False,
0.0,6,0.05,order,1.15,0.13122302095865115,-0.01132084431268554,False,True,False,
0.0,6,0.05,order,1.2,0.1310413226362422,0.018482687602199732,False,False,False,
0.0,6,0.05,order,1.25,0.12937475219843117,0.0027517847619489277,False,True,False,
0.0,6,0.05,order,1.3,0.13076614416004734,-0.012010144415832036,False,True,False,
0.0,6,0.05,order,1.35,0.13057576664001438,0.018407445944970346,False,False,False,
0.0,6,0.05,order,1.4,0.12892539956555032,0.017803586010058492,False,True,False,
0.0,6,0.05,order,1.45,0.12879540803900852,0.0025217267084658435,False,False,False,
0.0,6,0.05,order,1.5,0.12867322689470373,0.002364168414768608,False,False,False,
0.0,6,0.05,order,1.55,0.12855899119753164,0.002221107408751033,False,False,False,
0.0,6,0.05,order,1.6,0.12845111615382862,0.002107888141572145,False,False,False,
0.0,6,0.05,order,1.65,0.12834820238337444,-0.010847149499310316,False,False,False,
0.0,6,0.05,order,1.7,0.12953583110375966,-0.010651007772407572,False,True,True,False
0.0,6,0.05,order,1.75,0.1294133031606152,0.0023215912046035125,False,False,False,
0.0,6,0.05,order,1.8,0.1293036719832993,0.0022476492515679514,False,False,False,
0.0,6,0.05,order,1.85,0.1291885382354584,0.00207930088933983,False,False,False,
0.0,6,0.05,order,1.9,0.12909574189436537,0.0017712657618496053,False,False,False,
0.0,6,0.05,order,1.95,0.1290114116592734,0.0017892935332499693,False,False,False,
0.0,6,0.05,order,2.0,0.12891681254104037,0.0019946711960714403,False,False,False,
0.0,6,0.05,mx,0.05,0.017303891739447536,0.011851696594763511,False,False,False,
0.0,6,0.05,mx,0.1,0.017890439132838616,0.011610199140879518,False,False,False,
0.0,6,0.05,mx,0.15,0.01846491165353549,0.011372740773595486,False,False,False,
0.0,6,0.05,mx,0.2,0.019027713210198166,0.011151444953627548,False,False,False,
0.0,6,0.05,mx,0.25,0.019580056148898246,0.010953808201036142,False,False,False,
0.0,6,0.05,mx,0.3,0.02012309403030178,0.010789363960271997,False,False,False,
0.0,6,0.05,mx,0.35,0.020658992544925446,-0.02417571672837379,False,False,False,
0.0,6,0.05,mx,0.4,0.017705522357464393,0.00934439472670287,False,True,False,
0.0,6,0.05,mx,0.45,0.021593432017595726,0.04447207265483774,False,True,False,
0.0,6,0.05,mx,0.5,0.022152729622948165,-0.015831441535749363,False,False,False,
0.0,6,0.05,mx,0.55,0.020010287864020784,0.01166008674041713,False,True,False,
0.0,6,0.05,mx,0.6,0.023318738296989862,0.018566266289977873,False,True,False,
0.0,6,0.05,mx,0.65,0.021866914493018565,0.014726626739819282,False,True,False,
0.0,6,0.05,mx,0.7,0.024791400970971777,0.022904729130577617,False,True,False,
0.0,6,0.05,mx,0.75,0.02415738740607632,0.02077123792602603,False,True,False,
0.0,6,0.05,mx,0.8,0.026868524763574382,0.0404653339980999,False,True,True,False
0.0,6,0.05,mx,0.85,0.02820392080588631,0.028518625273239895,False,False,False,
0.0,6,0.05,mx,0.9,0.029720387290898372,0.0321731388131154,False,False,False,
0.0,6,0.05,mx,0.95,0.031421234687197847,0.03526174376992397,False,False,False,
0.0,6,0.05,mx,1.0,0.03324656166789078,0.0342664817140772,False,False,False,
0.0,6,0.05,mx,1.05,0.03484788285860557,0.037453082401839755,False,True,False,
0.0,6,0.05,mx,1.1,0.03699186990807476,0.04079051272087714,False,True,False,
0.0,6,0.05,mx,1.15,0.038926934130693286,0.03509954192966541,False,True,False,
0.0,6,0.05,mx,1.2,0.04050182410104129,0.03234486269035736,False,False,False,
0.0,6,0.05,mx,1.25,0.042161420399729026,0.036294613232070616,False,True,False,
0.0,6,0.05,mx,1.3,0.04413128542424836,0.032446171585360006,False,True,False,
0.0,6,0.05,mx,1.35,0.04540603755826503,0.022304543802493526,False,False,False,
0.0,6,0.05,mx,1.4,0.04636173980449772,0.02126998540742303,False,True,False,
0.0,6,0.05,mx,1.45,0.04753303609900732,0.022383075189342072,False,False,False,
0.0,6,0.05,mx,1.5,0.04860004732343193,0.020261382778750836,False,False,False,
0.0,6,0.05,mx,1.55,0.049559174376882405,0.018345483845322974,False,False,False,
0.0,6,0.05,mx,1.6,0.05043459570796423,0.016594711459506584,False,False,False,
0.0,6,0.05,mx,1.65,0.051218645522833076,0.021648884755535835,False,False,False,
0.0,6,0.05,mx,1.7,0.0525994841835178,0.020893011334692457,False,True,True,False
0.0,6,0.05,mx,1.75,0.05330794665630233,0.014138118020867285,False,False,False,
0.0,6,0.05,mx,1.8,0.054013295985604524,0.012137053283681531,False,False,False,
0.0,6,0.05,mx,1.85,0.054521651984670474,0.012034790679884999,False,False,False,
0.0,6,0.05,mx,1.9,0.05521677505359303,0.013500027654319569,False,False,False,
0.0,6,0.05,mx,1.95,0.055871654750102424,0.0107622143548749,False,False,False,
0.0,6,0.05,mx,2.0,0.056292996489080524,0.00609145520424903,False,False,False,
0.3,4,0,order,0.05,0.9988753616014137,0.04247600140813823,False,False,False,
0.3,4,0,order,0.1,0.9953946452909925,0.09675265100871222,False,False,False,
0.3,4,0,order,0.15,0.9892000965005425,0.1588176123904912,False,False,False,
0.3,4,0,order,0.2,0.9795128840519434,0.2458891956855176,False,False,False,
0.3,4,0,order,0.25,0.9646111769319908,0.3910918959757623,False,False,False,
0.3,4,0,order,0.3,0.9404036944543672,0.6745820832156575,False,False,False,
0.3,4,0,order,0.35,0.8971529686104251,1.0554469505420272,False,False,False,
0.3,4,0,order,0.4,0.6954940763283636,,True,True,True,True
0.3,4,0,order,0.45,0.6232832597953448,,True,False,False,
0.3,4,0,order,0.5,0.5338544921861033,,True,False,False,
0.3,4,0,order,0.55,0.4441384463770516,1.4801047204027644,False,False,False,
0.3,4,0,order,0.6,0.37939392407349115,1.1096761717396544,False,False,False,
0.3,4,0,order,0.65,0.33317082920308627,0.7885134734154535,False,True,False,
0.3,4,0,order,0.7,0.30054257673194573,0.5769442314051361,False,True,False,
0.3,4,0,order,0.75,0.27547640606257273,0.3934663218329537,False,False,False,
0.3,4,0,order,0.8,0.2611959445486503,0.2983077840952366,False,True,False,
0.3,4,0,order,0.85,0.24564562765304904,0.2567020382975822,False,True,True,False
0.3,4,0,order,0.9,0.23552574071889212,0.1844975436717129,False,False,False,
0.3,4,0,order,0.95,0.2271958732858777,0.15313037672462348,False,False,False,
0.3,4,0,order,1.0,0.22021270304642981,0.12929146362837685,False,False,False,
0.3,4,0,order,1.05,0.21426672692304002,0.1109580199042206,False,False,False,
0.3,4,0,order,1.1,0.20911690105600778,0.096550212538689,False,False,False,
0.3,4,0,order,1.15,0.2046117056691712,0.08486967823692204,False,False,False,
0.3,4,0,order,1.2,0.20062993323231554,0.07389820263548952,False,False,False,
0.3,4,0,order,1.25,0.19722188540562224,0.06633561142700284,False,True,False,
0.3,4,0,order,1.3,0.19399637208961526,0.061417974241987805,False,False,False,
0.3,4,0,order,1.35,0.19108008798142345,0.055783806334469554,False,False,False,
0.3,4,0,order,1.4,0.18841799145616833,0.05097906750213066,False,False,False,
0.3,4,0,order,1.45,0.18598218123121035,0.04673425285392474,False,False,False,
0.3,4,0,order,1.5,0.18374456617077584,0.043059767206884425,False,False,False,
0.3,4,0,order,1.55,0.1816762045105219,0.03985761834776813,False,False,False,
0.3,4,0,order,1.6,0.17975880433599903,0.03700894901358964,False,False,False,
0.3,4,0,order,1.65,0.17797530960916297,0.03446041748566597,False,False,False,
0.3,4,0,order,1.7,0.1763127625874324,0.032186332494531955,False,False,False,
0.3,4,0,order,1.75,0.17475667635970976,0.03016742651195692,False,False,False,
0.3,4,0,order,1.8,0.1732960199362367,0.028317137490806,False,False,False,
0.3,4,0,order,1.85,0.17192496261062917,0.026629867347201186,False,False,False,
0.3,4,0,order,1.9,0.17063303320151663,0.02511424874930923,False,False,False,
0.3,4,0,order,1.95,0.16941353773569823,0.023725277608268147,False,False,False,
0.3,4,0,order,2.0,0.16826050544068982,0.022396014192067604,False,False,False,
0.3,4,0,mx,0.05,0.03579715303843103,0.7151195371055612,False,False,False,
0.3,4,0,mx,0.1,0.07210500957009765,0.7371947241611031,False,False,False,
0.3,4,0,mx,0.15,0.10951662545454134,0.7678543446267497,False,False,False,
0.3,4,0,mx,0.2,0.14889044403277263,0.8224713025668695,False,False,False,
0.3,4,0,mx,0.25,0.19176375571122828,0.9234331119275312,False,False,False,
0.3,4,0,mx,0.3,0.2412337552255257,1.1161010044227098,False,False,False,
0.3,4,0,mx,0.35,0.3033738561534992,1.3695030326962305,False,False,False,
0.3,4,0,mx,0.4,0.4514926607557323,,True,True,True,True
0.3,4,0,mx,0.45,0.5196828519707423,,True,False,False,
0.3,4,0,mx,0.5,0.5899733160177428,,True,False,False,
0.3,4,0,mx,0.55,0.6525971675714924,1.0441811104467735,False,False,False,
0.3,4,0,mx,0.6,0.6991380548424078,0.8174543803898455,False,False,False,
0.3,4,0,mx,0.65,0.7343426056104772,0.628252143525807,False,True,False,
0.3,4,0,mx,0.7,0.7619632691949884,0.5013850168645853,False,True,False,
0.3,4,0,mx,0.75,0.7844811072969359,0.40839756629154156,False,False,False,
0.3,4,0,mx,0.8,0.8028030258241425,0.3492370357142418,False,True,False,
0.3,4,0,mx,0.85,0.8194048108683598,0.30647068815632394,False,True,True,False
0.3,4,0,mx,0.9,0.8334500946397752,0.26485527635087003,False,False,False,
0.3,4,0,mx,0.95,0.8458903385034466,0.23531236279877454,False,False,False,
0.3,4,0,mx,1.0,0.8569813309196528,0.2102806611402368,False,False,False,
0.3,4,0,mx,1.05,0.8669184046174703,0.18879608377466184,False,False,False,
0.3,4,0,mx,1.1,0.8758609392971191,0.1701804025652507,False,False,False,
0.3,4,0,mx,1.15,0.8839364448739955,0.15392179376713422,False,False,False,
0.3,4,0,mx,1.2,0.8912531186738324,0.13994272440948663,False,False,False,
0.3,4,0,mx,1.25,0.897930717314944,0.12732998620433733,False,True,False,
0.3,4,0,mx,1.3,0.9039861172942663,0.11588562196894081,False,False,False,
0.3,4,0,mx,1.35,0.9095192795118382,0.10600788560658536,False,False,False,
0.3,4,0,mx,1.4,0.9145869058549247,0.09720973193847549,False,False,False,
0.3,4,0,mx,1.45,0.9192402527056855,0.08936064013882827,False,False,False,
0.3,4,0,mx,1.5,0.9235229698688077,0.08231989371514992,False,False,False,
0.3,4,0,mx,1.55,0.9274722420772006,0.07599396589963447,False,False,False,
0.3,4,0,mx,1.6,0.931122366458771,0.07030234317347883,False,False,False,
0.3,4,0,mx,1.65,0.9345024763945488,0.06516194204521497,False,False,False,
0.3,4,0,mx,1.7,0.9376385606632923,0.060507225018723076,False,False,False,
0.3,4,0,mx,1.75,0.9405531988964211,0.05628444306018743,False,False,False,
0.3,4,0,mx,1.8,0.943267004969311,0.05245028657867756,False,False,False,
0.3,4,0,mx,1.85,0.9457982275542889,0.04895546005635332,False,False,False,
0.3,4,0,mx,1.9,0.9481625509749464,0.04576206606652988,False,False,False,
0.3,4,0,mx,1.95,0.9503744341609417,0.04284587268487172,False,False,False,
0.3,4,0,mx,2.0,0.9524471382434336,0.04006229061480582,False,False,False,
0.3,4,0.01,order,0.05,0.4405820909287474,0.0062827868051060776,False,False,False,
0.3,4,0.01,order,0.1,0.43990730423131186,0.020708681092316716,False,False,False,
0.3,4,0.01,order,0.15,0.4385112228195157,0.03689761913776923,False,False,False,
0.3,4,0.01,order,0.2,0.43621754231753496,0.059353889912928004,False,False,False,
0.3,4,0.01,order,0.25,0.4325758338282229,0.09905412265514713,False,False,False,
0.3,4,0.01,order,0.3,0.4263121300520203,0.18488966798826212,False,False,False,
0.3,4,0.01,order,0.35,0.4140868670293967,0.30412085291668234,False,False,False,
0.3,4,0.01,order,0.4,0.43751139848842047,,True,True,True,True
0.3,4,0.01,order,0.45,0.4032723645226567,,True,False,False,
0.3,4,0.01,order,0.5,0.360866417860655,,True,False,False,
0.3,4,0.01,order,0.55,0.31770850736541323,0.7184585336996441,False,False,False,
0.3,4,0.01,order,0.6,0.2828246825361266,0.6768944594718214,False,False,False,
0.3,4,0.01,order,0.65,0.25001906141823116,0.541576419288643,False,True,False,
0.3,4,0.01,order,0.7,0.22866704060726223,0.31442517259602276,False,True,False,
0.3,4,0.01,order,0.75,0.21857654415862893,0.24739235585495578,False,False,False,
0.3,4,0.01,order,0.8,0.20392780502176663,0.19021500572355188,False,True,False,
0.3,4,0.01,order,0.85,0.19955504358627368,0.10177208862487519,False,True,True,False
0.3,4,0.01,order,0.9,0.19375059615927914,0.10673076718941266,False,False,False,
0.3,4,0.01,order,0.95,0.18888196686733238,0.09030419484971053,False,False,False,
0.3,4,0.01,order,1.0,0.18472017667430812,0.07762774200455969,False,False,False,
0.3,4,0.01,order,1.05,0.1811191926668764,0.06766102945881358,False,False,False,
0.3,4,0.01,order,1.1,0.17795407372842675,0.059637882287752575,False,False,False,
0.3,4,0.01,order,1.15,0.17515540443810118,0.05299030144045913,False,False,False,
0.3,4,0.01,order,1.2,0.17265504358438083,0.026160056289650235,False,False,False,
0.3,4,0.01,order,1.25,0.17253939880913616,0.02123450400702387,False,True,False,
0.3,4,0.01,order,1.3,0.17053159318367844,0.03836602383136789,False,False,False,
0.3,4,0.01,order,1.35,0.16870279642599936,0.03507935047396282,False,False,False,
0.3,4,0.01,order,1.4,0.16702365813628217,0.03221524740607773,False,False,False,
0.3,4,0.01,order,1.45,0.16548127168539156,0.029706596556822618,False,False,False,
0.3,4,0.01,order,1.5,0.1640529984805999,0.027541793451054675,False,False,False,
0.3,4,0.01,order,1.55,0.1627270923402861,0.025599681051403422,False,False,False,
0.3,4,0.01,order,1.6,0.16149303037545956,0.02384785483562979,False,False,False,
0.3,4,0.01,order,1.65,0.16034230685672315,0.022272668948456698,False,False,False,
0.3,4,0.01,order,1.7,0.15926576348061386,0.020870898845529284,False,False,False,
0.3,4,0.01,order,1.75,0.15825521697217024,0.019615549992713976,False,False,False,
0.3,4,0.01,order,1.8,0.15730420848134247,0.01845140914568333,False,False,False,
0.3,4,0.01,order,1.85,0.1564100760576019,0.017389356452493843,False,False,False,
0.3,4,0.01,order,1.9,0.15556527283609312,0.016444103890001394,False,False,False,
0.3,4,0.01,order,1.95,0.15476566566860175,0.015555342954481466,False,False,False,
0.3,4,0.01,order,2.0,0.15400973854064498,0.014681742163788591,False,False,False,
0.3,4,0.01,mx,0.05,0.034698287826541135,0.3335292157414036,False,False,False,
0.3,4,0.01,mx,0.1,0.05159958269976404,0.34252257918751267,False,False,False,
0.3,4,0.01,mx,0.15,0.0689505457452924,0.35559880795325105,False,False,False,
0.3,4,0.01,mx,0.2,0.08715946349508914,0.3800423858008303,False,False,False,
0.3,4,0.01,mx,0.25,0.10695478432537543,0.4284805944907971,False,False,False,
0.3,4,0.01,mx,0.3,0.13000752294416884,0.5282056304595264,False,False,False,
0.3,4,0.01,mx,0.35,0.15977534737132804,0.6625073466268416,False,False,False,
0.3,4,0.01,mx,0.4,0.33799068350249817,,True,True,True,True
0.3,4,0.01,mx,0.45,0.384047555414837,,True,False,False,
0.3,4,0.01,mx,0.5,0.43290313785695234,,True,False,False,
0.3,4,0.01,mx,0.55,0.47630253289100666,1.3734206951524506,False,False,False,
0.3,4,0.01,mx,0.6,0.5103098850849201,-0.013126607395903989,False,False,False,
0.3,4,0.01,mx,0.65,0.4749898721514162,0.2697527528562196,False,True,False,
0.3,4,0.01,mx,0.7,0.5372851603705417,0.9599295368902014,False,True,False,
0.3,4,0.01,mx,0.75,0.5709828258404364,-0.3502443329632019,False,False,False,
0.3,4,0.01,mx,0.8,0.5022607270742215,-0.034617393461542356,False,True,False,
0.3,4,0.01,mx,0.85,0.5675210864942817,0.7448324472469263,False,True,True,False
0.3,4,0.01,mx,0.9,0.5767439717989141,0.18031354986797332,False,False,False,
0.3,4,0.01,mx,0.95,0.5855524414810789,0.171117177483886,False,False,False,
0.3,4,0.01,mx,1.0,0.5938556895473028,0.16031752797351295,False,False,False,
0.3,4,0.01,mx,1.05,0.6015841942784302,0.14850954589225918,False,False,False,
0.3,4,0.01,mx,1.1,0.6087066441365288,0.13732010050035992,False,False,False,
0.3,4,0.01,mx,1.15,0.6153162043284663,0.12735818909563168,False,False,False,
0.3,4,0.01,mx,1.2,0.6214424630460917,0.14246700553944613,False,False,False,
0.3,4,0.01,mx,1.25,0.629562904882411,0.1334196802887,False,True,False,
0.3,4,0.01,mx,1.3,0.6347844310749617,0.10080736532947032,False,False,False,
0.3,4,0.01,mx,1.35,0.639643641415358,0.09256478919376132,False,False,False,
0.3,4,0.01,mx,1.4,0.6440409099943379,0.08496709691907167,False,False,False,
0.3,4,0.01,mx,1.45,0.6481403511072651,0.07917088062446975,False,False,False,
0.3,4,0.01,mx,1.5,0.6519579980567849,0.07344704295489102,False,False,False,
0.3,4,0.01,mx,1.55,0.6554850554027541,0.06792146940206667,False,False,False,
0.3,4,0.01,mx,1.6,0.6587501449969916,0.0630554503521159,False,False,False,
0.3,4,0.01,mx,1.65,0.6617906004379659,0.058774475181701646,False,False,False,
0.3,4,0.01,mx,1.7,0.6646275925151617,0.05476700607867979,False,False,False,
0.3,4,0.01,mx,1.75,0.6672673010458339,0.051062702275140204,False,False,False,
0.3,4,0.01,mx,1.8,0.6697338627426757,0.047827807325145244,False,False,False,
0.3,4,0.01,mx,1.85,0.6720500817783484,0.044815434763455286,False,False,False,
0.3,4,0.01,mx,1.9,0.6742154062190213,0.04191635904326407,False,False,False,
0.3,4,0.01,mx,1.95,0.6762417176826747,0.03940762573339285,False,False,False,
0.3,4,0.01,mx,2.0,0.6781561687923606,0.03717041865404269,False,False,False,
0.3,4,0.05,order,0.05,0.131221524553461,-0.001043695644797893,False,False,False,
0.3,4,0.05,order,0.1,0.1312795285940691,-0.0012764659795254651,False,False,False,
0.3,4,0.05,order,0.15,0.13134917115141356,-0.0015730307391252918,False,False,False,
0.3,4,0.05,order,0.2,0.13143683166798162,-0.002006417632632429,False,False,False,
0.3,4,0.05,order,0.25,0.13154981291467682,-0.0024237706000638237,False,False,False,
0.3,4,0.05,order,0.3,0.131679208727988,-0.0021416314218782873,False,False,False,
0.3,4,0.05,order,0.35,0.13176397605686466,-0.0012490617331875065,False,False,False,
0.3,4,0.05,order,0.4,0.1581885555878209,,True,True,True,False
0.3,4,0.05,order,0.45,0.15657221016788653,,True,False,False,
0.3,4,0.05,order,0.5,0.15506426592765224,,True,False,False,
0.3,4,0.05,order,0.55,0.15317260022791507,0.01140606778687947,False,False,False,
0.3,4,0.05,order,0.6,0.1499391625121296,0.11793144084453844,False,False,False,
0.3,4,0.05,order,0.65,0.14137945614346126,0.12847296448691492,False,True,False,
0.3,4,0.05,order,0.7,0.13709186606343807,0.02064846800157616,False,True,False,
0.3,4,0.05,order,0.75,0.1393146093433037,0.029945271290673592,False,False,False,
0.3,4,0.05,order,0.8,0.1340973389343707,0.04860460356350127,False,True,False,
0.3,4,0.05,order,0.85,0.13445414898695354,0.003074710742178688,False,True,True,False
0.3,4,0.05,order,0.9,0.13378986786015284,0.012422562867580034,False,False,False,
0.3,4,0.05,order,0.95,0.1332118927001955,0.010989086265010384,False,False,False,
0.3,4,0.05,order,1.0,0.13269095923365182,0.00989535586861967,False,False,False,
0.3,4,0.05,order,1.05,0.13222235711333355,0.00897700404625712,False,False,False,
0.3,4,0.05,order,1.1,0.13179325882902612,0.008166415356216428,False,False,False,
0.3,4,0.05,order,1.15,0.13140571557771194,0.007449920079249273,False,False,False,
0.3,4,0.05,order,1.2,0.13104826682110116,-0.009865523261797016,False,False,False,
0.3,4,0.05,order,1.25,0.13239226790389164,-0.010772910648606526,False,True,False,
0.3,4,0.05,order,1.3,0.1321255578859618,0.005143186450387027,False,False,False,
0.3,4,0.05,order,1.35,0.13187794925885293,0.004780736495378024,False,False,False,
0.3,4,0.05,order,1.4,0.13164748423642403,0.00443747877701961,False,False,False,
0.3,4,0.05,order,1.45,0.13143420138115094,0.004157601368642627,False,False,False,
0.3,4,0.05,order,1.5,0.13123172409955977,0.00391964179899329,False,False,False,
0.3,4,0.05,order,1.55,0.1310422372012516,0.0036805495227809626,False,False,False,
0.3,4,0.05,order,1.6,0.13086366914728167,0.003457210826629087,False,False,False,
0.3,4,0.05,order,1.65,0.1306965161185887,0.0032473891280044853,False,False,False,
0.3,4,0.05,order,1.7,0.1305389302344812,0.003071952189434013,False,False,False,
0.3,4,0.05,order,1.75,0.1303893208996453,0.002913641230929853,False,False,False,
0.3,4,0.05,order,1.8,0.1302475661113882,0.002748625830629514,False,False,False,
0.3,4,0.05,order,1.85,0.13011445831658236,0.0026028998780085466,False,False,False,
0.3,4,0.05,order,1.9,0.12998727612358738,0.002488973680367934,False,False,False,
0.3,4,0.05,order,1.95,0.12986556094854554,0.0023582282564933443,False,False,False,
0.3,4,0.05,order,2.0,0.12975145329793805,0.002206077767805681,False,False,False,
0.3,4,0.05,mx,0.05,0.004791348007084883,0.015126018196811766,False,False,False,
0.3,4,0.05,mx,0.1,0.005551607610022794,0.015284365920704646,False,False,False,
0.3,4,0.05,mx,0.15,0.006319784599155347,0.015635543255540153,False,False,False,
0.3,4,0.05,mx,0.2,0.007115161935576809,0.01651123747026928,False,False,False,
0.3,4,0.05,mx,0.25,0.007970908346182276,0.019162817834795245,False,False,False,
0.3,4,0.05,mx,0.3,0.009031443719056332,0.02681863733724804,False,False,False,
0.3,4,0.05,mx,0.35,0.010652772079907079,0.038034497096781805,False,False,False,
0.3,4,0.05,mx,0.4,0.09001743073081285,,True,True,True,False
0.3,4,0.05,mx,0.45,0.10093702674872856,,True,False,False,
0.3,4,0.05,mx,0.5,0.11360705770239163,,True,False,False,
0.3,4,0.05,mx,0.55,0.12423917223507559,0.8290821347288806,False,False,False,
0.3,4,0.05,mx,0.6,0.13558065934557284,-0.3754226503089897,False,False,False,
0.3,4,0.05,mx,0.65,0.08669690720417651,-0.08523606964127439,False,True,False,
0.3,4,0.05,mx,0.7,0.12705705238144518,0.6452932174605986,False,True,False,
0.3,4,0.05,mx,0.75,0.15122622895023635,-0.48719294143774905,False,False,False,
0.3,4,0.05,mx,0.8,0.07833775823767024,-0.2205687062486641,False,True,False,
0.3,4,0.05,mx,0.85,0.12916935832536966,0.5209378503982246,False,True,True,False
0.3,4,0.05,mx,0.9,0.1304315432774926,0.0307506787613836,False,False,False,
0.3,4,0.05,mx,0.95,0.13224442620150798,0.03938323247690856,False,False,False,
0.3,4,0.05,mx,1.0,0.13436986652518348,0.04364263382263678,False,False,False,
0.3,4,0.05,mx,1.05,0.13660868958377165,0.0445271756821799,False,False,False,
0.3,4,0.05,mx,1.1,0.13882258409340148,0.04420082330427544,False,False,False,
0.3,4,0.05,mx,1.15,0.1410287719141992,0.04374863074284008,False,False,False,
0.3,4,0.05,mx,1.2,0.14319744716768545,0.06336562280629177,False,False,False,
0.3,4,0.05,mx,1.25,0.1473653341948284,0.061721446818487014,False,True,False,
0.3,4,0.05,mx,1.3,0.14936959184953416,0.03948364643717572,False,False,False,
0.3,4,0.05,mx,1.35,0.15131369883854598,0.03662621114319253,False,False,False,
0.3,4,0.05,mx,1.4,0.15303221296385344,0.033772004439609704,False,False,False,
0.3,4,0.05,mx,1.45,0.15469089928250693,0.0324338761730254,False,False,False,
0.3,4,0.05,mx,1.5,0.15627560058115597,0.030554259003715778,False,False,False,
0.3,4,0.05,mx,1.55,0.1577463251828785,0.028399213572412707,False,False,False,
0.3,4,0.05,mx,1.6,0.15911552193839726,0.02660094525650125,False,False,False,
0.3,4,0.05,mx,1.65,0.16040641970852867,0.02510119629085117,False,False,False,
0.3,4,0.05,mx,1.7,0.16162564156748233,0.023587391840721672,False,False,False,
0.3,4,0.05,mx,1.75,0.16276515889260085,0.022130656586710096,False,False,False,
0.3,4,0.05,mx,1.8,0.16383870722615335,0.02094854633329679,False,False,False,
0.3,4,0.05,mx,1.85,0.16486001352593052,0.019794788133670416,False,False,False,
0.3,4,0.05,mx,1.9,0.16581818603952042,0.018569364836193536,False,False,False,
0.3,4,0.05,mx,1.95,0.16671695000954984,0.017606571183209407,False,False,False,
0.3,4,0.05,mx,2.0,0.16757884315784136,0.016869154748452075,False,False,False,
0.3,6,0,order,0.05,0.9988752760358354,0.04241894902737897,False,False,False,
0.3,6,0,order,0.1,0.9953933088437905,0.09685973865441788,False,False,False,
0.3,6,0,order,0.15,0.9891893021703937,0.15933777019790973,False,True,False,
0.3,6,0,order,0.2,0.9794595318239996,0.2477565836784983,False,False,False,
0.3,6,0,order,0.25,0.9644136438025439,0.39610327715527127,False,False,False,
0.3,6,0,order,0.3,0.9398492041084724,0.6818969269391619,False,False,False,
0.3,6,0,order,0.35,0.8962239511086278,1.2288029168199142,False,False,False,
0.3,6,0,order,0.4,0.816968912426481,2.0170630248869177,False,False,False,
0.3,6,0,order,0.45,0.694517648619936,2.575742802476605,False,False,False,
0.3,6,0,order,0.5,0.5593946321788205,2.4268657887947676,False,False,False,
0.3,6,0,order,0.55,0.45183106974045917,1.803951997758908,False,False,False,
0.3,6,0,order,0.6,0.37899943240292955,1.2033705216271495,False,True,True,False
0.3,6,0,order,0.65,0.3314940175777444,0.805807027622857,False,True,False,
0.3,6,0,order,0.7,0.29841872964064375,0.5597188680484964,False,True,True,False
0.3,6,0,order,0.75,0.27552213077289484,0.397782944588426,False,False,False,
0.3,6,0,order,0.8,0.25864043518180113,0.29816666479274234,False,False,False,
0.3,6,0,order,0.85,0.24570546429362056,0.23187581202310925,False,False,False,
0.3,6,0,order,0.9,0.23545285397949023,0.18614458259713418,False,False,False,
0.3,6,0,order,0.95,0.22709100603390708,0.15334375777642117,False,False,False,
0.3,6,0,order,1.0,0.22011847820184813,0.12907967295977585,False,False,False,
0.3,6,0,order,1.05,0.21418303873792946,0.11062336439583076,False,False,False,
0.3,6,0,order,1.1,0.20905614176226506,0.09612792997779795,False,False,False,
0.3,6,0,order,1.15,0.20457024574014976,0.08458466762859951,False,False,False,
0.3,6,0,order,1.2,0.20059767499940506,0.07519078320767414,False,False,False,
0.3,6,0,order,1.25,0.19705116741938233,0.06738578593721511,False,False,False,
0.3,6,0,order,1.3,0.19385909640568352,0.06090345639557726,False,False,False,
0.3,6,0,order,1.35,0.1909608217798246,0.055363403835700264,False,False,False,
0.3,6,0,order,1.4,0.1883227560221135,0.05055567038638098,False,False,False,
0.3,6,0,order,1.45,0.18590525474118647,0.04644450358273211,False,False,False,
0.3,6,0,order,1.5,0.1836783056638403,0.042829086525785875,False,False,False,
0.3,6,0,order,1.55,0.1816223460886079,0.03964179464367268,False,False,False,
0.3,6,0,order,1.6,0.17971412619947302,0.03683933464437672,False,False,False,
0.3,6,0,order,1.65,0.17793841262417026,0.0343297049957727,False,False,False,
0.3,6,0,order,1.7,0.17628115569989572,0.03209628517015739,False,False,False,
0.3,6,0,order,1.75,0.1747287841071545,0.03005601457730367,False,False,False,
0.3,6,0,order,1.8,0.17327555424216534,0.0282222702768673,False,False,False,
0.3,6,0,order,1.85,0.17190655707946778,0.026567635057227257,False,False,False,
0.3,6,0,order,1.9,0.17061879073644265,0.025080674797623548,False,False,False,
0.3,6,0,order,1.95,0.1693984895997054,0.0236971878382215,False,False,False,
0.3,6,0,order,2.0,0.1682490719526205,0.02227951804517314,False,False,False,
0.3,6,0,mx,0.05,0.03579822444346454,0.7150341720903226,False,False,False,
0.3,6,0,mx,0.1,0.07211145280446973,0.737494962349885,False,False,False,
0.3,6,0,mx,0.15,0.10954772067845303,0.7688295121982798,False,True,False,
0.3,6,0,mx,0.2,0.1489944040242977,0.8249609262769619,False,False,False,
0.3,6,0,mx,0.25,0.19204381330614922,0.9285250576847355,False,False,False,
0.3,6,0,mx,0.3,0.24184690979277124,1.1221411109867738,False,False,False,
0.3,6,0,mx,0.35,0.3042579244048266,1.4467197654123445,False,False,False,
0.3,6,0,mx,0.4,0.3865188863340057,1.8162267078887564,False,False,False,
0.3,6,0,mx,0.45,0.48588059519370225,1.9322332784777223,False,False,False,
0.3,6,0,mx,0.5,0.5797422141817778,1.6424735322912154,False,False,False,
0.3,6,0,mx,0.55,0.6501279484228238,1.1944565180405542,False,False,False,
0.3,6,0,mx,0.6,0.6991878659858333,0.8451508098825498,False,True,True,False
0.3,6,0,mx,0.65,0.7346430294110788,0.6291166583689511,False,True,False,
0.3,6,0,mx,0.7,0.7620995318227283,0.49694474418135925,False,True,True,False
0.3,6,0,mx,0.75,0.7843375038292149,0.409603411450588,False,False,False,
0.3,6,0,mx,0.8,0.8030598729677871,0.34856220551754014,False,False,False,
0.3,6,0,mx,0.85,0.8191937243809688,0.3025204427069106,False,False,False,
0.3,6,0,mx,0.9,0.8333119172384783,0.26601815975847387,False,False,False,
0.3,6,0,mx,0.95,0.845795540356816,0.23601001837308644,False,False,False,
0.3,6,0,mx,1.0,0.8569129190757871,0.2107242442149282,False,False,False,
0.3,6,0,mx,1.05,0.8668679647783089,0.18909906103533025,False,False,False,
0.3,6,0,mx,1.1,0.8758228251793201,0.1703967039455705,False,False,False,
0.3,6,0,mx,1.15,0.8839076351728661,0.15408317698533125,False,False,False,
0.3,6,0,mx,1.2,0.8912311428778531,0.1397757399961037,False,False,False,
0.3,6,0,mx,1.25,0.8978852091724765,0.1271790600192233,False,False,False,
0.3,6,0,mx,1.3,0.9039490488797755,0.11602426548404132,False,False,False,
0.3,6,0,mx,1.35,0.9094876357208808,0.10612169006262562,False,False,False,
0.3,6,0,mx,1.4,0.9145612178860381,0.09731662861674018,False,False,False,
0.3,6,0,mx,1.45,0.9192192985825545,0.08944036904105523,False,False,False,
0.3,6,0,mx,1.5,0.9235052547901434,0.08238691552222122,False,False,False,
0.3,6,0,mx,1.55,0.9274579901347766,0.0760534125466652,False,False,False,
0.3,6,0,mx,1.6,0.9311105960448101,0.07034657899468577,False,False,False,
0.3,6,0,mx,1.65,0.9344926480342453,0.06519571377265088,False,False,False,
0.3,6,0,mx,1.7,0.937630167422075,0.06053581357429216,False,False,False,
0.3,6,0,mx,1.75,0.9405462293916744,0.05631379995484842,False,False,False,
0.3,6,0,mx,1.8,0.9432615474175599,0.05247215399997529,False,False,False,
0.3,6,0,mx,1.85,0.9457934447916719,0.0489727140827263,False,False,False,
0.3,6,0,mx,1.9,0.9481588188258326,0.045774891618560076,False,False,False,
0.3,6,0,mx,1.95,0.9503709339535279,0.04285392265824228,False,False,False,
0.3,6,0,mx,2.0,0.9524442110916569,0.04007716286692187,False,False,False,
0.3,6,0.01,order,0.05,0.3568200074238869,0.41711139744299963,False,False,False,
0.3,6,0.01,order,0.1,0.3561162669588277,-0.38896177884062944,False,False,False,
0.3,6,0.01,order,0.15,0.39571618530794983,-0.4042800639511426,False,True,False,
0.3,6,0.01,order,0.2,0.39654427335394193,-0.013198479920553563,False,False,False,
0.3,6,0.01,order,0.25,0.3970360333000052,0.07113669170272097,False,False,False,
0.3,6,0.01,order,0.3,0.3894306041836698,-0.029603860395439163,False,False,False,
0.3,6,0.01,order,0.35,0.3999964193395491,0.06877237147085591,False,False,False,
0.3,6,0.01,order,0.4,0.38255336703658416,0.5223412879083709,False,False,False,
0.3,6,0.01,order,0.45,0.34776229054871205,0.7543541571496974,False,False,False,
0.3,6,0.01,order,0.5,0.30711795132161446,0.74554679864749,False,False,False,
0.3,6,0.01,order,0.55,0.273207610683963,0.6108668268585689,False,False,False,
0.3,6,0.01,order,0.6,0.24442147091566274,,False,True,True,True
0.3,6,0.01,order,0.65,0.20705143414781957,,False,True,False,
0.3,6,0.01,order,0.7,0.20673392715991512,,False,True,True,True
0.3,6,0.01,order,0.75,0.19781315430323337,0.13996586709806125,False,False,False,
0.3,6,0.01,order,0.8,0.19147762523017575,0.11345529582424185,False,False,False,
0.3,6,0.01,order,0.85,0.18646762472080916,0.09138139368140852,False,False,False,
0.3,6,0.01,order,0.9,0.18233948586203494,0.07609848545914066,False,False,False,
0.3,6,0.01,order,0.95,0.17885777617489504,0.06421577054120098,False,False,False,
0.3,6,0.01,order,1.0,0.17591790880791486,0.055036609276980286,False,False,False,
0.3,6,0.01,order,1.05,0.17335411524719702,0.04832391951591486,False,False,False,
0.3,6,0.01,order,1.1,0.17108551685632337,0.042496417556099564,False,False,False,
0.3,6,0.01,order,1.15,0.16910447349158708,0.037685663862577545,False,False,False,
0.3,6,0.01,order,1.2,0.1673169504700656,0.03404340353067137,False,False,False,
0.3,6,0.01,order,1.25,0.16570013313851994,0.031089429907229293,False,False,False,
0.3,6,0.01,order,1.3,0.16420800747934267,0.02869937033772052,False,False,False,
0.3,6,0.01,order,1.35,0.1628301961047479,0.026172848003189086,False,False,False,
0.3,6,0.01,order,1.4,0.16159072267902377,0.02415799246412975,False,False,False,
0.3,6,0.01,order,1.45,0.16041439685833486,0.02264907967683616,False,False,False,
0.3,6,0.01,order,1.5,0.15932581471134016,0.02106680149477902,False,False,False,
0.3,6,0.01,order,1.55,0.15830771670885696,0.019683497596522326,False,False,False,
0.3,6,0.01,order,1.6,0.15735746495168793,0.018512841882179165,False,False,False,
0.3,6,0.01,order,1.65,0.15645643252063907,0.0174340377322022,False,False,False,
0.3,6,0.01,order,1.7,0.15561406117846768,0.01636494433137403,False,False,False,
0.3,6,0.01,order,1.75,0.15481993808750166,0.015513645126909337,False,False,False,
0.3,6,0.01,order,1.8,0.15406269666577674,0.014792771277843952,False,False,False,
0.3,6,0.01,order,1.85,0.15334066095971727,0.013906927301348126,False,False,False,
0.3,6,0.01,order,1.9,0.15267200393564195,0.012875506700128936,False,False,False,
0.3,6,0.01,order,1.95,0.15205311028970436,0.012769858467031714,False,False,False,
0.3,6,0.01,order,2.0,0.1513950180889388,0.013553829563590192,False,False,False,
0.3,6,0.01,mx,0.05,0.07027340517202729,0.796781020811918,False,False,False,
0.3,6,0.01,mx,0.1,0.08434197990978433,-0.23403803130163703,False,False,False,
0.3,6,0.01,mx,0.15,0.046869602041863606,-0.1893838796529782,False,True,False,
0.3,6,0.01,mx,0.2,0.06540359194448653,0.4002832895016397,False,False,False,
0.3,6,0.01,mx,0.25,0.08689793099202758,0.36612139999912974,False,False,False,
0.3,6,0.01,mx,0.3,0.10201573194439949,0.8119118548132586,False,False,False,
0.3,6,0.01,mx,0.35,0.16808911647335342,1.1742090556830425,False,False,False,
0.3,6,0.01,mx,0.4,0.21943663751270373,1.0534351759429337,False,False,False,
0.3,6,0.01,mx,0.45,0.27343263406764684,1.0644403236822257,False,False,False,
0.3,6,0.01,mx,0.5,0.32588066988092623,0.9403248403305446,False,False,False,
0.3,6,0.01,mx,0.55,0.3674651181007013,0.7230530884604587,False,False,False,
0.3,6,0.01,mx,0.6,0.3995092947503779,,False,True,True,True
0.3,6,0.01,mx,0.65,0.3294005123721236,,False,True,False,
0.3,6,0.01,mx,0.7,0.41477762496164267,,False,True,True,True
0.3,6,0.01,mx,0.75,0.4315893806266826,0.34542890377073476,False,False,False,
0.3,6,0.01,mx,0.8,0.44764653051479275,0.29685709175367503,False,False,False,
0.3,6,0.01,mx,0.85,0.46127508980205,0.2529481476113462,False,False,False,
0.3,6,0.01,mx,0.9,0.4729413452759275,0.2173097312750949,False,False,False,
0.3,6,0.01,mx,0.95,0.4830060629295594,0.19362079937925802,False,False,False,
0.3,6,0.01,mx,1.0,0.49230342521385345,0.1694365223937,False,False,False,
0.3,6,0.01,mx,1.05,0.4999497151689294,0.15215987064734016,False,False,False,
0.3,6,0.01,mx,1.1,0.5075194122785874,0.14147802434658452,False,False,False,
0.3,6,0.01,mx,1.15,0.5140975176035879,0.1266850747207533,False,False,False,
0.3,6,0.01,mx,1.2,0.5201879197506627,0.11714928912121536,False,False,False,
0.3,6,0.01,mx,1.25,0.5258124465157095,0.10963463533814988,False,False,False,
0.3,6,0.01,mx,1.3,0.5311513832844778,0.09643167271868958,False,False,False,
0.3,6,0.01,mx,1.35,0.5354556137875784,0.08924492390615768,False,False,False,
0.3,6,0.01,mx,1.4,0.5400758756750936,0.08378508072359736,False,False,False,
0.3,6,0.01,mx,1.45,0.5438341218599381,0.0724900068817318,False,False,False,
0.3,6,0.01,mx,1.5,0.5473248763632669,0.06828327242279908,False,False,False,
0.3,6,0.01,mx,1.55,0.5506624491022181,0.0645528872930603,False,False,False,
0.3,6,0.01,mx,1.6,0.5537801650925729,0.060934144295829995,False,False,False,
0.3,6,0.01,mx,1.65,0.5567558635318011,0.05704726488474243,False,False,False,
0.3,6,0.01,mx,1.7,0.559484891581047,0.05255861799016781,False,False,False,
0.3,6,0.01,mx,1.75,0.5620117253308178,0.04981567324232916,False,False,False,
0.3,6,0.01,mx,1.8,0.5644664589052799,0.04749239510502523,False,False,False,
0.3,6,0.01,mx,1.85,0.5667609648413203,0.04330973324421006,False,False,False,
0.3,6,0.01,mx,1.9,0.568797432229701,0.038006857524767845,False,False,False,
0.3,6,0.01,mx,1.95,0.570561650593797,0.0387667466617998,False,False,False,
0.3,6,0.01,mx,2.0,0.572674106895881,0.04573150542156057,False,False,False,
0.3,6,0.05,order,0.05,0.1271650650976539,0.03183455694349746,False,False,False,
0.3,6,0.05,order,0.1,0.12716709240376275,-0.03191564918785117,False,False,False,
0.3,6,0.05,order,0.15,0.13035663001643902,-0.0342937828749148,False,True,False,
0.3,6,0.05,order,0.2,0.1305964706912542,-0.005365670744965856,False,False,False,
0.3,6,0.05,order,0.25,0.13089319709093564,-0.003472234423914644,False,False,False,
0.3,6,0.05,order,0.3,0.13094369413364568,-0.031827260018445935,False,False,False,
0.3,6,0.05,order,0.35,0.1340759230927802,-0.03329880192811885,False,False,False,
0.3,6,0.05,order,0.4,0.13427357432645756,-0.0018861077126819392,False,False,False,
0.3,6,0.05,order,0.45,0.1342645338640484,0.001265391521042103,False,False,False,
0.3,6,0.05,order,0.5,0.13414703517435336,0.0031084254390632005,False,False,False,
0.3,6,0.05,order,0.55,0.1339536913201421,0.024225060544754262,False,False,False,
0.3,6,0.05,order,0.6,0.13172452911987792,0.06721133020136327,False,True,True,False
0.3,6,0.05,order,0.65,0.1272325583000058,0.1124675025935229,False,True,False,
0.3,6,0.05,order,0.7,0.12986670200195805,,False,True,True,True
0.3,6,0.05,order,0.75,0.1296250798854591,0.002897144709470112,False,False,False,
0.3,6,0.05,order,0.8,0.1294834721419995,0.0027671650289120553,False,False,False,
0.3,6,0.05,order,0.85,0.12934836338256786,0.0026834893284890526,False,False,False,
0.3,6,0.05,order,0.9,0.12921512320915063,0.00260780730565191,False,False,False,
0.3,6,0.05,order,0.95,0.12908758265200265,0.002376939082637808,False,False,False,
0.3,6,0.05,order,1.0,0.12897742930088685,0.0021314308569733154,False,False,False,
0.3,6,0.05,order,1.05,0.12887443956630532,0.002045394385246979,False,False,False,
0.3,6,0.05,order,1.1,0.12877288986236216,0.0018611989940693352,False,False,False,
0.3,6,0.05,order,1.15,0.12868831966689842,0.0016704070879884902,False,False,False,
0.3,6,0.05,order,1.2,0.1286058491535633,0.0016049450536335108,False,False,False,
0.3,6,0.05,order,1.25,0.12852782516153508,0.0015692018789079665,False,False,False,
0.3,6,0.05,order,1.3,0.1284489289656725,0.0015294800845977452,False,False,False,
0.3,6,0.05,order,1.35,0.1283748771530753,0.0014036467168012656,False,False,False,
0.3,6,0.05,order,1.4,0.1283085642939924,0.0013491071944731203,False,False,False,
0.3,6,0.05,order,1.45,0.12823996643362798,0.0013190714442401497,False,False,False,
0.3,6,0.05,order,1.5,0.12817665714956838,0.0012567407827019927,False,False,False,
0.3,6,0.05,order,1.55,0.1281142923553578,0.0012155481003246482,False,False,False,
0.3,6,0.05,order,1.6,0.12805510233953593,0.0011860805901331428,False,False,False,
0.3,6,0.05,order,1.65,0.1279956842963445,0.0011414131430098617,False,False,False,
0.3,6,0.05,order,1.7,0.12794096102523492,0.0010731230987166551,False,False,False,
0.3,6,0.05,order,1.75,0.12788837198647282,0.0010647200479418917,False,False,False,
0.3,6,0.05,order,1.8,0.12783448902044073,0.0010606514638054065,False,False,False,
0.3,6,0.05,order,1.85,0.12778230684009229,0.0009863543508508155,False,False,False,
0.3,6,0.05,order,1.9,0.12773585358535566,0.0008568689184182965,False,False,False,
0.3,6,0.05,order,1.95,0.12769661994825043,0.0009681499873770427,False,False,False,
0.3,6,0.05,order,2.0,0.12763903858661796,0.0013351044779215115,False,False,False,
0.3,6,0.05,mx,0.05,0.010650209438381908,0.10627712405657574,False,False,False,
0.3,6,0.05,mx,0.1,0.011101749310242898,-0.08821552918213621,False,False,False,
0.3,6,0.05,mx,0.15,0.0018286565201682912,-0.08199654249994504,False,True,False,
0.3,6,0.05,mx,0.2,0.0029020950602484013,0.02403840633046518,False,False,False,
0.3,6,0.05,mx,0.25,0.004232497153214809,0.010362378932254234,False,False,False,
0.3,6,0.05,mx,0.3,0.003938332953473824,0.10440926256475828,False,False,False,
0.3,6,0.05,mx,0.35,0.014673423409690634,0.1597292053964118,False,False,False,
0.3,6,0.05,mx,0.4,0.019911253493115004,0.10308548050278979,False,False,False,
0.3,6,0.05,mx,0.45,0.024981971459969617,0.10346045455394765,False,False,False,
0.3,6,0.05,mx,0.5,0.030257298948509766,0.10010598097235526,False,False,False,
0.3,6,0.05,mx,0.55,0.034992569557205144,0.08488822332585377,False,False,False,
0.3,6,0.05,mx,0.6,0.03874612128109514,-0.2267248712319847,False,True,True,False
0.3,6,0.05,mx,0.65,0.012320082434006617,-0.8303166826515553,False,True,False,
0.3,6,0.05,mx,0.7,0.039088478490439296,,False,True,True,True
0.3,6,0.05,mx,0.75,0.041710015844566635,0.06445402332805006,False,False,False,
0.3,6,0.05,mx,0.8,0.04471784003326055,0.055858944219706774,False,False,False,
0.3,6,0.05,mx,0.85,0.0472959102665373,0.0478011732324225,False,False,False,
0.3,6,0.05,mx,0.9,0.0494979573565028,0.040799002097108295,False,False,False,
0.3,6,0.05,mx,0.95,0.05137581047624812,0.037266147468500876,False,False,False,
0.3,6,0.05,mx,1.0,0.05322457210335289,0.03216706413320658,False,False,False,
0.3,6,0.05,mx,1.05,0.05459251688956878,0.029426339087756603,False,False,False,
0.3,6,0.05,mx,1.1,0.056167206012128545,0.02886929260571347,False,False,False,
0.3,6,0.05,mx,1.15,0.05747944615014014,0.02579882307137482,False,False,False,
0.3,6,0.05,mx,1.2,0.05874708831926602,0.024807709351356788,False,False,False,
0.3,6,0.05,mx,1.25,0.05996021708527582,0.024365688191270496,False,False,False,
0.3,6,0.05,mx,1.3,0.06118365713839308,0.020540108351188024,False,False,False,
0.3,6,0.05,mx,1.35,0.06201422792039463,0.01953566942152629,False,False,False,
0.3,6,0.05,mx,1.4,0.06313722408054571,0.0190004097795049,False,False,False,
0.3,6,0.05,mx,1.45,0.0639142688983451,0.015151312707868514,False,False,False,
0.3,6,0.05,mx,1.5,0.06465235535133257,0.014829269053132865,False,False,False,
0.3,6,0.05,mx,1.55,0.0653971958036584,0.014558384357930665,False,False,False,
0.3,6,0.05,mx,1.6,0.06610819378712564,0.014197926924691906,False,False,False,
0.3,6,0.05,mx,1.65,0.06681698849612759,0.01357638978408704,False,False,False,
0.3,6,0.05,mx,1.7,0.06746583276553433,0.012507285121759804,False,False,False,
0.3,6,0.05,mx,1.75,0.06806771700830357,0.012171972799441266,False,False,False,
0.3,6,0.05,mx,1.8,0.06868303004547846,0.011977828344927333,False,False,False,
0.3,6,0.05,mx,1.85,0.0692654998427963,0.010711600442183,False,False,False,
0.3,6,0.05,mx,1.9,0.06975419008969677,0.008721456467995492,False,False,False,
0.3,6,0.05,mx,1.95,0.07013764548959583,0.009926024301708969,False,False,False,
0.3,6,0.05,mx,2.0,0.07074679251986767,0.014439856909164384,False,False,False,
0.8,4,0,order,0.05,0.4996312663018678,0.014092874219511664,False,False,False,
0.8,4,0,order,0.1,0.4984941581138472,0.03139145330131754,False,False,False,
0.8,4,0,order,0.15,0.4964921209717361,0.050456516943781615,False,False,False,
0.8,4,0,order,0.2,0.493448506419469,0.07407645958253983,False,False,False,
0.8,4,0,order,0.25,0.4890844750134822,0.10459147033325333,False,False,False,
0.8,4,0,order,0.3,0.4829893593861437,0.14505626274725714,False,False,False,
0.8,4,0,order,0.35,0.47457884873875644,0.1991896654492349,False,False,False,
0.8,4,0,order,0.4,0.46307039284122015,0.2708533881569215,False,False,False,
0.8,4,0,order,0.45,0.4474935099230644,0.35222192856931045,False,False,False,
0.8,4,0,order,0.5,0.4268275730743192,,True,False,False,
0.8,4,0,order,0.55,0.3991397900424369,,True,True,True,False
0.8,4,0,order,0.6,0.3680301216898866,,True,False,False,
0.8,4,0,order,0.65,0.33644121949646827,,True,False,False,
0.8,4,0,order,0.7,0.3075839089725855,,True,False,False,
0.8,4,0,order,0.75,0.2832607210354354,,True,False,False,
0.8,4,0,order,0.8,0.2637437040255217,,True,False,False,
0.8,4,0,order,0.85,0.2484266511928264,,True,False,False,
0.8,4,0,order,0.9,0.23642708325338538,,True,False,False,
0.8,4,0,order,0.95,0.22691974976051857,,True,False,False,
0.8,4,0,order,1.0,0.2157421171108743,0.11421982382138962,False,True,True,False
0.8,4,0,order,1.05,0.21040365810801487,0.09931853629298715,False,False,False,
0.8,4,0,order,1.1,0.20581026348157558,0.08606365328709087,False,False,False,
0.8,4,0,order,1.15,0.20179729277930583,0.07556697919278155,False,False,False,
0.8,4,0,order,1.2,0.1982535655622974,0.06709015472350077,False,False,False,
0.8,4,0,order,1.25,0.19508827730695574,0.060142219937399766,False,False,False,
0.8,4,0,order,1.3,0.19223934356855743,0.05431424134327534,False,False,False,
0.8,4,0,order,1.35,0.1896568531726282,0.049380886907472554,False,False,False,
0.8,4,0,order,1.4,0.1873012548778102,0.04518156804440143,False,False,False,
0.8,4,0,order,1.45,0.18513869636818803,0.04154953601485989,False,False,False,
0.8,4,0,order,1.5,0.18314630127632422,0.03840333647487548,False,False,False,
0.8,4,0,order,1.55,0.1812983627207005,0.035597727530590983,False,False,False,
0.8,4,0,order,1.6,0.17958652852326512,0.03313411907750452,False,False,False,
0.8,4,0,order,1.65,0.17798495081295007,0.030979385736090936,False,False,False,
0.8,4,0,order,1.7,0.176488589949656,0.028992425828447077,False,False,False,
0.8,4,0,order,1.75,0.17508570823010536,0.027257719785407142,False,False,False,
0.8,4,0,order,1.8,0.17376281797111529,0.025685733588223014,False,False,False,
0.8,4,0,order,1.85,0.17251713487128306,0.024229983699553204,False,False,False,
0.8,4,0,order,1.9,0.17133981960116001,0.02293316489988939,False,False,False,
0.8,4,0,order,1.95,0.17022381838129408,0.021730589811193468,False,False,False,
0.8,4,0,order,2.0,0.16916676062004068,0.020551720638941617,False,False,False,
0.8,4,0,mx,0.05,0.0313613392001485,0.6269421817906914,False,False,False,
0.8,4,0,mx,0.1,0.06339720061293662,0.6544922747208333,False,False,False,
0.8,4,0,mx,0.15,0.09681056667223183,0.6896729587430679,False,False,False,
0.8,4,0,mx,0.2,0.1323644964872434,0.7409008964324729,False,False,False,
0.8,4,0,mx,0.25,0.17090065631547913,0.8098521408706505,False,False,False,
0.8,4,0,mx,0.3,0.21334971057430846,0.8982068540454133,False,False,False,
0.8,4,0,mx,0.35,0.2607213417200204,1.006524860403354,False,False,False,
0.8,4,0,mx,0.4,0.3140021966146439,1.1322445317714176,False,False,False,
0.8,4,0,mx,0.45,0.37394579489716223,1.2654993995293164,False,False,False,
0.8,4,0,mx,0.5,0.4406059186514688,,True,False,False,
0.8,4,0,mx,0.55,0.5174978458338718,,True,True,True,False
0.8,4,0,mx,0.6,0.5888881439105399,,True,False,False,
0.8,4,0,mx,0.65,0.6521475037688254,,True,False,False,
0.8,4,0,mx,0.7,0.7038031108786676,,True,False,False,
0.8,4,0,mx,0.75,0.7438195861417969,,True,False,False,
0.8,4,0,mx,0.8,0.7742504303936761,,True,False,False,
0.8,4,0,mx,0.85,0.7976005302455607,,True,False,False,
0.8,4,0,mx,0.9,0.8159801702734106,,True,False,False,
0.8,4,0,mx,0.95,0.8309083537859817,,True,False,False,
0.8,4,0,mx,1.0,0.8443016135047233,0.21574423358956807,False,True,True,False
0.8,4,0,mx,1.05,0.8545178308102955,0.19290445863331662,False,False,False,
0.8,4,0,mx,1.1,0.8635920593680549,0.17206689140783205,False,False,False,
0.8,4,0,mx,1.15,0.8717245199510788,0.15474259436265037,False,False,False,
0.8,4,0,mx,1.2,0.8790663188043197,0.14009064184865494,False,False,False,
0.8,4,0,mx,1.25,0.8857335841359442,0.12752267251190297,False,False,False,
0.8,4,0,mx,1.3,0.8918185860555101,0.11661230513342069,False,False,False,
0.8,4,0,mx,1.35,0.8973948146492863,0.10706562970560185,False,False,False,
0.8,4,0,mx,1.4,0.9025251490260704,0.09864404678622662,False,False,False,
0.8,4,0,mx,1.45,0.9072592193279089,0.09115396682840071,False,False,False,
0.8,4,0,mx,1.5,0.9116405457089104,0.08448003566638818,False,False,False,
0.8,4,0,mx,1.55,0.9157072228945476,0.07847096364139894,False,False,False,
0.8,4,0,mx,1.6,0.9194876420730502,0.07305416222538774,False,False,False,
0.8,4,0,mx,1.65,0.9230126391170865,0.0681729064492913,False,False,False,
0.8,4,0,mx,1.7,0.9263049327179792,0.06372475594533888,False,False,False,
0.8,4,0,mx,1.75,0.9293851147116204,0.059672987860748705,False,False,False,
0.8,4,0,mx,1.8,0.9322722315040541,0.05597548714219158,False,False,False,
0.8,4,0,mx,1.85,0.9349826634258397,0.0525839428831798,False,False,False,
0.8,4,0,mx,1.9,0.9375306257923723,0.049472707686877726,False,False,False,
0.8,4,0,mx,1.95,0.9399299341945273,0.046608787259661,False,False,False,
0.8,4,0,mx,2.0,0.9421915045183383,0.043854025692784404,False,False,False,
0.8,4,0.01,order,0.05,0.3476927015377713,0.0052753446823530226,False,False,False,
0.8,4,0.01,order,0.1,0.3471357658276337,0.01700208372315215,False,False,False,
0.8,4,0.01,order,0.15,0.3459924931654561,0.031203375114730925,False,False,False,
0.8,4,0.01,order,0.2,0.3440154283161606,0.048400844784520114,False,False,False,
0.8,4,0.01,order,0.25,0.34115240868700414,0.06816806391880625,False,False,False,
0.8,4,0.01,order,0.3,0.33719862192427996,0.09276898442552195,False,False,False,
0.8,4,0.01,order,0.35,0.33187551024445194,0.12380680942546674,False,False,False,
0.8,4,0.01,order,0.4,0.3248179409817332,0.16298215360674773,False,False,False,
0.8,4,0.01,order,0.45,0.31557729488377717,0.20664369031149477,False,False,False,
0.8,4,0.01,order,0.5,0.3037001192743494,,True,False,False,
0.8,4,0.01,order,0.55,0.27127168305866706,,True,True,True,True
0.8,4,0.01,order,0.6,0.2572719858715527,,True,False,False,
0.8,4,0.01,order,0.65,0.2427306303244641,,True,False,False,
0.8,4,0.01,order,0.7,0.2291710854305709,,True,False,False,
0.8,4,0.01,order,0.75,0.21752725774551246,,True,False,False,
0.8,4,0.01,order,0.8,0.20800112082062652,,True,False,False,
0.8,4,0.01,order,0.85,0.20035571132001806,,True,False,False,
0.8,4,0.01,order,0.9,0.19421204105304082,,True,False,False,
0.8,4,0.01,order,0.95,0.18921442823164455,,True,False,False,
0.8,4,0.01,order,1.0,0.17968147892108355,,False,True,True,True
0.8,4,0.01,order,1.05,0.17639417764379445,0.06006424336021032,False,False,False,
0.8,4,0.01,order,1.1,0.1735656527921103,0.05307675070715612,False,False,False,
0.8,4,0.01,order,1.15,0.17108650257307886,0.04652302965788624,False,False,False,
0.8,4,0.01,order,1.2,0.16891334982632167,0.041204235344275864,False,False,False,
0.8,4,0.01,order,1.25,0.16696607903865127,0.036991067037372094,False,False,False,
0.8,4,0.01,order,1.3,0.16521424312258445,0.033378418775917185,False,False,False,
0.8,4,0.01,order,1.35,0.16362823716105956,0.03034213586355672,False,False,False,
0.8,4,0.01,order,1.4,0.1621800295362288,0.027824303705766606,False,False,False,
0.8,4,0.01,order,1.45,0.16084580679048288,0.025537022574542156,False,False,False,
0.8,4,0.01,order,1.5,0.15962632727877457,0.02407687612784426,False,False,False,
0.8,4,0.01,order,1.55,0.15843811917769846,0.021828612668945535,False,False,False,
0.8,4,0.01,order,1.6,0.15744346601188003,0.02063113129913141,False,False,False,
0.8,4,0.01,order,1.65,0.15637500604778534,0.019479618719263403,False,False,False,
0.8,4,0.01,order,1.7,0.15549550413995367,0.017013855068466643,False,False,False,
0.8,4,0.01,order,1.75,0.15467362054093867,0.016948121092390966,False,False,False,
0.8,4,0.01,order,1.8,0.15380069203071456,0.016101233232210577,False,False,False,
0.8,4,0.01,order,1.85,0.15306349721771761,0.014308011337219817,False,False,False,
0.8,4,0.01,order,1.9,0.1523698908969926,0.013462104387708118,False,False,False,
0.8,4,0.01,order,1.95,0.15171728677894677,0.012744901137546893,False,False,False,
0.8,4,0.01,order,2.0,0.1510954007832379,0.01213053869080749,False,False,False,
0.8,4,0.01,mx,0.05,0.05623134306439919,0.40655891436650327,False,False,False,
0.8,4,0.01,mx,0.1,0.07694157634362611,0.42185041680257296,False,False,False,
0.8,4,0.01,mx,0.15,0.09841638474465648,0.43121212008999477,False,False,False,
0.8,4,0.01,mx,0.2,0.12006278835262557,0.4492959492171962,False,False,False,
0.8,4,0.01,mx,0.25,0.1433459796663761,0.4946611254221336,False,False,False,
0.8,4,0.01,mx,0.3,0.1695289008948389,0.5530297364172816,False,False,False,
0.8,4,0.01,mx,0.35,0.19864895330810425,0.6179936414149667,False,False,False,
0.8,4,0.01,mx,0.4,0.2313282650363356,0.6942162096601612,False,False,False,
0.8,4,0.01,mx,0.45,0.2680705742741204,0.7754761598512303,False,False,False,
0.8,4,0.01,mx,0.5,0.3090531822657813,,True,False,False,
0.8,4,0.01,mx,0.55,0.32182778580775384,,True,True,True,True
0.8,4,0.01,mx,0.6,0.36368770114441984,,True,False,False,
0.8,4,0.01,mx,0.65,0.40215315691892856,,True,False,False,
0.8,4,0.01,mx,0.7,0.4356002801137244,,True,False,False,
0.8,4,0.01,mx,0.75,0.46387915182869227,,True,False,False,
0.8,4,0.01,mx,0.8,0.4875744490342985,,True,False,False,
0.8,4,0.01,mx,0.85,0.5073974632439568,,True,False,False,
0.8,4,0.01,mx,0.9,0.5240244955891384,,True,False,False,
0.8,4,0.01,mx,0.95,0.5381152177353776,,True,False,False,
0.8,4,0.01,mx,1.0,0.5928830505419372,,False,True,True,True
0.8,4,0.01,mx,1.05,0.5997972909686199,0.13042385915739807,False,False,False,
0.8,4,0.01,mx,1.1,0.6060029969266022,0.11780437916188902,False,False,False,
0.8,4,0.01,mx,1.15,0.6115777288848089,0.10746699518328562,False,False,False,
0.8,4,0.01,mx,1.2,0.6167496964449307,0.09883615383008681,False,False,False,
0.8,4,0.01,mx,1.25,0.6214613442678176,0.09063723304838867,False,False,False,
0.8,4,0.01,mx,1.3,0.6258134197497696,0.08399343025006267,False,False,False,
0.8,4,0.01,mx,1.35,0.6298606872928239,0.07803303093820357,False,False,False,
0.8,4,0.01,mx,1.4,0.63361672284359,0.0722686028993893,False,False,False,
0.8,4,0.01,mx,1.45,0.6370875475827626,0.06792091065412276,False,False,False,
0.8,4,0.01,mx,1.5,0.6404088139090023,0.059956974729081125,False,False,False,
0.8,4,0.01,mx,1.55,0.6430832450556707,0.06022084661285909,False,False,False,
0.8,4,0.01,mx,1.6,0.6464308985702882,0.05399971040375995,False,False,False,
0.8,4,0.01,mx,1.65,0.6484832160960469,0.04955000415040978,False,False,False,
0.8,4,0.01,mx,1.7,0.6513858989853291,0.056734524124157026,False,False,False,
0.8,4,0.01,mx,1.75,0.6541566685084625,0.045782186110928436,False,False,False,
0.8,4,0.01,mx,1.8,0.6559641175964219,0.042371776539638084,False,False,False,
0.8,4,0.01,mx,1.85,0.6583938461624264,0.04764194465664673,False,False,False,
0.8,4,0.01,mx,1.9,0.6607283120620867,0.0460046296827743,False,False,False,
0.8,4,0.01,mx,1.95,0.6629943091307037,0.043805835186295106,False,False,False,
0.8,4,0.01,mx,2.0,0.6651088955807163,0.040777622814207604,False,False,False,
0.8,4,0.05,order,0.05,0.15302512678486477,-0.0033700725186815994,False,False,False,
0.8,4,0.05,order,0.1,0.15314974712098978,-0.001614740926317637,False,False,False,
0.8,4,0.05,order,0.15,0.15318660087749655,0.0010890513795054346,False,False,False,
0.8,4,0.05,order,0.2,0.15304084198303922,0.004390195600919133,False,False,False,
0.8,4,0.05,order,0.25,0.15274758131740465,0.007521196699856958,False,False,False,
0.8,4,0.05,order,0.3,0.15228872231305352,0.010976355678454786,False,False,False,
0.8,4,0.05,order,0.35,0.15164994574955917,0.014743487566363678,False,False,False,
0.8,4,0.05,order,0.4,0.15081437355641714,0.018863270505873997,False,False,False,
0.8,4,0.05,order,0.45,0.14976361869897178,0.02316692379194052,False,False,False,
0.8,4,0.05,order,0.5,0.1484876019201586,,True,False,False,
0.8,4,0.05,order,0.55,0.139120849130952,,True,True,True,True
0.8,4,0.05,order,0.6,0.13838972199221414,,True,False,False,
0.8,4,0.05,order,0.65,0.13759258638856256,,True,False,False,
0.8,4,0.05,order,0.7,0.1368544125306449,,True,False,False,
0.8,4,0.05,order,0.75,0.13624332111676152,,True,False,False,
0.8,4,0.05,order,0.8,0.13575501786394334,,True,False,False,
0.8,4,0.05,order,0.85,0.1353500225084839,,True,False,False,
0.8,4,0.05,order,0.9,0.13499163401895037,,True,False,False,
0.8,4,0.05,order,0.95,0.13466113541992794,,True,False,False,
0.8,4,0.05,order,1.0,0.1317685387093775,,False,True,True,True
0.8,4,0.05,order,1.05,0.13124401409014072,0.009500245888731884,False,False,False,
0.8,4,0.05,order,1.1,0.13079492525636172,0.008463307462429182,False,False,False,
0.8,4,0.05,order,1.15,0.1303976833438978,0.007330554199645345,False,False,False,
0.8,4,0.05,order,1.2,0.13006186983639714,0.0063940238276125605,False,False,False,
0.8,4,0.05,order,1.25,0.12975828096113656,0.00575016490613578,False,False,False,
0.8,4,0.05,order,1.3,0.12948685334578355,0.005147676361413556,False,False,False,
0.8,4,0.05,order,1.35,0.1292435133249952,0.004659139720276428,False,False,False,
0.8,4,0.05,order,1.4,0.12902093937375594,0.004298486142226388,False,False,False,
0.8,4,0.05,order,1.45,0.12881366471077252,0.0038974589548737004,False,False,False,
0.8,4,0.05,order,1.5,0.12863119347826857,0.003992149541498957,False,False,False,
0.8,4,0.05,order,1.55,0.1284144497566226,0.0032750756374519963,False,False,False,
0.8,4,0.05,order,1.6,0.12830368591452337,0.0033095595919441223,False,False,False,
0.8,4,0.05,order,1.65,0.1280834937974282,0.003249082579897422,False,False,False,
0.8,4,0.05,order,1.7,0.12797877765653362,0.0019858298291417498,False,False,False,
0.8,4,0.05,order,1.75,0.12788491081451403,0.002681026665143138,False,False,False,
0.8,4,0.05,order,1.8,0.1277106749900193,0.0026549816652163827,False,False,False,
0.8,4,0.05,order,1.85,0.1276194126479924,0.0017404118539365854,False,False,False,
0.8,4,0.05,order,1.9,0.12753663380462568,0.001595088773337805,False,False,False,
0.8,4,0.05,order,1.95,0.1274599037706586,0.001449629248802209,False,False,False,
0.8,4,0.05,order,2.0,0.12739167087974546,0.0012796863877237996,False,False,False,
0.8,4,0.05,mx,0.05,0.02566034896187024,0.0744359643056755,False,False,False,
0.8,4,0.05,mx,0.1,0.029427401364983098,0.07624613181883871,False,False,False,
0.8,4,0.05,mx,0.15,0.03328496214375411,0.06770618680072155,False,False,False,
0.8,4,0.05,mx,0.2,0.03619802004505525,0.059738257140703466,False,False,False,
0.8,4,0.05,mx,0.25,0.039258787857824454,0.07099422800003014,False,False,False,
0.8,4,0.05,mx,0.3,0.04329744284505826,0.08570868017407018,False,False,False,
0.8,4,0.05,mx,0.35,0.04782965587523147,0.09713053320846637,False,False,False,
0.8,4,0.05,mx,0.4,0.05301049616590489,0.11154821924331432,False,False,False,
0.8,4,0.05,mx,0.45,0.05898447779956291,0.12741104610300624,False,False,False,
0.8,4,0.05,mx,0.5,0.06590211870234756,,True,False,False,
0.8,4,0.05,mx,0.55,0.04314871488762634,,True,True,True,True
0.8,4,0.05,mx,0.6,0.048717627088875434,,True,False,False,
0.8,4,0.05,mx,0.65,0.054537558588455576,,True,False,False,
0.8,4,0.05,mx,0.7,0.06067439867847694,,True,False,False,
0.8,4,0.05,mx,0.75,0.06715545598701657,,True,False,False,
0.8,4,0.05,mx,0.8,0.07380536649202005,,True,False,False,
0.8,4,0.05,mx,0.85,0.08030053656868294,,True,False,False,
0.8,4,0.05,mx,0.9,0.08635457756294786,,True,False,False,
0.8,4,0.05,mx,0.95,0.09185847986482769,,True,False,False,
0.8,4,0.05,mx,1.0,0.1405705467827338,,False,True,True,True
0.8,4,0.05,mx,1.05,0.141969562827336,0.027370186574750877,False,False,False,
0.8,4,0.05,mx,1.1,0.14327558653784345,0.024870761845546374,False,False,False,
0.8,4,0.05,mx,1.15,0.14445663901189065,0.023933891609899893,False,False,False,
0.8,4,0.05,mx,1.2,0.14566897569883341,0.023280455610464657,False,False,False,
0.8,4,0.05,mx,1.25,0.1467846845729371,0.021883548449589618,False,False,False,
0.8,4,0.05,mx,1.3,0.14785733054379238,0.021181524932587292,False,False,False,
0.8,4,0.05,mx,1.35,0.14890283706619584,0.02042098961320704,False,False,False,
0.8,4,0.05,mx,1.4,0.14989942950511312,0.01921595947759025,False,False,False,
0.8,4,0.05,mx,1.45,0.15082443301395485,0.018971785575531808,False,False,False,
0.8,4,0.05,mx,1.5,0.15179660806266632,0.014413273553090189,False,False,False,
0.8,4,0.05,mx,1.55,0.15226576036926387,0.01821746393615875,False,False,False,
0.8,4,0.05,mx,1.6,0.1536183544562822,0.014769398614076001,False,False,False,
0.8,4,0.05,mx,1.65,0.1537427002306715,0.012898717573446072,False,False,False,
0.8,4,0.05,mx,1.7,0.1549082262136268,0.023187570535688762,False,False,False,
0.8,4,0.05,mx,1.75,0.15606145728424037,0.013885575129862993,False,False,False,
0.8,4,0.05,mx,1.8,0.1562967837266131,0.012401120674365718,False,False,False,
0.8,4,0.05,mx,1.85,0.15730156935167694,0.020051239469299098,False,False,False,
0.8,4,0.05,mx,1.9,0.15830190767354302,0.02012739914490913,False,False,False,
0.8,4,0.05,mx,1.95,0.15931430926616783,0.01954963562285128,False,False,False,
0.8,4,0.05,mx,2.0,0.16025687123582816,0.018152843163562693,False,False,False,
0.8,6,0,order,0.05,0.4996312618625597,0.01407469059014943,False,False,False,
0.8,6,0,order,0.1,0.49849424759645566,0.03140588005401135,False,True,False,
0.8,6,0,order,0.15,0.4964906738571585,0.0505564605401414,False,False,False,
0.8,6,0,order,0.2,0.49343860154244157,0.07447390648839214,False,False,False,
0.8,6,0,order,0.25,0.48904328320831936,0.10596501324588736,False,False,False,
0.8,6,0,order,0.3,0.48284210021785284,0.14948998158764315,False,True,False,
0.8,6,0,order,0.35,0.47409428504955503,0.21328081538374288,False,False,False,
0.8,6,0,order,0.4,0.46151401867947844,0.3005783732452789,False,True,False,
0.8,6,0,order,0.45,0.4440364477250272,0.40805546936095993,False,False,False,
0.8,6,0,order,0.5,0.42070847174338244,0.5320344967808563,False,False,False,
0.8,6,0,order,0.55,0.3908329980469415,0.6160504089593664,False,True,True,False
0.8,6,0,order,0.6,0.3591034308474458,0.6315553723177465,False,False,False,
0.8,6,0,order,0.65,0.3276774608151669,0.5798658013905915,False,True,True,False
0.8,6,0,order,0.7,0.30111685070838656,0.4824036732256012,False,False,False,
0.8,6,0,order,0.75,0.27943709349260687,0.3900346196042621,False,False,False,
0.8,6,0,order,0.8,0.2621133887479603,0.3116227191144123,False,False,False,
0.8,6,0,order,0.85,0.24827482158116557,0.25008230528704933,False,False,False,
0.8,6,0,order,0.9,0.23710515821925543,0.20347972515169754,False,False,False,
0.8,6,0,order,0.95,0.22792684906599578,0.1675714405540516,False,False,False,
0.8,6,0,order,1.0,0.22034801416385033,0.13921919424346463,False,False,False,
0.8,6,0,order,1.05,0.2140049296416493,0.11718398340039204,False,False,False,
0.8,6,0,order,1.1,0.2086296158238111,0.0999478413120527,False,False,False,
0.8,6,0,order,1.15,0.20401014551044405,0.08636880738171393,False,False,False,
0.8,6,0,order,1.2,0.1999927350856397,0.0754971014079242,False,False,False,
0.8,6,0,order,1.25,0.1964604353696516,0.06667799147534326,False,False,False,
0.8,6,0,order,1.3,0.19332493593810537,0.059436638058796065,False,False,False,
0.8,6,0,order,1.35,0.190516771563772,0.05339593434428691,False,False,False,
0.8,6,0,order,1.4,0.1879853425036767,0.04831479092608859,False,False,False,
0.8,6,0,order,1.45,0.18568529247116314,0.04404840799974119,False,False,False,
0.8,6,0,order,1.5,0.18358050170370258,0.040365956467912856,False,False,False,
0.8,6,0,order,1.55,0.18164869682437185,0.0371772900976477,False,False,False,
0.8,6,0,order,1.6,0.1798627726939378,0.03441103253699551,False,False,False,
0.8,6,0,order,1.65,0.17820759357067234,0.031963548019910526,False,False,False,
0.8,6,0,order,1.7,0.17666641789194673,0.02983117162931115,False,False,False,
0.8,6,0,order,1.75,0.17522447640774122,0.027911057298647624,False,False,False,
0.8,6,0,order,1.8,0.17387531216208196,0.02620333628061422,False,False,False,
0.8,6,0,order,1.85,0.17260414277967978,0.024666004857990975,False,False,False,
0.8,6,0,order,1.9,0.17140871167628288,0.023263227265029274,False,False,False,
0.8,6,0,order,1.95,0.17027782005317682,0.022003995640751173,False,False,False,
0.8,6,0,order,2.0,0.16920831211220777,0.02077632199801016,False,False,False,
0.8,6,0,mx,0.05,0.03136131925189146,0.6268565145906521,False,False,False,
0.8,6,0,mx,0.1,0.06339775828975673,0.6546010469239587,False,True,False,
0.8,6,0,mx,0.15,0.09682142394428732,0.690230566677171,False,False,False,
0.8,6,0,mx,0.2,0.13242081495747382,0.7426682959210036,False,False,False,
0.8,6,0,mx,0.25,0.17108825353638768,0.8147157783533403,False,False,False,
0.8,6,0,mx,0.3,0.2138923927928078,0.9106197892382633,False,True,False,
0.8,6,0,mx,0.35,0.26215023246021396,1.0399304710600141,False,False,False,
0.8,6,0,mx,0.4,0.31788543989880924,1.1898528787351852,False,True,False,
0.8,6,0,mx,0.45,0.38113552033373255,1.331550599618284,False,False,False,
0.8,6,0,mx,0.5,0.4510404998606376,1.4453845239937961,False,False,False,
0.8,6,0,mx,0.55,0.5256739727331121,1.435544156371459,False,True,True,False
0.8,6,0,mx,0.6,0.5945949154977834,1.288358508736998,False,False,False,
0.8,6,0,mx,0.65,0.654509823606812,1.077246720672247,False,True,True,False
0.8,6,0,mx,0.7,0.702319587565008,0.8512216668014618,False,False,False,
0.8,6,0,mx,0.75,0.7396319902869583,0.6650141262644569,False,False,False,
0.8,6,0,mx,0.8,0.7688210001914537,0.5241241532373522,False,False,False,
0.8,6,0,mx,0.85,0.7920444056106933,0.42102702657231905,False,False,False,
0.8,6,0,mx,0.9,0.8109237028486858,0.34568396660712875,False,False,False,
0.8,6,0,mx,0.95,0.8266128022714061,0.28943814535261225,False,False,False,
0.8,6,0,mx,1.0,0.8398675173839469,0.24639981291637625,False,False,False,
0.8,6,0,mx,1.05,0.8512527835630437,0.21302095451956227,False,False,False,
0.8,6,0,mx,1.1,0.8611696128359032,0.18663033730124923,False,False,False,
0.8,6,0,mx,1.15,0.8699158172931688,0.1653609366255644,False,False,False,
0.8,6,0,mx,1.2,0.8777057064984596,0.14787049455998336,False,False,False,
0.8,6,0,mx,1.25,0.8847028667491672,0.1332729891354898,False,False,False,
0.8,6,0,mx,1.3,0.8910330054120085,0.12089352568459866,False,False,False,
0.8,6,0,mx,1.35,0.8967922193176271,0.11026229257987907,False,False,False,
0.8,6,0,mx,1.4,0.9020592346699965,0.10105303108565344,False,False,False,
0.8,6,0,mx,1.45,0.9068975224261924,0.0929838285830229,False,False,False,
0.8,6,0,mx,1.5,0.9113576175282987,0.08586303226429592,False,False,False,
0.8,6,0,mx,1.55,0.915483825652622,0.07954660120165613,False,False,False,
0.8,6,0,mx,1.6,0.9193122776484643,0.07389357526430373,False,False,False,
0.8,6,0,mx,1.65,0.9228731831790525,0.06881114870282623,False,False,False,
0.8,6,0,mx,1.7,0.9261933925187469,0.06422534637900412,False,False,False,
0.8,6,0,mx,1.75,0.929295717816953,0.060068293062553124,False,False,False,
0.8,6,0,mx,1.8,0.9322002218250021,0.056287478218976617,False,False,False,
0.8,6,0,mx,1.85,0.9349244656388506,0.0528314638557319,False,False,False,
0.8,6,0,mx,1.9,0.9374833682105753,0.04966699883503445,False,False,False,
0.8,6,0,mx,1.95,0.9398911655223537,0.04676781484919168,False,False,False,
0.8,6,0,mx,2.0,0.9421601496954944,0.04399155207643801,False,False,False,
0.8,6,0.01,order,0.05,0.25549960879112277,-0.5667948763458321,False,False,False,
0.8,6,0.01,order,0.1,0.27404082508801,-0.1748537755296553,False,True,False,
0.8,6,0.01,order,0.15,0.2729849863440883,0.0315619066571875,False,False,False,
0.8,6,0.01,order,0.2,0.2708846344222912,0.04808463058778356,False,False,False,
0.8,6,0.01,order,0.25,0.26817652328531,-0.08999300134883992,False,False,False,
0.8,6,0.01,order,0.3,0.2798839345571752,-0.047624251675146834,False,True,False,
0.8,6,0.01,order,0.35,0.2729389484528247,0.0439250375942537,False,False,False,
0.8,6,0.01,order,0.4,0.2754914307977498,0.059513153421281384,False,True,False,
0.8,6,0.01,order,0.45,0.2669876331106966,0.1896210404392824,False,False,False,
0.8,6,0.01,order,0.5,0.25652932675382156,0.22871121383572035,False,False,False,
0.8,6,0.01,order,0.55,0.23936625948828533,,False,True,True,True
0.8,6,0.01,order,0.6,0.2284931287109094,,False,False,False,
0.8,6,0.01,order,0.65,0.21781928612670362,,False,True,True,True
0.8,6,0.01,order,0.7,0.2082207244620855,0.17158359661623646,False,False,False,
0.8,6,0.01,order,0.75,0.20042294663723653,0.14032751637772334,False,False,False,
0.8,6,0.01,order,0.8,0.19418797282431316,0.1124520656591872,False,False,False,
0.8,6,0.01,order,0.85,0.18917774007131777,0.09135945695218872,False,False,False,
0.8,6,0.01,order,0.9,0.18505202712909433,0.07906681125579529,False,False,False,
0.8,6,0.01,order,0.95,0.1812710589457382,0.07211902716739638,False,False,False,
0.8,6,0.01,order,1.0,0.17784012441235472,0.06438852389304106,False,False,False,
0.8,6,0.01,order,1.05,0.17483220655643408,0.0563761464451924,False,False,False,
0.8,6,0.01,order,1.1,0.1722025097678355,0.04938531760348974,False,False,False,
0.8,6,0.01,order,1.15,0.16989367479608514,0.043741831778536744,False,False,False,
0.8,6,0.01,order,1.2,0.16782832658998179,0.039148266241916474,False,False,False,
0.8,6,0.01,order,1.25,0.16597884817189348,0.03511561885041359,False,False,False,
0.8,6,0.01,order,1.3,0.16431676470494042,0.03188504450880636,False,False,False,
0.8,6,0.01,order,1.35,0.16279034372101286,0.02904587511048895,False,False,False,
0.8,6,0.01,order,1.4,0.16141217719389156,0.02649956482016691,False,False,False,
0.8,6,0.01,order,1.45,0.16014038723899615,0.02445785684365198,False,False,False,
0.8,6,0.01,order,1.5,0.15896639150952638,0.02263248657989636,False,False,False,
0.8,6,0.01,order,1.55,0.15787713858100652,0.02103448686660503,False,False,False,
0.8,6,0.01,order,1.6,0.15686294282286586,0.01949228686057647,False,False,False,
0.8,6,0.01,order,1.65,0.15592790989494892,0.018250341204016918,False,False,False,
0.8,6,0.01,order,1.7,0.15503790870246414,0.016997724315625184,False,False,False,
0.8,6,0.01,order,1.75,0.1542281374633864,0.01591353004212559,False,False,False,
0.8,6,0.01,order,1.8,0.15344655569825158,0.015560638449907627,False,False,False,
0.8,6,0.01,order,1.85,0.15267207361839563,0.01417064927687961,False,False,False,
0.8,6,0.01,order,1.9,0.15202949077056366,0.013345729137092865,False,False,False,
0.8,6,0.01,order,1.95,0.15133750070468632,0.012647725289929301,False,False,False,
0.8,6,0.01,order,2.0,0.15076471824157073,0.010263573234694512,False,False,False,
0.8,6,0.01,mx,0.05,0.018360810857178535,0.6731558549399739,False,False,False,
0.8,6,0.01,mx,0.1,0.04597770515109785,0.43151991681679847,False,True,False,
0.8,6,0.01,mx,0.15,0.06151280253885838,0.32430464286250055,False,False,False,
0.8,6,0.01,mx,0.2,0.07840816943734791,0.34812579058477033,False,False,False,
0.8,6,0.01,mx,0.25,0.09632538159733542,0.30339487749446215,False,False,False,
0.8,6,0.01,mx,0.3,0.10874765718679412,0.29775603724927757,False,True,False,
0.8,6,0.01,mx,0.35,0.12610098532226316,0.375345659835689,False,False,False,
0.8,6,0.01,mx,0.4,0.14628222317036302,0.4708892399660989,False,True,False,
0.8,6,0.01,mx,0.45,0.17318990931887307,0.5628516422186551,False,False,False,
0.8,6,0.01,mx,0.5,0.20256738739222854,0.6122474807155633,False,False,False,
0.8,6,0.01,mx,0.55,0.26750072153970905,,False,True,True,True
0.8,6,0.01,mx,0.6,0.29571452980831636,,False,False,False,
0.8,6,0.01,mx,0.65,0.30383467781219714,,False,True,True,True
0.8,6,0.01,mx,0.7,0.32810760274823714,0.45384939604328567,False,False,False,
0.8,6,0.01,mx,0.75,0.3498082465053798,0.41417635424241794,False,False,False,
0.8,6,0.01,mx,0.8,0.36952523817247895,0.3815615969687305,False,False,False,
0.8,6,0.01,mx,0.85,0.38796440620225275,0.363509134301669,False,False,False,
0.8,6,0.01,mx,0.9,0.40587615160264595,0.3418014648922765,False,False,False,
0.8,6,0.01,mx,0.95,0.4221445526914804,0.2913573191759049,False,False,False,
0.8,6,0.01,mx,1.0,0.4350118835202365,0.23769175545887666,False,False,False,
0.8,6,0.01,mx,1.05,0.4459137282373681,0.20446217396544686,False,False,False,
0.8,6,0.01,mx,1.1,0.45545810091678124,0.1820176968804228,False,False,False,
0.8,6,0.01,mx,1.15,0.4641154979254105,0.16350275548735205,False,False,False,
0.8,6,0.01,mx,1.2,0.4718083764655164,0.14733291442544605,False,False,False,
0.8,6,0.01,mx,1.25,0.47884878936795516,0.13599299732667625,False,False,False,
0.8,6,0.01,mx,1.3,0.485407676198184,0.12415296681391652,False,False,False,
0.8,6,0.01,mx,1.35,0.4912640860493468,0.11478035665360586,False,False,False,
0.8,6,0.01,mx,1.4,0.49688571186354463,0.10766647661884843,False,False,False,
0.8,6,0.01,mx,1.45,0.5020307337112315,0.10146645909105256,False,False,False,
0.8,6,0.01,mx,1.5,0.5070323577726499,0.09385368297533248,False,False,False,
0.8,6,0.01,mx,1.55,0.5114161020087648,0.08560575371714751,False,False,False,
0.8,6,0.01,mx,1.6,0.5155929331443646,0.08266937668825047,False,False,False,
0.8,6,0.01,mx,1.65,0.5196830396775899,0.07692390115191383,False,False,False,
0.8,6,0.01,mx,1.7,0.5232853232595559,0.07475015621469794,False,False,False,
0.8,6,0.01,mx,1.75,0.5271580552990597,0.07064798831968222,False,False,False,
0.8,6,0.01,mx,1.8,0.5303501220915242,0.05813881315842284,False,False,False,
0.8,6,0.01,mx,1.85,0.5329719366149019,0.06359409576586206,False,False,False,
0.8,6,0.01,mx,1.9,0.5367095316681105,0.05946252204987168,False,False,False,
0.8,6,0.01,mx,1.95,0.538918188819889,0.05872140846115581,False,False,False,
0.8,6,0.01,mx,2.0,0.5425816725142262,0.08781793931233395,False,False,False,
0.8,6,0.05,order,0.05,0.1271287031010784,-0.07470722057300616,False,False,False,
0.8,6,0.05,order,0.1,0.129605964493926,-0.024383235140897463,False,True,False,
0.8,6,0.05,order,0.15,0.12956702661516814,0.0013086182179915529,False,False,False,
0.8,6,0.05,order,0.2,0.12947510267212686,0.002036622600600335,False,False,False,
0.8,6,0.05,order,0.25,0.12936336435510812,-0.0122791282185859,False,False,False,
0.8,6,0.05,order,0.3,0.13070301549398547,-0.009079704554283419,False,True,False,
0.8,6,0.05,order,0.35,0.13027133481053646,-0.010984199252068283,False,False,False,
0.8,6,0.05,order,0.4,0.1318014354191923,-0.012469484586576263,False,True,False,
0.8,6,0.05,order,0.45,0.1315182832691941,0.0058848028440880995,False,False,False,
0.8,6,0.05,order,0.5,0.13121295513478348,0.010788551867385587,False,False,False,
0.8,6,0.05,order,0.55,0.13043942808245554,0.009586016460091606,False,True,True,False
0.8,6,0.05,order,0.6,0.1302543534887743,0.006349834146813116,False,False,False,
0.8,6,0.05,order,0.65,0.12980444466777424,0.006038956775223481,False,True,True,False
0.8,6,0.05,order,0.7,0.12965045781125192,0.002559952395519982,False,False,False,
0.8,6,0.05,order,0.75,0.12954844942822227,0.0015656718963446004,False,False,False,
0.8,6,0.05,order,0.8,0.12949389062161748,0.0006581851853606491,False,False,False,
0.8,6,0.05,order,0.85,0.12948263090968617,-0.00015437589148059594,False,False,False,
0.8,6,0.05,order,0.9,0.12950932821076555,5.000504453001042e-05,False,False,False,
0.8,6,0.05,order,0.95,0.12947763040523316,0.0013852265015166232,False,False,False,
0.8,6,0.05,order,1.0,0.12937080556061392,0.002298036727204078,False,False,False,
0.8,6,0.05,order,1.05,0.12924782673251275,0.0024479892791509084,False,False,False,
0.8,6,0.05,order,1.1,0.12912600663269883,0.0023204298842480764,False,False,False,
0.8,6,0.05,order,1.15,0.12901578374408798,0.0022008296639823843,False,False,False,
0.8,6,0.05,order,1.2,0.12890592366630055,0.0021161711044146436,False,False,False,
0.8,6,0.05,order,1.25,0.12880416663364652,0.0019446618307090713,False,False,False,
0.8,6,0.05,order,1.3,0.12871145748322962,0.0018398487997155488,False,False,False,
0.8,6,0.05,order,1.35,0.12862018175367496,0.001724660648629639,False,False,False,
0.8,6,0.05,order,1.4,0.12853899141836667,0.0015984986688317715,False,False,False,
0.8,6,0.05,order,1.45,0.12846033188679176,0.0014375967983304427,False,False,False,
0.8,6,0.05,order,1.5,0.12839523173853362,0.001380585336961282,False,False,False,
0.8,6,0.05,order,1.55,0.12832227335309562,0.0014102565325637695,False,False,False,
0.8,6,0.05,order,1.6,0.12825420608527724,0.0012756107635911729,False,False,False,
0.8,6,0.05,order,1.65,0.1281947122767365,0.0012203356711248947,False,False,False,
0.8,6,0.05,order,1.7,0.12813217251816475,0.001037930959989275,False,False,False,
0.8,6,0.05,order,1.75,0.1280909191807376,0.0009849081302915064,False,False,False,
0.8,6,0.05,order,1.8,0.1280336817051356,0.001239963438782521,False,False,False,
0.8,6,0.05,order,1.85,0.12796692283685934,0.0009888254433605415,False,False,False,
0.8,6,0.05,order,1.9,0.12793479916079956,0.0009356450353514845,False,False,False,
0.8,6,0.05,order,1.95,0.12787335833332417,0.0008866820950623744,False,False,False,
0.8,6,0.05,order,2.0,0.12784613095129332,0.0002024131861708689,False,False,False,
0.8,6,0.05,mx,0.05,0.00028987421645748727,0.11460913378900772,False,False,False,
0.8,6,0.05,mx,0.1,0.004352319918135561,0.0478886942781152,False,True,False,
0.8,6,0.05,mx,0.15,0.005078743644269008,0.015573196312406043,False,False,False,
0.8,6,0.05,mx,0.2,0.005909639549376165,0.016512665601357952,False,False,False,
0.8,6,0.05,mx,0.25,0.006730010204404804,0.010432965299447872,False,False,False,
0.8,6,0.05,mx,0.3,0.006952936079320951,-0.0031041006100001323,False,True,False,
0.8,6,0.05,mx,0.35,0.006419600143404791,-0.015964036293434763,False,False,False,
0.8,6,0.05,mx,0.4,0.005356532449977473,0.0006542338781455742,False,True,False,
0.8,6,0.05,mx,0.45,0.006485023531219347,0.024480859108263878,False,False,False,
0.8,6,0.05,mx,0.5,0.00780461836080386,0.11917176115754889,False,False,False,
0.8,6,0.05,mx,0.55,0.01840219964697425,0.11973679028581766,False,True,True,False
0.8,6,0.05,mx,0.6,0.019778297389385642,-0.025546150029089693,False,False,False,
0.8,6,0.05,mx,0.65,0.01584758464406527,-0.02009786337958011,False,True,True,False
0.8,6,0.05,mx,0.7,0.017768511051427613,0.04060436453105462,False,False,False,
0.8,6,0.05,mx,0.75,0.019908021097170738,0.045249406967181494,False,False,False,
0.8,6,0.05,mx,0.8,0.022293451748145766,0.05084626072599416,False,False,False,
0.8,6,0.05,mx,0.85,0.02499264716977015,0.05844730901082401,False,False,False,
0.8,6,0.05,mx,0.9,0.02813818264922817,0.06267725223373694,False,False,False,
0.8,6,0.05,mx,0.95,0.03126037239314384,0.05501691210158921,False,False,False,
0.8,6,0.05,mx,1.0,0.03363987385938709,0.043917565812159054,False,False,False,
0.8,6,0.05,mx,1.05,0.035652128974359744,0.03800994221037457,False,False,False,
0.8,6,0.05,mx,1.1,0.03744086808042455,0.03480952029247264,False,False,False,
0.8,6,0.05,mx,1.15,0.03913308100360701,0.03206621097720774,False,False,False,
0.8,6,0.05,mx,1.2,0.04064748917814531,0.029448762852590793,False,False,False,
0.8,6,0.05,mx,1.25,0.04207795728886609,0.02824230355273072,False,False,False,
0.8,6,0.05,mx,1.3,0.043471719533418385,0.02624759723400194,False,False,False,
0.8,6,0.05,mx,1.35,0.04470271701226629,0.024926169053188785,False,False,False,
0.8,6,0.05,mx,1.4,0.04596433643873727,0.024245392283170575,False,False,False,
0.8,6,0.05,mx,1.45,0.04712725624058333,0.02372543195006349,False,False,False,
0.8,6,0.05,mx,1.5,0.04833687963374362,0.02222918089795306,False,False,False,
0.8,6,0.05,mx,1.55,0.04935017433037864,0.020205722394069592,False,False,False,
0.8,6,0.05,mx,1.6,0.050357451873150584,0.02052393029045818,False,False,False,
0.8,6,0.05,mx,1.65,0.051402567359424466,0.01923297381986644,False,False,False,
0.8,6,0.05,mx,1.7,0.05228074925513722,0.019717309773341407,False,False,False,
0.8,6,0.05,mx,1.75,0.05337429833675861,0.019058103451927377,False,False,False,
0.8,6,0.05,mx,1.8,0.05418655960032996,0.013769399001758553,False,False,False,
0.8,6,0.05,mx,1.85,0.054751238236934466,0.01775877273753934,False,False,False,
0.8,6,0.05,mx,1.9,0.0559624368740839,0.01666367847451966,False,False,False,
0.8,6,0.05,mx,1.95,0.05641760608438641,0.017309863139486348,False,False,False,
0.8,6,0.05,mx,2.0,0.05769342318803254,0.03372282100635893,False,False,False,
