metric_path,value
/scope,Recomputed from archived numerical rows and saved joint-count estimates; no new scientific runs
/b0_b3/0/p,0
/b0_b3/0/n,420
/b0_b3/0/B0_median_CNOT,192.0
/b0_b3/0/B3_median_CNOT,96.0
/b0_b3/0/B0_joint_pass,407
/b0_b3/0/B3_joint_pass,385
/b0_b3/0/B0_mean_max_C_error,0.0019264822058457755
/b0_b3/0/B3_mean_max_C_error,0.004703970688472746
/b0_b3/0/B3_better,17
/b0_b3/1/p,0.01
/b0_b3/1/n,420
/b0_b3/1/B0_median_CNOT,192.0
/b0_b3/1/B3_median_CNOT,96.0
/b0_b3/1/B0_joint_pass,407
/b0_b3/1/B3_joint_pass,385
/b0_b3/1/B0_mean_max_C_error,0.2637546695248888
/b0_b3/1/B3_mean_max_C_error,0.1431838708115352
/b0_b3/1/B3_better,402
/b0_b3/2/p,0.05
/b0_b3/2/n,420
/b0_b3/2/B0_median_CNOT,192.0
/b0_b3/2/B3_median_CNOT,96.0
/b0_b3/2/B0_joint_pass,407
/b0_b3/2/B3_joint_pass,385
/b0_b3/2/B0_mean_max_C_error,0.44536145816306466
/b0_b3/2/B3_mean_max_C_error,0.36661281532549406
/b0_b3/2/B3_better,418
/equal_resource/0/mode,equal_gate
/equal_resource/0/budget,100000
/equal_resource/0/p,0
/equal_resource/0/method,raw
/equal_resource/0/n,45
/equal_resource/0/labelled,6
/equal_resource/0/MSE_ED,9.615583734423254e-05
/equal_resource/0/MSE_own_p0,1.2451518360312574e-06
/equal_resource/0/bias_squared,9.487207949202041e-05
/equal_resource/0/sampling_MSE,1.245151836031255e-06
/equal_resource/0/shots,100000.0
/equal_resource/0/G,10460000.0
/equal_resource/0/settings,2.0
/equal_resource/1/mode,equal_gate
/equal_resource/1/budget,100000
/equal_resource/1/p,0
/equal_resource/1/method,sv
/equal_resource/1/n,45
/equal_resource/1/labelled,6
/equal_resource/1/MSE_ED,0.00010363441195031421
/equal_resource/1/MSE_own_p0,9.843395178313987e-06
/equal_resource/1/bias_squared,9.48720794920205e-05
/equal_resource/1/sampling_MSE,9.843395178314057e-06
/equal_resource/1/shots,100000.0
/equal_resource/1/G,10460000.0
/equal_resource/1/settings,30.0
/equal_resource/2/mode,equal_gate
/equal_resource/2/budget,100000
/equal_resource/2/p,0
/equal_resource/2/method,zne_quadratic
/equal_resource/2/n,45
/equal_resource/2/labelled,6
/equal_resource/2/MSE_ED,0.00015727574408654202
/equal_resource/2/MSE_own_p0,5.830980523149782e-05
/equal_resource/2/bias_squared,9.487207949202038e-05
/equal_resource/2/sampling_MSE,5.8309805231497786e-05
/equal_resource/2/shots,33334.0
/equal_resource/2/G,10460000.0
/equal_resource/2/settings,6.0
/equal_resource/3/mode,equal_gate
/equal_resource/3/budget,100000
/equal_resource/3/p,0.01
/equal_resource/3/method,raw
/equal_resource/3/n,45
/equal_resource/3/labelled,6
/equal_resource/3/MSE_ED,0.017544297237704492
/equal_resource/3/MSE_own_p0,0.018151236045745863
/equal_resource/3/bias_squared,0.017546168508247487
/equal_resource/3/sampling_MSE,1.5165713094974496e-06
/equal_resource/3/shots,100000.0
/equal_resource/3/G,10460000.0
/equal_resource/3/settings,2.0
/equal_resource/4/mode,equal_gate
/equal_resource/4/budget,100000
/equal_resource/4/p,0.01
/equal_resource/4/method,sv
/equal_resource/4/n,45
/equal_resource/4/labelled,6
/equal_resource/4/MSE_ED,0.012352925872318779
/equal_resource/4/MSE_own_p0,0.01287021633684908
/equal_resource/4/bias_squared,0.012363059138758849
/equal_resource/4/sampling_MSE,3.015727031003466e-05
/equal_resource/4/shots,100000.0
/equal_resource/4/G,10460000.0
/equal_resource/4/settings,30.0
/equal_resource/5/mode,equal_gate
/equal_resource/5/budget,100000
/equal_resource/5/p,0.01
/equal_resource/5/method,zne_quadratic
/equal_resource/5/n,45
/equal_resource/5/labelled,6
/equal_resource/5/MSE_ED,0.0016227119758120273
/equal_resource/5/MSE_own_p0,0.0017699419795799655
/equal_resource/5/bias_squared,0.001540077376890337
/equal_resource/5/sampling_MSE,7.375233411041942e-05
/equal_resource/5/shots,33334.0
/equal_resource/5/G,10460000.0
/equal_resource/5/settings,6.0
/equal_resource/6/mode,equal_gate
/equal_resource/6/budget,100000
/equal_resource/6/p,0.05
/equal_resource/6/method,raw
/equal_resource/6/n,45
/equal_resource/6/labelled,6
/equal_resource/6/MSE_ED,0.105113705749276
/equal_resource/6/MSE_own_p0,0.106525719503075
/equal_resource/6/bias_squared,0.10511665463553437
/equal_resource/6/sampling_MSE,1.5349368364369156e-06
/equal_resource/6/shots,100000.0
/equal_resource/6/G,10460000.0
/equal_resource/6/settings,2.0
/equal_resource/7/mode,equal_gate
/equal_resource/7/budget,100000
/equal_resource/7/p,0.05
/equal_resource/7/method,sv
/equal_resource/7/n,45
/equal_resource/7/labelled,6
/equal_resource/7/MSE_ED,0.10231165804975632
/equal_resource/7/MSE_own_p0,0.10371875940316512
/equal_resource/7/bias_squared,0.10222370952384532
/equal_resource/7/sampling_MSE,4.608592975431843e-05
/equal_resource/7/shots,100000.0
/equal_resource/7/G,10460000.0
/equal_resource/7/settings,30.0
/equal_resource/8/mode,equal_gate
/equal_resource/8/budget,100000
/equal_resource/8/p,0.05
/equal_resource/8/method,zne_quadratic
/equal_resource/8/n,45
/equal_resource/8/labelled,6
/equal_resource/8/MSE_ED,0.07863611442852804
/equal_resource/8/MSE_own_p0,0.07997129035735713
/equal_resource/8/bias_squared,0.07865778768850834
/equal_resource/8/sampling_MSE,7.490018968645711e-05
/equal_resource/8/shots,33334.0
/equal_resource/8/G,10460000.0
/equal_resource/8/settings,6.0
/equal_resource/9/mode,equal_gate
/equal_resource/9/budget,300000
/equal_resource/9/p,0
/equal_resource/9/method,raw
/equal_resource/9/n,45
/equal_resource/9/labelled,6
/equal_resource/9/MSE_ED,9.56134387997781e-05
/equal_resource/9/MSE_own_p0,4.1896043532576234e-07
/equal_resource/9/bias_squared,9.487207949202041e-05
/equal_resource/9/sampling_MSE,4.189604353257626e-07
/equal_resource/9/shots,299998.0
/equal_resource/9/G,31379790.8
/equal_resource/9/settings,2.0
/equal_resource/10/mode,equal_gate
/equal_resource/10/budget,300000
/equal_resource/10/p,0
/equal_resource/10/method,sv
/equal_resource/10/n,45
/equal_resource/10/labelled,6
/equal_resource/10/MSE_ED,9.821322669678346e-05
/equal_resource/10/MSE_own_p0,3.2646587765547814e-06
/equal_resource/10/bias_squared,9.487207949202046e-05
/equal_resource/10/sampling_MSE,3.26465877655473e-06
/equal_resource/10/shots,299998.0
/equal_resource/10/G,31379790.8
/equal_resource/10/settings,30.0
/equal_resource/11/mode,equal_gate
/equal_resource/11/budget,300000
/equal_resource/11/p,0
/equal_resource/11/method,zne_quadratic
/equal_resource/11/n,45
/equal_resource/11/labelled,6
/equal_resource/11/MSE_ED,0.00011635043845302196
/equal_resource/11/MSE_own_p0,1.948032609879622e-05
/equal_resource/11/bias_squared,9.487207949202038e-05
/equal_resource/11/sampling_MSE,1.9480326098796214e-05
/equal_resource/11/shots,100000.0
/equal_resource/11/G,31379790.8
/equal_resource/11/settings,6.0
/equal_resource/12/mode,equal_gate
/equal_resource/12/budget,300000
/equal_resource/12/p,0.01
/equal_resource/12/method,raw
/equal_resource/12/n,45
/equal_resource/12/labelled,6
/equal_resource/12/MSE_ED,0.017547227829306927
/equal_resource/12/MSE_own_p0,0.018153911828360823
/equal_resource/12/bias_squared,0.017546168508247487
/equal_resource/12/sampling_MSE,5.099033224144345e-07
/equal_resource/12/shots,299998.0
/equal_resource/12/G,31379790.8
/equal_resource/12/settings,2.0
/equal_resource/13/mode,equal_gate
/equal_resource/13/budget,300000
/equal_resource/13/p,0.01
/equal_resource/13/method,sv
/equal_resource/13/n,45
/equal_resource/13/labelled,6
/equal_resource/13/MSE_ED,0.012379058974955084
/equal_resource/13/MSE_own_p0,0.012898782795490388
/equal_resource/13/bias_squared,0.012363059138758846
/equal_resource/13/sampling_MSE,1.048186549949685e-05
/equal_resource/13/shots,299998.0
/equal_resource/13/G,31379790.8
/equal_resource/13/settings,30.0
/equal_resource/14/mode,equal_gate
/equal_resource/14/budget,300000
/equal_resource/14/p,0.01
/equal_resource/14/method,zne_quadratic
/equal_resource/14/n,45
/equal_resource/14/labelled,6
/equal_resource/14/MSE_ED,0.0015628326423108435
/equal_resource/14/MSE_own_p0,0.0017080626622891272
/equal_resource/14/bias_squared,0.001540077376890337
/equal_resource/14/sampling_MSE,2.397490385187131e-05
/equal_resource/14/shots,100000.0
/equal_resource/14/G,31379790.8
/equal_resource/14/settings,6.0
/equal_resource/15/mode,equal_gate
/equal_resource/15/budget,300000
/equal_resource/15/p,0.05
/equal_resource/15/method,raw
/equal_resource/15/n,45
/equal_resource/15/labelled,6
/equal_resource/15/MSE_ED,0.10511493783427558
/equal_resource/15/MSE_own_p0,0.10652709216018746
/equal_resource/15/bias_squared,0.10511665463553438
/equal_resource/15/sampling_MSE,5.104934100130673e-07
/equal_resource/15/shots,299998.0
/equal_resource/15/G,31379790.8
/equal_resource/15/settings,2.0
/equal_resource/16/mode,equal_gate
/equal_resource/16/budget,300000
/equal_resource/16/p,0.05
/equal_resource/16/method,sv
/equal_resource/16/n,45
/equal_resource/16/labelled,6
/equal_resource/16/MSE_ED,0.10224417941576913
/equal_resource/16/MSE_own_p0,0.10365467906783275
/equal_resource/16/bias_squared,0.10222370952384532
/equal_resource/16/sampling_MSE,1.5222393003345722e-05
/equal_resource/16/shots,299998.0
/equal_resource/16/G,31379790.8
/equal_resource/16/settings,30.0
/equal_resource/17/mode,equal_gate
/equal_resource/17/budget,300000
/equal_resource/17/p,0.05
/equal_resource/17/method,zne_quadratic
/equal_resource/17/n,45
/equal_resource/17/labelled,6
/equal_resource/17/MSE_ED,0.07873260338765375
/equal_resource/17/MSE_own_p0,0.08006832461238106
/equal_resource/17/bias_squared,0.07865778768850835
/equal_resource/17/sampling_MSE,2.4115906725950496e-05
/equal_resource/17/shots,100000.0
/equal_resource/17/G,31379790.8
/equal_resource/17/settings,6.0
/equal_resource/18/mode,equal_shots
/equal_resource/18/budget,100000
/equal_resource/18/p,0
/equal_resource/18/method,raw
/equal_resource/18/n,45
/equal_resource/18/labelled,6
/equal_resource/18/MSE_ED,9.60657855452891e-05
/equal_resource/18/MSE_own_p0,1.2529054087627125e-06
/equal_resource/18/bias_squared,9.487207949202038e-05
/equal_resource/18/sampling_MSE,1.2529054087626926e-06
/equal_resource/18/shots,100000.0
/equal_resource/18/G,10460000.0
/equal_resource/18/settings,2.0
/equal_resource/19/mode,equal_shots
/equal_resource/19/budget,100000
/equal_resource/19/p,0
/equal_resource/19/method,sv
/equal_resource/19/n,45
/equal_resource/19/labelled,6
/equal_resource/19/MSE_ED,0.00010417225735774962
/equal_resource/19/MSE_own_p0,9.98077537034104e-06
/equal_resource/19/bias_squared,9.48720794920205e-05
/equal_resource/19/sampling_MSE,9.980775370340954e-06
/equal_resource/19/shots,100000.0
/equal_resource/19/G,10460000.0
/equal_resource/19/settings,30.0
/equal_resource/20/mode,equal_shots
/equal_resource/20/budget,100000
/equal_resource/20/p,0
/equal_resource/20/method,zne_quadratic
/equal_resource/20/n,45
/equal_resource/20/labelled,6
/equal_resource/20/MSE_ED,0.00011654414990267506
/equal_resource/20/MSE_own_p0,1.9666096104844837e-05
/equal_resource/20/bias_squared,9.487207949202038e-05
/equal_resource/20/sampling_MSE,1.9666096104844854e-05
/equal_resource/20/shots,100000.0
/equal_resource/20/G,31379790.8
/equal_resource/20/settings,6.0
/equal_resource/21/mode,equal_shots
/equal_resource/21/budget,100000
/equal_resource/21/p,0.01
/equal_resource/21/method,raw
/equal_resource/21/n,45
/equal_resource/21/labelled,6
/equal_resource/21/MSE_ED,0.017541322149783718
/equal_resource/21/MSE_own_p0,0.01814735846084001
/equal_resource/21/bias_squared,0.017546168508247487
/equal_resource/21/sampling_MSE,1.4713206619520029e-06
/equal_resource/21/shots,100000.0
/equal_resource/21/G,10460000.0
/equal_resource/21/settings,2.0
/equal_resource/22/mode,equal_shots
/equal_resource/22/budget,100000
/equal_resource/22/p,0.01
/equal_resource/22/method,sv
/equal_resource/22/n,45
/equal_resource/22/labelled,6
/equal_resource/22/MSE_ED,0.012374165122429429
/equal_resource/22/MSE_own_p0,0.012892679102835366
/equal_resource/22/bias_squared,0.012363059138758844
/equal_resource/22/sampling_MSE,3.007235157730108e-05
/equal_resource/22/shots,100000.0
/equal_resource/22/G,10460000.0
/equal_resource/22/settings,30.0
/equal_resource/23/mode,equal_shots
/equal_resource/23/budget,100000
/equal_resource/23/p,0.01
/equal_resource/23/method,zne_quadratic
/equal_resource/23/n,45
/equal_resource/23/labelled,6
/equal_resource/23/MSE_ED,0.0015509048259330712
/equal_resource/23/MSE_own_p0,0.0016987111795857123
/equal_resource/23/bias_squared,0.001540077376890337
/equal_resource/23/sampling_MSE,2.480884746258262e-05
/equal_resource/23/shots,100000.0
/equal_resource/23/G,31379790.8
/equal_resource/23/settings,6.0
/equal_resource/24/mode,equal_shots
/equal_resource/24/budget,100000
/equal_resource/24/p,0.05
/equal_resource/24/method,raw
/equal_resource/24/n,45
/equal_resource/24/labelled,6
/equal_resource/24/MSE_ED,0.10511910645610391
/equal_resource/24/MSE_own_p0,0.10653044472918456
/equal_resource/24/bias_squared,0.10511665463553437
/equal_resource/24/sampling_MSE,1.4729724474995078e-06
/equal_resource/24/shots,100000.0
/equal_resource/24/G,10460000.0
/equal_resource/24/settings,2.0
/equal_resource/25/mode,equal_shots
/equal_resource/25/budget,100000
/equal_resource/25/p,0.05
/equal_resource/25/method,sv
/equal_resource/25/n,45
/equal_resource/25/labelled,6
/equal_resource/25/MSE_ED,0.10226570899029414
/equal_resource/25/MSE_own_p0,0.10367574161807093
/equal_resource/25/bias_squared,0.10222370952384537
/equal_resource/25/sampling_MSE,4.553957159094709e-05
/equal_resource/25/shots,100000.0
/equal_resource/25/G,10460000.0
/equal_resource/25/settings,30.0
/equal_resource/26/mode,equal_shots
/equal_resource/26/budget,100000
/equal_resource/26/p,0.05
/equal_resource/26/method,zne_quadratic
/equal_resource/26/n,45
/equal_resource/26/labelled,6
/equal_resource/26/MSE_ED,0.07864203457606779
/equal_resource/26/MSE_own_p0,0.07997651464481138
/equal_resource/26/bias_squared,0.07865778768850835
/equal_resource/26/sampling_MSE,2.445942679283542e-05
/equal_resource/26/shots,100000.0
/equal_resource/26/G,31379790.8
/equal_resource/26/settings,6.0
/paired/0/mode,equal_gate
/paired/0/budget,100000
/paired/0/p,0
/paired/0/method,zne_quadratic
/paired/0/n,45
/paired/0/better,0
/paired/0/worse,45
/paired/1/mode,equal_gate
/paired/1/budget,100000
/paired/1/p,0
/paired/1/method,sv
/paired/1/n,45
/paired/1/better,2
/paired/1/worse,43
/paired/2/mode,equal_gate
/paired/2/budget,100000
/paired/2/p,0.01
/paired/2/method,zne_quadratic
/paired/2/n,45
/paired/2/better,45
/paired/2/worse,0
/paired/3/mode,equal_gate
/paired/3/budget,100000
/paired/3/p,0.01
/paired/3/method,sv
/paired/3/n,45
/paired/3/better,45
/paired/3/worse,0
/paired/4/mode,equal_gate
/paired/4/budget,100000
/paired/4/p,0.05
/paired/4/method,zne_quadratic
/paired/4/n,45
/paired/4/better,45
/paired/4/worse,0
/paired/5/mode,equal_gate
/paired/5/budget,100000
/paired/5/p,0.05
/paired/5/method,sv
/paired/5/n,45
/paired/5/better,40
/paired/5/worse,5
/paired/6/mode,equal_gate
/paired/6/budget,300000
/paired/6/p,0
/paired/6/method,zne_quadratic
/paired/6/n,45
/paired/6/better,1
/paired/6/worse,44
/paired/7/mode,equal_gate
/paired/7/budget,300000
/paired/7/p,0
/paired/7/method,sv
/paired/7/n,45
/paired/7/better,4
/paired/7/worse,41
/paired/8/mode,equal_gate
/paired/8/budget,300000
/paired/8/p,0.01
/paired/8/method,zne_quadratic
/paired/8/n,45
/paired/8/better,45
/paired/8/worse,0
/paired/9/mode,equal_gate
/paired/9/budget,300000
/paired/9/p,0.01
/paired/9/method,sv
/paired/9/n,45
/paired/9/better,45
/paired/9/worse,0
/paired/10/mode,equal_gate
/paired/10/budget,300000
/paired/10/p,0.05
/paired/10/method,zne_quadratic
/paired/10/n,45
/paired/10/better,45
/paired/10/worse,0
/paired/11/mode,equal_gate
/paired/11/budget,300000
/paired/11/p,0.05
/paired/11/method,sv
/paired/11/n,45
/paired/11/better,43
/paired/11/worse,2
/paired/12/mode,equal_shots
/paired/12/budget,100000
/paired/12/p,0
/paired/12/method,zne_quadratic
/paired/12/n,45
/paired/12/better,3
/paired/12/worse,42
/paired/13/mode,equal_shots
/paired/13/budget,100000
/paired/13/p,0
/paired/13/method,sv
/paired/13/n,45
/paired/13/better,2
/paired/13/worse,43
/paired/14/mode,equal_shots
/paired/14/budget,100000
/paired/14/p,0.01
/paired/14/method,zne_quadratic
/paired/14/n,45
/paired/14/better,45
/paired/14/worse,0
/paired/15/mode,equal_shots
/paired/15/budget,100000
/paired/15/p,0.01
/paired/15/method,sv
/paired/15/n,45
/paired/15/better,45
/paired/15/worse,0
/paired/16/mode,equal_shots
/paired/16/budget,100000
/paired/16/p,0.05
/paired/16/method,zne_quadratic
/paired/16/n,45
/paired/16/better,45
/paired/16/worse,0
/paired/17/mode,equal_shots
/paired/17/budget,100000
/paired/17/p,0.05
/paired/17/method,sv
/paired/17/n,45
/paired/17/better,40
/paired/17/worse,5
/extensions/0/cohort,low_field_confirmation
/extensions/0/method,B3
/extensions/0/n,48
/extensions/0/candidate_exists,27
/extensions/0/joint_pass,27
/extensions/0/observable_pass,28
/extensions/0/median_CNOT,32.0
/extensions/0/nfev,678228.0
/extensions/1/cohort,low_field_confirmation
/extensions/1/method,H6
/extensions/1/n,48
/extensions/1/candidate_exists,45
/extensions/1/joint_pass,37
/extensions/1/observable_pass,45
/extensions/1/median_CNOT,127.0
/extensions/1/nfev,5050938.0
/extensions/2/cohort,confirmation
/extensions/2/method,B3
/extensions/2/n,96
/extensions/2/candidate_exists,67
/extensions/2/joint_pass,66
/extensions/2/observable_pass,68
/extensions/2/median_CNOT,64.0
/extensions/2/nfev,1344484.0
/extensions/3/cohort,confirmation
/extensions/3/method,H6
/extensions/3/n,96
/extensions/3/candidate_exists,85
/extensions/3/joint_pass,77
/extensions/3/observable_pass,85
/extensions/3/median_CNOT,127.0
/extensions/3/nfev,5746986.0
/extensions/4/cohort,n12
/extensions/4/method,B3
/extensions/4/n,36
/extensions/4/candidate_exists,24
/extensions/4/joint_pass,23
/extensions/4/observable_pass,24
/extensions/4/median_CNOT,96.0
/extensions/4/nfev,306078.0
/extensions/5/cohort,n12
/extensions/5/method,H6
/extensions/5/n,36
/extensions/5/candidate_exists,22
/extensions/5/joint_pass,17
/extensions/5/observable_pass,22
/extensions/5/median_CNOT,127.0
/extensions/5/nfev,1148288.0
/windows/0/mode,equal_shots
/windows/0/budget,10000
/windows/0/p,0
/windows/0/method,raw
/windows/0/requested_windows,6
/windows/0/executed_complete_windows,6
/windows/0/reference_resolvable_windows,5
/windows/0/frozen_matching_window_equivalents,3.71875
/windows/0/matched_fraction_given_reference,0.74375
/windows/0/matched_problem_window_equivalents,2.65625
/windows/0/quality_supported_match_window_equivalents,1.0625
/windows/0/windows/0/kappa,0.0
/windows/0/windows/0/complete,True
/windows/0/windows/0/reference_resolvable,True
/windows/0/windows/0/match_fraction,0.5
/windows/0/windows/0/matched_problem_fraction,0.0
/windows/0/windows/0/quality_supported_match_fraction,0.5
/windows/0/windows/0/issues/endpoint_dominated,1
/windows/0/windows/0/issues/competing_peaks,5
/windows/0/windows/0/exact_match,False
/windows/0/windows/0/exact_audit/0,competing_peaks
/windows/0/windows/0/all_repeat_position_errors/0,0.0
/windows/0/windows/0/all_repeat_position_errors/1,0.0625
/windows/0/windows/0/all_repeat_position_errors/2,0.025000000000000022
/windows/0/windows/0/all_repeat_position_errors/3,0.04999999999999982
/windows/0/windows/0/all_repeat_position_errors/4,0.03750000000000009
/windows/0/windows/0/all_repeat_position_errors/5,-0.050000000000000044
/windows/0/windows/0/all_repeat_position_errors/6,0.03750000000000009
/windows/0/windows/0/all_repeat_position_errors/7,-0.0625
/windows/0/windows/0/all_repeat_position_errors/8,0.07500000000000018
/windows/0/windows/0/all_repeat_position_errors/9,0.07500000000000018
/windows/0/windows/0/all_repeat_position_errors/10,0.04999999999999982
/windows/0/windows/0/all_repeat_position_errors/11,0.0625
/windows/0/windows/0/all_repeat_position_errors/12,0.03750000000000009
/windows/0/windows/0/all_repeat_position_errors/13,0.03750000000000009
/windows/0/windows/0/all_repeat_position_errors/14,0.07500000000000018
/windows/0/windows/0/all_repeat_position_errors/15,0.08749999999999991
/windows/0/windows/0/all_repeat_position_errors/16,0.0
/windows/0/windows/0/all_repeat_position_errors/17,0.0
/windows/0/windows/0/all_repeat_position_errors/18,0.012499999999999956
/windows/0/windows/0/all_repeat_position_errors/19,0.025000000000000022
/windows/0/windows/0/all_repeat_position_errors/20,0.07500000000000018
/windows/0/windows/0/all_repeat_position_errors/21,0.08749999999999991
/windows/0/windows/0/all_repeat_position_errors/22,0.04999999999999982
/windows/0/windows/0/all_repeat_position_errors/23,0.04999999999999982
/windows/0/windows/0/all_repeat_position_errors/24,0.07500000000000018
/windows/0/windows/0/all_repeat_position_errors/25,0.025000000000000022
/windows/0/windows/0/all_repeat_position_errors/26,0.03750000000000009
/windows/0/windows/0/all_repeat_position_errors/27,0.012499999999999956
/windows/0/windows/0/all_repeat_position_errors/28,0.012499999999999956
/windows/0/windows/0/all_repeat_position_errors/29,0.08749999999999991
/windows/0/windows/0/all_repeat_position_errors/30,0.08749999999999991
/windows/0/windows/0/all_repeat_position_errors/31,0.03750000000000009
/windows/0/windows/1/kappa,0.3
/windows/0/windows/1/complete,True
/windows/0/windows/1/reference_resolvable,True
/windows/0/windows/1/match_fraction,0.5625
/windows/0/windows/1/matched_problem_fraction,0.0
/windows/0/windows/1/quality_supported_match_fraction,0.5625
/windows/0/windows/1/issues/competing_peaks,7
/windows/0/windows/1/issues/preparation_observable_failure_near_peak,3
/windows/0/windows/1/exact_match,True
/windows/0/windows/1/all_repeat_position_errors/0,0.025000000000000022
/windows/0/windows/1/all_repeat_position_errors/1,0.050000000000000044
/windows/0/windows/1/all_repeat_position_errors/2,0.08750000000000002
/windows/0/windows/1/all_repeat_position_errors/3,0.0625
/windows/0/windows/1/all_repeat_position_errors/4,0.0
/windows/0/windows/1/all_repeat_position_errors/5,0.025000000000000022
/windows/0/windows/1/all_repeat_position_errors/6,0.0
/windows/0/windows/1/all_repeat_position_errors/7,-0.012499999999999956
/windows/0/windows/1/all_repeat_position_errors/8,-0.012499999999999956
/windows/0/windows/1/all_repeat_position_errors/9,-0.012499999999999956
/windows/0/windows/1/all_repeat_position_errors/10,-0.012499999999999956
/windows/0/windows/1/all_repeat_position_errors/11,-0.025000000000000022
/windows/0/windows/1/all_repeat_position_errors/12,-0.050000000000000044
/windows/0/windows/1/all_repeat_position_errors/13,0.050000000000000044
/windows/0/windows/1/all_repeat_position_errors/14,0.08750000000000002
/windows/0/windows/1/all_repeat_position_errors/15,-0.03749999999999998
/windows/0/windows/1/all_repeat_position_errors/16,0.025000000000000022
/windows/0/windows/1/all_repeat_position_errors/17,-0.025000000000000022
/windows/0/windows/1/all_repeat_position_errors/18,0.08750000000000002
/windows/0/windows/1/all_repeat_position_errors/19,0.050000000000000044
/windows/0/windows/1/all_repeat_position_errors/20,0.025000000000000022
/windows/0/windows/1/all_repeat_position_errors/21,0.050000000000000044
/windows/0/windows/1/all_repeat_position_errors/22,-0.03749999999999998
/windows/0/windows/1/all_repeat_position_errors/23,-0.025000000000000022
/windows/0/windows/1/all_repeat_position_errors/24,-0.0625
/windows/0/windows/1/all_repeat_position_errors/25,-0.025000000000000022
/windows/0/windows/1/all_repeat_position_errors/26,0.0
/windows/0/windows/1/all_repeat_position_errors/27,0.0
/windows/0/windows/1/all_repeat_position_errors/28,0.0625
/windows/0/windows/1/all_repeat_position_errors/29,-0.025000000000000022
/windows/0/windows/1/all_repeat_position_errors/30,-0.025000000000000022
/windows/0/windows/1/all_repeat_position_errors/31,0.025000000000000022
/windows/0/windows/2/kappa,0.45
/windows/0/windows/2/complete,True
/windows/0/windows/2/reference_resolvable,True
/windows/0/windows/2/match_fraction,1.0
/windows/0/windows/2/matched_problem_fraction,1.0
/windows/0/windows/2/quality_supported_match_fraction,0.0
/windows/0/windows/2/issues/preparation_observable_failure_near_peak,32
/windows/0/windows/2/exact_match,True
/windows/0/windows/2/exact_audit/0,preparation_observable_failure_near_peak
/windows/0/windows/2/all_repeat_position_errors/0,0.0
/windows/0/windows/2/all_repeat_position_errors/1,0.0
/windows/0/windows/2/all_repeat_position_errors/2,0.0
/windows/0/windows/2/all_repeat_position_errors/3,0.0
/windows/0/windows/2/all_repeat_position_errors/4,0.0
/windows/0/windows/2/all_repeat_position_errors/5,0.0
/windows/0/windows/2/all_repeat_position_errors/6,0.0
/windows/0/windows/2/all_repeat_position_errors/7,0.0
/windows/0/windows/2/all_repeat_position_errors/8,0.0
/windows/0/windows/2/all_repeat_position_errors/9,0.0
/windows/0/windows/2/all_repeat_position_errors/10,0.0
/windows/0/windows/2/all_repeat_position_errors/11,0.0
/windows/0/windows/2/all_repeat_position_errors/12,0.012500000000000011
/windows/0/windows/2/all_repeat_position_errors/13,0.0
/windows/0/windows/2/all_repeat_position_errors/14,0.0
/windows/0/windows/2/all_repeat_position_errors/15,0.0
/windows/0/windows/2/all_repeat_position_errors/16,0.0
/windows/0/windows/2/all_repeat_position_errors/17,0.0
/windows/0/windows/2/all_repeat_position_errors/18,0.0
/windows/0/windows/2/all_repeat_position_errors/19,0.0
/windows/0/windows/2/all_repeat_position_errors/20,0.0
/windows/0/windows/2/all_repeat_position_errors/21,0.0
/windows/0/windows/2/all_repeat_position_errors/22,0.0
/windows/0/windows/2/all_repeat_position_errors/23,0.0
/windows/0/windows/2/all_repeat_position_errors/24,0.0
/windows/0/windows/2/all_repeat_position_errors/25,0.0
/windows/0/windows/2/all_repeat_position_errors/26,0.0
/windows/0/windows/2/all_repeat_position_errors/27,0.0
/windows/0/windows/2/all_repeat_position_errors/28,0.0
/windows/0/windows/2/all_repeat_position_errors/29,0.0
/windows/0/windows/2/all_repeat_position_errors/30,0.012500000000000011
/windows/0/windows/2/all_repeat_position_errors/31,0.0
/windows/0/windows/3/kappa,0.5
/windows/0/windows/3/complete,True
/windows/0/windows/3/reference_resolvable,False
/windows/0/windows/3/match_fraction,0.0
/windows/0/windows/3/matched_problem_fraction,0.0
/windows/0/windows/3/quality_supported_match_fraction,0.0
/windows/0/windows/3/issues/preparation_observable_failure_near_peak,32
/windows/0/windows/3/issues/competing_peaks,2
/windows/0/windows/3/exact_match,False
/windows/0/windows/3/exact_audit/0,preparation_observable_failure_near_peak
/windows/0/windows/3/all_repeat_position_errors/0,
/windows/0/windows/3/all_repeat_position_errors/1,
/windows/0/windows/3/all_repeat_position_errors/2,
/windows/0/windows/3/all_repeat_position_errors/3,
/windows/0/windows/3/all_repeat_position_errors/4,
/windows/0/windows/3/all_repeat_position_errors/5,
/windows/0/windows/3/all_repeat_position_errors/6,
/windows/0/windows/3/all_repeat_position_errors/7,
/windows/0/windows/3/all_repeat_position_errors/8,
/windows/0/windows/3/all_repeat_position_errors/9,
/windows/0/windows/3/all_repeat_position_errors/10,
/windows/0/windows/3/all_repeat_position_errors/11,
/windows/0/windows/3/all_repeat_position_errors/12,
/windows/0/windows/3/all_repeat_position_errors/13,
/windows/0/windows/3/all_repeat_position_errors/14,
/windows/0/windows/3/all_repeat_position_errors/15,
/windows/0/windows/3/all_repeat_position_errors/16,
/windows/0/windows/3/all_repeat_position_errors/17,
/windows/0/windows/3/all_repeat_position_errors/18,
/windows/0/windows/3/all_repeat_position_errors/19,
/windows/0/windows/3/all_repeat_position_errors/20,
/windows/0/windows/3/all_repeat_position_errors/21,
/windows/0/windows/3/all_repeat_position_errors/22,
/windows/0/windows/3/all_repeat_position_errors/23,
/windows/0/windows/3/all_repeat_position_errors/24,
/windows/0/windows/3/all_repeat_position_errors/25,
/windows/0/windows/3/all_repeat_position_errors/26,
/windows/0/windows/3/all_repeat_position_errors/27,
/windows/0/windows/3/all_repeat_position_errors/28,
/windows/0/windows/3/all_repeat_position_errors/29,
/windows/0/windows/3/all_repeat_position_errors/30,
/windows/0/windows/3/all_repeat_position_errors/31,
/windows/0/windows/4/kappa,0.55
/windows/0/windows/4/complete,True
/windows/0/windows/4/reference_resolvable,True
/windows/0/windows/4/match_fraction,1.0
/windows/0/windows/4/matched_problem_fraction,1.0
/windows/0/windows/4/quality_supported_match_fraction,0.0
/windows/0/windows/4/issues/preparation_observable_failure_near_peak,32
/windows/0/windows/4/exact_match,True
/windows/0/windows/4/exact_audit/0,preparation_observable_failure_near_peak
/windows/0/windows/4/all_repeat_position_errors/0,0.012500000000000011
/windows/0/windows/4/all_repeat_position_errors/1,0.012500000000000011
/windows/0/windows/4/all_repeat_position_errors/2,0.012500000000000011
/windows/0/windows/4/all_repeat_position_errors/3,0.012500000000000011
/windows/0/windows/4/all_repeat_position_errors/4,0.012500000000000011
/windows/0/windows/4/all_repeat_position_errors/5,0.012500000000000011
/windows/0/windows/4/all_repeat_position_errors/6,0.012500000000000011
/windows/0/windows/4/all_repeat_position_errors/7,0.012500000000000011
/windows/0/windows/4/all_repeat_position_errors/8,0.012500000000000011
/windows/0/windows/4/all_repeat_position_errors/9,0.012500000000000011
/windows/0/windows/4/all_repeat_position_errors/10,0.012500000000000011
/windows/0/windows/4/all_repeat_position_errors/11,0.012500000000000011
/windows/0/windows/4/all_repeat_position_errors/12,0.012500000000000011
/windows/0/windows/4/all_repeat_position_errors/13,0.012500000000000011
/windows/0/windows/4/all_repeat_position_errors/14,0.012500000000000011
/windows/0/windows/4/all_repeat_position_errors/15,0.012500000000000011
/windows/0/windows/4/all_repeat_position_errors/16,0.012500000000000011
/windows/0/windows/4/all_repeat_position_errors/17,0.012500000000000011
/windows/0/windows/4/all_repeat_position_errors/18,0.012500000000000011
/windows/0/windows/4/all_repeat_position_errors/19,0.012500000000000011
/windows/0/windows/4/all_repeat_position_errors/20,0.012500000000000011
/windows/0/windows/4/all_repeat_position_errors/21,0.012500000000000011
/windows/0/windows/4/all_repeat_position_errors/22,0.012500000000000011
/windows/0/windows/4/all_repeat_position_errors/23,0.012500000000000011
/windows/0/windows/4/all_repeat_position_errors/24,0.012500000000000011
/windows/0/windows/4/all_repeat_position_errors/25,0.012500000000000011
/windows/0/windows/4/all_repeat_position_errors/26,0.012500000000000011
/windows/0/windows/4/all_repeat_position_errors/27,0.012500000000000011
/windows/0/windows/4/all_repeat_position_errors/28,0.012500000000000011
/windows/0/windows/4/all_repeat_position_errors/29,0.012500000000000011
/windows/0/windows/4/all_repeat_position_errors/30,0.012500000000000011
/windows/0/windows/4/all_repeat_position_errors/31,0.012500000000000011
/windows/0/windows/5/kappa,0.8
/windows/0/windows/5/complete,True
/windows/0/windows/5/reference_resolvable,True
/windows/0/windows/5/match_fraction,0.65625
/windows/0/windows/5/matched_problem_fraction,0.65625
/windows/0/windows/5/quality_supported_match_fraction,0.0
/windows/0/windows/5/issues/competing_peaks,7
/windows/0/windows/5/issues/preparation_observable_failure_near_peak,32
/windows/0/windows/5/issues/endpoint_dominated,6
/windows/0/windows/5/exact_match,True
/windows/0/windows/5/exact_audit/0,preparation_observable_failure_near_peak
/windows/0/windows/5/all_repeat_position_errors/0,-0.050000000000000044
/windows/0/windows/5/all_repeat_position_errors/1,0.012499999999999956
/windows/0/windows/5/all_repeat_position_errors/2,0.0
/windows/0/windows/5/all_repeat_position_errors/3,-0.012500000000000067
/windows/0/windows/5/all_repeat_position_errors/4,0.0
/windows/0/windows/5/all_repeat_position_errors/5,-0.012500000000000067
/windows/0/windows/5/all_repeat_position_errors/6,-0.025000000000000022
/windows/0/windows/5/all_repeat_position_errors/7,0.012499999999999956
/windows/0/windows/5/all_repeat_position_errors/8,0.012499999999999956
/windows/0/windows/5/all_repeat_position_errors/9,0.03749999999999998
/windows/0/windows/5/all_repeat_position_errors/10,0.07499999999999996
/windows/0/windows/5/all_repeat_position_errors/11,0.0625
/windows/0/windows/5/all_repeat_position_errors/12,0.02499999999999991
/windows/0/windows/5/all_repeat_position_errors/13,0.03749999999999998
/windows/0/windows/5/all_repeat_position_errors/14,-0.012500000000000067
/windows/0/windows/5/all_repeat_position_errors/15,-0.012500000000000067
/windows/0/windows/5/all_repeat_position_errors/16,0.07499999999999996
/windows/0/windows/5/all_repeat_position_errors/17,0.0
/windows/0/windows/5/all_repeat_position_errors/18,0.03749999999999998
/windows/0/windows/5/all_repeat_position_errors/19,-0.012500000000000067
/windows/0/windows/5/all_repeat_position_errors/20,-0.012500000000000067
/windows/0/windows/5/all_repeat_position_errors/21,0.07499999999999996
/windows/0/windows/5/all_repeat_position_errors/22,-0.012500000000000067
/windows/0/windows/5/all_repeat_position_errors/23,0.0625
/windows/0/windows/5/all_repeat_position_errors/24,0.0
/windows/0/windows/5/all_repeat_position_errors/25,0.07499999999999996
/windows/0/windows/5/all_repeat_position_errors/26,-0.012500000000000067
/windows/0/windows/5/all_repeat_position_errors/27,0.07499999999999996
/windows/0/windows/5/all_repeat_position_errors/28,-0.012500000000000067
/windows/0/windows/5/all_repeat_position_errors/29,0.0625
/windows/0/windows/5/all_repeat_position_errors/30,0.07499999999999996
/windows/0/windows/5/all_repeat_position_errors/31,0.012499999999999956
/windows/1/mode,equal_shots
/windows/1/budget,10000
/windows/1/p,0
/windows/1/method,zne_quadratic
/windows/1/requested_windows,6
/windows/1/executed_complete_windows,6
/windows/1/reference_resolvable_windows,5
/windows/1/frozen_matching_window_equivalents,3.75
/windows/1/matched_fraction_given_reference,0.75
/windows/1/matched_problem_window_equivalents,2.6875
/windows/1/quality_supported_match_window_equivalents,1.0625
/windows/1/windows/0/kappa,0.0
/windows/1/windows/0/complete,True
/windows/1/windows/0/reference_resolvable,True
/windows/1/windows/0/match_fraction,0.5625
/windows/1/windows/0/matched_problem_fraction,0.03125
/windows/1/windows/0/quality_supported_match_fraction,0.53125
/windows/1/windows/0/issues/endpoint_dominated,2
/windows/1/windows/0/issues/competing_peaks,4
/windows/1/windows/0/exact_match,False
/windows/1/windows/0/exact_audit/0,competing_peaks
/windows/1/windows/0/all_repeat_position_errors/0,-0.025000000000000022
/windows/1/windows/0/all_repeat_position_errors/1,0.07500000000000018
/windows/1/windows/0/all_repeat_position_errors/2,-0.03749999999999998
/windows/1/windows/0/all_repeat_position_errors/3,0.0625
/windows/1/windows/0/all_repeat_position_errors/4,0.07500000000000018
/windows/1/windows/0/all_repeat_position_errors/5,-0.0625
/windows/1/windows/0/all_repeat_position_errors/6,0.0625
/windows/1/windows/0/all_repeat_position_errors/7,0.012499999999999956
/windows/1/windows/0/all_repeat_position_errors/8,0.04999999999999982
/windows/1/windows/0/all_repeat_position_errors/9,0.08749999999999991
/windows/1/windows/0/all_repeat_position_errors/10,0.012499999999999956
/windows/1/windows/0/all_repeat_position_errors/11,0.0
/windows/1/windows/0/all_repeat_position_errors/12,0.08749999999999991
/windows/1/windows/0/all_repeat_position_errors/13,0.07500000000000018
/windows/1/windows/0/all_repeat_position_errors/14,0.025000000000000022
/windows/1/windows/0/all_repeat_position_errors/15,0.012499999999999956
/windows/1/windows/0/all_repeat_position_errors/16,-0.012499999999999956
/windows/1/windows/0/all_repeat_position_errors/17,0.0625
/windows/1/windows/0/all_repeat_position_errors/18,0.03750000000000009
/windows/1/windows/0/all_repeat_position_errors/19,-0.03749999999999998
/windows/1/windows/0/all_repeat_position_errors/20,-0.03749999999999998
/windows/1/windows/0/all_repeat_position_errors/21,-0.025000000000000022
/windows/1/windows/0/all_repeat_position_errors/22,-0.050000000000000044
/windows/1/windows/0/all_repeat_position_errors/23,0.0625
/windows/1/windows/0/all_repeat_position_errors/24,0.025000000000000022
/windows/1/windows/0/all_repeat_position_errors/25,0.0
/windows/1/windows/0/all_repeat_position_errors/26,0.0
/windows/1/windows/0/all_repeat_position_errors/27,0.03750000000000009
/windows/1/windows/0/all_repeat_position_errors/28,0.0
/windows/1/windows/0/all_repeat_position_errors/29,-0.07499999999999996
/windows/1/windows/0/all_repeat_position_errors/30,0.025000000000000022
/windows/1/windows/0/all_repeat_position_errors/31,0.012499999999999956
/windows/1/windows/1/kappa,0.3
/windows/1/windows/1/complete,True
/windows/1/windows/1/reference_resolvable,True
/windows/1/windows/1/match_fraction,0.5625
/windows/1/windows/1/matched_problem_fraction,0.03125
/windows/1/windows/1/quality_supported_match_fraction,0.53125
/windows/1/windows/1/issues/competing_peaks,4
/windows/1/windows/1/issues/endpoint_dominated,1
/windows/1/windows/1/issues/preparation_observable_failure_near_peak,1
/windows/1/windows/1/exact_match,True
/windows/1/windows/1/all_repeat_position_errors/0,-0.050000000000000044
/windows/1/windows/1/all_repeat_position_errors/1,-0.03749999999999998
/windows/1/windows/1/all_repeat_position_errors/2,-0.07499999999999996
/windows/1/windows/1/all_repeat_position_errors/3,0.0
/windows/1/windows/1/all_repeat_position_errors/4,0.0625
/windows/1/windows/1/all_repeat_position_errors/5,0.050000000000000044
/windows/1/windows/1/all_repeat_position_errors/6,0.012499999999999956
/windows/1/windows/1/all_repeat_position_errors/7,0.0
/windows/1/windows/1/all_repeat_position_errors/8,0.025000000000000022
/windows/1/windows/1/all_repeat_position_errors/9,0.050000000000000044
/windows/1/windows/1/all_repeat_position_errors/10,-0.025000000000000022
/windows/1/windows/1/all_repeat_position_errors/11,0.050000000000000044
/windows/1/windows/1/all_repeat_position_errors/12,-0.03749999999999998
/windows/1/windows/1/all_repeat_position_errors/13,0.0625
/windows/1/windows/1/all_repeat_position_errors/14,-0.012499999999999956
/windows/1/windows/1/all_repeat_position_errors/15,0.025000000000000022
/windows/1/windows/1/all_repeat_position_errors/16,0.050000000000000044
/windows/1/windows/1/all_repeat_position_errors/17,-0.012499999999999956
/windows/1/windows/1/all_repeat_position_errors/18,0.0625
/windows/1/windows/1/all_repeat_position_errors/19,-0.012499999999999956
/windows/1/windows/1/all_repeat_position_errors/20,-0.012499999999999956
/windows/1/windows/1/all_repeat_position_errors/21,-0.012499999999999956
/windows/1/windows/1/all_repeat_position_errors/22,0.025000000000000022
/windows/1/windows/1/all_repeat_position_errors/23,0.0625
/windows/1/windows/1/all_repeat_position_errors/24,0.03749999999999998
/windows/1/windows/1/all_repeat_position_errors/25,0.050000000000000044
/windows/1/windows/1/all_repeat_position_errors/26,-0.012499999999999956
/windows/1/windows/1/all_repeat_position_errors/27,0.025000000000000022
/windows/1/windows/1/all_repeat_position_errors/28,0.07499999999999996
/windows/1/windows/1/all_repeat_position_errors/29,0.03749999999999998
/windows/1/windows/1/all_repeat_position_errors/30,0.025000000000000022
/windows/1/windows/1/all_repeat_position_errors/31,0.0
/windows/1/windows/2/kappa,0.45
/windows/1/windows/2/complete,True
/windows/1/windows/2/reference_resolvable,True
/windows/1/windows/2/match_fraction,1.0
/windows/1/windows/2/matched_problem_fraction,1.0
/windows/1/windows/2/quality_supported_match_fraction,0.0
/windows/1/windows/2/issues/preparation_observable_failure_near_peak,32
/windows/1/windows/2/exact_match,True
/windows/1/windows/2/exact_audit/0,preparation_observable_failure_near_peak
/windows/1/windows/2/all_repeat_position_errors/0,0.012500000000000011
/windows/1/windows/2/all_repeat_position_errors/1,0.0
/windows/1/windows/2/all_repeat_position_errors/2,0.012500000000000011
/windows/1/windows/2/all_repeat_position_errors/3,0.0
/windows/1/windows/2/all_repeat_position_errors/4,0.0
/windows/1/windows/2/all_repeat_position_errors/5,0.0
/windows/1/windows/2/all_repeat_position_errors/6,0.012500000000000011
/windows/1/windows/2/all_repeat_position_errors/7,0.0
/windows/1/windows/2/all_repeat_position_errors/8,0.0
/windows/1/windows/2/all_repeat_position_errors/9,0.012500000000000011
/windows/1/windows/2/all_repeat_position_errors/10,0.0
/windows/1/windows/2/all_repeat_position_errors/11,0.0
/windows/1/windows/2/all_repeat_position_errors/12,0.012500000000000011
/windows/1/windows/2/all_repeat_position_errors/13,0.0
/windows/1/windows/2/all_repeat_position_errors/14,0.012500000000000011
/windows/1/windows/2/all_repeat_position_errors/15,0.0
/windows/1/windows/2/all_repeat_position_errors/16,0.0
/windows/1/windows/2/all_repeat_position_errors/17,0.0
/windows/1/windows/2/all_repeat_position_errors/18,0.0
/windows/1/windows/2/all_repeat_position_errors/19,0.0
/windows/1/windows/2/all_repeat_position_errors/20,0.0
/windows/1/windows/2/all_repeat_position_errors/21,0.012500000000000011
/windows/1/windows/2/all_repeat_position_errors/22,0.012500000000000011
/windows/1/windows/2/all_repeat_position_errors/23,0.012500000000000011
/windows/1/windows/2/all_repeat_position_errors/24,0.012500000000000011
/windows/1/windows/2/all_repeat_position_errors/25,0.0
/windows/1/windows/2/all_repeat_position_errors/26,0.0
/windows/1/windows/2/all_repeat_position_errors/27,0.012500000000000011
/windows/1/windows/2/all_repeat_position_errors/28,0.0
/windows/1/windows/2/all_repeat_position_errors/29,0.0
/windows/1/windows/2/all_repeat_position_errors/30,0.0
/windows/1/windows/2/all_repeat_position_errors/31,0.0
/windows/1/windows/3/kappa,0.5
/windows/1/windows/3/complete,True
/windows/1/windows/3/reference_resolvable,False
/windows/1/windows/3/match_fraction,0.0
/windows/1/windows/3/matched_problem_fraction,0.0
/windows/1/windows/3/quality_supported_match_fraction,0.0
/windows/1/windows/3/issues/preparation_observable_failure_near_peak,32
/windows/1/windows/3/issues/competing_peaks,4
/windows/1/windows/3/exact_match,False
/windows/1/windows/3/exact_audit/0,preparation_observable_failure_near_peak
/windows/1/windows/3/all_repeat_position_errors/0,
/windows/1/windows/3/all_repeat_position_errors/1,
/windows/1/windows/3/all_repeat_position_errors/2,
/windows/1/windows/3/all_repeat_position_errors/3,
/windows/1/windows/3/all_repeat_position_errors/4,
/windows/1/windows/3/all_repeat_position_errors/5,
/windows/1/windows/3/all_repeat_position_errors/6,
/windows/1/windows/3/all_repeat_position_errors/7,
/windows/1/windows/3/all_repeat_position_errors/8,
/windows/1/windows/3/all_repeat_position_errors/9,
/windows/1/windows/3/all_repeat_position_errors/10,
/windows/1/windows/3/all_repeat_position_errors/11,
/windows/1/windows/3/all_repeat_position_errors/12,
/windows/1/windows/3/all_repeat_position_errors/13,
/windows/1/windows/3/all_repeat_position_errors/14,
/windows/1/windows/3/all_repeat_position_errors/15,
/windows/1/windows/3/all_repeat_position_errors/16,
/windows/1/windows/3/all_repeat_position_errors/17,
/windows/1/windows/3/all_repeat_position_errors/18,
/windows/1/windows/3/all_repeat_position_errors/19,
/windows/1/windows/3/all_repeat_position_errors/20,
/windows/1/windows/3/all_repeat_position_errors/21,
/windows/1/windows/3/all_repeat_position_errors/22,
/windows/1/windows/3/all_repeat_position_errors/23,
/windows/1/windows/3/all_repeat_position_errors/24,
/windows/1/windows/3/all_repeat_position_errors/25,
/windows/1/windows/3/all_repeat_position_errors/26,
/windows/1/windows/3/all_repeat_position_errors/27,
/windows/1/windows/3/all_repeat_position_errors/28,
/windows/1/windows/3/all_repeat_position_errors/29,
/windows/1/windows/3/all_repeat_position_errors/30,
/windows/1/windows/3/all_repeat_position_errors/31,
/windows/1/windows/4/kappa,0.55
/windows/1/windows/4/complete,True
/windows/1/windows/4/reference_resolvable,True
/windows/1/windows/4/match_fraction,1.0
/windows/1/windows/4/matched_problem_fraction,1.0
/windows/1/windows/4/quality_supported_match_fraction,0.0
/windows/1/windows/4/issues/preparation_observable_failure_near_peak,32
/windows/1/windows/4/exact_match,True
/windows/1/windows/4/exact_audit/0,preparation_observable_failure_near_peak
/windows/1/windows/4/all_repeat_position_errors/0,0.012500000000000011
/windows/1/windows/4/all_repeat_position_errors/1,0.012500000000000011
/windows/1/windows/4/all_repeat_position_errors/2,0.012500000000000011
/windows/1/windows/4/all_repeat_position_errors/3,0.012500000000000011
/windows/1/windows/4/all_repeat_position_errors/4,0.012500000000000011
/windows/1/windows/4/all_repeat_position_errors/5,0.012500000000000011
/windows/1/windows/4/all_repeat_position_errors/6,0.012500000000000011
/windows/1/windows/4/all_repeat_position_errors/7,0.012500000000000011
/windows/1/windows/4/all_repeat_position_errors/8,0.012500000000000011
/windows/1/windows/4/all_repeat_position_errors/9,0.012500000000000011
/windows/1/windows/4/all_repeat_position_errors/10,0.012500000000000011
/windows/1/windows/4/all_repeat_position_errors/11,0.012500000000000011
/windows/1/windows/4/all_repeat_position_errors/12,0.012500000000000011
/windows/1/windows/4/all_repeat_position_errors/13,0.012500000000000011
/windows/1/windows/4/all_repeat_position_errors/14,0.012500000000000011
/windows/1/windows/4/all_repeat_position_errors/15,0.012500000000000011
/windows/1/windows/4/all_repeat_position_errors/16,0.012500000000000011
/windows/1/windows/4/all_repeat_position_errors/17,0.012500000000000011
/windows/1/windows/4/all_repeat_position_errors/18,0.012500000000000011
/windows/1/windows/4/all_repeat_position_errors/19,0.012500000000000011
/windows/1/windows/4/all_repeat_position_errors/20,0.012500000000000011
/windows/1/windows/4/all_repeat_position_errors/21,0.012500000000000011
/windows/1/windows/4/all_repeat_position_errors/22,0.012500000000000011
/windows/1/windows/4/all_repeat_position_errors/23,0.012500000000000011
/windows/1/windows/4/all_repeat_position_errors/24,0.012500000000000011
/windows/1/windows/4/all_repeat_position_errors/25,0.012500000000000011
/windows/1/windows/4/all_repeat_position_errors/26,0.012500000000000011
/windows/1/windows/4/all_repeat_position_errors/27,0.012500000000000011
/windows/1/windows/4/all_repeat_position_errors/28,0.012500000000000011
/windows/1/windows/4/all_repeat_position_errors/29,0.012500000000000011
/windows/1/windows/4/all_repeat_position_errors/30,0.012500000000000011
/windows/1/windows/4/all_repeat_position_errors/31,0.012500000000000011
/windows/1/windows/5/kappa,0.8
/windows/1/windows/5/complete,True
/windows/1/windows/5/reference_resolvable,True
/windows/1/windows/5/match_fraction,0.625
/windows/1/windows/5/matched_problem_fraction,0.625
/windows/1/windows/5/quality_supported_match_fraction,0.0
/windows/1/windows/5/issues/preparation_observable_failure_near_peak,32
/windows/1/windows/5/issues/endpoint_dominated,3
/windows/1/windows/5/issues/competing_peaks,3
/windows/1/windows/5/exact_match,True
/windows/1/windows/5/exact_audit/0,preparation_observable_failure_near_peak
/windows/1/windows/5/all_repeat_position_errors/0,0.0625
/windows/1/windows/5/all_repeat_position_errors/1,0.03749999999999998
/windows/1/windows/5/all_repeat_position_errors/2,-0.08750000000000002
/windows/1/windows/5/all_repeat_position_errors/3,0.0
/windows/1/windows/5/all_repeat_position_errors/4,0.04999999999999993
/windows/1/windows/5/all_repeat_position_errors/5,0.0625
/windows/1/windows/5/all_repeat_position_errors/6,0.04999999999999993
/windows/1/windows/5/all_repeat_position_errors/7,0.012499999999999956
/windows/1/windows/5/all_repeat_position_errors/8,0.03749999999999998
/windows/1/windows/5/all_repeat_position_errors/9,0.03749999999999998
/windows/1/windows/5/all_repeat_position_errors/10,0.02499999999999991
/windows/1/windows/5/all_repeat_position_errors/11,0.02499999999999991
/windows/1/windows/5/all_repeat_position_errors/12,0.02499999999999991
/windows/1/windows/5/all_repeat_position_errors/13,0.012499999999999956
/windows/1/windows/5/all_repeat_position_errors/14,-0.012500000000000067
/windows/1/windows/5/all_repeat_position_errors/15,0.03749999999999998
/windows/1/windows/5/all_repeat_position_errors/16,0.04999999999999993
/windows/1/windows/5/all_repeat_position_errors/17,-0.07500000000000007
/windows/1/windows/5/all_repeat_position_errors/18,-0.012500000000000067
/windows/1/windows/5/all_repeat_position_errors/19,0.0
/windows/1/windows/5/all_repeat_position_errors/20,0.0625
/windows/1/windows/5/all_repeat_position_errors/21,-0.012500000000000067
/windows/1/windows/5/all_repeat_position_errors/22,0.0625
/windows/1/windows/5/all_repeat_position_errors/23,-0.07500000000000007
/windows/1/windows/5/all_repeat_position_errors/24,0.04999999999999993
/windows/1/windows/5/all_repeat_position_errors/25,-0.08750000000000002
/windows/1/windows/5/all_repeat_position_errors/26,0.04999999999999993
/windows/1/windows/5/all_repeat_position_errors/27,0.0625
/windows/1/windows/5/all_repeat_position_errors/28,0.012499999999999956
/windows/1/windows/5/all_repeat_position_errors/29,-0.07500000000000007
/windows/1/windows/5/all_repeat_position_errors/30,-0.07500000000000007
/windows/1/windows/5/all_repeat_position_errors/31,0.04999999999999993
/windows/2/mode,equal_shots
/windows/2/budget,10000
/windows/2/p,0
/windows/2/method,sv
/windows/2/requested_windows,6
/windows/2/executed_complete_windows,6
/windows/2/reference_resolvable_windows,5
/windows/2/frozen_matching_window_equivalents,3.84375
/windows/2/matched_fraction_given_reference,0.76875
/windows/2/matched_problem_window_equivalents,2.875
/windows/2/quality_supported_match_window_equivalents,0.96875
/windows/2/windows/0/kappa,0.0
/windows/2/windows/0/complete,True
/windows/2/windows/0/reference_resolvable,True
/windows/2/windows/0/match_fraction,0.5
/windows/2/windows/0/matched_problem_fraction,0.125
/windows/2/windows/0/quality_supported_match_fraction,0.375
/windows/2/windows/0/issues/endpoint_dominated,4
/windows/2/windows/0/issues/competing_peaks,4
/windows/2/windows/0/exact_match,False
/windows/2/windows/0/exact_audit/0,competing_peaks
/windows/2/windows/0/all_repeat_position_errors/0,0.08749999999999991
/windows/2/windows/0/all_repeat_position_errors/1,0.03750000000000009
/windows/2/windows/0/all_repeat_position_errors/2,-0.03749999999999998
/windows/2/windows/0/all_repeat_position_errors/3,-0.050000000000000044
/windows/2/windows/0/all_repeat_position_errors/4,-0.07499999999999996
/windows/2/windows/0/all_repeat_position_errors/5,0.025000000000000022
/windows/2/windows/0/all_repeat_position_errors/6,-0.025000000000000022
/windows/2/windows/0/all_repeat_position_errors/7,0.0625
/windows/2/windows/0/all_repeat_position_errors/8,-0.07499999999999996
/windows/2/windows/0/all_repeat_position_errors/9,0.04999999999999982
/windows/2/windows/0/all_repeat_position_errors/10,0.0625
/windows/2/windows/0/all_repeat_position_errors/11,-0.050000000000000044
/windows/2/windows/0/all_repeat_position_errors/12,-0.07499999999999996
/windows/2/windows/0/all_repeat_position_errors/13,-0.025000000000000022
/windows/2/windows/0/all_repeat_position_errors/14,0.012499999999999956
/windows/2/windows/0/all_repeat_position_errors/15,-0.07499999999999996
/windows/2/windows/0/all_repeat_position_errors/16,0.025000000000000022
/windows/2/windows/0/all_repeat_position_errors/17,0.03750000000000009
/windows/2/windows/0/all_repeat_position_errors/18,0.025000000000000022
/windows/2/windows/0/all_repeat_position_errors/19,-0.0625
/windows/2/windows/0/all_repeat_position_errors/20,0.0
/windows/2/windows/0/all_repeat_position_errors/21,0.0
/windows/2/windows/0/all_repeat_position_errors/22,-0.0625
/windows/2/windows/0/all_repeat_position_errors/23,0.07500000000000018
/windows/2/windows/0/all_repeat_position_errors/24,0.04999999999999982
/windows/2/windows/0/all_repeat_position_errors/25,-0.025000000000000022
/windows/2/windows/0/all_repeat_position_errors/26,-0.025000000000000022
/windows/2/windows/0/all_repeat_position_errors/27,0.04999999999999982
/windows/2/windows/0/all_repeat_position_errors/28,0.0
/windows/2/windows/0/all_repeat_position_errors/29,-0.0625
/windows/2/windows/0/all_repeat_position_errors/30,-0.025000000000000022
/windows/2/windows/0/all_repeat_position_errors/31,0.0625
/windows/2/windows/1/kappa,0.3
/windows/2/windows/1/complete,True
/windows/2/windows/1/reference_resolvable,True
/windows/2/windows/1/match_fraction,0.59375
/windows/2/windows/1/matched_problem_fraction,0.0
/windows/2/windows/1/quality_supported_match_fraction,0.59375
/windows/2/windows/1/issues/endpoint_dominated,1
/windows/2/windows/1/issues/competing_peaks,5
/windows/2/windows/1/issues/preparation_observable_failure_near_peak,2
/windows/2/windows/1/exact_match,True
/windows/2/windows/1/all_repeat_position_errors/0,0.03749999999999998
/windows/2/windows/1/all_repeat_position_errors/1,0.050000000000000044
/windows/2/windows/1/all_repeat_position_errors/2,-0.0625
/windows/2/windows/1/all_repeat_position_errors/3,0.025000000000000022
/windows/2/windows/1/all_repeat_position_errors/4,-0.050000000000000044
/windows/2/windows/1/all_repeat_position_errors/5,0.050000000000000044
/windows/2/windows/1/all_repeat_position_errors/6,0.012499999999999956
/windows/2/windows/1/all_repeat_position_errors/7,0.0625
/windows/2/windows/1/all_repeat_position_errors/8,0.0
/windows/2/windows/1/all_repeat_position_errors/9,0.0
/windows/2/windows/1/all_repeat_position_errors/10,0.012499999999999956
/windows/2/windows/1/all_repeat_position_errors/11,0.025000000000000022
/windows/2/windows/1/all_repeat_position_errors/12,0.012499999999999956
/windows/2/windows/1/all_repeat_position_errors/13,-0.07499999999999996
/windows/2/windows/1/all_repeat_position_errors/14,0.025000000000000022
/windows/2/windows/1/all_repeat_position_errors/15,-0.012499999999999956
/windows/2/windows/1/all_repeat_position_errors/16,0.025000000000000022
/windows/2/windows/1/all_repeat_position_errors/17,0.0
/windows/2/windows/1/all_repeat_position_errors/18,-0.025000000000000022
/windows/2/windows/1/all_repeat_position_errors/19,-0.0625
/windows/2/windows/1/all_repeat_position_errors/20,0.050000000000000044
/windows/2/windows/1/all_repeat_position_errors/21,0.03749999999999998
/windows/2/windows/1/all_repeat_position_errors/22,0.012499999999999956
/windows/2/windows/1/all_repeat_position_errors/23,-0.012499999999999956
/windows/2/windows/1/all_repeat_position_errors/24,-0.025000000000000022
/windows/2/windows/1/all_repeat_position_errors/25,0.0625
/windows/2/windows/1/all_repeat_position_errors/26,0.0
/windows/2/windows/1/all_repeat_position_errors/27,-0.050000000000000044
/windows/2/windows/1/all_repeat_position_errors/28,0.0
/windows/2/windows/1/all_repeat_position_errors/29,0.08750000000000002
/windows/2/windows/1/all_repeat_position_errors/30,0.012499999999999956
/windows/2/windows/1/all_repeat_position_errors/31,0.08750000000000002
/windows/2/windows/2/kappa,0.45
/windows/2/windows/2/complete,True
/windows/2/windows/2/reference_resolvable,True
/windows/2/windows/2/match_fraction,1.0
/windows/2/windows/2/matched_problem_fraction,1.0
/windows/2/windows/2/quality_supported_match_fraction,0.0
/windows/2/windows/2/issues/preparation_observable_failure_near_peak,32
/windows/2/windows/2/exact_match,True
/windows/2/windows/2/exact_audit/0,preparation_observable_failure_near_peak
/windows/2/windows/2/all_repeat_position_errors/0,0.012500000000000011
/windows/2/windows/2/all_repeat_position_errors/1,0.0
/windows/2/windows/2/all_repeat_position_errors/2,0.0
/windows/2/windows/2/all_repeat_position_errors/3,0.0
/windows/2/windows/2/all_repeat_position_errors/4,0.0
/windows/2/windows/2/all_repeat_position_errors/5,0.0
/windows/2/windows/2/all_repeat_position_errors/6,0.012500000000000011
/windows/2/windows/2/all_repeat_position_errors/7,0.0
/windows/2/windows/2/all_repeat_position_errors/8,0.0
/windows/2/windows/2/all_repeat_position_errors/9,0.012500000000000011
/windows/2/windows/2/all_repeat_position_errors/10,0.0
/windows/2/windows/2/all_repeat_position_errors/11,0.0
/windows/2/windows/2/all_repeat_position_errors/12,0.012500000000000011
/windows/2/windows/2/all_repeat_position_errors/13,0.0
/windows/2/windows/2/all_repeat_position_errors/14,0.0
/windows/2/windows/2/all_repeat_position_errors/15,0.0
/windows/2/windows/2/all_repeat_position_errors/16,0.0
/windows/2/windows/2/all_repeat_position_errors/17,0.012500000000000011
/windows/2/windows/2/all_repeat_position_errors/18,0.0
/windows/2/windows/2/all_repeat_position_errors/19,0.0
/windows/2/windows/2/all_repeat_position_errors/20,0.0
/windows/2/windows/2/all_repeat_position_errors/21,0.0
/windows/2/windows/2/all_repeat_position_errors/22,0.012500000000000011
/windows/2/windows/2/all_repeat_position_errors/23,0.0
/windows/2/windows/2/all_repeat_position_errors/24,0.0
/windows/2/windows/2/all_repeat_position_errors/25,0.0
/windows/2/windows/2/all_repeat_position_errors/26,0.012500000000000011
/windows/2/windows/2/all_repeat_position_errors/27,0.012500000000000011
/windows/2/windows/2/all_repeat_position_errors/28,0.0
/windows/2/windows/2/all_repeat_position_errors/29,0.012500000000000011
/windows/2/windows/2/all_repeat_position_errors/30,0.0
/windows/2/windows/2/all_repeat_position_errors/31,0.0
/windows/2/windows/3/kappa,0.5
/windows/2/windows/3/complete,True
/windows/2/windows/3/reference_resolvable,False
/windows/2/windows/3/match_fraction,0.0
/windows/2/windows/3/matched_problem_fraction,0.0
/windows/2/windows/3/quality_supported_match_fraction,0.0
/windows/2/windows/3/issues/preparation_observable_failure_near_peak,32
/windows/2/windows/3/issues/competing_peaks,2
/windows/2/windows/3/exact_match,False
/windows/2/windows/3/exact_audit/0,preparation_observable_failure_near_peak
/windows/2/windows/3/all_repeat_position_errors/0,
/windows/2/windows/3/all_repeat_position_errors/1,
/windows/2/windows/3/all_repeat_position_errors/2,
/windows/2/windows/3/all_repeat_position_errors/3,
/windows/2/windows/3/all_repeat_position_errors/4,
/windows/2/windows/3/all_repeat_position_errors/5,
/windows/2/windows/3/all_repeat_position_errors/6,
/windows/2/windows/3/all_repeat_position_errors/7,
/windows/2/windows/3/all_repeat_position_errors/8,
/windows/2/windows/3/all_repeat_position_errors/9,
/windows/2/windows/3/all_repeat_position_errors/10,
/windows/2/windows/3/all_repeat_position_errors/11,
/windows/2/windows/3/all_repeat_position_errors/12,
/windows/2/windows/3/all_repeat_position_errors/13,
/windows/2/windows/3/all_repeat_position_errors/14,
/windows/2/windows/3/all_repeat_position_errors/15,
/windows/2/windows/3/all_repeat_position_errors/16,
/windows/2/windows/3/all_repeat_position_errors/17,
/windows/2/windows/3/all_repeat_position_errors/18,
/windows/2/windows/3/all_repeat_position_errors/19,
/windows/2/windows/3/all_repeat_position_errors/20,
/windows/2/windows/3/all_repeat_position_errors/21,
/windows/2/windows/3/all_repeat_position_errors/22,
/windows/2/windows/3/all_repeat_position_errors/23,
/windows/2/windows/3/all_repeat_position_errors/24,
/windows/2/windows/3/all_repeat_position_errors/25,
/windows/2/windows/3/all_repeat_position_errors/26,
/windows/2/windows/3/all_repeat_position_errors/27,
/windows/2/windows/3/all_repeat_position_errors/28,
/windows/2/windows/3/all_repeat_position_errors/29,
/windows/2/windows/3/all_repeat_position_errors/30,
/windows/2/windows/3/all_repeat_position_errors/31,
/windows/2/windows/4/kappa,0.55
/windows/2/windows/4/complete,True
/windows/2/windows/4/reference_resolvable,True
/windows/2/windows/4/match_fraction,1.0
/windows/2/windows/4/matched_problem_fraction,1.0
/windows/2/windows/4/quality_supported_match_fraction,0.0
/windows/2/windows/4/issues/preparation_observable_failure_near_peak,32
/windows/2/windows/4/exact_match,True
/windows/2/windows/4/exact_audit/0,preparation_observable_failure_near_peak
/windows/2/windows/4/all_repeat_position_errors/0,0.012500000000000011
/windows/2/windows/4/all_repeat_position_errors/1,0.012500000000000011
/windows/2/windows/4/all_repeat_position_errors/2,0.012500000000000011
/windows/2/windows/4/all_repeat_position_errors/3,0.012500000000000011
/windows/2/windows/4/all_repeat_position_errors/4,0.012500000000000011
/windows/2/windows/4/all_repeat_position_errors/5,0.012500000000000011
/windows/2/windows/4/all_repeat_position_errors/6,0.012500000000000011
/windows/2/windows/4/all_repeat_position_errors/7,0.012500000000000011
/windows/2/windows/4/all_repeat_position_errors/8,0.012500000000000011
/windows/2/windows/4/all_repeat_position_errors/9,0.012500000000000011
/windows/2/windows/4/all_repeat_position_errors/10,0.012500000000000011
/windows/2/windows/4/all_repeat_position_errors/11,0.012500000000000011
/windows/2/windows/4/all_repeat_position_errors/12,0.012500000000000011
/windows/2/windows/4/all_repeat_position_errors/13,0.012500000000000011
/windows/2/windows/4/all_repeat_position_errors/14,0.012500000000000011
/windows/2/windows/4/all_repeat_position_errors/15,0.012500000000000011
/windows/2/windows/4/all_repeat_position_errors/16,0.012500000000000011
/windows/2/windows/4/all_repeat_position_errors/17,0.012500000000000011
/windows/2/windows/4/all_repeat_position_errors/18,0.012500000000000011
/windows/2/windows/4/all_repeat_position_errors/19,0.012500000000000011
/windows/2/windows/4/all_repeat_position_errors/20,0.012500000000000011
/windows/2/windows/4/all_repeat_position_errors/21,0.012500000000000011
/windows/2/windows/4/all_repeat_position_errors/22,0.012500000000000011
/windows/2/windows/4/all_repeat_position_errors/23,0.012500000000000011
/windows/2/windows/4/all_repeat_position_errors/24,0.012500000000000011
/windows/2/windows/4/all_repeat_position_errors/25,0.012500000000000011
/windows/2/windows/4/all_repeat_position_errors/26,0.012500000000000011
/windows/2/windows/4/all_repeat_position_errors/27,0.012500000000000011
/windows/2/windows/4/all_repeat_position_errors/28,0.012500000000000011
/windows/2/windows/4/all_repeat_position_errors/29,0.012500000000000011
/windows/2/windows/4/all_repeat_position_errors/30,0.012500000000000011
/windows/2/windows/4/all_repeat_position_errors/31,0.012500000000000011
/windows/2/windows/5/kappa,0.8
/windows/2/windows/5/complete,True
/windows/2/windows/5/reference_resolvable,True
/windows/2/windows/5/match_fraction,0.75
/windows/2/windows/5/matched_problem_fraction,0.75
/windows/2/windows/5/quality_supported_match_fraction,0.0
/windows/2/windows/5/issues/preparation_observable_failure_near_peak,32
/windows/2/windows/5/issues/competing_peaks,4
/windows/2/windows/5/issues/endpoint_dominated,8
/windows/2/windows/5/exact_match,True
/windows/2/windows/5/exact_audit/0,preparation_observable_failure_near_peak
/windows/2/windows/5/all_repeat_position_errors/0,-0.012500000000000067
/windows/2/windows/5/all_repeat_position_errors/1,0.07499999999999996
/windows/2/windows/5/all_repeat_position_errors/2,0.07499999999999996
/windows/2/windows/5/all_repeat_position_errors/3,0.03749999999999998
/windows/2/windows/5/all_repeat_position_errors/4,-0.012500000000000067
/windows/2/windows/5/all_repeat_position_errors/5,0.012499999999999956
/windows/2/windows/5/all_repeat_position_errors/6,0.03749999999999998
/windows/2/windows/5/all_repeat_position_errors/7,-0.025000000000000022
/windows/2/windows/5/all_repeat_position_errors/8,0.03749999999999998
/windows/2/windows/5/all_repeat_position_errors/9,0.03749999999999998
/windows/2/windows/5/all_repeat_position_errors/10,-0.07500000000000007
/windows/2/windows/5/all_repeat_position_errors/11,-0.012500000000000067
/windows/2/windows/5/all_repeat_position_errors/12,-0.025000000000000022
/windows/2/windows/5/all_repeat_position_errors/13,0.012499999999999956
/windows/2/windows/5/all_repeat_position_errors/14,0.0625
/windows/2/windows/5/all_repeat_position_errors/15,0.012499999999999956
/windows/2/windows/5/all_repeat_position_errors/16,0.0
/windows/2/windows/5/all_repeat_position_errors/17,0.07499999999999996
/windows/2/windows/5/all_repeat_position_errors/18,0.02499999999999991
/windows/2/windows/5/all_repeat_position_errors/19,-0.012500000000000067
/windows/2/windows/5/all_repeat_position_errors/20,0.04999999999999993
/windows/2/windows/5/all_repeat_position_errors/21,-0.012500000000000067
/windows/2/windows/5/all_repeat_position_errors/22,0.02499999999999991
/windows/2/windows/5/all_repeat_position_errors/23,-0.03750000000000009
/windows/2/windows/5/all_repeat_position_errors/24,-0.025000000000000022
/windows/2/windows/5/all_repeat_position_errors/25,-0.050000000000000044
/windows/2/windows/5/all_repeat_position_errors/26,0.012499999999999956
/windows/2/windows/5/all_repeat_position_errors/27,0.012499999999999956
/windows/2/windows/5/all_repeat_position_errors/28,-0.012500000000000067
/windows/2/windows/5/all_repeat_position_errors/29,0.02499999999999991
/windows/2/windows/5/all_repeat_position_errors/30,0.012499999999999956
/windows/2/windows/5/all_repeat_position_errors/31,-0.050000000000000044
/windows/3/mode,equal_shots
/windows/3/budget,10000
/windows/3/p,0.01
/windows/3/method,raw
/windows/3/requested_windows,6
/windows/3/executed_complete_windows,6
/windows/3/reference_resolvable_windows,5
/windows/3/frozen_matching_window_equivalents,3.03125
/windows/3/matched_fraction_given_reference,0.60625
/windows/3/matched_problem_window_equivalents,3.03125
/windows/3/quality_supported_match_window_equivalents,0.0
/windows/3/windows/0/kappa,0.0
/windows/3/windows/0/complete,True
/windows/3/windows/0/reference_resolvable,True
/windows/3/windows/0/match_fraction,0.0
/windows/3/windows/0/matched_problem_fraction,0.0
/windows/3/windows/0/quality_supported_match_fraction,0.0
/windows/3/windows/0/issues/nearby_branch_noise_effect_not_fully_checked,32
/windows/3/windows/0/exact_match,False
/windows/3/windows/0/exact_audit/0,nearby_branch_noise_effect_not_fully_checked
/windows/3/windows/0/all_repeat_position_errors/0,0.07500000000000018
/windows/3/windows/0/all_repeat_position_errors/1,0.07500000000000018
/windows/3/windows/0/all_repeat_position_errors/2,0.07500000000000018
/windows/3/windows/0/all_repeat_position_errors/3,0.07500000000000018
/windows/3/windows/0/all_repeat_position_errors/4,0.07500000000000018
/windows/3/windows/0/all_repeat_position_errors/5,0.07500000000000018
/windows/3/windows/0/all_repeat_position_errors/6,0.07500000000000018
/windows/3/windows/0/all_repeat_position_errors/7,0.07500000000000018
/windows/3/windows/0/all_repeat_position_errors/8,0.07500000000000018
/windows/3/windows/0/all_repeat_position_errors/9,0.07500000000000018
/windows/3/windows/0/all_repeat_position_errors/10,0.0625
/windows/3/windows/0/all_repeat_position_errors/11,0.07500000000000018
/windows/3/windows/0/all_repeat_position_errors/12,0.07500000000000018
/windows/3/windows/0/all_repeat_position_errors/13,0.07500000000000018
/windows/3/windows/0/all_repeat_position_errors/14,0.0625
/windows/3/windows/0/all_repeat_position_errors/15,0.07500000000000018
/windows/3/windows/0/all_repeat_position_errors/16,0.07500000000000018
/windows/3/windows/0/all_repeat_position_errors/17,0.07500000000000018
/windows/3/windows/0/all_repeat_position_errors/18,0.07500000000000018
/windows/3/windows/0/all_repeat_position_errors/19,0.07500000000000018
/windows/3/windows/0/all_repeat_position_errors/20,0.07500000000000018
/windows/3/windows/0/all_repeat_position_errors/21,0.0625
/windows/3/windows/0/all_repeat_position_errors/22,0.07500000000000018
/windows/3/windows/0/all_repeat_position_errors/23,0.07500000000000018
/windows/3/windows/0/all_repeat_position_errors/24,0.07500000000000018
/windows/3/windows/0/all_repeat_position_errors/25,0.07500000000000018
/windows/3/windows/0/all_repeat_position_errors/26,0.07500000000000018
/windows/3/windows/0/all_repeat_position_errors/27,0.07500000000000018
/windows/3/windows/0/all_repeat_position_errors/28,0.07500000000000018
/windows/3/windows/0/all_repeat_position_errors/29,0.07500000000000018
/windows/3/windows/0/all_repeat_position_errors/30,0.07500000000000018
/windows/3/windows/0/all_repeat_position_errors/31,0.07500000000000018
/windows/3/windows/1/kappa,0.3
/windows/3/windows/1/complete,True
/windows/3/windows/1/reference_resolvable,True
/windows/3/windows/1/match_fraction,0.0625
/windows/3/windows/1/matched_problem_fraction,0.0625
/windows/3/windows/1/quality_supported_match_fraction,0.0
/windows/3/windows/1/issues/nearby_branch_noise_effect_not_fully_checked,32
/windows/3/windows/1/issues/competing_peaks,1
/windows/3/windows/1/exact_match,False
/windows/3/windows/1/exact_audit/0,nearby_branch_noise_effect_not_fully_checked
/windows/3/windows/1/all_repeat_position_errors/0,0.0625
/windows/3/windows/1/all_repeat_position_errors/1,0.0625
/windows/3/windows/1/all_repeat_position_errors/2,0.0625
/windows/3/windows/1/all_repeat_position_errors/3,0.0625
/windows/3/windows/1/all_repeat_position_errors/4,0.0625
/windows/3/windows/1/all_repeat_position_errors/5,-0.025000000000000022
/windows/3/windows/1/all_repeat_position_errors/6,0.0625
/windows/3/windows/1/all_repeat_position_errors/7,0.0625
/windows/3/windows/1/all_repeat_position_errors/8,0.0625
/windows/3/windows/1/all_repeat_position_errors/9,0.0625
/windows/3/windows/1/all_repeat_position_errors/10,0.0625
/windows/3/windows/1/all_repeat_position_errors/11,0.0625
/windows/3/windows/1/all_repeat_position_errors/12,0.0625
/windows/3/windows/1/all_repeat_position_errors/13,0.0625
/windows/3/windows/1/all_repeat_position_errors/14,-0.025000000000000022
/windows/3/windows/1/all_repeat_position_errors/15,0.0625
/windows/3/windows/1/all_repeat_position_errors/16,0.0625
/windows/3/windows/1/all_repeat_position_errors/17,0.0625
/windows/3/windows/1/all_repeat_position_errors/18,0.0625
/windows/3/windows/1/all_repeat_position_errors/19,0.0625
/windows/3/windows/1/all_repeat_position_errors/20,0.0625
/windows/3/windows/1/all_repeat_position_errors/21,0.0625
/windows/3/windows/1/all_repeat_position_errors/22,0.0625
/windows/3/windows/1/all_repeat_position_errors/23,0.0625
/windows/3/windows/1/all_repeat_position_errors/24,0.0625
/windows/3/windows/1/all_repeat_position_errors/25,0.0625
/windows/3/windows/1/all_repeat_position_errors/26,0.0625
/windows/3/windows/1/all_repeat_position_errors/27,0.0625
/windows/3/windows/1/all_repeat_position_errors/28,0.0625
/windows/3/windows/1/all_repeat_position_errors/29,0.0625
/windows/3/windows/1/all_repeat_position_errors/30,0.0625
/windows/3/windows/1/all_repeat_position_errors/31,0.0625
/windows/3/windows/2/kappa,0.45
/windows/3/windows/2/complete,True
/windows/3/windows/2/reference_resolvable,True
/windows/3/windows/2/match_fraction,1.0
/windows/3/windows/2/matched_problem_fraction,1.0
/windows/3/windows/2/quality_supported_match_fraction,0.0
/windows/3/windows/2/issues/preparation_observable_failure_near_peak,32
/windows/3/windows/2/issues/nearby_branch_noise_effect_not_fully_checked,32
/windows/3/windows/2/exact_match,True
/windows/3/windows/2/exact_audit/0,preparation_observable_failure_near_peak
/windows/3/windows/2/exact_audit/1,nearby_branch_noise_effect_not_fully_checked
/windows/3/windows/2/all_repeat_position_errors/0,0.0
/windows/3/windows/2/all_repeat_position_errors/1,0.0
/windows/3/windows/2/all_repeat_position_errors/2,0.0
/windows/3/windows/2/all_repeat_position_errors/3,0.0
/windows/3/windows/2/all_repeat_position_errors/4,0.0
/windows/3/windows/2/all_repeat_position_errors/5,0.0
/windows/3/windows/2/all_repeat_position_errors/6,0.0
/windows/3/windows/2/all_repeat_position_errors/7,0.0
/windows/3/windows/2/all_repeat_position_errors/8,0.0
/windows/3/windows/2/all_repeat_position_errors/9,0.0
/windows/3/windows/2/all_repeat_position_errors/10,0.0
/windows/3/windows/2/all_repeat_position_errors/11,0.0
/windows/3/windows/2/all_repeat_position_errors/12,0.0
/windows/3/windows/2/all_repeat_position_errors/13,0.0
/windows/3/windows/2/all_repeat_position_errors/14,0.0
/windows/3/windows/2/all_repeat_position_errors/15,0.0
/windows/3/windows/2/all_repeat_position_errors/16,0.0
/windows/3/windows/2/all_repeat_position_errors/17,0.0
/windows/3/windows/2/all_repeat_position_errors/18,0.0
/windows/3/windows/2/all_repeat_position_errors/19,0.0
/windows/3/windows/2/all_repeat_position_errors/20,0.0
/windows/3/windows/2/all_repeat_position_errors/21,0.0
/windows/3/windows/2/all_repeat_position_errors/22,0.0
/windows/3/windows/2/all_repeat_position_errors/23,0.0
/windows/3/windows/2/all_repeat_position_errors/24,0.0
/windows/3/windows/2/all_repeat_position_errors/25,0.0
/windows/3/windows/2/all_repeat_position_errors/26,0.0
/windows/3/windows/2/all_repeat_position_errors/27,0.0
/windows/3/windows/2/all_repeat_position_errors/28,0.0
/windows/3/windows/2/all_repeat_position_errors/29,0.0
/windows/3/windows/2/all_repeat_position_errors/30,0.0
/windows/3/windows/2/all_repeat_position_errors/31,0.0
/windows/3/windows/3/kappa,0.5
/windows/3/windows/3/complete,True
/windows/3/windows/3/reference_resolvable,False
/windows/3/windows/3/match_fraction,0.0
/windows/3/windows/3/matched_problem_fraction,0.0
/windows/3/windows/3/quality_supported_match_fraction,0.0
/windows/3/windows/3/issues/preparation_observable_failure_near_peak,32
/windows/3/windows/3/issues/nearby_branch_noise_effect_not_fully_checked,32
/windows/3/windows/3/exact_match,False
/windows/3/windows/3/exact_audit/0,preparation_observable_failure_near_peak
/windows/3/windows/3/exact_audit/1,nearby_branch_noise_effect_not_fully_checked
/windows/3/windows/3/all_repeat_position_errors/0,
/windows/3/windows/3/all_repeat_position_errors/1,
/windows/3/windows/3/all_repeat_position_errors/2,
/windows/3/windows/3/all_repeat_position_errors/3,
/windows/3/windows/3/all_repeat_position_errors/4,
/windows/3/windows/3/all_repeat_position_errors/5,
/windows/3/windows/3/all_repeat_position_errors/6,
/windows/3/windows/3/all_repeat_position_errors/7,
/windows/3/windows/3/all_repeat_position_errors/8,
/windows/3/windows/3/all_repeat_position_errors/9,
/windows/3/windows/3/all_repeat_position_errors/10,
/windows/3/windows/3/all_repeat_position_errors/11,
/windows/3/windows/3/all_repeat_position_errors/12,
/windows/3/windows/3/all_repeat_position_errors/13,
/windows/3/windows/3/all_repeat_position_errors/14,
/windows/3/windows/3/all_repeat_position_errors/15,
/windows/3/windows/3/all_repeat_position_errors/16,
/windows/3/windows/3/all_repeat_position_errors/17,
/windows/3/windows/3/all_repeat_position_errors/18,
/windows/3/windows/3/all_repeat_position_errors/19,
/windows/3/windows/3/all_repeat_position_errors/20,
/windows/3/windows/3/all_repeat_position_errors/21,
/windows/3/windows/3/all_repeat_position_errors/22,
/windows/3/windows/3/all_repeat_position_errors/23,
/windows/3/windows/3/all_repeat_position_errors/24,
/windows/3/windows/3/all_repeat_position_errors/25,
/windows/3/windows/3/all_repeat_position_errors/26,
/windows/3/windows/3/all_repeat_position_errors/27,
/windows/3/windows/3/all_repeat_position_errors/28,
/windows/3/windows/3/all_repeat_position_errors/29,
/windows/3/windows/3/all_repeat_position_errors/30,
/windows/3/windows/3/all_repeat_position_errors/31,
/windows/3/windows/4/kappa,0.55
/windows/3/windows/4/complete,True
/windows/3/windows/4/reference_resolvable,True
/windows/3/windows/4/match_fraction,1.0
/windows/3/windows/4/matched_problem_fraction,1.0
/windows/3/windows/4/quality_supported_match_fraction,0.0
/windows/3/windows/4/issues/preparation_observable_failure_near_peak,32
/windows/3/windows/4/issues/nearby_branch_noise_effect_not_fully_checked,32
/windows/3/windows/4/exact_match,True
/windows/3/windows/4/exact_audit/0,preparation_observable_failure_near_peak
/windows/3/windows/4/exact_audit/1,nearby_branch_noise_effect_not_fully_checked
/windows/3/windows/4/all_repeat_position_errors/0,0.012500000000000011
/windows/3/windows/4/all_repeat_position_errors/1,0.012500000000000011
/windows/3/windows/4/all_repeat_position_errors/2,0.012500000000000011
/windows/3/windows/4/all_repeat_position_errors/3,0.012500000000000011
/windows/3/windows/4/all_repeat_position_errors/4,0.012500000000000011
/windows/3/windows/4/all_repeat_position_errors/5,0.012500000000000011
/windows/3/windows/4/all_repeat_position_errors/6,0.012500000000000011
/windows/3/windows/4/all_repeat_position_errors/7,0.012500000000000011
/windows/3/windows/4/all_repeat_position_errors/8,0.012500000000000011
/windows/3/windows/4/all_repeat_position_errors/9,0.012500000000000011
/windows/3/windows/4/all_repeat_position_errors/10,0.012500000000000011
/windows/3/windows/4/all_repeat_position_errors/11,0.012500000000000011
/windows/3/windows/4/all_repeat_position_errors/12,0.012500000000000011
/windows/3/windows/4/all_repeat_position_errors/13,0.012500000000000011
/windows/3/windows/4/all_repeat_position_errors/14,0.012500000000000011
/windows/3/windows/4/all_repeat_position_errors/15,0.012500000000000011
/windows/3/windows/4/all_repeat_position_errors/16,0.012500000000000011
/windows/3/windows/4/all_repeat_position_errors/17,0.012500000000000011
/windows/3/windows/4/all_repeat_position_errors/18,0.012500000000000011
/windows/3/windows/4/all_repeat_position_errors/19,0.012500000000000011
/windows/3/windows/4/all_repeat_position_errors/20,0.012500000000000011
/windows/3/windows/4/all_repeat_position_errors/21,0.012500000000000011
/windows/3/windows/4/all_repeat_position_errors/22,0.012500000000000011
/windows/3/windows/4/all_repeat_position_errors/23,0.012500000000000011
/windows/3/windows/4/all_repeat_position_errors/24,0.012500000000000011
/windows/3/windows/4/all_repeat_position_errors/25,0.012500000000000011
/windows/3/windows/4/all_repeat_position_errors/26,0.012500000000000011
/windows/3/windows/4/all_repeat_position_errors/27,0.012500000000000011
/windows/3/windows/4/all_repeat_position_errors/28,0.012500000000000011
/windows/3/windows/4/all_repeat_position_errors/29,0.012500000000000011
/windows/3/windows/4/all_repeat_position_errors/30,0.012500000000000011
/windows/3/windows/4/all_repeat_position_errors/31,0.012500000000000011
/windows/3/windows/5/kappa,0.8
/windows/3/windows/5/complete,True
/windows/3/windows/5/reference_resolvable,True
/windows/3/windows/5/match_fraction,0.96875
/windows/3/windows/5/matched_problem_fraction,0.96875
/windows/3/windows/5/quality_supported_match_fraction,0.0
/windows/3/windows/5/issues/preparation_observable_failure_near_peak,32
/windows/3/windows/5/issues/nearby_branch_noise_effect_not_fully_checked,19
/windows/3/windows/5/issues/endpoint_dominated,1
/windows/3/windows/5/exact_match,True
/windows/3/windows/5/exact_audit/0,preparation_observable_failure_near_peak
/windows/3/windows/5/exact_audit/1,nearby_branch_noise_effect_not_fully_checked
/windows/3/windows/5/all_repeat_position_errors/0,-0.012500000000000067
/windows/3/windows/5/all_repeat_position_errors/1,0.012499999999999956
/windows/3/windows/5/all_repeat_position_errors/2,-0.012500000000000067
/windows/3/windows/5/all_repeat_position_errors/3,0.012499999999999956
/windows/3/windows/5/all_repeat_position_errors/4,-0.012500000000000067
/windows/3/windows/5/all_repeat_position_errors/5,-0.012500000000000067
/windows/3/windows/5/all_repeat_position_errors/6,0.012499999999999956
/windows/3/windows/5/all_repeat_position_errors/7,0.012499999999999956
/windows/3/windows/5/all_repeat_position_errors/8,0.012499999999999956
/windows/3/windows/5/all_repeat_position_errors/9,-0.012500000000000067
/windows/3/windows/5/all_repeat_position_errors/10,0.012499999999999956
/windows/3/windows/5/all_repeat_position_errors/11,0.012499999999999956
/windows/3/windows/5/all_repeat_position_errors/12,-0.012500000000000067
/windows/3/windows/5/all_repeat_position_errors/13,0.012499999999999956
/windows/3/windows/5/all_repeat_position_errors/14,-0.012500000000000067
/windows/3/windows/5/all_repeat_position_errors/15,0.03749999999999998
/windows/3/windows/5/all_repeat_position_errors/16,0.012499999999999956
/windows/3/windows/5/all_repeat_position_errors/17,-0.012500000000000067
/windows/3/windows/5/all_repeat_position_errors/18,-0.012500000000000067
/windows/3/windows/5/all_repeat_position_errors/19,-0.012500000000000067
/windows/3/windows/5/all_repeat_position_errors/20,-0.012500000000000067
/windows/3/windows/5/all_repeat_position_errors/21,-0.012500000000000067
/windows/3/windows/5/all_repeat_position_errors/22,0.04999999999999993
/windows/3/windows/5/all_repeat_position_errors/23,0.012499999999999956
/windows/3/windows/5/all_repeat_position_errors/24,-0.012500000000000067
/windows/3/windows/5/all_repeat_position_errors/25,0.012499999999999956
/windows/3/windows/5/all_repeat_position_errors/26,0.012499999999999956
/windows/3/windows/5/all_repeat_position_errors/27,-0.050000000000000044
/windows/3/windows/5/all_repeat_position_errors/28,-0.012500000000000067
/windows/3/windows/5/all_repeat_position_errors/29,-0.012500000000000067
/windows/3/windows/5/all_repeat_position_errors/30,0.012499999999999956
/windows/3/windows/5/all_repeat_position_errors/31,0.04999999999999993
/windows/4/mode,equal_shots
/windows/4/budget,10000
/windows/4/p,0.01
/windows/4/method,zne_quadratic
/windows/4/requested_windows,6
/windows/4/executed_complete_windows,6
/windows/4/reference_resolvable_windows,5
/windows/4/frozen_matching_window_equivalents,3.53125
/windows/4/matched_fraction_given_reference,0.70625
/windows/4/matched_problem_window_equivalents,3.53125
/windows/4/quality_supported_match_window_equivalents,0.0
/windows/4/windows/0/kappa,0.0
/windows/4/windows/0/complete,True
/windows/4/windows/0/reference_resolvable,True
/windows/4/windows/0/match_fraction,0.3125
/windows/4/windows/0/matched_problem_fraction,0.3125
/windows/4/windows/0/quality_supported_match_fraction,0.0
/windows/4/windows/0/issues/nearby_branch_noise_effect_not_fully_checked,32
/windows/4/windows/0/issues/endpoint_dominated,2
/windows/4/windows/0/issues/competing_peaks,2
/windows/4/windows/0/exact_match,False
/windows/4/windows/0/exact_audit/0,nearby_branch_noise_effect_not_fully_checked
/windows/4/windows/0/all_repeat_position_errors/0,-0.07499999999999996
/windows/4/windows/0/all_repeat_position_errors/1,0.07500000000000018
/windows/4/windows/0/all_repeat_position_errors/2,0.0625
/windows/4/windows/0/all_repeat_position_errors/3,0.07500000000000018
/windows/4/windows/0/all_repeat_position_errors/4,-0.050000000000000044
/windows/4/windows/0/all_repeat_position_errors/5,-0.0625
/windows/4/windows/0/all_repeat_position_errors/6,0.07500000000000018
/windows/4/windows/0/all_repeat_position_errors/7,0.025000000000000022
/windows/4/windows/0/all_repeat_position_errors/8,0.07500000000000018
/windows/4/windows/0/all_repeat_position_errors/9,0.04999999999999982
/windows/4/windows/0/all_repeat_position_errors/10,0.0
/windows/4/windows/0/all_repeat_position_errors/11,0.04999999999999982
/windows/4/windows/0/all_repeat_position_errors/12,-0.07499999999999996
/windows/4/windows/0/all_repeat_position_errors/13,-0.012499999999999956
/windows/4/windows/0/all_repeat_position_errors/14,0.03750000000000009
/windows/4/windows/0/all_repeat_position_errors/15,-0.07499999999999996
/windows/4/windows/0/all_repeat_position_errors/16,-0.050000000000000044
/windows/4/windows/0/all_repeat_position_errors/17,0.025000000000000022
/windows/4/windows/0/all_repeat_position_errors/18,-0.03749999999999998
/windows/4/windows/0/all_repeat_position_errors/19,0.025000000000000022
/windows/4/windows/0/all_repeat_position_errors/20,0.07500000000000018
/windows/4/windows/0/all_repeat_position_errors/21,-0.0625
/windows/4/windows/0/all_repeat_position_errors/22,-0.07499999999999996
/windows/4/windows/0/all_repeat_position_errors/23,0.012499999999999956
/windows/4/windows/0/all_repeat_position_errors/24,0.07500000000000018
/windows/4/windows/0/all_repeat_position_errors/25,0.0625
/windows/4/windows/0/all_repeat_position_errors/26,0.0625
/windows/4/windows/0/all_repeat_position_errors/27,-0.07499999999999996
/windows/4/windows/0/all_repeat_position_errors/28,0.08749999999999991
/windows/4/windows/0/all_repeat_position_errors/29,0.0625
/windows/4/windows/0/all_repeat_position_errors/30,0.07500000000000018
/windows/4/windows/0/all_repeat_position_errors/31,0.0
/windows/4/windows/1/kappa,0.3
/windows/4/windows/1/complete,True
/windows/4/windows/1/reference_resolvable,True
/windows/4/windows/1/match_fraction,0.46875
/windows/4/windows/1/matched_problem_fraction,0.46875
/windows/4/windows/1/quality_supported_match_fraction,0.0
/windows/4/windows/1/issues/nearby_branch_noise_effect_not_fully_checked,32
/windows/4/windows/1/issues/competing_peaks,6
/windows/4/windows/1/issues/preparation_observable_failure_near_peak,2
/windows/4/windows/1/issues/endpoint_dominated,1
/windows/4/windows/1/exact_match,False
/windows/4/windows/1/exact_audit/0,competing_peaks
/windows/4/windows/1/exact_audit/1,nearby_branch_noise_effect_not_fully_checked
/windows/4/windows/1/all_repeat_position_errors/0,0.012499999999999956
/windows/4/windows/1/all_repeat_position_errors/1,0.025000000000000022
/windows/4/windows/1/all_repeat_position_errors/2,0.012499999999999956
/windows/4/windows/1/all_repeat_position_errors/3,0.0
/windows/4/windows/1/all_repeat_position_errors/4,0.0625
/windows/4/windows/1/all_repeat_position_errors/5,-0.025000000000000022
/windows/4/windows/1/all_repeat_position_errors/6,0.03749999999999998
/windows/4/windows/1/all_repeat_position_errors/7,0.025000000000000022
/windows/4/windows/1/all_repeat_position_errors/8,0.08750000000000002
/windows/4/windows/1/all_repeat_position_errors/9,0.0625
/windows/4/windows/1/all_repeat_position_errors/10,-0.07499999999999996
/windows/4/windows/1/all_repeat_position_errors/11,0.0625
/windows/4/windows/1/all_repeat_position_errors/12,0.03749999999999998
/windows/4/windows/1/all_repeat_position_errors/13,0.0
/windows/4/windows/1/all_repeat_position_errors/14,0.0625
/windows/4/windows/1/all_repeat_position_errors/15,-0.050000000000000044
/windows/4/windows/1/all_repeat_position_errors/16,0.025000000000000022
/windows/4/windows/1/all_repeat_position_errors/17,-0.0625
/windows/4/windows/1/all_repeat_position_errors/18,0.0625
/windows/4/windows/1/all_repeat_position_errors/19,-0.0625
/windows/4/windows/1/all_repeat_position_errors/20,0.0625
/windows/4/windows/1/all_repeat_position_errors/21,-0.0625
/windows/4/windows/1/all_repeat_position_errors/22,0.025000000000000022
/windows/4/windows/1/all_repeat_position_errors/23,0.025000000000000022
/windows/4/windows/1/all_repeat_position_errors/24,-0.012499999999999956
/windows/4/windows/1/all_repeat_position_errors/25,0.0625
/windows/4/windows/1/all_repeat_position_errors/26,0.08750000000000002
/windows/4/windows/1/all_repeat_position_errors/27,-0.03749999999999998
/windows/4/windows/1/all_repeat_position_errors/28,0.0625
/windows/4/windows/1/all_repeat_position_errors/29,0.0625
/windows/4/windows/1/all_repeat_position_errors/30,-0.025000000000000022
/windows/4/windows/1/all_repeat_position_errors/31,0.0625
/windows/4/windows/2/kappa,0.45
/windows/4/windows/2/complete,True
/windows/4/windows/2/reference_resolvable,True
/windows/4/windows/2/match_fraction,1.0
/windows/4/windows/2/matched_problem_fraction,1.0
/windows/4/windows/2/quality_supported_match_fraction,0.0
/windows/4/windows/2/issues/preparation_observable_failure_near_peak,32
/windows/4/windows/2/issues/nearby_branch_noise_effect_not_fully_checked,32
/windows/4/windows/2/exact_match,True
/windows/4/windows/2/exact_audit/0,preparation_observable_failure_near_peak
/windows/4/windows/2/exact_audit/1,nearby_branch_noise_effect_not_fully_checked
/windows/4/windows/2/all_repeat_position_errors/0,0.0
/windows/4/windows/2/all_repeat_position_errors/1,0.0
/windows/4/windows/2/all_repeat_position_errors/2,0.0
/windows/4/windows/2/all_repeat_position_errors/3,0.0
/windows/4/windows/2/all_repeat_position_errors/4,0.0
/windows/4/windows/2/all_repeat_position_errors/5,0.0
/windows/4/windows/2/all_repeat_position_errors/6,0.0
/windows/4/windows/2/all_repeat_position_errors/7,0.0
/windows/4/windows/2/all_repeat_position_errors/8,0.0
/windows/4/windows/2/all_repeat_position_errors/9,0.0
/windows/4/windows/2/all_repeat_position_errors/10,0.0
/windows/4/windows/2/all_repeat_position_errors/11,0.0
/windows/4/windows/2/all_repeat_position_errors/12,0.0
/windows/4/windows/2/all_repeat_position_errors/13,0.0
/windows/4/windows/2/all_repeat_position_errors/14,0.0
/windows/4/windows/2/all_repeat_position_errors/15,0.0
/windows/4/windows/2/all_repeat_position_errors/16,0.0
/windows/4/windows/2/all_repeat_position_errors/17,0.0
/windows/4/windows/2/all_repeat_position_errors/18,0.0
/windows/4/windows/2/all_repeat_position_errors/19,0.0
/windows/4/windows/2/all_repeat_position_errors/20,0.0
/windows/4/windows/2/all_repeat_position_errors/21,0.0
/windows/4/windows/2/all_repeat_position_errors/22,0.0
/windows/4/windows/2/all_repeat_position_errors/23,0.012500000000000011
/windows/4/windows/2/all_repeat_position_errors/24,0.0
/windows/4/windows/2/all_repeat_position_errors/25,0.0
/windows/4/windows/2/all_repeat_position_errors/26,0.012500000000000011
/windows/4/windows/2/all_repeat_position_errors/27,0.012500000000000011
/windows/4/windows/2/all_repeat_position_errors/28,0.0
/windows/4/windows/2/all_repeat_position_errors/29,0.0
/windows/4/windows/2/all_repeat_position_errors/30,0.0
/windows/4/windows/2/all_repeat_position_errors/31,0.0
/windows/4/windows/3/kappa,0.5
/windows/4/windows/3/complete,True
/windows/4/windows/3/reference_resolvable,False
/windows/4/windows/3/match_fraction,0.0
/windows/4/windows/3/matched_problem_fraction,0.0
/windows/4/windows/3/quality_supported_match_fraction,0.0
/windows/4/windows/3/issues/preparation_observable_failure_near_peak,32
/windows/4/windows/3/issues/nearby_branch_noise_effect_not_fully_checked,25
/windows/4/windows/3/issues/endpoint_dominated,3
/windows/4/windows/3/issues/competing_peaks,2
/windows/4/windows/3/exact_match,False
/windows/4/windows/3/exact_audit/0,preparation_observable_failure_near_peak
/windows/4/windows/3/exact_audit/1,nearby_branch_noise_effect_not_fully_checked
/windows/4/windows/3/all_repeat_position_errors/0,
/windows/4/windows/3/all_repeat_position_errors/1,
/windows/4/windows/3/all_repeat_position_errors/2,
/windows/4/windows/3/all_repeat_position_errors/3,
/windows/4/windows/3/all_repeat_position_errors/4,
/windows/4/windows/3/all_repeat_position_errors/5,
/windows/4/windows/3/all_repeat_position_errors/6,
/windows/4/windows/3/all_repeat_position_errors/7,
/windows/4/windows/3/all_repeat_position_errors/8,
/windows/4/windows/3/all_repeat_position_errors/9,
/windows/4/windows/3/all_repeat_position_errors/10,
/windows/4/windows/3/all_repeat_position_errors/11,
/windows/4/windows/3/all_repeat_position_errors/12,
/windows/4/windows/3/all_repeat_position_errors/13,
/windows/4/windows/3/all_repeat_position_errors/14,
/windows/4/windows/3/all_repeat_position_errors/15,
/windows/4/windows/3/all_repeat_position_errors/16,
/windows/4/windows/3/all_repeat_position_errors/17,
/windows/4/windows/3/all_repeat_position_errors/18,
/windows/4/windows/3/all_repeat_position_errors/19,
/windows/4/windows/3/all_repeat_position_errors/20,
/windows/4/windows/3/all_repeat_position_errors/21,
/windows/4/windows/3/all_repeat_position_errors/22,
/windows/4/windows/3/all_repeat_position_errors/23,
/windows/4/windows/3/all_repeat_position_errors/24,
/windows/4/windows/3/all_repeat_position_errors/25,
/windows/4/windows/3/all_repeat_position_errors/26,
/windows/4/windows/3/all_repeat_position_errors/27,
/windows/4/windows/3/all_repeat_position_errors/28,
/windows/4/windows/3/all_repeat_position_errors/29,
/windows/4/windows/3/all_repeat_position_errors/30,
/windows/4/windows/3/all_repeat_position_errors/31,
/windows/4/windows/4/kappa,0.55
/windows/4/windows/4/complete,True
/windows/4/windows/4/reference_resolvable,True
/windows/4/windows/4/match_fraction,1.0
/windows/4/windows/4/matched_problem_fraction,1.0
/windows/4/windows/4/quality_supported_match_fraction,0.0
/windows/4/windows/4/issues/preparation_observable_failure_near_peak,32
/windows/4/windows/4/issues/nearby_branch_noise_effect_not_fully_checked,32
/windows/4/windows/4/exact_match,True
/windows/4/windows/4/exact_audit/0,preparation_observable_failure_near_peak
/windows/4/windows/4/exact_audit/1,nearby_branch_noise_effect_not_fully_checked
/windows/4/windows/4/all_repeat_position_errors/0,0.012500000000000011
/windows/4/windows/4/all_repeat_position_errors/1,0.012500000000000011
/windows/4/windows/4/all_repeat_position_errors/2,0.012500000000000011
/windows/4/windows/4/all_repeat_position_errors/3,0.012500000000000011
/windows/4/windows/4/all_repeat_position_errors/4,0.012500000000000011
/windows/4/windows/4/all_repeat_position_errors/5,0.012500000000000011
/windows/4/windows/4/all_repeat_position_errors/6,0.012500000000000011
/windows/4/windows/4/all_repeat_position_errors/7,0.012500000000000011
/windows/4/windows/4/all_repeat_position_errors/8,0.012500000000000011
/windows/4/windows/4/all_repeat_position_errors/9,0.012500000000000011
/windows/4/windows/4/all_repeat_position_errors/10,0.012500000000000011
/windows/4/windows/4/all_repeat_position_errors/11,0.012500000000000011
/windows/4/windows/4/all_repeat_position_errors/12,0.012500000000000011
/windows/4/windows/4/all_repeat_position_errors/13,0.012500000000000011
/windows/4/windows/4/all_repeat_position_errors/14,0.012500000000000011
/windows/4/windows/4/all_repeat_position_errors/15,0.012500000000000011
/windows/4/windows/4/all_repeat_position_errors/16,0.012500000000000011
/windows/4/windows/4/all_repeat_position_errors/17,0.012500000000000011
/windows/4/windows/4/all_repeat_position_errors/18,0.012500000000000011
/windows/4/windows/4/all_repeat_position_errors/19,0.012500000000000011
/windows/4/windows/4/all_repeat_position_errors/20,0.012500000000000011
/windows/4/windows/4/all_repeat_position_errors/21,0.012500000000000011
/windows/4/windows/4/all_repeat_position_errors/22,0.012500000000000011
/windows/4/windows/4/all_repeat_position_errors/23,0.012500000000000011
/windows/4/windows/4/all_repeat_position_errors/24,0.012500000000000011
/windows/4/windows/4/all_repeat_position_errors/25,0.012500000000000011
/windows/4/windows/4/all_repeat_position_errors/26,0.012500000000000011
/windows/4/windows/4/all_repeat_position_errors/27,0.012500000000000011
/windows/4/windows/4/all_repeat_position_errors/28,0.012500000000000011
/windows/4/windows/4/all_repeat_position_errors/29,0.012500000000000011
/windows/4/windows/4/all_repeat_position_errors/30,0.012500000000000011
/windows/4/windows/4/all_repeat_position_errors/31,0.012500000000000011
/windows/4/windows/5/kappa,0.8
/windows/4/windows/5/complete,True
/windows/4/windows/5/reference_resolvable,True
/windows/4/windows/5/match_fraction,0.75
/windows/4/windows/5/matched_problem_fraction,0.75
/windows/4/windows/5/quality_supported_match_fraction,0.0
/windows/4/windows/5/issues/preparation_observable_failure_near_peak,32
/windows/4/windows/5/issues/nearby_branch_noise_effect_not_fully_checked,29
/windows/4/windows/5/issues/endpoint_dominated,6
/windows/4/windows/5/issues/competing_peaks,1
/windows/4/windows/5/exact_match,True
/windows/4/windows/5/exact_audit/0,preparation_observable_failure_near_peak
/windows/4/windows/5/all_repeat_position_errors/0,0.04999999999999993
/windows/4/windows/5/all_repeat_position_errors/1,-0.012500000000000067
/windows/4/windows/5/all_repeat_position_errors/2,0.0
/windows/4/windows/5/all_repeat_position_errors/3,-0.0625
/windows/4/windows/5/all_repeat_position_errors/4,0.04999999999999993
/windows/4/windows/5/all_repeat_position_errors/5,0.0625
/windows/4/windows/5/all_repeat_position_errors/6,0.04999999999999993
/windows/4/windows/5/all_repeat_position_errors/7,-0.012500000000000067
/windows/4/windows/5/all_repeat_position_errors/8,-0.08750000000000002
/windows/4/windows/5/all_repeat_position_errors/9,0.07499999999999996
/windows/4/windows/5/all_repeat_position_errors/10,-0.012500000000000067
/windows/4/windows/5/all_repeat_position_errors/11,-0.03750000000000009
/windows/4/windows/5/all_repeat_position_errors/12,0.04999999999999993
/windows/4/windows/5/all_repeat_position_errors/13,-0.025000000000000022
/windows/4/windows/5/all_repeat_position_errors/14,-0.012500000000000067
/windows/4/windows/5/all_repeat_position_errors/15,-0.025000000000000022
/windows/4/windows/5/all_repeat_position_errors/16,-0.025000000000000022
/windows/4/windows/5/all_repeat_position_errors/17,0.012499999999999956
/windows/4/windows/5/all_repeat_position_errors/18,-0.07500000000000007
/windows/4/windows/5/all_repeat_position_errors/19,-0.08750000000000002
/windows/4/windows/5/all_repeat_position_errors/20,0.03749999999999998
/windows/4/windows/5/all_repeat_position_errors/21,-0.07500000000000007
/windows/4/windows/5/all_repeat_position_errors/22,-0.08750000000000002
/windows/4/windows/5/all_repeat_position_errors/23,0.0
/windows/4/windows/5/all_repeat_position_errors/24,0.04999999999999993
/windows/4/windows/5/all_repeat_position_errors/25,0.0
/windows/4/windows/5/all_repeat_position_errors/26,0.012499999999999956
/windows/4/windows/5/all_repeat_position_errors/27,0.012499999999999956
/windows/4/windows/5/all_repeat_position_errors/28,-0.025000000000000022
/windows/4/windows/5/all_repeat_position_errors/29,0.03749999999999998
/windows/4/windows/5/all_repeat_position_errors/30,-0.012500000000000067
/windows/4/windows/5/all_repeat_position_errors/31,0.04999999999999993
/windows/5/mode,equal_shots
/windows/5/budget,10000
/windows/5/p,0.01
/windows/5/method,sv
/windows/5/requested_windows,6
/windows/5/executed_complete_windows,6
/windows/5/reference_resolvable_windows,5
/windows/5/frozen_matching_window_equivalents,3.34375
/windows/5/matched_fraction_given_reference,0.66875
/windows/5/matched_problem_window_equivalents,3.34375
/windows/5/quality_supported_match_window_equivalents,0.0
/windows/5/windows/0/kappa,0.0
/windows/5/windows/0/complete,True
/windows/5/windows/0/reference_resolvable,True
/windows/5/windows/0/match_fraction,0.25
/windows/5/windows/0/matched_problem_fraction,0.25
/windows/5/windows/0/quality_supported_match_fraction,0.0
/windows/5/windows/0/issues/nearby_branch_noise_effect_not_fully_checked,32
/windows/5/windows/0/issues/endpoint_dominated,3
/windows/5/windows/0/issues/competing_peaks,6
/windows/5/windows/0/exact_match,False
/windows/5/windows/0/exact_audit/0,nearby_branch_noise_effect_not_fully_checked
/windows/5/windows/0/all_repeat_position_errors/0,0.07500000000000018
/windows/5/windows/0/all_repeat_position_errors/1,0.07500000000000018
/windows/5/windows/0/all_repeat_position_errors/2,0.07500000000000018
/windows/5/windows/0/all_repeat_position_errors/3,0.07500000000000018
/windows/5/windows/0/all_repeat_position_errors/4,-0.050000000000000044
/windows/5/windows/0/all_repeat_position_errors/5,0.03750000000000009
/windows/5/windows/0/all_repeat_position_errors/6,0.07500000000000018
/windows/5/windows/0/all_repeat_position_errors/7,0.07500000000000018
/windows/5/windows/0/all_repeat_position_errors/8,-0.0625
/windows/5/windows/0/all_repeat_position_errors/9,0.0625
/windows/5/windows/0/all_repeat_position_errors/10,0.07500000000000018
/windows/5/windows/0/all_repeat_position_errors/11,0.03750000000000009
/windows/5/windows/0/all_repeat_position_errors/12,-0.0625
/windows/5/windows/0/all_repeat_position_errors/13,0.0
/windows/5/windows/0/all_repeat_position_errors/14,0.03750000000000009
/windows/5/windows/0/all_repeat_position_errors/15,-0.03749999999999998
/windows/5/windows/0/all_repeat_position_errors/16,-0.0625
/windows/5/windows/0/all_repeat_position_errors/17,-0.03749999999999998
/windows/5/windows/0/all_repeat_position_errors/18,0.07500000000000018
/windows/5/windows/0/all_repeat_position_errors/19,-0.050000000000000044
/windows/5/windows/0/all_repeat_position_errors/20,-0.050000000000000044
/windows/5/windows/0/all_repeat_position_errors/21,0.07500000000000018
/windows/5/windows/0/all_repeat_position_errors/22,0.07500000000000018
/windows/5/windows/0/all_repeat_position_errors/23,0.0625
/windows/5/windows/0/all_repeat_position_errors/24,0.03750000000000009
/windows/5/windows/0/all_repeat_position_errors/25,0.07500000000000018
/windows/5/windows/0/all_repeat_position_errors/26,0.07500000000000018
/windows/5/windows/0/all_repeat_position_errors/27,0.07500000000000018
/windows/5/windows/0/all_repeat_position_errors/28,-0.012499999999999956
/windows/5/windows/0/all_repeat_position_errors/29,0.07500000000000018
/windows/5/windows/0/all_repeat_position_errors/30,-0.03749999999999998
/windows/5/windows/0/all_repeat_position_errors/31,0.07500000000000018
/windows/5/windows/1/kappa,0.3
/windows/5/windows/1/complete,True
/windows/5/windows/1/reference_resolvable,True
/windows/5/windows/1/match_fraction,0.4375
/windows/5/windows/1/matched_problem_fraction,0.4375
/windows/5/windows/1/quality_supported_match_fraction,0.0
/windows/5/windows/1/issues/nearby_branch_noise_effect_not_fully_checked,32
/windows/5/windows/1/issues/competing_peaks,6
/windows/5/windows/1/exact_match,False
/windows/5/windows/1/exact_audit/0,nearby_branch_noise_effect_not_fully_checked
/windows/5/windows/1/all_repeat_position_errors/0,0.03749999999999998
/windows/5/windows/1/all_repeat_position_errors/1,0.0
/windows/5/windows/1/all_repeat_position_errors/2,0.025000000000000022
/windows/5/windows/1/all_repeat_position_errors/3,-0.025000000000000022
/windows/5/windows/1/all_repeat_position_errors/4,0.0625
/windows/5/windows/1/all_repeat_position_errors/5,-0.07499999999999996
/windows/5/windows/1/all_repeat_position_errors/6,0.03749999999999998
/windows/5/windows/1/all_repeat_position_errors/7,0.03749999999999998
/windows/5/windows/1/all_repeat_position_errors/8,-0.025000000000000022
/windows/5/windows/1/all_repeat_position_errors/9,0.03749999999999998
/windows/5/windows/1/all_repeat_position_errors/10,-0.012499999999999956
/windows/5/windows/1/all_repeat_position_errors/11,-0.07499999999999996
/windows/5/windows/1/all_repeat_position_errors/12,0.0625
/windows/5/windows/1/all_repeat_position_errors/13,0.03749999999999998
/windows/5/windows/1/all_repeat_position_errors/14,-0.050000000000000044
/windows/5/windows/1/all_repeat_position_errors/15,0.03749999999999998
/windows/5/windows/1/all_repeat_position_errors/16,0.0
/windows/5/windows/1/all_repeat_position_errors/17,-0.025000000000000022
/windows/5/windows/1/all_repeat_position_errors/18,0.0625
/windows/5/windows/1/all_repeat_position_errors/19,0.0625
/windows/5/windows/1/all_repeat_position_errors/20,0.0625
/windows/5/windows/1/all_repeat_position_errors/21,0.0625
/windows/5/windows/1/all_repeat_position_errors/22,-0.0625
/windows/5/windows/1/all_repeat_position_errors/23,-0.07499999999999996
/windows/5/windows/1/all_repeat_position_errors/24,0.025000000000000022
/windows/5/windows/1/all_repeat_position_errors/25,0.0625
/windows/5/windows/1/all_repeat_position_errors/26,0.025000000000000022
/windows/5/windows/1/all_repeat_position_errors/27,-0.0625
/windows/5/windows/1/all_repeat_position_errors/28,0.0
/windows/5/windows/1/all_repeat_position_errors/29,0.0625
/windows/5/windows/1/all_repeat_position_errors/30,0.0625
/windows/5/windows/1/all_repeat_position_errors/31,0.03749999999999998
/windows/5/windows/2/kappa,0.45
/windows/5/windows/2/complete,True
/windows/5/windows/2/reference_resolvable,True
/windows/5/windows/2/match_fraction,1.0
/windows/5/windows/2/matched_problem_fraction,1.0
/windows/5/windows/2/quality_supported_match_fraction,0.0
/windows/5/windows/2/issues/preparation_observable_failure_near_peak,32
/windows/5/windows/2/issues/nearby_branch_noise_effect_not_fully_checked,32
/windows/5/windows/2/exact_match,True
/windows/5/windows/2/exact_audit/0,preparation_observable_failure_near_peak
/windows/5/windows/2/exact_audit/1,nearby_branch_noise_effect_not_fully_checked
/windows/5/windows/2/all_repeat_position_errors/0,0.0
/windows/5/windows/2/all_repeat_position_errors/1,0.0
/windows/5/windows/2/all_repeat_position_errors/2,0.0
/windows/5/windows/2/all_repeat_position_errors/3,0.0
/windows/5/windows/2/all_repeat_position_errors/4,0.0
/windows/5/windows/2/all_repeat_position_errors/5,0.0
/windows/5/windows/2/all_repeat_position_errors/6,0.0
/windows/5/windows/2/all_repeat_position_errors/7,0.012500000000000011
/windows/5/windows/2/all_repeat_position_errors/8,0.0
/windows/5/windows/2/all_repeat_position_errors/9,0.0
/windows/5/windows/2/all_repeat_position_errors/10,0.0
/windows/5/windows/2/all_repeat_position_errors/11,0.0
/windows/5/windows/2/all_repeat_position_errors/12,0.012500000000000011
/windows/5/windows/2/all_repeat_position_errors/13,0.0
/windows/5/windows/2/all_repeat_position_errors/14,0.0
/windows/5/windows/2/all_repeat_position_errors/15,0.0
/windows/5/windows/2/all_repeat_position_errors/16,0.0
/windows/5/windows/2/all_repeat_position_errors/17,0.0
/windows/5/windows/2/all_repeat_position_errors/18,0.0
/windows/5/windows/2/all_repeat_position_errors/19,0.0
/windows/5/windows/2/all_repeat_position_errors/20,0.0
/windows/5/windows/2/all_repeat_position_errors/21,0.012500000000000011
/windows/5/windows/2/all_repeat_position_errors/22,0.0
/windows/5/windows/2/all_repeat_position_errors/23,0.0
/windows/5/windows/2/all_repeat_position_errors/24,0.0
/windows/5/windows/2/all_repeat_position_errors/25,0.0
/windows/5/windows/2/all_repeat_position_errors/26,0.0
/windows/5/windows/2/all_repeat_position_errors/27,0.0
/windows/5/windows/2/all_repeat_position_errors/28,0.0
/windows/5/windows/2/all_repeat_position_errors/29,0.0
/windows/5/windows/2/all_repeat_position_errors/30,0.0
/windows/5/windows/2/all_repeat_position_errors/31,0.0
/windows/5/windows/3/kappa,0.5
/windows/5/windows/3/complete,True
/windows/5/windows/3/reference_resolvable,False
/windows/5/windows/3/match_fraction,0.0
/windows/5/windows/3/matched_problem_fraction,0.0
/windows/5/windows/3/quality_supported_match_fraction,0.0
/windows/5/windows/3/issues/preparation_observable_failure_near_peak,32
/windows/5/windows/3/issues/nearby_branch_noise_effect_not_fully_checked,28
/windows/5/windows/3/issues/endpoint_dominated,6
/windows/5/windows/3/issues/competing_peaks,2
/windows/5/windows/3/exact_match,False
/windows/5/windows/3/exact_audit/0,preparation_observable_failure_near_peak
/windows/5/windows/3/exact_audit/1,nearby_branch_noise_effect_not_fully_checked
/windows/5/windows/3/all_repeat_position_errors/0,
/windows/5/windows/3/all_repeat_position_errors/1,
/windows/5/windows/3/all_repeat_position_errors/2,
/windows/5/windows/3/all_repeat_position_errors/3,
/windows/5/windows/3/all_repeat_position_errors/4,
/windows/5/windows/3/all_repeat_position_errors/5,
/windows/5/windows/3/all_repeat_position_errors/6,
/windows/5/windows/3/all_repeat_position_errors/7,
/windows/5/windows/3/all_repeat_position_errors/8,
/windows/5/windows/3/all_repeat_position_errors/9,
/windows/5/windows/3/all_repeat_position_errors/10,
/windows/5/windows/3/all_repeat_position_errors/11,
/windows/5/windows/3/all_repeat_position_errors/12,
/windows/5/windows/3/all_repeat_position_errors/13,
/windows/5/windows/3/all_repeat_position_errors/14,
/windows/5/windows/3/all_repeat_position_errors/15,
/windows/5/windows/3/all_repeat_position_errors/16,
/windows/5/windows/3/all_repeat_position_errors/17,
/windows/5/windows/3/all_repeat_position_errors/18,
/windows/5/windows/3/all_repeat_position_errors/19,
/windows/5/windows/3/all_repeat_position_errors/20,
/windows/5/windows/3/all_repeat_position_errors/21,
/windows/5/windows/3/all_repeat_position_errors/22,
/windows/5/windows/3/all_repeat_position_errors/23,
/windows/5/windows/3/all_repeat_position_errors/24,
/windows/5/windows/3/all_repeat_position_errors/25,
/windows/5/windows/3/all_repeat_position_errors/26,
/windows/5/windows/3/all_repeat_position_errors/27,
/windows/5/windows/3/all_repeat_position_errors/28,
/windows/5/windows/3/all_repeat_position_errors/29,
/windows/5/windows/3/all_repeat_position_errors/30,
/windows/5/windows/3/all_repeat_position_errors/31,
/windows/5/windows/4/kappa,0.55
/windows/5/windows/4/complete,True
/windows/5/windows/4/reference_resolvable,True
/windows/5/windows/4/match_fraction,1.0
/windows/5/windows/4/matched_problem_fraction,1.0
/windows/5/windows/4/quality_supported_match_fraction,0.0
/windows/5/windows/4/issues/preparation_observable_failure_near_peak,32
/windows/5/windows/4/issues/nearby_branch_noise_effect_not_fully_checked,32
/windows/5/windows/4/exact_match,True
/windows/5/windows/4/exact_audit/0,preparation_observable_failure_near_peak
/windows/5/windows/4/exact_audit/1,nearby_branch_noise_effect_not_fully_checked
/windows/5/windows/4/all_repeat_position_errors/0,0.012500000000000011
/windows/5/windows/4/all_repeat_position_errors/1,0.012500000000000011
/windows/5/windows/4/all_repeat_position_errors/2,0.012500000000000011
/windows/5/windows/4/all_repeat_position_errors/3,0.012500000000000011
/windows/5/windows/4/all_repeat_position_errors/4,0.012500000000000011
/windows/5/windows/4/all_repeat_position_errors/5,0.012500000000000011
/windows/5/windows/4/all_repeat_position_errors/6,0.012500000000000011
/windows/5/windows/4/all_repeat_position_errors/7,0.012500000000000011
/windows/5/windows/4/all_repeat_position_errors/8,0.012500000000000011
/windows/5/windows/4/all_repeat_position_errors/9,0.012500000000000011
/windows/5/windows/4/all_repeat_position_errors/10,0.012500000000000011
/windows/5/windows/4/all_repeat_position_errors/11,0.012500000000000011
/windows/5/windows/4/all_repeat_position_errors/12,0.012500000000000011
/windows/5/windows/4/all_repeat_position_errors/13,0.012500000000000011
/windows/5/windows/4/all_repeat_position_errors/14,0.012500000000000011
/windows/5/windows/4/all_repeat_position_errors/15,0.012500000000000011
/windows/5/windows/4/all_repeat_position_errors/16,0.012500000000000011
/windows/5/windows/4/all_repeat_position_errors/17,0.012500000000000011
/windows/5/windows/4/all_repeat_position_errors/18,0.012500000000000011
/windows/5/windows/4/all_repeat_position_errors/19,0.012500000000000011
/windows/5/windows/4/all_repeat_position_errors/20,0.012500000000000011
/windows/5/windows/4/all_repeat_position_errors/21,0.012500000000000011
/windows/5/windows/4/all_repeat_position_errors/22,0.012500000000000011
/windows/5/windows/4/all_repeat_position_errors/23,0.012500000000000011
/windows/5/windows/4/all_repeat_position_errors/24,0.012500000000000011
/windows/5/windows/4/all_repeat_position_errors/25,0.012500000000000011
/windows/5/windows/4/all_repeat_position_errors/26,0.012500000000000011
/windows/5/windows/4/all_repeat_position_errors/27,0.012500000000000011
/windows/5/windows/4/all_repeat_position_errors/28,0.012500000000000011
/windows/5/windows/4/all_repeat_position_errors/29,0.012500000000000011
/windows/5/windows/4/all_repeat_position_errors/30,0.012500000000000011
/windows/5/windows/4/all_repeat_position_errors/31,0.012500000000000011
/windows/5/windows/5/kappa,0.8
/windows/5/windows/5/complete,True
/windows/5/windows/5/reference_resolvable,True
/windows/5/windows/5/match_fraction,0.65625
/windows/5/windows/5/matched_problem_fraction,0.65625
/windows/5/windows/5/quality_supported_match_fraction,0.0
/windows/5/windows/5/issues/preparation_observable_failure_near_peak,32
/windows/5/windows/5/issues/nearby_branch_noise_effect_not_fully_checked,26
/windows/5/windows/5/issues/competing_peaks,5
/windows/5/windows/5/issues/endpoint_dominated,8
/windows/5/windows/5/exact_match,True
/windows/5/windows/5/exact_audit/0,preparation_observable_failure_near_peak
/windows/5/windows/5/exact_audit/1,nearby_branch_noise_effect_not_fully_checked
/windows/5/windows/5/all_repeat_position_errors/0,-0.03750000000000009
/windows/5/windows/5/all_repeat_position_errors/1,0.012499999999999956
/windows/5/windows/5/all_repeat_position_errors/2,-0.08750000000000002
/windows/5/windows/5/all_repeat_position_errors/3,0.04999999999999993
/windows/5/windows/5/all_repeat_position_errors/4,0.03749999999999998
/windows/5/windows/5/all_repeat_position_errors/5,-0.050000000000000044
/windows/5/windows/5/all_repeat_position_errors/6,0.03749999999999998
/windows/5/windows/5/all_repeat_position_errors/7,0.02499999999999991
/windows/5/windows/5/all_repeat_position_errors/8,0.03749999999999998
/windows/5/windows/5/all_repeat_position_errors/9,-0.0625
/windows/5/windows/5/all_repeat_position_errors/10,-0.012500000000000067
/windows/5/windows/5/all_repeat_position_errors/11,0.04999999999999993
/windows/5/windows/5/all_repeat_position_errors/12,0.04999999999999993
/windows/5/windows/5/all_repeat_position_errors/13,0.012499999999999956
/windows/5/windows/5/all_repeat_position_errors/14,-0.0625
/windows/5/windows/5/all_repeat_position_errors/15,0.02499999999999991
/windows/5/windows/5/all_repeat_position_errors/16,0.02499999999999991
/windows/5/windows/5/all_repeat_position_errors/17,0.012499999999999956
/windows/5/windows/5/all_repeat_position_errors/18,-0.012500000000000067
/windows/5/windows/5/all_repeat_position_errors/19,-0.012500000000000067
/windows/5/windows/5/all_repeat_position_errors/20,-0.012500000000000067
/windows/5/windows/5/all_repeat_position_errors/21,0.04999999999999993
/windows/5/windows/5/all_repeat_position_errors/22,-0.03750000000000009
/windows/5/windows/5/all_repeat_position_errors/23,0.0625
/windows/5/windows/5/all_repeat_position_errors/24,0.0
/windows/5/windows/5/all_repeat_position_errors/25,-0.012500000000000067
/windows/5/windows/5/all_repeat_position_errors/26,0.0
/windows/5/windows/5/all_repeat_position_errors/27,-0.08750000000000002
/windows/5/windows/5/all_repeat_position_errors/28,-0.025000000000000022
/windows/5/windows/5/all_repeat_position_errors/29,0.0625
/windows/5/windows/5/all_repeat_position_errors/30,-0.07500000000000007
/windows/5/windows/5/all_repeat_position_errors/31,0.03749999999999998
/windows/6/mode,equal_shots
/windows/6/budget,10000
/windows/6/p,0.05
/windows/6/method,raw
/windows/6/requested_windows,6
/windows/6/executed_complete_windows,6
/windows/6/reference_resolvable_windows,5
/windows/6/frozen_matching_window_equivalents,2.78125
/windows/6/matched_fraction_given_reference,0.55625
/windows/6/matched_problem_window_equivalents,2.78125
/windows/6/quality_supported_match_window_equivalents,0.0
/windows/6/windows/0/kappa,0.0
/windows/6/windows/0/complete,True
/windows/6/windows/0/reference_resolvable,True
/windows/6/windows/0/match_fraction,0.03125
/windows/6/windows/0/matched_problem_fraction,0.03125
/windows/6/windows/0/quality_supported_match_fraction,0.0
/windows/6/windows/0/issues/nearby_branch_noise_effect_not_fully_checked,32
/windows/6/windows/0/issues/competing_peaks,1
/windows/6/windows/0/exact_match,False
/windows/6/windows/0/exact_audit/0,nearby_branch_noise_effect_not_fully_checked
/windows/6/windows/0/all_repeat_position_errors/0,0.07500000000000018
/windows/6/windows/0/all_repeat_position_errors/1,0.07500000000000018
/windows/6/windows/0/all_repeat_position_errors/2,0.07500000000000018
/windows/6/windows/0/all_repeat_position_errors/3,0.07500000000000018
/windows/6/windows/0/all_repeat_position_errors/4,0.07500000000000018
/windows/6/windows/0/all_repeat_position_errors/5,0.07500000000000018
/windows/6/windows/0/all_repeat_position_errors/6,0.07500000000000018
/windows/6/windows/0/all_repeat_position_errors/7,0.07500000000000018
/windows/6/windows/0/all_repeat_position_errors/8,0.07500000000000018
/windows/6/windows/0/all_repeat_position_errors/9,0.07500000000000018
/windows/6/windows/0/all_repeat_position_errors/10,0.07500000000000018
/windows/6/windows/0/all_repeat_position_errors/11,0.07500000000000018
/windows/6/windows/0/all_repeat_position_errors/12,0.07500000000000018
/windows/6/windows/0/all_repeat_position_errors/13,0.07500000000000018
/windows/6/windows/0/all_repeat_position_errors/14,0.07500000000000018
/windows/6/windows/0/all_repeat_position_errors/15,0.07500000000000018
/windows/6/windows/0/all_repeat_position_errors/16,0.07500000000000018
/windows/6/windows/0/all_repeat_position_errors/17,0.07500000000000018
/windows/6/windows/0/all_repeat_position_errors/18,0.07500000000000018
/windows/6/windows/0/all_repeat_position_errors/19,0.07500000000000018
/windows/6/windows/0/all_repeat_position_errors/20,0.07500000000000018
/windows/6/windows/0/all_repeat_position_errors/21,0.07500000000000018
/windows/6/windows/0/all_repeat_position_errors/22,0.07500000000000018
/windows/6/windows/0/all_repeat_position_errors/23,0.07500000000000018
/windows/6/windows/0/all_repeat_position_errors/24,0.07500000000000018
/windows/6/windows/0/all_repeat_position_errors/25,0.0625
/windows/6/windows/0/all_repeat_position_errors/26,0.07500000000000018
/windows/6/windows/0/all_repeat_position_errors/27,-0.025000000000000022
/windows/6/windows/0/all_repeat_position_errors/28,0.07500000000000018
/windows/6/windows/0/all_repeat_position_errors/29,0.07500000000000018
/windows/6/windows/0/all_repeat_position_errors/30,0.07500000000000018
/windows/6/windows/0/all_repeat_position_errors/31,0.07500000000000018
/windows/6/windows/1/kappa,0.3
/windows/6/windows/1/complete,True
/windows/6/windows/1/reference_resolvable,True
/windows/6/windows/1/match_fraction,0.0
/windows/6/windows/1/matched_problem_fraction,0.0
/windows/6/windows/1/quality_supported_match_fraction,0.0
/windows/6/windows/1/issues/nearby_branch_noise_effect_not_fully_checked,32
/windows/6/windows/1/exact_match,False
/windows/6/windows/1/exact_audit/0,nearby_branch_noise_effect_not_fully_checked
/windows/6/windows/1/all_repeat_position_errors/0,0.0625
/windows/6/windows/1/all_repeat_position_errors/1,0.0625
/windows/6/windows/1/all_repeat_position_errors/2,0.0625
/windows/6/windows/1/all_repeat_position_errors/3,0.0625
/windows/6/windows/1/all_repeat_position_errors/4,0.0625
/windows/6/windows/1/all_repeat_position_errors/5,0.0625
/windows/6/windows/1/all_repeat_position_errors/6,0.0625
/windows/6/windows/1/all_repeat_position_errors/7,0.0625
/windows/6/windows/1/all_repeat_position_errors/8,0.0625
/windows/6/windows/1/all_repeat_position_errors/9,0.0625
/windows/6/windows/1/all_repeat_position_errors/10,0.0625
/windows/6/windows/1/all_repeat_position_errors/11,0.0625
/windows/6/windows/1/all_repeat_position_errors/12,0.0625
/windows/6/windows/1/all_repeat_position_errors/13,0.0625
/windows/6/windows/1/all_repeat_position_errors/14,0.0625
/windows/6/windows/1/all_repeat_position_errors/15,0.0625
/windows/6/windows/1/all_repeat_position_errors/16,0.0625
/windows/6/windows/1/all_repeat_position_errors/17,0.0625
/windows/6/windows/1/all_repeat_position_errors/18,0.0625
/windows/6/windows/1/all_repeat_position_errors/19,0.0625
/windows/6/windows/1/all_repeat_position_errors/20,0.0625
/windows/6/windows/1/all_repeat_position_errors/21,0.0625
/windows/6/windows/1/all_repeat_position_errors/22,0.0625
/windows/6/windows/1/all_repeat_position_errors/23,0.0625
/windows/6/windows/1/all_repeat_position_errors/24,0.0625
/windows/6/windows/1/all_repeat_position_errors/25,0.0625
/windows/6/windows/1/all_repeat_position_errors/26,0.0625
/windows/6/windows/1/all_repeat_position_errors/27,0.0625
/windows/6/windows/1/all_repeat_position_errors/28,0.0625
/windows/6/windows/1/all_repeat_position_errors/29,0.0625
/windows/6/windows/1/all_repeat_position_errors/30,0.0625
/windows/6/windows/1/all_repeat_position_errors/31,0.0625
/windows/6/windows/2/kappa,0.45
/windows/6/windows/2/complete,True
/windows/6/windows/2/reference_resolvable,True
/windows/6/windows/2/match_fraction,1.0
/windows/6/windows/2/matched_problem_fraction,1.0
/windows/6/windows/2/quality_supported_match_fraction,0.0
/windows/6/windows/2/issues/endpoint_dominated,32
/windows/6/windows/2/exact_match,True
/windows/6/windows/2/exact_audit/0,endpoint_dominated
/windows/6/windows/2/all_repeat_position_errors/0,-0.037500000000000006
/windows/6/windows/2/all_repeat_position_errors/1,-0.037500000000000006
/windows/6/windows/2/all_repeat_position_errors/2,-0.037500000000000006
/windows/6/windows/2/all_repeat_position_errors/3,-0.037500000000000006
/windows/6/windows/2/all_repeat_position_errors/4,-0.037500000000000006
/windows/6/windows/2/all_repeat_position_errors/5,-0.037500000000000006
/windows/6/windows/2/all_repeat_position_errors/6,-0.037500000000000006
/windows/6/windows/2/all_repeat_position_errors/7,-0.037500000000000006
/windows/6/windows/2/all_repeat_position_errors/8,-0.037500000000000006
/windows/6/windows/2/all_repeat_position_errors/9,-0.037500000000000006
/windows/6/windows/2/all_repeat_position_errors/10,-0.037500000000000006
/windows/6/windows/2/all_repeat_position_errors/11,-0.037500000000000006
/windows/6/windows/2/all_repeat_position_errors/12,-0.037500000000000006
/windows/6/windows/2/all_repeat_position_errors/13,-0.037500000000000006
/windows/6/windows/2/all_repeat_position_errors/14,-0.037500000000000006
/windows/6/windows/2/all_repeat_position_errors/15,-0.037500000000000006
/windows/6/windows/2/all_repeat_position_errors/16,-0.037500000000000006
/windows/6/windows/2/all_repeat_position_errors/17,-0.037500000000000006
/windows/6/windows/2/all_repeat_position_errors/18,-0.037500000000000006
/windows/6/windows/2/all_repeat_position_errors/19,-0.037500000000000006
/windows/6/windows/2/all_repeat_position_errors/20,-0.037500000000000006
/windows/6/windows/2/all_repeat_position_errors/21,-0.037500000000000006
/windows/6/windows/2/all_repeat_position_errors/22,-0.037500000000000006
/windows/6/windows/2/all_repeat_position_errors/23,-0.037500000000000006
/windows/6/windows/2/all_repeat_position_errors/24,-0.037500000000000006
/windows/6/windows/2/all_repeat_position_errors/25,-0.037500000000000006
/windows/6/windows/2/all_repeat_position_errors/26,-0.037500000000000006
/windows/6/windows/2/all_repeat_position_errors/27,-0.037500000000000006
/windows/6/windows/2/all_repeat_position_errors/28,-0.037500000000000006
/windows/6/windows/2/all_repeat_position_errors/29,-0.037500000000000006
/windows/6/windows/2/all_repeat_position_errors/30,-0.037500000000000006
/windows/6/windows/2/all_repeat_position_errors/31,-0.037500000000000006
/windows/6/windows/3/kappa,0.5
/windows/6/windows/3/complete,True
/windows/6/windows/3/reference_resolvable,False
/windows/6/windows/3/match_fraction,0.0
/windows/6/windows/3/matched_problem_fraction,0.0
/windows/6/windows/3/quality_supported_match_fraction,0.0
/windows/6/windows/3/issues/preparation_observable_failure_near_peak,32
/windows/6/windows/3/issues/nearby_branch_noise_effect_not_fully_checked,29
/windows/6/windows/3/issues/endpoint_dominated,10
/windows/6/windows/3/issues/competing_peaks,6
/windows/6/windows/3/exact_match,False
/windows/6/windows/3/exact_audit/0,preparation_observable_failure_near_peak
/windows/6/windows/3/exact_audit/1,nearby_branch_noise_effect_not_fully_checked
/windows/6/windows/3/all_repeat_position_errors/0,
/windows/6/windows/3/all_repeat_position_errors/1,
/windows/6/windows/3/all_repeat_position_errors/2,
/windows/6/windows/3/all_repeat_position_errors/3,
/windows/6/windows/3/all_repeat_position_errors/4,
/windows/6/windows/3/all_repeat_position_errors/5,
/windows/6/windows/3/all_repeat_position_errors/6,
/windows/6/windows/3/all_repeat_position_errors/7,
/windows/6/windows/3/all_repeat_position_errors/8,
/windows/6/windows/3/all_repeat_position_errors/9,
/windows/6/windows/3/all_repeat_position_errors/10,
/windows/6/windows/3/all_repeat_position_errors/11,
/windows/6/windows/3/all_repeat_position_errors/12,
/windows/6/windows/3/all_repeat_position_errors/13,
/windows/6/windows/3/all_repeat_position_errors/14,
/windows/6/windows/3/all_repeat_position_errors/15,
/windows/6/windows/3/all_repeat_position_errors/16,
/windows/6/windows/3/all_repeat_position_errors/17,
/windows/6/windows/3/all_repeat_position_errors/18,
/windows/6/windows/3/all_repeat_position_errors/19,
/windows/6/windows/3/all_repeat_position_errors/20,
/windows/6/windows/3/all_repeat_position_errors/21,
/windows/6/windows/3/all_repeat_position_errors/22,
/windows/6/windows/3/all_repeat_position_errors/23,
/windows/6/windows/3/all_repeat_position_errors/24,
/windows/6/windows/3/all_repeat_position_errors/25,
/windows/6/windows/3/all_repeat_position_errors/26,
/windows/6/windows/3/all_repeat_position_errors/27,
/windows/6/windows/3/all_repeat_position_errors/28,
/windows/6/windows/3/all_repeat_position_errors/29,
/windows/6/windows/3/all_repeat_position_errors/30,
/windows/6/windows/3/all_repeat_position_errors/31,
/windows/6/windows/4/kappa,0.55
/windows/6/windows/4/complete,True
/windows/6/windows/4/reference_resolvable,True
/windows/6/windows/4/match_fraction,1.0
/windows/6/windows/4/matched_problem_fraction,1.0
/windows/6/windows/4/quality_supported_match_fraction,0.0
/windows/6/windows/4/issues/endpoint_dominated,32
/windows/6/windows/4/issues/preparation_observable_failure_near_peak,32
/windows/6/windows/4/exact_match,True
/windows/6/windows/4/exact_audit/0,endpoint_dominated
/windows/6/windows/4/exact_audit/1,preparation_observable_failure_near_peak
/windows/6/windows/4/all_repeat_position_errors/0,-0.024999999999999994
/windows/6/windows/4/all_repeat_position_errors/1,-0.024999999999999994
/windows/6/windows/4/all_repeat_position_errors/2,-0.024999999999999994
/windows/6/windows/4/all_repeat_position_errors/3,-0.024999999999999994
/windows/6/windows/4/all_repeat_position_errors/4,-0.024999999999999994
/windows/6/windows/4/all_repeat_position_errors/5,-0.024999999999999994
/windows/6/windows/4/all_repeat_position_errors/6,-0.024999999999999994
/windows/6/windows/4/all_repeat_position_errors/7,-0.024999999999999994
/windows/6/windows/4/all_repeat_position_errors/8,-0.024999999999999994
/windows/6/windows/4/all_repeat_position_errors/9,-0.024999999999999994
/windows/6/windows/4/all_repeat_position_errors/10,-0.024999999999999994
/windows/6/windows/4/all_repeat_position_errors/11,-0.024999999999999994
/windows/6/windows/4/all_repeat_position_errors/12,-0.024999999999999994
/windows/6/windows/4/all_repeat_position_errors/13,-0.024999999999999994
/windows/6/windows/4/all_repeat_position_errors/14,-0.024999999999999994
/windows/6/windows/4/all_repeat_position_errors/15,-0.024999999999999994
/windows/6/windows/4/all_repeat_position_errors/16,-0.024999999999999994
/windows/6/windows/4/all_repeat_position_errors/17,-0.024999999999999994
/windows/6/windows/4/all_repeat_position_errors/18,-0.024999999999999994
/windows/6/windows/4/all_repeat_position_errors/19,-0.024999999999999994
/windows/6/windows/4/all_repeat_position_errors/20,-0.024999999999999994
/windows/6/windows/4/all_repeat_position_errors/21,-0.024999999999999994
/windows/6/windows/4/all_repeat_position_errors/22,-0.024999999999999994
/windows/6/windows/4/all_repeat_position_errors/23,-0.024999999999999994
/windows/6/windows/4/all_repeat_position_errors/24,-0.024999999999999994
/windows/6/windows/4/all_repeat_position_errors/25,-0.024999999999999994
/windows/6/windows/4/all_repeat_position_errors/26,-0.024999999999999994
/windows/6/windows/4/all_repeat_position_errors/27,-0.024999999999999994
/windows/6/windows/4/all_repeat_position_errors/28,-0.024999999999999994
/windows/6/windows/4/all_repeat_position_errors/29,-0.024999999999999994
/windows/6/windows/4/all_repeat_position_errors/30,-0.024999999999999994
/windows/6/windows/4/all_repeat_position_errors/31,-0.024999999999999994
/windows/6/windows/5/kappa,0.8
/windows/6/windows/5/complete,True
/windows/6/windows/5/reference_resolvable,True
/windows/6/windows/5/match_fraction,0.75
/windows/6/windows/5/matched_problem_fraction,0.75
/windows/6/windows/5/quality_supported_match_fraction,0.0
/windows/6/windows/5/issues/preparation_observable_failure_near_peak,32
/windows/6/windows/5/issues/nearby_branch_noise_effect_not_fully_checked,26
/windows/6/windows/5/issues/competing_peaks,2
/windows/6/windows/5/issues/endpoint_dominated,2
/windows/6/windows/5/exact_match,True
/windows/6/windows/5/exact_audit/0,preparation_observable_failure_near_peak
/windows/6/windows/5/exact_audit/1,nearby_branch_noise_effect_not_fully_checked
/windows/6/windows/5/all_repeat_position_errors/0,-0.0625
/windows/6/windows/5/all_repeat_position_errors/1,0.012499999999999956
/windows/6/windows/5/all_repeat_position_errors/2,-0.012500000000000067
/windows/6/windows/5/all_repeat_position_errors/3,-0.012500000000000067
/windows/6/windows/5/all_repeat_position_errors/4,0.012499999999999956
/windows/6/windows/5/all_repeat_position_errors/5,0.04999999999999993
/windows/6/windows/5/all_repeat_position_errors/6,-0.050000000000000044
/windows/6/windows/5/all_repeat_position_errors/7,-0.012500000000000067
/windows/6/windows/5/all_repeat_position_errors/8,-0.012500000000000067
/windows/6/windows/5/all_repeat_position_errors/9,-0.012500000000000067
/windows/6/windows/5/all_repeat_position_errors/10,-0.012500000000000067
/windows/6/windows/5/all_repeat_position_errors/11,0.03749999999999998
/windows/6/windows/5/all_repeat_position_errors/12,0.04999999999999993
/windows/6/windows/5/all_repeat_position_errors/13,0.012499999999999956
/windows/6/windows/5/all_repeat_position_errors/14,-0.012500000000000067
/windows/6/windows/5/all_repeat_position_errors/15,-0.08750000000000002
/windows/6/windows/5/all_repeat_position_errors/16,0.02499999999999991
/windows/6/windows/5/all_repeat_position_errors/17,-0.012500000000000067
/windows/6/windows/5/all_repeat_position_errors/18,-0.012500000000000067
/windows/6/windows/5/all_repeat_position_errors/19,0.012499999999999956
/windows/6/windows/5/all_repeat_position_errors/20,-0.012500000000000067
/windows/6/windows/5/all_repeat_position_errors/21,-0.0625
/windows/6/windows/5/all_repeat_position_errors/22,-0.08750000000000002
/windows/6/windows/5/all_repeat_position_errors/23,0.03749999999999998
/windows/6/windows/5/all_repeat_position_errors/24,0.04999999999999993
/windows/6/windows/5/all_repeat_position_errors/25,0.04999999999999993
/windows/6/windows/5/all_repeat_position_errors/26,0.012499999999999956
/windows/6/windows/5/all_repeat_position_errors/27,0.04999999999999993
/windows/6/windows/5/all_repeat_position_errors/28,-0.012500000000000067
/windows/6/windows/5/all_repeat_position_errors/29,-0.08750000000000002
/windows/6/windows/5/all_repeat_position_errors/30,-0.08750000000000002
/windows/6/windows/5/all_repeat_position_errors/31,0.04999999999999993
/windows/7/mode,equal_shots
/windows/7/budget,10000
/windows/7/p,0.05
/windows/7/method,zne_quadratic
/windows/7/requested_windows,6
/windows/7/executed_complete_windows,6
/windows/7/reference_resolvable_windows,5
/windows/7/frozen_matching_window_equivalents,3.0
/windows/7/matched_fraction_given_reference,0.6
/windows/7/matched_problem_window_equivalents,2.0
/windows/7/quality_supported_match_window_equivalents,1.0
/windows/7/windows/0/kappa,0.0
/windows/7/windows/0/complete,True
/windows/7/windows/0/reference_resolvable,True
/windows/7/windows/0/match_fraction,0.25
/windows/7/windows/0/matched_problem_fraction,0.25
/windows/7/windows/0/quality_supported_match_fraction,0.0
/windows/7/windows/0/issues/nearby_branch_noise_effect_not_fully_checked,32
/windows/7/windows/0/issues/competing_peaks,4
/windows/7/windows/0/exact_match,False
/windows/7/windows/0/exact_audit/0,nearby_branch_noise_effect_not_fully_checked
/windows/7/windows/0/all_repeat_position_errors/0,0.03750000000000009
/windows/7/windows/0/all_repeat_position_errors/1,0.0625
/windows/7/windows/0/all_repeat_position_errors/2,-0.025000000000000022
/windows/7/windows/0/all_repeat_position_errors/3,0.0625
/windows/7/windows/0/all_repeat_position_errors/4,-0.025000000000000022
/windows/7/windows/0/all_repeat_position_errors/5,0.0625
/windows/7/windows/0/all_repeat_position_errors/6,0.07500000000000018
/windows/7/windows/0/all_repeat_position_errors/7,0.0625
/windows/7/windows/0/all_repeat_position_errors/8,0.025000000000000022
/windows/7/windows/0/all_repeat_position_errors/9,0.0
/windows/7/windows/0/all_repeat_position_errors/10,0.012499999999999956
/windows/7/windows/0/all_repeat_position_errors/11,0.03750000000000009
/windows/7/windows/0/all_repeat_position_errors/12,-0.07499999999999996
/windows/7/windows/0/all_repeat_position_errors/13,-0.0625
/windows/7/windows/0/all_repeat_position_errors/14,0.07500000000000018
/windows/7/windows/0/all_repeat_position_errors/15,0.07500000000000018
/windows/7/windows/0/all_repeat_position_errors/16,-0.07499999999999996
/windows/7/windows/0/all_repeat_position_errors/17,0.03750000000000009
/windows/7/windows/0/all_repeat_position_errors/18,0.07500000000000018
/windows/7/windows/0/all_repeat_position_errors/19,0.0625
/windows/7/windows/0/all_repeat_position_errors/20,0.07500000000000018
/windows/7/windows/0/all_repeat_position_errors/21,0.07500000000000018
/windows/7/windows/0/all_repeat_position_errors/22,0.0625
/windows/7/windows/0/all_repeat_position_errors/23,0.07500000000000018
/windows/7/windows/0/all_repeat_position_errors/24,0.07500000000000018
/windows/7/windows/0/all_repeat_position_errors/25,0.07500000000000018
/windows/7/windows/0/all_repeat_position_errors/26,0.0625
/windows/7/windows/0/all_repeat_position_errors/27,0.0625
/windows/7/windows/0/all_repeat_position_errors/28,0.0625
/windows/7/windows/0/all_repeat_position_errors/29,0.07500000000000018
/windows/7/windows/0/all_repeat_position_errors/30,0.012499999999999956
/windows/7/windows/0/all_repeat_position_errors/31,0.07500000000000018
/windows/7/windows/1/kappa,0.3
/windows/7/windows/1/complete,True
/windows/7/windows/1/reference_resolvable,True
/windows/7/windows/1/match_fraction,0.0
/windows/7/windows/1/matched_problem_fraction,0.0
/windows/7/windows/1/quality_supported_match_fraction,0.0
/windows/7/windows/1/issues/nearby_branch_noise_effect_not_fully_checked,32
/windows/7/windows/1/issues/competing_peaks,2
/windows/7/windows/1/exact_match,False
/windows/7/windows/1/exact_audit/0,nearby_branch_noise_effect_not_fully_checked
/windows/7/windows/1/all_repeat_position_errors/0,0.0625
/windows/7/windows/1/all_repeat_position_errors/1,0.0625
/windows/7/windows/1/all_repeat_position_errors/2,0.0625
/windows/7/windows/1/all_repeat_position_errors/3,0.0625
/windows/7/windows/1/all_repeat_position_errors/4,0.0625
/windows/7/windows/1/all_repeat_position_errors/5,0.0625
/windows/7/windows/1/all_repeat_position_errors/6,0.0625
/windows/7/windows/1/all_repeat_position_errors/7,0.0625
/windows/7/windows/1/all_repeat_position_errors/8,0.0625
/windows/7/windows/1/all_repeat_position_errors/9,0.0625
/windows/7/windows/1/all_repeat_position_errors/10,0.0625
/windows/7/windows/1/all_repeat_position_errors/11,0.0625
/windows/7/windows/1/all_repeat_position_errors/12,0.0625
/windows/7/windows/1/all_repeat_position_errors/13,0.0625
/windows/7/windows/1/all_repeat_position_errors/14,0.0625
/windows/7/windows/1/all_repeat_position_errors/15,0.0625
/windows/7/windows/1/all_repeat_position_errors/16,0.0625
/windows/7/windows/1/all_repeat_position_errors/17,0.0625
/windows/7/windows/1/all_repeat_position_errors/18,0.0625
/windows/7/windows/1/all_repeat_position_errors/19,0.0625
/windows/7/windows/1/all_repeat_position_errors/20,0.0625
/windows/7/windows/1/all_repeat_position_errors/21,0.0625
/windows/7/windows/1/all_repeat_position_errors/22,0.0625
/windows/7/windows/1/all_repeat_position_errors/23,0.0625
/windows/7/windows/1/all_repeat_position_errors/24,0.0625
/windows/7/windows/1/all_repeat_position_errors/25,0.0625
/windows/7/windows/1/all_repeat_position_errors/26,0.0625
/windows/7/windows/1/all_repeat_position_errors/27,0.0625
/windows/7/windows/1/all_repeat_position_errors/28,0.0625
/windows/7/windows/1/all_repeat_position_errors/29,0.0625
/windows/7/windows/1/all_repeat_position_errors/30,0.0625
/windows/7/windows/1/all_repeat_position_errors/31,0.0625
/windows/7/windows/2/kappa,0.45
/windows/7/windows/2/complete,True
/windows/7/windows/2/reference_resolvable,True
/windows/7/windows/2/match_fraction,1.0
/windows/7/windows/2/matched_problem_fraction,0.0
/windows/7/windows/2/quality_supported_match_fraction,1.0
/windows/7/windows/2/exact_match,True
/windows/7/windows/2/all_repeat_position_errors/0,-0.037500000000000006
/windows/7/windows/2/all_repeat_position_errors/1,-0.037500000000000006
/windows/7/windows/2/all_repeat_position_errors/2,-0.037500000000000006
/windows/7/windows/2/all_repeat_position_errors/3,-0.037500000000000006
/windows/7/windows/2/all_repeat_position_errors/4,-0.037500000000000006
/windows/7/windows/2/all_repeat_position_errors/5,-0.037500000000000006
/windows/7/windows/2/all_repeat_position_errors/6,-0.037500000000000006
/windows/7/windows/2/all_repeat_position_errors/7,-0.037500000000000006
/windows/7/windows/2/all_repeat_position_errors/8,-0.037500000000000006
/windows/7/windows/2/all_repeat_position_errors/9,-0.037500000000000006
/windows/7/windows/2/all_repeat_position_errors/10,-0.037500000000000006
/windows/7/windows/2/all_repeat_position_errors/11,-0.037500000000000006
/windows/7/windows/2/all_repeat_position_errors/12,-0.037500000000000006
/windows/7/windows/2/all_repeat_position_errors/13,-0.037500000000000006
/windows/7/windows/2/all_repeat_position_errors/14,-0.037500000000000006
/windows/7/windows/2/all_repeat_position_errors/15,-0.037500000000000006
/windows/7/windows/2/all_repeat_position_errors/16,-0.037500000000000006
/windows/7/windows/2/all_repeat_position_errors/17,-0.037500000000000006
/windows/7/windows/2/all_repeat_position_errors/18,-0.037500000000000006
/windows/7/windows/2/all_repeat_position_errors/19,-0.037500000000000006
/windows/7/windows/2/all_repeat_position_errors/20,-0.037500000000000006
/windows/7/windows/2/all_repeat_position_errors/21,-0.037500000000000006
/windows/7/windows/2/all_repeat_position_errors/22,-0.037500000000000006
/windows/7/windows/2/all_repeat_position_errors/23,-0.037500000000000006
/windows/7/windows/2/all_repeat_position_errors/24,-0.037500000000000006
/windows/7/windows/2/all_repeat_position_errors/25,-0.037500000000000006
/windows/7/windows/2/all_repeat_position_errors/26,-0.037500000000000006
/windows/7/windows/2/all_repeat_position_errors/27,-0.037500000000000006
/windows/7/windows/2/all_repeat_position_errors/28,-0.037500000000000006
/windows/7/windows/2/all_repeat_position_errors/29,-0.037500000000000006
/windows/7/windows/2/all_repeat_position_errors/30,-0.037500000000000006
/windows/7/windows/2/all_repeat_position_errors/31,-0.037500000000000006
/windows/7/windows/3/kappa,0.5
/windows/7/windows/3/complete,True
/windows/7/windows/3/reference_resolvable,False
/windows/7/windows/3/match_fraction,0.0
/windows/7/windows/3/matched_problem_fraction,0.0
/windows/7/windows/3/quality_supported_match_fraction,0.0
/windows/7/windows/3/issues/preparation_observable_failure_near_peak,32
/windows/7/windows/3/issues/nearby_branch_noise_effect_not_fully_checked,28
/windows/7/windows/3/issues/endpoint_dominated,5
/windows/7/windows/3/issues/competing_peaks,6
/windows/7/windows/3/exact_match,False
/windows/7/windows/3/exact_audit/0,preparation_observable_failure_near_peak
/windows/7/windows/3/exact_audit/1,nearby_branch_noise_effect_not_fully_checked
/windows/7/windows/3/all_repeat_position_errors/0,
/windows/7/windows/3/all_repeat_position_errors/1,
/windows/7/windows/3/all_repeat_position_errors/2,
/windows/7/windows/3/all_repeat_position_errors/3,
/windows/7/windows/3/all_repeat_position_errors/4,
/windows/7/windows/3/all_repeat_position_errors/5,
/windows/7/windows/3/all_repeat_position_errors/6,
/windows/7/windows/3/all_repeat_position_errors/7,
/windows/7/windows/3/all_repeat_position_errors/8,
/windows/7/windows/3/all_repeat_position_errors/9,
/windows/7/windows/3/all_repeat_position_errors/10,
/windows/7/windows/3/all_repeat_position_errors/11,
/windows/7/windows/3/all_repeat_position_errors/12,
/windows/7/windows/3/all_repeat_position_errors/13,
/windows/7/windows/3/all_repeat_position_errors/14,
/windows/7/windows/3/all_repeat_position_errors/15,
/windows/7/windows/3/all_repeat_position_errors/16,
/windows/7/windows/3/all_repeat_position_errors/17,
/windows/7/windows/3/all_repeat_position_errors/18,
/windows/7/windows/3/all_repeat_position_errors/19,
/windows/7/windows/3/all_repeat_position_errors/20,
/windows/7/windows/3/all_repeat_position_errors/21,
/windows/7/windows/3/all_repeat_position_errors/22,
/windows/7/windows/3/all_repeat_position_errors/23,
/windows/7/windows/3/all_repeat_position_errors/24,
/windows/7/windows/3/all_repeat_position_errors/25,
/windows/7/windows/3/all_repeat_position_errors/26,
/windows/7/windows/3/all_repeat_position_errors/27,
/windows/7/windows/3/all_repeat_position_errors/28,
/windows/7/windows/3/all_repeat_position_errors/29,
/windows/7/windows/3/all_repeat_position_errors/30,
/windows/7/windows/3/all_repeat_position_errors/31,
/windows/7/windows/4/kappa,0.55
/windows/7/windows/4/complete,True
/windows/7/windows/4/reference_resolvable,True
/windows/7/windows/4/match_fraction,1.0
/windows/7/windows/4/matched_problem_fraction,1.0
/windows/7/windows/4/quality_supported_match_fraction,0.0
/windows/7/windows/4/issues/preparation_observable_failure_near_peak,32
/windows/7/windows/4/exact_match,True
/windows/7/windows/4/exact_audit/0,preparation_observable_failure_near_peak
/windows/7/windows/4/all_repeat_position_errors/0,-0.024999999999999994
/windows/7/windows/4/all_repeat_position_errors/1,-0.024999999999999994
/windows/7/windows/4/all_repeat_position_errors/2,-0.024999999999999994
/windows/7/windows/4/all_repeat_position_errors/3,-0.024999999999999994
/windows/7/windows/4/all_repeat_position_errors/4,-0.024999999999999994
/windows/7/windows/4/all_repeat_position_errors/5,-0.024999999999999994
/windows/7/windows/4/all_repeat_position_errors/6,-0.024999999999999994
/windows/7/windows/4/all_repeat_position_errors/7,-0.024999999999999994
/windows/7/windows/4/all_repeat_position_errors/8,-0.024999999999999994
/windows/7/windows/4/all_repeat_position_errors/9,-0.024999999999999994
/windows/7/windows/4/all_repeat_position_errors/10,-0.024999999999999994
/windows/7/windows/4/all_repeat_position_errors/11,-0.024999999999999994
/windows/7/windows/4/all_repeat_position_errors/12,-0.024999999999999994
/windows/7/windows/4/all_repeat_position_errors/13,-0.024999999999999994
/windows/7/windows/4/all_repeat_position_errors/14,-0.024999999999999994
/windows/7/windows/4/all_repeat_position_errors/15,-0.024999999999999994
/windows/7/windows/4/all_repeat_position_errors/16,-0.024999999999999994
/windows/7/windows/4/all_repeat_position_errors/17,-0.024999999999999994
/windows/7/windows/4/all_repeat_position_errors/18,-0.024999999999999994
/windows/7/windows/4/all_repeat_position_errors/19,-0.024999999999999994
/windows/7/windows/4/all_repeat_position_errors/20,-0.024999999999999994
/windows/7/windows/4/all_repeat_position_errors/21,-0.024999999999999994
/windows/7/windows/4/all_repeat_position_errors/22,-0.024999999999999994
/windows/7/windows/4/all_repeat_position_errors/23,-0.024999999999999994
/windows/7/windows/4/all_repeat_position_errors/24,-0.024999999999999994
/windows/7/windows/4/all_repeat_position_errors/25,-0.024999999999999994
/windows/7/windows/4/all_repeat_position_errors/26,-0.024999999999999994
/windows/7/windows/4/all_repeat_position_errors/27,-0.024999999999999994
/windows/7/windows/4/all_repeat_position_errors/28,-0.024999999999999994
/windows/7/windows/4/all_repeat_position_errors/29,-0.024999999999999994
/windows/7/windows/4/all_repeat_position_errors/30,-0.024999999999999994
/windows/7/windows/4/all_repeat_position_errors/31,-0.024999999999999994
/windows/7/windows/5/kappa,0.8
/windows/7/windows/5/complete,True
/windows/7/windows/5/reference_resolvable,True
/windows/7/windows/5/match_fraction,0.75
/windows/7/windows/5/matched_problem_fraction,0.75
/windows/7/windows/5/quality_supported_match_fraction,0.0
/windows/7/windows/5/issues/preparation_observable_failure_near_peak,32
/windows/7/windows/5/issues/nearby_branch_noise_effect_not_fully_checked,26
/windows/7/windows/5/issues/competing_peaks,2
/windows/7/windows/5/issues/endpoint_dominated,3
/windows/7/windows/5/exact_match,True
/windows/7/windows/5/exact_audit/0,preparation_observable_failure_near_peak
/windows/7/windows/5/exact_audit/1,nearby_branch_noise_effect_not_fully_checked
/windows/7/windows/5/all_repeat_position_errors/0,0.04999999999999993
/windows/7/windows/5/all_repeat_position_errors/1,0.012499999999999956
/windows/7/windows/5/all_repeat_position_errors/2,-0.012500000000000067
/windows/7/windows/5/all_repeat_position_errors/3,0.04999999999999993
/windows/7/windows/5/all_repeat_position_errors/4,-0.08750000000000002
/windows/7/windows/5/all_repeat_position_errors/5,-0.08750000000000002
/windows/7/windows/5/all_repeat_position_errors/6,0.0
/windows/7/windows/5/all_repeat_position_errors/7,0.0625
/windows/7/windows/5/all_repeat_position_errors/8,0.0
/windows/7/windows/5/all_repeat_position_errors/9,0.03749999999999998
/windows/7/windows/5/all_repeat_position_errors/10,0.012499999999999956
/windows/7/windows/5/all_repeat_position_errors/11,-0.012500000000000067
/windows/7/windows/5/all_repeat_position_errors/12,0.04999999999999993
/windows/7/windows/5/all_repeat_position_errors/13,-0.025000000000000022
/windows/7/windows/5/all_repeat_position_errors/14,-0.025000000000000022
/windows/7/windows/5/all_repeat_position_errors/15,0.02499999999999991
/windows/7/windows/5/all_repeat_position_errors/16,0.012499999999999956
/windows/7/windows/5/all_repeat_position_errors/17,-0.012500000000000067
/windows/7/windows/5/all_repeat_position_errors/18,-0.012500000000000067
/windows/7/windows/5/all_repeat_position_errors/19,-0.050000000000000044
/windows/7/windows/5/all_repeat_position_errors/20,-0.012500000000000067
/windows/7/windows/5/all_repeat_position_errors/21,0.012499999999999956
/windows/7/windows/5/all_repeat_position_errors/22,-0.0625
/windows/7/windows/5/all_repeat_position_errors/23,-0.050000000000000044
/windows/7/windows/5/all_repeat_position_errors/24,0.012499999999999956
/windows/7/windows/5/all_repeat_position_errors/25,0.04999999999999993
/windows/7/windows/5/all_repeat_position_errors/26,-0.025000000000000022
/windows/7/windows/5/all_repeat_position_errors/27,-0.012500000000000067
/windows/7/windows/5/all_repeat_position_errors/28,-0.025000000000000022
/windows/7/windows/5/all_repeat_position_errors/29,0.03749999999999998
/windows/7/windows/5/all_repeat_position_errors/30,-0.050000000000000044
/windows/7/windows/5/all_repeat_position_errors/31,-0.050000000000000044
/windows/8/mode,equal_shots
/windows/8/budget,10000
/windows/8/p,0.05
/windows/8/method,sv
/windows/8/requested_windows,6
/windows/8/executed_complete_windows,6
/windows/8/reference_resolvable_windows,5
/windows/8/frozen_matching_window_equivalents,3.1875
/windows/8/matched_fraction_given_reference,0.6375
/windows/8/matched_problem_window_equivalents,3.0625
/windows/8/quality_supported_match_window_equivalents,0.125
/windows/8/windows/0/kappa,0.0
/windows/8/windows/0/complete,True
/windows/8/windows/0/reference_resolvable,True
/windows/8/windows/0/match_fraction,0.34375
/windows/8/windows/0/matched_problem_fraction,0.34375
/windows/8/windows/0/quality_supported_match_fraction,0.0
/windows/8/windows/0/issues/competing_peaks,5
/windows/8/windows/0/issues/nearby_branch_noise_effect_not_fully_checked,32
/windows/8/windows/0/issues/endpoint_dominated,2
/windows/8/windows/0/exact_match,False
/windows/8/windows/0/exact_audit/0,nearby_branch_noise_effect_not_fully_checked
/windows/8/windows/0/all_repeat_position_errors/0,-0.050000000000000044
/windows/8/windows/0/all_repeat_position_errors/1,0.012499999999999956
/windows/8/windows/0/all_repeat_position_errors/2,-0.0625
/windows/8/windows/0/all_repeat_position_errors/3,-0.0625
/windows/8/windows/0/all_repeat_position_errors/4,-0.050000000000000044
/windows/8/windows/0/all_repeat_position_errors/5,0.025000000000000022
/windows/8/windows/0/all_repeat_position_errors/6,0.07500000000000018
/windows/8/windows/0/all_repeat_position_errors/7,0.07500000000000018
/windows/8/windows/0/all_repeat_position_errors/8,0.0
/windows/8/windows/0/all_repeat_position_errors/9,0.07500000000000018
/windows/8/windows/0/all_repeat_position_errors/10,0.07500000000000018
/windows/8/windows/0/all_repeat_position_errors/11,0.07500000000000018
/windows/8/windows/0/all_repeat_position_errors/12,0.07500000000000018
/windows/8/windows/0/all_repeat_position_errors/13,0.012499999999999956
/windows/8/windows/0/all_repeat_position_errors/14,0.07500000000000018
/windows/8/windows/0/all_repeat_position_errors/15,0.07500000000000018
/windows/8/windows/0/all_repeat_position_errors/16,0.07500000000000018
/windows/8/windows/0/all_repeat_position_errors/17,0.0625
/windows/8/windows/0/all_repeat_position_errors/18,0.012499999999999956
/windows/8/windows/0/all_repeat_position_errors/19,0.025000000000000022
/windows/8/windows/0/all_repeat_position_errors/20,0.07500000000000018
/windows/8/windows/0/all_repeat_position_errors/21,-0.012499999999999956
/windows/8/windows/0/all_repeat_position_errors/22,-0.0625
/windows/8/windows/0/all_repeat_position_errors/23,0.07500000000000018
/windows/8/windows/0/all_repeat_position_errors/24,0.012499999999999956
/windows/8/windows/0/all_repeat_position_errors/25,0.025000000000000022
/windows/8/windows/0/all_repeat_position_errors/26,-0.0625
/windows/8/windows/0/all_repeat_position_errors/27,-0.025000000000000022
/windows/8/windows/0/all_repeat_position_errors/28,-0.03749999999999998
/windows/8/windows/0/all_repeat_position_errors/29,-0.025000000000000022
/windows/8/windows/0/all_repeat_position_errors/30,0.0625
/windows/8/windows/0/all_repeat_position_errors/31,0.07500000000000018
/windows/8/windows/1/kappa,0.3
/windows/8/windows/1/complete,True
/windows/8/windows/1/reference_resolvable,True
/windows/8/windows/1/match_fraction,0.15625
/windows/8/windows/1/matched_problem_fraction,0.15625
/windows/8/windows/1/quality_supported_match_fraction,0.0
/windows/8/windows/1/issues/nearby_branch_noise_effect_not_fully_checked,32
/windows/8/windows/1/issues/preparation_observable_failure_near_peak,1
/windows/8/windows/1/issues/competing_peaks,1
/windows/8/windows/1/exact_match,False
/windows/8/windows/1/exact_audit/0,nearby_branch_noise_effect_not_fully_checked
/windows/8/windows/1/all_repeat_position_errors/0,-0.03749999999999998
/windows/8/windows/1/all_repeat_position_errors/1,0.0625
/windows/8/windows/1/all_repeat_position_errors/2,0.0625
/windows/8/windows/1/all_repeat_position_errors/3,0.0625
/windows/8/windows/1/all_repeat_position_errors/4,0.08750000000000002
/windows/8/windows/1/all_repeat_position_errors/5,0.0625
/windows/8/windows/1/all_repeat_position_errors/6,-0.025000000000000022
/windows/8/windows/1/all_repeat_position_errors/7,0.0625
/windows/8/windows/1/all_repeat_position_errors/8,0.0625
/windows/8/windows/1/all_repeat_position_errors/9,0.0625
/windows/8/windows/1/all_repeat_position_errors/10,0.0625
/windows/8/windows/1/all_repeat_position_errors/11,0.025000000000000022
/windows/8/windows/1/all_repeat_position_errors/12,0.0625
/windows/8/windows/1/all_repeat_position_errors/13,0.0625
/windows/8/windows/1/all_repeat_position_errors/14,-0.0625
/windows/8/windows/1/all_repeat_position_errors/15,0.0625
/windows/8/windows/1/all_repeat_position_errors/16,0.0625
/windows/8/windows/1/all_repeat_position_errors/17,-0.07499999999999996
/windows/8/windows/1/all_repeat_position_errors/18,0.0625
/windows/8/windows/1/all_repeat_position_errors/19,0.0625
/windows/8/windows/1/all_repeat_position_errors/20,0.0625
/windows/8/windows/1/all_repeat_position_errors/21,0.0625
/windows/8/windows/1/all_repeat_position_errors/22,-0.012499999999999956
/windows/8/windows/1/all_repeat_position_errors/23,-0.012499999999999956
/windows/8/windows/1/all_repeat_position_errors/24,0.0625
/windows/8/windows/1/all_repeat_position_errors/25,0.0625
/windows/8/windows/1/all_repeat_position_errors/26,0.0625
/windows/8/windows/1/all_repeat_position_errors/27,0.0625
/windows/8/windows/1/all_repeat_position_errors/28,0.0625
/windows/8/windows/1/all_repeat_position_errors/29,0.0625
/windows/8/windows/1/all_repeat_position_errors/30,0.0625
/windows/8/windows/1/all_repeat_position_errors/31,0.0625
/windows/8/windows/2/kappa,0.45
/windows/8/windows/2/complete,True
/windows/8/windows/2/reference_resolvable,True
/windows/8/windows/2/match_fraction,1.0
/windows/8/windows/2/matched_problem_fraction,0.875
/windows/8/windows/2/quality_supported_match_fraction,0.125
/windows/8/windows/2/issues/endpoint_dominated,28
/windows/8/windows/2/exact_match,True
/windows/8/windows/2/exact_audit/0,endpoint_dominated
/windows/8/windows/2/all_repeat_position_errors/0,-0.037500000000000006
/windows/8/windows/2/all_repeat_position_errors/1,-0.037500000000000006
/windows/8/windows/2/all_repeat_position_errors/2,-0.037500000000000006
/windows/8/windows/2/all_repeat_position_errors/3,-0.037500000000000006
/windows/8/windows/2/all_repeat_position_errors/4,-0.037500000000000006
/windows/8/windows/2/all_repeat_position_errors/5,-0.037500000000000006
/windows/8/windows/2/all_repeat_position_errors/6,-0.037500000000000006
/windows/8/windows/2/all_repeat_position_errors/7,-0.037500000000000006
/windows/8/windows/2/all_repeat_position_errors/8,-0.037500000000000006
/windows/8/windows/2/all_repeat_position_errors/9,-0.037500000000000006
/windows/8/windows/2/all_repeat_position_errors/10,-0.037500000000000006
/windows/8/windows/2/all_repeat_position_errors/11,-0.037500000000000006
/windows/8/windows/2/all_repeat_position_errors/12,-0.037500000000000006
/windows/8/windows/2/all_repeat_position_errors/13,-0.037500000000000006
/windows/8/windows/2/all_repeat_position_errors/14,-0.037500000000000006
/windows/8/windows/2/all_repeat_position_errors/15,-0.037500000000000006
/windows/8/windows/2/all_repeat_position_errors/16,-0.037500000000000006
/windows/8/windows/2/all_repeat_position_errors/17,-0.037500000000000006
/windows/8/windows/2/all_repeat_position_errors/18,-0.037500000000000006
/windows/8/windows/2/all_repeat_position_errors/19,-0.037500000000000006
/windows/8/windows/2/all_repeat_position_errors/20,-0.037500000000000006
/windows/8/windows/2/all_repeat_position_errors/21,-0.037500000000000006
/windows/8/windows/2/all_repeat_position_errors/22,-0.037500000000000006
/windows/8/windows/2/all_repeat_position_errors/23,-0.037500000000000006
/windows/8/windows/2/all_repeat_position_errors/24,-0.037500000000000006
/windows/8/windows/2/all_repeat_position_errors/25,-0.037500000000000006
/windows/8/windows/2/all_repeat_position_errors/26,-0.037500000000000006
/windows/8/windows/2/all_repeat_position_errors/27,-0.037500000000000006
/windows/8/windows/2/all_repeat_position_errors/28,-0.037500000000000006
/windows/8/windows/2/all_repeat_position_errors/29,-0.037500000000000006
/windows/8/windows/2/all_repeat_position_errors/30,-0.037500000000000006
/windows/8/windows/2/all_repeat_position_errors/31,-0.037500000000000006
/windows/8/windows/3/kappa,0.5
/windows/8/windows/3/complete,True
/windows/8/windows/3/reference_resolvable,False
/windows/8/windows/3/match_fraction,0.0
/windows/8/windows/3/matched_problem_fraction,0.0
/windows/8/windows/3/quality_supported_match_fraction,0.0
/windows/8/windows/3/issues/endpoint_dominated,6
/windows/8/windows/3/issues/competing_peaks,7
/windows/8/windows/3/issues/preparation_observable_failure_near_peak,32
/windows/8/windows/3/issues/nearby_branch_noise_effect_not_fully_checked,29
/windows/8/windows/3/exact_match,False
/windows/8/windows/3/exact_audit/0,preparation_observable_failure_near_peak
/windows/8/windows/3/exact_audit/1,nearby_branch_noise_effect_not_fully_checked
/windows/8/windows/3/all_repeat_position_errors/0,
/windows/8/windows/3/all_repeat_position_errors/1,
/windows/8/windows/3/all_repeat_position_errors/2,
/windows/8/windows/3/all_repeat_position_errors/3,
/windows/8/windows/3/all_repeat_position_errors/4,
/windows/8/windows/3/all_repeat_position_errors/5,
/windows/8/windows/3/all_repeat_position_errors/6,
/windows/8/windows/3/all_repeat_position_errors/7,
/windows/8/windows/3/all_repeat_position_errors/8,
/windows/8/windows/3/all_repeat_position_errors/9,
/windows/8/windows/3/all_repeat_position_errors/10,
/windows/8/windows/3/all_repeat_position_errors/11,
/windows/8/windows/3/all_repeat_position_errors/12,
/windows/8/windows/3/all_repeat_position_errors/13,
/windows/8/windows/3/all_repeat_position_errors/14,
/windows/8/windows/3/all_repeat_position_errors/15,
/windows/8/windows/3/all_repeat_position_errors/16,
/windows/8/windows/3/all_repeat_position_errors/17,
/windows/8/windows/3/all_repeat_position_errors/18,
/windows/8/windows/3/all_repeat_position_errors/19,
/windows/8/windows/3/all_repeat_position_errors/20,
/windows/8/windows/3/all_repeat_position_errors/21,
/windows/8/windows/3/all_repeat_position_errors/22,
/windows/8/windows/3/all_repeat_position_errors/23,
/windows/8/windows/3/all_repeat_position_errors/24,
/windows/8/windows/3/all_repeat_position_errors/25,
/windows/8/windows/3/all_repeat_position_errors/26,
/windows/8/windows/3/all_repeat_position_errors/27,
/windows/8/windows/3/all_repeat_position_errors/28,
/windows/8/windows/3/all_repeat_position_errors/29,
/windows/8/windows/3/all_repeat_position_errors/30,
/windows/8/windows/3/all_repeat_position_errors/31,
/windows/8/windows/4/kappa,0.55
/windows/8/windows/4/complete,True
/windows/8/windows/4/reference_resolvable,True
/windows/8/windows/4/match_fraction,1.0
/windows/8/windows/4/matched_problem_fraction,1.0
/windows/8/windows/4/quality_supported_match_fraction,0.0
/windows/8/windows/4/issues/endpoint_dominated,25
/windows/8/windows/4/issues/preparation_observable_failure_near_peak,32
/windows/8/windows/4/exact_match,True
/windows/8/windows/4/exact_audit/0,endpoint_dominated
/windows/8/windows/4/exact_audit/1,preparation_observable_failure_near_peak
/windows/8/windows/4/all_repeat_position_errors/0,-0.024999999999999994
/windows/8/windows/4/all_repeat_position_errors/1,-0.024999999999999994
/windows/8/windows/4/all_repeat_position_errors/2,-0.024999999999999994
/windows/8/windows/4/all_repeat_position_errors/3,-0.024999999999999994
/windows/8/windows/4/all_repeat_position_errors/4,-0.024999999999999994
/windows/8/windows/4/all_repeat_position_errors/5,-0.024999999999999994
/windows/8/windows/4/all_repeat_position_errors/6,-0.024999999999999994
/windows/8/windows/4/all_repeat_position_errors/7,-0.024999999999999994
/windows/8/windows/4/all_repeat_position_errors/8,-0.024999999999999994
/windows/8/windows/4/all_repeat_position_errors/9,-0.024999999999999994
/windows/8/windows/4/all_repeat_position_errors/10,-0.024999999999999994
/windows/8/windows/4/all_repeat_position_errors/11,-0.024999999999999994
/windows/8/windows/4/all_repeat_position_errors/12,-0.024999999999999994
/windows/8/windows/4/all_repeat_position_errors/13,-0.024999999999999994
/windows/8/windows/4/all_repeat_position_errors/14,-0.024999999999999994
/windows/8/windows/4/all_repeat_position_errors/15,-0.024999999999999994
/windows/8/windows/4/all_repeat_position_errors/16,-0.024999999999999994
/windows/8/windows/4/all_repeat_position_errors/17,-0.024999999999999994
/windows/8/windows/4/all_repeat_position_errors/18,-0.024999999999999994
/windows/8/windows/4/all_repeat_position_errors/19,-0.024999999999999994
/windows/8/windows/4/all_repeat_position_errors/20,-0.024999999999999994
/windows/8/windows/4/all_repeat_position_errors/21,-0.024999999999999994
/windows/8/windows/4/all_repeat_position_errors/22,-0.024999999999999994
/windows/8/windows/4/all_repeat_position_errors/23,-0.024999999999999994
/windows/8/windows/4/all_repeat_position_errors/24,-0.024999999999999994
/windows/8/windows/4/all_repeat_position_errors/25,-0.024999999999999994
/windows/8/windows/4/all_repeat_position_errors/26,-0.024999999999999994
/windows/8/windows/4/all_repeat_position_errors/27,-0.024999999999999994
/windows/8/windows/4/all_repeat_position_errors/28,-0.024999999999999994
/windows/8/windows/4/all_repeat_position_errors/29,-0.024999999999999994
/windows/8/windows/4/all_repeat_position_errors/30,-0.024999999999999994
/windows/8/windows/4/all_repeat_position_errors/31,-0.024999999999999994
/windows/8/windows/5/kappa,0.8
/windows/8/windows/5/complete,True
/windows/8/windows/5/reference_resolvable,True
/windows/8/windows/5/match_fraction,0.6875
/windows/8/windows/5/matched_problem_fraction,0.6875
/windows/8/windows/5/quality_supported_match_fraction,0.0
/windows/8/windows/5/issues/preparation_observable_failure_near_peak,32
/windows/8/windows/5/issues/nearby_branch_noise_effect_not_fully_checked,24
/windows/8/windows/5/issues/competing_peaks,1
/windows/8/windows/5/issues/endpoint_dominated,3
/windows/8/windows/5/exact_match,True
/windows/8/windows/5/exact_audit/0,preparation_observable_failure_near_peak
/windows/8/windows/5/exact_audit/1,nearby_branch_noise_effect_not_fully_checked
/windows/8/windows/5/all_repeat_position_errors/0,-0.0625
/windows/8/windows/5/all_repeat_position_errors/1,0.012499999999999956
/windows/8/windows/5/all_repeat_position_errors/2,0.02499999999999991
/windows/8/windows/5/all_repeat_position_errors/3,0.04999999999999993
/windows/8/windows/5/all_repeat_position_errors/4,-0.08750000000000002
/windows/8/windows/5/all_repeat_position_errors/5,0.02499999999999991
/windows/8/windows/5/all_repeat_position_errors/6,0.03749999999999998
/windows/8/windows/5/all_repeat_position_errors/7,0.0
/windows/8/windows/5/all_repeat_position_errors/8,-0.0625
/windows/8/windows/5/all_repeat_position_errors/9,-0.0625
/windows/8/windows/5/all_repeat_position_errors/10,-0.08750000000000002
/windows/8/windows/5/all_repeat_position_errors/11,-0.012500000000000067
/windows/8/windows/5/all_repeat_position_errors/12,-0.050000000000000044
/windows/8/windows/5/all_repeat_position_errors/13,-0.012500000000000067
/windows/8/windows/5/all_repeat_position_errors/14,-0.025000000000000022
/windows/8/windows/5/all_repeat_position_errors/15,0.0625
/windows/8/windows/5/all_repeat_position_errors/16,0.02499999999999991
/windows/8/windows/5/all_repeat_position_errors/17,-0.012500000000000067
/windows/8/windows/5/all_repeat_position_errors/18,0.012499999999999956
/windows/8/windows/5/all_repeat_position_errors/19,-0.025000000000000022
/windows/8/windows/5/all_repeat_position_errors/20,-0.012500000000000067
/windows/8/windows/5/all_repeat_position_errors/21,-0.03750000000000009
/windows/8/windows/5/all_repeat_position_errors/22,-0.0625
/windows/8/windows/5/all_repeat_position_errors/23,0.02499999999999991
/windows/8/windows/5/all_repeat_position_errors/24,-0.03750000000000009
/windows/8/windows/5/all_repeat_position_errors/25,0.04999999999999993
/windows/8/windows/5/all_repeat_position_errors/26,-0.07500000000000007
/windows/8/windows/5/all_repeat_position_errors/27,-0.08750000000000002
/windows/8/windows/5/all_repeat_position_errors/28,-0.025000000000000022
/windows/8/windows/5/all_repeat_position_errors/29,0.012499999999999956
/windows/8/windows/5/all_repeat_position_errors/30,-0.012500000000000067
/windows/8/windows/5/all_repeat_position_errors/31,0.02499999999999991
/windows/9/mode,equal_shots
/windows/9/budget,100000
/windows/9/p,0
/windows/9/method,raw
/windows/9/requested_windows,6
/windows/9/executed_complete_windows,6
/windows/9/reference_resolvable_windows,5
/windows/9/frozen_matching_window_equivalents,4.21875
/windows/9/matched_fraction_given_reference,0.84375
/windows/9/matched_problem_window_equivalents,2.9375
/windows/9/quality_supported_match_window_equivalents,1.28125
/windows/9/windows/0/kappa,0.0
/windows/9/windows/0/complete,True
/windows/9/windows/0/reference_resolvable,True
/windows/9/windows/0/match_fraction,0.53125
/windows/9/windows/0/matched_problem_fraction,0.0
/windows/9/windows/0/quality_supported_match_fraction,0.53125
/windows/9/windows/0/issues/competing_peaks,8
/windows/9/windows/0/issues/endpoint_dominated,1
/windows/9/windows/0/exact_match,False
/windows/9/windows/0/exact_audit/0,competing_peaks
/windows/9/windows/0/all_repeat_position_errors/0,-0.07499999999999996
/windows/9/windows/0/all_repeat_position_errors/1,-0.050000000000000044
/windows/9/windows/0/all_repeat_position_errors/2,-0.03749999999999998
/windows/9/windows/0/all_repeat_position_errors/3,-0.07499999999999996
/windows/9/windows/0/all_repeat_position_errors/4,-0.050000000000000044
/windows/9/windows/0/all_repeat_position_errors/5,0.0
/windows/9/windows/0/all_repeat_position_errors/6,-0.0625
/windows/9/windows/0/all_repeat_position_errors/7,0.03750000000000009
/windows/9/windows/0/all_repeat_position_errors/8,0.0625
/windows/9/windows/0/all_repeat_position_errors/9,-0.025000000000000022
/windows/9/windows/0/all_repeat_position_errors/10,0.025000000000000022
/windows/9/windows/0/all_repeat_position_errors/11,0.012499999999999956
/windows/9/windows/0/all_repeat_position_errors/12,0.0625
/windows/9/windows/0/all_repeat_position_errors/13,-0.03749999999999998
/windows/9/windows/0/all_repeat_position_errors/14,0.04999999999999982
/windows/9/windows/0/all_repeat_position_errors/15,0.012499999999999956
/windows/9/windows/0/all_repeat_position_errors/16,0.025000000000000022
/windows/9/windows/0/all_repeat_position_errors/17,-0.025000000000000022
/windows/9/windows/0/all_repeat_position_errors/18,-0.025000000000000022
/windows/9/windows/0/all_repeat_position_errors/19,0.03750000000000009
/windows/9/windows/0/all_repeat_position_errors/20,0.012499999999999956
/windows/9/windows/0/all_repeat_position_errors/21,0.04999999999999982
/windows/9/windows/0/all_repeat_position_errors/22,0.03750000000000009
/windows/9/windows/0/all_repeat_position_errors/23,-0.050000000000000044
/windows/9/windows/0/all_repeat_position_errors/24,0.07500000000000018
/windows/9/windows/0/all_repeat_position_errors/25,-0.025000000000000022
/windows/9/windows/0/all_repeat_position_errors/26,-0.012499999999999956
/windows/9/windows/0/all_repeat_position_errors/27,0.07500000000000018
/windows/9/windows/0/all_repeat_position_errors/28,0.0625
/windows/9/windows/0/all_repeat_position_errors/29,0.03750000000000009
/windows/9/windows/0/all_repeat_position_errors/30,-0.03749999999999998
/windows/9/windows/0/all_repeat_position_errors/31,0.0
/windows/9/windows/1/kappa,0.3
/windows/9/windows/1/complete,True
/windows/9/windows/1/reference_resolvable,True
/windows/9/windows/1/match_fraction,0.75
/windows/9/windows/1/matched_problem_fraction,0.0
/windows/9/windows/1/quality_supported_match_fraction,0.75
/windows/9/windows/1/issues/competing_peaks,8
/windows/9/windows/1/issues/preparation_observable_failure_near_peak,1
/windows/9/windows/1/exact_match,True
/windows/9/windows/1/all_repeat_position_errors/0,0.0
/windows/9/windows/1/all_repeat_position_errors/1,0.0
/windows/9/windows/1/all_repeat_position_errors/2,0.0
/windows/9/windows/1/all_repeat_position_errors/3,0.0
/windows/9/windows/1/all_repeat_position_errors/4,0.0
/windows/9/windows/1/all_repeat_position_errors/5,0.0
/windows/9/windows/1/all_repeat_position_errors/6,0.0
/windows/9/windows/1/all_repeat_position_errors/7,0.0
/windows/9/windows/1/all_repeat_position_errors/8,0.0
/windows/9/windows/1/all_repeat_position_errors/9,0.0
/windows/9/windows/1/all_repeat_position_errors/10,0.0
/windows/9/windows/1/all_repeat_position_errors/11,0.08750000000000002
/windows/9/windows/1/all_repeat_position_errors/12,0.0
/windows/9/windows/1/all_repeat_position_errors/13,0.0
/windows/9/windows/1/all_repeat_position_errors/14,-0.025000000000000022
/windows/9/windows/1/all_repeat_position_errors/15,0.0
/windows/9/windows/1/all_repeat_position_errors/16,-0.025000000000000022
/windows/9/windows/1/all_repeat_position_errors/17,0.0
/windows/9/windows/1/all_repeat_position_errors/18,0.0
/windows/9/windows/1/all_repeat_position_errors/19,0.0
/windows/9/windows/1/all_repeat_position_errors/20,0.0
/windows/9/windows/1/all_repeat_position_errors/21,-0.012499999999999956
/windows/9/windows/1/all_repeat_position_errors/22,0.0
/windows/9/windows/1/all_repeat_position_errors/23,0.0
/windows/9/windows/1/all_repeat_position_errors/24,0.0
/windows/9/windows/1/all_repeat_position_errors/25,0.0
/windows/9/windows/1/all_repeat_position_errors/26,0.0
/windows/9/windows/1/all_repeat_position_errors/27,0.0
/windows/9/windows/1/all_repeat_position_errors/28,0.0
/windows/9/windows/1/all_repeat_position_errors/29,-0.012499999999999956
/windows/9/windows/1/all_repeat_position_errors/30,0.0
/windows/9/windows/1/all_repeat_position_errors/31,0.0
/windows/9/windows/2/kappa,0.45
/windows/9/windows/2/complete,True
/windows/9/windows/2/reference_resolvable,True
/windows/9/windows/2/match_fraction,1.0
/windows/9/windows/2/matched_problem_fraction,1.0
/windows/9/windows/2/quality_supported_match_fraction,0.0
/windows/9/windows/2/issues/preparation_observable_failure_near_peak,32
/windows/9/windows/2/exact_match,True
/windows/9/windows/2/exact_audit/0,preparation_observable_failure_near_peak
/windows/9/windows/2/all_repeat_position_errors/0,0.0
/windows/9/windows/2/all_repeat_position_errors/1,0.0
/windows/9/windows/2/all_repeat_position_errors/2,0.0
/windows/9/windows/2/all_repeat_position_errors/3,0.0
/windows/9/windows/2/all_repeat_position_errors/4,0.0
/windows/9/windows/2/all_repeat_position_errors/5,0.0
/windows/9/windows/2/all_repeat_position_errors/6,0.0
/windows/9/windows/2/all_repeat_position_errors/7,0.0
/windows/9/windows/2/all_repeat_position_errors/8,0.0
/windows/9/windows/2/all_repeat_position_errors/9,0.0
/windows/9/windows/2/all_repeat_position_errors/10,0.0
/windows/9/windows/2/all_repeat_position_errors/11,0.0
/windows/9/windows/2/all_repeat_position_errors/12,0.0
/windows/9/windows/2/all_repeat_position_errors/13,0.0
/windows/9/windows/2/all_repeat_position_errors/14,0.0
/windows/9/windows/2/all_repeat_position_errors/15,0.0
/windows/9/windows/2/all_repeat_position_errors/16,0.0
/windows/9/windows/2/all_repeat_position_errors/17,0.0
/windows/9/windows/2/all_repeat_position_errors/18,0.0
/windows/9/windows/2/all_repeat_position_errors/19,0.0
/windows/9/windows/2/all_repeat_position_errors/20,0.0
/windows/9/windows/2/all_repeat_position_errors/21,0.0
/windows/9/windows/2/all_repeat_position_errors/22,0.0
/windows/9/windows/2/all_repeat_position_errors/23,0.0
/windows/9/windows/2/all_repeat_position_errors/24,0.0
/windows/9/windows/2/all_repeat_position_errors/25,0.0
/windows/9/windows/2/all_repeat_position_errors/26,0.0
/windows/9/windows/2/all_repeat_position_errors/27,0.0
/windows/9/windows/2/all_repeat_position_errors/28,0.0
/windows/9/windows/2/all_repeat_position_errors/29,0.0
/windows/9/windows/2/all_repeat_position_errors/30,0.0
/windows/9/windows/2/all_repeat_position_errors/31,0.0
/windows/9/windows/3/kappa,0.5
/windows/9/windows/3/complete,True
/windows/9/windows/3/reference_resolvable,False
/windows/9/windows/3/match_fraction,0.0
/windows/9/windows/3/matched_problem_fraction,0.0
/windows/9/windows/3/quality_supported_match_fraction,0.0
/windows/9/windows/3/issues/preparation_observable_failure_near_peak,32
/windows/9/windows/3/exact_match,False
/windows/9/windows/3/exact_audit/0,preparation_observable_failure_near_peak
/windows/9/windows/3/all_repeat_position_errors/0,
/windows/9/windows/3/all_repeat_position_errors/1,
/windows/9/windows/3/all_repeat_position_errors/2,
/windows/9/windows/3/all_repeat_position_errors/3,
/windows/9/windows/3/all_repeat_position_errors/4,
/windows/9/windows/3/all_repeat_position_errors/5,
/windows/9/windows/3/all_repeat_position_errors/6,
/windows/9/windows/3/all_repeat_position_errors/7,
/windows/9/windows/3/all_repeat_position_errors/8,
/windows/9/windows/3/all_repeat_position_errors/9,
/windows/9/windows/3/all_repeat_position_errors/10,
/windows/9/windows/3/all_repeat_position_errors/11,
/windows/9/windows/3/all_repeat_position_errors/12,
/windows/9/windows/3/all_repeat_position_errors/13,
/windows/9/windows/3/all_repeat_position_errors/14,
/windows/9/windows/3/all_repeat_position_errors/15,
/windows/9/windows/3/all_repeat_position_errors/16,
/windows/9/windows/3/all_repeat_position_errors/17,
/windows/9/windows/3/all_repeat_position_errors/18,
/windows/9/windows/3/all_repeat_position_errors/19,
/windows/9/windows/3/all_repeat_position_errors/20,
/windows/9/windows/3/all_repeat_position_errors/21,
/windows/9/windows/3/all_repeat_position_errors/22,
/windows/9/windows/3/all_repeat_position_errors/23,
/windows/9/windows/3/all_repeat_position_errors/24,
/windows/9/windows/3/all_repeat_position_errors/25,
/windows/9/windows/3/all_repeat_position_errors/26,
/windows/9/windows/3/all_repeat_position_errors/27,
/windows/9/windows/3/all_repeat_position_errors/28,
/windows/9/windows/3/all_repeat_position_errors/29,
/windows/9/windows/3/all_repeat_position_errors/30,
/windows/9/windows/3/all_repeat_position_errors/31,
/windows/9/windows/4/kappa,0.55
/windows/9/windows/4/complete,True
/windows/9/windows/4/reference_resolvable,True
/windows/9/windows/4/match_fraction,1.0
/windows/9/windows/4/matched_problem_fraction,1.0
/windows/9/windows/4/quality_supported_match_fraction,0.0
/windows/9/windows/4/issues/preparation_observable_failure_near_peak,32
/windows/9/windows/4/exact_match,True
/windows/9/windows/4/exact_audit/0,preparation_observable_failure_near_peak
/windows/9/windows/4/all_repeat_position_errors/0,0.012500000000000011
/windows/9/windows/4/all_repeat_position_errors/1,0.012500000000000011
/windows/9/windows/4/all_repeat_position_errors/2,0.012500000000000011
/windows/9/windows/4/all_repeat_position_errors/3,0.012500000000000011
/windows/9/windows/4/all_repeat_position_errors/4,0.012500000000000011
/windows/9/windows/4/all_repeat_position_errors/5,0.012500000000000011
/windows/9/windows/4/all_repeat_position_errors/6,0.012500000000000011
/windows/9/windows/4/all_repeat_position_errors/7,0.012500000000000011
/windows/9/windows/4/all_repeat_position_errors/8,0.012500000000000011
/windows/9/windows/4/all_repeat_position_errors/9,0.012500000000000011
/windows/9/windows/4/all_repeat_position_errors/10,0.012500000000000011
/windows/9/windows/4/all_repeat_position_errors/11,0.012500000000000011
/windows/9/windows/4/all_repeat_position_errors/12,0.012500000000000011
/windows/9/windows/4/all_repeat_position_errors/13,0.012500000000000011
/windows/9/windows/4/all_repeat_position_errors/14,0.012500000000000011
/windows/9/windows/4/all_repeat_position_errors/15,0.012500000000000011
/windows/9/windows/4/all_repeat_position_errors/16,0.012500000000000011
/windows/9/windows/4/all_repeat_position_errors/17,0.012500000000000011
/windows/9/windows/4/all_repeat_position_errors/18,0.012500000000000011
/windows/9/windows/4/all_repeat_position_errors/19,0.012500000000000011
/windows/9/windows/4/all_repeat_position_errors/20,0.012500000000000011
/windows/9/windows/4/all_repeat_position_errors/21,0.012500000000000011
/windows/9/windows/4/all_repeat_position_errors/22,0.012500000000000011
/windows/9/windows/4/all_repeat_position_errors/23,0.012500000000000011
/windows/9/windows/4/all_repeat_position_errors/24,0.012500000000000011
/windows/9/windows/4/all_repeat_position_errors/25,0.012500000000000011
/windows/9/windows/4/all_repeat_position_errors/26,0.012500000000000011
/windows/9/windows/4/all_repeat_position_errors/27,0.012500000000000011
/windows/9/windows/4/all_repeat_position_errors/28,0.012500000000000011
/windows/9/windows/4/all_repeat_position_errors/29,0.012500000000000011
/windows/9/windows/4/all_repeat_position_errors/30,0.012500000000000011
/windows/9/windows/4/all_repeat_position_errors/31,0.012500000000000011
/windows/9/windows/5/kappa,0.8
/windows/9/windows/5/complete,True
/windows/9/windows/5/reference_resolvable,True
/windows/9/windows/5/match_fraction,0.9375
/windows/9/windows/5/matched_problem_fraction,0.9375
/windows/9/windows/5/quality_supported_match_fraction,0.0
/windows/9/windows/5/issues/preparation_observable_failure_near_peak,32
/windows/9/windows/5/issues/competing_peaks,2
/windows/9/windows/5/issues/endpoint_dominated,2
/windows/9/windows/5/exact_match,True
/windows/9/windows/5/exact_audit/0,preparation_observable_failure_near_peak
/windows/9/windows/5/all_repeat_position_errors/0,-0.012500000000000067
/windows/9/windows/5/all_repeat_position_errors/1,-0.012500000000000067
/windows/9/windows/5/all_repeat_position_errors/2,-0.012500000000000067
/windows/9/windows/5/all_repeat_position_errors/3,-0.012500000000000067
/windows/9/windows/5/all_repeat_position_errors/4,-0.012500000000000067
/windows/9/windows/5/all_repeat_position_errors/5,-0.012500000000000067
/windows/9/windows/5/all_repeat_position_errors/6,-0.012500000000000067
/windows/9/windows/5/all_repeat_position_errors/7,-0.012500000000000067
/windows/9/windows/5/all_repeat_position_errors/8,-0.012500000000000067
/windows/9/windows/5/all_repeat_position_errors/9,-0.012500000000000067
/windows/9/windows/5/all_repeat_position_errors/10,-0.012500000000000067
/windows/9/windows/5/all_repeat_position_errors/11,-0.012500000000000067
/windows/9/windows/5/all_repeat_position_errors/12,-0.012500000000000067
/windows/9/windows/5/all_repeat_position_errors/13,-0.012500000000000067
/windows/9/windows/5/all_repeat_position_errors/14,-0.012500000000000067
/windows/9/windows/5/all_repeat_position_errors/15,-0.012500000000000067
/windows/9/windows/5/all_repeat_position_errors/16,-0.012500000000000067
/windows/9/windows/5/all_repeat_position_errors/17,-0.012500000000000067
/windows/9/windows/5/all_repeat_position_errors/18,-0.012500000000000067
/windows/9/windows/5/all_repeat_position_errors/19,-0.012500000000000067
/windows/9/windows/5/all_repeat_position_errors/20,-0.012500000000000067
/windows/9/windows/5/all_repeat_position_errors/21,-0.012500000000000067
/windows/9/windows/5/all_repeat_position_errors/22,-0.012500000000000067
/windows/9/windows/5/all_repeat_position_errors/23,-0.012500000000000067
/windows/9/windows/5/all_repeat_position_errors/24,-0.012500000000000067
/windows/9/windows/5/all_repeat_position_errors/25,0.0
/windows/9/windows/5/all_repeat_position_errors/26,-0.012500000000000067
/windows/9/windows/5/all_repeat_position_errors/27,-0.012500000000000067
/windows/9/windows/5/all_repeat_position_errors/28,-0.012500000000000067
/windows/9/windows/5/all_repeat_position_errors/29,-0.012500000000000067
/windows/9/windows/5/all_repeat_position_errors/30,-0.012500000000000067
/windows/9/windows/5/all_repeat_position_errors/31,-0.012500000000000067
/windows/10/mode,equal_shots
/windows/10/budget,100000
/windows/10/p,0
/windows/10/method,zne_quadratic
/windows/10/requested_windows,6
/windows/10/executed_complete_windows,6
/windows/10/reference_resolvable_windows,5
/windows/10/frozen_matching_window_equivalents,4.03125
/windows/10/matched_fraction_given_reference,0.80625
/windows/10/matched_problem_window_equivalents,2.8125
/windows/10/quality_supported_match_window_equivalents,1.21875
/windows/10/windows/0/kappa,0.0
/windows/10/windows/0/complete,True
/windows/10/windows/0/reference_resolvable,True
/windows/10/windows/0/match_fraction,0.5625
/windows/10/windows/0/matched_problem_fraction,0.0
/windows/10/windows/0/quality_supported_match_fraction,0.5625
/windows/10/windows/0/issues/competing_peaks,5
/windows/10/windows/0/exact_match,False
/windows/10/windows/0/exact_audit/0,competing_peaks
/windows/10/windows/0/all_repeat_position_errors/0,0.025000000000000022
/windows/10/windows/0/all_repeat_position_errors/1,-0.012499999999999956
/windows/10/windows/0/all_repeat_position_errors/2,0.0625
/windows/10/windows/0/all_repeat_position_errors/3,0.0
/windows/10/windows/0/all_repeat_position_errors/4,-0.03749999999999998
/windows/10/windows/0/all_repeat_position_errors/5,-0.0625
/windows/10/windows/0/all_repeat_position_errors/6,0.012499999999999956
/windows/10/windows/0/all_repeat_position_errors/7,-0.025000000000000022
/windows/10/windows/0/all_repeat_position_errors/8,-0.025000000000000022
/windows/10/windows/0/all_repeat_position_errors/9,-0.03749999999999998
/windows/10/windows/0/all_repeat_position_errors/10,0.0625
/windows/10/windows/0/all_repeat_position_errors/11,-0.012499999999999956
/windows/10/windows/0/all_repeat_position_errors/12,-0.012499999999999956
/windows/10/windows/0/all_repeat_position_errors/13,0.012499999999999956
/windows/10/windows/0/all_repeat_position_errors/14,0.025000000000000022
/windows/10/windows/0/all_repeat_position_errors/15,-0.03749999999999998
/windows/10/windows/0/all_repeat_position_errors/16,0.0
/windows/10/windows/0/all_repeat_position_errors/17,0.0625
/windows/10/windows/0/all_repeat_position_errors/18,0.04999999999999982
/windows/10/windows/0/all_repeat_position_errors/19,0.025000000000000022
/windows/10/windows/0/all_repeat_position_errors/20,-0.07499999999999996
/windows/10/windows/0/all_repeat_position_errors/21,0.0
/windows/10/windows/0/all_repeat_position_errors/22,0.03750000000000009
/windows/10/windows/0/all_repeat_position_errors/23,0.025000000000000022
/windows/10/windows/0/all_repeat_position_errors/24,0.012499999999999956
/windows/10/windows/0/all_repeat_position_errors/25,-0.050000000000000044
/windows/10/windows/0/all_repeat_position_errors/26,0.07500000000000018
/windows/10/windows/0/all_repeat_position_errors/27,-0.0625
/windows/10/windows/0/all_repeat_position_errors/28,0.0625
/windows/10/windows/0/all_repeat_position_errors/29,-0.0625
/windows/10/windows/0/all_repeat_position_errors/30,0.03750000000000009
/windows/10/windows/0/all_repeat_position_errors/31,0.025000000000000022
/windows/10/windows/1/kappa,0.3
/windows/10/windows/1/complete,True
/windows/10/windows/1/reference_resolvable,True
/windows/10/windows/1/match_fraction,0.65625
/windows/10/windows/1/matched_problem_fraction,0.0
/windows/10/windows/1/quality_supported_match_fraction,0.65625
/windows/10/windows/1/issues/competing_peaks,6
/windows/10/windows/1/issues/preparation_observable_failure_near_peak,5
/windows/10/windows/1/exact_match,True
/windows/10/windows/1/all_repeat_position_errors/0,-0.012499999999999956
/windows/10/windows/1/all_repeat_position_errors/1,-0.025000000000000022
/windows/10/windows/1/all_repeat_position_errors/2,-0.050000000000000044
/windows/10/windows/1/all_repeat_position_errors/3,-0.025000000000000022
/windows/10/windows/1/all_repeat_position_errors/4,-0.012499999999999956
/windows/10/windows/1/all_repeat_position_errors/5,-0.025000000000000022
/windows/10/windows/1/all_repeat_position_errors/6,-0.012499999999999956
/windows/10/windows/1/all_repeat_position_errors/7,0.050000000000000044
/windows/10/windows/1/all_repeat_position_errors/8,-0.012499999999999956
/windows/10/windows/1/all_repeat_position_errors/9,0.0
/windows/10/windows/1/all_repeat_position_errors/10,0.050000000000000044
/windows/10/windows/1/all_repeat_position_errors/11,0.050000000000000044
/windows/10/windows/1/all_repeat_position_errors/12,0.08750000000000002
/windows/10/windows/1/all_repeat_position_errors/13,0.08750000000000002
/windows/10/windows/1/all_repeat_position_errors/14,0.0625
/windows/10/windows/1/all_repeat_position_errors/15,-0.0625
/windows/10/windows/1/all_repeat_position_errors/16,0.0
/windows/10/windows/1/all_repeat_position_errors/17,-0.03749999999999998
/windows/10/windows/1/all_repeat_position_errors/18,0.03749999999999998
/windows/10/windows/1/all_repeat_position_errors/19,0.08750000000000002
/windows/10/windows/1/all_repeat_position_errors/20,0.0
/windows/10/windows/1/all_repeat_position_errors/21,0.08750000000000002
/windows/10/windows/1/all_repeat_position_errors/22,-0.012499999999999956
/windows/10/windows/1/all_repeat_position_errors/23,0.08750000000000002
/windows/10/windows/1/all_repeat_position_errors/24,-0.03749999999999998
/windows/10/windows/1/all_repeat_position_errors/25,0.0
/windows/10/windows/1/all_repeat_position_errors/26,0.0
/windows/10/windows/1/all_repeat_position_errors/27,0.025000000000000022
/windows/10/windows/1/all_repeat_position_errors/28,0.012499999999999956
/windows/10/windows/1/all_repeat_position_errors/29,-0.025000000000000022
/windows/10/windows/1/all_repeat_position_errors/30,0.025000000000000022
/windows/10/windows/1/all_repeat_position_errors/31,-0.025000000000000022
/windows/10/windows/2/kappa,0.45
/windows/10/windows/2/complete,True
/windows/10/windows/2/reference_resolvable,True
/windows/10/windows/2/match_fraction,1.0
/windows/10/windows/2/matched_problem_fraction,1.0
/windows/10/windows/2/quality_supported_match_fraction,0.0
/windows/10/windows/2/issues/preparation_observable_failure_near_peak,32
/windows/10/windows/2/exact_match,True
/windows/10/windows/2/exact_audit/0,preparation_observable_failure_near_peak
/windows/10/windows/2/all_repeat_position_errors/0,0.0
/windows/10/windows/2/all_repeat_position_errors/1,0.0
/windows/10/windows/2/all_repeat_position_errors/2,0.0
/windows/10/windows/2/all_repeat_position_errors/3,0.0
/windows/10/windows/2/all_repeat_position_errors/4,0.012500000000000011
/windows/10/windows/2/all_repeat_position_errors/5,0.0
/windows/10/windows/2/all_repeat_position_errors/6,0.012500000000000011
/windows/10/windows/2/all_repeat_position_errors/7,0.0
/windows/10/windows/2/all_repeat_position_errors/8,0.0
/windows/10/windows/2/all_repeat_position_errors/9,0.0
/windows/10/windows/2/all_repeat_position_errors/10,0.0
/windows/10/windows/2/all_repeat_position_errors/11,0.012500000000000011
/windows/10/windows/2/all_repeat_position_errors/12,0.0
/windows/10/windows/2/all_repeat_position_errors/13,0.0
/windows/10/windows/2/all_repeat_position_errors/14,0.0
/windows/10/windows/2/all_repeat_position_errors/15,0.0
/windows/10/windows/2/all_repeat_position_errors/16,0.0
/windows/10/windows/2/all_repeat_position_errors/17,0.0
/windows/10/windows/2/all_repeat_position_errors/18,0.0
/windows/10/windows/2/all_repeat_position_errors/19,0.0
/windows/10/windows/2/all_repeat_position_errors/20,0.0
/windows/10/windows/2/all_repeat_position_errors/21,0.0
/windows/10/windows/2/all_repeat_position_errors/22,0.0
/windows/10/windows/2/all_repeat_position_errors/23,0.0
/windows/10/windows/2/all_repeat_position_errors/24,0.0
/windows/10/windows/2/all_repeat_position_errors/25,0.012500000000000011
/windows/10/windows/2/all_repeat_position_errors/26,0.0
/windows/10/windows/2/all_repeat_position_errors/27,0.0
/windows/10/windows/2/all_repeat_position_errors/28,0.0
/windows/10/windows/2/all_repeat_position_errors/29,0.0
/windows/10/windows/2/all_repeat_position_errors/30,0.0
/windows/10/windows/2/all_repeat_position_errors/31,0.0
/windows/10/windows/3/kappa,0.5
/windows/10/windows/3/complete,True
/windows/10/windows/3/reference_resolvable,False
/windows/10/windows/3/match_fraction,0.0
/windows/10/windows/3/matched_problem_fraction,0.0
/windows/10/windows/3/quality_supported_match_fraction,0.0
/windows/10/windows/3/issues/preparation_observable_failure_near_peak,32
/windows/10/windows/3/issues/competing_peaks,6
/windows/10/windows/3/exact_match,False
/windows/10/windows/3/exact_audit/0,preparation_observable_failure_near_peak
/windows/10/windows/3/all_repeat_position_errors/0,
/windows/10/windows/3/all_repeat_position_errors/1,
/windows/10/windows/3/all_repeat_position_errors/2,
/windows/10/windows/3/all_repeat_position_errors/3,
/windows/10/windows/3/all_repeat_position_errors/4,
/windows/10/windows/3/all_repeat_position_errors/5,
/windows/10/windows/3/all_repeat_position_errors/6,
/windows/10/windows/3/all_repeat_position_errors/7,
/windows/10/windows/3/all_repeat_position_errors/8,
/windows/10/windows/3/all_repeat_position_errors/9,
/windows/10/windows/3/all_repeat_position_errors/10,
/windows/10/windows/3/all_repeat_position_errors/11,
/windows/10/windows/3/all_repeat_position_errors/12,
/windows/10/windows/3/all_repeat_position_errors/13,
/windows/10/windows/3/all_repeat_position_errors/14,
/windows/10/windows/3/all_repeat_position_errors/15,
/windows/10/windows/3/all_repeat_position_errors/16,
/windows/10/windows/3/all_repeat_position_errors/17,
/windows/10/windows/3/all_repeat_position_errors/18,
/windows/10/windows/3/all_repeat_position_errors/19,
/windows/10/windows/3/all_repeat_position_errors/20,
/windows/10/windows/3/all_repeat_position_errors/21,
/windows/10/windows/3/all_repeat_position_errors/22,
/windows/10/windows/3/all_repeat_position_errors/23,
/windows/10/windows/3/all_repeat_position_errors/24,
/windows/10/windows/3/all_repeat_position_errors/25,
/windows/10/windows/3/all_repeat_position_errors/26,
/windows/10/windows/3/all_repeat_position_errors/27,
/windows/10/windows/3/all_repeat_position_errors/28,
/windows/10/windows/3/all_repeat_position_errors/29,
/windows/10/windows/3/all_repeat_position_errors/30,
/windows/10/windows/3/all_repeat_position_errors/31,
/windows/10/windows/4/kappa,0.55
/windows/10/windows/4/complete,True
/windows/10/windows/4/reference_resolvable,True
/windows/10/windows/4/match_fraction,1.0
/windows/10/windows/4/matched_problem_fraction,1.0
/windows/10/windows/4/quality_supported_match_fraction,0.0
/windows/10/windows/4/issues/preparation_observable_failure_near_peak,32
/windows/10/windows/4/exact_match,True
/windows/10/windows/4/exact_audit/0,preparation_observable_failure_near_peak
/windows/10/windows/4/all_repeat_position_errors/0,0.012500000000000011
/windows/10/windows/4/all_repeat_position_errors/1,0.012500000000000011
/windows/10/windows/4/all_repeat_position_errors/2,0.012500000000000011
/windows/10/windows/4/all_repeat_position_errors/3,0.012500000000000011
/windows/10/windows/4/all_repeat_position_errors/4,0.012500000000000011
/windows/10/windows/4/all_repeat_position_errors/5,0.012500000000000011
/windows/10/windows/4/all_repeat_position_errors/6,0.012500000000000011
/windows/10/windows/4/all_repeat_position_errors/7,0.012500000000000011
/windows/10/windows/4/all_repeat_position_errors/8,0.012500000000000011
/windows/10/windows/4/all_repeat_position_errors/9,0.012500000000000011
/windows/10/windows/4/all_repeat_position_errors/10,0.012500000000000011
/windows/10/windows/4/all_repeat_position_errors/11,0.012500000000000011
/windows/10/windows/4/all_repeat_position_errors/12,0.012500000000000011
/windows/10/windows/4/all_repeat_position_errors/13,0.012500000000000011
/windows/10/windows/4/all_repeat_position_errors/14,0.012500000000000011
/windows/10/windows/4/all_repeat_position_errors/15,0.012500000000000011
/windows/10/windows/4/all_repeat_position_errors/16,0.012500000000000011
/windows/10/windows/4/all_repeat_position_errors/17,0.012500000000000011
/windows/10/windows/4/all_repeat_position_errors/18,0.012500000000000011
/windows/10/windows/4/all_repeat_position_errors/19,0.012500000000000011
/windows/10/windows/4/all_repeat_position_errors/20,0.012500000000000011
/windows/10/windows/4/all_repeat_position_errors/21,0.012500000000000011
/windows/10/windows/4/all_repeat_position_errors/22,0.012500000000000011
/windows/10/windows/4/all_repeat_position_errors/23,0.012500000000000011
/windows/10/windows/4/all_repeat_position_errors/24,0.012500000000000011
/windows/10/windows/4/all_repeat_position_errors/25,0.012500000000000011
/windows/10/windows/4/all_repeat_position_errors/26,0.012500000000000011
/windows/10/windows/4/all_repeat_position_errors/27,0.012500000000000011
/windows/10/windows/4/all_repeat_position_errors/28,0.012500000000000011
/windows/10/windows/4/all_repeat_position_errors/29,0.012500000000000011
/windows/10/windows/4/all_repeat_position_errors/30,0.012500000000000011
/windows/10/windows/4/all_repeat_position_errors/31,0.012500000000000011
/windows/10/windows/5/kappa,0.8
/windows/10/windows/5/complete,True
/windows/10/windows/5/reference_resolvable,True
/windows/10/windows/5/match_fraction,0.8125
/windows/10/windows/5/matched_problem_fraction,0.8125
/windows/10/windows/5/quality_supported_match_fraction,0.0
/windows/10/windows/5/issues/competing_peaks,5
/windows/10/windows/5/issues/preparation_observable_failure_near_peak,32
/windows/10/windows/5/issues/endpoint_dominated,5
/windows/10/windows/5/exact_match,True
/windows/10/windows/5/exact_audit/0,preparation_observable_failure_near_peak
/windows/10/windows/5/all_repeat_position_errors/0,-0.012500000000000067
/windows/10/windows/5/all_repeat_position_errors/1,0.0
/windows/10/windows/5/all_repeat_position_errors/2,0.02499999999999991
/windows/10/windows/5/all_repeat_position_errors/3,-0.012500000000000067
/windows/10/windows/5/all_repeat_position_errors/4,-0.07500000000000007
/windows/10/windows/5/all_repeat_position_errors/5,0.0
/windows/10/windows/5/all_repeat_position_errors/6,-0.012500000000000067
/windows/10/windows/5/all_repeat_position_errors/7,-0.012500000000000067
/windows/10/windows/5/all_repeat_position_errors/8,0.02499999999999991
/windows/10/windows/5/all_repeat_position_errors/9,0.03749999999999998
/windows/10/windows/5/all_repeat_position_errors/10,-0.012500000000000067
/windows/10/windows/5/all_repeat_position_errors/11,-0.025000000000000022
/windows/10/windows/5/all_repeat_position_errors/12,-0.03750000000000009
/windows/10/windows/5/all_repeat_position_errors/13,0.07499999999999996
/windows/10/windows/5/all_repeat_position_errors/14,0.012499999999999956
/windows/10/windows/5/all_repeat_position_errors/15,0.04999999999999993
/windows/10/windows/5/all_repeat_position_errors/16,-0.012500000000000067
/windows/10/windows/5/all_repeat_position_errors/17,0.012499999999999956
/windows/10/windows/5/all_repeat_position_errors/18,-0.012500000000000067
/windows/10/windows/5/all_repeat_position_errors/19,0.02499999999999991
/windows/10/windows/5/all_repeat_position_errors/20,0.0
/windows/10/windows/5/all_repeat_position_errors/21,0.02499999999999991
/windows/10/windows/5/all_repeat_position_errors/22,0.07499999999999996
/windows/10/windows/5/all_repeat_position_errors/23,-0.012500000000000067
/windows/10/windows/5/all_repeat_position_errors/24,0.03749999999999998
/windows/10/windows/5/all_repeat_position_errors/25,0.03749999999999998
/windows/10/windows/5/all_repeat_position_errors/26,0.0
/windows/10/windows/5/all_repeat_position_errors/27,-0.012500000000000067
/windows/10/windows/5/all_repeat_position_errors/28,0.0
/windows/10/windows/5/all_repeat_position_errors/29,-0.012500000000000067
/windows/10/windows/5/all_repeat_position_errors/30,0.012499999999999956
/windows/10/windows/5/all_repeat_position_errors/31,-0.012500000000000067
/windows/11/mode,equal_shots
/windows/11/budget,100000
/windows/11/p,0
/windows/11/method,sv
/windows/11/requested_windows,6
/windows/11/executed_complete_windows,6
/windows/11/reference_resolvable_windows,5
/windows/11/frozen_matching_window_equivalents,3.96875
/windows/11/matched_fraction_given_reference,0.79375
/windows/11/matched_problem_window_equivalents,2.84375
/windows/11/quality_supported_match_window_equivalents,1.125
/windows/11/windows/0/kappa,0.0
/windows/11/windows/0/complete,True
/windows/11/windows/0/reference_resolvable,True
/windows/11/windows/0/match_fraction,0.46875
/windows/11/windows/0/matched_problem_fraction,0.0625
/windows/11/windows/0/quality_supported_match_fraction,0.40625
/windows/11/windows/0/issues/competing_peaks,9
/windows/11/windows/0/issues/endpoint_dominated,2
/windows/11/windows/0/exact_match,False
/windows/11/windows/0/exact_audit/0,competing_peaks
/windows/11/windows/0/all_repeat_position_errors/0,0.012499999999999956
/windows/11/windows/0/all_repeat_position_errors/1,-0.0625
/windows/11/windows/0/all_repeat_position_errors/2,0.025000000000000022
/windows/11/windows/0/all_repeat_position_errors/3,-0.012499999999999956
/windows/11/windows/0/all_repeat_position_errors/4,-0.050000000000000044
/windows/11/windows/0/all_repeat_position_errors/5,-0.012499999999999956
/windows/11/windows/0/all_repeat_position_errors/6,0.012499999999999956
/windows/11/windows/0/all_repeat_position_errors/7,-0.012499999999999956
/windows/11/windows/0/all_repeat_position_errors/8,0.0
/windows/11/windows/0/all_repeat_position_errors/9,0.04999999999999982
/windows/11/windows/0/all_repeat_position_errors/10,0.0625
/windows/11/windows/0/all_repeat_position_errors/11,0.012499999999999956
/windows/11/windows/0/all_repeat_position_errors/12,0.04999999999999982
/windows/11/windows/0/all_repeat_position_errors/13,0.012499999999999956
/windows/11/windows/0/all_repeat_position_errors/14,-0.0625
/windows/11/windows/0/all_repeat_position_errors/15,-0.03749999999999998
/windows/11/windows/0/all_repeat_position_errors/16,0.07500000000000018
/windows/11/windows/0/all_repeat_position_errors/17,0.03750000000000009
/windows/11/windows/0/all_repeat_position_errors/18,-0.025000000000000022
/windows/11/windows/0/all_repeat_position_errors/19,-0.012499999999999956
/windows/11/windows/0/all_repeat_position_errors/20,-0.050000000000000044
/windows/11/windows/0/all_repeat_position_errors/21,0.025000000000000022
/windows/11/windows/0/all_repeat_position_errors/22,0.0625
/windows/11/windows/0/all_repeat_position_errors/23,-0.0625
/windows/11/windows/0/all_repeat_position_errors/24,0.07500000000000018
/windows/11/windows/0/all_repeat_position_errors/25,0.04999999999999982
/windows/11/windows/0/all_repeat_position_errors/26,0.03750000000000009
/windows/11/windows/0/all_repeat_position_errors/27,0.0625
/windows/11/windows/0/all_repeat_position_errors/28,-0.0625
/windows/11/windows/0/all_repeat_position_errors/29,0.04999999999999982
/windows/11/windows/0/all_repeat_position_errors/30,0.0
/windows/11/windows/0/all_repeat_position_errors/31,0.03750000000000009
/windows/11/windows/1/kappa,0.3
/windows/11/windows/1/complete,True
/windows/11/windows/1/reference_resolvable,True
/windows/11/windows/1/match_fraction,0.71875
/windows/11/windows/1/matched_problem_fraction,0.0
/windows/11/windows/1/quality_supported_match_fraction,0.71875
/windows/11/windows/1/issues/competing_peaks,8
/windows/11/windows/1/issues/preparation_observable_failure_near_peak,3
/windows/11/windows/1/exact_match,True
/windows/11/windows/1/all_repeat_position_errors/0,-0.012499999999999956
/windows/11/windows/1/all_repeat_position_errors/1,0.0
/windows/11/windows/1/all_repeat_position_errors/2,0.08750000000000002
/windows/11/windows/1/all_repeat_position_errors/3,0.08750000000000002
/windows/11/windows/1/all_repeat_position_errors/4,0.0
/windows/11/windows/1/all_repeat_position_errors/5,-0.025000000000000022
/windows/11/windows/1/all_repeat_position_errors/6,-0.012499999999999956
/windows/11/windows/1/all_repeat_position_errors/7,0.012499999999999956
/windows/11/windows/1/all_repeat_position_errors/8,-0.012499999999999956
/windows/11/windows/1/all_repeat_position_errors/9,0.0
/windows/11/windows/1/all_repeat_position_errors/10,0.0
/windows/11/windows/1/all_repeat_position_errors/11,-0.050000000000000044
/windows/11/windows/1/all_repeat_position_errors/12,0.0
/windows/11/windows/1/all_repeat_position_errors/13,-0.025000000000000022
/windows/11/windows/1/all_repeat_position_errors/14,-0.025000000000000022
/windows/11/windows/1/all_repeat_position_errors/15,0.012499999999999956
/windows/11/windows/1/all_repeat_position_errors/16,0.03749999999999998
/windows/11/windows/1/all_repeat_position_errors/17,-0.025000000000000022
/windows/11/windows/1/all_repeat_position_errors/18,0.0
/windows/11/windows/1/all_repeat_position_errors/19,0.0
/windows/11/windows/1/all_repeat_position_errors/20,0.0
/windows/11/windows/1/all_repeat_position_errors/21,-0.025000000000000022
/windows/11/windows/1/all_repeat_position_errors/22,-0.012499999999999956
/windows/11/windows/1/all_repeat_position_errors/23,0.08750000000000002
/windows/11/windows/1/all_repeat_position_errors/24,0.0
/windows/11/windows/1/all_repeat_position_errors/25,-0.025000000000000022
/windows/11/windows/1/all_repeat_position_errors/26,0.0
/windows/11/windows/1/all_repeat_position_errors/27,0.0
/windows/11/windows/1/all_repeat_position_errors/28,0.0
/windows/11/windows/1/all_repeat_position_errors/29,-0.012499999999999956
/windows/11/windows/1/all_repeat_position_errors/30,-0.03749999999999998
/windows/11/windows/1/all_repeat_position_errors/31,0.0
/windows/11/windows/2/kappa,0.45
/windows/11/windows/2/complete,True
/windows/11/windows/2/reference_resolvable,True
/windows/11/windows/2/match_fraction,1.0
/windows/11/windows/2/matched_problem_fraction,1.0
/windows/11/windows/2/quality_supported_match_fraction,0.0
/windows/11/windows/2/issues/preparation_observable_failure_near_peak,32
/windows/11/windows/2/exact_match,True
/windows/11/windows/2/exact_audit/0,preparation_observable_failure_near_peak
/windows/11/windows/2/all_repeat_position_errors/0,0.0
/windows/11/windows/2/all_repeat_position_errors/1,0.0
/windows/11/windows/2/all_repeat_position_errors/2,0.0
/windows/11/windows/2/all_repeat_position_errors/3,0.0
/windows/11/windows/2/all_repeat_position_errors/4,0.0
/windows/11/windows/2/all_repeat_position_errors/5,0.0
/windows/11/windows/2/all_repeat_position_errors/6,0.0
/windows/11/windows/2/all_repeat_position_errors/7,0.0
/windows/11/windows/2/all_repeat_position_errors/8,0.0
/windows/11/windows/2/all_repeat_position_errors/9,0.0
/windows/11/windows/2/all_repeat_position_errors/10,0.0
/windows/11/windows/2/all_repeat_position_errors/11,0.0
/windows/11/windows/2/all_repeat_position_errors/12,0.0
/windows/11/windows/2/all_repeat_position_errors/13,0.0
/windows/11/windows/2/all_repeat_position_errors/14,0.0
/windows/11/windows/2/all_repeat_position_errors/15,0.0
/windows/11/windows/2/all_repeat_position_errors/16,0.0
/windows/11/windows/2/all_repeat_position_errors/17,0.0
/windows/11/windows/2/all_repeat_position_errors/18,0.0
/windows/11/windows/2/all_repeat_position_errors/19,0.0
/windows/11/windows/2/all_repeat_position_errors/20,0.0
/windows/11/windows/2/all_repeat_position_errors/21,0.0
/windows/11/windows/2/all_repeat_position_errors/22,0.0
/windows/11/windows/2/all_repeat_position_errors/23,0.0
/windows/11/windows/2/all_repeat_position_errors/24,0.0
/windows/11/windows/2/all_repeat_position_errors/25,0.0
/windows/11/windows/2/all_repeat_position_errors/26,0.0
/windows/11/windows/2/all_repeat_position_errors/27,0.0
/windows/11/windows/2/all_repeat_position_errors/28,0.0
/windows/11/windows/2/all_repeat_position_errors/29,0.0
/windows/11/windows/2/all_repeat_position_errors/30,0.0
/windows/11/windows/2/all_repeat_position_errors/31,0.0
/windows/11/windows/3/kappa,0.5
/windows/11/windows/3/complete,True
/windows/11/windows/3/reference_resolvable,False
/windows/11/windows/3/match_fraction,0.0
/windows/11/windows/3/matched_problem_fraction,0.0
/windows/11/windows/3/quality_supported_match_fraction,0.0
/windows/11/windows/3/issues/preparation_observable_failure_near_peak,32
/windows/11/windows/3/issues/competing_peaks,8
/windows/11/windows/3/exact_match,False
/windows/11/windows/3/exact_audit/0,preparation_observable_failure_near_peak
/windows/11/windows/3/all_repeat_position_errors/0,
/windows/11/windows/3/all_repeat_position_errors/1,
/windows/11/windows/3/all_repeat_position_errors/2,
/windows/11/windows/3/all_repeat_position_errors/3,
/windows/11/windows/3/all_repeat_position_errors/4,
/windows/11/windows/3/all_repeat_position_errors/5,
/windows/11/windows/3/all_repeat_position_errors/6,
/windows/11/windows/3/all_repeat_position_errors/7,
/windows/11/windows/3/all_repeat_position_errors/8,
/windows/11/windows/3/all_repeat_position_errors/9,
/windows/11/windows/3/all_repeat_position_errors/10,
/windows/11/windows/3/all_repeat_position_errors/11,
/windows/11/windows/3/all_repeat_position_errors/12,
/windows/11/windows/3/all_repeat_position_errors/13,
/windows/11/windows/3/all_repeat_position_errors/14,
/windows/11/windows/3/all_repeat_position_errors/15,
/windows/11/windows/3/all_repeat_position_errors/16,
/windows/11/windows/3/all_repeat_position_errors/17,
/windows/11/windows/3/all_repeat_position_errors/18,
/windows/11/windows/3/all_repeat_position_errors/19,
/windows/11/windows/3/all_repeat_position_errors/20,
/windows/11/windows/3/all_repeat_position_errors/21,
/windows/11/windows/3/all_repeat_position_errors/22,
/windows/11/windows/3/all_repeat_position_errors/23,
/windows/11/windows/3/all_repeat_position_errors/24,
/windows/11/windows/3/all_repeat_position_errors/25,
/windows/11/windows/3/all_repeat_position_errors/26,
/windows/11/windows/3/all_repeat_position_errors/27,
/windows/11/windows/3/all_repeat_position_errors/28,
/windows/11/windows/3/all_repeat_position_errors/29,
/windows/11/windows/3/all_repeat_position_errors/30,
/windows/11/windows/3/all_repeat_position_errors/31,
/windows/11/windows/4/kappa,0.55
/windows/11/windows/4/complete,True
/windows/11/windows/4/reference_resolvable,True
/windows/11/windows/4/match_fraction,1.0
/windows/11/windows/4/matched_problem_fraction,1.0
/windows/11/windows/4/quality_supported_match_fraction,0.0
/windows/11/windows/4/issues/preparation_observable_failure_near_peak,32
/windows/11/windows/4/exact_match,True
/windows/11/windows/4/exact_audit/0,preparation_observable_failure_near_peak
/windows/11/windows/4/all_repeat_position_errors/0,0.012500000000000011
/windows/11/windows/4/all_repeat_position_errors/1,0.012500000000000011
/windows/11/windows/4/all_repeat_position_errors/2,0.012500000000000011
/windows/11/windows/4/all_repeat_position_errors/3,0.012500000000000011
/windows/11/windows/4/all_repeat_position_errors/4,0.012500000000000011
/windows/11/windows/4/all_repeat_position_errors/5,0.012500000000000011
/windows/11/windows/4/all_repeat_position_errors/6,0.012500000000000011
/windows/11/windows/4/all_repeat_position_errors/7,0.012500000000000011
/windows/11/windows/4/all_repeat_position_errors/8,0.012500000000000011
/windows/11/windows/4/all_repeat_position_errors/9,0.012500000000000011
/windows/11/windows/4/all_repeat_position_errors/10,0.012500000000000011
/windows/11/windows/4/all_repeat_position_errors/11,0.012500000000000011
/windows/11/windows/4/all_repeat_position_errors/12,0.012500000000000011
/windows/11/windows/4/all_repeat_position_errors/13,0.012500000000000011
/windows/11/windows/4/all_repeat_position_errors/14,0.012500000000000011
/windows/11/windows/4/all_repeat_position_errors/15,0.012500000000000011
/windows/11/windows/4/all_repeat_position_errors/16,0.012500000000000011
/windows/11/windows/4/all_repeat_position_errors/17,0.012500000000000011
/windows/11/windows/4/all_repeat_position_errors/18,0.012500000000000011
/windows/11/windows/4/all_repeat_position_errors/19,0.012500000000000011
/windows/11/windows/4/all_repeat_position_errors/20,0.012500000000000011
/windows/11/windows/4/all_repeat_position_errors/21,0.012500000000000011
/windows/11/windows/4/all_repeat_position_errors/22,0.012500000000000011
/windows/11/windows/4/all_repeat_position_errors/23,0.012500000000000011
/windows/11/windows/4/all_repeat_position_errors/24,0.012500000000000011
/windows/11/windows/4/all_repeat_position_errors/25,0.012500000000000011
/windows/11/windows/4/all_repeat_position_errors/26,0.012500000000000011
/windows/11/windows/4/all_repeat_position_errors/27,0.012500000000000011
/windows/11/windows/4/all_repeat_position_errors/28,0.012500000000000011
/windows/11/windows/4/all_repeat_position_errors/29,0.012500000000000011
/windows/11/windows/4/all_repeat_position_errors/30,0.012500000000000011
/windows/11/windows/4/all_repeat_position_errors/31,0.012500000000000011
/windows/11/windows/5/kappa,0.8
/windows/11/windows/5/complete,True
/windows/11/windows/5/reference_resolvable,True
/windows/11/windows/5/match_fraction,0.78125
/windows/11/windows/5/matched_problem_fraction,0.78125
/windows/11/windows/5/quality_supported_match_fraction,0.0
/windows/11/windows/5/issues/preparation_observable_failure_near_peak,32
/windows/11/windows/5/issues/endpoint_dominated,5
/windows/11/windows/5/issues/competing_peaks,7
/windows/11/windows/5/exact_match,True
/windows/11/windows/5/exact_audit/0,preparation_observable_failure_near_peak
/windows/11/windows/5/all_repeat_position_errors/0,-0.012500000000000067
/windows/11/windows/5/all_repeat_position_errors/1,-0.012500000000000067
/windows/11/windows/5/all_repeat_position_errors/2,-0.012500000000000067
/windows/11/windows/5/all_repeat_position_errors/3,-0.012500000000000067
/windows/11/windows/5/all_repeat_position_errors/4,0.012499999999999956
/windows/11/windows/5/all_repeat_position_errors/5,-0.012500000000000067
/windows/11/windows/5/all_repeat_position_errors/6,-0.03750000000000009
/windows/11/windows/5/all_repeat_position_errors/7,-0.012500000000000067
/windows/11/windows/5/all_repeat_position_errors/8,0.03749999999999998
/windows/11/windows/5/all_repeat_position_errors/9,-0.012500000000000067
/windows/11/windows/5/all_repeat_position_errors/10,0.0625
/windows/11/windows/5/all_repeat_position_errors/11,0.0
/windows/11/windows/5/all_repeat_position_errors/12,0.012499999999999956
/windows/11/windows/5/all_repeat_position_errors/13,-0.012500000000000067
/windows/11/windows/5/all_repeat_position_errors/14,-0.012500000000000067
/windows/11/windows/5/all_repeat_position_errors/15,-0.012500000000000067
/windows/11/windows/5/all_repeat_position_errors/16,0.07499999999999996
/windows/11/windows/5/all_repeat_position_errors/17,0.07499999999999996
/windows/11/windows/5/all_repeat_position_errors/18,-0.012500000000000067
/windows/11/windows/5/all_repeat_position_errors/19,0.0
/windows/11/windows/5/all_repeat_position_errors/20,-0.012500000000000067
/windows/11/windows/5/all_repeat_position_errors/21,-0.012500000000000067
/windows/11/windows/5/all_repeat_position_errors/22,-0.012500000000000067
/windows/11/windows/5/all_repeat_position_errors/23,-0.012500000000000067
/windows/11/windows/5/all_repeat_position_errors/24,0.04999999999999993
/windows/11/windows/5/all_repeat_position_errors/25,0.012499999999999956
/windows/11/windows/5/all_repeat_position_errors/26,-0.012500000000000067
/windows/11/windows/5/all_repeat_position_errors/27,-0.012500000000000067
/windows/11/windows/5/all_repeat_position_errors/28,0.012499999999999956
/windows/11/windows/5/all_repeat_position_errors/29,0.012499999999999956
/windows/11/windows/5/all_repeat_position_errors/30,-0.012500000000000067
/windows/11/windows/5/all_repeat_position_errors/31,-0.012500000000000067
/windows/12/mode,equal_shots
/windows/12/budget,100000
/windows/12/p,0.01
/windows/12/method,raw
/windows/12/requested_windows,6
/windows/12/executed_complete_windows,6
/windows/12/reference_resolvable_windows,5
/windows/12/frozen_matching_window_equivalents,3.0
/windows/12/matched_fraction_given_reference,0.6
/windows/12/matched_problem_window_equivalents,3.0
/windows/12/quality_supported_match_window_equivalents,0.0
/windows/12/windows/0/kappa,0.0
/windows/12/windows/0/complete,True
/windows/12/windows/0/reference_resolvable,True
/windows/12/windows/0/match_fraction,0.0
/windows/12/windows/0/matched_problem_fraction,0.0
/windows/12/windows/0/quality_supported_match_fraction,0.0
/windows/12/windows/0/issues/nearby_branch_noise_effect_not_fully_checked,32
/windows/12/windows/0/exact_match,False
/windows/12/windows/0/exact_audit/0,nearby_branch_noise_effect_not_fully_checked
/windows/12/windows/0/all_repeat_position_errors/0,0.07500000000000018
/windows/12/windows/0/all_repeat_position_errors/1,0.07500000000000018
/windows/12/windows/0/all_repeat_position_errors/2,0.07500000000000018
/windows/12/windows/0/all_repeat_position_errors/3,0.07500000000000018
/windows/12/windows/0/all_repeat_position_errors/4,0.07500000000000018
/windows/12/windows/0/all_repeat_position_errors/5,0.07500000000000018
/windows/12/windows/0/all_repeat_position_errors/6,0.07500000000000018
/windows/12/windows/0/all_repeat_position_errors/7,0.07500000000000018
/windows/12/windows/0/all_repeat_position_errors/8,0.07500000000000018
/windows/12/windows/0/all_repeat_position_errors/9,0.07500000000000018
/windows/12/windows/0/all_repeat_position_errors/10,0.07500000000000018
/windows/12/windows/0/all_repeat_position_errors/11,0.07500000000000018
/windows/12/windows/0/all_repeat_position_errors/12,0.07500000000000018
/windows/12/windows/0/all_repeat_position_errors/13,0.07500000000000018
/windows/12/windows/0/all_repeat_position_errors/14,0.07500000000000018
/windows/12/windows/0/all_repeat_position_errors/15,0.07500000000000018
/windows/12/windows/0/all_repeat_position_errors/16,0.07500000000000018
/windows/12/windows/0/all_repeat_position_errors/17,0.07500000000000018
/windows/12/windows/0/all_repeat_position_errors/18,0.07500000000000018
/windows/12/windows/0/all_repeat_position_errors/19,0.07500000000000018
/windows/12/windows/0/all_repeat_position_errors/20,0.07500000000000018
/windows/12/windows/0/all_repeat_position_errors/21,0.07500000000000018
/windows/12/windows/0/all_repeat_position_errors/22,0.07500000000000018
/windows/12/windows/0/all_repeat_position_errors/23,0.07500000000000018
/windows/12/windows/0/all_repeat_position_errors/24,0.07500000000000018
/windows/12/windows/0/all_repeat_position_errors/25,0.07500000000000018
/windows/12/windows/0/all_repeat_position_errors/26,0.07500000000000018
/windows/12/windows/0/all_repeat_position_errors/27,0.07500000000000018
/windows/12/windows/0/all_repeat_position_errors/28,0.07500000000000018
/windows/12/windows/0/all_repeat_position_errors/29,0.07500000000000018
/windows/12/windows/0/all_repeat_position_errors/30,0.07500000000000018
/windows/12/windows/0/all_repeat_position_errors/31,0.07500000000000018
/windows/12/windows/1/kappa,0.3
/windows/12/windows/1/complete,True
/windows/12/windows/1/reference_resolvable,True
/windows/12/windows/1/match_fraction,0.0
/windows/12/windows/1/matched_problem_fraction,0.0
/windows/12/windows/1/quality_supported_match_fraction,0.0
/windows/12/windows/1/issues/nearby_branch_noise_effect_not_fully_checked,32
/windows/12/windows/1/exact_match,False
/windows/12/windows/1/exact_audit/0,nearby_branch_noise_effect_not_fully_checked
/windows/12/windows/1/all_repeat_position_errors/0,0.0625
/windows/12/windows/1/all_repeat_position_errors/1,0.0625
/windows/12/windows/1/all_repeat_position_errors/2,0.0625
/windows/12/windows/1/all_repeat_position_errors/3,0.0625
/windows/12/windows/1/all_repeat_position_errors/4,0.0625
/windows/12/windows/1/all_repeat_position_errors/5,0.0625
/windows/12/windows/1/all_repeat_position_errors/6,0.0625
/windows/12/windows/1/all_repeat_position_errors/7,0.0625
/windows/12/windows/1/all_repeat_position_errors/8,0.0625
/windows/12/windows/1/all_repeat_position_errors/9,0.0625
/windows/12/windows/1/all_repeat_position_errors/10,0.0625
/windows/12/windows/1/all_repeat_position_errors/11,0.0625
/windows/12/windows/1/all_repeat_position_errors/12,0.0625
/windows/12/windows/1/all_repeat_position_errors/13,0.0625
/windows/12/windows/1/all_repeat_position_errors/14,0.0625
/windows/12/windows/1/all_repeat_position_errors/15,0.0625
/windows/12/windows/1/all_repeat_position_errors/16,0.0625
/windows/12/windows/1/all_repeat_position_errors/17,0.0625
/windows/12/windows/1/all_repeat_position_errors/18,0.0625
/windows/12/windows/1/all_repeat_position_errors/19,0.0625
/windows/12/windows/1/all_repeat_position_errors/20,0.0625
/windows/12/windows/1/all_repeat_position_errors/21,0.0625
/windows/12/windows/1/all_repeat_position_errors/22,0.0625
/windows/12/windows/1/all_repeat_position_errors/23,0.0625
/windows/12/windows/1/all_repeat_position_errors/24,0.0625
/windows/12/windows/1/all_repeat_position_errors/25,0.0625
/windows/12/windows/1/all_repeat_position_errors/26,0.0625
/windows/12/windows/1/all_repeat_position_errors/27,0.0625
/windows/12/windows/1/all_repeat_position_errors/28,0.0625
/windows/12/windows/1/all_repeat_position_errors/29,0.0625
/windows/12/windows/1/all_repeat_position_errors/30,0.0625
/windows/12/windows/1/all_repeat_position_errors/31,0.0625
/windows/12/windows/2/kappa,0.45
/windows/12/windows/2/complete,True
/windows/12/windows/2/reference_resolvable,True
/windows/12/windows/2/match_fraction,1.0
/windows/12/windows/2/matched_problem_fraction,1.0
/windows/12/windows/2/quality_supported_match_fraction,0.0
/windows/12/windows/2/issues/preparation_observable_failure_near_peak,32
/windows/12/windows/2/issues/nearby_branch_noise_effect_not_fully_checked,32
/windows/12/windows/2/exact_match,True
/windows/12/windows/2/exact_audit/0,preparation_observable_failure_near_peak
/windows/12/windows/2/exact_audit/1,nearby_branch_noise_effect_not_fully_checked
/windows/12/windows/2/all_repeat_position_errors/0,0.0
/windows/12/windows/2/all_repeat_position_errors/1,0.0
/windows/12/windows/2/all_repeat_position_errors/2,0.0
/windows/12/windows/2/all_repeat_position_errors/3,0.0
/windows/12/windows/2/all_repeat_position_errors/4,0.0
/windows/12/windows/2/all_repeat_position_errors/5,0.0
/windows/12/windows/2/all_repeat_position_errors/6,0.0
/windows/12/windows/2/all_repeat_position_errors/7,0.0
/windows/12/windows/2/all_repeat_position_errors/8,0.0
/windows/12/windows/2/all_repeat_position_errors/9,0.0
/windows/12/windows/2/all_repeat_position_errors/10,0.0
/windows/12/windows/2/all_repeat_position_errors/11,0.0
/windows/12/windows/2/all_repeat_position_errors/12,0.0
/windows/12/windows/2/all_repeat_position_errors/13,0.0
/windows/12/windows/2/all_repeat_position_errors/14,0.0
/windows/12/windows/2/all_repeat_position_errors/15,0.0
/windows/12/windows/2/all_repeat_position_errors/16,0.0
/windows/12/windows/2/all_repeat_position_errors/17,0.0
/windows/12/windows/2/all_repeat_position_errors/18,0.0
/windows/12/windows/2/all_repeat_position_errors/19,0.0
/windows/12/windows/2/all_repeat_position_errors/20,0.0
/windows/12/windows/2/all_repeat_position_errors/21,0.0
/windows/12/windows/2/all_repeat_position_errors/22,0.0
/windows/12/windows/2/all_repeat_position_errors/23,0.0
/windows/12/windows/2/all_repeat_position_errors/24,0.0
/windows/12/windows/2/all_repeat_position_errors/25,0.0
/windows/12/windows/2/all_repeat_position_errors/26,0.0
/windows/12/windows/2/all_repeat_position_errors/27,0.0
/windows/12/windows/2/all_repeat_position_errors/28,0.0
/windows/12/windows/2/all_repeat_position_errors/29,0.0
/windows/12/windows/2/all_repeat_position_errors/30,0.0
/windows/12/windows/2/all_repeat_position_errors/31,0.0
/windows/12/windows/3/kappa,0.5
/windows/12/windows/3/complete,True
/windows/12/windows/3/reference_resolvable,False
/windows/12/windows/3/match_fraction,0.0
/windows/12/windows/3/matched_problem_fraction,0.0
/windows/12/windows/3/quality_supported_match_fraction,0.0
/windows/12/windows/3/issues/preparation_observable_failure_near_peak,32
/windows/12/windows/3/issues/nearby_branch_noise_effect_not_fully_checked,32
/windows/12/windows/3/exact_match,False
/windows/12/windows/3/exact_audit/0,preparation_observable_failure_near_peak
/windows/12/windows/3/exact_audit/1,nearby_branch_noise_effect_not_fully_checked
/windows/12/windows/3/all_repeat_position_errors/0,
/windows/12/windows/3/all_repeat_position_errors/1,
/windows/12/windows/3/all_repeat_position_errors/2,
/windows/12/windows/3/all_repeat_position_errors/3,
/windows/12/windows/3/all_repeat_position_errors/4,
/windows/12/windows/3/all_repeat_position_errors/5,
/windows/12/windows/3/all_repeat_position_errors/6,
/windows/12/windows/3/all_repeat_position_errors/7,
/windows/12/windows/3/all_repeat_position_errors/8,
/windows/12/windows/3/all_repeat_position_errors/9,
/windows/12/windows/3/all_repeat_position_errors/10,
/windows/12/windows/3/all_repeat_position_errors/11,
/windows/12/windows/3/all_repeat_position_errors/12,
/windows/12/windows/3/all_repeat_position_errors/13,
/windows/12/windows/3/all_repeat_position_errors/14,
/windows/12/windows/3/all_repeat_position_errors/15,
/windows/12/windows/3/all_repeat_position_errors/16,
/windows/12/windows/3/all_repeat_position_errors/17,
/windows/12/windows/3/all_repeat_position_errors/18,
/windows/12/windows/3/all_repeat_position_errors/19,
/windows/12/windows/3/all_repeat_position_errors/20,
/windows/12/windows/3/all_repeat_position_errors/21,
/windows/12/windows/3/all_repeat_position_errors/22,
/windows/12/windows/3/all_repeat_position_errors/23,
/windows/12/windows/3/all_repeat_position_errors/24,
/windows/12/windows/3/all_repeat_position_errors/25,
/windows/12/windows/3/all_repeat_position_errors/26,
/windows/12/windows/3/all_repeat_position_errors/27,
/windows/12/windows/3/all_repeat_position_errors/28,
/windows/12/windows/3/all_repeat_position_errors/29,
/windows/12/windows/3/all_repeat_position_errors/30,
/windows/12/windows/3/all_repeat_position_errors/31,
/windows/12/windows/4/kappa,0.55
/windows/12/windows/4/complete,True
/windows/12/windows/4/reference_resolvable,True
/windows/12/windows/4/match_fraction,1.0
/windows/12/windows/4/matched_problem_fraction,1.0
/windows/12/windows/4/quality_supported_match_fraction,0.0
/windows/12/windows/4/issues/preparation_observable_failure_near_peak,32
/windows/12/windows/4/issues/nearby_branch_noise_effect_not_fully_checked,32
/windows/12/windows/4/exact_match,True
/windows/12/windows/4/exact_audit/0,preparation_observable_failure_near_peak
/windows/12/windows/4/exact_audit/1,nearby_branch_noise_effect_not_fully_checked
/windows/12/windows/4/all_repeat_position_errors/0,0.012500000000000011
/windows/12/windows/4/all_repeat_position_errors/1,0.012500000000000011
/windows/12/windows/4/all_repeat_position_errors/2,0.012500000000000011
/windows/12/windows/4/all_repeat_position_errors/3,0.012500000000000011
/windows/12/windows/4/all_repeat_position_errors/4,0.012500000000000011
/windows/12/windows/4/all_repeat_position_errors/5,0.012500000000000011
/windows/12/windows/4/all_repeat_position_errors/6,0.012500000000000011
/windows/12/windows/4/all_repeat_position_errors/7,0.012500000000000011
/windows/12/windows/4/all_repeat_position_errors/8,0.012500000000000011
/windows/12/windows/4/all_repeat_position_errors/9,0.012500000000000011
/windows/12/windows/4/all_repeat_position_errors/10,0.012500000000000011
/windows/12/windows/4/all_repeat_position_errors/11,0.012500000000000011
/windows/12/windows/4/all_repeat_position_errors/12,0.012500000000000011
/windows/12/windows/4/all_repeat_position_errors/13,0.012500000000000011
/windows/12/windows/4/all_repeat_position_errors/14,0.012500000000000011
/windows/12/windows/4/all_repeat_position_errors/15,0.012500000000000011
/windows/12/windows/4/all_repeat_position_errors/16,0.012500000000000011
/windows/12/windows/4/all_repeat_position_errors/17,0.012500000000000011
/windows/12/windows/4/all_repeat_position_errors/18,0.012500000000000011
/windows/12/windows/4/all_repeat_position_errors/19,0.012500000000000011
/windows/12/windows/4/all_repeat_position_errors/20,0.012500000000000011
/windows/12/windows/4/all_repeat_position_errors/21,0.012500000000000011
/windows/12/windows/4/all_repeat_position_errors/22,0.012500000000000011
/windows/12/windows/4/all_repeat_position_errors/23,0.012500000000000011
/windows/12/windows/4/all_repeat_position_errors/24,0.012500000000000011
/windows/12/windows/4/all_repeat_position_errors/25,0.012500000000000011
/windows/12/windows/4/all_repeat_position_errors/26,0.012500000000000011
/windows/12/windows/4/all_repeat_position_errors/27,0.012500000000000011
/windows/12/windows/4/all_repeat_position_errors/28,0.012500000000000011
/windows/12/windows/4/all_repeat_position_errors/29,0.012500000000000011
/windows/12/windows/4/all_repeat_position_errors/30,0.012500000000000011
/windows/12/windows/4/all_repeat_position_errors/31,0.012500000000000011
/windows/12/windows/5/kappa,0.8
/windows/12/windows/5/complete,True
/windows/12/windows/5/reference_resolvable,True
/windows/12/windows/5/match_fraction,1.0
/windows/12/windows/5/matched_problem_fraction,1.0
/windows/12/windows/5/quality_supported_match_fraction,0.0
/windows/12/windows/5/issues/preparation_observable_failure_near_peak,32
/windows/12/windows/5/issues/nearby_branch_noise_effect_not_fully_checked,25
/windows/12/windows/5/exact_match,True
/windows/12/windows/5/exact_audit/0,preparation_observable_failure_near_peak
/windows/12/windows/5/exact_audit/1,nearby_branch_noise_effect_not_fully_checked
/windows/12/windows/5/all_repeat_position_errors/0,-0.012500000000000067
/windows/12/windows/5/all_repeat_position_errors/1,-0.012500000000000067
/windows/12/windows/5/all_repeat_position_errors/2,-0.012500000000000067
/windows/12/windows/5/all_repeat_position_errors/3,0.012499999999999956
/windows/12/windows/5/all_repeat_position_errors/4,-0.012500000000000067
/windows/12/windows/5/all_repeat_position_errors/5,-0.012500000000000067
/windows/12/windows/5/all_repeat_position_errors/6,-0.012500000000000067
/windows/12/windows/5/all_repeat_position_errors/7,0.012499999999999956
/windows/12/windows/5/all_repeat_position_errors/8,-0.012500000000000067
/windows/12/windows/5/all_repeat_position_errors/9,-0.012500000000000067
/windows/12/windows/5/all_repeat_position_errors/10,-0.012500000000000067
/windows/12/windows/5/all_repeat_position_errors/11,-0.012500000000000067
/windows/12/windows/5/all_repeat_position_errors/12,-0.012500000000000067
/windows/12/windows/5/all_repeat_position_errors/13,-0.012500000000000067
/windows/12/windows/5/all_repeat_position_errors/14,0.012499999999999956
/windows/12/windows/5/all_repeat_position_errors/15,0.012499999999999956
/windows/12/windows/5/all_repeat_position_errors/16,-0.012500000000000067
/windows/12/windows/5/all_repeat_position_errors/17,-0.012500000000000067
/windows/12/windows/5/all_repeat_position_errors/18,-0.012500000000000067
/windows/12/windows/5/all_repeat_position_errors/19,-0.012500000000000067
/windows/12/windows/5/all_repeat_position_errors/20,-0.012500000000000067
/windows/12/windows/5/all_repeat_position_errors/21,-0.012500000000000067
/windows/12/windows/5/all_repeat_position_errors/22,-0.012500000000000067
/windows/12/windows/5/all_repeat_position_errors/23,-0.012500000000000067
/windows/12/windows/5/all_repeat_position_errors/24,0.012499999999999956
/windows/12/windows/5/all_repeat_position_errors/25,0.012499999999999956
/windows/12/windows/5/all_repeat_position_errors/26,0.012499999999999956
/windows/12/windows/5/all_repeat_position_errors/27,-0.012500000000000067
/windows/12/windows/5/all_repeat_position_errors/28,-0.012500000000000067
/windows/12/windows/5/all_repeat_position_errors/29,-0.012500000000000067
/windows/12/windows/5/all_repeat_position_errors/30,-0.012500000000000067
/windows/12/windows/5/all_repeat_position_errors/31,-0.012500000000000067
/windows/13/mode,equal_shots
/windows/13/budget,100000
/windows/13/p,0.01
/windows/13/method,zne_quadratic
/windows/13/requested_windows,6
/windows/13/executed_complete_windows,6
/windows/13/reference_resolvable_windows,5
/windows/13/frozen_matching_window_equivalents,3.34375
/windows/13/matched_fraction_given_reference,0.66875
/windows/13/matched_problem_window_equivalents,3.34375
/windows/13/quality_supported_match_window_equivalents,0.0
/windows/13/windows/0/kappa,0.0
/windows/13/windows/0/complete,True
/windows/13/windows/0/reference_resolvable,True
/windows/13/windows/0/match_fraction,0.0
/windows/13/windows/0/matched_problem_fraction,0.0
/windows/13/windows/0/quality_supported_match_fraction,0.0
/windows/13/windows/0/issues/nearby_branch_noise_effect_not_fully_checked,32
/windows/13/windows/0/issues/competing_peaks,5
/windows/13/windows/0/issues/endpoint_dominated,1
/windows/13/windows/0/exact_match,False
/windows/13/windows/0/exact_audit/0,nearby_branch_noise_effect_not_fully_checked
/windows/13/windows/0/all_repeat_position_errors/0,-0.07499999999999996
/windows/13/windows/0/all_repeat_position_errors/1,-0.07499999999999996
/windows/13/windows/0/all_repeat_position_errors/2,0.07500000000000018
/windows/13/windows/0/all_repeat_position_errors/3,0.07500000000000018
/windows/13/windows/0/all_repeat_position_errors/4,0.07500000000000018
/windows/13/windows/0/all_repeat_position_errors/5,0.07500000000000018
/windows/13/windows/0/all_repeat_position_errors/6,-0.050000000000000044
/windows/13/windows/0/all_repeat_position_errors/7,0.07500000000000018
/windows/13/windows/0/all_repeat_position_errors/8,0.07500000000000018
/windows/13/windows/0/all_repeat_position_errors/9,0.07500000000000018
/windows/13/windows/0/all_repeat_position_errors/10,0.07500000000000018
/windows/13/windows/0/all_repeat_position_errors/11,0.07500000000000018
/windows/13/windows/0/all_repeat_position_errors/12,0.07500000000000018
/windows/13/windows/0/all_repeat_position_errors/13,0.07500000000000018
/windows/13/windows/0/all_repeat_position_errors/14,-0.07499999999999996
/windows/13/windows/0/all_repeat_position_errors/15,0.07500000000000018
/windows/13/windows/0/all_repeat_position_errors/16,-0.050000000000000044
/windows/13/windows/0/all_repeat_position_errors/17,0.07500000000000018
/windows/13/windows/0/all_repeat_position_errors/18,0.07500000000000018
/windows/13/windows/0/all_repeat_position_errors/19,0.07500000000000018
/windows/13/windows/0/all_repeat_position_errors/20,0.07500000000000018
/windows/13/windows/0/all_repeat_position_errors/21,0.07500000000000018
/windows/13/windows/0/all_repeat_position_errors/22,0.07500000000000018
/windows/13/windows/0/all_repeat_position_errors/23,0.07500000000000018
/windows/13/windows/0/all_repeat_position_errors/24,0.07500000000000018
/windows/13/windows/0/all_repeat_position_errors/25,0.07500000000000018
/windows/13/windows/0/all_repeat_position_errors/26,0.07500000000000018
/windows/13/windows/0/all_repeat_position_errors/27,0.07500000000000018
/windows/13/windows/0/all_repeat_position_errors/28,0.07500000000000018
/windows/13/windows/0/all_repeat_position_errors/29,0.0625
/windows/13/windows/0/all_repeat_position_errors/30,0.07500000000000018
/windows/13/windows/0/all_repeat_position_errors/31,0.0625
/windows/13/windows/1/kappa,0.3
/windows/13/windows/1/complete,True
/windows/13/windows/1/reference_resolvable,True
/windows/13/windows/1/match_fraction,0.40625
/windows/13/windows/1/matched_problem_fraction,0.40625
/windows/13/windows/1/quality_supported_match_fraction,0.0
/windows/13/windows/1/issues/competing_peaks,5
/windows/13/windows/1/issues/nearby_branch_noise_effect_not_fully_checked,32
/windows/13/windows/1/exact_match,False
/windows/13/windows/1/exact_audit/0,competing_peaks
/windows/13/windows/1/exact_audit/1,nearby_branch_noise_effect_not_fully_checked
/windows/13/windows/1/all_repeat_position_errors/0,0.0625
/windows/13/windows/1/all_repeat_position_errors/1,0.0625
/windows/13/windows/1/all_repeat_position_errors/2,-0.025000000000000022
/windows/13/windows/1/all_repeat_position_errors/3,0.03749999999999998
/windows/13/windows/1/all_repeat_position_errors/4,0.0625
/windows/13/windows/1/all_repeat_position_errors/5,0.0625
/windows/13/windows/1/all_repeat_position_errors/6,-0.025000000000000022
/windows/13/windows/1/all_repeat_position_errors/7,0.0625
/windows/13/windows/1/all_repeat_position_errors/8,0.0625
/windows/13/windows/1/all_repeat_position_errors/9,0.0625
/windows/13/windows/1/all_repeat_position_errors/10,-0.025000000000000022
/windows/13/windows/1/all_repeat_position_errors/11,-0.0625
/windows/13/windows/1/all_repeat_position_errors/12,-0.07499999999999996
/windows/13/windows/1/all_repeat_position_errors/13,0.025000000000000022
/windows/13/windows/1/all_repeat_position_errors/14,0.0625
/windows/13/windows/1/all_repeat_position_errors/15,-0.025000000000000022
/windows/13/windows/1/all_repeat_position_errors/16,0.0625
/windows/13/windows/1/all_repeat_position_errors/17,0.0625
/windows/13/windows/1/all_repeat_position_errors/18,-0.025000000000000022
/windows/13/windows/1/all_repeat_position_errors/19,0.0
/windows/13/windows/1/all_repeat_position_errors/20,-0.025000000000000022
/windows/13/windows/1/all_repeat_position_errors/21,-0.025000000000000022
/windows/13/windows/1/all_repeat_position_errors/22,0.0625
/windows/13/windows/1/all_repeat_position_errors/23,0.03749999999999998
/windows/13/windows/1/all_repeat_position_errors/24,0.0625
/windows/13/windows/1/all_repeat_position_errors/25,-0.025000000000000022
/windows/13/windows/1/all_repeat_position_errors/26,0.025000000000000022
/windows/13/windows/1/all_repeat_position_errors/27,-0.025000000000000022
/windows/13/windows/1/all_repeat_position_errors/28,0.0625
/windows/13/windows/1/all_repeat_position_errors/29,-0.025000000000000022
/windows/13/windows/1/all_repeat_position_errors/30,0.03749999999999998
/windows/13/windows/1/all_repeat_position_errors/31,0.0625
/windows/13/windows/2/kappa,0.45
/windows/13/windows/2/complete,True
/windows/13/windows/2/reference_resolvable,True
/windows/13/windows/2/match_fraction,1.0
/windows/13/windows/2/matched_problem_fraction,1.0
/windows/13/windows/2/quality_supported_match_fraction,0.0
/windows/13/windows/2/issues/preparation_observable_failure_near_peak,32
/windows/13/windows/2/issues/nearby_branch_noise_effect_not_fully_checked,32
/windows/13/windows/2/exact_match,True
/windows/13/windows/2/exact_audit/0,preparation_observable_failure_near_peak
/windows/13/windows/2/exact_audit/1,nearby_branch_noise_effect_not_fully_checked
/windows/13/windows/2/all_repeat_position_errors/0,0.0
/windows/13/windows/2/all_repeat_position_errors/1,0.0
/windows/13/windows/2/all_repeat_position_errors/2,0.0
/windows/13/windows/2/all_repeat_position_errors/3,0.0
/windows/13/windows/2/all_repeat_position_errors/4,0.0
/windows/13/windows/2/all_repeat_position_errors/5,0.0
/windows/13/windows/2/all_repeat_position_errors/6,0.0
/windows/13/windows/2/all_repeat_position_errors/7,0.0
/windows/13/windows/2/all_repeat_position_errors/8,0.0
/windows/13/windows/2/all_repeat_position_errors/9,0.0
/windows/13/windows/2/all_repeat_position_errors/10,0.0
/windows/13/windows/2/all_repeat_position_errors/11,0.0
/windows/13/windows/2/all_repeat_position_errors/12,0.0
/windows/13/windows/2/all_repeat_position_errors/13,0.0
/windows/13/windows/2/all_repeat_position_errors/14,0.0
/windows/13/windows/2/all_repeat_position_errors/15,0.0
/windows/13/windows/2/all_repeat_position_errors/16,0.0
/windows/13/windows/2/all_repeat_position_errors/17,0.0
/windows/13/windows/2/all_repeat_position_errors/18,0.0
/windows/13/windows/2/all_repeat_position_errors/19,0.0
/windows/13/windows/2/all_repeat_position_errors/20,0.0
/windows/13/windows/2/all_repeat_position_errors/21,0.0
/windows/13/windows/2/all_repeat_position_errors/22,0.0
/windows/13/windows/2/all_repeat_position_errors/23,0.0
/windows/13/windows/2/all_repeat_position_errors/24,0.0
/windows/13/windows/2/all_repeat_position_errors/25,0.0
/windows/13/windows/2/all_repeat_position_errors/26,0.0
/windows/13/windows/2/all_repeat_position_errors/27,0.0
/windows/13/windows/2/all_repeat_position_errors/28,0.0
/windows/13/windows/2/all_repeat_position_errors/29,0.0
/windows/13/windows/2/all_repeat_position_errors/30,0.0
/windows/13/windows/2/all_repeat_position_errors/31,0.0
/windows/13/windows/3/kappa,0.5
/windows/13/windows/3/complete,True
/windows/13/windows/3/reference_resolvable,False
/windows/13/windows/3/match_fraction,0.0
/windows/13/windows/3/matched_problem_fraction,0.0
/windows/13/windows/3/quality_supported_match_fraction,0.0
/windows/13/windows/3/issues/preparation_observable_failure_near_peak,32
/windows/13/windows/3/issues/nearby_branch_noise_effect_not_fully_checked,32
/windows/13/windows/3/exact_match,False
/windows/13/windows/3/exact_audit/0,preparation_observable_failure_near_peak
/windows/13/windows/3/exact_audit/1,nearby_branch_noise_effect_not_fully_checked
/windows/13/windows/3/all_repeat_position_errors/0,
/windows/13/windows/3/all_repeat_position_errors/1,
/windows/13/windows/3/all_repeat_position_errors/2,
/windows/13/windows/3/all_repeat_position_errors/3,
/windows/13/windows/3/all_repeat_position_errors/4,
/windows/13/windows/3/all_repeat_position_errors/5,
/windows/13/windows/3/all_repeat_position_errors/6,
/windows/13/windows/3/all_repeat_position_errors/7,
/windows/13/windows/3/all_repeat_position_errors/8,
/windows/13/windows/3/all_repeat_position_errors/9,
/windows/13/windows/3/all_repeat_position_errors/10,
/windows/13/windows/3/all_repeat_position_errors/11,
/windows/13/windows/3/all_repeat_position_errors/12,
/windows/13/windows/3/all_repeat_position_errors/13,
/windows/13/windows/3/all_repeat_position_errors/14,
/windows/13/windows/3/all_repeat_position_errors/15,
/windows/13/windows/3/all_repeat_position_errors/16,
/windows/13/windows/3/all_repeat_position_errors/17,
/windows/13/windows/3/all_repeat_position_errors/18,
/windows/13/windows/3/all_repeat_position_errors/19,
/windows/13/windows/3/all_repeat_position_errors/20,
/windows/13/windows/3/all_repeat_position_errors/21,
/windows/13/windows/3/all_repeat_position_errors/22,
/windows/13/windows/3/all_repeat_position_errors/23,
/windows/13/windows/3/all_repeat_position_errors/24,
/windows/13/windows/3/all_repeat_position_errors/25,
/windows/13/windows/3/all_repeat_position_errors/26,
/windows/13/windows/3/all_repeat_position_errors/27,
/windows/13/windows/3/all_repeat_position_errors/28,
/windows/13/windows/3/all_repeat_position_errors/29,
/windows/13/windows/3/all_repeat_position_errors/30,
/windows/13/windows/3/all_repeat_position_errors/31,
/windows/13/windows/4/kappa,0.55
/windows/13/windows/4/complete,True
/windows/13/windows/4/reference_resolvable,True
/windows/13/windows/4/match_fraction,1.0
/windows/13/windows/4/matched_problem_fraction,1.0
/windows/13/windows/4/quality_supported_match_fraction,0.0
/windows/13/windows/4/issues/preparation_observable_failure_near_peak,32
/windows/13/windows/4/issues/nearby_branch_noise_effect_not_fully_checked,32
/windows/13/windows/4/exact_match,True
/windows/13/windows/4/exact_audit/0,preparation_observable_failure_near_peak
/windows/13/windows/4/exact_audit/1,nearby_branch_noise_effect_not_fully_checked
/windows/13/windows/4/all_repeat_position_errors/0,0.012500000000000011
/windows/13/windows/4/all_repeat_position_errors/1,0.012500000000000011
/windows/13/windows/4/all_repeat_position_errors/2,0.012500000000000011
/windows/13/windows/4/all_repeat_position_errors/3,0.012500000000000011
/windows/13/windows/4/all_repeat_position_errors/4,0.012500000000000011
/windows/13/windows/4/all_repeat_position_errors/5,0.012500000000000011
/windows/13/windows/4/all_repeat_position_errors/6,0.012500000000000011
/windows/13/windows/4/all_repeat_position_errors/7,0.012500000000000011
/windows/13/windows/4/all_repeat_position_errors/8,0.012500000000000011
/windows/13/windows/4/all_repeat_position_errors/9,0.012500000000000011
/windows/13/windows/4/all_repeat_position_errors/10,0.012500000000000011
/windows/13/windows/4/all_repeat_position_errors/11,0.012500000000000011
/windows/13/windows/4/all_repeat_position_errors/12,0.012500000000000011
/windows/13/windows/4/all_repeat_position_errors/13,0.012500000000000011
/windows/13/windows/4/all_repeat_position_errors/14,0.012500000000000011
/windows/13/windows/4/all_repeat_position_errors/15,0.012500000000000011
/windows/13/windows/4/all_repeat_position_errors/16,0.012500000000000011
/windows/13/windows/4/all_repeat_position_errors/17,0.012500000000000011
/windows/13/windows/4/all_repeat_position_errors/18,0.012500000000000011
/windows/13/windows/4/all_repeat_position_errors/19,0.012500000000000011
/windows/13/windows/4/all_repeat_position_errors/20,0.012500000000000011
/windows/13/windows/4/all_repeat_position_errors/21,0.012500000000000011
/windows/13/windows/4/all_repeat_position_errors/22,0.012500000000000011
/windows/13/windows/4/all_repeat_position_errors/23,0.012500000000000011
/windows/13/windows/4/all_repeat_position_errors/24,0.012500000000000011
/windows/13/windows/4/all_repeat_position_errors/25,0.012500000000000011
/windows/13/windows/4/all_repeat_position_errors/26,0.012500000000000011
/windows/13/windows/4/all_repeat_position_errors/27,0.012500000000000011
/windows/13/windows/4/all_repeat_position_errors/28,0.012500000000000011
/windows/13/windows/4/all_repeat_position_errors/29,0.012500000000000011
/windows/13/windows/4/all_repeat_position_errors/30,0.012500000000000011
/windows/13/windows/4/all_repeat_position_errors/31,0.012500000000000011
/windows/13/windows/5/kappa,0.8
/windows/13/windows/5/complete,True
/windows/13/windows/5/reference_resolvable,True
/windows/13/windows/5/match_fraction,0.9375
/windows/13/windows/5/matched_problem_fraction,0.9375
/windows/13/windows/5/quality_supported_match_fraction,0.0
/windows/13/windows/5/issues/preparation_observable_failure_near_peak,32
/windows/13/windows/5/issues/nearby_branch_noise_effect_not_fully_checked,15
/windows/13/windows/5/issues/endpoint_dominated,1
/windows/13/windows/5/exact_match,True
/windows/13/windows/5/exact_audit/0,preparation_observable_failure_near_peak
/windows/13/windows/5/all_repeat_position_errors/0,-0.012500000000000067
/windows/13/windows/5/all_repeat_position_errors/1,0.012499999999999956
/windows/13/windows/5/all_repeat_position_errors/2,0.012499999999999956
/windows/13/windows/5/all_repeat_position_errors/3,0.012499999999999956
/windows/13/windows/5/all_repeat_position_errors/4,-0.025000000000000022
/windows/13/windows/5/all_repeat_position_errors/5,0.012499999999999956
/windows/13/windows/5/all_repeat_position_errors/6,0.012499999999999956
/windows/13/windows/5/all_repeat_position_errors/7,-0.012500000000000067
/windows/13/windows/5/all_repeat_position_errors/8,0.012499999999999956
/windows/13/windows/5/all_repeat_position_errors/9,-0.012500000000000067
/windows/13/windows/5/all_repeat_position_errors/10,-0.012500000000000067
/windows/13/windows/5/all_repeat_position_errors/11,0.012499999999999956
/windows/13/windows/5/all_repeat_position_errors/12,-0.0625
/windows/13/windows/5/all_repeat_position_errors/13,0.012499999999999956
/windows/13/windows/5/all_repeat_position_errors/14,0.012499999999999956
/windows/13/windows/5/all_repeat_position_errors/15,-0.012500000000000067
/windows/13/windows/5/all_repeat_position_errors/16,0.012499999999999956
/windows/13/windows/5/all_repeat_position_errors/17,-0.012500000000000067
/windows/13/windows/5/all_repeat_position_errors/18,0.012499999999999956
/windows/13/windows/5/all_repeat_position_errors/19,0.012499999999999956
/windows/13/windows/5/all_repeat_position_errors/20,0.012499999999999956
/windows/13/windows/5/all_repeat_position_errors/21,0.03749999999999998
/windows/13/windows/5/all_repeat_position_errors/22,0.0625
/windows/13/windows/5/all_repeat_position_errors/23,-0.012500000000000067
/windows/13/windows/5/all_repeat_position_errors/24,0.012499999999999956
/windows/13/windows/5/all_repeat_position_errors/25,-0.012500000000000067
/windows/13/windows/5/all_repeat_position_errors/26,-0.012500000000000067
/windows/13/windows/5/all_repeat_position_errors/27,0.012499999999999956
/windows/13/windows/5/all_repeat_position_errors/28,-0.012500000000000067
/windows/13/windows/5/all_repeat_position_errors/29,-0.012500000000000067
/windows/13/windows/5/all_repeat_position_errors/30,0.012499999999999956
/windows/13/windows/5/all_repeat_position_errors/31,0.012499999999999956
/windows/14/mode,equal_shots
/windows/14/budget,100000
/windows/14/p,0.01
/windows/14/method,sv
/windows/14/requested_windows,6
/windows/14/executed_complete_windows,6
/windows/14/reference_resolvable_windows,5
/windows/14/frozen_matching_window_equivalents,2.90625
/windows/14/matched_fraction_given_reference,0.58125
/windows/14/matched_problem_window_equivalents,2.90625
/windows/14/quality_supported_match_window_equivalents,0.0
/windows/14/windows/0/kappa,0.0
/windows/14/windows/0/complete,True
/windows/14/windows/0/reference_resolvable,True
/windows/14/windows/0/match_fraction,0.0
/windows/14/windows/0/matched_problem_fraction,0.0
/windows/14/windows/0/quality_supported_match_fraction,0.0
/windows/14/windows/0/issues/nearby_branch_noise_effect_not_fully_checked,32
/windows/14/windows/0/issues/competing_peaks,5
/windows/14/windows/0/exact_match,False
/windows/14/windows/0/exact_audit/0,nearby_branch_noise_effect_not_fully_checked
/windows/14/windows/0/all_repeat_position_errors/0,0.07500000000000018
/windows/14/windows/0/all_repeat_position_errors/1,0.07500000000000018
/windows/14/windows/0/all_repeat_position_errors/2,0.07500000000000018
/windows/14/windows/0/all_repeat_position_errors/3,0.07500000000000018
/windows/14/windows/0/all_repeat_position_errors/4,-0.0625
/windows/14/windows/0/all_repeat_position_errors/5,0.07500000000000018
/windows/14/windows/0/all_repeat_position_errors/6,-0.07499999999999996
/windows/14/windows/0/all_repeat_position_errors/7,0.07500000000000018
/windows/14/windows/0/all_repeat_position_errors/8,0.07500000000000018
/windows/14/windows/0/all_repeat_position_errors/9,0.07500000000000018
/windows/14/windows/0/all_repeat_position_errors/10,0.07500000000000018
/windows/14/windows/0/all_repeat_position_errors/11,0.0625
/windows/14/windows/0/all_repeat_position_errors/12,0.07500000000000018
/windows/14/windows/0/all_repeat_position_errors/13,0.07500000000000018
/windows/14/windows/0/all_repeat_position_errors/14,0.07500000000000018
/windows/14/windows/0/all_repeat_position_errors/15,0.0625
/windows/14/windows/0/all_repeat_position_errors/16,0.07500000000000018
/windows/14/windows/0/all_repeat_position_errors/17,0.07500000000000018
/windows/14/windows/0/all_repeat_position_errors/18,0.07500000000000018
/windows/14/windows/0/all_repeat_position_errors/19,0.07500000000000018
/windows/14/windows/0/all_repeat_position_errors/20,0.07500000000000018
/windows/14/windows/0/all_repeat_position_errors/21,0.07500000000000018
/windows/14/windows/0/all_repeat_position_errors/22,0.07500000000000018
/windows/14/windows/0/all_repeat_position_errors/23,0.07500000000000018
/windows/14/windows/0/all_repeat_position_errors/24,0.07500000000000018
/windows/14/windows/0/all_repeat_position_errors/25,-0.07499999999999996
/windows/14/windows/0/all_repeat_position_errors/26,0.07500000000000018
/windows/14/windows/0/all_repeat_position_errors/27,0.07500000000000018
/windows/14/windows/0/all_repeat_position_errors/28,0.07500000000000018
/windows/14/windows/0/all_repeat_position_errors/29,0.07500000000000018
/windows/14/windows/0/all_repeat_position_errors/30,0.07500000000000018
/windows/14/windows/0/all_repeat_position_errors/31,0.07500000000000018
/windows/14/windows/1/kappa,0.3
/windows/14/windows/1/complete,True
/windows/14/windows/1/reference_resolvable,True
/windows/14/windows/1/match_fraction,0.125
/windows/14/windows/1/matched_problem_fraction,0.125
/windows/14/windows/1/quality_supported_match_fraction,0.0
/windows/14/windows/1/issues/nearby_branch_noise_effect_not_fully_checked,32
/windows/14/windows/1/issues/competing_peaks,1
/windows/14/windows/1/exact_match,False
/windows/14/windows/1/exact_audit/0,nearby_branch_noise_effect_not_fully_checked
/windows/14/windows/1/all_repeat_position_errors/0,0.0625
/windows/14/windows/1/all_repeat_position_errors/1,0.0625
/windows/14/windows/1/all_repeat_position_errors/2,0.0625
/windows/14/windows/1/all_repeat_position_errors/3,0.0625
/windows/14/windows/1/all_repeat_position_errors/4,0.03749999999999998
/windows/14/windows/1/all_repeat_position_errors/5,0.0625
/windows/14/windows/1/all_repeat_position_errors/6,0.0625
/windows/14/windows/1/all_repeat_position_errors/7,0.03749999999999998
/windows/14/windows/1/all_repeat_position_errors/8,0.0625
/windows/14/windows/1/all_repeat_position_errors/9,0.03749999999999998
/windows/14/windows/1/all_repeat_position_errors/10,0.0625
/windows/14/windows/1/all_repeat_position_errors/11,0.03749999999999998
/windows/14/windows/1/all_repeat_position_errors/12,0.0625
/windows/14/windows/1/all_repeat_position_errors/13,0.0625
/windows/14/windows/1/all_repeat_position_errors/14,0.0625
/windows/14/windows/1/all_repeat_position_errors/15,0.0625
/windows/14/windows/1/all_repeat_position_errors/16,0.0625
/windows/14/windows/1/all_repeat_position_errors/17,0.0625
/windows/14/windows/1/all_repeat_position_errors/18,0.0625
/windows/14/windows/1/all_repeat_position_errors/19,0.0625
/windows/14/windows/1/all_repeat_position_errors/20,0.0625
/windows/14/windows/1/all_repeat_position_errors/21,0.0625
/windows/14/windows/1/all_repeat_position_errors/22,0.0625
/windows/14/windows/1/all_repeat_position_errors/23,0.0625
/windows/14/windows/1/all_repeat_position_errors/24,0.0625
/windows/14/windows/1/all_repeat_position_errors/25,0.0625
/windows/14/windows/1/all_repeat_position_errors/26,-0.025000000000000022
/windows/14/windows/1/all_repeat_position_errors/27,0.0625
/windows/14/windows/1/all_repeat_position_errors/28,0.0625
/windows/14/windows/1/all_repeat_position_errors/29,0.0625
/windows/14/windows/1/all_repeat_position_errors/30,0.0625
/windows/14/windows/1/all_repeat_position_errors/31,0.0625
/windows/14/windows/2/kappa,0.45
/windows/14/windows/2/complete,True
/windows/14/windows/2/reference_resolvable,True
/windows/14/windows/2/match_fraction,1.0
/windows/14/windows/2/matched_problem_fraction,1.0
/windows/14/windows/2/quality_supported_match_fraction,0.0
/windows/14/windows/2/issues/preparation_observable_failure_near_peak,32
/windows/14/windows/2/issues/nearby_branch_noise_effect_not_fully_checked,32
/windows/14/windows/2/exact_match,True
/windows/14/windows/2/exact_audit/0,preparation_observable_failure_near_peak
/windows/14/windows/2/exact_audit/1,nearby_branch_noise_effect_not_fully_checked
/windows/14/windows/2/all_repeat_position_errors/0,0.0
/windows/14/windows/2/all_repeat_position_errors/1,0.0
/windows/14/windows/2/all_repeat_position_errors/2,0.0
/windows/14/windows/2/all_repeat_position_errors/3,0.0
/windows/14/windows/2/all_repeat_position_errors/4,0.0
/windows/14/windows/2/all_repeat_position_errors/5,0.0
/windows/14/windows/2/all_repeat_position_errors/6,0.0
/windows/14/windows/2/all_repeat_position_errors/7,0.0
/windows/14/windows/2/all_repeat_position_errors/8,0.0
/windows/14/windows/2/all_repeat_position_errors/9,0.0
/windows/14/windows/2/all_repeat_position_errors/10,0.0
/windows/14/windows/2/all_repeat_position_errors/11,0.0
/windows/14/windows/2/all_repeat_position_errors/12,0.0
/windows/14/windows/2/all_repeat_position_errors/13,0.0
/windows/14/windows/2/all_repeat_position_errors/14,0.0
/windows/14/windows/2/all_repeat_position_errors/15,0.0
/windows/14/windows/2/all_repeat_position_errors/16,0.0
/windows/14/windows/2/all_repeat_position_errors/17,0.0
/windows/14/windows/2/all_repeat_position_errors/18,0.0
/windows/14/windows/2/all_repeat_position_errors/19,0.0
/windows/14/windows/2/all_repeat_position_errors/20,0.0
/windows/14/windows/2/all_repeat_position_errors/21,0.0
/windows/14/windows/2/all_repeat_position_errors/22,0.0
/windows/14/windows/2/all_repeat_position_errors/23,0.0
/windows/14/windows/2/all_repeat_position_errors/24,0.0
/windows/14/windows/2/all_repeat_position_errors/25,0.0
/windows/14/windows/2/all_repeat_position_errors/26,0.0
/windows/14/windows/2/all_repeat_position_errors/27,0.0
/windows/14/windows/2/all_repeat_position_errors/28,0.0
/windows/14/windows/2/all_repeat_position_errors/29,0.0
/windows/14/windows/2/all_repeat_position_errors/30,0.0
/windows/14/windows/2/all_repeat_position_errors/31,0.0
/windows/14/windows/3/kappa,0.5
/windows/14/windows/3/complete,True
/windows/14/windows/3/reference_resolvable,False
/windows/14/windows/3/match_fraction,0.0
/windows/14/windows/3/matched_problem_fraction,0.0
/windows/14/windows/3/quality_supported_match_fraction,0.0
/windows/14/windows/3/issues/preparation_observable_failure_near_peak,32
/windows/14/windows/3/issues/nearby_branch_noise_effect_not_fully_checked,32
/windows/14/windows/3/issues/competing_peaks,1
/windows/14/windows/3/exact_match,False
/windows/14/windows/3/exact_audit/0,preparation_observable_failure_near_peak
/windows/14/windows/3/exact_audit/1,nearby_branch_noise_effect_not_fully_checked
/windows/14/windows/3/all_repeat_position_errors/0,
/windows/14/windows/3/all_repeat_position_errors/1,
/windows/14/windows/3/all_repeat_position_errors/2,
/windows/14/windows/3/all_repeat_position_errors/3,
/windows/14/windows/3/all_repeat_position_errors/4,
/windows/14/windows/3/all_repeat_position_errors/5,
/windows/14/windows/3/all_repeat_position_errors/6,
/windows/14/windows/3/all_repeat_position_errors/7,
/windows/14/windows/3/all_repeat_position_errors/8,
/windows/14/windows/3/all_repeat_position_errors/9,
/windows/14/windows/3/all_repeat_position_errors/10,
/windows/14/windows/3/all_repeat_position_errors/11,
/windows/14/windows/3/all_repeat_position_errors/12,
/windows/14/windows/3/all_repeat_position_errors/13,
/windows/14/windows/3/all_repeat_position_errors/14,
/windows/14/windows/3/all_repeat_position_errors/15,
/windows/14/windows/3/all_repeat_position_errors/16,
/windows/14/windows/3/all_repeat_position_errors/17,
/windows/14/windows/3/all_repeat_position_errors/18,
/windows/14/windows/3/all_repeat_position_errors/19,
/windows/14/windows/3/all_repeat_position_errors/20,
/windows/14/windows/3/all_repeat_position_errors/21,
/windows/14/windows/3/all_repeat_position_errors/22,
/windows/14/windows/3/all_repeat_position_errors/23,
/windows/14/windows/3/all_repeat_position_errors/24,
/windows/14/windows/3/all_repeat_position_errors/25,
/windows/14/windows/3/all_repeat_position_errors/26,
/windows/14/windows/3/all_repeat_position_errors/27,
/windows/14/windows/3/all_repeat_position_errors/28,
/windows/14/windows/3/all_repeat_position_errors/29,
/windows/14/windows/3/all_repeat_position_errors/30,
/windows/14/windows/3/all_repeat_position_errors/31,
/windows/14/windows/4/kappa,0.55
/windows/14/windows/4/complete,True
/windows/14/windows/4/reference_resolvable,True
/windows/14/windows/4/match_fraction,1.0
/windows/14/windows/4/matched_problem_fraction,1.0
/windows/14/windows/4/quality_supported_match_fraction,0.0
/windows/14/windows/4/issues/preparation_observable_failure_near_peak,32
/windows/14/windows/4/issues/nearby_branch_noise_effect_not_fully_checked,32
/windows/14/windows/4/exact_match,True
/windows/14/windows/4/exact_audit/0,preparation_observable_failure_near_peak
/windows/14/windows/4/exact_audit/1,nearby_branch_noise_effect_not_fully_checked
/windows/14/windows/4/all_repeat_position_errors/0,0.012500000000000011
/windows/14/windows/4/all_repeat_position_errors/1,0.012500000000000011
/windows/14/windows/4/all_repeat_position_errors/2,0.012500000000000011
/windows/14/windows/4/all_repeat_position_errors/3,0.012500000000000011
/windows/14/windows/4/all_repeat_position_errors/4,0.012500000000000011
/windows/14/windows/4/all_repeat_position_errors/5,0.012500000000000011
/windows/14/windows/4/all_repeat_position_errors/6,0.012500000000000011
/windows/14/windows/4/all_repeat_position_errors/7,0.012500000000000011
/windows/14/windows/4/all_repeat_position_errors/8,0.012500000000000011
/windows/14/windows/4/all_repeat_position_errors/9,0.012500000000000011
/windows/14/windows/4/all_repeat_position_errors/10,0.012500000000000011
/windows/14/windows/4/all_repeat_position_errors/11,0.012500000000000011
/windows/14/windows/4/all_repeat_position_errors/12,0.012500000000000011
/windows/14/windows/4/all_repeat_position_errors/13,0.012500000000000011
/windows/14/windows/4/all_repeat_position_errors/14,0.012500000000000011
/windows/14/windows/4/all_repeat_position_errors/15,0.012500000000000011
/windows/14/windows/4/all_repeat_position_errors/16,0.012500000000000011
/windows/14/windows/4/all_repeat_position_errors/17,0.012500000000000011
/windows/14/windows/4/all_repeat_position_errors/18,0.012500000000000011
/windows/14/windows/4/all_repeat_position_errors/19,0.012500000000000011
/windows/14/windows/4/all_repeat_position_errors/20,0.012500000000000011
/windows/14/windows/4/all_repeat_position_errors/21,0.012500000000000011
/windows/14/windows/4/all_repeat_position_errors/22,0.012500000000000011
/windows/14/windows/4/all_repeat_position_errors/23,0.012500000000000011
/windows/14/windows/4/all_repeat_position_errors/24,0.012500000000000011
/windows/14/windows/4/all_repeat_position_errors/25,0.012500000000000011
/windows/14/windows/4/all_repeat_position_errors/26,0.012500000000000011
/windows/14/windows/4/all_repeat_position_errors/27,0.012500000000000011
/windows/14/windows/4/all_repeat_position_errors/28,0.012500000000000011
/windows/14/windows/4/all_repeat_position_errors/29,0.012500000000000011
/windows/14/windows/4/all_repeat_position_errors/30,0.012500000000000011
/windows/14/windows/4/all_repeat_position_errors/31,0.012500000000000011
/windows/14/windows/5/kappa,0.8
/windows/14/windows/5/complete,True
/windows/14/windows/5/reference_resolvable,True
/windows/14/windows/5/match_fraction,0.78125
/windows/14/windows/5/matched_problem_fraction,0.78125
/windows/14/windows/5/quality_supported_match_fraction,0.0
/windows/14/windows/5/issues/preparation_observable_failure_near_peak,32
/windows/14/windows/5/issues/nearby_branch_noise_effect_not_fully_checked,29
/windows/14/windows/5/issues/endpoint_dominated,2
/windows/14/windows/5/issues/competing_peaks,1
/windows/14/windows/5/exact_match,True
/windows/14/windows/5/exact_audit/0,preparation_observable_failure_near_peak
/windows/14/windows/5/exact_audit/1,nearby_branch_noise_effect_not_fully_checked
/windows/14/windows/5/all_repeat_position_errors/0,-0.012500000000000067
/windows/14/windows/5/all_repeat_position_errors/1,-0.012500000000000067
/windows/14/windows/5/all_repeat_position_errors/2,0.04999999999999993
/windows/14/windows/5/all_repeat_position_errors/3,-0.08750000000000002
/windows/14/windows/5/all_repeat_position_errors/4,-0.012500000000000067
/windows/14/windows/5/all_repeat_position_errors/5,-0.012500000000000067
/windows/14/windows/5/all_repeat_position_errors/6,-0.012500000000000067
/windows/14/windows/5/all_repeat_position_errors/7,-0.012500000000000067
/windows/14/windows/5/all_repeat_position_errors/8,-0.025000000000000022
/windows/14/windows/5/all_repeat_position_errors/9,0.012499999999999956
/windows/14/windows/5/all_repeat_position_errors/10,-0.012500000000000067
/windows/14/windows/5/all_repeat_position_errors/11,-0.050000000000000044
/windows/14/windows/5/all_repeat_position_errors/12,-0.012500000000000067
/windows/14/windows/5/all_repeat_position_errors/13,-0.012500000000000067
/windows/14/windows/5/all_repeat_position_errors/14,-0.012500000000000067
/windows/14/windows/5/all_repeat_position_errors/15,-0.012500000000000067
/windows/14/windows/5/all_repeat_position_errors/16,-0.012500000000000067
/windows/14/windows/5/all_repeat_position_errors/17,-0.012500000000000067
/windows/14/windows/5/all_repeat_position_errors/18,-0.012500000000000067
/windows/14/windows/5/all_repeat_position_errors/19,-0.0625
/windows/14/windows/5/all_repeat_position_errors/20,-0.012500000000000067
/windows/14/windows/5/all_repeat_position_errors/21,-0.012500000000000067
/windows/14/windows/5/all_repeat_position_errors/22,-0.012500000000000067
/windows/14/windows/5/all_repeat_position_errors/23,0.04999999999999993
/windows/14/windows/5/all_repeat_position_errors/24,-0.050000000000000044
/windows/14/windows/5/all_repeat_position_errors/25,-0.012500000000000067
/windows/14/windows/5/all_repeat_position_errors/26,-0.012500000000000067
/windows/14/windows/5/all_repeat_position_errors/27,-0.050000000000000044
/windows/14/windows/5/all_repeat_position_errors/28,0.012499999999999956
/windows/14/windows/5/all_repeat_position_errors/29,-0.012500000000000067
/windows/14/windows/5/all_repeat_position_errors/30,0.012499999999999956
/windows/14/windows/5/all_repeat_position_errors/31,-0.0625
/windows/15/mode,equal_shots
/windows/15/budget,100000
/windows/15/p,0.05
/windows/15/method,raw
/windows/15/requested_windows,6
/windows/15/executed_complete_windows,6
/windows/15/reference_resolvable_windows,5
/windows/15/frozen_matching_window_equivalents,2.96875
/windows/15/matched_fraction_given_reference,0.59375
/windows/15/matched_problem_window_equivalents,2.96875
/windows/15/quality_supported_match_window_equivalents,0.0
/windows/15/windows/0/kappa,0.0
/windows/15/windows/0/complete,True
/windows/15/windows/0/reference_resolvable,True
/windows/15/windows/0/match_fraction,0.0
/windows/15/windows/0/matched_problem_fraction,0.0
/windows/15/windows/0/quality_supported_match_fraction,0.0
/windows/15/windows/0/issues/nearby_branch_noise_effect_not_fully_checked,32
/windows/15/windows/0/exact_match,False
/windows/15/windows/0/exact_audit/0,nearby_branch_noise_effect_not_fully_checked
/windows/15/windows/0/all_repeat_position_errors/0,0.07500000000000018
/windows/15/windows/0/all_repeat_position_errors/1,0.07500000000000018
/windows/15/windows/0/all_repeat_position_errors/2,0.07500000000000018
/windows/15/windows/0/all_repeat_position_errors/3,0.07500000000000018
/windows/15/windows/0/all_repeat_position_errors/4,0.07500000000000018
/windows/15/windows/0/all_repeat_position_errors/5,0.07500000000000018
/windows/15/windows/0/all_repeat_position_errors/6,0.07500000000000018
/windows/15/windows/0/all_repeat_position_errors/7,0.07500000000000018
/windows/15/windows/0/all_repeat_position_errors/8,0.07500000000000018
/windows/15/windows/0/all_repeat_position_errors/9,0.07500000000000018
/windows/15/windows/0/all_repeat_position_errors/10,0.07500000000000018
/windows/15/windows/0/all_repeat_position_errors/11,0.07500000000000018
/windows/15/windows/0/all_repeat_position_errors/12,0.07500000000000018
/windows/15/windows/0/all_repeat_position_errors/13,0.07500000000000018
/windows/15/windows/0/all_repeat_position_errors/14,0.07500000000000018
/windows/15/windows/0/all_repeat_position_errors/15,0.07500000000000018
/windows/15/windows/0/all_repeat_position_errors/16,0.07500000000000018
/windows/15/windows/0/all_repeat_position_errors/17,0.07500000000000018
/windows/15/windows/0/all_repeat_position_errors/18,0.07500000000000018
/windows/15/windows/0/all_repeat_position_errors/19,0.07500000000000018
/windows/15/windows/0/all_repeat_position_errors/20,0.07500000000000018
/windows/15/windows/0/all_repeat_position_errors/21,0.07500000000000018
/windows/15/windows/0/all_repeat_position_errors/22,0.07500000000000018
/windows/15/windows/0/all_repeat_position_errors/23,0.07500000000000018
/windows/15/windows/0/all_repeat_position_errors/24,0.07500000000000018
/windows/15/windows/0/all_repeat_position_errors/25,0.07500000000000018
/windows/15/windows/0/all_repeat_position_errors/26,0.07500000000000018
/windows/15/windows/0/all_repeat_position_errors/27,0.07500000000000018
/windows/15/windows/0/all_repeat_position_errors/28,0.07500000000000018
/windows/15/windows/0/all_repeat_position_errors/29,0.07500000000000018
/windows/15/windows/0/all_repeat_position_errors/30,0.07500000000000018
/windows/15/windows/0/all_repeat_position_errors/31,0.07500000000000018
/windows/15/windows/1/kappa,0.3
/windows/15/windows/1/complete,True
/windows/15/windows/1/reference_resolvable,True
/windows/15/windows/1/match_fraction,0.0
/windows/15/windows/1/matched_problem_fraction,0.0
/windows/15/windows/1/quality_supported_match_fraction,0.0
/windows/15/windows/1/issues/nearby_branch_noise_effect_not_fully_checked,32
/windows/15/windows/1/exact_match,False
/windows/15/windows/1/exact_audit/0,nearby_branch_noise_effect_not_fully_checked
/windows/15/windows/1/all_repeat_position_errors/0,0.0625
/windows/15/windows/1/all_repeat_position_errors/1,0.0625
/windows/15/windows/1/all_repeat_position_errors/2,0.0625
/windows/15/windows/1/all_repeat_position_errors/3,0.0625
/windows/15/windows/1/all_repeat_position_errors/4,0.0625
/windows/15/windows/1/all_repeat_position_errors/5,0.0625
/windows/15/windows/1/all_repeat_position_errors/6,0.0625
/windows/15/windows/1/all_repeat_position_errors/7,0.0625
/windows/15/windows/1/all_repeat_position_errors/8,0.0625
/windows/15/windows/1/all_repeat_position_errors/9,0.0625
/windows/15/windows/1/all_repeat_position_errors/10,0.0625
/windows/15/windows/1/all_repeat_position_errors/11,0.0625
/windows/15/windows/1/all_repeat_position_errors/12,0.0625
/windows/15/windows/1/all_repeat_position_errors/13,0.0625
/windows/15/windows/1/all_repeat_position_errors/14,0.0625
/windows/15/windows/1/all_repeat_position_errors/15,0.0625
/windows/15/windows/1/all_repeat_position_errors/16,0.0625
/windows/15/windows/1/all_repeat_position_errors/17,0.0625
/windows/15/windows/1/all_repeat_position_errors/18,0.0625
/windows/15/windows/1/all_repeat_position_errors/19,0.0625
/windows/15/windows/1/all_repeat_position_errors/20,0.0625
/windows/15/windows/1/all_repeat_position_errors/21,0.0625
/windows/15/windows/1/all_repeat_position_errors/22,0.0625
/windows/15/windows/1/all_repeat_position_errors/23,0.0625
/windows/15/windows/1/all_repeat_position_errors/24,0.0625
/windows/15/windows/1/all_repeat_position_errors/25,0.0625
/windows/15/windows/1/all_repeat_position_errors/26,0.0625
/windows/15/windows/1/all_repeat_position_errors/27,0.0625
/windows/15/windows/1/all_repeat_position_errors/28,0.0625
/windows/15/windows/1/all_repeat_position_errors/29,0.0625
/windows/15/windows/1/all_repeat_position_errors/30,0.0625
/windows/15/windows/1/all_repeat_position_errors/31,0.0625
/windows/15/windows/2/kappa,0.45
/windows/15/windows/2/complete,True
/windows/15/windows/2/reference_resolvable,True
/windows/15/windows/2/match_fraction,1.0
/windows/15/windows/2/matched_problem_fraction,1.0
/windows/15/windows/2/quality_supported_match_fraction,0.0
/windows/15/windows/2/issues/endpoint_dominated,32
/windows/15/windows/2/exact_match,True
/windows/15/windows/2/exact_audit/0,endpoint_dominated
/windows/15/windows/2/all_repeat_position_errors/0,-0.037500000000000006
/windows/15/windows/2/all_repeat_position_errors/1,-0.037500000000000006
/windows/15/windows/2/all_repeat_position_errors/2,-0.037500000000000006
/windows/15/windows/2/all_repeat_position_errors/3,-0.037500000000000006
/windows/15/windows/2/all_repeat_position_errors/4,-0.037500000000000006
/windows/15/windows/2/all_repeat_position_errors/5,-0.037500000000000006
/windows/15/windows/2/all_repeat_position_errors/6,-0.037500000000000006
/windows/15/windows/2/all_repeat_position_errors/7,-0.037500000000000006
/windows/15/windows/2/all_repeat_position_errors/8,-0.037500000000000006
/windows/15/windows/2/all_repeat_position_errors/9,-0.037500000000000006
/windows/15/windows/2/all_repeat_position_errors/10,-0.037500000000000006
/windows/15/windows/2/all_repeat_position_errors/11,-0.037500000000000006
/windows/15/windows/2/all_repeat_position_errors/12,-0.037500000000000006
/windows/15/windows/2/all_repeat_position_errors/13,-0.037500000000000006
/windows/15/windows/2/all_repeat_position_errors/14,-0.037500000000000006
/windows/15/windows/2/all_repeat_position_errors/15,-0.037500000000000006
/windows/15/windows/2/all_repeat_position_errors/16,-0.037500000000000006
/windows/15/windows/2/all_repeat_position_errors/17,-0.037500000000000006
/windows/15/windows/2/all_repeat_position_errors/18,-0.037500000000000006
/windows/15/windows/2/all_repeat_position_errors/19,-0.037500000000000006
/windows/15/windows/2/all_repeat_position_errors/20,-0.037500000000000006
/windows/15/windows/2/all_repeat_position_errors/21,-0.037500000000000006
/windows/15/windows/2/all_repeat_position_errors/22,-0.037500000000000006
/windows/15/windows/2/all_repeat_position_errors/23,-0.037500000000000006
/windows/15/windows/2/all_repeat_position_errors/24,-0.037500000000000006
/windows/15/windows/2/all_repeat_position_errors/25,-0.037500000000000006
/windows/15/windows/2/all_repeat_position_errors/26,-0.037500000000000006
/windows/15/windows/2/all_repeat_position_errors/27,-0.037500000000000006
/windows/15/windows/2/all_repeat_position_errors/28,-0.037500000000000006
/windows/15/windows/2/all_repeat_position_errors/29,-0.037500000000000006
/windows/15/windows/2/all_repeat_position_errors/30,-0.037500000000000006
/windows/15/windows/2/all_repeat_position_errors/31,-0.037500000000000006
/windows/15/windows/3/kappa,0.5
/windows/15/windows/3/complete,True
/windows/15/windows/3/reference_resolvable,False
/windows/15/windows/3/match_fraction,0.0
/windows/15/windows/3/matched_problem_fraction,0.0
/windows/15/windows/3/quality_supported_match_fraction,0.0
/windows/15/windows/3/issues/preparation_observable_failure_near_peak,32
/windows/15/windows/3/issues/nearby_branch_noise_effect_not_fully_checked,32
/windows/15/windows/3/issues/competing_peaks,4
/windows/15/windows/3/issues/endpoint_dominated,8
/windows/15/windows/3/exact_match,False
/windows/15/windows/3/exact_audit/0,preparation_observable_failure_near_peak
/windows/15/windows/3/exact_audit/1,nearby_branch_noise_effect_not_fully_checked
/windows/15/windows/3/all_repeat_position_errors/0,
/windows/15/windows/3/all_repeat_position_errors/1,
/windows/15/windows/3/all_repeat_position_errors/2,
/windows/15/windows/3/all_repeat_position_errors/3,
/windows/15/windows/3/all_repeat_position_errors/4,
/windows/15/windows/3/all_repeat_position_errors/5,
/windows/15/windows/3/all_repeat_position_errors/6,
/windows/15/windows/3/all_repeat_position_errors/7,
/windows/15/windows/3/all_repeat_position_errors/8,
/windows/15/windows/3/all_repeat_position_errors/9,
/windows/15/windows/3/all_repeat_position_errors/10,
/windows/15/windows/3/all_repeat_position_errors/11,
/windows/15/windows/3/all_repeat_position_errors/12,
/windows/15/windows/3/all_repeat_position_errors/13,
/windows/15/windows/3/all_repeat_position_errors/14,
/windows/15/windows/3/all_repeat_position_errors/15,
/windows/15/windows/3/all_repeat_position_errors/16,
/windows/15/windows/3/all_repeat_position_errors/17,
/windows/15/windows/3/all_repeat_position_errors/18,
/windows/15/windows/3/all_repeat_position_errors/19,
/windows/15/windows/3/all_repeat_position_errors/20,
/windows/15/windows/3/all_repeat_position_errors/21,
/windows/15/windows/3/all_repeat_position_errors/22,
/windows/15/windows/3/all_repeat_position_errors/23,
/windows/15/windows/3/all_repeat_position_errors/24,
/windows/15/windows/3/all_repeat_position_errors/25,
/windows/15/windows/3/all_repeat_position_errors/26,
/windows/15/windows/3/all_repeat_position_errors/27,
/windows/15/windows/3/all_repeat_position_errors/28,
/windows/15/windows/3/all_repeat_position_errors/29,
/windows/15/windows/3/all_repeat_position_errors/30,
/windows/15/windows/3/all_repeat_position_errors/31,
/windows/15/windows/4/kappa,0.55
/windows/15/windows/4/complete,True
/windows/15/windows/4/reference_resolvable,True
/windows/15/windows/4/match_fraction,1.0
/windows/15/windows/4/matched_problem_fraction,1.0
/windows/15/windows/4/quality_supported_match_fraction,0.0
/windows/15/windows/4/issues/endpoint_dominated,32
/windows/15/windows/4/issues/preparation_observable_failure_near_peak,32
/windows/15/windows/4/exact_match,True
/windows/15/windows/4/exact_audit/0,endpoint_dominated
/windows/15/windows/4/exact_audit/1,preparation_observable_failure_near_peak
/windows/15/windows/4/all_repeat_position_errors/0,-0.024999999999999994
/windows/15/windows/4/all_repeat_position_errors/1,-0.024999999999999994
/windows/15/windows/4/all_repeat_position_errors/2,-0.024999999999999994
/windows/15/windows/4/all_repeat_position_errors/3,-0.024999999999999994
/windows/15/windows/4/all_repeat_position_errors/4,-0.024999999999999994
/windows/15/windows/4/all_repeat_position_errors/5,-0.024999999999999994
/windows/15/windows/4/all_repeat_position_errors/6,-0.024999999999999994
/windows/15/windows/4/all_repeat_position_errors/7,-0.024999999999999994
/windows/15/windows/4/all_repeat_position_errors/8,-0.024999999999999994
/windows/15/windows/4/all_repeat_position_errors/9,-0.024999999999999994
/windows/15/windows/4/all_repeat_position_errors/10,-0.024999999999999994
/windows/15/windows/4/all_repeat_position_errors/11,-0.024999999999999994
/windows/15/windows/4/all_repeat_position_errors/12,-0.024999999999999994
/windows/15/windows/4/all_repeat_position_errors/13,-0.024999999999999994
/windows/15/windows/4/all_repeat_position_errors/14,-0.024999999999999994
/windows/15/windows/4/all_repeat_position_errors/15,-0.024999999999999994
/windows/15/windows/4/all_repeat_position_errors/16,-0.024999999999999994
/windows/15/windows/4/all_repeat_position_errors/17,-0.024999999999999994
/windows/15/windows/4/all_repeat_position_errors/18,-0.024999999999999994
/windows/15/windows/4/all_repeat_position_errors/19,-0.024999999999999994
/windows/15/windows/4/all_repeat_position_errors/20,-0.024999999999999994
/windows/15/windows/4/all_repeat_position_errors/21,-0.024999999999999994
/windows/15/windows/4/all_repeat_position_errors/22,-0.024999999999999994
/windows/15/windows/4/all_repeat_position_errors/23,-0.024999999999999994
/windows/15/windows/4/all_repeat_position_errors/24,-0.024999999999999994
/windows/15/windows/4/all_repeat_position_errors/25,-0.024999999999999994
/windows/15/windows/4/all_repeat_position_errors/26,-0.024999999999999994
/windows/15/windows/4/all_repeat_position_errors/27,-0.024999999999999994
/windows/15/windows/4/all_repeat_position_errors/28,-0.024999999999999994
/windows/15/windows/4/all_repeat_position_errors/29,-0.024999999999999994
/windows/15/windows/4/all_repeat_position_errors/30,-0.024999999999999994
/windows/15/windows/4/all_repeat_position_errors/31,-0.024999999999999994
/windows/15/windows/5/kappa,0.8
/windows/15/windows/5/complete,True
/windows/15/windows/5/reference_resolvable,True
/windows/15/windows/5/match_fraction,0.96875
/windows/15/windows/5/matched_problem_fraction,0.96875
/windows/15/windows/5/quality_supported_match_fraction,0.0
/windows/15/windows/5/issues/preparation_observable_failure_near_peak,32
/windows/15/windows/5/issues/nearby_branch_noise_effect_not_fully_checked,32
/windows/15/windows/5/issues/competing_peaks,1
/windows/15/windows/5/exact_match,True
/windows/15/windows/5/exact_audit/0,preparation_observable_failure_near_peak
/windows/15/windows/5/exact_audit/1,nearby_branch_noise_effect_not_fully_checked
/windows/15/windows/5/all_repeat_position_errors/0,-0.012500000000000067
/windows/15/windows/5/all_repeat_position_errors/1,-0.012500000000000067
/windows/15/windows/5/all_repeat_position_errors/2,-0.012500000000000067
/windows/15/windows/5/all_repeat_position_errors/3,-0.012500000000000067
/windows/15/windows/5/all_repeat_position_errors/4,-0.012500000000000067
/windows/15/windows/5/all_repeat_position_errors/5,-0.012500000000000067
/windows/15/windows/5/all_repeat_position_errors/6,0.04999999999999993
/windows/15/windows/5/all_repeat_position_errors/7,-0.012500000000000067
/windows/15/windows/5/all_repeat_position_errors/8,-0.012500000000000067
/windows/15/windows/5/all_repeat_position_errors/9,-0.012500000000000067
/windows/15/windows/5/all_repeat_position_errors/10,-0.012500000000000067
/windows/15/windows/5/all_repeat_position_errors/11,-0.012500000000000067
/windows/15/windows/5/all_repeat_position_errors/12,-0.012500000000000067
/windows/15/windows/5/all_repeat_position_errors/13,-0.012500000000000067
/windows/15/windows/5/all_repeat_position_errors/14,-0.012500000000000067
/windows/15/windows/5/all_repeat_position_errors/15,-0.012500000000000067
/windows/15/windows/5/all_repeat_position_errors/16,-0.012500000000000067
/windows/15/windows/5/all_repeat_position_errors/17,-0.012500000000000067
/windows/15/windows/5/all_repeat_position_errors/18,-0.012500000000000067
/windows/15/windows/5/all_repeat_position_errors/19,-0.012500000000000067
/windows/15/windows/5/all_repeat_position_errors/20,0.04999999999999993
/windows/15/windows/5/all_repeat_position_errors/21,-0.012500000000000067
/windows/15/windows/5/all_repeat_position_errors/22,-0.012500000000000067
/windows/15/windows/5/all_repeat_position_errors/23,-0.012500000000000067
/windows/15/windows/5/all_repeat_position_errors/24,-0.012500000000000067
/windows/15/windows/5/all_repeat_position_errors/25,-0.012500000000000067
/windows/15/windows/5/all_repeat_position_errors/26,-0.012500000000000067
/windows/15/windows/5/all_repeat_position_errors/27,-0.012500000000000067
/windows/15/windows/5/all_repeat_position_errors/28,-0.012500000000000067
/windows/15/windows/5/all_repeat_position_errors/29,-0.012500000000000067
/windows/15/windows/5/all_repeat_position_errors/30,-0.012500000000000067
/windows/15/windows/5/all_repeat_position_errors/31,-0.012500000000000067
/windows/16/mode,equal_shots
/windows/16/budget,100000
/windows/16/p,0.05
/windows/16/method,zne_quadratic
/windows/16/requested_windows,6
/windows/16/executed_complete_windows,6
/windows/16/reference_resolvable_windows,5
/windows/16/frozen_matching_window_equivalents,2.875
/windows/16/matched_fraction_given_reference,0.575
/windows/16/matched_problem_window_equivalents,1.875
/windows/16/quality_supported_match_window_equivalents,1.0
/windows/16/windows/0/kappa,0.0
/windows/16/windows/0/complete,True
/windows/16/windows/0/reference_resolvable,True
/windows/16/windows/0/match_fraction,0.0
/windows/16/windows/0/matched_problem_fraction,0.0
/windows/16/windows/0/quality_supported_match_fraction,0.0
/windows/16/windows/0/issues/nearby_branch_noise_effect_not_fully_checked,32
/windows/16/windows/0/exact_match,False
/windows/16/windows/0/exact_audit/0,nearby_branch_noise_effect_not_fully_checked
/windows/16/windows/0/all_repeat_position_errors/0,0.07500000000000018
/windows/16/windows/0/all_repeat_position_errors/1,0.07500000000000018
/windows/16/windows/0/all_repeat_position_errors/2,0.07500000000000018
/windows/16/windows/0/all_repeat_position_errors/3,0.07500000000000018
/windows/16/windows/0/all_repeat_position_errors/4,0.07500000000000018
/windows/16/windows/0/all_repeat_position_errors/5,0.07500000000000018
/windows/16/windows/0/all_repeat_position_errors/6,0.07500000000000018
/windows/16/windows/0/all_repeat_position_errors/7,0.07500000000000018
/windows/16/windows/0/all_repeat_position_errors/8,0.07500000000000018
/windows/16/windows/0/all_repeat_position_errors/9,0.07500000000000018
/windows/16/windows/0/all_repeat_position_errors/10,0.07500000000000018
/windows/16/windows/0/all_repeat_position_errors/11,0.07500000000000018
/windows/16/windows/0/all_repeat_position_errors/12,0.07500000000000018
/windows/16/windows/0/all_repeat_position_errors/13,0.07500000000000018
/windows/16/windows/0/all_repeat_position_errors/14,0.07500000000000018
/windows/16/windows/0/all_repeat_position_errors/15,0.07500000000000018
/windows/16/windows/0/all_repeat_position_errors/16,0.07500000000000018
/windows/16/windows/0/all_repeat_position_errors/17,0.07500000000000018
/windows/16/windows/0/all_repeat_position_errors/18,0.07500000000000018
/windows/16/windows/0/all_repeat_position_errors/19,0.07500000000000018
/windows/16/windows/0/all_repeat_position_errors/20,0.07500000000000018
/windows/16/windows/0/all_repeat_position_errors/21,0.07500000000000018
/windows/16/windows/0/all_repeat_position_errors/22,0.07500000000000018
/windows/16/windows/0/all_repeat_position_errors/23,0.07500000000000018
/windows/16/windows/0/all_repeat_position_errors/24,0.07500000000000018
/windows/16/windows/0/all_repeat_position_errors/25,0.07500000000000018
/windows/16/windows/0/all_repeat_position_errors/26,0.07500000000000018
/windows/16/windows/0/all_repeat_position_errors/27,0.07500000000000018
/windows/16/windows/0/all_repeat_position_errors/28,0.07500000000000018
/windows/16/windows/0/all_repeat_position_errors/29,0.07500000000000018
/windows/16/windows/0/all_repeat_position_errors/30,0.0625
/windows/16/windows/0/all_repeat_position_errors/31,0.07500000000000018
/windows/16/windows/1/kappa,0.3
/windows/16/windows/1/complete,True
/windows/16/windows/1/reference_resolvable,True
/windows/16/windows/1/match_fraction,0.0
/windows/16/windows/1/matched_problem_fraction,0.0
/windows/16/windows/1/quality_supported_match_fraction,0.0
/windows/16/windows/1/issues/nearby_branch_noise_effect_not_fully_checked,32
/windows/16/windows/1/exact_match,False
/windows/16/windows/1/exact_audit/0,nearby_branch_noise_effect_not_fully_checked
/windows/16/windows/1/all_repeat_position_errors/0,0.0625
/windows/16/windows/1/all_repeat_position_errors/1,0.0625
/windows/16/windows/1/all_repeat_position_errors/2,0.0625
/windows/16/windows/1/all_repeat_position_errors/3,0.0625
/windows/16/windows/1/all_repeat_position_errors/4,0.0625
/windows/16/windows/1/all_repeat_position_errors/5,0.0625
/windows/16/windows/1/all_repeat_position_errors/6,0.0625
/windows/16/windows/1/all_repeat_position_errors/7,0.0625
/windows/16/windows/1/all_repeat_position_errors/8,0.0625
/windows/16/windows/1/all_repeat_position_errors/9,0.0625
/windows/16/windows/1/all_repeat_position_errors/10,0.0625
/windows/16/windows/1/all_repeat_position_errors/11,0.0625
/windows/16/windows/1/all_repeat_position_errors/12,0.0625
/windows/16/windows/1/all_repeat_position_errors/13,0.0625
/windows/16/windows/1/all_repeat_position_errors/14,0.0625
/windows/16/windows/1/all_repeat_position_errors/15,0.0625
/windows/16/windows/1/all_repeat_position_errors/16,0.0625
/windows/16/windows/1/all_repeat_position_errors/17,0.0625
/windows/16/windows/1/all_repeat_position_errors/18,0.0625
/windows/16/windows/1/all_repeat_position_errors/19,0.0625
/windows/16/windows/1/all_repeat_position_errors/20,0.0625
/windows/16/windows/1/all_repeat_position_errors/21,0.0625
/windows/16/windows/1/all_repeat_position_errors/22,0.0625
/windows/16/windows/1/all_repeat_position_errors/23,0.0625
/windows/16/windows/1/all_repeat_position_errors/24,0.0625
/windows/16/windows/1/all_repeat_position_errors/25,0.0625
/windows/16/windows/1/all_repeat_position_errors/26,0.0625
/windows/16/windows/1/all_repeat_position_errors/27,0.0625
/windows/16/windows/1/all_repeat_position_errors/28,0.0625
/windows/16/windows/1/all_repeat_position_errors/29,0.0625
/windows/16/windows/1/all_repeat_position_errors/30,0.0625
/windows/16/windows/1/all_repeat_position_errors/31,0.0625
/windows/16/windows/2/kappa,0.45
/windows/16/windows/2/complete,True
/windows/16/windows/2/reference_resolvable,True
/windows/16/windows/2/match_fraction,1.0
/windows/16/windows/2/matched_problem_fraction,0.0
/windows/16/windows/2/quality_supported_match_fraction,1.0
/windows/16/windows/2/exact_match,True
/windows/16/windows/2/all_repeat_position_errors/0,-0.037500000000000006
/windows/16/windows/2/all_repeat_position_errors/1,-0.037500000000000006
/windows/16/windows/2/all_repeat_position_errors/2,-0.037500000000000006
/windows/16/windows/2/all_repeat_position_errors/3,-0.037500000000000006
/windows/16/windows/2/all_repeat_position_errors/4,-0.037500000000000006
/windows/16/windows/2/all_repeat_position_errors/5,-0.037500000000000006
/windows/16/windows/2/all_repeat_position_errors/6,-0.037500000000000006
/windows/16/windows/2/all_repeat_position_errors/7,-0.037500000000000006
/windows/16/windows/2/all_repeat_position_errors/8,-0.037500000000000006
/windows/16/windows/2/all_repeat_position_errors/9,-0.037500000000000006
/windows/16/windows/2/all_repeat_position_errors/10,-0.037500000000000006
/windows/16/windows/2/all_repeat_position_errors/11,-0.037500000000000006
/windows/16/windows/2/all_repeat_position_errors/12,-0.037500000000000006
/windows/16/windows/2/all_repeat_position_errors/13,-0.037500000000000006
/windows/16/windows/2/all_repeat_position_errors/14,-0.037500000000000006
/windows/16/windows/2/all_repeat_position_errors/15,-0.037500000000000006
/windows/16/windows/2/all_repeat_position_errors/16,-0.037500000000000006
/windows/16/windows/2/all_repeat_position_errors/17,-0.037500000000000006
/windows/16/windows/2/all_repeat_position_errors/18,-0.037500000000000006
/windows/16/windows/2/all_repeat_position_errors/19,-0.037500000000000006
/windows/16/windows/2/all_repeat_position_errors/20,-0.037500000000000006
/windows/16/windows/2/all_repeat_position_errors/21,-0.037500000000000006
/windows/16/windows/2/all_repeat_position_errors/22,-0.037500000000000006
/windows/16/windows/2/all_repeat_position_errors/23,-0.037500000000000006
/windows/16/windows/2/all_repeat_position_errors/24,-0.037500000000000006
/windows/16/windows/2/all_repeat_position_errors/25,-0.037500000000000006
/windows/16/windows/2/all_repeat_position_errors/26,-0.037500000000000006
/windows/16/windows/2/all_repeat_position_errors/27,-0.037500000000000006
/windows/16/windows/2/all_repeat_position_errors/28,-0.037500000000000006
/windows/16/windows/2/all_repeat_position_errors/29,-0.037500000000000006
/windows/16/windows/2/all_repeat_position_errors/30,-0.037500000000000006
/windows/16/windows/2/all_repeat_position_errors/31,-0.037500000000000006
/windows/16/windows/3/kappa,0.5
/windows/16/windows/3/complete,True
/windows/16/windows/3/reference_resolvable,False
/windows/16/windows/3/match_fraction,0.0
/windows/16/windows/3/matched_problem_fraction,0.0
/windows/16/windows/3/quality_supported_match_fraction,0.0
/windows/16/windows/3/issues/preparation_observable_failure_near_peak,32
/windows/16/windows/3/issues/nearby_branch_noise_effect_not_fully_checked,32
/windows/16/windows/3/issues/competing_peaks,6
/windows/16/windows/3/issues/endpoint_dominated,8
/windows/16/windows/3/exact_match,False
/windows/16/windows/3/exact_audit/0,preparation_observable_failure_near_peak
/windows/16/windows/3/exact_audit/1,nearby_branch_noise_effect_not_fully_checked
/windows/16/windows/3/all_repeat_position_errors/0,
/windows/16/windows/3/all_repeat_position_errors/1,
/windows/16/windows/3/all_repeat_position_errors/2,
/windows/16/windows/3/all_repeat_position_errors/3,
/windows/16/windows/3/all_repeat_position_errors/4,
/windows/16/windows/3/all_repeat_position_errors/5,
/windows/16/windows/3/all_repeat_position_errors/6,
/windows/16/windows/3/all_repeat_position_errors/7,
/windows/16/windows/3/all_repeat_position_errors/8,
/windows/16/windows/3/all_repeat_position_errors/9,
/windows/16/windows/3/all_repeat_position_errors/10,
/windows/16/windows/3/all_repeat_position_errors/11,
/windows/16/windows/3/all_repeat_position_errors/12,
/windows/16/windows/3/all_repeat_position_errors/13,
/windows/16/windows/3/all_repeat_position_errors/14,
/windows/16/windows/3/all_repeat_position_errors/15,
/windows/16/windows/3/all_repeat_position_errors/16,
/windows/16/windows/3/all_repeat_position_errors/17,
/windows/16/windows/3/all_repeat_position_errors/18,
/windows/16/windows/3/all_repeat_position_errors/19,
/windows/16/windows/3/all_repeat_position_errors/20,
/windows/16/windows/3/all_repeat_position_errors/21,
/windows/16/windows/3/all_repeat_position_errors/22,
/windows/16/windows/3/all_repeat_position_errors/23,
/windows/16/windows/3/all_repeat_position_errors/24,
/windows/16/windows/3/all_repeat_position_errors/25,
/windows/16/windows/3/all_repeat_position_errors/26,
/windows/16/windows/3/all_repeat_position_errors/27,
/windows/16/windows/3/all_repeat_position_errors/28,
/windows/16/windows/3/all_repeat_position_errors/29,
/windows/16/windows/3/all_repeat_position_errors/30,
/windows/16/windows/3/all_repeat_position_errors/31,
/windows/16/windows/4/kappa,0.55
/windows/16/windows/4/complete,True
/windows/16/windows/4/reference_resolvable,True
/windows/16/windows/4/match_fraction,1.0
/windows/16/windows/4/matched_problem_fraction,1.0
/windows/16/windows/4/quality_supported_match_fraction,0.0
/windows/16/windows/4/issues/preparation_observable_failure_near_peak,32
/windows/16/windows/4/exact_match,True
/windows/16/windows/4/exact_audit/0,preparation_observable_failure_near_peak
/windows/16/windows/4/all_repeat_position_errors/0,-0.024999999999999994
/windows/16/windows/4/all_repeat_position_errors/1,-0.024999999999999994
/windows/16/windows/4/all_repeat_position_errors/2,-0.024999999999999994
/windows/16/windows/4/all_repeat_position_errors/3,-0.024999999999999994
/windows/16/windows/4/all_repeat_position_errors/4,-0.024999999999999994
/windows/16/windows/4/all_repeat_position_errors/5,-0.024999999999999994
/windows/16/windows/4/all_repeat_position_errors/6,-0.024999999999999994
/windows/16/windows/4/all_repeat_position_errors/7,-0.024999999999999994
/windows/16/windows/4/all_repeat_position_errors/8,-0.024999999999999994
/windows/16/windows/4/all_repeat_position_errors/9,-0.024999999999999994
/windows/16/windows/4/all_repeat_position_errors/10,-0.024999999999999994
/windows/16/windows/4/all_repeat_position_errors/11,-0.024999999999999994
/windows/16/windows/4/all_repeat_position_errors/12,-0.024999999999999994
/windows/16/windows/4/all_repeat_position_errors/13,-0.024999999999999994
/windows/16/windows/4/all_repeat_position_errors/14,-0.024999999999999994
/windows/16/windows/4/all_repeat_position_errors/15,-0.024999999999999994
/windows/16/windows/4/all_repeat_position_errors/16,-0.024999999999999994
/windows/16/windows/4/all_repeat_position_errors/17,-0.024999999999999994
/windows/16/windows/4/all_repeat_position_errors/18,-0.024999999999999994
/windows/16/windows/4/all_repeat_position_errors/19,-0.024999999999999994
/windows/16/windows/4/all_repeat_position_errors/20,-0.024999999999999994
/windows/16/windows/4/all_repeat_position_errors/21,-0.024999999999999994
/windows/16/windows/4/all_repeat_position_errors/22,-0.024999999999999994
/windows/16/windows/4/all_repeat_position_errors/23,-0.024999999999999994
/windows/16/windows/4/all_repeat_position_errors/24,-0.024999999999999994
/windows/16/windows/4/all_repeat_position_errors/25,-0.024999999999999994
/windows/16/windows/4/all_repeat_position_errors/26,-0.024999999999999994
/windows/16/windows/4/all_repeat_position_errors/27,-0.024999999999999994
/windows/16/windows/4/all_repeat_position_errors/28,-0.024999999999999994
/windows/16/windows/4/all_repeat_position_errors/29,-0.024999999999999994
/windows/16/windows/4/all_repeat_position_errors/30,-0.024999999999999994
/windows/16/windows/4/all_repeat_position_errors/31,-0.024999999999999994
/windows/16/windows/5/kappa,0.8
/windows/16/windows/5/complete,True
/windows/16/windows/5/reference_resolvable,True
/windows/16/windows/5/match_fraction,0.875
/windows/16/windows/5/matched_problem_fraction,0.875
/windows/16/windows/5/quality_supported_match_fraction,0.0
/windows/16/windows/5/issues/endpoint_dominated,3
/windows/16/windows/5/issues/preparation_observable_failure_near_peak,32
/windows/16/windows/5/issues/nearby_branch_noise_effect_not_fully_checked,30
/windows/16/windows/5/issues/competing_peaks,1
/windows/16/windows/5/exact_match,True
/windows/16/windows/5/exact_audit/0,preparation_observable_failure_near_peak
/windows/16/windows/5/exact_audit/1,nearby_branch_noise_effect_not_fully_checked
/windows/16/windows/5/all_repeat_position_errors/0,-0.012500000000000067
/windows/16/windows/5/all_repeat_position_errors/1,-0.012500000000000067
/windows/16/windows/5/all_repeat_position_errors/2,-0.012500000000000067
/windows/16/windows/5/all_repeat_position_errors/3,-0.050000000000000044
/windows/16/windows/5/all_repeat_position_errors/4,-0.012500000000000067
/windows/16/windows/5/all_repeat_position_errors/5,-0.012500000000000067
/windows/16/windows/5/all_repeat_position_errors/6,0.012499999999999956
/windows/16/windows/5/all_repeat_position_errors/7,-0.012500000000000067
/windows/16/windows/5/all_repeat_position_errors/8,-0.012500000000000067
/windows/16/windows/5/all_repeat_position_errors/9,0.04999999999999993
/windows/16/windows/5/all_repeat_position_errors/10,0.04999999999999993
/windows/16/windows/5/all_repeat_position_errors/11,-0.08750000000000002
/windows/16/windows/5/all_repeat_position_errors/12,0.04999999999999993
/windows/16/windows/5/all_repeat_position_errors/13,0.012499999999999956
/windows/16/windows/5/all_repeat_position_errors/14,0.04999999999999993
/windows/16/windows/5/all_repeat_position_errors/15,-0.012500000000000067
/windows/16/windows/5/all_repeat_position_errors/16,0.04999999999999993
/windows/16/windows/5/all_repeat_position_errors/17,-0.012500000000000067
/windows/16/windows/5/all_repeat_position_errors/18,-0.012500000000000067
/windows/16/windows/5/all_repeat_position_errors/19,-0.012500000000000067
/windows/16/windows/5/all_repeat_position_errors/20,-0.08750000000000002
/windows/16/windows/5/all_repeat_position_errors/21,-0.012500000000000067
/windows/16/windows/5/all_repeat_position_errors/22,-0.012500000000000067
/windows/16/windows/5/all_repeat_position_errors/23,-0.012500000000000067
/windows/16/windows/5/all_repeat_position_errors/24,-0.0625
/windows/16/windows/5/all_repeat_position_errors/25,-0.012500000000000067
/windows/16/windows/5/all_repeat_position_errors/26,-0.012500000000000067
/windows/16/windows/5/all_repeat_position_errors/27,-0.012500000000000067
/windows/16/windows/5/all_repeat_position_errors/28,-0.012500000000000067
/windows/16/windows/5/all_repeat_position_errors/29,-0.012500000000000067
/windows/16/windows/5/all_repeat_position_errors/30,-0.012500000000000067
/windows/16/windows/5/all_repeat_position_errors/31,-0.012500000000000067
/windows/17/mode,equal_shots
/windows/17/budget,100000
/windows/17/p,0.05
/windows/17/method,sv
/windows/17/requested_windows,6
/windows/17/executed_complete_windows,6
/windows/17/reference_resolvable_windows,5
/windows/17/frozen_matching_window_equivalents,2.6875
/windows/17/matched_fraction_given_reference,0.5375
/windows/17/matched_problem_window_equivalents,2.6875
/windows/17/quality_supported_match_window_equivalents,0.0
/windows/17/windows/0/kappa,0.0
/windows/17/windows/0/complete,True
/windows/17/windows/0/reference_resolvable,True
/windows/17/windows/0/match_fraction,0.0625
/windows/17/windows/0/matched_problem_fraction,0.0625
/windows/17/windows/0/quality_supported_match_fraction,0.0
/windows/17/windows/0/issues/nearby_branch_noise_effect_not_fully_checked,32
/windows/17/windows/0/exact_match,False
/windows/17/windows/0/exact_audit/0,nearby_branch_noise_effect_not_fully_checked
/windows/17/windows/0/all_repeat_position_errors/0,0.07500000000000018
/windows/17/windows/0/all_repeat_position_errors/1,0.0625
/windows/17/windows/0/all_repeat_position_errors/2,0.07500000000000018
/windows/17/windows/0/all_repeat_position_errors/3,0.07500000000000018
/windows/17/windows/0/all_repeat_position_errors/4,0.07500000000000018
/windows/17/windows/0/all_repeat_position_errors/5,0.0625
/windows/17/windows/0/all_repeat_position_errors/6,0.07500000000000018
/windows/17/windows/0/all_repeat_position_errors/7,0.07500000000000018
/windows/17/windows/0/all_repeat_position_errors/8,0.07500000000000018
/windows/17/windows/0/all_repeat_position_errors/9,0.07500000000000018
/windows/17/windows/0/all_repeat_position_errors/10,0.07500000000000018
/windows/17/windows/0/all_repeat_position_errors/11,0.07500000000000018
/windows/17/windows/0/all_repeat_position_errors/12,0.07500000000000018
/windows/17/windows/0/all_repeat_position_errors/13,0.07500000000000018
/windows/17/windows/0/all_repeat_position_errors/14,0.0625
/windows/17/windows/0/all_repeat_position_errors/15,0.07500000000000018
/windows/17/windows/0/all_repeat_position_errors/16,0.07500000000000018
/windows/17/windows/0/all_repeat_position_errors/17,0.07500000000000018
/windows/17/windows/0/all_repeat_position_errors/18,0.07500000000000018
/windows/17/windows/0/all_repeat_position_errors/19,-0.03749999999999998
/windows/17/windows/0/all_repeat_position_errors/20,0.07500000000000018
/windows/17/windows/0/all_repeat_position_errors/21,0.03750000000000009
/windows/17/windows/0/all_repeat_position_errors/22,0.07500000000000018
/windows/17/windows/0/all_repeat_position_errors/23,0.0625
/windows/17/windows/0/all_repeat_position_errors/24,0.07500000000000018
/windows/17/windows/0/all_repeat_position_errors/25,0.07500000000000018
/windows/17/windows/0/all_repeat_position_errors/26,0.07500000000000018
/windows/17/windows/0/all_repeat_position_errors/27,0.07500000000000018
/windows/17/windows/0/all_repeat_position_errors/28,0.07500000000000018
/windows/17/windows/0/all_repeat_position_errors/29,0.0625
/windows/17/windows/0/all_repeat_position_errors/30,0.07500000000000018
/windows/17/windows/0/all_repeat_position_errors/31,0.07500000000000018
/windows/17/windows/1/kappa,0.3
/windows/17/windows/1/complete,True
/windows/17/windows/1/reference_resolvable,True
/windows/17/windows/1/match_fraction,0.0
/windows/17/windows/1/matched_problem_fraction,0.0
/windows/17/windows/1/quality_supported_match_fraction,0.0
/windows/17/windows/1/issues/nearby_branch_noise_effect_not_fully_checked,32
/windows/17/windows/1/exact_match,False
/windows/17/windows/1/exact_audit/0,nearby_branch_noise_effect_not_fully_checked
/windows/17/windows/1/all_repeat_position_errors/0,0.0625
/windows/17/windows/1/all_repeat_position_errors/1,0.0625
/windows/17/windows/1/all_repeat_position_errors/2,0.0625
/windows/17/windows/1/all_repeat_position_errors/3,0.0625
/windows/17/windows/1/all_repeat_position_errors/4,0.0625
/windows/17/windows/1/all_repeat_position_errors/5,0.0625
/windows/17/windows/1/all_repeat_position_errors/6,0.0625
/windows/17/windows/1/all_repeat_position_errors/7,0.0625
/windows/17/windows/1/all_repeat_position_errors/8,0.0625
/windows/17/windows/1/all_repeat_position_errors/9,0.0625
/windows/17/windows/1/all_repeat_position_errors/10,0.0625
/windows/17/windows/1/all_repeat_position_errors/11,0.0625
/windows/17/windows/1/all_repeat_position_errors/12,0.0625
/windows/17/windows/1/all_repeat_position_errors/13,0.0625
/windows/17/windows/1/all_repeat_position_errors/14,0.0625
/windows/17/windows/1/all_repeat_position_errors/15,0.0625
/windows/17/windows/1/all_repeat_position_errors/16,0.0625
/windows/17/windows/1/all_repeat_position_errors/17,0.0625
/windows/17/windows/1/all_repeat_position_errors/18,0.0625
/windows/17/windows/1/all_repeat_position_errors/19,0.0625
/windows/17/windows/1/all_repeat_position_errors/20,0.0625
/windows/17/windows/1/all_repeat_position_errors/21,0.0625
/windows/17/windows/1/all_repeat_position_errors/22,0.0625
/windows/17/windows/1/all_repeat_position_errors/23,0.0625
/windows/17/windows/1/all_repeat_position_errors/24,0.0625
/windows/17/windows/1/all_repeat_position_errors/25,0.0625
/windows/17/windows/1/all_repeat_position_errors/26,0.0625
/windows/17/windows/1/all_repeat_position_errors/27,0.0625
/windows/17/windows/1/all_repeat_position_errors/28,0.0625
/windows/17/windows/1/all_repeat_position_errors/29,0.0625
/windows/17/windows/1/all_repeat_position_errors/30,0.0625
/windows/17/windows/1/all_repeat_position_errors/31,0.0625
/windows/17/windows/2/kappa,0.45
/windows/17/windows/2/complete,True
/windows/17/windows/2/reference_resolvable,True
/windows/17/windows/2/match_fraction,1.0
/windows/17/windows/2/matched_problem_fraction,1.0
/windows/17/windows/2/quality_supported_match_fraction,0.0
/windows/17/windows/2/issues/endpoint_dominated,32
/windows/17/windows/2/exact_match,True
/windows/17/windows/2/exact_audit/0,endpoint_dominated
/windows/17/windows/2/all_repeat_position_errors/0,-0.037500000000000006
/windows/17/windows/2/all_repeat_position_errors/1,-0.037500000000000006
/windows/17/windows/2/all_repeat_position_errors/2,-0.037500000000000006
/windows/17/windows/2/all_repeat_position_errors/3,-0.037500000000000006
/windows/17/windows/2/all_repeat_position_errors/4,-0.037500000000000006
/windows/17/windows/2/all_repeat_position_errors/5,-0.037500000000000006
/windows/17/windows/2/all_repeat_position_errors/6,-0.037500000000000006
/windows/17/windows/2/all_repeat_position_errors/7,-0.037500000000000006
/windows/17/windows/2/all_repeat_position_errors/8,-0.037500000000000006
/windows/17/windows/2/all_repeat_position_errors/9,-0.037500000000000006
/windows/17/windows/2/all_repeat_position_errors/10,-0.037500000000000006
/windows/17/windows/2/all_repeat_position_errors/11,-0.037500000000000006
/windows/17/windows/2/all_repeat_position_errors/12,-0.037500000000000006
/windows/17/windows/2/all_repeat_position_errors/13,-0.037500000000000006
/windows/17/windows/2/all_repeat_position_errors/14,-0.037500000000000006
/windows/17/windows/2/all_repeat_position_errors/15,-0.037500000000000006
/windows/17/windows/2/all_repeat_position_errors/16,-0.037500000000000006
/windows/17/windows/2/all_repeat_position_errors/17,-0.037500000000000006
/windows/17/windows/2/all_repeat_position_errors/18,-0.037500000000000006
/windows/17/windows/2/all_repeat_position_errors/19,-0.037500000000000006
/windows/17/windows/2/all_repeat_position_errors/20,-0.037500000000000006
/windows/17/windows/2/all_repeat_position_errors/21,-0.037500000000000006
/windows/17/windows/2/all_repeat_position_errors/22,-0.037500000000000006
/windows/17/windows/2/all_repeat_position_errors/23,-0.037500000000000006
/windows/17/windows/2/all_repeat_position_errors/24,-0.037500000000000006
/windows/17/windows/2/all_repeat_position_errors/25,-0.037500000000000006
/windows/17/windows/2/all_repeat_position_errors/26,-0.037500000000000006
/windows/17/windows/2/all_repeat_position_errors/27,-0.037500000000000006
/windows/17/windows/2/all_repeat_position_errors/28,-0.037500000000000006
/windows/17/windows/2/all_repeat_position_errors/29,-0.037500000000000006
/windows/17/windows/2/all_repeat_position_errors/30,-0.037500000000000006
/windows/17/windows/2/all_repeat_position_errors/31,-0.037500000000000006
/windows/17/windows/3/kappa,0.5
/windows/17/windows/3/complete,True
/windows/17/windows/3/reference_resolvable,False
/windows/17/windows/3/match_fraction,0.0
/windows/17/windows/3/matched_problem_fraction,0.0
/windows/17/windows/3/quality_supported_match_fraction,0.0
/windows/17/windows/3/issues/endpoint_dominated,10
/windows/17/windows/3/issues/preparation_observable_failure_near_peak,32
/windows/17/windows/3/issues/nearby_branch_noise_effect_not_fully_checked,23
/windows/17/windows/3/issues/competing_peaks,5
/windows/17/windows/3/exact_match,False
/windows/17/windows/3/exact_audit/0,preparation_observable_failure_near_peak
/windows/17/windows/3/exact_audit/1,nearby_branch_noise_effect_not_fully_checked
/windows/17/windows/3/all_repeat_position_errors/0,
/windows/17/windows/3/all_repeat_position_errors/1,
/windows/17/windows/3/all_repeat_position_errors/2,
/windows/17/windows/3/all_repeat_position_errors/3,
/windows/17/windows/3/all_repeat_position_errors/4,
/windows/17/windows/3/all_repeat_position_errors/5,
/windows/17/windows/3/all_repeat_position_errors/6,
/windows/17/windows/3/all_repeat_position_errors/7,
/windows/17/windows/3/all_repeat_position_errors/8,
/windows/17/windows/3/all_repeat_position_errors/9,
/windows/17/windows/3/all_repeat_position_errors/10,
/windows/17/windows/3/all_repeat_position_errors/11,
/windows/17/windows/3/all_repeat_position_errors/12,
/windows/17/windows/3/all_repeat_position_errors/13,
/windows/17/windows/3/all_repeat_position_errors/14,
/windows/17/windows/3/all_repeat_position_errors/15,
/windows/17/windows/3/all_repeat_position_errors/16,
/windows/17/windows/3/all_repeat_position_errors/17,
/windows/17/windows/3/all_repeat_position_errors/18,
/windows/17/windows/3/all_repeat_position_errors/19,
/windows/17/windows/3/all_repeat_position_errors/20,
/windows/17/windows/3/all_repeat_position_errors/21,
/windows/17/windows/3/all_repeat_position_errors/22,
/windows/17/windows/3/all_repeat_position_errors/23,
/windows/17/windows/3/all_repeat_position_errors/24,
/windows/17/windows/3/all_repeat_position_errors/25,
/windows/17/windows/3/all_repeat_position_errors/26,
/windows/17/windows/3/all_repeat_position_errors/27,
/windows/17/windows/3/all_repeat_position_errors/28,
/windows/17/windows/3/all_repeat_position_errors/29,
/windows/17/windows/3/all_repeat_position_errors/30,
/windows/17/windows/3/all_repeat_position_errors/31,
/windows/17/windows/4/kappa,0.55
/windows/17/windows/4/complete,True
/windows/17/windows/4/reference_resolvable,True
/windows/17/windows/4/match_fraction,1.0
/windows/17/windows/4/matched_problem_fraction,1.0
/windows/17/windows/4/quality_supported_match_fraction,0.0
/windows/17/windows/4/issues/endpoint_dominated,32
/windows/17/windows/4/issues/preparation_observable_failure_near_peak,32
/windows/17/windows/4/exact_match,True
/windows/17/windows/4/exact_audit/0,endpoint_dominated
/windows/17/windows/4/exact_audit/1,preparation_observable_failure_near_peak
/windows/17/windows/4/all_repeat_position_errors/0,-0.024999999999999994
/windows/17/windows/4/all_repeat_position_errors/1,-0.024999999999999994
/windows/17/windows/4/all_repeat_position_errors/2,-0.024999999999999994
/windows/17/windows/4/all_repeat_position_errors/3,-0.024999999999999994
/windows/17/windows/4/all_repeat_position_errors/4,-0.024999999999999994
/windows/17/windows/4/all_repeat_position_errors/5,-0.024999999999999994
/windows/17/windows/4/all_repeat_position_errors/6,-0.024999999999999994
/windows/17/windows/4/all_repeat_position_errors/7,-0.024999999999999994
/windows/17/windows/4/all_repeat_position_errors/8,-0.024999999999999994
/windows/17/windows/4/all_repeat_position_errors/9,-0.024999999999999994
/windows/17/windows/4/all_repeat_position_errors/10,-0.024999999999999994
/windows/17/windows/4/all_repeat_position_errors/11,-0.024999999999999994
/windows/17/windows/4/all_repeat_position_errors/12,-0.024999999999999994
/windows/17/windows/4/all_repeat_position_errors/13,-0.024999999999999994
/windows/17/windows/4/all_repeat_position_errors/14,-0.024999999999999994
/windows/17/windows/4/all_repeat_position_errors/15,-0.024999999999999994
/windows/17/windows/4/all_repeat_position_errors/16,-0.024999999999999994
/windows/17/windows/4/all_repeat_position_errors/17,-0.024999999999999994
/windows/17/windows/4/all_repeat_position_errors/18,-0.024999999999999994
/windows/17/windows/4/all_repeat_position_errors/19,-0.024999999999999994
/windows/17/windows/4/all_repeat_position_errors/20,-0.024999999999999994
/windows/17/windows/4/all_repeat_position_errors/21,-0.024999999999999994
/windows/17/windows/4/all_repeat_position_errors/22,-0.024999999999999994
/windows/17/windows/4/all_repeat_position_errors/23,-0.024999999999999994
/windows/17/windows/4/all_repeat_position_errors/24,-0.024999999999999994
/windows/17/windows/4/all_repeat_position_errors/25,-0.024999999999999994
/windows/17/windows/4/all_repeat_position_errors/26,-0.024999999999999994
/windows/17/windows/4/all_repeat_position_errors/27,-0.024999999999999994
/windows/17/windows/4/all_repeat_position_errors/28,-0.024999999999999994
/windows/17/windows/4/all_repeat_position_errors/29,-0.024999999999999994
/windows/17/windows/4/all_repeat_position_errors/30,-0.024999999999999994
/windows/17/windows/4/all_repeat_position_errors/31,-0.024999999999999994
/windows/17/windows/5/kappa,0.8
/windows/17/windows/5/complete,True
/windows/17/windows/5/reference_resolvable,True
/windows/17/windows/5/match_fraction,0.625
/windows/17/windows/5/matched_problem_fraction,0.625
/windows/17/windows/5/quality_supported_match_fraction,0.0
/windows/17/windows/5/issues/preparation_observable_failure_near_peak,32
/windows/17/windows/5/issues/nearby_branch_noise_effect_not_fully_checked,26
/windows/17/windows/5/issues/endpoint_dominated,7
/windows/17/windows/5/issues/competing_peaks,2
/windows/17/windows/5/exact_match,True
/windows/17/windows/5/exact_audit/0,preparation_observable_failure_near_peak
/windows/17/windows/5/exact_audit/1,nearby_branch_noise_effect_not_fully_checked
/windows/17/windows/5/all_repeat_position_errors/0,0.012499999999999956
/windows/17/windows/5/all_repeat_position_errors/1,-0.050000000000000044
/windows/17/windows/5/all_repeat_position_errors/2,0.04999999999999993
/windows/17/windows/5/all_repeat_position_errors/3,0.0625
/windows/17/windows/5/all_repeat_position_errors/4,-0.07500000000000007
/windows/17/windows/5/all_repeat_position_errors/5,-0.050000000000000044
/windows/17/windows/5/all_repeat_position_errors/6,-0.012500000000000067
/windows/17/windows/5/all_repeat_position_errors/7,0.03749999999999998
/windows/17/windows/5/all_repeat_position_errors/8,0.012499999999999956
/windows/17/windows/5/all_repeat_position_errors/9,0.02499999999999991
/windows/17/windows/5/all_repeat_position_errors/10,-0.012500000000000067
/windows/17/windows/5/all_repeat_position_errors/11,-0.0625
/windows/17/windows/5/all_repeat_position_errors/12,-0.012500000000000067
/windows/17/windows/5/all_repeat_position_errors/13,-0.025000000000000022
/windows/17/windows/5/all_repeat_position_errors/14,-0.012500000000000067
/windows/17/windows/5/all_repeat_position_errors/15,-0.08750000000000002
/windows/17/windows/5/all_repeat_position_errors/16,0.012499999999999956
/windows/17/windows/5/all_repeat_position_errors/17,0.04999999999999993
/windows/17/windows/5/all_repeat_position_errors/18,-0.050000000000000044
/windows/17/windows/5/all_repeat_position_errors/19,0.0625
/windows/17/windows/5/all_repeat_position_errors/20,-0.08750000000000002
/windows/17/windows/5/all_repeat_position_errors/21,-0.012500000000000067
/windows/17/windows/5/all_repeat_position_errors/22,0.04999999999999993
/windows/17/windows/5/all_repeat_position_errors/23,-0.012500000000000067
/windows/17/windows/5/all_repeat_position_errors/24,0.012499999999999956
/windows/17/windows/5/all_repeat_position_errors/25,-0.03750000000000009
/windows/17/windows/5/all_repeat_position_errors/26,-0.012500000000000067
/windows/17/windows/5/all_repeat_position_errors/27,-0.012500000000000067
/windows/17/windows/5/all_repeat_position_errors/28,-0.012500000000000067
/windows/17/windows/5/all_repeat_position_errors/29,-0.03750000000000009
/windows/17/windows/5/all_repeat_position_errors/30,0.02499999999999991
/windows/17/windows/5/all_repeat_position_errors/31,-0.08750000000000002
/windows/18/mode,equal_gate
/windows/18/budget,100000
/windows/18/p,0
/windows/18/method,raw
/windows/18/requested_windows,2
/windows/18/executed_complete_windows,2
/windows/18/reference_resolvable_windows,2
/windows/18/frozen_matching_window_equivalents,1.4375
/windows/18/matched_fraction_given_reference,0.71875
/windows/18/matched_problem_window_equivalents,0.96875
/windows/18/quality_supported_match_window_equivalents,0.46875
/windows/18/windows/0/kappa,0.0
/windows/18/windows/0/complete,True
/windows/18/windows/0/reference_resolvable,True
/windows/18/windows/0/match_fraction,0.46875
/windows/18/windows/0/matched_problem_fraction,0.0
/windows/18/windows/0/quality_supported_match_fraction,0.46875
/windows/18/windows/0/issues/competing_peaks,13
/windows/18/windows/0/exact_match,False
/windows/18/windows/0/exact_audit/0,competing_peaks
/windows/18/windows/0/all_repeat_position_errors/0,0.025000000000000022
/windows/18/windows/0/all_repeat_position_errors/1,0.0625
/windows/18/windows/0/all_repeat_position_errors/2,-0.0625
/windows/18/windows/0/all_repeat_position_errors/3,0.0
/windows/18/windows/0/all_repeat_position_errors/4,0.08749999999999991
/windows/18/windows/0/all_repeat_position_errors/5,-0.025000000000000022
/windows/18/windows/0/all_repeat_position_errors/6,0.025000000000000022
/windows/18/windows/0/all_repeat_position_errors/7,0.04999999999999982
/windows/18/windows/0/all_repeat_position_errors/8,-0.03749999999999998
/windows/18/windows/0/all_repeat_position_errors/9,0.0
/windows/18/windows/0/all_repeat_position_errors/10,0.012499999999999956
/windows/18/windows/0/all_repeat_position_errors/11,0.04999999999999982
/windows/18/windows/0/all_repeat_position_errors/12,0.04999999999999982
/windows/18/windows/0/all_repeat_position_errors/13,0.012499999999999956
/windows/18/windows/0/all_repeat_position_errors/14,-0.025000000000000022
/windows/18/windows/0/all_repeat_position_errors/15,-0.050000000000000044
/windows/18/windows/0/all_repeat_position_errors/16,0.0625
/windows/18/windows/0/all_repeat_position_errors/17,0.07500000000000018
/windows/18/windows/0/all_repeat_position_errors/18,0.0625
/windows/18/windows/0/all_repeat_position_errors/19,0.04999999999999982
/windows/18/windows/0/all_repeat_position_errors/20,0.04999999999999982
/windows/18/windows/0/all_repeat_position_errors/21,0.025000000000000022
/windows/18/windows/0/all_repeat_position_errors/22,0.04999999999999982
/windows/18/windows/0/all_repeat_position_errors/23,0.08749999999999991
/windows/18/windows/0/all_repeat_position_errors/24,-0.03749999999999998
/windows/18/windows/0/all_repeat_position_errors/25,0.04999999999999982
/windows/18/windows/0/all_repeat_position_errors/26,0.025000000000000022
/windows/18/windows/0/all_repeat_position_errors/27,-0.012499999999999956
/windows/18/windows/0/all_repeat_position_errors/28,0.012499999999999956
/windows/18/windows/0/all_repeat_position_errors/29,0.03750000000000009
/windows/18/windows/0/all_repeat_position_errors/30,0.025000000000000022
/windows/18/windows/0/all_repeat_position_errors/31,-0.0625
/windows/18/windows/1/kappa,0.8
/windows/18/windows/1/complete,True
/windows/18/windows/1/reference_resolvable,True
/windows/18/windows/1/match_fraction,0.96875
/windows/18/windows/1/matched_problem_fraction,0.96875
/windows/18/windows/1/quality_supported_match_fraction,0.0
/windows/18/windows/1/issues/competing_peaks,1
/windows/18/windows/1/issues/preparation_observable_failure_near_peak,32
/windows/18/windows/1/issues/endpoint_dominated,1
/windows/18/windows/1/exact_match,True
/windows/18/windows/1/exact_audit/0,preparation_observable_failure_near_peak
/windows/18/windows/1/all_repeat_position_errors/0,-0.012500000000000067
/windows/18/windows/1/all_repeat_position_errors/1,-0.012500000000000067
/windows/18/windows/1/all_repeat_position_errors/2,-0.012500000000000067
/windows/18/windows/1/all_repeat_position_errors/3,-0.012500000000000067
/windows/18/windows/1/all_repeat_position_errors/4,-0.012500000000000067
/windows/18/windows/1/all_repeat_position_errors/5,0.03749999999999998
/windows/18/windows/1/all_repeat_position_errors/6,-0.012500000000000067
/windows/18/windows/1/all_repeat_position_errors/7,-0.012500000000000067
/windows/18/windows/1/all_repeat_position_errors/8,-0.012500000000000067
/windows/18/windows/1/all_repeat_position_errors/9,-0.012500000000000067
/windows/18/windows/1/all_repeat_position_errors/10,-0.012500000000000067
/windows/18/windows/1/all_repeat_position_errors/11,-0.012500000000000067
/windows/18/windows/1/all_repeat_position_errors/12,-0.012500000000000067
/windows/18/windows/1/all_repeat_position_errors/13,-0.012500000000000067
/windows/18/windows/1/all_repeat_position_errors/14,-0.012500000000000067
/windows/18/windows/1/all_repeat_position_errors/15,-0.012500000000000067
/windows/18/windows/1/all_repeat_position_errors/16,-0.012500000000000067
/windows/18/windows/1/all_repeat_position_errors/17,-0.012500000000000067
/windows/18/windows/1/all_repeat_position_errors/18,-0.012500000000000067
/windows/18/windows/1/all_repeat_position_errors/19,-0.012500000000000067
/windows/18/windows/1/all_repeat_position_errors/20,-0.012500000000000067
/windows/18/windows/1/all_repeat_position_errors/21,-0.012500000000000067
/windows/18/windows/1/all_repeat_position_errors/22,-0.012500000000000067
/windows/18/windows/1/all_repeat_position_errors/23,-0.012500000000000067
/windows/18/windows/1/all_repeat_position_errors/24,-0.012500000000000067
/windows/18/windows/1/all_repeat_position_errors/25,-0.012500000000000067
/windows/18/windows/1/all_repeat_position_errors/26,-0.012500000000000067
/windows/18/windows/1/all_repeat_position_errors/27,-0.012500000000000067
/windows/18/windows/1/all_repeat_position_errors/28,-0.012500000000000067
/windows/18/windows/1/all_repeat_position_errors/29,-0.012500000000000067
/windows/18/windows/1/all_repeat_position_errors/30,-0.012500000000000067
/windows/18/windows/1/all_repeat_position_errors/31,-0.012500000000000067
/windows/19/mode,equal_gate
/windows/19/budget,100000
/windows/19/p,0
/windows/19/method,zne_quadratic
/windows/19/requested_windows,2
/windows/19/executed_complete_windows,2
/windows/19/reference_resolvable_windows,2
/windows/19/frozen_matching_window_equivalents,1.15625
/windows/19/matched_fraction_given_reference,0.578125
/windows/19/matched_problem_window_equivalents,0.6875
/windows/19/quality_supported_match_window_equivalents,0.46875
/windows/19/windows/0/kappa,0.0
/windows/19/windows/0/complete,True
/windows/19/windows/0/reference_resolvable,True
/windows/19/windows/0/match_fraction,0.53125
/windows/19/windows/0/matched_problem_fraction,0.0625
/windows/19/windows/0/quality_supported_match_fraction,0.46875
/windows/19/windows/0/issues/competing_peaks,6
/windows/19/windows/0/issues/endpoint_dominated,6
/windows/19/windows/0/exact_match,False
/windows/19/windows/0/exact_audit/0,competing_peaks
/windows/19/windows/0/all_repeat_position_errors/0,-0.07499999999999996
/windows/19/windows/0/all_repeat_position_errors/1,-0.03749999999999998
/windows/19/windows/0/all_repeat_position_errors/2,0.0
/windows/19/windows/0/all_repeat_position_errors/3,0.012499999999999956
/windows/19/windows/0/all_repeat_position_errors/4,-0.07499999999999996
/windows/19/windows/0/all_repeat_position_errors/5,0.03750000000000009
/windows/19/windows/0/all_repeat_position_errors/6,0.04999999999999982
/windows/19/windows/0/all_repeat_position_errors/7,-0.025000000000000022
/windows/19/windows/0/all_repeat_position_errors/8,0.0625
/windows/19/windows/0/all_repeat_position_errors/9,0.0
/windows/19/windows/0/all_repeat_position_errors/10,0.012499999999999956
/windows/19/windows/0/all_repeat_position_errors/11,-0.0625
/windows/19/windows/0/all_repeat_position_errors/12,-0.07499999999999996
/windows/19/windows/0/all_repeat_position_errors/13,0.08749999999999991
/windows/19/windows/0/all_repeat_position_errors/14,-0.050000000000000044
/windows/19/windows/0/all_repeat_position_errors/15,0.0625
/windows/19/windows/0/all_repeat_position_errors/16,0.08749999999999991
/windows/19/windows/0/all_repeat_position_errors/17,-0.03749999999999998
/windows/19/windows/0/all_repeat_position_errors/18,-0.07499999999999996
/windows/19/windows/0/all_repeat_position_errors/19,0.025000000000000022
/windows/19/windows/0/all_repeat_position_errors/20,0.012499999999999956
/windows/19/windows/0/all_repeat_position_errors/21,0.07500000000000018
/windows/19/windows/0/all_repeat_position_errors/22,-0.0625
/windows/19/windows/0/all_repeat_position_errors/23,0.04999999999999982
/windows/19/windows/0/all_repeat_position_errors/24,0.0
/windows/19/windows/0/all_repeat_position_errors/25,0.04999999999999982
/windows/19/windows/0/all_repeat_position_errors/26,-0.03749999999999998
/windows/19/windows/0/all_repeat_position_errors/27,-0.0625
/windows/19/windows/0/all_repeat_position_errors/28,-0.012499999999999956
/windows/19/windows/0/all_repeat_position_errors/29,0.03750000000000009
/windows/19/windows/0/all_repeat_position_errors/30,-0.025000000000000022
/windows/19/windows/0/all_repeat_position_errors/31,-0.07499999999999996
/windows/19/windows/1/kappa,0.8
/windows/19/windows/1/complete,True
/windows/19/windows/1/reference_resolvable,True
/windows/19/windows/1/match_fraction,0.625
/windows/19/windows/1/matched_problem_fraction,0.625
/windows/19/windows/1/quality_supported_match_fraction,0.0
/windows/19/windows/1/issues/competing_peaks,6
/windows/19/windows/1/issues/preparation_observable_failure_near_peak,32
/windows/19/windows/1/issues/endpoint_dominated,5
/windows/19/windows/1/exact_match,True
/windows/19/windows/1/exact_audit/0,preparation_observable_failure_near_peak
/windows/19/windows/1/all_repeat_position_errors/0,0.0625
/windows/19/windows/1/all_repeat_position_errors/1,-0.03750000000000009
/windows/19/windows/1/all_repeat_position_errors/2,-0.025000000000000022
/windows/19/windows/1/all_repeat_position_errors/3,0.0
/windows/19/windows/1/all_repeat_position_errors/4,-0.012500000000000067
/windows/19/windows/1/all_repeat_position_errors/5,0.03749999999999998
/windows/19/windows/1/all_repeat_position_errors/6,-0.025000000000000022
/windows/19/windows/1/all_repeat_position_errors/7,0.0
/windows/19/windows/1/all_repeat_position_errors/8,0.04999999999999993
/windows/19/windows/1/all_repeat_position_errors/9,-0.012500000000000067
/windows/19/windows/1/all_repeat_position_errors/10,0.03749999999999998
/windows/19/windows/1/all_repeat_position_errors/11,-0.025000000000000022
/windows/19/windows/1/all_repeat_position_errors/12,0.0625
/windows/19/windows/1/all_repeat_position_errors/13,0.07499999999999996
/windows/19/windows/1/all_repeat_position_errors/14,0.02499999999999991
/windows/19/windows/1/all_repeat_position_errors/15,-0.0625
/windows/19/windows/1/all_repeat_position_errors/16,0.0
/windows/19/windows/1/all_repeat_position_errors/17,0.07499999999999996
/windows/19/windows/1/all_repeat_position_errors/18,-0.0625
/windows/19/windows/1/all_repeat_position_errors/19,0.012499999999999956
/windows/19/windows/1/all_repeat_position_errors/20,0.0
/windows/19/windows/1/all_repeat_position_errors/21,0.02499999999999991
/windows/19/windows/1/all_repeat_position_errors/22,0.0625
/windows/19/windows/1/all_repeat_position_errors/23,0.07499999999999996
/windows/19/windows/1/all_repeat_position_errors/24,0.012499999999999956
/windows/19/windows/1/all_repeat_position_errors/25,-0.0625
/windows/19/windows/1/all_repeat_position_errors/26,-0.03750000000000009
/windows/19/windows/1/all_repeat_position_errors/27,0.03749999999999998
/windows/19/windows/1/all_repeat_position_errors/28,0.07499999999999996
/windows/19/windows/1/all_repeat_position_errors/29,-0.012500000000000067
/windows/19/windows/1/all_repeat_position_errors/30,0.04999999999999993
/windows/19/windows/1/all_repeat_position_errors/31,-0.0625
/windows/20/mode,equal_gate
/windows/20/budget,100000
/windows/20/p,0
/windows/20/method,sv
/windows/20/requested_windows,2
/windows/20/executed_complete_windows,2
/windows/20/reference_resolvable_windows,2
/windows/20/frozen_matching_window_equivalents,1.28125
/windows/20/matched_fraction_given_reference,0.640625
/windows/20/matched_problem_window_equivalents,0.875
/windows/20/quality_supported_match_window_equivalents,0.40625
/windows/20/windows/0/kappa,0.0
/windows/20/windows/0/complete,True
/windows/20/windows/0/reference_resolvable,True
/windows/20/windows/0/match_fraction,0.5
/windows/20/windows/0/matched_problem_fraction,0.09375
/windows/20/windows/0/quality_supported_match_fraction,0.40625
/windows/20/windows/0/issues/competing_peaks,9
/windows/20/windows/0/issues/endpoint_dominated,5
/windows/20/windows/0/exact_match,False
/windows/20/windows/0/exact_audit/0,competing_peaks
/windows/20/windows/0/all_repeat_position_errors/0,0.012499999999999956
/windows/20/windows/0/all_repeat_position_errors/1,-0.0625
/windows/20/windows/0/all_repeat_position_errors/2,0.04999999999999982
/windows/20/windows/0/all_repeat_position_errors/3,0.0
/windows/20/windows/0/all_repeat_position_errors/4,-0.07499999999999996
/windows/20/windows/0/all_repeat_position_errors/5,0.03750000000000009
/windows/20/windows/0/all_repeat_position_errors/6,-0.050000000000000044
/windows/20/windows/0/all_repeat_position_errors/7,0.025000000000000022
/windows/20/windows/0/all_repeat_position_errors/8,0.04999999999999982
/windows/20/windows/0/all_repeat_position_errors/9,0.08749999999999991
/windows/20/windows/0/all_repeat_position_errors/10,0.025000000000000022
/windows/20/windows/0/all_repeat_position_errors/11,0.025000000000000022
/windows/20/windows/0/all_repeat_position_errors/12,0.07500000000000018
/windows/20/windows/0/all_repeat_position_errors/13,-0.050000000000000044
/windows/20/windows/0/all_repeat_position_errors/14,-0.03749999999999998
/windows/20/windows/0/all_repeat_position_errors/15,-0.012499999999999956
/windows/20/windows/0/all_repeat_position_errors/16,-0.0625
/windows/20/windows/0/all_repeat_position_errors/17,0.04999999999999982
/windows/20/windows/0/all_repeat_position_errors/18,0.0625
/windows/20/windows/0/all_repeat_position_errors/19,-0.07499999999999996
/windows/20/windows/0/all_repeat_position_errors/20,0.0625
/windows/20/windows/0/all_repeat_position_errors/21,-0.03749999999999998
/windows/20/windows/0/all_repeat_position_errors/22,0.012499999999999956
/windows/20/windows/0/all_repeat_position_errors/23,0.012499999999999956
/windows/20/windows/0/all_repeat_position_errors/24,0.0
/windows/20/windows/0/all_repeat_position_errors/25,0.0
/windows/20/windows/0/all_repeat_position_errors/26,-0.012499999999999956
/windows/20/windows/0/all_repeat_position_errors/27,0.0
/windows/20/windows/0/all_repeat_position_errors/28,0.03750000000000009
/windows/20/windows/0/all_repeat_position_errors/29,0.03750000000000009
/windows/20/windows/0/all_repeat_position_errors/30,0.0625
/windows/20/windows/0/all_repeat_position_errors/31,-0.025000000000000022
/windows/20/windows/1/kappa,0.8
/windows/20/windows/1/complete,True
/windows/20/windows/1/reference_resolvable,True
/windows/20/windows/1/match_fraction,0.78125
/windows/20/windows/1/matched_problem_fraction,0.78125
/windows/20/windows/1/quality_supported_match_fraction,0.0
/windows/20/windows/1/issues/competing_peaks,4
/windows/20/windows/1/issues/preparation_observable_failure_near_peak,32
/windows/20/windows/1/issues/endpoint_dominated,4
/windows/20/windows/1/exact_match,True
/windows/20/windows/1/exact_audit/0,preparation_observable_failure_near_peak
/windows/20/windows/1/all_repeat_position_errors/0,-0.012500000000000067
/windows/20/windows/1/all_repeat_position_errors/1,-0.025000000000000022
/windows/20/windows/1/all_repeat_position_errors/2,0.07499999999999996
/windows/20/windows/1/all_repeat_position_errors/3,-0.012500000000000067
/windows/20/windows/1/all_repeat_position_errors/4,-0.012500000000000067
/windows/20/windows/1/all_repeat_position_errors/5,0.03749999999999998
/windows/20/windows/1/all_repeat_position_errors/6,-0.012500000000000067
/windows/20/windows/1/all_repeat_position_errors/7,-0.012500000000000067
/windows/20/windows/1/all_repeat_position_errors/8,0.012499999999999956
/windows/20/windows/1/all_repeat_position_errors/9,0.012499999999999956
/windows/20/windows/1/all_repeat_position_errors/10,-0.012500000000000067
/windows/20/windows/1/all_repeat_position_errors/11,-0.012500000000000067
/windows/20/windows/1/all_repeat_position_errors/12,0.0
/windows/20/windows/1/all_repeat_position_errors/13,-0.012500000000000067
/windows/20/windows/1/all_repeat_position_errors/14,0.012499999999999956
/windows/20/windows/1/all_repeat_position_errors/15,-0.012500000000000067
/windows/20/windows/1/all_repeat_position_errors/16,0.0625
/windows/20/windows/1/all_repeat_position_errors/17,-0.012500000000000067
/windows/20/windows/1/all_repeat_position_errors/18,0.0625
/windows/20/windows/1/all_repeat_position_errors/19,-0.012500000000000067
/windows/20/windows/1/all_repeat_position_errors/20,-0.012500000000000067
/windows/20/windows/1/all_repeat_position_errors/21,-0.012500000000000067
/windows/20/windows/1/all_repeat_position_errors/22,0.0625
/windows/20/windows/1/all_repeat_position_errors/23,-0.012500000000000067
/windows/20/windows/1/all_repeat_position_errors/24,-0.03750000000000009
/windows/20/windows/1/all_repeat_position_errors/25,-0.012500000000000067
/windows/20/windows/1/all_repeat_position_errors/26,-0.012500000000000067
/windows/20/windows/1/all_repeat_position_errors/27,0.0
/windows/20/windows/1/all_repeat_position_errors/28,-0.012500000000000067
/windows/20/windows/1/all_repeat_position_errors/29,-0.012500000000000067
/windows/20/windows/1/all_repeat_position_errors/30,-0.012500000000000067
/windows/20/windows/1/all_repeat_position_errors/31,-0.012500000000000067
/windows/21/mode,equal_gate
/windows/21/budget,100000
/windows/21/p,0.01
/windows/21/method,raw
/windows/21/requested_windows,2
/windows/21/executed_complete_windows,2
/windows/21/reference_resolvable_windows,2
/windows/21/frozen_matching_window_equivalents,1.0
/windows/21/matched_fraction_given_reference,0.5
/windows/21/matched_problem_window_equivalents,1.0
/windows/21/quality_supported_match_window_equivalents,0.0
/windows/21/windows/0/kappa,0.0
/windows/21/windows/0/complete,True
/windows/21/windows/0/reference_resolvable,True
/windows/21/windows/0/match_fraction,0.0
/windows/21/windows/0/matched_problem_fraction,0.0
/windows/21/windows/0/quality_supported_match_fraction,0.0
/windows/21/windows/0/issues/nearby_branch_noise_effect_not_fully_checked,32
/windows/21/windows/0/exact_match,False
/windows/21/windows/0/exact_audit/0,nearby_branch_noise_effect_not_fully_checked
/windows/21/windows/0/all_repeat_position_errors/0,0.07500000000000018
/windows/21/windows/0/all_repeat_position_errors/1,0.07500000000000018
/windows/21/windows/0/all_repeat_position_errors/2,0.07500000000000018
/windows/21/windows/0/all_repeat_position_errors/3,0.07500000000000018
/windows/21/windows/0/all_repeat_position_errors/4,0.07500000000000018
/windows/21/windows/0/all_repeat_position_errors/5,0.07500000000000018
/windows/21/windows/0/all_repeat_position_errors/6,0.07500000000000018
/windows/21/windows/0/all_repeat_position_errors/7,0.07500000000000018
/windows/21/windows/0/all_repeat_position_errors/8,0.07500000000000018
/windows/21/windows/0/all_repeat_position_errors/9,0.07500000000000018
/windows/21/windows/0/all_repeat_position_errors/10,0.07500000000000018
/windows/21/windows/0/all_repeat_position_errors/11,0.07500000000000018
/windows/21/windows/0/all_repeat_position_errors/12,0.07500000000000018
/windows/21/windows/0/all_repeat_position_errors/13,0.07500000000000018
/windows/21/windows/0/all_repeat_position_errors/14,0.07500000000000018
/windows/21/windows/0/all_repeat_position_errors/15,0.07500000000000018
/windows/21/windows/0/all_repeat_position_errors/16,0.07500000000000018
/windows/21/windows/0/all_repeat_position_errors/17,0.07500000000000018
/windows/21/windows/0/all_repeat_position_errors/18,0.07500000000000018
/windows/21/windows/0/all_repeat_position_errors/19,0.07500000000000018
/windows/21/windows/0/all_repeat_position_errors/20,0.07500000000000018
/windows/21/windows/0/all_repeat_position_errors/21,0.07500000000000018
/windows/21/windows/0/all_repeat_position_errors/22,0.07500000000000018
/windows/21/windows/0/all_repeat_position_errors/23,0.07500000000000018
/windows/21/windows/0/all_repeat_position_errors/24,0.07500000000000018
/windows/21/windows/0/all_repeat_position_errors/25,0.07500000000000018
/windows/21/windows/0/all_repeat_position_errors/26,0.07500000000000018
/windows/21/windows/0/all_repeat_position_errors/27,0.07500000000000018
/windows/21/windows/0/all_repeat_position_errors/28,0.07500000000000018
/windows/21/windows/0/all_repeat_position_errors/29,0.07500000000000018
/windows/21/windows/0/all_repeat_position_errors/30,0.07500000000000018
/windows/21/windows/0/all_repeat_position_errors/31,0.07500000000000018
/windows/21/windows/1/kappa,0.8
/windows/21/windows/1/complete,True
/windows/21/windows/1/reference_resolvable,True
/windows/21/windows/1/match_fraction,1.0
/windows/21/windows/1/matched_problem_fraction,1.0
/windows/21/windows/1/quality_supported_match_fraction,0.0
/windows/21/windows/1/issues/preparation_observable_failure_near_peak,32
/windows/21/windows/1/issues/nearby_branch_noise_effect_not_fully_checked,24
/windows/21/windows/1/exact_match,True
/windows/21/windows/1/exact_audit/0,preparation_observable_failure_near_peak
/windows/21/windows/1/exact_audit/1,nearby_branch_noise_effect_not_fully_checked
/windows/21/windows/1/all_repeat_position_errors/0,0.012499999999999956
/windows/21/windows/1/all_repeat_position_errors/1,-0.012500000000000067
/windows/21/windows/1/all_repeat_position_errors/2,-0.012500000000000067
/windows/21/windows/1/all_repeat_position_errors/3,-0.012500000000000067
/windows/21/windows/1/all_repeat_position_errors/4,-0.012500000000000067
/windows/21/windows/1/all_repeat_position_errors/5,-0.012500000000000067
/windows/21/windows/1/all_repeat_position_errors/6,-0.012500000000000067
/windows/21/windows/1/all_repeat_position_errors/7,-0.012500000000000067
/windows/21/windows/1/all_repeat_position_errors/8,-0.012500000000000067
/windows/21/windows/1/all_repeat_position_errors/9,0.012499999999999956
/windows/21/windows/1/all_repeat_position_errors/10,-0.012500000000000067
/windows/21/windows/1/all_repeat_position_errors/11,0.012499999999999956
/windows/21/windows/1/all_repeat_position_errors/12,-0.012500000000000067
/windows/21/windows/1/all_repeat_position_errors/13,0.012499999999999956
/windows/21/windows/1/all_repeat_position_errors/14,-0.012500000000000067
/windows/21/windows/1/all_repeat_position_errors/15,0.012499999999999956
/windows/21/windows/1/all_repeat_position_errors/16,-0.012500000000000067
/windows/21/windows/1/all_repeat_position_errors/17,-0.012500000000000067
/windows/21/windows/1/all_repeat_position_errors/18,-0.012500000000000067
/windows/21/windows/1/all_repeat_position_errors/19,-0.012500000000000067
/windows/21/windows/1/all_repeat_position_errors/20,-0.012500000000000067
/windows/21/windows/1/all_repeat_position_errors/21,-0.012500000000000067
/windows/21/windows/1/all_repeat_position_errors/22,0.012499999999999956
/windows/21/windows/1/all_repeat_position_errors/23,0.012499999999999956
/windows/21/windows/1/all_repeat_position_errors/24,-0.012500000000000067
/windows/21/windows/1/all_repeat_position_errors/25,-0.012500000000000067
/windows/21/windows/1/all_repeat_position_errors/26,-0.012500000000000067
/windows/21/windows/1/all_repeat_position_errors/27,-0.012500000000000067
/windows/21/windows/1/all_repeat_position_errors/28,-0.012500000000000067
/windows/21/windows/1/all_repeat_position_errors/29,-0.012500000000000067
/windows/21/windows/1/all_repeat_position_errors/30,-0.012500000000000067
/windows/21/windows/1/all_repeat_position_errors/31,0.012499999999999956
/windows/22/mode,equal_gate
/windows/22/budget,100000
/windows/22/p,0.01
/windows/22/method,zne_quadratic
/windows/22/requested_windows,2
/windows/22/executed_complete_windows,2
/windows/22/reference_resolvable_windows,2
/windows/22/frozen_matching_window_equivalents,0.59375
/windows/22/matched_fraction_given_reference,0.296875
/windows/22/matched_problem_window_equivalents,0.59375
/windows/22/quality_supported_match_window_equivalents,0.0
/windows/22/windows/0/kappa,0.0
/windows/22/windows/0/complete,True
/windows/22/windows/0/reference_resolvable,True
/windows/22/windows/0/match_fraction,0.09375
/windows/22/windows/0/matched_problem_fraction,0.09375
/windows/22/windows/0/quality_supported_match_fraction,0.0
/windows/22/windows/0/issues/nearby_branch_noise_effect_not_fully_checked,32
/windows/22/windows/0/issues/endpoint_dominated,2
/windows/22/windows/0/issues/competing_peaks,2
/windows/22/windows/0/exact_match,False
/windows/22/windows/0/exact_audit/0,nearby_branch_noise_effect_not_fully_checked
/windows/22/windows/0/all_repeat_position_errors/0,0.07500000000000018
/windows/22/windows/0/all_repeat_position_errors/1,0.0625
/windows/22/windows/0/all_repeat_position_errors/2,-0.03749999999999998
/windows/22/windows/0/all_repeat_position_errors/3,0.07500000000000018
/windows/22/windows/0/all_repeat_position_errors/4,0.07500000000000018
/windows/22/windows/0/all_repeat_position_errors/5,0.07500000000000018
/windows/22/windows/0/all_repeat_position_errors/6,-0.07499999999999996
/windows/22/windows/0/all_repeat_position_errors/7,0.0
/windows/22/windows/0/all_repeat_position_errors/8,0.07500000000000018
/windows/22/windows/0/all_repeat_position_errors/9,-0.07499999999999996
/windows/22/windows/0/all_repeat_position_errors/10,0.0625
/windows/22/windows/0/all_repeat_position_errors/11,0.0625
/windows/22/windows/0/all_repeat_position_errors/12,0.0625
/windows/22/windows/0/all_repeat_position_errors/13,0.07500000000000018
/windows/22/windows/0/all_repeat_position_errors/14,-0.07499999999999996
/windows/22/windows/0/all_repeat_position_errors/15,0.07500000000000018
/windows/22/windows/0/all_repeat_position_errors/16,-0.07499999999999996
/windows/22/windows/0/all_repeat_position_errors/17,0.07500000000000018
/windows/22/windows/0/all_repeat_position_errors/18,0.07500000000000018
/windows/22/windows/0/all_repeat_position_errors/19,0.07500000000000018
/windows/22/windows/0/all_repeat_position_errors/20,0.025000000000000022
/windows/22/windows/0/all_repeat_position_errors/21,0.07500000000000018
/windows/22/windows/0/all_repeat_position_errors/22,-0.012499999999999956
/windows/22/windows/0/all_repeat_position_errors/23,0.07500000000000018
/windows/22/windows/0/all_repeat_position_errors/24,-0.07499999999999996
/windows/22/windows/0/all_repeat_position_errors/25,0.07500000000000018
/windows/22/windows/0/all_repeat_position_errors/26,0.07500000000000018
/windows/22/windows/0/all_repeat_position_errors/27,0.07500000000000018
/windows/22/windows/0/all_repeat_position_errors/28,0.0625
/windows/22/windows/0/all_repeat_position_errors/29,0.07500000000000018
/windows/22/windows/0/all_repeat_position_errors/30,0.07500000000000018
/windows/22/windows/0/all_repeat_position_errors/31,0.07500000000000018
/windows/22/windows/1/kappa,0.8
/windows/22/windows/1/complete,True
/windows/22/windows/1/reference_resolvable,True
/windows/22/windows/1/match_fraction,0.5
/windows/22/windows/1/matched_problem_fraction,0.5
/windows/22/windows/1/quality_supported_match_fraction,0.0
/windows/22/windows/1/issues/preparation_observable_failure_near_peak,32
/windows/22/windows/1/issues/nearby_branch_noise_effect_not_fully_checked,24
/windows/22/windows/1/issues/endpoint_dominated,4
/windows/22/windows/1/issues/competing_peaks,2
/windows/22/windows/1/exact_match,True
/windows/22/windows/1/exact_audit/0,preparation_observable_failure_near_peak
/windows/22/windows/1/all_repeat_position_errors/0,0.012499999999999956
/windows/22/windows/1/all_repeat_position_errors/1,-0.025000000000000022
/windows/22/windows/1/all_repeat_position_errors/2,-0.012500000000000067
/windows/22/windows/1/all_repeat_position_errors/3,-0.012500000000000067
/windows/22/windows/1/all_repeat_position_errors/4,-0.050000000000000044
/windows/22/windows/1/all_repeat_position_errors/5,-0.050000000000000044
/windows/22/windows/1/all_repeat_position_errors/6,0.012499999999999956
/windows/22/windows/1/all_repeat_position_errors/7,-0.07500000000000007
/windows/22/windows/1/all_repeat_position_errors/8,0.03749999999999998
/windows/22/windows/1/all_repeat_position_errors/9,-0.050000000000000044
/windows/22/windows/1/all_repeat_position_errors/10,-0.012500000000000067
/windows/22/windows/1/all_repeat_position_errors/11,-0.08750000000000002
/windows/22/windows/1/all_repeat_position_errors/12,0.04999999999999993
/windows/22/windows/1/all_repeat_position_errors/13,0.04999999999999993
/windows/22/windows/1/all_repeat_position_errors/14,-0.012500000000000067
/windows/22/windows/1/all_repeat_position_errors/15,0.012499999999999956
/windows/22/windows/1/all_repeat_position_errors/16,-0.012500000000000067
/windows/22/windows/1/all_repeat_position_errors/17,0.012499999999999956
/windows/22/windows/1/all_repeat_position_errors/18,-0.050000000000000044
/windows/22/windows/1/all_repeat_position_errors/19,-0.08750000000000002
/windows/22/windows/1/all_repeat_position_errors/20,-0.08750000000000002
/windows/22/windows/1/all_repeat_position_errors/21,-0.0625
/windows/22/windows/1/all_repeat_position_errors/22,-0.050000000000000044
/windows/22/windows/1/all_repeat_position_errors/23,-0.08750000000000002
/windows/22/windows/1/all_repeat_position_errors/24,-0.0625
/windows/22/windows/1/all_repeat_position_errors/25,0.012499999999999956
/windows/22/windows/1/all_repeat_position_errors/26,-0.08750000000000002
/windows/22/windows/1/all_repeat_position_errors/27,0.012499999999999956
/windows/22/windows/1/all_repeat_position_errors/28,0.012499999999999956
/windows/22/windows/1/all_repeat_position_errors/29,0.012499999999999956
/windows/22/windows/1/all_repeat_position_errors/30,-0.08750000000000002
/windows/22/windows/1/all_repeat_position_errors/31,-0.012500000000000067
/windows/23/mode,equal_gate
/windows/23/budget,100000
/windows/23/p,0.01
/windows/23/method,sv
/windows/23/requested_windows,2
/windows/23/executed_complete_windows,2
/windows/23/reference_resolvable_windows,2
/windows/23/frozen_matching_window_equivalents,0.8125
/windows/23/matched_fraction_given_reference,0.40625
/windows/23/matched_problem_window_equivalents,0.8125
/windows/23/quality_supported_match_window_equivalents,0.0
/windows/23/windows/0/kappa,0.0
/windows/23/windows/0/complete,True
/windows/23/windows/0/reference_resolvable,True
/windows/23/windows/0/match_fraction,0.0
/windows/23/windows/0/matched_problem_fraction,0.0
/windows/23/windows/0/quality_supported_match_fraction,0.0
/windows/23/windows/0/issues/competing_peaks,3
/windows/23/windows/0/issues/nearby_branch_noise_effect_not_fully_checked,32
/windows/23/windows/0/exact_match,False
/windows/23/windows/0/exact_audit/0,nearby_branch_noise_effect_not_fully_checked
/windows/23/windows/0/all_repeat_position_errors/0,0.0625
/windows/23/windows/0/all_repeat_position_errors/1,0.07500000000000018
/windows/23/windows/0/all_repeat_position_errors/2,-0.0625
/windows/23/windows/0/all_repeat_position_errors/3,0.0625
/windows/23/windows/0/all_repeat_position_errors/4,0.07500000000000018
/windows/23/windows/0/all_repeat_position_errors/5,0.07500000000000018
/windows/23/windows/0/all_repeat_position_errors/6,0.0625
/windows/23/windows/0/all_repeat_position_errors/7,0.07500000000000018
/windows/23/windows/0/all_repeat_position_errors/8,0.07500000000000018
/windows/23/windows/0/all_repeat_position_errors/9,0.07500000000000018
/windows/23/windows/0/all_repeat_position_errors/10,0.07500000000000018
/windows/23/windows/0/all_repeat_position_errors/11,0.07500000000000018
/windows/23/windows/0/all_repeat_position_errors/12,0.07500000000000018
/windows/23/windows/0/all_repeat_position_errors/13,0.07500000000000018
/windows/23/windows/0/all_repeat_position_errors/14,0.07500000000000018
/windows/23/windows/0/all_repeat_position_errors/15,0.07500000000000018
/windows/23/windows/0/all_repeat_position_errors/16,0.07500000000000018
/windows/23/windows/0/all_repeat_position_errors/17,0.07500000000000018
/windows/23/windows/0/all_repeat_position_errors/18,0.07500000000000018
/windows/23/windows/0/all_repeat_position_errors/19,0.07500000000000018
/windows/23/windows/0/all_repeat_position_errors/20,0.07500000000000018
/windows/23/windows/0/all_repeat_position_errors/21,0.07500000000000018
/windows/23/windows/0/all_repeat_position_errors/22,0.07500000000000018
/windows/23/windows/0/all_repeat_position_errors/23,0.07500000000000018
/windows/23/windows/0/all_repeat_position_errors/24,0.07500000000000018
/windows/23/windows/0/all_repeat_position_errors/25,0.07500000000000018
/windows/23/windows/0/all_repeat_position_errors/26,0.07500000000000018
/windows/23/windows/0/all_repeat_position_errors/27,0.07500000000000018
/windows/23/windows/0/all_repeat_position_errors/28,0.0625
/windows/23/windows/0/all_repeat_position_errors/29,0.07500000000000018
/windows/23/windows/0/all_repeat_position_errors/30,0.07500000000000018
/windows/23/windows/0/all_repeat_position_errors/31,0.07500000000000018
/windows/23/windows/1/kappa,0.8
/windows/23/windows/1/complete,True
/windows/23/windows/1/reference_resolvable,True
/windows/23/windows/1/match_fraction,0.8125
/windows/23/windows/1/matched_problem_fraction,0.8125
/windows/23/windows/1/quality_supported_match_fraction,0.0
/windows/23/windows/1/issues/preparation_observable_failure_near_peak,32
/windows/23/windows/1/issues/nearby_branch_noise_effect_not_fully_checked,24
/windows/23/windows/1/issues/endpoint_dominated,4
/windows/23/windows/1/issues/competing_peaks,1
/windows/23/windows/1/exact_match,True
/windows/23/windows/1/exact_audit/0,preparation_observable_failure_near_peak
/windows/23/windows/1/exact_audit/1,nearby_branch_noise_effect_not_fully_checked
/windows/23/windows/1/all_repeat_position_errors/0,-0.012500000000000067
/windows/23/windows/1/all_repeat_position_errors/1,-0.012500000000000067
/windows/23/windows/1/all_repeat_position_errors/2,-0.012500000000000067
/windows/23/windows/1/all_repeat_position_errors/3,-0.012500000000000067
/windows/23/windows/1/all_repeat_position_errors/4,-0.050000000000000044
/windows/23/windows/1/all_repeat_position_errors/5,-0.012500000000000067
/windows/23/windows/1/all_repeat_position_errors/6,-0.012500000000000067
/windows/23/windows/1/all_repeat_position_errors/7,-0.012500000000000067
/windows/23/windows/1/all_repeat_position_errors/8,-0.0625
/windows/23/windows/1/all_repeat_position_errors/9,0.012499999999999956
/windows/23/windows/1/all_repeat_position_errors/10,0.012499999999999956
/windows/23/windows/1/all_repeat_position_errors/11,-0.012500000000000067
/windows/23/windows/1/all_repeat_position_errors/12,-0.012500000000000067
/windows/23/windows/1/all_repeat_position_errors/13,-0.012500000000000067
/windows/23/windows/1/all_repeat_position_errors/14,-0.08750000000000002
/windows/23/windows/1/all_repeat_position_errors/15,0.012499999999999956
/windows/23/windows/1/all_repeat_position_errors/16,0.04999999999999993
/windows/23/windows/1/all_repeat_position_errors/17,0.012499999999999956
/windows/23/windows/1/all_repeat_position_errors/18,-0.012500000000000067
/windows/23/windows/1/all_repeat_position_errors/19,-0.012500000000000067
/windows/23/windows/1/all_repeat_position_errors/20,0.012499999999999956
/windows/23/windows/1/all_repeat_position_errors/21,0.012499999999999956
/windows/23/windows/1/all_repeat_position_errors/22,-0.012500000000000067
/windows/23/windows/1/all_repeat_position_errors/23,0.012499999999999956
/windows/23/windows/1/all_repeat_position_errors/24,-0.012500000000000067
/windows/23/windows/1/all_repeat_position_errors/25,-0.012500000000000067
/windows/23/windows/1/all_repeat_position_errors/26,0.012499999999999956
/windows/23/windows/1/all_repeat_position_errors/27,-0.012500000000000067
/windows/23/windows/1/all_repeat_position_errors/28,-0.012500000000000067
/windows/23/windows/1/all_repeat_position_errors/29,-0.050000000000000044
/windows/23/windows/1/all_repeat_position_errors/30,-0.0625
/windows/23/windows/1/all_repeat_position_errors/31,-0.012500000000000067
/windows/24/mode,equal_gate
/windows/24/budget,100000
/windows/24/p,0.05
/windows/24/method,raw
/windows/24/requested_windows,2
/windows/24/executed_complete_windows,2
/windows/24/reference_resolvable_windows,2
/windows/24/frozen_matching_window_equivalents,1.0
/windows/24/matched_fraction_given_reference,0.5
/windows/24/matched_problem_window_equivalents,1.0
/windows/24/quality_supported_match_window_equivalents,0.0
/windows/24/windows/0/kappa,0.0
/windows/24/windows/0/complete,True
/windows/24/windows/0/reference_resolvable,True
/windows/24/windows/0/match_fraction,0.0
/windows/24/windows/0/matched_problem_fraction,0.0
/windows/24/windows/0/quality_supported_match_fraction,0.0
/windows/24/windows/0/issues/nearby_branch_noise_effect_not_fully_checked,32
/windows/24/windows/0/exact_match,False
/windows/24/windows/0/exact_audit/0,nearby_branch_noise_effect_not_fully_checked
/windows/24/windows/0/all_repeat_position_errors/0,0.07500000000000018
/windows/24/windows/0/all_repeat_position_errors/1,0.07500000000000018
/windows/24/windows/0/all_repeat_position_errors/2,0.07500000000000018
/windows/24/windows/0/all_repeat_position_errors/3,0.07500000000000018
/windows/24/windows/0/all_repeat_position_errors/4,0.07500000000000018
/windows/24/windows/0/all_repeat_position_errors/5,0.07500000000000018
/windows/24/windows/0/all_repeat_position_errors/6,0.07500000000000018
/windows/24/windows/0/all_repeat_position_errors/7,0.07500000000000018
/windows/24/windows/0/all_repeat_position_errors/8,0.07500000000000018
/windows/24/windows/0/all_repeat_position_errors/9,0.07500000000000018
/windows/24/windows/0/all_repeat_position_errors/10,0.07500000000000018
/windows/24/windows/0/all_repeat_position_errors/11,0.07500000000000018
/windows/24/windows/0/all_repeat_position_errors/12,0.07500000000000018
/windows/24/windows/0/all_repeat_position_errors/13,0.07500000000000018
/windows/24/windows/0/all_repeat_position_errors/14,0.07500000000000018
/windows/24/windows/0/all_repeat_position_errors/15,0.07500000000000018
/windows/24/windows/0/all_repeat_position_errors/16,0.07500000000000018
/windows/24/windows/0/all_repeat_position_errors/17,0.07500000000000018
/windows/24/windows/0/all_repeat_position_errors/18,0.07500000000000018
/windows/24/windows/0/all_repeat_position_errors/19,0.07500000000000018
/windows/24/windows/0/all_repeat_position_errors/20,0.07500000000000018
/windows/24/windows/0/all_repeat_position_errors/21,0.07500000000000018
/windows/24/windows/0/all_repeat_position_errors/22,0.07500000000000018
/windows/24/windows/0/all_repeat_position_errors/23,0.07500000000000018
/windows/24/windows/0/all_repeat_position_errors/24,0.07500000000000018
/windows/24/windows/0/all_repeat_position_errors/25,0.07500000000000018
/windows/24/windows/0/all_repeat_position_errors/26,0.07500000000000018
/windows/24/windows/0/all_repeat_position_errors/27,0.07500000000000018
/windows/24/windows/0/all_repeat_position_errors/28,0.07500000000000018
/windows/24/windows/0/all_repeat_position_errors/29,0.07500000000000018
/windows/24/windows/0/all_repeat_position_errors/30,0.07500000000000018
/windows/24/windows/0/all_repeat_position_errors/31,0.07500000000000018
/windows/24/windows/1/kappa,0.8
/windows/24/windows/1/complete,True
/windows/24/windows/1/reference_resolvable,True
/windows/24/windows/1/match_fraction,1.0
/windows/24/windows/1/matched_problem_fraction,1.0
/windows/24/windows/1/quality_supported_match_fraction,0.0
/windows/24/windows/1/issues/preparation_observable_failure_near_peak,32
/windows/24/windows/1/issues/nearby_branch_noise_effect_not_fully_checked,31
/windows/24/windows/1/exact_match,True
/windows/24/windows/1/exact_audit/0,preparation_observable_failure_near_peak
/windows/24/windows/1/exact_audit/1,nearby_branch_noise_effect_not_fully_checked
/windows/24/windows/1/all_repeat_position_errors/0,0.04999999999999993
/windows/24/windows/1/all_repeat_position_errors/1,-0.012500000000000067
/windows/24/windows/1/all_repeat_position_errors/2,-0.012500000000000067
/windows/24/windows/1/all_repeat_position_errors/3,-0.012500000000000067
/windows/24/windows/1/all_repeat_position_errors/4,-0.012500000000000067
/windows/24/windows/1/all_repeat_position_errors/5,-0.012500000000000067
/windows/24/windows/1/all_repeat_position_errors/6,-0.012500000000000067
/windows/24/windows/1/all_repeat_position_errors/7,-0.012500000000000067
/windows/24/windows/1/all_repeat_position_errors/8,-0.012500000000000067
/windows/24/windows/1/all_repeat_position_errors/9,-0.012500000000000067
/windows/24/windows/1/all_repeat_position_errors/10,-0.012500000000000067
/windows/24/windows/1/all_repeat_position_errors/11,-0.012500000000000067
/windows/24/windows/1/all_repeat_position_errors/12,-0.012500000000000067
/windows/24/windows/1/all_repeat_position_errors/13,-0.012500000000000067
/windows/24/windows/1/all_repeat_position_errors/14,-0.012500000000000067
/windows/24/windows/1/all_repeat_position_errors/15,-0.012500000000000067
/windows/24/windows/1/all_repeat_position_errors/16,-0.012500000000000067
/windows/24/windows/1/all_repeat_position_errors/17,-0.012500000000000067
/windows/24/windows/1/all_repeat_position_errors/18,-0.012500000000000067
/windows/24/windows/1/all_repeat_position_errors/19,-0.012500000000000067
/windows/24/windows/1/all_repeat_position_errors/20,-0.012500000000000067
/windows/24/windows/1/all_repeat_position_errors/21,-0.012500000000000067
/windows/24/windows/1/all_repeat_position_errors/22,-0.012500000000000067
/windows/24/windows/1/all_repeat_position_errors/23,-0.012500000000000067
/windows/24/windows/1/all_repeat_position_errors/24,0.012499999999999956
/windows/24/windows/1/all_repeat_position_errors/25,-0.012500000000000067
/windows/24/windows/1/all_repeat_position_errors/26,-0.012500000000000067
/windows/24/windows/1/all_repeat_position_errors/27,-0.012500000000000067
/windows/24/windows/1/all_repeat_position_errors/28,-0.012500000000000067
/windows/24/windows/1/all_repeat_position_errors/29,-0.012500000000000067
/windows/24/windows/1/all_repeat_position_errors/30,-0.012500000000000067
/windows/24/windows/1/all_repeat_position_errors/31,-0.012500000000000067
/windows/25/mode,equal_gate
/windows/25/budget,100000
/windows/25/p,0.05
/windows/25/method,zne_quadratic
/windows/25/requested_windows,2
/windows/25/executed_complete_windows,2
/windows/25/reference_resolvable_windows,2
/windows/25/frozen_matching_window_equivalents,0.8125
/windows/25/matched_fraction_given_reference,0.40625
/windows/25/matched_problem_window_equivalents,0.8125
/windows/25/quality_supported_match_window_equivalents,0.0
/windows/25/windows/0/kappa,0.0
/windows/25/windows/0/complete,True
/windows/25/windows/0/reference_resolvable,True
/windows/25/windows/0/match_fraction,0.03125
/windows/25/windows/0/matched_problem_fraction,0.03125
/windows/25/windows/0/quality_supported_match_fraction,0.0
/windows/25/windows/0/issues/nearby_branch_noise_effect_not_fully_checked,32
/windows/25/windows/0/issues/competing_peaks,2
/windows/25/windows/0/exact_match,False
/windows/25/windows/0/exact_audit/0,nearby_branch_noise_effect_not_fully_checked
/windows/25/windows/0/all_repeat_position_errors/0,0.07500000000000018
/windows/25/windows/0/all_repeat_position_errors/1,0.07500000000000018
/windows/25/windows/0/all_repeat_position_errors/2,0.07500000000000018
/windows/25/windows/0/all_repeat_position_errors/3,0.07500000000000018
/windows/25/windows/0/all_repeat_position_errors/4,0.07500000000000018
/windows/25/windows/0/all_repeat_position_errors/5,0.07500000000000018
/windows/25/windows/0/all_repeat_position_errors/6,0.07500000000000018
/windows/25/windows/0/all_repeat_position_errors/7,0.07500000000000018
/windows/25/windows/0/all_repeat_position_errors/8,0.07500000000000018
/windows/25/windows/0/all_repeat_position_errors/9,0.03750000000000009
/windows/25/windows/0/all_repeat_position_errors/10,0.0625
/windows/25/windows/0/all_repeat_position_errors/11,0.07500000000000018
/windows/25/windows/0/all_repeat_position_errors/12,0.0625
/windows/25/windows/0/all_repeat_position_errors/13,0.07500000000000018
/windows/25/windows/0/all_repeat_position_errors/14,0.07500000000000018
/windows/25/windows/0/all_repeat_position_errors/15,0.07500000000000018
/windows/25/windows/0/all_repeat_position_errors/16,0.0625
/windows/25/windows/0/all_repeat_position_errors/17,0.07500000000000018
/windows/25/windows/0/all_repeat_position_errors/18,0.07500000000000018
/windows/25/windows/0/all_repeat_position_errors/19,0.07500000000000018
/windows/25/windows/0/all_repeat_position_errors/20,0.0625
/windows/25/windows/0/all_repeat_position_errors/21,0.07500000000000018
/windows/25/windows/0/all_repeat_position_errors/22,0.07500000000000018
/windows/25/windows/0/all_repeat_position_errors/23,-0.025000000000000022
/windows/25/windows/0/all_repeat_position_errors/24,0.07500000000000018
/windows/25/windows/0/all_repeat_position_errors/25,0.07500000000000018
/windows/25/windows/0/all_repeat_position_errors/26,0.0625
/windows/25/windows/0/all_repeat_position_errors/27,0.07500000000000018
/windows/25/windows/0/all_repeat_position_errors/28,0.07500000000000018
/windows/25/windows/0/all_repeat_position_errors/29,0.07500000000000018
/windows/25/windows/0/all_repeat_position_errors/30,0.07500000000000018
/windows/25/windows/0/all_repeat_position_errors/31,0.07500000000000018
/windows/25/windows/1/kappa,0.8
/windows/25/windows/1/complete,True
/windows/25/windows/1/reference_resolvable,True
/windows/25/windows/1/match_fraction,0.78125
/windows/25/windows/1/matched_problem_fraction,0.78125
/windows/25/windows/1/quality_supported_match_fraction,0.0
/windows/25/windows/1/issues/preparation_observable_failure_near_peak,32
/windows/25/windows/1/issues/nearby_branch_noise_effect_not_fully_checked,24
/windows/25/windows/1/issues/endpoint_dominated,2
/windows/25/windows/1/issues/competing_peaks,3
/windows/25/windows/1/exact_match,True
/windows/25/windows/1/exact_audit/0,preparation_observable_failure_near_peak
/windows/25/windows/1/exact_audit/1,nearby_branch_noise_effect_not_fully_checked
/windows/25/windows/1/all_repeat_position_errors/0,0.04999999999999993
/windows/25/windows/1/all_repeat_position_errors/1,-0.012500000000000067
/windows/25/windows/1/all_repeat_position_errors/2,-0.012500000000000067
/windows/25/windows/1/all_repeat_position_errors/3,0.012499999999999956
/windows/25/windows/1/all_repeat_position_errors/4,0.012499999999999956
/windows/25/windows/1/all_repeat_position_errors/5,0.04999999999999993
/windows/25/windows/1/all_repeat_position_errors/6,-0.012500000000000067
/windows/25/windows/1/all_repeat_position_errors/7,0.012499999999999956
/windows/25/windows/1/all_repeat_position_errors/8,-0.012500000000000067
/windows/25/windows/1/all_repeat_position_errors/9,0.04999999999999993
/windows/25/windows/1/all_repeat_position_errors/10,-0.050000000000000044
/windows/25/windows/1/all_repeat_position_errors/11,0.04999999999999993
/windows/25/windows/1/all_repeat_position_errors/12,-0.012500000000000067
/windows/25/windows/1/all_repeat_position_errors/13,0.012499999999999956
/windows/25/windows/1/all_repeat_position_errors/14,-0.012500000000000067
/windows/25/windows/1/all_repeat_position_errors/15,0.012499999999999956
/windows/25/windows/1/all_repeat_position_errors/16,0.0625
/windows/25/windows/1/all_repeat_position_errors/17,0.04999999999999993
/windows/25/windows/1/all_repeat_position_errors/18,-0.012500000000000067
/windows/25/windows/1/all_repeat_position_errors/19,0.04999999999999993
/windows/25/windows/1/all_repeat_position_errors/20,-0.012500000000000067
/windows/25/windows/1/all_repeat_position_errors/21,-0.012500000000000067
/windows/25/windows/1/all_repeat_position_errors/22,0.04999999999999993
/windows/25/windows/1/all_repeat_position_errors/23,-0.050000000000000044
/windows/25/windows/1/all_repeat_position_errors/24,-0.0625
/windows/25/windows/1/all_repeat_position_errors/25,0.012499999999999956
/windows/25/windows/1/all_repeat_position_errors/26,-0.012500000000000067
/windows/25/windows/1/all_repeat_position_errors/27,-0.08750000000000002
/windows/25/windows/1/all_repeat_position_errors/28,0.012499999999999956
/windows/25/windows/1/all_repeat_position_errors/29,0.02499999999999991
/windows/25/windows/1/all_repeat_position_errors/30,0.0625
/windows/25/windows/1/all_repeat_position_errors/31,-0.012500000000000067
/windows/26/mode,equal_gate
/windows/26/budget,100000
/windows/26/p,0.05
/windows/26/method,sv
/windows/26/requested_windows,2
/windows/26/executed_complete_windows,2
/windows/26/reference_resolvable_windows,2
/windows/26/frozen_matching_window_equivalents,0.90625
/windows/26/matched_fraction_given_reference,0.453125
/windows/26/matched_problem_window_equivalents,0.90625
/windows/26/quality_supported_match_window_equivalents,0.0
/windows/26/windows/0/kappa,0.0
/windows/26/windows/0/complete,True
/windows/26/windows/0/reference_resolvable,True
/windows/26/windows/0/match_fraction,0.1875
/windows/26/windows/0/matched_problem_fraction,0.1875
/windows/26/windows/0/quality_supported_match_fraction,0.0
/windows/26/windows/0/issues/nearby_branch_noise_effect_not_fully_checked,32
/windows/26/windows/0/issues/competing_peaks,2
/windows/26/windows/0/exact_match,False
/windows/26/windows/0/exact_audit/0,nearby_branch_noise_effect_not_fully_checked
/windows/26/windows/0/all_repeat_position_errors/0,0.07500000000000018
/windows/26/windows/0/all_repeat_position_errors/1,0.07500000000000018
/windows/26/windows/0/all_repeat_position_errors/2,0.0625
/windows/26/windows/0/all_repeat_position_errors/3,0.07500000000000018
/windows/26/windows/0/all_repeat_position_errors/4,0.07500000000000018
/windows/26/windows/0/all_repeat_position_errors/5,0.025000000000000022
/windows/26/windows/0/all_repeat_position_errors/6,0.07500000000000018
/windows/26/windows/0/all_repeat_position_errors/7,0.07500000000000018
/windows/26/windows/0/all_repeat_position_errors/8,0.07500000000000018
/windows/26/windows/0/all_repeat_position_errors/9,-0.03749999999999998
/windows/26/windows/0/all_repeat_position_errors/10,0.07500000000000018
/windows/26/windows/0/all_repeat_position_errors/11,0.03750000000000009
/windows/26/windows/0/all_repeat_position_errors/12,0.07500000000000018
/windows/26/windows/0/all_repeat_position_errors/13,-0.050000000000000044
/windows/26/windows/0/all_repeat_position_errors/14,0.07500000000000018
/windows/26/windows/0/all_repeat_position_errors/15,0.07500000000000018
/windows/26/windows/0/all_repeat_position_errors/16,0.07500000000000018
/windows/26/windows/0/all_repeat_position_errors/17,-0.025000000000000022
/windows/26/windows/0/all_repeat_position_errors/18,0.07500000000000018
/windows/26/windows/0/all_repeat_position_errors/19,0.07500000000000018
/windows/26/windows/0/all_repeat_position_errors/20,0.0625
/windows/26/windows/0/all_repeat_position_errors/21,0.07500000000000018
/windows/26/windows/0/all_repeat_position_errors/22,0.07500000000000018
/windows/26/windows/0/all_repeat_position_errors/23,0.0625
/windows/26/windows/0/all_repeat_position_errors/24,0.07500000000000018
/windows/26/windows/0/all_repeat_position_errors/25,-0.025000000000000022
/windows/26/windows/0/all_repeat_position_errors/26,0.07500000000000018
/windows/26/windows/0/all_repeat_position_errors/27,0.07500000000000018
/windows/26/windows/0/all_repeat_position_errors/28,0.07500000000000018
/windows/26/windows/0/all_repeat_position_errors/29,0.0625
/windows/26/windows/0/all_repeat_position_errors/30,-0.03749999999999998
/windows/26/windows/0/all_repeat_position_errors/31,0.07500000000000018
/windows/26/windows/1/kappa,0.8
/windows/26/windows/1/complete,True
/windows/26/windows/1/reference_resolvable,True
/windows/26/windows/1/match_fraction,0.71875
/windows/26/windows/1/matched_problem_fraction,0.71875
/windows/26/windows/1/quality_supported_match_fraction,0.0
/windows/26/windows/1/issues/preparation_observable_failure_near_peak,32
/windows/26/windows/1/issues/nearby_branch_noise_effect_not_fully_checked,28
/windows/26/windows/1/issues/competing_peaks,1
/windows/26/windows/1/issues/endpoint_dominated,5
/windows/26/windows/1/exact_match,True
/windows/26/windows/1/exact_audit/0,preparation_observable_failure_near_peak
/windows/26/windows/1/exact_audit/1,nearby_branch_noise_effect_not_fully_checked
/windows/26/windows/1/all_repeat_position_errors/0,-0.025000000000000022
/windows/26/windows/1/all_repeat_position_errors/1,-0.012500000000000067
/windows/26/windows/1/all_repeat_position_errors/2,-0.012500000000000067
/windows/26/windows/1/all_repeat_position_errors/3,-0.012500000000000067
/windows/26/windows/1/all_repeat_position_errors/4,-0.025000000000000022
/windows/26/windows/1/all_repeat_position_errors/5,-0.012500000000000067
/windows/26/windows/1/all_repeat_position_errors/6,0.04999999999999993
/windows/26/windows/1/all_repeat_position_errors/7,-0.012500000000000067
/windows/26/windows/1/all_repeat_position_errors/8,-0.025000000000000022
/windows/26/windows/1/all_repeat_position_errors/9,-0.012500000000000067
/windows/26/windows/1/all_repeat_position_errors/10,-0.012500000000000067
/windows/26/windows/1/all_repeat_position_errors/11,-0.012500000000000067
/windows/26/windows/1/all_repeat_position_errors/12,-0.07500000000000007
/windows/26/windows/1/all_repeat_position_errors/13,-0.012500000000000067
/windows/26/windows/1/all_repeat_position_errors/14,-0.050000000000000044
/windows/26/windows/1/all_repeat_position_errors/15,-0.012500000000000067
/windows/26/windows/1/all_repeat_position_errors/16,0.012499999999999956
/windows/26/windows/1/all_repeat_position_errors/17,-0.08750000000000002
/windows/26/windows/1/all_repeat_position_errors/18,-0.012500000000000067
/windows/26/windows/1/all_repeat_position_errors/19,-0.050000000000000044
/windows/26/windows/1/all_repeat_position_errors/20,-0.08750000000000002
/windows/26/windows/1/all_repeat_position_errors/21,0.012499999999999956
/windows/26/windows/1/all_repeat_position_errors/22,0.012499999999999956
/windows/26/windows/1/all_repeat_position_errors/23,0.012499999999999956
/windows/26/windows/1/all_repeat_position_errors/24,-0.012500000000000067
/windows/26/windows/1/all_repeat_position_errors/25,-0.08750000000000002
/windows/26/windows/1/all_repeat_position_errors/26,0.03749999999999998
/windows/26/windows/1/all_repeat_position_errors/27,-0.08750000000000002
/windows/26/windows/1/all_repeat_position_errors/28,-0.012500000000000067
/windows/26/windows/1/all_repeat_position_errors/29,-0.012500000000000067
/windows/26/windows/1/all_repeat_position_errors/30,-0.050000000000000044
/windows/26/windows/1/all_repeat_position_errors/31,0.04999999999999993
/windows/27/mode,equal_gate
/windows/27/budget,300000
/windows/27/p,0
/windows/27/method,raw
/windows/27/requested_windows,2
/windows/27/executed_complete_windows,2
/windows/27/reference_resolvable_windows,2
/windows/27/frozen_matching_window_equivalents,1.3125
/windows/27/matched_fraction_given_reference,0.65625
/windows/27/matched_problem_window_equivalents,0.96875
/windows/27/quality_supported_match_window_equivalents,0.34375
/windows/27/windows/0/kappa,0.0
/windows/27/windows/0/complete,True
/windows/27/windows/0/reference_resolvable,True
/windows/27/windows/0/match_fraction,0.34375
/windows/27/windows/0/matched_problem_fraction,0.0
/windows/27/windows/0/quality_supported_match_fraction,0.34375
/windows/27/windows/0/issues/competing_peaks,16
/windows/27/windows/0/issues/endpoint_dominated,1
/windows/27/windows/0/exact_match,False
/windows/27/windows/0/exact_audit/0,competing_peaks
/windows/27/windows/0/all_repeat_position_errors/0,0.012499999999999956
/windows/27/windows/0/all_repeat_position_errors/1,0.012499999999999956
/windows/27/windows/0/all_repeat_position_errors/2,-0.012499999999999956
/windows/27/windows/0/all_repeat_position_errors/3,0.0
/windows/27/windows/0/all_repeat_position_errors/4,0.07500000000000018
/windows/27/windows/0/all_repeat_position_errors/5,-0.050000000000000044
/windows/27/windows/0/all_repeat_position_errors/6,-0.012499999999999956
/windows/27/windows/0/all_repeat_position_errors/7,0.07500000000000018
/windows/27/windows/0/all_repeat_position_errors/8,0.07500000000000018
/windows/27/windows/0/all_repeat_position_errors/9,-0.012499999999999956
/windows/27/windows/0/all_repeat_position_errors/10,-0.025000000000000022
/windows/27/windows/0/all_repeat_position_errors/11,0.0
/windows/27/windows/0/all_repeat_position_errors/12,0.0625
/windows/27/windows/0/all_repeat_position_errors/13,-0.012499999999999956
/windows/27/windows/0/all_repeat_position_errors/14,0.012499999999999956
/windows/27/windows/0/all_repeat_position_errors/15,-0.03749999999999998
/windows/27/windows/0/all_repeat_position_errors/16,0.07500000000000018
/windows/27/windows/0/all_repeat_position_errors/17,0.0
/windows/27/windows/0/all_repeat_position_errors/18,0.03750000000000009
/windows/27/windows/0/all_repeat_position_errors/19,-0.012499999999999956
/windows/27/windows/0/all_repeat_position_errors/20,-0.012499999999999956
/windows/27/windows/0/all_repeat_position_errors/21,-0.03749999999999998
/windows/27/windows/0/all_repeat_position_errors/22,-0.03749999999999998
/windows/27/windows/0/all_repeat_position_errors/23,0.08749999999999991
/windows/27/windows/0/all_repeat_position_errors/24,-0.03749999999999998
/windows/27/windows/0/all_repeat_position_errors/25,0.04999999999999982
/windows/27/windows/0/all_repeat_position_errors/26,0.07500000000000018
/windows/27/windows/0/all_repeat_position_errors/27,0.08749999999999991
/windows/27/windows/0/all_repeat_position_errors/28,0.07500000000000018
/windows/27/windows/0/all_repeat_position_errors/29,0.025000000000000022
/windows/27/windows/0/all_repeat_position_errors/30,0.08749999999999991
/windows/27/windows/0/all_repeat_position_errors/31,-0.07499999999999996
/windows/27/windows/1/kappa,0.8
/windows/27/windows/1/complete,True
/windows/27/windows/1/reference_resolvable,True
/windows/27/windows/1/match_fraction,0.96875
/windows/27/windows/1/matched_problem_fraction,0.96875
/windows/27/windows/1/quality_supported_match_fraction,0.0
/windows/27/windows/1/issues/preparation_observable_failure_near_peak,32
/windows/27/windows/1/issues/competing_peaks,1
/windows/27/windows/1/exact_match,True
/windows/27/windows/1/exact_audit/0,preparation_observable_failure_near_peak
/windows/27/windows/1/all_repeat_position_errors/0,-0.012500000000000067
/windows/27/windows/1/all_repeat_position_errors/1,-0.012500000000000067
/windows/27/windows/1/all_repeat_position_errors/2,-0.012500000000000067
/windows/27/windows/1/all_repeat_position_errors/3,-0.012500000000000067
/windows/27/windows/1/all_repeat_position_errors/4,-0.012500000000000067
/windows/27/windows/1/all_repeat_position_errors/5,-0.012500000000000067
/windows/27/windows/1/all_repeat_position_errors/6,-0.012500000000000067
/windows/27/windows/1/all_repeat_position_errors/7,-0.012500000000000067
/windows/27/windows/1/all_repeat_position_errors/8,-0.012500000000000067
/windows/27/windows/1/all_repeat_position_errors/9,-0.012500000000000067
/windows/27/windows/1/all_repeat_position_errors/10,-0.012500000000000067
/windows/27/windows/1/all_repeat_position_errors/11,-0.012500000000000067
/windows/27/windows/1/all_repeat_position_errors/12,-0.012500000000000067
/windows/27/windows/1/all_repeat_position_errors/13,-0.012500000000000067
/windows/27/windows/1/all_repeat_position_errors/14,-0.012500000000000067
/windows/27/windows/1/all_repeat_position_errors/15,-0.012500000000000067
/windows/27/windows/1/all_repeat_position_errors/16,-0.012500000000000067
/windows/27/windows/1/all_repeat_position_errors/17,-0.012500000000000067
/windows/27/windows/1/all_repeat_position_errors/18,-0.012500000000000067
/windows/27/windows/1/all_repeat_position_errors/19,-0.012500000000000067
/windows/27/windows/1/all_repeat_position_errors/20,-0.012500000000000067
/windows/27/windows/1/all_repeat_position_errors/21,-0.012500000000000067
/windows/27/windows/1/all_repeat_position_errors/22,-0.012500000000000067
/windows/27/windows/1/all_repeat_position_errors/23,-0.012500000000000067
/windows/27/windows/1/all_repeat_position_errors/24,-0.012500000000000067
/windows/27/windows/1/all_repeat_position_errors/25,-0.012500000000000067
/windows/27/windows/1/all_repeat_position_errors/26,-0.012500000000000067
/windows/27/windows/1/all_repeat_position_errors/27,-0.012500000000000067
/windows/27/windows/1/all_repeat_position_errors/28,-0.012500000000000067
/windows/27/windows/1/all_repeat_position_errors/29,-0.012500000000000067
/windows/27/windows/1/all_repeat_position_errors/30,-0.012500000000000067
/windows/27/windows/1/all_repeat_position_errors/31,-0.012500000000000067
/windows/28/mode,equal_gate
/windows/28/budget,300000
/windows/28/p,0
/windows/28/method,zne_quadratic
/windows/28/requested_windows,2
/windows/28/executed_complete_windows,2
/windows/28/reference_resolvable_windows,2
/windows/28/frozen_matching_window_equivalents,1.28125
/windows/28/matched_fraction_given_reference,0.640625
/windows/28/matched_problem_window_equivalents,0.78125
/windows/28/quality_supported_match_window_equivalents,0.5
/windows/28/windows/0/kappa,0.0
/windows/28/windows/0/complete,True
/windows/28/windows/0/reference_resolvable,True
/windows/28/windows/0/match_fraction,0.5625
/windows/28/windows/0/matched_problem_fraction,0.0625
/windows/28/windows/0/quality_supported_match_fraction,0.5
/windows/28/windows/0/issues/competing_peaks,7
/windows/28/windows/0/issues/endpoint_dominated,3
/windows/28/windows/0/exact_match,False
/windows/28/windows/0/exact_audit/0,competing_peaks
/windows/28/windows/0/all_repeat_position_errors/0,0.08749999999999991
/windows/28/windows/0/all_repeat_position_errors/1,0.0
/windows/28/windows/0/all_repeat_position_errors/2,-0.0625
/windows/28/windows/0/all_repeat_position_errors/3,-0.012499999999999956
/windows/28/windows/0/all_repeat_position_errors/4,0.0625
/windows/28/windows/0/all_repeat_position_errors/5,0.0625
/windows/28/windows/0/all_repeat_position_errors/6,-0.050000000000000044
/windows/28/windows/0/all_repeat_position_errors/7,0.025000000000000022
/windows/28/windows/0/all_repeat_position_errors/8,0.025000000000000022
/windows/28/windows/0/all_repeat_position_errors/9,0.0
/windows/28/windows/0/all_repeat_position_errors/10,0.0
/windows/28/windows/0/all_repeat_position_errors/11,-0.07499999999999996
/windows/28/windows/0/all_repeat_position_errors/12,-0.025000000000000022
/windows/28/windows/0/all_repeat_position_errors/13,-0.025000000000000022
/windows/28/windows/0/all_repeat_position_errors/14,-0.03749999999999998
/windows/28/windows/0/all_repeat_position_errors/15,0.0625
/windows/28/windows/0/all_repeat_position_errors/16,-0.012499999999999956
/windows/28/windows/0/all_repeat_position_errors/17,0.07500000000000018
/windows/28/windows/0/all_repeat_position_errors/18,0.0
/windows/28/windows/0/all_repeat_position_errors/19,0.0625
/windows/28/windows/0/all_repeat_position_errors/20,0.025000000000000022
/windows/28/windows/0/all_repeat_position_errors/21,0.012499999999999956
/windows/28/windows/0/all_repeat_position_errors/22,0.0
/windows/28/windows/0/all_repeat_position_errors/23,-0.050000000000000044
/windows/28/windows/0/all_repeat_position_errors/24,-0.050000000000000044
/windows/28/windows/0/all_repeat_position_errors/25,0.012499999999999956
/windows/28/windows/0/all_repeat_position_errors/26,-0.050000000000000044
/windows/28/windows/0/all_repeat_position_errors/27,0.08749999999999991
/windows/28/windows/0/all_repeat_position_errors/28,0.07500000000000018
/windows/28/windows/0/all_repeat_position_errors/29,0.012499999999999956
/windows/28/windows/0/all_repeat_position_errors/30,-0.025000000000000022
/windows/28/windows/0/all_repeat_position_errors/31,-0.012499999999999956
/windows/28/windows/1/kappa,0.8
/windows/28/windows/1/complete,True
/windows/28/windows/1/reference_resolvable,True
/windows/28/windows/1/match_fraction,0.71875
/windows/28/windows/1/matched_problem_fraction,0.71875
/windows/28/windows/1/quality_supported_match_fraction,0.0
/windows/28/windows/1/issues/competing_peaks,4
/windows/28/windows/1/issues/preparation_observable_failure_near_peak,32
/windows/28/windows/1/issues/endpoint_dominated,3
/windows/28/windows/1/exact_match,True
/windows/28/windows/1/exact_audit/0,preparation_observable_failure_near_peak
/windows/28/windows/1/all_repeat_position_errors/0,-0.012500000000000067
/windows/28/windows/1/all_repeat_position_errors/1,-0.012500000000000067
/windows/28/windows/1/all_repeat_position_errors/2,-0.0625
/windows/28/windows/1/all_repeat_position_errors/3,-0.012500000000000067
/windows/28/windows/1/all_repeat_position_errors/4,0.03749999999999998
/windows/28/windows/1/all_repeat_position_errors/5,-0.025000000000000022
/windows/28/windows/1/all_repeat_position_errors/6,0.02499999999999991
/windows/28/windows/1/all_repeat_position_errors/7,0.0625
/windows/28/windows/1/all_repeat_position_errors/8,-0.012500000000000067
/windows/28/windows/1/all_repeat_position_errors/9,0.0
/windows/28/windows/1/all_repeat_position_errors/10,0.0
/windows/28/windows/1/all_repeat_position_errors/11,-0.012500000000000067
/windows/28/windows/1/all_repeat_position_errors/12,-0.012500000000000067
/windows/28/windows/1/all_repeat_position_errors/13,0.0625
/windows/28/windows/1/all_repeat_position_errors/14,-0.03750000000000009
/windows/28/windows/1/all_repeat_position_errors/15,0.02499999999999991
/windows/28/windows/1/all_repeat_position_errors/16,0.04999999999999993
/windows/28/windows/1/all_repeat_position_errors/17,-0.012500000000000067
/windows/28/windows/1/all_repeat_position_errors/18,0.012499999999999956
/windows/28/windows/1/all_repeat_position_errors/19,0.012499999999999956
/windows/28/windows/1/all_repeat_position_errors/20,-0.012500000000000067
/windows/28/windows/1/all_repeat_position_errors/21,0.07499999999999996
/windows/28/windows/1/all_repeat_position_errors/22,-0.012500000000000067
/windows/28/windows/1/all_repeat_position_errors/23,-0.012500000000000067
/windows/28/windows/1/all_repeat_position_errors/24,0.07499999999999996
/windows/28/windows/1/all_repeat_position_errors/25,-0.012500000000000067
/windows/28/windows/1/all_repeat_position_errors/26,0.02499999999999991
/windows/28/windows/1/all_repeat_position_errors/27,0.012499999999999956
/windows/28/windows/1/all_repeat_position_errors/28,-0.012500000000000067
/windows/28/windows/1/all_repeat_position_errors/29,0.0625
/windows/28/windows/1/all_repeat_position_errors/30,0.02499999999999991
/windows/28/windows/1/all_repeat_position_errors/31,-0.012500000000000067
/windows/29/mode,equal_gate
/windows/29/budget,300000
/windows/29/p,0
/windows/29/method,sv
/windows/29/requested_windows,2
/windows/29/executed_complete_windows,2
/windows/29/reference_resolvable_windows,2
/windows/29/frozen_matching_window_equivalents,1.3125
/windows/29/matched_fraction_given_reference,0.65625
/windows/29/matched_problem_window_equivalents,0.875
/windows/29/quality_supported_match_window_equivalents,0.4375
/windows/29/windows/0/kappa,0.0
/windows/29/windows/0/complete,True
/windows/29/windows/0/reference_resolvable,True
/windows/29/windows/0/match_fraction,0.4375
/windows/29/windows/0/matched_problem_fraction,0.0
/windows/29/windows/0/quality_supported_match_fraction,0.4375
/windows/29/windows/0/issues/competing_peaks,14
/windows/29/windows/0/exact_match,False
/windows/29/windows/0/exact_audit/0,competing_peaks
/windows/29/windows/0/all_repeat_position_errors/0,-0.03749999999999998
/windows/29/windows/0/all_repeat_position_errors/1,-0.025000000000000022
/windows/29/windows/0/all_repeat_position_errors/2,0.0
/windows/29/windows/0/all_repeat_position_errors/3,0.025000000000000022
/windows/29/windows/0/all_repeat_position_errors/4,0.08749999999999991
/windows/29/windows/0/all_repeat_position_errors/5,-0.07499999999999996
/windows/29/windows/0/all_repeat_position_errors/6,0.012499999999999956
/windows/29/windows/0/all_repeat_position_errors/7,-0.025000000000000022
/windows/29/windows/0/all_repeat_position_errors/8,0.012499999999999956
/windows/29/windows/0/all_repeat_position_errors/9,0.0
/windows/29/windows/0/all_repeat_position_errors/10,-0.03749999999999998
/windows/29/windows/0/all_repeat_position_errors/11,-0.03749999999999998
/windows/29/windows/0/all_repeat_position_errors/12,0.03750000000000009
/windows/29/windows/0/all_repeat_position_errors/13,0.0
/windows/29/windows/0/all_repeat_position_errors/14,-0.025000000000000022
/windows/29/windows/0/all_repeat_position_errors/15,0.012499999999999956
/windows/29/windows/0/all_repeat_position_errors/16,-0.03749999999999998
/windows/29/windows/0/all_repeat_position_errors/17,0.04999999999999982
/windows/29/windows/0/all_repeat_position_errors/18,0.08749999999999991
/windows/29/windows/0/all_repeat_position_errors/19,-0.0625
/windows/29/windows/0/all_repeat_position_errors/20,-0.050000000000000044
/windows/29/windows/0/all_repeat_position_errors/21,-0.050000000000000044
/windows/29/windows/0/all_repeat_position_errors/22,0.03750000000000009
/windows/29/windows/0/all_repeat_position_errors/23,-0.0625
/windows/29/windows/0/all_repeat_position_errors/24,0.03750000000000009
/windows/29/windows/0/all_repeat_position_errors/25,0.03750000000000009
/windows/29/windows/0/all_repeat_position_errors/26,0.025000000000000022
/windows/29/windows/0/all_repeat_position_errors/27,0.0
/windows/29/windows/0/all_repeat_position_errors/28,-0.025000000000000022
/windows/29/windows/0/all_repeat_position_errors/29,-0.012499999999999956
/windows/29/windows/0/all_repeat_position_errors/30,-0.07499999999999996
/windows/29/windows/0/all_repeat_position_errors/31,0.08749999999999991
/windows/29/windows/1/kappa,0.8
/windows/29/windows/1/complete,True
/windows/29/windows/1/reference_resolvable,True
/windows/29/windows/1/match_fraction,0.875
/windows/29/windows/1/matched_problem_fraction,0.875
/windows/29/windows/1/quality_supported_match_fraction,0.0
/windows/29/windows/1/issues/preparation_observable_failure_near_peak,32
/windows/29/windows/1/issues/endpoint_dominated,2
/windows/29/windows/1/issues/competing_peaks,4
/windows/29/windows/1/exact_match,True
/windows/29/windows/1/exact_audit/0,preparation_observable_failure_near_peak
/windows/29/windows/1/all_repeat_position_errors/0,0.03749999999999998
/windows/29/windows/1/all_repeat_position_errors/1,-0.012500000000000067
/windows/29/windows/1/all_repeat_position_errors/2,-0.012500000000000067
/windows/29/windows/1/all_repeat_position_errors/3,-0.012500000000000067
/windows/29/windows/1/all_repeat_position_errors/4,-0.012500000000000067
/windows/29/windows/1/all_repeat_position_errors/5,-0.012500000000000067
/windows/29/windows/1/all_repeat_position_errors/6,-0.012500000000000067
/windows/29/windows/1/all_repeat_position_errors/7,-0.012500000000000067
/windows/29/windows/1/all_repeat_position_errors/8,-0.012500000000000067
/windows/29/windows/1/all_repeat_position_errors/9,-0.012500000000000067
/windows/29/windows/1/all_repeat_position_errors/10,-0.012500000000000067
/windows/29/windows/1/all_repeat_position_errors/11,-0.012500000000000067
/windows/29/windows/1/all_repeat_position_errors/12,-0.012500000000000067
/windows/29/windows/1/all_repeat_position_errors/13,-0.012500000000000067
/windows/29/windows/1/all_repeat_position_errors/14,-0.012500000000000067
/windows/29/windows/1/all_repeat_position_errors/15,-0.012500000000000067
/windows/29/windows/1/all_repeat_position_errors/16,-0.012500000000000067
/windows/29/windows/1/all_repeat_position_errors/17,-0.012500000000000067
/windows/29/windows/1/all_repeat_position_errors/18,0.03749999999999998
/windows/29/windows/1/all_repeat_position_errors/19,-0.012500000000000067
/windows/29/windows/1/all_repeat_position_errors/20,-0.012500000000000067
/windows/29/windows/1/all_repeat_position_errors/21,-0.012500000000000067
/windows/29/windows/1/all_repeat_position_errors/22,-0.012500000000000067
/windows/29/windows/1/all_repeat_position_errors/23,-0.012500000000000067
/windows/29/windows/1/all_repeat_position_errors/24,-0.012500000000000067
/windows/29/windows/1/all_repeat_position_errors/25,-0.012500000000000067
/windows/29/windows/1/all_repeat_position_errors/26,-0.012500000000000067
/windows/29/windows/1/all_repeat_position_errors/27,-0.012500000000000067
/windows/29/windows/1/all_repeat_position_errors/28,0.03749999999999998
/windows/29/windows/1/all_repeat_position_errors/29,-0.012500000000000067
/windows/29/windows/1/all_repeat_position_errors/30,-0.012500000000000067
/windows/29/windows/1/all_repeat_position_errors/31,-0.012500000000000067
/windows/30/mode,equal_gate
/windows/30/budget,300000
/windows/30/p,0.01
/windows/30/method,raw
/windows/30/requested_windows,2
/windows/30/executed_complete_windows,2
/windows/30/reference_resolvable_windows,2
/windows/30/frozen_matching_window_equivalents,1.0
/windows/30/matched_fraction_given_reference,0.5
/windows/30/matched_problem_window_equivalents,1.0
/windows/30/quality_supported_match_window_equivalents,0.0
/windows/30/windows/0/kappa,0.0
/windows/30/windows/0/complete,True
/windows/30/windows/0/reference_resolvable,True
/windows/30/windows/0/match_fraction,0.0
/windows/30/windows/0/matched_problem_fraction,0.0
/windows/30/windows/0/quality_supported_match_fraction,0.0
/windows/30/windows/0/issues/nearby_branch_noise_effect_not_fully_checked,32
/windows/30/windows/0/exact_match,False
/windows/30/windows/0/exact_audit/0,nearby_branch_noise_effect_not_fully_checked
/windows/30/windows/0/all_repeat_position_errors/0,0.07500000000000018
/windows/30/windows/0/all_repeat_position_errors/1,0.07500000000000018
/windows/30/windows/0/all_repeat_position_errors/2,0.07500000000000018
/windows/30/windows/0/all_repeat_position_errors/3,0.07500000000000018
/windows/30/windows/0/all_repeat_position_errors/4,0.07500000000000018
/windows/30/windows/0/all_repeat_position_errors/5,0.07500000000000018
/windows/30/windows/0/all_repeat_position_errors/6,0.07500000000000018
/windows/30/windows/0/all_repeat_position_errors/7,0.07500000000000018
/windows/30/windows/0/all_repeat_position_errors/8,0.07500000000000018
/windows/30/windows/0/all_repeat_position_errors/9,0.07500000000000018
/windows/30/windows/0/all_repeat_position_errors/10,0.07500000000000018
/windows/30/windows/0/all_repeat_position_errors/11,0.07500000000000018
/windows/30/windows/0/all_repeat_position_errors/12,0.07500000000000018
/windows/30/windows/0/all_repeat_position_errors/13,0.07500000000000018
/windows/30/windows/0/all_repeat_position_errors/14,0.07500000000000018
/windows/30/windows/0/all_repeat_position_errors/15,0.07500000000000018
/windows/30/windows/0/all_repeat_position_errors/16,0.07500000000000018
/windows/30/windows/0/all_repeat_position_errors/17,0.07500000000000018
/windows/30/windows/0/all_repeat_position_errors/18,0.07500000000000018
/windows/30/windows/0/all_repeat_position_errors/19,0.07500000000000018
/windows/30/windows/0/all_repeat_position_errors/20,0.07500000000000018
/windows/30/windows/0/all_repeat_position_errors/21,0.07500000000000018
/windows/30/windows/0/all_repeat_position_errors/22,0.07500000000000018
/windows/30/windows/0/all_repeat_position_errors/23,0.07500000000000018
/windows/30/windows/0/all_repeat_position_errors/24,0.07500000000000018
/windows/30/windows/0/all_repeat_position_errors/25,0.07500000000000018
/windows/30/windows/0/all_repeat_position_errors/26,0.07500000000000018
/windows/30/windows/0/all_repeat_position_errors/27,0.07500000000000018
/windows/30/windows/0/all_repeat_position_errors/28,0.07500000000000018
/windows/30/windows/0/all_repeat_position_errors/29,0.07500000000000018
/windows/30/windows/0/all_repeat_position_errors/30,0.07500000000000018
/windows/30/windows/0/all_repeat_position_errors/31,0.07500000000000018
/windows/30/windows/1/kappa,0.8
/windows/30/windows/1/complete,True
/windows/30/windows/1/reference_resolvable,True
/windows/30/windows/1/match_fraction,1.0
/windows/30/windows/1/matched_problem_fraction,1.0
/windows/30/windows/1/quality_supported_match_fraction,0.0
/windows/30/windows/1/issues/preparation_observable_failure_near_peak,32
/windows/30/windows/1/issues/nearby_branch_noise_effect_not_fully_checked,30
/windows/30/windows/1/exact_match,True
/windows/30/windows/1/exact_audit/0,preparation_observable_failure_near_peak
/windows/30/windows/1/exact_audit/1,nearby_branch_noise_effect_not_fully_checked
/windows/30/windows/1/all_repeat_position_errors/0,-0.012500000000000067
/windows/30/windows/1/all_repeat_position_errors/1,-0.012500000000000067
/windows/30/windows/1/all_repeat_position_errors/2,-0.012500000000000067
/windows/30/windows/1/all_repeat_position_errors/3,-0.012500000000000067
/windows/30/windows/1/all_repeat_position_errors/4,-0.012500000000000067
/windows/30/windows/1/all_repeat_position_errors/5,0.012499999999999956
/windows/30/windows/1/all_repeat_position_errors/6,-0.012500000000000067
/windows/30/windows/1/all_repeat_position_errors/7,-0.012500000000000067
/windows/30/windows/1/all_repeat_position_errors/8,-0.012500000000000067
/windows/30/windows/1/all_repeat_position_errors/9,-0.012500000000000067
/windows/30/windows/1/all_repeat_position_errors/10,-0.012500000000000067
/windows/30/windows/1/all_repeat_position_errors/11,-0.012500000000000067
/windows/30/windows/1/all_repeat_position_errors/12,-0.012500000000000067
/windows/30/windows/1/all_repeat_position_errors/13,0.012499999999999956
/windows/30/windows/1/all_repeat_position_errors/14,-0.012500000000000067
/windows/30/windows/1/all_repeat_position_errors/15,-0.012500000000000067
/windows/30/windows/1/all_repeat_position_errors/16,-0.012500000000000067
/windows/30/windows/1/all_repeat_position_errors/17,-0.012500000000000067
/windows/30/windows/1/all_repeat_position_errors/18,-0.012500000000000067
/windows/30/windows/1/all_repeat_position_errors/19,-0.012500000000000067
/windows/30/windows/1/all_repeat_position_errors/20,-0.012500000000000067
/windows/30/windows/1/all_repeat_position_errors/21,-0.012500000000000067
/windows/30/windows/1/all_repeat_position_errors/22,-0.012500000000000067
/windows/30/windows/1/all_repeat_position_errors/23,-0.012500000000000067
/windows/30/windows/1/all_repeat_position_errors/24,-0.012500000000000067
/windows/30/windows/1/all_repeat_position_errors/25,-0.012500000000000067
/windows/30/windows/1/all_repeat_position_errors/26,-0.012500000000000067
/windows/30/windows/1/all_repeat_position_errors/27,-0.012500000000000067
/windows/30/windows/1/all_repeat_position_errors/28,-0.012500000000000067
/windows/30/windows/1/all_repeat_position_errors/29,-0.012500000000000067
/windows/30/windows/1/all_repeat_position_errors/30,-0.012500000000000067
/windows/30/windows/1/all_repeat_position_errors/31,-0.012500000000000067
/windows/31/mode,equal_gate
/windows/31/budget,300000
/windows/31/p,0.01
/windows/31/method,zne_quadratic
/windows/31/requested_windows,2
/windows/31/executed_complete_windows,2
/windows/31/reference_resolvable_windows,2
/windows/31/frozen_matching_window_equivalents,0.9375
/windows/31/matched_fraction_given_reference,0.46875
/windows/31/matched_problem_window_equivalents,0.9375
/windows/31/quality_supported_match_window_equivalents,0.0
/windows/31/windows/0/kappa,0.0
/windows/31/windows/0/complete,True
/windows/31/windows/0/reference_resolvable,True
/windows/31/windows/0/match_fraction,0.0625
/windows/31/windows/0/matched_problem_fraction,0.0625
/windows/31/windows/0/quality_supported_match_fraction,0.0
/windows/31/windows/0/issues/nearby_branch_noise_effect_not_fully_checked,32
/windows/31/windows/0/issues/competing_peaks,4
/windows/31/windows/0/exact_match,False
/windows/31/windows/0/exact_audit/0,nearby_branch_noise_effect_not_fully_checked
/windows/31/windows/0/all_repeat_position_errors/0,0.07500000000000018
/windows/31/windows/0/all_repeat_position_errors/1,0.07500000000000018
/windows/31/windows/0/all_repeat_position_errors/2,0.07500000000000018
/windows/31/windows/0/all_repeat_position_errors/3,0.0625
/windows/31/windows/0/all_repeat_position_errors/4,-0.07499999999999996
/windows/31/windows/0/all_repeat_position_errors/5,0.025000000000000022
/windows/31/windows/0/all_repeat_position_errors/6,0.0625
/windows/31/windows/0/all_repeat_position_errors/7,0.07500000000000018
/windows/31/windows/0/all_repeat_position_errors/8,0.07500000000000018
/windows/31/windows/0/all_repeat_position_errors/9,0.07500000000000018
/windows/31/windows/0/all_repeat_position_errors/10,0.07500000000000018
/windows/31/windows/0/all_repeat_position_errors/11,0.07500000000000018
/windows/31/windows/0/all_repeat_position_errors/12,0.0625
/windows/31/windows/0/all_repeat_position_errors/13,-0.050000000000000044
/windows/31/windows/0/all_repeat_position_errors/14,0.07500000000000018
/windows/31/windows/0/all_repeat_position_errors/15,0.07500000000000018
/windows/31/windows/0/all_repeat_position_errors/16,0.07500000000000018
/windows/31/windows/0/all_repeat_position_errors/17,0.07500000000000018
/windows/31/windows/0/all_repeat_position_errors/18,0.07500000000000018
/windows/31/windows/0/all_repeat_position_errors/19,0.07500000000000018
/windows/31/windows/0/all_repeat_position_errors/20,-0.07499999999999996
/windows/31/windows/0/all_repeat_position_errors/21,0.07500000000000018
/windows/31/windows/0/all_repeat_position_errors/22,0.07500000000000018
/windows/31/windows/0/all_repeat_position_errors/23,-0.07499999999999996
/windows/31/windows/0/all_repeat_position_errors/24,0.07500000000000018
/windows/31/windows/0/all_repeat_position_errors/25,0.07500000000000018
/windows/31/windows/0/all_repeat_position_errors/26,0.0625
/windows/31/windows/0/all_repeat_position_errors/27,0.0625
/windows/31/windows/0/all_repeat_position_errors/28,0.025000000000000022
/windows/31/windows/0/all_repeat_position_errors/29,-0.07499999999999996
/windows/31/windows/0/all_repeat_position_errors/30,0.07500000000000018
/windows/31/windows/0/all_repeat_position_errors/31,0.07500000000000018
/windows/31/windows/1/kappa,0.8
/windows/31/windows/1/complete,True
/windows/31/windows/1/reference_resolvable,True
/windows/31/windows/1/match_fraction,0.875
/windows/31/windows/1/matched_problem_fraction,0.875
/windows/31/windows/1/quality_supported_match_fraction,0.0
/windows/31/windows/1/issues/preparation_observable_failure_near_peak,32
/windows/31/windows/1/issues/nearby_branch_noise_effect_not_fully_checked,17
/windows/31/windows/1/issues/endpoint_dominated,4
/windows/31/windows/1/issues/competing_peaks,2
/windows/31/windows/1/exact_match,True
/windows/31/windows/1/exact_audit/0,preparation_observable_failure_near_peak
/windows/31/windows/1/all_repeat_position_errors/0,0.012499999999999956
/windows/31/windows/1/all_repeat_position_errors/1,0.012499999999999956
/windows/31/windows/1/all_repeat_position_errors/2,-0.050000000000000044
/windows/31/windows/1/all_repeat_position_errors/3,-0.012500000000000067
/windows/31/windows/1/all_repeat_position_errors/4,0.012499999999999956
/windows/31/windows/1/all_repeat_position_errors/5,0.04999999999999993
/windows/31/windows/1/all_repeat_position_errors/6,0.012499999999999956
/windows/31/windows/1/all_repeat_position_errors/7,-0.012500000000000067
/windows/31/windows/1/all_repeat_position_errors/8,-0.012500000000000067
/windows/31/windows/1/all_repeat_position_errors/9,0.012499999999999956
/windows/31/windows/1/all_repeat_position_errors/10,-0.050000000000000044
/windows/31/windows/1/all_repeat_position_errors/11,0.012499999999999956
/windows/31/windows/1/all_repeat_position_errors/12,0.012499999999999956
/windows/31/windows/1/all_repeat_position_errors/13,0.012499999999999956
/windows/31/windows/1/all_repeat_position_errors/14,-0.012500000000000067
/windows/31/windows/1/all_repeat_position_errors/15,0.012499999999999956
/windows/31/windows/1/all_repeat_position_errors/16,-0.012500000000000067
/windows/31/windows/1/all_repeat_position_errors/17,0.012499999999999956
/windows/31/windows/1/all_repeat_position_errors/18,-0.08750000000000002
/windows/31/windows/1/all_repeat_position_errors/19,-0.012500000000000067
/windows/31/windows/1/all_repeat_position_errors/20,-0.08750000000000002
/windows/31/windows/1/all_repeat_position_errors/21,-0.012500000000000067
/windows/31/windows/1/all_repeat_position_errors/22,-0.012500000000000067
/windows/31/windows/1/all_repeat_position_errors/23,0.012499999999999956
/windows/31/windows/1/all_repeat_position_errors/24,-0.012500000000000067
/windows/31/windows/1/all_repeat_position_errors/25,-0.012500000000000067
/windows/31/windows/1/all_repeat_position_errors/26,0.012499999999999956
/windows/31/windows/1/all_repeat_position_errors/27,0.012499999999999956
/windows/31/windows/1/all_repeat_position_errors/28,-0.012500000000000067
/windows/31/windows/1/all_repeat_position_errors/29,-0.012500000000000067
/windows/31/windows/1/all_repeat_position_errors/30,0.012499999999999956
/windows/31/windows/1/all_repeat_position_errors/31,0.012499999999999956
/windows/32/mode,equal_gate
/windows/32/budget,300000
/windows/32/p,0.01
/windows/32/method,sv
/windows/32/requested_windows,2
/windows/32/executed_complete_windows,2
/windows/32/reference_resolvable_windows,2
/windows/32/frozen_matching_window_equivalents,0.9375
/windows/32/matched_fraction_given_reference,0.46875
/windows/32/matched_problem_window_equivalents,0.9375
/windows/32/quality_supported_match_window_equivalents,0.0
/windows/32/windows/0/kappa,0.0
/windows/32/windows/0/complete,True
/windows/32/windows/0/reference_resolvable,True
/windows/32/windows/0/match_fraction,0.0
/windows/32/windows/0/matched_problem_fraction,0.0
/windows/32/windows/0/quality_supported_match_fraction,0.0
/windows/32/windows/0/issues/nearby_branch_noise_effect_not_fully_checked,32
/windows/32/windows/0/exact_match,False
/windows/32/windows/0/exact_audit/0,nearby_branch_noise_effect_not_fully_checked
/windows/32/windows/0/all_repeat_position_errors/0,0.07500000000000018
/windows/32/windows/0/all_repeat_position_errors/1,0.07500000000000018
/windows/32/windows/0/all_repeat_position_errors/2,0.07500000000000018
/windows/32/windows/0/all_repeat_position_errors/3,0.07500000000000018
/windows/32/windows/0/all_repeat_position_errors/4,0.07500000000000018
/windows/32/windows/0/all_repeat_position_errors/5,0.07500000000000018
/windows/32/windows/0/all_repeat_position_errors/6,0.07500000000000018
/windows/32/windows/0/all_repeat_position_errors/7,0.07500000000000018
/windows/32/windows/0/all_repeat_position_errors/8,0.07500000000000018
/windows/32/windows/0/all_repeat_position_errors/9,0.07500000000000018
/windows/32/windows/0/all_repeat_position_errors/10,0.07500000000000018
/windows/32/windows/0/all_repeat_position_errors/11,0.07500000000000018
/windows/32/windows/0/all_repeat_position_errors/12,0.07500000000000018
/windows/32/windows/0/all_repeat_position_errors/13,0.07500000000000018
/windows/32/windows/0/all_repeat_position_errors/14,0.07500000000000018
/windows/32/windows/0/all_repeat_position_errors/15,0.07500000000000018
/windows/32/windows/0/all_repeat_position_errors/16,0.07500000000000018
/windows/32/windows/0/all_repeat_position_errors/17,0.07500000000000018
/windows/32/windows/0/all_repeat_position_errors/18,0.07500000000000018
/windows/32/windows/0/all_repeat_position_errors/19,0.07500000000000018
/windows/32/windows/0/all_repeat_position_errors/20,0.07500000000000018
/windows/32/windows/0/all_repeat_position_errors/21,0.07500000000000018
/windows/32/windows/0/all_repeat_position_errors/22,0.07500000000000018
/windows/32/windows/0/all_repeat_position_errors/23,0.07500000000000018
/windows/32/windows/0/all_repeat_position_errors/24,0.07500000000000018
/windows/32/windows/0/all_repeat_position_errors/25,0.07500000000000018
/windows/32/windows/0/all_repeat_position_errors/26,0.07500000000000018
/windows/32/windows/0/all_repeat_position_errors/27,0.07500000000000018
/windows/32/windows/0/all_repeat_position_errors/28,0.07500000000000018
/windows/32/windows/0/all_repeat_position_errors/29,0.07500000000000018
/windows/32/windows/0/all_repeat_position_errors/30,0.07500000000000018
/windows/32/windows/0/all_repeat_position_errors/31,0.07500000000000018
/windows/32/windows/1/kappa,0.8
/windows/32/windows/1/complete,True
/windows/32/windows/1/reference_resolvable,True
/windows/32/windows/1/match_fraction,0.9375
/windows/32/windows/1/matched_problem_fraction,0.9375
/windows/32/windows/1/quality_supported_match_fraction,0.0
/windows/32/windows/1/issues/preparation_observable_failure_near_peak,32
/windows/32/windows/1/issues/nearby_branch_noise_effect_not_fully_checked,26
/windows/32/windows/1/issues/competing_peaks,1
/windows/32/windows/1/exact_match,True
/windows/32/windows/1/exact_audit/0,preparation_observable_failure_near_peak
/windows/32/windows/1/exact_audit/1,nearby_branch_noise_effect_not_fully_checked
/windows/32/windows/1/all_repeat_position_errors/0,-0.012500000000000067
/windows/32/windows/1/all_repeat_position_errors/1,-0.012500000000000067
/windows/32/windows/1/all_repeat_position_errors/2,-0.012500000000000067
/windows/32/windows/1/all_repeat_position_errors/3,-0.012500000000000067
/windows/32/windows/1/all_repeat_position_errors/4,-0.012500000000000067
/windows/32/windows/1/all_repeat_position_errors/5,-0.012500000000000067
/windows/32/windows/1/all_repeat_position_errors/6,0.012499999999999956
/windows/32/windows/1/all_repeat_position_errors/7,-0.012500000000000067
/windows/32/windows/1/all_repeat_position_errors/8,-0.012500000000000067
/windows/32/windows/1/all_repeat_position_errors/9,-0.012500000000000067
/windows/32/windows/1/all_repeat_position_errors/10,-0.012500000000000067
/windows/32/windows/1/all_repeat_position_errors/11,-0.012500000000000067
/windows/32/windows/1/all_repeat_position_errors/12,-0.050000000000000044
/windows/32/windows/1/all_repeat_position_errors/13,-0.012500000000000067
/windows/32/windows/1/all_repeat_position_errors/14,0.012499999999999956
/windows/32/windows/1/all_repeat_position_errors/15,-0.012500000000000067
/windows/32/windows/1/all_repeat_position_errors/16,-0.012500000000000067
/windows/32/windows/1/all_repeat_position_errors/17,-0.012500000000000067
/windows/32/windows/1/all_repeat_position_errors/18,-0.012500000000000067
/windows/32/windows/1/all_repeat_position_errors/19,-0.012500000000000067
/windows/32/windows/1/all_repeat_position_errors/20,0.012499999999999956
/windows/32/windows/1/all_repeat_position_errors/21,-0.012500000000000067
/windows/32/windows/1/all_repeat_position_errors/22,-0.012500000000000067
/windows/32/windows/1/all_repeat_position_errors/23,-0.012500000000000067
/windows/32/windows/1/all_repeat_position_errors/24,-0.012500000000000067
/windows/32/windows/1/all_repeat_position_errors/25,-0.012500000000000067
/windows/32/windows/1/all_repeat_position_errors/26,-0.012500000000000067
/windows/32/windows/1/all_repeat_position_errors/27,-0.012500000000000067
/windows/32/windows/1/all_repeat_position_errors/28,0.012499999999999956
/windows/32/windows/1/all_repeat_position_errors/29,0.012499999999999956
/windows/32/windows/1/all_repeat_position_errors/30,-0.012500000000000067
/windows/32/windows/1/all_repeat_position_errors/31,0.012499999999999956
/windows/33/mode,equal_gate
/windows/33/budget,300000
/windows/33/p,0.05
/windows/33/method,raw
/windows/33/requested_windows,2
/windows/33/executed_complete_windows,2
/windows/33/reference_resolvable_windows,2
/windows/33/frozen_matching_window_equivalents,1.0
/windows/33/matched_fraction_given_reference,0.5
/windows/33/matched_problem_window_equivalents,1.0
/windows/33/quality_supported_match_window_equivalents,0.0
/windows/33/windows/0/kappa,0.0
/windows/33/windows/0/complete,True
/windows/33/windows/0/reference_resolvable,True
/windows/33/windows/0/match_fraction,0.0
/windows/33/windows/0/matched_problem_fraction,0.0
/windows/33/windows/0/quality_supported_match_fraction,0.0
/windows/33/windows/0/issues/nearby_branch_noise_effect_not_fully_checked,32
/windows/33/windows/0/exact_match,False
/windows/33/windows/0/exact_audit/0,nearby_branch_noise_effect_not_fully_checked
/windows/33/windows/0/all_repeat_position_errors/0,0.07500000000000018
/windows/33/windows/0/all_repeat_position_errors/1,0.07500000000000018
/windows/33/windows/0/all_repeat_position_errors/2,0.07500000000000018
/windows/33/windows/0/all_repeat_position_errors/3,0.07500000000000018
/windows/33/windows/0/all_repeat_position_errors/4,0.07500000000000018
/windows/33/windows/0/all_repeat_position_errors/5,0.07500000000000018
/windows/33/windows/0/all_repeat_position_errors/6,0.07500000000000018
/windows/33/windows/0/all_repeat_position_errors/7,0.07500000000000018
/windows/33/windows/0/all_repeat_position_errors/8,0.07500000000000018
/windows/33/windows/0/all_repeat_position_errors/9,0.07500000000000018
/windows/33/windows/0/all_repeat_position_errors/10,0.07500000000000018
/windows/33/windows/0/all_repeat_position_errors/11,0.07500000000000018
/windows/33/windows/0/all_repeat_position_errors/12,0.07500000000000018
/windows/33/windows/0/all_repeat_position_errors/13,0.07500000000000018
/windows/33/windows/0/all_repeat_position_errors/14,0.07500000000000018
/windows/33/windows/0/all_repeat_position_errors/15,0.07500000000000018
/windows/33/windows/0/all_repeat_position_errors/16,0.07500000000000018
/windows/33/windows/0/all_repeat_position_errors/17,0.07500000000000018
/windows/33/windows/0/all_repeat_position_errors/18,0.07500000000000018
/windows/33/windows/0/all_repeat_position_errors/19,0.07500000000000018
/windows/33/windows/0/all_repeat_position_errors/20,0.07500000000000018
/windows/33/windows/0/all_repeat_position_errors/21,0.07500000000000018
/windows/33/windows/0/all_repeat_position_errors/22,0.07500000000000018
/windows/33/windows/0/all_repeat_position_errors/23,0.07500000000000018
/windows/33/windows/0/all_repeat_position_errors/24,0.07500000000000018
/windows/33/windows/0/all_repeat_position_errors/25,0.07500000000000018
/windows/33/windows/0/all_repeat_position_errors/26,0.07500000000000018
/windows/33/windows/0/all_repeat_position_errors/27,0.07500000000000018
/windows/33/windows/0/all_repeat_position_errors/28,0.07500000000000018
/windows/33/windows/0/all_repeat_position_errors/29,0.07500000000000018
/windows/33/windows/0/all_repeat_position_errors/30,0.07500000000000018
/windows/33/windows/0/all_repeat_position_errors/31,0.07500000000000018
/windows/33/windows/1/kappa,0.8
/windows/33/windows/1/complete,True
/windows/33/windows/1/reference_resolvable,True
/windows/33/windows/1/match_fraction,1.0
/windows/33/windows/1/matched_problem_fraction,1.0
/windows/33/windows/1/quality_supported_match_fraction,0.0
/windows/33/windows/1/issues/preparation_observable_failure_near_peak,32
/windows/33/windows/1/issues/nearby_branch_noise_effect_not_fully_checked,32
/windows/33/windows/1/exact_match,True
/windows/33/windows/1/exact_audit/0,preparation_observable_failure_near_peak
/windows/33/windows/1/exact_audit/1,nearby_branch_noise_effect_not_fully_checked
/windows/33/windows/1/all_repeat_position_errors/0,-0.012500000000000067
/windows/33/windows/1/all_repeat_position_errors/1,-0.012500000000000067
/windows/33/windows/1/all_repeat_position_errors/2,-0.012500000000000067
/windows/33/windows/1/all_repeat_position_errors/3,-0.012500000000000067
/windows/33/windows/1/all_repeat_position_errors/4,-0.012500000000000067
/windows/33/windows/1/all_repeat_position_errors/5,-0.012500000000000067
/windows/33/windows/1/all_repeat_position_errors/6,-0.012500000000000067
/windows/33/windows/1/all_repeat_position_errors/7,-0.012500000000000067
/windows/33/windows/1/all_repeat_position_errors/8,-0.012500000000000067
/windows/33/windows/1/all_repeat_position_errors/9,-0.012500000000000067
/windows/33/windows/1/all_repeat_position_errors/10,-0.012500000000000067
/windows/33/windows/1/all_repeat_position_errors/11,-0.012500000000000067
/windows/33/windows/1/all_repeat_position_errors/12,-0.012500000000000067
/windows/33/windows/1/all_repeat_position_errors/13,-0.012500000000000067
/windows/33/windows/1/all_repeat_position_errors/14,-0.012500000000000067
/windows/33/windows/1/all_repeat_position_errors/15,-0.012500000000000067
/windows/33/windows/1/all_repeat_position_errors/16,-0.012500000000000067
/windows/33/windows/1/all_repeat_position_errors/17,-0.012500000000000067
/windows/33/windows/1/all_repeat_position_errors/18,-0.012500000000000067
/windows/33/windows/1/all_repeat_position_errors/19,-0.012500000000000067
/windows/33/windows/1/all_repeat_position_errors/20,-0.012500000000000067
/windows/33/windows/1/all_repeat_position_errors/21,-0.012500000000000067
/windows/33/windows/1/all_repeat_position_errors/22,-0.012500000000000067
/windows/33/windows/1/all_repeat_position_errors/23,-0.012500000000000067
/windows/33/windows/1/all_repeat_position_errors/24,-0.012500000000000067
/windows/33/windows/1/all_repeat_position_errors/25,-0.012500000000000067
/windows/33/windows/1/all_repeat_position_errors/26,-0.012500000000000067
/windows/33/windows/1/all_repeat_position_errors/27,-0.012500000000000067
/windows/33/windows/1/all_repeat_position_errors/28,-0.012500000000000067
/windows/33/windows/1/all_repeat_position_errors/29,-0.012500000000000067
/windows/33/windows/1/all_repeat_position_errors/30,-0.012500000000000067
/windows/33/windows/1/all_repeat_position_errors/31,-0.012500000000000067
/windows/34/mode,equal_gate
/windows/34/budget,300000
/windows/34/p,0.05
/windows/34/method,zne_quadratic
/windows/34/requested_windows,2
/windows/34/executed_complete_windows,2
/windows/34/reference_resolvable_windows,2
/windows/34/frozen_matching_window_equivalents,0.78125
/windows/34/matched_fraction_given_reference,0.390625
/windows/34/matched_problem_window_equivalents,0.78125
/windows/34/quality_supported_match_window_equivalents,0.0
/windows/34/windows/0/kappa,0.0
/windows/34/windows/0/complete,True
/windows/34/windows/0/reference_resolvable,True
/windows/34/windows/0/match_fraction,0.0
/windows/34/windows/0/matched_problem_fraction,0.0
/windows/34/windows/0/quality_supported_match_fraction,0.0
/windows/34/windows/0/issues/nearby_branch_noise_effect_not_fully_checked,32
/windows/34/windows/0/exact_match,False
/windows/34/windows/0/exact_audit/0,nearby_branch_noise_effect_not_fully_checked
/windows/34/windows/0/all_repeat_position_errors/0,0.07500000000000018
/windows/34/windows/0/all_repeat_position_errors/1,0.07500000000000018
/windows/34/windows/0/all_repeat_position_errors/2,0.07500000000000018
/windows/34/windows/0/all_repeat_position_errors/3,0.07500000000000018
/windows/34/windows/0/all_repeat_position_errors/4,0.07500000000000018
/windows/34/windows/0/all_repeat_position_errors/5,0.07500000000000018
/windows/34/windows/0/all_repeat_position_errors/6,0.07500000000000018
/windows/34/windows/0/all_repeat_position_errors/7,0.07500000000000018
/windows/34/windows/0/all_repeat_position_errors/8,0.07500000000000018
/windows/34/windows/0/all_repeat_position_errors/9,0.07500000000000018
/windows/34/windows/0/all_repeat_position_errors/10,0.07500000000000018
/windows/34/windows/0/all_repeat_position_errors/11,0.07500000000000018
/windows/34/windows/0/all_repeat_position_errors/12,0.07500000000000018
/windows/34/windows/0/all_repeat_position_errors/13,0.07500000000000018
/windows/34/windows/0/all_repeat_position_errors/14,0.07500000000000018
/windows/34/windows/0/all_repeat_position_errors/15,0.07500000000000018
/windows/34/windows/0/all_repeat_position_errors/16,0.07500000000000018
/windows/34/windows/0/all_repeat_position_errors/17,0.07500000000000018
/windows/34/windows/0/all_repeat_position_errors/18,0.07500000000000018
/windows/34/windows/0/all_repeat_position_errors/19,0.07500000000000018
/windows/34/windows/0/all_repeat_position_errors/20,0.07500000000000018
/windows/34/windows/0/all_repeat_position_errors/21,0.07500000000000018
/windows/34/windows/0/all_repeat_position_errors/22,0.07500000000000018
/windows/34/windows/0/all_repeat_position_errors/23,0.07500000000000018
/windows/34/windows/0/all_repeat_position_errors/24,0.07500000000000018
/windows/34/windows/0/all_repeat_position_errors/25,0.07500000000000018
/windows/34/windows/0/all_repeat_position_errors/26,0.07500000000000018
/windows/34/windows/0/all_repeat_position_errors/27,0.07500000000000018
/windows/34/windows/0/all_repeat_position_errors/28,0.07500000000000018
/windows/34/windows/0/all_repeat_position_errors/29,0.0625
/windows/34/windows/0/all_repeat_position_errors/30,0.07500000000000018
/windows/34/windows/0/all_repeat_position_errors/31,0.07500000000000018
/windows/34/windows/1/kappa,0.8
/windows/34/windows/1/complete,True
/windows/34/windows/1/reference_resolvable,True
/windows/34/windows/1/match_fraction,0.78125
/windows/34/windows/1/matched_problem_fraction,0.78125
/windows/34/windows/1/quality_supported_match_fraction,0.0
/windows/34/windows/1/issues/preparation_observable_failure_near_peak,32
/windows/34/windows/1/issues/nearby_branch_noise_effect_not_fully_checked,30
/windows/34/windows/1/issues/competing_peaks,1
/windows/34/windows/1/issues/endpoint_dominated,1
/windows/34/windows/1/exact_match,True
/windows/34/windows/1/exact_audit/0,preparation_observable_failure_near_peak
/windows/34/windows/1/exact_audit/1,nearby_branch_noise_effect_not_fully_checked
/windows/34/windows/1/all_repeat_position_errors/0,-0.012500000000000067
/windows/34/windows/1/all_repeat_position_errors/1,-0.012500000000000067
/windows/34/windows/1/all_repeat_position_errors/2,0.04999999999999993
/windows/34/windows/1/all_repeat_position_errors/3,-0.012500000000000067
/windows/34/windows/1/all_repeat_position_errors/4,-0.08750000000000002
/windows/34/windows/1/all_repeat_position_errors/5,-0.012500000000000067
/windows/34/windows/1/all_repeat_position_errors/6,-0.012500000000000067
/windows/34/windows/1/all_repeat_position_errors/7,-0.012500000000000067
/windows/34/windows/1/all_repeat_position_errors/8,0.04999999999999993
/windows/34/windows/1/all_repeat_position_errors/9,-0.012500000000000067
/windows/34/windows/1/all_repeat_position_errors/10,-0.08750000000000002
/windows/34/windows/1/all_repeat_position_errors/11,-0.012500000000000067
/windows/34/windows/1/all_repeat_position_errors/12,-0.012500000000000067
/windows/34/windows/1/all_repeat_position_errors/13,0.04999999999999993
/windows/34/windows/1/all_repeat_position_errors/14,-0.012500000000000067
/windows/34/windows/1/all_repeat_position_errors/15,-0.012500000000000067
/windows/34/windows/1/all_repeat_position_errors/16,-0.08750000000000002
/windows/34/windows/1/all_repeat_position_errors/17,-0.012500000000000067
/windows/34/windows/1/all_repeat_position_errors/18,0.012499999999999956
/windows/34/windows/1/all_repeat_position_errors/19,-0.012500000000000067
/windows/34/windows/1/all_repeat_position_errors/20,0.012499999999999956
/windows/34/windows/1/all_repeat_position_errors/21,-0.050000000000000044
/windows/34/windows/1/all_repeat_position_errors/22,-0.012500000000000067
/windows/34/windows/1/all_repeat_position_errors/23,-0.012500000000000067
/windows/34/windows/1/all_repeat_position_errors/24,-0.012500000000000067
/windows/34/windows/1/all_repeat_position_errors/25,-0.012500000000000067
/windows/34/windows/1/all_repeat_position_errors/26,0.0625
/windows/34/windows/1/all_repeat_position_errors/27,0.04999999999999993
/windows/34/windows/1/all_repeat_position_errors/28,-0.012500000000000067
/windows/34/windows/1/all_repeat_position_errors/29,-0.08750000000000002
/windows/34/windows/1/all_repeat_position_errors/30,-0.012500000000000067
/windows/34/windows/1/all_repeat_position_errors/31,0.04999999999999993
/windows/35/mode,equal_gate
/windows/35/budget,300000
/windows/35/p,0.05
/windows/35/method,sv
/windows/35/requested_windows,2
/windows/35/executed_complete_windows,2
/windows/35/reference_resolvable_windows,2
/windows/35/frozen_matching_window_equivalents,0.84375
/windows/35/matched_fraction_given_reference,0.421875
/windows/35/matched_problem_window_equivalents,0.84375
/windows/35/quality_supported_match_window_equivalents,0.0
/windows/35/windows/0/kappa,0.0
/windows/35/windows/0/complete,True
/windows/35/windows/0/reference_resolvable,True
/windows/35/windows/0/match_fraction,0.03125
/windows/35/windows/0/matched_problem_fraction,0.03125
/windows/35/windows/0/quality_supported_match_fraction,0.0
/windows/35/windows/0/issues/nearby_branch_noise_effect_not_fully_checked,32
/windows/35/windows/0/exact_match,False
/windows/35/windows/0/exact_audit/0,nearby_branch_noise_effect_not_fully_checked
/windows/35/windows/0/all_repeat_position_errors/0,0.07500000000000018
/windows/35/windows/0/all_repeat_position_errors/1,0.07500000000000018
/windows/35/windows/0/all_repeat_position_errors/2,0.07500000000000018
/windows/35/windows/0/all_repeat_position_errors/3,0.07500000000000018
/windows/35/windows/0/all_repeat_position_errors/4,0.07500000000000018
/windows/35/windows/0/all_repeat_position_errors/5,0.07500000000000018
/windows/35/windows/0/all_repeat_position_errors/6,0.07500000000000018
/windows/35/windows/0/all_repeat_position_errors/7,0.07500000000000018
/windows/35/windows/0/all_repeat_position_errors/8,0.07500000000000018
/windows/35/windows/0/all_repeat_position_errors/9,0.07500000000000018
/windows/35/windows/0/all_repeat_position_errors/10,0.0625
/windows/35/windows/0/all_repeat_position_errors/11,0.07500000000000018
/windows/35/windows/0/all_repeat_position_errors/12,0.07500000000000018
/windows/35/windows/0/all_repeat_position_errors/13,0.07500000000000018
/windows/35/windows/0/all_repeat_position_errors/14,0.07500000000000018
/windows/35/windows/0/all_repeat_position_errors/15,0.07500000000000018
/windows/35/windows/0/all_repeat_position_errors/16,0.07500000000000018
/windows/35/windows/0/all_repeat_position_errors/17,0.03750000000000009
/windows/35/windows/0/all_repeat_position_errors/18,0.07500000000000018
/windows/35/windows/0/all_repeat_position_errors/19,0.07500000000000018
/windows/35/windows/0/all_repeat_position_errors/20,0.07500000000000018
/windows/35/windows/0/all_repeat_position_errors/21,0.07500000000000018
/windows/35/windows/0/all_repeat_position_errors/22,0.07500000000000018
/windows/35/windows/0/all_repeat_position_errors/23,0.07500000000000018
/windows/35/windows/0/all_repeat_position_errors/24,0.07500000000000018
/windows/35/windows/0/all_repeat_position_errors/25,0.07500000000000018
/windows/35/windows/0/all_repeat_position_errors/26,0.07500000000000018
/windows/35/windows/0/all_repeat_position_errors/27,0.07500000000000018
/windows/35/windows/0/all_repeat_position_errors/28,0.07500000000000018
/windows/35/windows/0/all_repeat_position_errors/29,0.07500000000000018
/windows/35/windows/0/all_repeat_position_errors/30,0.07500000000000018
/windows/35/windows/0/all_repeat_position_errors/31,0.07500000000000018
/windows/35/windows/1/kappa,0.8
/windows/35/windows/1/complete,True
/windows/35/windows/1/reference_resolvable,True
/windows/35/windows/1/match_fraction,0.8125
/windows/35/windows/1/matched_problem_fraction,0.8125
/windows/35/windows/1/quality_supported_match_fraction,0.0
/windows/35/windows/1/issues/preparation_observable_failure_near_peak,32
/windows/35/windows/1/issues/nearby_branch_noise_effect_not_fully_checked,27
/windows/35/windows/1/issues/endpoint_dominated,6
/windows/35/windows/1/issues/competing_peaks,1
/windows/35/windows/1/exact_match,True
/windows/35/windows/1/exact_audit/0,preparation_observable_failure_near_peak
/windows/35/windows/1/exact_audit/1,nearby_branch_noise_effect_not_fully_checked
/windows/35/windows/1/all_repeat_position_errors/0,0.02499999999999991
/windows/35/windows/1/all_repeat_position_errors/1,0.04999999999999993
/windows/35/windows/1/all_repeat_position_errors/2,0.04999999999999993
/windows/35/windows/1/all_repeat_position_errors/3,-0.012500000000000067
/windows/35/windows/1/all_repeat_position_errors/4,-0.050000000000000044
/windows/35/windows/1/all_repeat_position_errors/5,0.02499999999999991
/windows/35/windows/1/all_repeat_position_errors/6,-0.012500000000000067
/windows/35/windows/1/all_repeat_position_errors/7,-0.012500000000000067
/windows/35/windows/1/all_repeat_position_errors/8,-0.012500000000000067
/windows/35/windows/1/all_repeat_position_errors/9,-0.0625
/windows/35/windows/1/all_repeat_position_errors/10,-0.012500000000000067
/windows/35/windows/1/all_repeat_position_errors/11,-0.012500000000000067
/windows/35/windows/1/all_repeat_position_errors/12,0.03749999999999998
/windows/35/windows/1/all_repeat_position_errors/13,-0.012500000000000067
/windows/35/windows/1/all_repeat_position_errors/14,-0.012500000000000067
/windows/35/windows/1/all_repeat_position_errors/15,-0.012500000000000067
/windows/35/windows/1/all_repeat_position_errors/16,-0.012500000000000067
/windows/35/windows/1/all_repeat_position_errors/17,0.03749999999999998
/windows/35/windows/1/all_repeat_position_errors/18,-0.012500000000000067
/windows/35/windows/1/all_repeat_position_errors/19,-0.012500000000000067
/windows/35/windows/1/all_repeat_position_errors/20,-0.012500000000000067
/windows/35/windows/1/all_repeat_position_errors/21,-0.0625
/windows/35/windows/1/all_repeat_position_errors/22,-0.0625
/windows/35/windows/1/all_repeat_position_errors/23,0.012499999999999956
/windows/35/windows/1/all_repeat_position_errors/24,-0.012500000000000067
/windows/35/windows/1/all_repeat_position_errors/25,0.04999999999999993
/windows/35/windows/1/all_repeat_position_errors/26,-0.012500000000000067
/windows/35/windows/1/all_repeat_position_errors/27,0.012499999999999956
/windows/35/windows/1/all_repeat_position_errors/28,0.012499999999999956
/windows/35/windows/1/all_repeat_position_errors/29,-0.012500000000000067
/windows/35/windows/1/all_repeat_position_errors/30,-0.050000000000000044
/windows/35/windows/1/all_repeat_position_errors/31,0.04999999999999993
/floating/version,4
/floating/timestamp,2026-09-23T08:37:27.010955+00:00
/floating/prior_evidence_sha,d7200abe10a75588daec73ec862c337dd02ce907fee1db61230cb0a16374ec1d
/floating/continuation_registration_sha,5898cc5530491001c01b512db33a491c5afa84cc2f6b319f0d6cda5ca9bf1a64
/floating/size_registration_sha,fdc43ab8a63a01f441841d2f61c3ebb9e70e8857764f40c4b7c4a6cb1456f7ac
/floating/protocol_sha,d157a17b439a00fbbd1b53000db89a8cc591b87ddb4e0762f0cdd3b62679fcb6
/floating/analysis_sha,7ebb3e12321dab5f740a86ccb49093878c02aa7d094407111c23828957c1276b
/floating/supported_samples/supported_antiphase_sample/0,0.3
/floating/supported_samples/supported_paramagnetic_side_sample/0,0.7
/floating/lower_transition_bracket,
/floating/upper_transition_bracket,
/floating/candidate_floating_samples/0,0.4
/floating/candidate_floating_samples/1,0.425
/floating/unresolved_samples/0,0.3125
/floating/unresolved_samples/1,0.325
/floating/unresolved_samples/2,0.3375
/floating/unresolved_samples/3,0.35
/floating/unresolved_samples/4,0.375
/floating/unresolved_samples/5,0.45
/floating/unresolved_samples/6,0.475
/floating/unresolved_samples/7,0.4875
/floating/unresolved_samples/8,0.5
/floating/unresolved_samples/9,0.525
/floating/unresolved_samples/10,0.55
/floating/unresolved_samples/11,0.6
/floating/unresolved_samples/12,0.65
/floating/scope,Brackets span supported sampled sides and may contain unresolved points; not exact thermodynamic phase boundaries or confidence intervals.
/floating/raw_observable_antiphase_check,Ordered phase can show entropy constant offsets from near-degenerate branches; full strict entropy agreement is reported separately even when order/q/c across both initial states support antiphase physics.
/denominators/active_records,2718
/denominators/active_coordinates,110
/denominators/B_coordinates,45
/denominators/A_coordinates,102
/denominators/repeats,32
/denominators/excluded_attempt_records,648
