n,kappa,h,label,level,evidence,source,bc
8,0.0,0.05,ferro-like,R0,"Exact Ising ordered side, away from h=1; PBC finite-size observables retained",results/stage6_v1/reference_atlas/cache/d59c6fbcff98b4dbb3c67b85cc17287afab124717e3b8894fe9819b9ffa88eb0.npz,PBC
8,0.0,0.1,ferro-like,R0,"Exact Ising ordered side, away from h=1; PBC finite-size observables retained",results/stage6_v1/reference_atlas/cache/82cf3386ad2f420257ba72c48516fcf41555968ab842b526cb301635d0b95e47.npz,PBC
8,0.0,0.15,ferro-like,R0,"Exact Ising ordered side, away from h=1; PBC finite-size observables retained",results/stage6_v1/reference_atlas/cache/4fc83cb73416837c8ba605e84e16813fa8284165ca96139bf8f61a79af501464.npz,PBC
8,0.0,0.2,ferro-like,R0,"Exact Ising ordered side, away from h=1; PBC finite-size observables retained",results/stage6_v1/reference_atlas/cache/f77aa84af804bdece0db891cc93f341001f9939419b06572c1990a3e27216f9b.npz,PBC
8,0.0,0.25,ferro-like,R0,"Exact Ising ordered side, away from h=1; PBC finite-size observables retained",results/stage6_v1/reference_atlas/cache/13a232fb1d321d14c6ac13faac7c5bba0e9ace034926f1c552e941c27792e717.npz,PBC
8,0.0,0.3,ferro-like,R0,"Exact Ising ordered side, away from h=1; PBC finite-size observables retained",results/stage6_v1/reference_atlas/cache/cb8caa0f449baefdd2ed30705f9abd0549fb2844b4a511f19632924a6758dcbf.npz,PBC
8,0.0,0.35,ferro-like,R0,"Exact Ising ordered side, away from h=1; PBC finite-size observables retained",results/stage6_v1/reference_atlas/cache/dac3b12f40b02e89567948040442043b895206f09346fbac14cd751dcd1dfc9c.npz,PBC
8,0.0,0.4,ferro-like,R0,"Exact Ising ordered side, away from h=1; PBC finite-size observables retained",results/stage6_v1/reference_atlas/cache/64f135ef6743361af17ba1a84bc0924859527d5effa6fef1b0bcd2ea0052cc9e.npz,PBC
8,0.0,0.45,ferro-like,R0,"Exact Ising ordered side, away from h=1; PBC finite-size observables retained",results/stage6_v1/reference_atlas/cache/8f26fd79898e5ba5b8faffbe38d43839ce9d8202b25e4a6cef10fb5c6b4f3e1e.npz,PBC
8,0.0,0.5,ferro-like,R0,"Exact Ising ordered side, away from h=1; PBC finite-size observables retained",results/stage6_v1/reference_atlas/cache/b587d19f5d6a0122f29645a9687b0b0f233b44bccd4776573dd66a39eca81927.npz,PBC
8,0.0,0.55,ferro-like,R0,"Exact Ising ordered side, away from h=1; PBC finite-size observables retained",results/stage6_v1/reference_atlas/cache/c1b85d61ad0c1dc834515458ad71d2be763d9b89f81cccb2ce9f6ae34a64e89b.npz,PBC
8,0.0,0.6,ferro-like,R0,"Exact Ising ordered side, away from h=1; PBC finite-size observables retained",results/stage6_v1/reference_atlas/cache/ad55d3943131467bdd7831e14c72c2f7fc98007602c48e89b3fb0d6fff5d93dc.npz,PBC
8,0.0,0.65,ferro-like,R0,"Exact Ising ordered side, away from h=1; PBC finite-size observables retained",results/stage6_v1/reference_atlas/cache/5c3911ff5e87fdbf100af6b903008df53efd6d76efeb1196707db860498f0f3b.npz,PBC
8,0.0,0.7,ferro-like,R0,"Exact Ising ordered side, away from h=1; PBC finite-size observables retained",results/stage6_v1/reference_atlas/cache/9abacfa488a3a3e1c0c43b9bb5b9aa37467d24af05b35b13f358a662f8da297a.npz,PBC
8,0.0,0.75,unlabeled,RN_only,No independent discrete phase label assigned; evaluate named finite-size features,results/stage6_v1/reference_atlas/cache/2b6dd1c6f00de90815dbd5a8f728958a85d94a6a2ed5d1bf8711948d663429ba.npz,PBC
8,0.0,0.8,unlabeled,RN_only,No independent discrete phase label assigned; evaluate named finite-size features,results/stage6_v1/reference_atlas/cache/80f3b1540ecfe9c74f47000beee60bd80cd734f1d07dba656e1fab54905f9e5e.npz,PBC
8,0.0,0.85,unlabeled,RN_only,No independent discrete phase label assigned; evaluate named finite-size features,results/stage6_v1/reference_atlas/cache/a957c14dc419d43ee5c3d3074623258354dd8c30a5df55adfb8a786c35250cda.npz,PBC
8,0.0,0.8625,unlabeled,RN_only,No independent discrete phase label assigned; evaluate named finite-size features,results/stage6_v1/reference_atlas/cache/f58698044eb89c652504166ade92eaff4df5a5d8dacf4846c667fe25c78e84ca.npz,PBC
8,0.0,0.875,unlabeled,RN_only,No independent discrete phase label assigned; evaluate named finite-size features,results/stage6_v1/reference_atlas/cache/5d1f24156e7a34acde7c33262ae8dcfe78807c738e1586ba0768877337d3f61a.npz,PBC
8,0.0,0.8875,unlabeled,RN_only,No independent discrete phase label assigned; evaluate named finite-size features,results/stage6_v1/reference_atlas/cache/d8b105dc5e3a9b7a4f8db274dda19a98e534c79b085f81fb3530bb3981bdb584.npz,PBC
8,0.0,0.9,unlabeled,RN_only,No independent discrete phase label assigned; evaluate named finite-size features,results/stage6_v1/reference_atlas/cache/9697841750af6fa601fde93ab5b38b1a3cc7fdd0e496e8825a8a9ebd234e89f1.npz,PBC
8,0.0,0.9125,unlabeled,RN_only,No independent discrete phase label assigned; evaluate named finite-size features,results/stage6_v1/reference_atlas/cache/bcb12c12f1422c6c7af6f4322505bb2b1de71295154ddadba3af5f25dace9fcb.npz,PBC
8,0.0,0.925,unlabeled,RN_only,No independent discrete phase label assigned; evaluate named finite-size features,results/stage6_v1/reference_atlas/cache/36f7e7c412f6616c8a692ae5cb0c4c9a1f59bde2c1213230e58651300ef96a90.npz,PBC
8,0.0,0.9375,unlabeled,RN_only,No independent discrete phase label assigned; evaluate named finite-size features,results/stage6_v1/reference_atlas/cache/bd28ed3326af839e930483e6693206a82be98989873250db52015deca4e05cd8.npz,PBC
8,0.0,0.95,unlabeled,RN_only,No independent discrete phase label assigned; evaluate named finite-size features,results/stage6_v1/reference_atlas/cache/d5f619445c5e0f811160c4becafcb1bdd41f912f6b735118d22baa319d580d6f.npz,PBC
8,0.0,1.0,unlabeled,RN_only,No independent discrete phase label assigned; evaluate named finite-size features,results/stage6_v1/reference_atlas/cache/6752a1b26484b1e4feb31344db99d00479fbf009363072002add6c7d42d8903d.npz,PBC
8,0.0,1.05,unlabeled,RN_only,No independent discrete phase label assigned; evaluate named finite-size features,results/stage6_v1/reference_atlas/cache/916fa41ff4b1f1075da9d4caa641b47fe256c0e1a68ebd06a8fa42f42e8f3f80.npz,PBC
8,0.0,1.1,unlabeled,RN_only,No independent discrete phase label assigned; evaluate named finite-size features,results/stage6_v1/reference_atlas/cache/c0d21279aa722ae49df4a4ad27af47964a8323a51e96a747691bade35d64bc44.npz,PBC
8,0.0,1.15,unlabeled,RN_only,No independent discrete phase label assigned; evaluate named finite-size features,results/stage6_v1/reference_atlas/cache/9f8eff1d35d2a143305630811ccb58abdeaf89baedabb3b4471fcdba3f6e1e51.npz,PBC
8,0.0,1.2,unlabeled,RN_only,No independent discrete phase label assigned; evaluate named finite-size features,results/stage6_v1/reference_atlas/cache/8eafbe0d6df242b645010dace9d460ae5760149c68cdae0885bc88a56436d019.npz,PBC
8,0.0,1.25,unlabeled,RN_only,No independent discrete phase label assigned; evaluate named finite-size features,results/stage6_v1/reference_atlas/cache/f0fe022cfade9a0ebf69a7766e3d4ab3ec00f850f0c4e15ef573b7a67b336cfe.npz,PBC
8,0.0,1.3,paramagnetic-like,R0,"Exact Ising disordered side, away from h=1",results/stage6_v1/reference_atlas/cache/ba77af760e27a99fb43f073dc774bdb5d449f885d3bcf95a6dba8073d29930fb.npz,PBC
8,0.0,1.35,paramagnetic-like,R0,"Exact Ising disordered side, away from h=1",results/stage6_v1/reference_atlas/cache/a0621f31b66b21c87ae44de0842e53e9e734fc2d4ffdb46000da64973e3764a7.npz,PBC
8,0.0,1.4,paramagnetic-like,R0,"Exact Ising disordered side, away from h=1",results/stage6_v1/reference_atlas/cache/c42fe58b9755fb93eb449808e7fd74fe7842aa12a4f03bbb72fe029e88f131c2.npz,PBC
8,0.0,1.45,paramagnetic-like,R0,"Exact Ising disordered side, away from h=1",results/stage6_v1/reference_atlas/cache/acea8cb9e1e1dd3e443f81aa3574a3098ec6fcbbd07039fd9c6d77476e6c999c.npz,PBC
8,0.0,1.5,paramagnetic-like,R0,"Exact Ising disordered side, away from h=1",results/stage6_v1/reference_atlas/cache/ffd791970b774352c15a944c00697c6dc7f7b60fbaab8bb371bb6f492c3db08f.npz,PBC
8,0.0,1.55,paramagnetic-like,R0,"Exact Ising disordered side, away from h=1",results/stage6_v1/reference_atlas/cache/fa9be329ff365be2f7a0a0aa6a812e876f68328154d019a258b11c45a048e95f.npz,PBC
8,0.0,1.6,paramagnetic-like,R0,"Exact Ising disordered side, away from h=1",results/stage6_v1/reference_atlas/cache/4ccb9bfcaa128e3fd561b4eadaf7973668eedba82eca1510b65c843c5c240aff.npz,PBC
8,0.0,1.65,paramagnetic-like,R0,"Exact Ising disordered side, away from h=1",results/stage6_v1/reference_atlas/cache/14d8a52a2a5b08ca808bbceebf7029e3353a09edc27e92e624657d2f9dd19828.npz,PBC
8,0.0,1.7,paramagnetic-like,R0,"Exact Ising disordered side, away from h=1",results/stage6_v1/reference_atlas/cache/04aac44fbe1a0b2a40cd7b41f14bb07dc5c15001e785fe52f329612b1d9ccb57.npz,PBC
8,0.0,1.75,paramagnetic-like,R0,"Exact Ising disordered side, away from h=1",results/stage6_v1/reference_atlas/cache/834b70270029c1d233c845824ef1366c8faa37a9cf9e9fdc3723d6f005adc55e.npz,PBC
8,0.0,1.8,paramagnetic-like,R0,"Exact Ising disordered side, away from h=1",results/stage6_v1/reference_atlas/cache/06e928b646ab84031dc875cf0e87ec09ed25d1372b2e11d1aee3498884e0baf9.npz,PBC
8,0.0,1.85,paramagnetic-like,R0,"Exact Ising disordered side, away from h=1",results/stage6_v1/reference_atlas/cache/c43764e9714d7836f81fe530e1eab63235bd6d501dea194c9ce13f019711a9fd.npz,PBC
8,0.0,1.9,paramagnetic-like,R0,"Exact Ising disordered side, away from h=1",results/stage6_v1/reference_atlas/cache/0db7f6b35bc4b735a3bf6ba4c06c00df42340640be0befc28d3d7e4836390307.npz,PBC
8,0.0,1.95,paramagnetic-like,R0,"Exact Ising disordered side, away from h=1",results/stage6_v1/reference_atlas/cache/cbe9fde59cd4f4c3e7674e22dc7e80db3e963c1a30418d0a3f55241ba0c7b14d.npz,PBC
8,0.0,2.0,paramagnetic-like,R0,"Exact Ising disordered side, away from h=1",results/stage6_v1/reference_atlas/cache/5a3ce19bcecb747994fb0bf0225a13d5440a2bf4108f9e97df4a093eb9254d0a.npz,PBC
8,0.1,0.05,ferro-like,R0_extension,Small-field continuation from classical ferro; m0 and fourth moment consistent; not a proved exact region boundary,results/stage6_v1/reference_atlas/cache/8711ede748ed8c59183b6a8f4e1e4cccd27881aca5f287574e8b6094e38f4b17.npz,PBC
8,0.1,0.1,ferro-like,R0_extension,Small-field continuation from classical ferro; m0 and fourth moment consistent; not a proved exact region boundary,results/stage6_v1/reference_atlas/cache/c7db150c1763e2d57de6f63d71f6e0c66bb6d1aa5ee8cd371e59e9aeef309fa9.npz,PBC
8,0.1,0.15,ferro-like,R0_extension,Small-field continuation from classical ferro; m0 and fourth moment consistent; not a proved exact region boundary,results/stage6_v1/reference_atlas/cache/49521632b385419f1dc26c3f31dca91c8b02852deb2d557e757eb77f14257d8c.npz,PBC
8,0.1,0.2,ferro-like,R0_extension,Small-field continuation from classical ferro; m0 and fourth moment consistent; not a proved exact region boundary,results/stage6_v1/reference_atlas/cache/d029ee2322cf98303a4f3eebe031772d09abf0229ff04b8a751e848e184b753d.npz,PBC
8,0.1,0.25,unlabeled,RN_only,No independent discrete phase label assigned; evaluate named finite-size features,results/stage6_v1/reference_atlas/cache/f8a8902993ab575f43449ce5492b5da47829bb4b9cff0c9620bf23a9507f8789.npz,PBC
8,0.1,0.3,unlabeled,RN_only,No independent discrete phase label assigned; evaluate named finite-size features,results/stage6_v1/reference_atlas/cache/1b7dbc7ecffe6d2b76bdf1e126980a86ffa8c84f97784bf27cc161bb08cb23a0.npz,PBC
8,0.1,0.35,unlabeled,RN_only,No independent discrete phase label assigned; evaluate named finite-size features,results/stage6_v1/reference_atlas/cache/c75870d6474a0eb236e0c6b9ab25e9d9a58215c2e069d48f857be8db53ab8e92.npz,PBC
8,0.1,0.4,unlabeled,RN_only,No independent discrete phase label assigned; evaluate named finite-size features,results/stage6_v1/reference_atlas/cache/4fef8e882e0c8e132abe13d27571cf3aabf5b37439950f437e29b09efd026919.npz,PBC
8,0.1,0.45,unlabeled,RN_only,No independent discrete phase label assigned; evaluate named finite-size features,results/stage6_v1/reference_atlas/cache/943a9ee5c6e79ed675aa6157a41aa1e919e40de0c8b97419385818e8c324bd6d.npz,PBC
8,0.1,0.5,unlabeled,RN_only,No independent discrete phase label assigned; evaluate named finite-size features,results/stage6_v1/reference_atlas/cache/4e09134eadb5baab533e1017f3682408dce865905a72877ad63be94c8fcf2642.npz,PBC
8,0.1,0.55,unlabeled,RN_only,No independent discrete phase label assigned; evaluate named finite-size features,results/stage6_v1/reference_atlas/cache/e7495fa4d9868e682901ff9bbdf6b9d69d536095cdf30f209f87d74e5c256eea.npz,PBC
8,0.1,0.6,unlabeled,RN_only,No independent discrete phase label assigned; evaluate named finite-size features,results/stage6_v1/reference_atlas/cache/538868405c3c6155f978bec91b177d358398c2547d5c5d72638ef06b2c00ec0f.npz,PBC
8,0.1,0.65,unlabeled,RN_only,No independent discrete phase label assigned; evaluate named finite-size features,results/stage6_v1/reference_atlas/cache/f087f8267349488c78679f49a74c49b7578d45e4df95eb72aacfeec59daf9281.npz,PBC
8,0.1,0.7,unlabeled,RN_only,No independent discrete phase label assigned; evaluate named finite-size features,results/stage6_v1/reference_atlas/cache/a1961c5ebd4745146983bc1d5aa0e19b3b5e6048ceaa756e177b811d5e185684.npz,PBC
8,0.1,0.7125,unlabeled,RN_only,No independent discrete phase label assigned; evaluate named finite-size features,results/stage6_v1/reference_atlas/cache/e0a94dffba67396edf7d9dc8d43f9fc9192d5e456a71befd889d54422c7b8670.npz,PBC
8,0.1,0.725,unlabeled,RN_only,No independent discrete phase label assigned; evaluate named finite-size features,results/stage6_v1/reference_atlas/cache/525d1dc18c2736a2509de2cf5d4709c56566dd6b4a6ecefa85b177701348ff7b.npz,PBC
8,0.1,0.7375,unlabeled,RN_only,No independent discrete phase label assigned; evaluate named finite-size features,results/stage6_v1/reference_atlas/cache/be5a1ba6beb7264dc38c5c3df74eead8bc8884ac22e88de3cb5abb7fb5cd189b.npz,PBC
8,0.1,0.75,unlabeled,RN_only,No independent discrete phase label assigned; evaluate named finite-size features,results/stage6_v1/reference_atlas/cache/31437096426ed0ef29a205fa68e9c79823656d4bb5a87e42ad75c4088808a400.npz,PBC
8,0.1,0.7625,unlabeled,RN_only,No independent discrete phase label assigned; evaluate named finite-size features,results/stage6_v1/reference_atlas/cache/440b969c26a9bc5b66d7bbe24e7d52dac6c5ab50dfb410415865effe66af9916.npz,PBC
8,0.1,0.775,unlabeled,RN_only,No independent discrete phase label assigned; evaluate named finite-size features,results/stage6_v1/reference_atlas/cache/9af62cced34d0e61f55b49c498ede53bbf80248b8f1855bf2bde3b2ddee36370.npz,PBC
8,0.1,0.7875,unlabeled,RN_only,No independent discrete phase label assigned; evaluate named finite-size features,results/stage6_v1/reference_atlas/cache/71a3ab24b1921d5b530e78a55f4782868e5f7d245b0af33b7b42e4d1948b9014.npz,PBC
8,0.1,0.8,unlabeled,RN_only,No independent discrete phase label assigned; evaluate named finite-size features,results/stage6_v1/reference_atlas/cache/e620bdf70c08b5f4765c718fb3057b08a1d95d250be643188bdd98813f4b7171.npz,PBC
8,0.1,0.85,unlabeled,RN_only,No independent discrete phase label assigned; evaluate named finite-size features,results/stage6_v1/reference_atlas/cache/df9c4e26ed73d7830ac316cf5e7c62a6eae6d0da987652a4024857f4b6cd1fa8.npz,PBC
8,0.1,0.9,unlabeled,RN_only,No independent discrete phase label assigned; evaluate named finite-size features,results/stage6_v1/reference_atlas/cache/36847d67739bee917faeb384c39c3758f88f894e7a657e9d7a78e4512d7cdc82.npz,PBC
8,0.1,0.95,unlabeled,RN_only,No independent discrete phase label assigned; evaluate named finite-size features,results/stage6_v1/reference_atlas/cache/1c0213a2583834ac24cc2de605d1e293b560886920ba1444fceaba5eacf4126d.npz,PBC
8,0.1,1.0,unlabeled,RN_only,No independent discrete phase label assigned; evaluate named finite-size features,results/stage6_v1/reference_atlas/cache/fbd37d88e7b6ae089497f94701a1c3e9cbf97640ceeb9bbac1d7739a2bac13ad.npz,PBC
8,0.1,1.05,unlabeled,RN_only,No independent discrete phase label assigned; evaluate named finite-size features,results/stage6_v1/reference_atlas/cache/3b8c60c55ebd47b4a3cc385d3bfa7e2670932bce7c8d8e6c9ade38104ee0a55c.npz,PBC
8,0.1,1.1,unlabeled,RN_only,No independent discrete phase label assigned; evaluate named finite-size features,results/stage6_v1/reference_atlas/cache/21dab282cf12af5b6d187124ac95991e09ccd3919e58bfb90ee609db05193d22.npz,PBC
8,0.1,1.15,unlabeled,RN_only,No independent discrete phase label assigned; evaluate named finite-size features,results/stage6_v1/reference_atlas/cache/52656a392cb9b6f4fc10b1c64a00652604731c0244b217120ca38febb65de61f.npz,PBC
8,0.1,1.2,unlabeled,RN_only,No independent discrete phase label assigned; evaluate named finite-size features,results/stage6_v1/reference_atlas/cache/aa128259d1ae7c63a58da1927f43a4fe97ae66ac77f64dcf00517048af430b5b.npz,PBC
8,0.1,1.25,unlabeled,RN_only,No independent discrete phase label assigned; evaluate named finite-size features,results/stage6_v1/reference_atlas/cache/52870ed8609ac77d671fd4dd870085db5a8575aedacdbf6f1c449ac7feaa671e.npz,PBC
8,0.1,1.3,unlabeled,RN_only,No independent discrete phase label assigned; evaluate named finite-size features,results/stage6_v1/reference_atlas/cache/4b8fb09a6aaa8c77ea4f02636338ac741f6d25e99807fd34250e67d8037389d8.npz,PBC
8,0.1,1.35,unlabeled,RN_only,No independent discrete phase label assigned; evaluate named finite-size features,results/stage6_v1/reference_atlas/cache/bbf4c61c3a345aa6f9eba880bf29f0a60d03c94ed8781f839e921b08dceccbf0.npz,PBC
8,0.1,1.4,unlabeled,RN_only,No independent discrete phase label assigned; evaluate named finite-size features,results/stage6_v1/reference_atlas/cache/ac91acc476ab49a3ab17be758c2a39011ee735c7e09694b955aafef3c0a4b52f.npz,PBC
8,0.1,1.45,unlabeled,RN_only,No independent discrete phase label assigned; evaluate named finite-size features,results/stage6_v1/reference_atlas/cache/29dc0c53adc85f126fb94ad3b1640ddee127654b87119437296b0507315066de.npz,PBC
8,0.1,1.5,unlabeled,RN_only,No independent discrete phase label assigned; evaluate named finite-size features,results/stage6_v1/reference_atlas/cache/cfeebb6464c828efeff56ae0dd2249dd2d06323d0d25bb8f53ef1be80750c777.npz,PBC
8,0.1,1.55,unlabeled,RN_only,No independent discrete phase label assigned; evaluate named finite-size features,results/stage6_v1/reference_atlas/cache/66975c590b19cdec7b90b8298d26924384323895875a2ccb65876f65b9d38e0d.npz,PBC
8,0.1,1.6,paramagnetic-like,R0_extension,"High-field continuation, transverse polarization and absence of strong order; interior only",results/stage6_v1/reference_atlas/cache/0ca372f7c9f582856aeddcd30fa1c78738bcde246dbafb7a04380f5f126facd3.npz,PBC
8,0.1,1.65,paramagnetic-like,R0_extension,"High-field continuation, transverse polarization and absence of strong order; interior only",results/stage6_v1/reference_atlas/cache/8c64a66ab415fe20775c9c9e0897b653d7e86c83fa2e7809b693d386baf2f730.npz,PBC
8,0.1,1.7,paramagnetic-like,R0_extension,"High-field continuation, transverse polarization and absence of strong order; interior only",results/stage6_v1/reference_atlas/cache/d95da27e6caa2e4a42fc940564d45ac1a6bd47d27107ffdc0837557b7aae6f21.npz,PBC
8,0.1,1.75,paramagnetic-like,R0_extension,"High-field continuation, transverse polarization and absence of strong order; interior only",results/stage6_v1/reference_atlas/cache/6b45f8ad1a1f1c97d1e1967755aba2b2acd239eb4c2bd33881b40eebbc4fe1a3.npz,PBC
8,0.1,1.8,paramagnetic-like,R0_extension,"High-field continuation, transverse polarization and absence of strong order; interior only",results/stage6_v1/reference_atlas/cache/ac2d19a69e38411678aa58d4f4ac1f0db009c34dcbdfbd91634b2d0b57a3433d.npz,PBC
8,0.1,1.85,paramagnetic-like,R0_extension,"High-field continuation, transverse polarization and absence of strong order; interior only",results/stage6_v1/reference_atlas/cache/77fad32a9d3f33a2f4e2f4077b0cf44dc4112f338ac8ca0bc03eb01e02fde624.npz,PBC
8,0.1,1.9,paramagnetic-like,R0_extension,"High-field continuation, transverse polarization and absence of strong order; interior only",results/stage6_v1/reference_atlas/cache/01eaec3828926fd3939570f805463a7fff2cd52b6d18a700fbe34d9acf6bfd7e.npz,PBC
8,0.1,1.95,paramagnetic-like,R0_extension,"High-field continuation, transverse polarization and absence of strong order; interior only",results/stage6_v1/reference_atlas/cache/c11a6195723970bddea6cbeb6061d116b635314fc20b2b2783426b0a7e431628.npz,PBC
8,0.1,2.0,paramagnetic-like,R0_extension,"High-field continuation, transverse polarization and absence of strong order; interior only",results/stage6_v1/reference_atlas/cache/b540b1563628bd0878ac9bd095656eaf81dbdcdf9518af7bab86d9afddda2ff2.npz,PBC
8,0.2,0.05,ferro-like,R0_extension,Small-field continuation from classical ferro; m0 and fourth moment consistent; not a proved exact region boundary,results/stage6_v1/reference_atlas/cache/f66e422dc13bd70b6ee39902e336e31a7edc3a49e94895e0216eba47749dedfe.npz,PBC
8,0.2,0.1,ferro-like,R0_extension,Small-field continuation from classical ferro; m0 and fourth moment consistent; not a proved exact region boundary,results/stage6_v1/reference_atlas/cache/5a70c568a60cb877452ef543021ac355828fb0ebd6143c874078593db7f0f4e1.npz,PBC
8,0.2,0.15,ferro-like,R0_extension,Small-field continuation from classical ferro; m0 and fourth moment consistent; not a proved exact region boundary,results/stage6_v1/reference_atlas/cache/f158329ab75da49ccf105aa8009d44ff3df0ac594a680949a3b94007c57bda4d.npz,PBC
8,0.2,0.2,ferro-like,R0_extension,Small-field continuation from classical ferro; m0 and fourth moment consistent; not a proved exact region boundary,results/stage6_v1/reference_atlas/cache/7d2e7724e1ccaee592020660ee2e2dbc728acf8bf7bf0eba20f4eec0e34cfcdb.npz,PBC
8,0.2,0.25,unlabeled,RN_only,No independent discrete phase label assigned; evaluate named finite-size features,results/stage6_v1/reference_atlas/cache/2c31ea78b7555529d18ff835f91d24208743e2232d334a6b2be189d90b362828.npz,PBC
8,0.2,0.3,unlabeled,RN_only,No independent discrete phase label assigned; evaluate named finite-size features,results/stage6_v1/reference_atlas/cache/48f831c5f7b43ddb48516258a01f1d13a619cc5548fc70eea618695497d30318.npz,PBC
8,0.2,0.35,unlabeled,RN_only,No independent discrete phase label assigned; evaluate named finite-size features,results/stage6_v1/reference_atlas/cache/09034cdf15961604aa4f78df21c472125ee9ff58c0dd9606d5937963588814d6.npz,PBC
8,0.2,0.4,unlabeled,RN_only,No independent discrete phase label assigned; evaluate named finite-size features,results/stage6_v1/reference_atlas/cache/eaefc1822b81f0eb97be267e9c2714834f6c955346c1c0fe02297f0d3c5b0e8a.npz,PBC
8,0.2,0.45,unlabeled,RN_only,No independent discrete phase label assigned; evaluate named finite-size features,results/stage6_v1/reference_atlas/cache/e4e9984daeb5b620dc9b3c042a4e49e74c014ea617d80c132b5d5043c22c4204.npz,PBC
8,0.2,0.5,unlabeled,RN_only,No independent discrete phase label assigned; evaluate named finite-size features,results/stage6_v1/reference_atlas/cache/2b3c60863b061ce9e9851c986ab529d64dcb390ad4f8f83b81241ce9c12cc68b.npz,PBC
8,0.2,0.55,unlabeled,RN_only,No independent discrete phase label assigned; evaluate named finite-size features,results/stage6_v1/reference_atlas/cache/b6678d0c64ab1e29346dc890b14891c87afded24fcbca21bf2a30fe090640717.npz,PBC
8,0.2,0.5625,unlabeled,RN_only,No independent discrete phase label assigned; evaluate named finite-size features,results/stage6_v1/reference_atlas/cache/9b7b67e5ed6f709c0b20da152377168a2a590d03725cef18bdd258f804d967ae.npz,PBC
8,0.2,0.575,unlabeled,RN_only,No independent discrete phase label assigned; evaluate named finite-size features,results/stage6_v1/reference_atlas/cache/dd1599a466fa1370d59c104e9f726f4b4c9642d1d90e34b0f282c698acb5edf3.npz,PBC
8,0.2,0.5875,unlabeled,RN_only,No independent discrete phase label assigned; evaluate named finite-size features,results/stage6_v1/reference_atlas/cache/e5ba8bc5ffa2c949ba03ba7963750f58c1be8a9bdbebbf0c39226a631f3b973a.npz,PBC
8,0.2,0.6,unlabeled,RN_only,No independent discrete phase label assigned; evaluate named finite-size features,results/stage6_v1/reference_atlas/cache/d91d6f8af46f5e21a7d86aff3557efdba494cc184cdf4a036aab69f03977d53f.npz,PBC
8,0.2,0.6125,unlabeled,RN_only,No independent discrete phase label assigned; evaluate named finite-size features,results/stage6_v1/reference_atlas/cache/3fd5bdd82d3d5fb3452eb96cab585529c554b26dfbee74f1f697dc37241d166a.npz,PBC
8,0.2,0.625,unlabeled,RN_only,No independent discrete phase label assigned; evaluate named finite-size features,results/stage6_v1/reference_atlas/cache/ff62694925e5caead8d72d6b8dd1f400222382f20e27918c003dec413740eab0.npz,PBC
8,0.2,0.6375,unlabeled,RN_only,No independent discrete phase label assigned; evaluate named finite-size features,results/stage6_v1/reference_atlas/cache/7e5814179d8e943cebf806873c1148b563dede8db5cb9a6084ed2a47c3ba21c4.npz,PBC
8,0.2,0.65,unlabeled,RN_only,No independent discrete phase label assigned; evaluate named finite-size features,results/stage6_v1/reference_atlas/cache/5be85fbdca474119395b29ada535067030552f2a3c18b86de97c5423b6246dd0.npz,PBC
8,0.2,0.7,unlabeled,RN_only,No independent discrete phase label assigned; evaluate named finite-size features,results/stage6_v1/reference_atlas/cache/f711dc00e46e4d21e1e5012b62ce693c2f5722516733d77f2f1a65574defbe7c.npz,PBC
8,0.2,0.75,unlabeled,RN_only,No independent discrete phase label assigned; evaluate named finite-size features,results/stage6_v1/reference_atlas/cache/f7e50b011dbe0d16bfad364cc57082d8af4ca2f5a6b18d0370d5b8e00aa0875b.npz,PBC
8,0.2,0.8,unlabeled,RN_only,No independent discrete phase label assigned; evaluate named finite-size features,results/stage6_v1/reference_atlas/cache/8ccd4871b40886371fc4688395614af45244eeb63832985fccd0892d8dbbd4ce.npz,PBC
8,0.2,0.85,unlabeled,RN_only,No independent discrete phase label assigned; evaluate named finite-size features,results/stage6_v1/reference_atlas/cache/b5aa98acbb1198b0897dc8575d3e69ac9e04afe8c626d9b149fb9b1769462dd5.npz,PBC
8,0.2,0.9,unlabeled,RN_only,No independent discrete phase label assigned; evaluate named finite-size features,results/stage6_v1/reference_atlas/cache/655b67a92838f3305fd22b49b72a275583c6a7194a900ecf96997f852ad1491f.npz,PBC
8,0.2,0.95,unlabeled,RN_only,No independent discrete phase label assigned; evaluate named finite-size features,results/stage6_v1/reference_atlas/cache/80461bdf18a9c5728aa7bdcdda2d00c43845c16441e90b37c0292e075427732d.npz,PBC
8,0.2,1.0,unlabeled,RN_only,No independent discrete phase label assigned; evaluate named finite-size features,results/stage6_v1/reference_atlas/cache/20dd38d0f92ee9d75f68c712e6ba3fd7ddf3a452dfaa9360d52be10cecfb8d35.npz,PBC
8,0.2,1.05,unlabeled,RN_only,No independent discrete phase label assigned; evaluate named finite-size features,results/stage6_v1/reference_atlas/cache/0ddbed6078039a1171692e6e49919b5596cedda5ad3a2d7bd5b90d2bd06b4b4c.npz,PBC
8,0.2,1.1,unlabeled,RN_only,No independent discrete phase label assigned; evaluate named finite-size features,results/stage6_v1/reference_atlas/cache/a13ef207eabe532ce02fef4f62cab562567546285045e48d22c8c8241152e9f1.npz,PBC
8,0.2,1.15,unlabeled,RN_only,No independent discrete phase label assigned; evaluate named finite-size features,results/stage6_v1/reference_atlas/cache/2db9b21fc007a6f61a8bf56f5afd6f9338fd211898c2ecec64bdb7378573551c.npz,PBC
8,0.2,1.2,unlabeled,RN_only,No independent discrete phase label assigned; evaluate named finite-size features,results/stage6_v1/reference_atlas/cache/d0608b273820cc7a70674087a7baed1a40961dd5893bf91540671871e7b2c93d.npz,PBC
8,0.2,1.25,unlabeled,RN_only,No independent discrete phase label assigned; evaluate named finite-size features,results/stage6_v1/reference_atlas/cache/5b95be97d5e91e89867c03845fcad3af882778dab392c9d2efc34660ccf8d321.npz,PBC
8,0.2,1.3,unlabeled,RN_only,No independent discrete phase label assigned; evaluate named finite-size features,results/stage6_v1/reference_atlas/cache/670ba772758604d11522d8d9d235870e5d50d1b6d9969e578ea1aa0bfd12625a.npz,PBC
8,0.2,1.35,unlabeled,RN_only,No independent discrete phase label assigned; evaluate named finite-size features,results/stage6_v1/reference_atlas/cache/26f4f0667dd21b08f0c872e08829e6ec2a01c1f72497ca6a3af546816b540584.npz,PBC
8,0.2,1.4,unlabeled,RN_only,No independent discrete phase label assigned; evaluate named finite-size features,results/stage6_v1/reference_atlas/cache/fd9e0c232cf707bcf728f10543a5c4c4c460b59f4948cca9611edddc647850fb.npz,PBC
8,0.2,1.45,unlabeled,RN_only,No independent discrete phase label assigned; evaluate named finite-size features,results/stage6_v1/reference_atlas/cache/1d1db969baddca0751d408ea859d7c0f1c46962ca14961e60c42277a26e97c87.npz,PBC
8,0.2,1.5,unlabeled,RN_only,No independent discrete phase label assigned; evaluate named finite-size features,results/stage6_v1/reference_atlas/cache/ec5a0372ce326374f1cf62d57f98ab534ac5867d3dd28b9a871ca302e107bc27.npz,PBC
8,0.2,1.55,unlabeled,RN_only,No independent discrete phase label assigned; evaluate named finite-size features,results/stage6_v1/reference_atlas/cache/2f8e1501d4a6dd3e4c808ea74088142fa5dc9eb4f871b3905e2bb402d0d56c8b.npz,PBC
8,0.2,1.6,paramagnetic-like,R0_extension,"High-field continuation, transverse polarization and absence of strong order; interior only",results/stage6_v1/reference_atlas/cache/7b84a82971342a0b81de6ac65771c1097beb76d7fc4b0abf6c50147eb395b053.npz,PBC
8,0.2,1.65,paramagnetic-like,R0_extension,"High-field continuation, transverse polarization and absence of strong order; interior only",results/stage6_v1/reference_atlas/cache/c80e5b48a7bd018d830539554503b72fa18b06a8c7065b27bb5646dbc1042b40.npz,PBC
8,0.2,1.7,paramagnetic-like,R0_extension,"High-field continuation, transverse polarization and absence of strong order; interior only",results/stage6_v1/reference_atlas/cache/10cc01b38e49b22fd894079e64affbdc1b1e7aee5cb3c1daebacce9c5f7e10e6.npz,PBC
8,0.2,1.75,paramagnetic-like,R0_extension,"High-field continuation, transverse polarization and absence of strong order; interior only",results/stage6_v1/reference_atlas/cache/9ecf3c9038a8b9c835138922e0c27d41b21fb3cf35b01ec51a6af29aa082e0bc.npz,PBC
8,0.2,1.8,paramagnetic-like,R0_extension,"High-field continuation, transverse polarization and absence of strong order; interior only",results/stage6_v1/reference_atlas/cache/4e5c3998b6a417811eddf3f416a0db03b34c66c8b6a6c9896702cf9bb35c4ea2.npz,PBC
8,0.2,1.85,paramagnetic-like,R0_extension,"High-field continuation, transverse polarization and absence of strong order; interior only",results/stage6_v1/reference_atlas/cache/5f3834bec01f0200938c1e59b92b81f934f9f174260b5d9f30f164bd1a375bcb.npz,PBC
8,0.2,1.9,paramagnetic-like,R0_extension,"High-field continuation, transverse polarization and absence of strong order; interior only",results/stage6_v1/reference_atlas/cache/b0a5629f7b990dbf1a82beff961b9515d0a4d278030b2667c4122a7f7b89d74b.npz,PBC
8,0.2,1.95,paramagnetic-like,R0_extension,"High-field continuation, transverse polarization and absence of strong order; interior only",results/stage6_v1/reference_atlas/cache/eec865d03a1947204f0a2175f0c806a012a5a2a8a05be5db7c1d43e4c1cfb6f2.npz,PBC
8,0.2,2.0,paramagnetic-like,R0_extension,"High-field continuation, transverse polarization and absence of strong order; interior only",results/stage6_v1/reference_atlas/cache/1086b5e01b463f39f5442fdfd1b521ea2fb0aec7c4a1ec4bae7b3d8010f7fbe4.npz,PBC
8,0.3,0.05,ferro-like,R0_extension,Small-field continuation from classical ferro; m0 and fourth moment consistent; not a proved exact region boundary,results/stage6_v1/reference_atlas/cache/8c3f3789d9c50b16d8b8ca667d2ae63e278e05500075dade7dd06dea49c4fd70.npz,PBC
8,0.3,0.1,ferro-like,R0_extension,Small-field continuation from classical ferro; m0 and fourth moment consistent; not a proved exact region boundary,results/stage6_v1/reference_atlas/cache/dbd4ddf59c09944de686fc53c233148cdd5e89385cae6837c2b41be8e9d02b1c.npz,PBC
8,0.3,0.15,ferro-like,R0_extension,Small-field continuation from classical ferro; m0 and fourth moment consistent; not a proved exact region boundary,results/stage6_v1/reference_atlas/cache/f5635b2d481432b682fed35e85ef0c58496c28f66cd8fa431c4e097fff1dcf54.npz,PBC
8,0.3,0.2,ferro-like,R0_extension,Small-field continuation from classical ferro; m0 and fourth moment consistent; not a proved exact region boundary,results/stage6_v1/reference_atlas/cache/8afda17336b40795d5ecc709f955edaea39cfb36429c493048f2ca8365b72d14.npz,PBC
8,0.3,0.25,unlabeled,RN_only,No independent discrete phase label assigned; evaluate named finite-size features,results/stage6_v1/reference_atlas/cache/3977ee333d88fb2cbeeac2deb1a50fa6c82e6cca86830febc30fd30f5913403e.npz,PBC
8,0.3,0.3,unlabeled,RN_only,No independent discrete phase label assigned; evaluate named finite-size features,results/stage6_v1/reference_atlas/cache/2fe5e4c594bb777ecd5e0203447d3b69a0de881984f1752b08cee8ff4f113de9.npz,PBC
8,0.3,0.35,unlabeled,RN_only,No independent discrete phase label assigned; evaluate named finite-size features,results/stage6_v1/reference_atlas/cache/0f8e8041a6b91a832ca2ceb7ac99c51e73ab067c0dd6b7d5ad713cc92194d1ef.npz,PBC
8,0.3,0.4,unlabeled,RN_only,No independent discrete phase label assigned; evaluate named finite-size features,results/stage6_v1/reference_atlas/cache/2973750c722b39ab9647b2ce3e4d3dc3a64007a9375afbb956f8d50f6a3c9fca.npz,PBC
8,0.3,0.4125,unlabeled,RN_only,No independent discrete phase label assigned; evaluate named finite-size features,results/stage6_v1/reference_atlas/cache/5328f544987bd2a0685fd869e58b00b9950b19a238db714e7dc7fb2a3a4ed7cd.npz,PBC
8,0.3,0.425,unlabeled,RN_only,No independent discrete phase label assigned; evaluate named finite-size features,results/stage6_v1/reference_atlas/cache/bc5a8c53489c00671de764cd93a11135c3f733126f0b25455da4e9fc821f7a96.npz,PBC
8,0.3,0.4375,unlabeled,RN_only,No independent discrete phase label assigned; evaluate named finite-size features,results/stage6_v1/reference_atlas/cache/6e1efb849192b420b9b92f3a5b39f4d1d17ee036d83d92ce83bb0f7a2575d147.npz,PBC
8,0.3,0.45,unlabeled,RN_only,No independent discrete phase label assigned; evaluate named finite-size features,results/stage6_v1/reference_atlas/cache/8367a0bb2eaa1501763df69b228bdf0fd815849e44a15c893123bc56d7752a81.npz,PBC
8,0.3,0.4625,unlabeled,RN_only,No independent discrete phase label assigned; evaluate named finite-size features,results/stage6_v1/reference_atlas/cache/cb32aa4c018ac14b7c9670c94dbb7202abf61f80d055bae0c562cdbf34c54bc3.npz,PBC
8,0.3,0.475,unlabeled,RN_only,No independent discrete phase label assigned; evaluate named finite-size features,results/stage6_v1/reference_atlas/cache/cbc81c5056a8f5e32cae20bc0e96379f18675956b0a05314421a47988a00e8e6.npz,PBC
8,0.3,0.4875,unlabeled,RN_only,No independent discrete phase label assigned; evaluate named finite-size features,results/stage6_v1/reference_atlas/cache/ad2de586262f96cea086c6f82b463421e3e778d843e071e36c1ff1e1a527f102.npz,PBC
8,0.3,0.5,unlabeled,RN_only,No independent discrete phase label assigned; evaluate named finite-size features,results/stage6_v1/reference_atlas/cache/5b06fe27c7ac3524f2a877acc6f6bf2ea24fbc5a178247998ffb16b1094ad1b1.npz,PBC
8,0.3,0.55,unlabeled,RN_only,No independent discrete phase label assigned; evaluate named finite-size features,results/stage6_v1/reference_atlas/cache/0add3495754b886fbb1933b859723c34326c839fa4a1e90cf6f138438092e44f.npz,PBC
8,0.3,0.6,unlabeled,RN_only,No independent discrete phase label assigned; evaluate named finite-size features,results/stage6_v1/reference_atlas/cache/1a336af815ca8e446a4e384b56041f7af6f80a0ae4835f837951373a42c61189.npz,PBC
8,0.3,0.65,unlabeled,RN_only,No independent discrete phase label assigned; evaluate named finite-size features,results/stage6_v1/reference_atlas/cache/3b10c1ce2f6eea79cc0900aa5f82e27c81f4af95be064783fca5d17e493bb30f.npz,PBC
8,0.3,0.7,unlabeled,RN_only,No independent discrete phase label assigned; evaluate named finite-size features,results/stage6_v1/reference_atlas/cache/9ef02b502623d91f72e05019ffc9ed246f9d7b2aa8e94386de1aa65a62b895d3.npz,PBC
8,0.3,0.75,unlabeled,RN_only,No independent discrete phase label assigned; evaluate named finite-size features,results/stage6_v1/reference_atlas/cache/f146d405891124e60a7a5969a573fb0c5a6469c915a20d3b7942e4d1b8a5c6a1.npz,PBC
8,0.3,0.8,unlabeled,RN_only,No independent discrete phase label assigned; evaluate named finite-size features,results/stage6_v1/reference_atlas/cache/3e9b2cdb44fa02053a638eae6bc7b097da3d024d93e41a111841a585f3715bbe.npz,PBC
8,0.3,0.85,unlabeled,RN_only,No independent discrete phase label assigned; evaluate named finite-size features,results/stage6_v1/reference_atlas/cache/938457261caad78b536ca00cea00eac12033673eb876e5beaa59063d4e961070.npz,PBC
8,0.3,0.9,unlabeled,RN_only,No independent discrete phase label assigned; evaluate named finite-size features,results/stage6_v1/reference_atlas/cache/044431e1ce5a489488e1dbff2ec9537963de53a272fedf6878ebdbbd7f2b6c33.npz,PBC
8,0.3,0.95,unlabeled,RN_only,No independent discrete phase label assigned; evaluate named finite-size features,results/stage6_v1/reference_atlas/cache/e096a9f5f0ade3e787f13ed5967c8ac8da1d803fef5f1c6d133c052b7cbb6dd1.npz,PBC
8,0.3,1.0,unlabeled,RN_only,No independent discrete phase label assigned; evaluate named finite-size features,results/stage6_v1/reference_atlas/cache/2a1d6cc9199786124410df08be598752f70272149315f015b9a2de3015964b81.npz,PBC
8,0.3,1.05,unlabeled,RN_only,No independent discrete phase label assigned; evaluate named finite-size features,results/stage6_v1/reference_atlas/cache/4c05b495b31b70f013c31b8c1775728c518a8135fab4bf1ec765759cbefde040.npz,PBC
8,0.3,1.1,unlabeled,RN_only,No independent discrete phase label assigned; evaluate named finite-size features,results/stage6_v1/reference_atlas/cache/0130415a87f0c68bda055d9334181a334aab33a78ee30cbc6c11d43d3fe40b66.npz,PBC
8,0.3,1.15,unlabeled,RN_only,No independent discrete phase label assigned; evaluate named finite-size features,results/stage6_v1/reference_atlas/cache/62751a839a7a5044fae82af25f7a6069109f3c82aec96cd250f5f25df5ca3be4.npz,PBC
8,0.3,1.2,unlabeled,RN_only,No independent discrete phase label assigned; evaluate named finite-size features,results/stage6_v1/reference_atlas/cache/6f8ba0fe923a6c0a7fcd52501997a6a34928187e8f0067e4714f0600d9e6d60b.npz,PBC
8,0.3,1.25,unlabeled,RN_only,No independent discrete phase label assigned; evaluate named finite-size features,results/stage6_v1/reference_atlas/cache/ce2c7c7a56307fae2e735d820e2fe3efab3f94e661638926828e6fc5e67cc594.npz,PBC
8,0.3,1.3,unlabeled,RN_only,No independent discrete phase label assigned; evaluate named finite-size features,results/stage6_v1/reference_atlas/cache/b72389d086fcc936d103c75570101ca246cf8ca4e767764a0ac7f9736396bbec.npz,PBC
8,0.3,1.35,unlabeled,RN_only,No independent discrete phase label assigned; evaluate named finite-size features,results/stage6_v1/reference_atlas/cache/eb99206dfb4b701b88da5322184651dc27f2d5c7fd1a564a7094bdf6e3f9d05b.npz,PBC
8,0.3,1.4,unlabeled,RN_only,No independent discrete phase label assigned; evaluate named finite-size features,results/stage6_v1/reference_atlas/cache/655d284aad0026580acb99aec527e7f1e9669e6d95d7578b40a78e2dfa20be60.npz,PBC
8,0.3,1.45,unlabeled,RN_only,No independent discrete phase label assigned; evaluate named finite-size features,results/stage6_v1/reference_atlas/cache/1be690f100abffe3555e11631c25d0ab11eee0652e881eacf91587c00e214fca.npz,PBC
8,0.3,1.5,unlabeled,RN_only,No independent discrete phase label assigned; evaluate named finite-size features,results/stage6_v1/reference_atlas/cache/1813e4a2740570770ed4bd15f29b086490baf37b6c73bdce943f9f638d431657.npz,PBC
8,0.3,1.55,unlabeled,RN_only,No independent discrete phase label assigned; evaluate named finite-size features,results/stage6_v1/reference_atlas/cache/35ef3f2e244150a08f5ef696d206c45792248c88bef8ab735704191ac5b11be0.npz,PBC
8,0.3,1.6,paramagnetic-like,R0_extension,"High-field continuation, transverse polarization and absence of strong order; interior only",results/stage6_v1/reference_atlas/cache/023316cdbd1ec3e6d74651eed6777f3b9cde2b9c767180ad469cb019b3175588.npz,PBC
8,0.3,1.65,paramagnetic-like,R0_extension,"High-field continuation, transverse polarization and absence of strong order; interior only",results/stage6_v1/reference_atlas/cache/f406f100b90152c9679663cd38a177840974a76ff214d255288a989a6527ce40.npz,PBC
8,0.3,1.7,paramagnetic-like,R0_extension,"High-field continuation, transverse polarization and absence of strong order; interior only",results/stage6_v1/reference_atlas/cache/2a987de0d41e3e5c4061c16d9fc8c1480c12901326b1c543b93d0f10ecd65f90.npz,PBC
8,0.3,1.75,paramagnetic-like,R0_extension,"High-field continuation, transverse polarization and absence of strong order; interior only",results/stage6_v1/reference_atlas/cache/539ea40c8cb82e7ecce0c6b1cee10d713ee4f6e9a51f4eb0b3369056a61c713a.npz,PBC
8,0.3,1.8,paramagnetic-like,R0_extension,"High-field continuation, transverse polarization and absence of strong order; interior only",results/stage6_v1/reference_atlas/cache/d6738d113094b819590bbb9b6f7fce4b8b37cf5e319b77c51004208d4ef6039e.npz,PBC
8,0.3,1.85,paramagnetic-like,R0_extension,"High-field continuation, transverse polarization and absence of strong order; interior only",results/stage6_v1/reference_atlas/cache/39bae301d16323bfd8b3dbf29c96ad616e5e2839f3a88702f9ba1d26815cf2b2.npz,PBC
8,0.3,1.9,paramagnetic-like,R0_extension,"High-field continuation, transverse polarization and absence of strong order; interior only",results/stage6_v1/reference_atlas/cache/2340e34ca63cb623ffd57aa1be4a1921d31632675f51d0970d0039a786de27d6.npz,PBC
8,0.3,1.95,paramagnetic-like,R0_extension,"High-field continuation, transverse polarization and absence of strong order; interior only",results/stage6_v1/reference_atlas/cache/672ef1b3e918a32922f774f201bc4a8a3cea343f8f7f12bf23ee29804b72df44.npz,PBC
8,0.3,2.0,paramagnetic-like,R0_extension,"High-field continuation, transverse polarization and absence of strong order; interior only",results/stage6_v1/reference_atlas/cache/829b01bc2d4944ba9ff2011d10c08bd1164fc9e47b6c79f637b0c08af0431caa.npz,PBC
8,0.4,0.01,unlabeled,RN_only,No independent discrete phase label assigned; evaluate named finite-size features,results/stage6_v1/reference_atlas/cache/8b75980247816ade620cd21e30a0acfdc22a6c235bfc8427aadaa5167f0871db.npz,PBC
8,0.4,0.02,unlabeled,RN_only,No independent discrete phase label assigned; evaluate named finite-size features,results/stage6_v1/reference_atlas/cache/c7fe6f372b9ecd2b6de7e58f64edae94fe47257251e842a2b681c834ce8bbc6e.npz,PBC
8,0.4,0.035,unlabeled,RN_only,No independent discrete phase label assigned; evaluate named finite-size features,results/stage6_v1/reference_atlas/cache/2cf4e0d5eb0b45c350cfb39295e3267a0104d3e98b9bec48336cf392076add7b.npz,PBC
8,0.4,0.05,unlabeled,RN_only,No independent discrete phase label assigned; evaluate named finite-size features,results/stage6_v1/reference_atlas/cache/60b3855ec89501cf026c5d852b422744b4c726ee97bcdb476264bdd7181843f4.npz,PBC
8,0.4,0.075,unlabeled,RN_only,No independent discrete phase label assigned; evaluate named finite-size features,results/stage6_v1/reference_atlas/cache/14d1181b978e6c0e0a06c17a91d00576ee25cd71fd61ae55b9138faca6655b6b.npz,PBC
8,0.4,0.1,unlabeled,RN_only,No independent discrete phase label assigned; evaluate named finite-size features,results/stage6_v1/reference_atlas/cache/9424bb361c0500ce8486b978aa021c58edc79c3f49cfed8f0772961ab8edb6b6.npz,PBC
8,0.4,0.125,unlabeled,RN_only,No independent discrete phase label assigned; evaluate named finite-size features,results/stage6_v1/reference_atlas/cache/6a080758697dafd2991a6dd3f464356b6116d0678c0c31998edcdf740ea47091.npz,PBC
8,0.4,0.15,unlabeled,RN_only,No independent discrete phase label assigned; evaluate named finite-size features,results/stage6_v1/reference_atlas/cache/b77df57a7dd633ff7e78153ac0c0318201ffdb86066899a92baa57fc534c8a24.npz,PBC
8,0.4,0.2,unlabeled,RN_only,No independent discrete phase label assigned; evaluate named finite-size features,results/stage6_v1/reference_atlas/cache/f47ce09bf902253acf87bd98b1cd1a86b960e7e40e85518ac7e4f49c5fc2c3ea.npz,PBC
8,0.4,0.2125,unlabeled,RN_only,No independent discrete phase label assigned; evaluate named finite-size features,results/stage6_v1/reference_atlas/cache/cfc552f53342ad2b854de59922f993c2b0971a49d0301bd309fa582515e49462.npz,PBC
8,0.4,0.225,unlabeled,RN_only,No independent discrete phase label assigned; evaluate named finite-size features,results/stage6_v1/reference_atlas/cache/6d8503de68167517bed2413aff392c7bacee60ea52ea9a527b84805a2ce69d7d.npz,PBC
8,0.4,0.2375,unlabeled,RN_only,No independent discrete phase label assigned; evaluate named finite-size features,results/stage6_v1/reference_atlas/cache/60a54dbd9b9e62f4fa51bd6cdcf644fa4854873f5f7227bf72bf0963c5688fbf.npz,PBC
8,0.4,0.25,unlabeled,RN_only,No independent discrete phase label assigned; evaluate named finite-size features,results/stage6_v1/reference_atlas/cache/6c8478fa93d3e00da2234ee294a6449cded4ee9109e641b60613e700430b2571.npz,PBC
8,0.4,0.2625,unlabeled,RN_only,No independent discrete phase label assigned; evaluate named finite-size features,results/stage6_v1/reference_atlas/cache/35f952bb665cabbdd5cc0e22a01d98c652d3e6c464f6c6bba7152ae31efb2a1c.npz,PBC
8,0.4,0.275,unlabeled,RN_only,No independent discrete phase label assigned; evaluate named finite-size features,results/stage6_v1/reference_atlas/cache/74571991ab06d0dbdb347656447c14f275d2bcdd86a28d065025b3ebdc630161.npz,PBC
8,0.4,0.2875,unlabeled,RN_only,No independent discrete phase label assigned; evaluate named finite-size features,results/stage6_v1/reference_atlas/cache/30b7a0e19895253898e884f3e4fdcf20b81833a4fd44d9443da8cc3e142cfbd1.npz,PBC
8,0.4,0.3,unlabeled,RN_only,No independent discrete phase label assigned; evaluate named finite-size features,results/stage6_v1/reference_atlas/cache/faa4787962c83742e9888214ed2fa7c9a067d25a29404476f1dae8d82015999e.npz,PBC
8,0.4,0.35,unlabeled,RN_only,No independent discrete phase label assigned; evaluate named finite-size features,results/stage6_v1/reference_atlas/cache/615993d293935018b6c15342dcf793d0e1e40079525da41de97fe55dc6c02264.npz,PBC
8,0.4,0.4,unlabeled,RN_only,No independent discrete phase label assigned; evaluate named finite-size features,results/stage6_v1/reference_atlas/cache/907b6360ec18cabc49376de9a1cdd827f6ffdcf32360084538b264f8ac60a575.npz,PBC
8,0.4,0.45,unlabeled,RN_only,No independent discrete phase label assigned; evaluate named finite-size features,results/stage6_v1/reference_atlas/cache/d187b02764c299f72754f43242cfd95c3db14be424b587e91da691ee5bbab7be.npz,PBC
8,0.4,0.5,unlabeled,RN_only,No independent discrete phase label assigned; evaluate named finite-size features,results/stage6_v1/reference_atlas/cache/d6b570ffb6cbfa9316af25304254a3f565a96ad91055d33a8b6e487faa347e8f.npz,PBC
8,0.4,0.55,unlabeled,RN_only,No independent discrete phase label assigned; evaluate named finite-size features,results/stage6_v1/reference_atlas/cache/e14d6f9e9f0d41bd33530b2e1353f030e7f1fb14b053d2b17f9176a60b6c8d9e.npz,PBC
8,0.4,0.6,unlabeled,RN_only,No independent discrete phase label assigned; evaluate named finite-size features,results/stage6_v1/reference_atlas/cache/ec2b9fddbe84cfe2e8b8ec9c8be9762f2519367cbf60ce4be3396cddb9eebdaa.npz,PBC
8,0.4,0.65,unlabeled,RN_only,No independent discrete phase label assigned; evaluate named finite-size features,results/stage6_v1/reference_atlas/cache/7343c82718fa50c05af0c3127936308173ecbfa25e01577c204dd834bdbd3757.npz,PBC
8,0.4,0.7,unlabeled,RN_only,No independent discrete phase label assigned; evaluate named finite-size features,results/stage6_v1/reference_atlas/cache/11775c88f8d38a0333eda4f9217c6a64158dd523c2f9b9651e0fc2fa14ace29d.npz,PBC
8,0.4,0.75,unlabeled,RN_only,No independent discrete phase label assigned; evaluate named finite-size features,results/stage6_v1/reference_atlas/cache/97ca102c33297f9f6e20b5d578e14a44479d8e88bf3a1b5a77ece313c6ca549d.npz,PBC
8,0.4,0.8,unlabeled,RN_only,No independent discrete phase label assigned; evaluate named finite-size features,results/stage6_v1/reference_atlas/cache/dea53edb196396a86372ca6a3c0d2fda5cdc6fd2ee5ac0615829d48dab82c0dc.npz,PBC
8,0.4,0.85,unlabeled,RN_only,No independent discrete phase label assigned; evaluate named finite-size features,results/stage6_v1/reference_atlas/cache/3cf65056bb8518a5338c3d27bbe7a12d0cda7c51e2f7059d74257360ea883d1b.npz,PBC
8,0.4,0.9,unlabeled,RN_only,No independent discrete phase label assigned; evaluate named finite-size features,results/stage6_v1/reference_atlas/cache/a4282d311c3e42ef6f8f32ac1b4936468804aecff464159d5d9b33b99888c5bf.npz,PBC
8,0.4,0.95,unlabeled,RN_only,No independent discrete phase label assigned; evaluate named finite-size features,results/stage6_v1/reference_atlas/cache/d4c00da82bd67f733df14fbe7a5ab21201fad212e9b64be34666434fb166886b.npz,PBC
8,0.4,1.0,unlabeled,RN_only,No independent discrete phase label assigned; evaluate named finite-size features,results/stage6_v1/reference_atlas/cache/f47b7a85b085509ca5c7e0c5b970f70859bc530ad6d098bff0bc7d6cb529481b.npz,PBC
8,0.4,1.05,unlabeled,RN_only,No independent discrete phase label assigned; evaluate named finite-size features,results/stage6_v1/reference_atlas/cache/d1f5edd88b00c0a6d4a29eff94ddc3a94d5a2f2c8eab96e644ebcd2c4f93f5f1.npz,PBC
8,0.4,1.1,unlabeled,RN_only,No independent discrete phase label assigned; evaluate named finite-size features,results/stage6_v1/reference_atlas/cache/400a28674a1b8903b5a60665707fea1992e260f552b73e52c8ab5f79d3d0eea4.npz,PBC
8,0.4,1.15,unlabeled,RN_only,No independent discrete phase label assigned; evaluate named finite-size features,results/stage6_v1/reference_atlas/cache/24ed5147b9a2b9225c87db37413c17faa6bc13f0eaccc802725d63ab17ae1022.npz,PBC
8,0.4,1.2,unlabeled,RN_only,No independent discrete phase label assigned; evaluate named finite-size features,results/stage6_v1/reference_atlas/cache/aa9272a7714bbc46b875f849c9459acce2a10c1860b28a036532898a42c55f38.npz,PBC
8,0.4,1.25,unlabeled,RN_only,No independent discrete phase label assigned; evaluate named finite-size features,results/stage6_v1/reference_atlas/cache/34c1705eb413ebf3ada460e0970505b6a3659c7664ad8601af882af8155a0622.npz,PBC
8,0.4,1.3,unlabeled,RN_only,No independent discrete phase label assigned; evaluate named finite-size features,results/stage6_v1/reference_atlas/cache/77eeac9d4e5bed420c1746de9f11f73f3824a75133caeebb1d534ad8741741c9.npz,PBC
8,0.4,1.35,unlabeled,RN_only,No independent discrete phase label assigned; evaluate named finite-size features,results/stage6_v1/reference_atlas/cache/80a66ed597d7aa6d1b0c33ffa3667e95ded27d360b6b15f1acc0b6b83fbc3a8a.npz,PBC
8,0.4,1.4,unlabeled,RN_only,No independent discrete phase label assigned; evaluate named finite-size features,results/stage6_v1/reference_atlas/cache/a596499734a4fc1a2d52dab6a3a7140313107b5a221d0872404c404445315d85.npz,PBC
8,0.4,1.45,unlabeled,RN_only,No independent discrete phase label assigned; evaluate named finite-size features,results/stage6_v1/reference_atlas/cache/a05e0654f069658e773e2269e389b1ef15cbe3e66cdc173d6af93b8196cee424.npz,PBC
8,0.4,1.5,unlabeled,RN_only,No independent discrete phase label assigned; evaluate named finite-size features,results/stage6_v1/reference_atlas/cache/f4c44f1c5be0239dc058dab3d8007332aee53dd7510d6d89a0525cac79ee3b02.npz,PBC
8,0.4,1.55,unlabeled,RN_only,No independent discrete phase label assigned; evaluate named finite-size features,results/stage6_v1/reference_atlas/cache/24c592e2f003f9cf2875facd1b536f2aff7f047617ed8587fdcc618a0ad3e381.npz,PBC
8,0.4,1.6,paramagnetic-like,R0_extension,"High-field continuation, transverse polarization and absence of strong order; interior only",results/stage6_v1/reference_atlas/cache/9ca6a753227c87b38728af3f869aa73734798df9107c94f47bf0aff47f8036c0.npz,PBC
8,0.4,1.65,paramagnetic-like,R0_extension,"High-field continuation, transverse polarization and absence of strong order; interior only",results/stage6_v1/reference_atlas/cache/46d202fbfab67c532dff83cd94a61a01dc5f63ba4a04967eab1dda1db2c14fad.npz,PBC
8,0.4,1.7,paramagnetic-like,R0_extension,"High-field continuation, transverse polarization and absence of strong order; interior only",results/stage6_v1/reference_atlas/cache/0f2d837afca5bb41e9a703686bbe08fff853f5374b651c8847a6d479a6c5e43b.npz,PBC
8,0.4,1.75,paramagnetic-like,R0_extension,"High-field continuation, transverse polarization and absence of strong order; interior only",results/stage6_v1/reference_atlas/cache/3e8795ecf059b5b7a24355c0c5cd267f5810d4b169020719a17dd5844301c715.npz,PBC
8,0.4,1.8,paramagnetic-like,R0_extension,"High-field continuation, transverse polarization and absence of strong order; interior only",results/stage6_v1/reference_atlas/cache/e03aca85e1e1ec60555a4be7c28a17ffa154599635ac04988e636576773401bf.npz,PBC
8,0.4,1.85,paramagnetic-like,R0_extension,"High-field continuation, transverse polarization and absence of strong order; interior only",results/stage6_v1/reference_atlas/cache/4727123ba1f8a9b2689b0e66ad3e607b757665c8f06592a7de5a8eef97db49fd.npz,PBC
8,0.4,1.9,paramagnetic-like,R0_extension,"High-field continuation, transverse polarization and absence of strong order; interior only",results/stage6_v1/reference_atlas/cache/8407b760fbd1d7c4ac924ea4c1de13dec176cb5b453154ca5af6b79f76323270.npz,PBC
8,0.4,1.95,paramagnetic-like,R0_extension,"High-field continuation, transverse polarization and absence of strong order; interior only",results/stage6_v1/reference_atlas/cache/ca7375205d06f2ad2b761a10525e880d6c8cfeacc16827f23ac7d65d93e3a53d.npz,PBC
8,0.4,2.0,paramagnetic-like,R0_extension,"High-field continuation, transverse polarization and absence of strong order; interior only",results/stage6_v1/reference_atlas/cache/9de5e01fee7601a765b38c5b61ceb099a2abbaa6a0184584ff61afe2a9a2289f.npz,PBC
8,0.45,0.01,unlabeled,RN_only,No independent discrete phase label assigned; evaluate named finite-size features,results/stage6_v1/reference_atlas/cache/0a7fda4ca01313f8e1c3c1547bc2e6da71427f19dce7473f8f0f426a4d67e5a7.npz,PBC
8,0.45,0.02,unlabeled,RN_only,No independent discrete phase label assigned; evaluate named finite-size features,results/stage6_v1/reference_atlas/cache/66f87467aca5315ad7fc9f8ebb508b22b197fe41d58df50f51cffc0b0243b69f.npz,PBC
8,0.45,0.035,unlabeled,RN_only,No independent discrete phase label assigned; evaluate named finite-size features,results/stage6_v1/reference_atlas/cache/cfc4efffcf135d44fad1e7e4f18528da33b09262ca4b5e3ec998cd600690cd0f.npz,PBC
8,0.45,0.05,unlabeled,RN_only,No independent discrete phase label assigned; evaluate named finite-size features,results/stage6_v1/reference_atlas/cache/faac805876fb4a7a867f6e2f3f7f6d25f206f417404d35fb1d9d37ec0d5362b1.npz,PBC
8,0.45,0.075,unlabeled,RN_only,No independent discrete phase label assigned; evaluate named finite-size features,results/stage6_v1/reference_atlas/cache/b0c8e7bd8e207abb5f8d41c8fd88f785d7497dd006d19631cc69556eb34de60d.npz,PBC
8,0.45,0.0875,unlabeled,RN_only,No independent discrete phase label assigned; evaluate named finite-size features,results/stage6_v1/reference_atlas/cache/973630dbee60e1592e8af288d78517f70fd47654a29b1278cf609660f6aa275b.npz,PBC
8,0.45,0.1,unlabeled,RN_only,No independent discrete phase label assigned; evaluate named finite-size features,results/stage6_v1/reference_atlas/cache/d8ce3add3da91bb8b0b4ccc109d42c1862ef23d7e4f7bf9f7d31f3226e9b2e33.npz,PBC
8,0.45,0.1125,unlabeled,RN_only,No independent discrete phase label assigned; evaluate named finite-size features,results/stage6_v1/reference_atlas/cache/c0a22247d1270813b00e5ffd351947f8618e573c98ab0586a5c0e62cb2a44090.npz,PBC
8,0.45,0.125,unlabeled,RN_only,No independent discrete phase label assigned; evaluate named finite-size features,results/stage6_v1/reference_atlas/cache/43954ab5149209f1eff76f79c16e262f10bff44b6d6d466553428c3f63f713fa.npz,PBC
8,0.45,0.1375,unlabeled,RN_only,No independent discrete phase label assigned; evaluate named finite-size features,results/stage6_v1/reference_atlas/cache/8e781b53db871d411f15bd3cad81767bd881dd04e212a093f9e94ad576c44f76.npz,PBC
8,0.45,0.15,unlabeled,RN_only,No independent discrete phase label assigned; evaluate named finite-size features,results/stage6_v1/reference_atlas/cache/2017e196d1a35015e4c972e526e6e52ea3c4d49fee235934e0a6dd7e503f09b7.npz,PBC
8,0.45,0.1625,unlabeled,RN_only,No independent discrete phase label assigned; evaluate named finite-size features,results/stage6_v1/reference_atlas/cache/ac6c7b394507a14c06a7ad4bcd794ada00391714067fbce2a30a5e650a0bdca3.npz,PBC
8,0.45,0.175,unlabeled,RN_only,No independent discrete phase label assigned; evaluate named finite-size features,results/stage6_v1/reference_atlas/cache/ffd797a2ab5aa820441a78a28a51c4a0a54cc213908bd9029ad3a893c73c6834.npz,PBC
8,0.45,0.2,unlabeled,RN_only,No independent discrete phase label assigned; evaluate named finite-size features,results/stage6_v1/reference_atlas/cache/52bcf8fdf793ad3222e0b3cae34d5d564a6eea1c82c21820575ffe95621da30b.npz,PBC
8,0.45,0.25,unlabeled,RN_only,No independent discrete phase label assigned; evaluate named finite-size features,results/stage6_v1/reference_atlas/cache/d154c37e66feb8bbf735055b37bf58c5ae0bcb022766be4e301cd1330b9243bd.npz,PBC
8,0.45,0.3,unlabeled,RN_only,No independent discrete phase label assigned; evaluate named finite-size features,results/stage6_v1/reference_atlas/cache/8965b8215cb72dd1909d2207a355bade19c3462d926e0f1983078da1cae44423.npz,PBC
8,0.45,0.35,unlabeled,RN_only,No independent discrete phase label assigned; evaluate named finite-size features,results/stage6_v1/reference_atlas/cache/0aa7053b5c0175a49a937dc9e08a3a911846f5870731d9705db47b09bd7cf9c4.npz,PBC
8,0.45,0.4,unlabeled,RN_only,No independent discrete phase label assigned; evaluate named finite-size features,results/stage6_v1/reference_atlas/cache/bd99df3b31fd9ab8379594e20054d7be566db9ebffebd434d6c6ddca21137592.npz,PBC
8,0.45,0.45,unlabeled,RN_only,No independent discrete phase label assigned; evaluate named finite-size features,results/stage6_v1/reference_atlas/cache/8b5aa31b46c2d555f5de1457cd0a6de732b0471203db2540877bb981fbf51432.npz,PBC
8,0.45,0.5,unlabeled,RN_only,No independent discrete phase label assigned; evaluate named finite-size features,results/stage6_v1/reference_atlas/cache/538c4efb76e6ac7b7871bbfe05d278ef36158aab5990b9d99a0dbc5548232e56.npz,PBC
8,0.45,0.55,unlabeled,RN_only,No independent discrete phase label assigned; evaluate named finite-size features,results/stage6_v1/reference_atlas/cache/85b82eb4c82fc7006e0d1eeed33a2426448ef20f9ef68966b859bfc20d2782e1.npz,PBC
8,0.45,0.6,unlabeled,RN_only,No independent discrete phase label assigned; evaluate named finite-size features,results/stage6_v1/reference_atlas/cache/f5126bc293cc9dae39412a87bdc923aeef44d39866d53e56b75a6a4cf1dd5401.npz,PBC
8,0.45,0.65,unlabeled,RN_only,No independent discrete phase label assigned; evaluate named finite-size features,results/stage6_v1/reference_atlas/cache/807a167eda3ba5da3dc100bda8f5a31efcd04bda0f038484570b32642ef52cf2.npz,PBC
8,0.45,0.7,unlabeled,RN_only,No independent discrete phase label assigned; evaluate named finite-size features,results/stage6_v1/reference_atlas/cache/aa5992c977bf46f9b340d31c56c75e73619c30f16d8a563f360e60bc77784382.npz,PBC
8,0.45,0.75,unlabeled,RN_only,No independent discrete phase label assigned; evaluate named finite-size features,results/stage6_v1/reference_atlas/cache/3ef8748ec8ff0a92ef6065e9677e3f418215e46461a92c48309b7edd577d95d0.npz,PBC
8,0.45,0.8,unlabeled,RN_only,No independent discrete phase label assigned; evaluate named finite-size features,results/stage6_v1/reference_atlas/cache/18a3a4f3e380c76a7c147c5b45204b9c1845e4ad33072ecd4b89ab7adc9088e1.npz,PBC
8,0.45,0.85,unlabeled,RN_only,No independent discrete phase label assigned; evaluate named finite-size features,results/stage6_v1/reference_atlas/cache/950360fa66c8ac68d57f2e6dda800e33215a8d649690ef1978e7841239edd6ca.npz,PBC
8,0.45,0.9,unlabeled,RN_only,No independent discrete phase label assigned; evaluate named finite-size features,results/stage6_v1/reference_atlas/cache/598e4e912ce29a6b2047d75d3139013adc1532e5b49f7bc1f3f7e3983a46324c.npz,PBC
8,0.45,0.95,unlabeled,RN_only,No independent discrete phase label assigned; evaluate named finite-size features,results/stage6_v1/reference_atlas/cache/eda4e2f4dea3f0d497f7809468d6a077a956743c899dbd9588711511b9d75123.npz,PBC
8,0.45,1.0,unlabeled,RN_only,No independent discrete phase label assigned; evaluate named finite-size features,results/stage6_v1/reference_atlas/cache/08c3330c9ec4aa026ea104eb3c83e7fd39ebaba2aba180c60740a1bf005d894f.npz,PBC
8,0.45,1.05,unlabeled,RN_only,No independent discrete phase label assigned; evaluate named finite-size features,results/stage6_v1/reference_atlas/cache/0b03aec147ef976dec3671a992fe48c5c0ffc6ed651fb73a375e321d64049ceb.npz,PBC
8,0.45,1.1,unlabeled,RN_only,No independent discrete phase label assigned; evaluate named finite-size features,results/stage6_v1/reference_atlas/cache/b8b4bd2db58f9e5e81c3b4b85021c1237958432bb5665a30804f45d666111030.npz,PBC
8,0.45,1.15,unlabeled,RN_only,No independent discrete phase label assigned; evaluate named finite-size features,results/stage6_v1/reference_atlas/cache/1b4f868e4b4593de1cacfd6de35eaab6c3412d9b84784bde7a551ec2c0a65b89.npz,PBC
8,0.45,1.2,unlabeled,RN_only,No independent discrete phase label assigned; evaluate named finite-size features,results/stage6_v1/reference_atlas/cache/0591f509addd37bc7ad29c84f559662417336d9fc079bc2627cf952bae2e2d4e.npz,PBC
8,0.45,1.25,unlabeled,RN_only,No independent discrete phase label assigned; evaluate named finite-size features,results/stage6_v1/reference_atlas/cache/413a3930ac33bd0549a6ec78581e6e1b11c04b97ac965e5859a72c085f30e116.npz,PBC
8,0.45,1.3,unlabeled,RN_only,No independent discrete phase label assigned; evaluate named finite-size features,results/stage6_v1/reference_atlas/cache/079410e128f064664ce3550648e1704579634eaaf41ff04c7d06577f621cc9b5.npz,PBC
8,0.45,1.35,unlabeled,RN_only,No independent discrete phase label assigned; evaluate named finite-size features,results/stage6_v1/reference_atlas/cache/15f0387409b2f8b50d38ceab722a8972ae330684991e149a06d5b44f56524174.npz,PBC
8,0.45,1.4,unlabeled,RN_only,No independent discrete phase label assigned; evaluate named finite-size features,results/stage6_v1/reference_atlas/cache/b3b4304ba4fa86bcdea6ceffb810594639826e2314416bc364d5e63ced5a1614.npz,PBC
8,0.45,1.45,unlabeled,RN_only,No independent discrete phase label assigned; evaluate named finite-size features,results/stage6_v1/reference_atlas/cache/f9197907ee03b3c24a26dd5ef605f83110794a55e8524c4affe28a14d80aab3c.npz,PBC
8,0.45,1.5,unlabeled,RN_only,No independent discrete phase label assigned; evaluate named finite-size features,results/stage6_v1/reference_atlas/cache/ce58b13bb97be9e332d296a6a122b37399f15d265cc064455781920aee738f46.npz,PBC
8,0.45,1.55,unlabeled,RN_only,No independent discrete phase label assigned; evaluate named finite-size features,results/stage6_v1/reference_atlas/cache/8cb6d89f7ac9395c955a25a452ee3db9e10b2c43702fb3fa17c1eb37d4d6325b.npz,PBC
8,0.45,1.6,paramagnetic-like,R0_extension,"High-field continuation, transverse polarization and absence of strong order; interior only",results/stage6_v1/reference_atlas/cache/25815ae4f9ac0bde01c802d2420a9216444f35356d6fad5c009ac59a4038cd7c.npz,PBC
8,0.45,1.65,paramagnetic-like,R0_extension,"High-field continuation, transverse polarization and absence of strong order; interior only",results/stage6_v1/reference_atlas/cache/37579b228c071bbdd420f6aa48f85cd6828a714c6da693279b1c8bebcc0f1b41.npz,PBC
8,0.45,1.7,paramagnetic-like,R0_extension,"High-field continuation, transverse polarization and absence of strong order; interior only",results/stage6_v1/reference_atlas/cache/45688ea408a8976989cff242c8d52eed5f2a1ac9370cb8821fb5f92443fb8b57.npz,PBC
8,0.45,1.75,paramagnetic-like,R0_extension,"High-field continuation, transverse polarization and absence of strong order; interior only",results/stage6_v1/reference_atlas/cache/19665c4752b6978dfcb6006fd9a767918ccb14b9f3f9a365abaf041735b0b2c3.npz,PBC
8,0.45,1.8,paramagnetic-like,R0_extension,"High-field continuation, transverse polarization and absence of strong order; interior only",results/stage6_v1/reference_atlas/cache/87f7b417b874b86523e4f2c4be75d8f6ac16ded3ced8943d862613339bb9fdd7.npz,PBC
8,0.45,1.85,paramagnetic-like,R0_extension,"High-field continuation, transverse polarization and absence of strong order; interior only",results/stage6_v1/reference_atlas/cache/fa36d5af863512f7cdbfd6097f321fb7957b38235f26872fecaba8994778b21f.npz,PBC
8,0.45,1.9,paramagnetic-like,R0_extension,"High-field continuation, transverse polarization and absence of strong order; interior only",results/stage6_v1/reference_atlas/cache/900fad1181007f3f9fe8946a3810556ea3069c9dfc2d00566124bb6ef08884eb.npz,PBC
8,0.45,1.95,paramagnetic-like,R0_extension,"High-field continuation, transverse polarization and absence of strong order; interior only",results/stage6_v1/reference_atlas/cache/d4cb95e03488b28f1b4f77f7ae2feb9c6741262bae324af6049f31b154bab245.npz,PBC
8,0.45,2.0,paramagnetic-like,R0_extension,"High-field continuation, transverse polarization and absence of strong order; interior only",results/stage6_v1/reference_atlas/cache/e593abf7da291221869d2df668d2a04081a848ee134c761f47f70ef0e3a02149.npz,PBC
8,0.475,0.01,unlabeled,RN_only,No independent discrete phase label assigned; evaluate named finite-size features,results/stage6_v1/reference_atlas/cache/3c6fc849da97fdbf251c938e7cf510c704460563f7a7b7c69cf13275ec7a8f89.npz,PBC
8,0.475,0.02,unlabeled,RN_only,No independent discrete phase label assigned; evaluate named finite-size features,results/stage6_v1/reference_atlas/cache/514b9724079a082bb65579ba07f77e5c5d68ae2cdb6194540eb8253c218f153e.npz,PBC
8,0.475,0.025,unlabeled,RN_only,No independent discrete phase label assigned; evaluate named finite-size features,results/stage6_v1/reference_atlas/cache/0ac7d96a9666ae8d208e0dc22e7240ca1822b70be8c394d4e19da047518367f9.npz,PBC
8,0.475,0.035,unlabeled,RN_only,No independent discrete phase label assigned; evaluate named finite-size features,results/stage6_v1/reference_atlas/cache/4c3ee84eb7587276f92dca857d24d3e2e9461568f52c0fb2eb80750211fb2962.npz,PBC
8,0.475,0.0375,unlabeled,RN_only,No independent discrete phase label assigned; evaluate named finite-size features,results/stage6_v1/reference_atlas/cache/15e8a723b9dd3becde80aebdce6cf3226073f77a9434489f0bc9d02ac8e02ae7.npz,PBC
8,0.475,0.05,unlabeled,RN_only,No independent discrete phase label assigned; evaluate named finite-size features,results/stage6_v1/reference_atlas/cache/95fac06d226e586c785dd25c5bb09660b5dc815de17a6636b6071ac79515aa3b.npz,PBC
8,0.475,0.0625,unlabeled,RN_only,No independent discrete phase label assigned; evaluate named finite-size features,results/stage6_v1/reference_atlas/cache/1376223717a3016f3274128fa01e107b5b48114c6c33cab63f5ec96abcedcaf6.npz,PBC
8,0.475,0.075,unlabeled,RN_only,No independent discrete phase label assigned; evaluate named finite-size features,results/stage6_v1/reference_atlas/cache/5b26d361748728d78dbf97a376e0007d768dc426f41633c6f6c16f72a4feceda.npz,PBC
8,0.475,0.0875,unlabeled,RN_only,No independent discrete phase label assigned; evaluate named finite-size features,results/stage6_v1/reference_atlas/cache/92125f2ad7ca801d86566148cfc85e9cd331eead6868820dddf9f8ff6e049071.npz,PBC
8,0.475,0.1,unlabeled,RN_only,No independent discrete phase label assigned; evaluate named finite-size features,results/stage6_v1/reference_atlas/cache/30b2ed89b6fa69848d18f10e4d17e379d02324ba35431ce8eacb2d1db0d9b028.npz,PBC
8,0.475,0.1125,unlabeled,RN_only,No independent discrete phase label assigned; evaluate named finite-size features,results/stage6_v1/reference_atlas/cache/52fdac46836928016b8f0f58e5050ae2b887b9d9aa1a83f94b4deb4e7d9c33b2.npz,PBC
8,0.475,0.125,unlabeled,RN_only,No independent discrete phase label assigned; evaluate named finite-size features,results/stage6_v1/reference_atlas/cache/3a2a6d7d3d716067eaa41927f0a531b38bc713482a04d028d78547a2773e6ffb.npz,PBC
8,0.475,0.15,unlabeled,RN_only,No independent discrete phase label assigned; evaluate named finite-size features,results/stage6_v1/reference_atlas/cache/fa45ded7b2a89aed156927856beee29923583cd5d7df234e4b62ea4eedef3920.npz,PBC
8,0.475,0.2,unlabeled,RN_only,No independent discrete phase label assigned; evaluate named finite-size features,results/stage6_v1/reference_atlas/cache/7cb812c621f05dca87fec68bd08d4e99cbed6d693a2c16bef5b49598ccc65892.npz,PBC
8,0.475,0.2125,unlabeled,RN_only,No independent discrete phase label assigned; evaluate named finite-size features,results/stage6_v1/reference_atlas/cache/8ea8bb49a35e1249248f8a8ca37386cea2c46cb9034a6a3b7c676ba0e5e392c8.npz,PBC
8,0.475,0.225,unlabeled,RN_only,No independent discrete phase label assigned; evaluate named finite-size features,results/stage6_v1/reference_atlas/cache/c24c7ca33040cd61088c6e7e6148509eb6cf22fcb3961e38ca206b2dee120c3d.npz,PBC
8,0.475,0.2375,unlabeled,RN_only,No independent discrete phase label assigned; evaluate named finite-size features,results/stage6_v1/reference_atlas/cache/39ef7b745cfbb86f654ed66505ff7e7e212a98787593b636c2b41274001064d2.npz,PBC
8,0.475,0.25,unlabeled,RN_only,No independent discrete phase label assigned; evaluate named finite-size features,results/stage6_v1/reference_atlas/cache/b54ba5b61bf188693a1657bbfe77ece6040e3b959ac0d9af6888f16212d3896c.npz,PBC
8,0.475,0.2625,unlabeled,RN_only,No independent discrete phase label assigned; evaluate named finite-size features,results/stage6_v1/reference_atlas/cache/6791f8ca04238a1e8a488a8e727988472ecc11b8ca4165c9bd828193f28a6036.npz,PBC
8,0.475,0.275,unlabeled,RN_only,No independent discrete phase label assigned; evaluate named finite-size features,results/stage6_v1/reference_atlas/cache/efef6e4af32d9443476e9541bb857f77357f6e0b848efc71fb08dde52c452b30.npz,PBC
8,0.475,0.2875,unlabeled,RN_only,No independent discrete phase label assigned; evaluate named finite-size features,results/stage6_v1/reference_atlas/cache/10b3750afa26d534282da3e19032c3507ef7becaba9abd4a6f99154f57388e1f.npz,PBC
8,0.475,0.3,unlabeled,RN_only,No independent discrete phase label assigned; evaluate named finite-size features,results/stage6_v1/reference_atlas/cache/bfbed962fa6a50fc7b901cebd0510c4552e083d7fb80d4bbe176826818c05e01.npz,PBC
8,0.475,0.35,unlabeled,RN_only,No independent discrete phase label assigned; evaluate named finite-size features,results/stage6_v1/reference_atlas/cache/b1f2da2a58e9f0ccfecbaf7625e31623a1e3e5de7e1b434170a5379a43bed43e.npz,PBC
8,0.475,0.4,unlabeled,RN_only,No independent discrete phase label assigned; evaluate named finite-size features,results/stage6_v1/reference_atlas/cache/cb1ace5c6d79923f33341a70ce5e9814431d4e2fe3d219fc74ac09177a7fc0b9.npz,PBC
8,0.475,0.45,unlabeled,RN_only,No independent discrete phase label assigned; evaluate named finite-size features,results/stage6_v1/reference_atlas/cache/dca9cda212894f1efedf67dabc95a8c80f661f23773d5ac52bdb56388c240f59.npz,PBC
8,0.475,0.5,unlabeled,RN_only,No independent discrete phase label assigned; evaluate named finite-size features,results/stage6_v1/reference_atlas/cache/d82a983aeeec3d8d1a3e69b34bdfc87167ed980adb7fbca0a2af12caa55b9c91.npz,PBC
8,0.475,0.55,unlabeled,RN_only,No independent discrete phase label assigned; evaluate named finite-size features,results/stage6_v1/reference_atlas/cache/aba350ac1c2d7b842db14aae171f52d8324f384cf3799a1cb2830ffedb93d97a.npz,PBC
8,0.475,0.6,unlabeled,RN_only,No independent discrete phase label assigned; evaluate named finite-size features,results/stage6_v1/reference_atlas/cache/5f6f713ed19f7a95ce36c440e27f3e7ddaacfa3800f3a9c921e50b5a07c3dc7a.npz,PBC
8,0.475,0.65,unlabeled,RN_only,No independent discrete phase label assigned; evaluate named finite-size features,results/stage6_v1/reference_atlas/cache/63189e6ae317671aa69006714e158ab5154d559227f5d5f1181478c5d33cbe2c.npz,PBC
8,0.475,0.7,unlabeled,RN_only,No independent discrete phase label assigned; evaluate named finite-size features,results/stage6_v1/reference_atlas/cache/e6bf1a20c576231627dcc449dcff5bdc3f13b4af233444069b407a8dcb696abd.npz,PBC
8,0.475,0.75,unlabeled,RN_only,No independent discrete phase label assigned; evaluate named finite-size features,results/stage6_v1/reference_atlas/cache/2e3a865f7f30a029641699a52e9d600ee3a0e57b97879c690fac80b74c40fe41.npz,PBC
8,0.475,0.8,unlabeled,RN_only,No independent discrete phase label assigned; evaluate named finite-size features,results/stage6_v1/reference_atlas/cache/123512766c962146cc0271d6fb872713f996cfe3d7d9a7de229a1f4f5f382996.npz,PBC
8,0.475,0.85,unlabeled,RN_only,No independent discrete phase label assigned; evaluate named finite-size features,results/stage6_v1/reference_atlas/cache/494478f791d882082f1b7881a2b036c3b037567076b7c71d0d295fa22d743552.npz,PBC
8,0.475,0.9,unlabeled,RN_only,No independent discrete phase label assigned; evaluate named finite-size features,results/stage6_v1/reference_atlas/cache/fcf65209f1873f6bf267cdda3af11c297063916e2a11ac305650569f673e6d74.npz,PBC
8,0.475,0.95,unlabeled,RN_only,No independent discrete phase label assigned; evaluate named finite-size features,results/stage6_v1/reference_atlas/cache/21cbd499c3ed29806733afc9e5e7f034c6092d8a0b1665dee46e0d5e62c7c96e.npz,PBC
8,0.475,1.0,unlabeled,RN_only,No independent discrete phase label assigned; evaluate named finite-size features,results/stage6_v1/reference_atlas/cache/fed71b9f4517aca9140b2d51cc67e4aa6325d2e0463d464caf5c43a9866405d6.npz,PBC
8,0.475,1.05,unlabeled,RN_only,No independent discrete phase label assigned; evaluate named finite-size features,results/stage6_v1/reference_atlas/cache/0493abf439910f09dc587fed212bfca6c1f38c04c57b7d2b76cd9ecb05db06ac.npz,PBC
8,0.475,1.1,unlabeled,RN_only,No independent discrete phase label assigned; evaluate named finite-size features,results/stage6_v1/reference_atlas/cache/002e5aa72325cfde52c8b461d24f80ba3555e0ef3405136c29af9c3fffcf5d8b.npz,PBC
8,0.475,1.15,unlabeled,RN_only,No independent discrete phase label assigned; evaluate named finite-size features,results/stage6_v1/reference_atlas/cache/21c573e0174fb68cffe5c8b1633012c6ac394df670db7eef6aecef83dc8d7b19.npz,PBC
8,0.475,1.2,unlabeled,RN_only,No independent discrete phase label assigned; evaluate named finite-size features,results/stage6_v1/reference_atlas/cache/22a21da819c9ca38fd5cddb5f6b04ddc684e10760ada0b50685e64d1e5091152.npz,PBC
8,0.475,1.25,unlabeled,RN_only,No independent discrete phase label assigned; evaluate named finite-size features,results/stage6_v1/reference_atlas/cache/be1c1c7f526c65aecca269c4524938577216aee1941be4be7b10cad3f608d9c0.npz,PBC
8,0.475,1.3,unlabeled,RN_only,No independent discrete phase label assigned; evaluate named finite-size features,results/stage6_v1/reference_atlas/cache/8aab7f3ec159c6e5362ab3971bbdcdf6c55c7ce87350734abfa1a677619796ad.npz,PBC
8,0.475,1.35,unlabeled,RN_only,No independent discrete phase label assigned; evaluate named finite-size features,results/stage6_v1/reference_atlas/cache/2162cc1ada90be39303a5a3f0025375a56c4f06e2755461dd088e5b23809b4fa.npz,PBC
8,0.475,1.4,unlabeled,RN_only,No independent discrete phase label assigned; evaluate named finite-size features,results/stage6_v1/reference_atlas/cache/a595887bb5ffbe4f06ce3c2d0b51d37aa37220fa752ecf9f08519ac7cbdb03d3.npz,PBC
8,0.475,1.45,unlabeled,RN_only,No independent discrete phase label assigned; evaluate named finite-size features,results/stage6_v1/reference_atlas/cache/9c676c27a05d80da06321876751ac36736454c7a0127f973cfcfca5353c53199.npz,PBC
8,0.475,1.5,unlabeled,RN_only,No independent discrete phase label assigned; evaluate named finite-size features,results/stage6_v1/reference_atlas/cache/82754c6f9915d867804a3792c70a73b4939e73ad47c8bb4eb6a8b7209158b5d1.npz,PBC
8,0.475,1.55,unlabeled,RN_only,No independent discrete phase label assigned; evaluate named finite-size features,results/stage6_v1/reference_atlas/cache/788ee6c6e8824fe96fb69e8ffd1f000a9abe043bd1bad162e150f9ad5a67b98f.npz,PBC
8,0.475,1.6,paramagnetic-like,R0_extension,"High-field continuation, transverse polarization and absence of strong order; interior only",results/stage6_v1/reference_atlas/cache/6e3d800322452d8c398d899cc5417569a3ca0eb5ad8a627395c05659f1db20f9.npz,PBC
8,0.475,1.65,paramagnetic-like,R0_extension,"High-field continuation, transverse polarization and absence of strong order; interior only",results/stage6_v1/reference_atlas/cache/d9b6955a9dd6cad48acc46add4507531e62d29af7bf27fc9eec5f14213ffadef.npz,PBC
8,0.475,1.7,paramagnetic-like,R0_extension,"High-field continuation, transverse polarization and absence of strong order; interior only",results/stage6_v1/reference_atlas/cache/ed9d3b3938106652e49538306cc0cf7c1da7654f77874f4e83605421f8a23079.npz,PBC
8,0.475,1.75,paramagnetic-like,R0_extension,"High-field continuation, transverse polarization and absence of strong order; interior only",results/stage6_v1/reference_atlas/cache/69ffb44d2caa5501d9c44f2296385855e0bbde52ec656e96478a9e6b9634222e.npz,PBC
8,0.475,1.8,paramagnetic-like,R0_extension,"High-field continuation, transverse polarization and absence of strong order; interior only",results/stage6_v1/reference_atlas/cache/18ba872e58ba26e1264c80a449cb432ed9fd6d2fc00d1093bfcae3d82c6430e6.npz,PBC
8,0.475,1.85,paramagnetic-like,R0_extension,"High-field continuation, transverse polarization and absence of strong order; interior only",results/stage6_v1/reference_atlas/cache/cf059f8aa80117e75fca4d1d933ab3a163c82be5ce7f44effd5c1c252dd85a95.npz,PBC
8,0.475,1.9,paramagnetic-like,R0_extension,"High-field continuation, transverse polarization and absence of strong order; interior only",results/stage6_v1/reference_atlas/cache/7f72f245825fc462737a4cffe589bdaa679c3681c6a422e77b6a75523c9cf521.npz,PBC
8,0.475,1.95,paramagnetic-like,R0_extension,"High-field continuation, transverse polarization and absence of strong order; interior only",results/stage6_v1/reference_atlas/cache/e526900a67a970523cc8f7817751c25d9bfe6daaf491b0b5560cdf06a09cf70b.npz,PBC
8,0.475,2.0,paramagnetic-like,R0_extension,"High-field continuation, transverse polarization and absence of strong order; interior only",results/stage6_v1/reference_atlas/cache/d7fb9451c0cc179d2816c1e3789416610875b4cb1e2ad0c2803ecc0f6dc44f5f.npz,PBC
8,0.5,0.01,unlabeled,RN_only,No independent discrete phase label assigned; evaluate named finite-size features,results/stage6_v1/reference_atlas/cache/57f4778782cb3120d3fd956a593d84307fa93730baf97c4a59fb83a86dc3c00c.npz,PBC
8,0.5,0.02,unlabeled,RN_only,No independent discrete phase label assigned; evaluate named finite-size features,results/stage6_v1/reference_atlas/cache/19860836dccb6fcae341b64bdaf503e8c89239be071b68ce2fb64012e9779370.npz,PBC
8,0.5,0.035,unlabeled,RN_only,No independent discrete phase label assigned; evaluate named finite-size features,results/stage6_v1/reference_atlas/cache/9e3d8551f5033b58f92a62ea9bd745dd29d66b157d74c7fc2cf240d6348e287d.npz,PBC
8,0.5,0.05,unlabeled,RN_only,No independent discrete phase label assigned; evaluate named finite-size features,results/stage6_v1/reference_atlas/cache/5727d6fcd6fd7ced6fab312df1ff8ebc5cdd7c3ab599ebb0636d8a6518bd5d07.npz,PBC
8,0.5,0.075,unlabeled,RN_only,No independent discrete phase label assigned; evaluate named finite-size features,results/stage6_v1/reference_atlas/cache/c7fe8c1b2e357670efdf9eb62c8559cc659baad1f56805ea181217cd7cc62685.npz,PBC
8,0.5,0.1,unlabeled,RN_only,No independent discrete phase label assigned; evaluate named finite-size features,results/stage6_v1/reference_atlas/cache/16dabc86e9c6ef1399d638a5d00e25f67f4a3cac90cf606bae7e7a2c63e38b4f.npz,PBC
8,0.5,0.125,unlabeled,RN_only,No independent discrete phase label assigned; evaluate named finite-size features,results/stage6_v1/reference_atlas/cache/38bfd37381274089c6dc83c7e57b1fc9f8e34587678798a9c72f06841f480ca0.npz,PBC
8,0.5,0.15,unlabeled,RN_only,No independent discrete phase label assigned; evaluate named finite-size features,results/stage6_v1/reference_atlas/cache/d0fd98a4e68cde3f9743ff7f6d5c2913790820b3f76aec4723fe478510569c51.npz,PBC
8,0.5,0.2,unlabeled,RN_only,No independent discrete phase label assigned; evaluate named finite-size features,results/stage6_v1/reference_atlas/cache/ebb450fe5b86d008146c212fe2eda29af5b756ce8da85d985bbb3b915a724b4a.npz,PBC
8,0.5,0.2125,unlabeled,RN_only,No independent discrete phase label assigned; evaluate named finite-size features,results/stage6_v1/reference_atlas/cache/ec45ab3bdf02fe453bc0e6cf584d332ee5a406933c1ddbfa995f458b9917d7b1.npz,PBC
8,0.5,0.225,unlabeled,RN_only,No independent discrete phase label assigned; evaluate named finite-size features,results/stage6_v1/reference_atlas/cache/65280afcc240a0212c02ce7a0e0363a1e1247b3d5cdabdd5a253a84c6036c2bd.npz,PBC
8,0.5,0.2375,unlabeled,RN_only,No independent discrete phase label assigned; evaluate named finite-size features,results/stage6_v1/reference_atlas/cache/bd54964d719505c0d3fd6bacef59316389543b2a5d75001238736a9029860a8d.npz,PBC
8,0.5,0.25,unlabeled,RN_only,No independent discrete phase label assigned; evaluate named finite-size features,results/stage6_v1/reference_atlas/cache/1d7519981795cc09293db2d405ccd0e97341bf70c8049bc0aed79cb86683070e.npz,PBC
8,0.5,0.2625,unlabeled,RN_only,No independent discrete phase label assigned; evaluate named finite-size features,results/stage6_v1/reference_atlas/cache/54d44825c81227de20ccbe5bcc4a284584490fd20d346d071dd900ae8cee289e.npz,PBC
8,0.5,0.275,unlabeled,RN_only,No independent discrete phase label assigned; evaluate named finite-size features,results/stage6_v1/reference_atlas/cache/8ddd4c3ca2b88cd28ad34bbaad89b4a543676543f213944d8a3f484e064c782d.npz,PBC
8,0.5,0.2875,unlabeled,RN_only,No independent discrete phase label assigned; evaluate named finite-size features,results/stage6_v1/reference_atlas/cache/127c74b306b54dab32bc81779497a1a271458d366340eac30a062962125ffbd4.npz,PBC
8,0.5,0.3,unlabeled,RN_only,No independent discrete phase label assigned; evaluate named finite-size features,results/stage6_v1/reference_atlas/cache/704e60b9d3b4aded277e7b8d6730fd9eaf5445e42e1acddd20a9b8135ea84557.npz,PBC
8,0.5,0.35,unlabeled,RN_only,No independent discrete phase label assigned; evaluate named finite-size features,results/stage6_v1/reference_atlas/cache/ce42a0a6c16a57c6c7c4962f3831cd5c391bbdabec6cb270e1dbde485bb47517.npz,PBC
8,0.5,0.4,unlabeled,RN_only,No independent discrete phase label assigned; evaluate named finite-size features,results/stage6_v1/reference_atlas/cache/f4c0e8aacfc8a93f8f739188529bf78e0d04ea18ce15aa877a20873dc4a9ce3b.npz,PBC
8,0.5,0.45,unlabeled,RN_only,No independent discrete phase label assigned; evaluate named finite-size features,results/stage6_v1/reference_atlas/cache/c4760bd53e45d79215a70ae10a6820ca84e3be25e19acbc727a4c35961c1e6d3.npz,PBC
8,0.5,0.5,unlabeled,RN_only,No independent discrete phase label assigned; evaluate named finite-size features,results/stage6_v1/reference_atlas/cache/288f6396292e7c121735fe1b917858d709c2d5bec3e58a03e74ef1cfe5f66bd3.npz,PBC
8,0.5,0.55,unlabeled,RN_only,No independent discrete phase label assigned; evaluate named finite-size features,results/stage6_v1/reference_atlas/cache/0c15d6097aaec463caf365d1f928db8d3eeabb5c2808e83cee4dc079df3f0122.npz,PBC
8,0.5,0.6,unlabeled,RN_only,No independent discrete phase label assigned; evaluate named finite-size features,results/stage6_v1/reference_atlas/cache/892c9b0ee72825ca84da5a30bc9fc12c442f27c80669ff44cf03bce2069634ec.npz,PBC
8,0.5,0.65,unlabeled,RN_only,No independent discrete phase label assigned; evaluate named finite-size features,results/stage6_v1/reference_atlas/cache/ffe25db65217b0272b0e853b242dbc12c8bf9a80cee4af4610872b0e8c53c730.npz,PBC
8,0.5,0.7,unlabeled,RN_only,No independent discrete phase label assigned; evaluate named finite-size features,results/stage6_v1/reference_atlas/cache/a6b272d6807180e70057ebfb23958f52cf5f3639f50c3e7a80bf69cf147f6623.npz,PBC
8,0.5,0.75,unlabeled,RN_only,No independent discrete phase label assigned; evaluate named finite-size features,results/stage6_v1/reference_atlas/cache/12eb168a1b7a4bcb272340bbb1ab18cf26ba8ea131e6620aa75b2e76ff86536d.npz,PBC
8,0.5,0.8,unlabeled,RN_only,No independent discrete phase label assigned; evaluate named finite-size features,results/stage6_v1/reference_atlas/cache/3bdac41a31c796ba8a5ccbbfbfc097228221017d5ecdcdf0a865b4c1fef5294c.npz,PBC
8,0.5,0.85,unlabeled,RN_only,No independent discrete phase label assigned; evaluate named finite-size features,results/stage6_v1/reference_atlas/cache/5781d01ea7c8225c6fef3d01d12407c3adca0a0f7402a475efc54f52e1197eb6.npz,PBC
8,0.5,0.9,unlabeled,RN_only,No independent discrete phase label assigned; evaluate named finite-size features,results/stage6_v1/reference_atlas/cache/1fce57b8dd695d4c5c3cc942424ef514ae26200217faa29d2dd2b354b6646c50.npz,PBC
8,0.5,0.95,unlabeled,RN_only,No independent discrete phase label assigned; evaluate named finite-size features,results/stage6_v1/reference_atlas/cache/25aa8327f8b4dbd5f0e2fe250d44a8a5185710d1f59007dfb2b9a97d8c208047.npz,PBC
8,0.5,1.0,unlabeled,RN_only,No independent discrete phase label assigned; evaluate named finite-size features,results/stage6_v1/reference_atlas/cache/58f7a5b8ba2f91366ff62fe69e4742696aa7778ee239d92e89c432c1654aabff.npz,PBC
8,0.5,1.05,unlabeled,RN_only,No independent discrete phase label assigned; evaluate named finite-size features,results/stage6_v1/reference_atlas/cache/371be76ccffd676d347dde4cfe0f16631d8b671b7e7ee95b2e1dad0fa68e4533.npz,PBC
8,0.5,1.1,unlabeled,RN_only,No independent discrete phase label assigned; evaluate named finite-size features,results/stage6_v1/reference_atlas/cache/c7ad2887b9acb3673ff5ae30217cbd70b7f95e8b37930986808ee495e079af6a.npz,PBC
8,0.5,1.15,unlabeled,RN_only,No independent discrete phase label assigned; evaluate named finite-size features,results/stage6_v1/reference_atlas/cache/0bdca419c13081038150ac474c4888423dbd5497e905334220f51d5ae97c7e99.npz,PBC
8,0.5,1.2,unlabeled,RN_only,No independent discrete phase label assigned; evaluate named finite-size features,results/stage6_v1/reference_atlas/cache/24d628c371b647c242017434e3d97693e557ce6572da8f77e8e0e7a11a71d24f.npz,PBC
8,0.5,1.25,unlabeled,RN_only,No independent discrete phase label assigned; evaluate named finite-size features,results/stage6_v1/reference_atlas/cache/c72f581d17f87ff9448a01a55577c0a5fa4ec8ba60cb5ccffa24cc3aa510db03.npz,PBC
8,0.5,1.3,unlabeled,RN_only,No independent discrete phase label assigned; evaluate named finite-size features,results/stage6_v1/reference_atlas/cache/ac8c15b3bd714ba335348804aa3a7c76165d9006540cf3d3071a0de06530734f.npz,PBC
8,0.5,1.35,unlabeled,RN_only,No independent discrete phase label assigned; evaluate named finite-size features,results/stage6_v1/reference_atlas/cache/2b4300a8d576ceddab0bb87e3e0a43ae1fa8f0f595a768b5dd3e552b1fe525b8.npz,PBC
8,0.5,1.4,unlabeled,RN_only,No independent discrete phase label assigned; evaluate named finite-size features,results/stage6_v1/reference_atlas/cache/50bf91cb4f96318dc747b2e1c55b3acfde5aebc4c0ae3000f5299c40cb4fc4a9.npz,PBC
8,0.5,1.45,unlabeled,RN_only,No independent discrete phase label assigned; evaluate named finite-size features,results/stage6_v1/reference_atlas/cache/88ac4671c2337e41bae16b5f6cf210f74ab342449f1356d8f8eda88b404d9872.npz,PBC
8,0.5,1.5,unlabeled,RN_only,No independent discrete phase label assigned; evaluate named finite-size features,results/stage6_v1/reference_atlas/cache/e9909ea599b8f0e4b08b53edddbf12e2d7a90f3f37cd6d1c83840d404a49d99b.npz,PBC
8,0.5,1.55,unlabeled,RN_only,No independent discrete phase label assigned; evaluate named finite-size features,results/stage6_v1/reference_atlas/cache/6ea5021a1256afc69cf4fc62ff49bdb577fe378b64c2252f88af8bc11226adac.npz,PBC
8,0.5,1.6,paramagnetic-like,R0_extension,"High-field continuation, transverse polarization and absence of strong order; interior only",results/stage6_v1/reference_atlas/cache/124509b94219c4e4937e0395a66f09860bee79781ad85da16ca10f5bbc8d26c5.npz,PBC
8,0.5,1.65,paramagnetic-like,R0_extension,"High-field continuation, transverse polarization and absence of strong order; interior only",results/stage6_v1/reference_atlas/cache/5e2ec19e56fcda5754e35063f94a056a0230924001efc9c2338e0cbc8aabbadd.npz,PBC
8,0.5,1.7,paramagnetic-like,R0_extension,"High-field continuation, transverse polarization and absence of strong order; interior only",results/stage6_v1/reference_atlas/cache/dd291f6fd8531cb6c6298cd995591c778b644c624b22b473fd646ff299226543.npz,PBC
8,0.5,1.75,paramagnetic-like,R0_extension,"High-field continuation, transverse polarization and absence of strong order; interior only",results/stage6_v1/reference_atlas/cache/eed6f1edd8285151765b1895a81599e94717df4699d292b1de643c09ccd2a1f7.npz,PBC
8,0.5,1.8,paramagnetic-like,R0_extension,"High-field continuation, transverse polarization and absence of strong order; interior only",results/stage6_v1/reference_atlas/cache/5077f8e5f33679cc1ca47c5f799b37b5dbec3b636727050628bcd3a2083648c6.npz,PBC
8,0.5,1.85,paramagnetic-like,R0_extension,"High-field continuation, transverse polarization and absence of strong order; interior only",results/stage6_v1/reference_atlas/cache/e06d8096db8081f69cfcdd25477b50e2711f1c58b53c54b455a151f2baae5a3c.npz,PBC
8,0.5,1.9,paramagnetic-like,R0_extension,"High-field continuation, transverse polarization and absence of strong order; interior only",results/stage6_v1/reference_atlas/cache/743c394134e20df0fdd4b4d090424df24bec8bf393d0597bdc6cc74908f48410.npz,PBC
8,0.5,1.95,paramagnetic-like,R0_extension,"High-field continuation, transverse polarization and absence of strong order; interior only",results/stage6_v1/reference_atlas/cache/a306925eec28a311e7914b4c98798c8b708914423aa7b3835baba09f59bb33fb.npz,PBC
8,0.5,2.0,paramagnetic-like,R0_extension,"High-field continuation, transverse polarization and absence of strong order; interior only",results/stage6_v1/reference_atlas/cache/531a67208dea1557bd55a03afc17096611d33410d4b6d7cf225f77d9282f6da2.npz,PBC
8,0.525,0.01,unlabeled,RN_only,No independent discrete phase label assigned; evaluate named finite-size features,results/stage6_v1/reference_atlas/cache/27b827b93b65f22275dc10ddef603e057b7088b4f8e552e943a542ceba54b0c4.npz,PBC
8,0.525,0.02,unlabeled,RN_only,No independent discrete phase label assigned; evaluate named finite-size features,results/stage6_v1/reference_atlas/cache/fc9e82c3d5a57e7ea51b5c3fea9918dae76159cc0acd36cfa264dcb2d242b79c.npz,PBC
8,0.525,0.025,unlabeled,RN_only,No independent discrete phase label assigned; evaluate named finite-size features,results/stage6_v1/reference_atlas/cache/9c721838de2005a64212d80d82b3ea9965911c8054062c0aed58cb4a14ab4646.npz,PBC
8,0.525,0.035,unlabeled,RN_only,No independent discrete phase label assigned; evaluate named finite-size features,results/stage6_v1/reference_atlas/cache/7a11b9d6a0b5887e79754497649e30ad9d077290285041d786b90cf8530424ae.npz,PBC
8,0.525,0.0375,unlabeled,RN_only,No independent discrete phase label assigned; evaluate named finite-size features,results/stage6_v1/reference_atlas/cache/58c8eb3f81efee26e9a24be5d0bca25685af7f35bfe6495f778b5f200034a987.npz,PBC
8,0.525,0.05,unlabeled,RN_only,No independent discrete phase label assigned; evaluate named finite-size features,results/stage6_v1/reference_atlas/cache/728f598328c7f81e2e6951bcc296394d890ba7d755fbb677919d56de2914e8ec.npz,PBC
8,0.525,0.0625,unlabeled,RN_only,No independent discrete phase label assigned; evaluate named finite-size features,results/stage6_v1/reference_atlas/cache/91cd8c37f928dd2d5ad9d7181a7436c09eac7861af4a7c6377b014fc2f786bf6.npz,PBC
8,0.525,0.075,unlabeled,RN_only,No independent discrete phase label assigned; evaluate named finite-size features,results/stage6_v1/reference_atlas/cache/e56dc61c570e6f1487c63a51395832f600d54f4007f30d2d48714edc15a79884.npz,PBC
8,0.525,0.0875,unlabeled,RN_only,No independent discrete phase label assigned; evaluate named finite-size features,results/stage6_v1/reference_atlas/cache/cd740b5e9af38939ea34e845f64a619098f09936efd1d885e0d7a657b5d2365b.npz,PBC
8,0.525,0.1,unlabeled,RN_only,No independent discrete phase label assigned; evaluate named finite-size features,results/stage6_v1/reference_atlas/cache/8efbad9652a52797f8c2cf1944edbab2a4f83348ac94d1dad45a882e5e9605c6.npz,PBC
8,0.525,0.1125,unlabeled,RN_only,No independent discrete phase label assigned; evaluate named finite-size features,results/stage6_v1/reference_atlas/cache/09371c07848822d5cc0d0b31d97b641da36d8c1091ecf9053c556417db17c4c1.npz,PBC
8,0.525,0.125,unlabeled,RN_only,No independent discrete phase label assigned; evaluate named finite-size features,results/stage6_v1/reference_atlas/cache/27ea9155f3d2c1098d3d11072fecb469b6c94c1c3edca3092d3bc31bc54b307e.npz,PBC
8,0.525,0.15,unlabeled,RN_only,No independent discrete phase label assigned; evaluate named finite-size features,results/stage6_v1/reference_atlas/cache/3d6d1f438f4a54e96ca9cf9a611b4e1a410148c88b8e3d67abbe1acdfe5907f4.npz,PBC
8,0.525,0.2,unlabeled,RN_only,No independent discrete phase label assigned; evaluate named finite-size features,results/stage6_v1/reference_atlas/cache/1e0a75f350332533c731e5c8819211954d8baf5b161bea15ccb1d710f3aa0718.npz,PBC
8,0.525,0.2125,unlabeled,RN_only,No independent discrete phase label assigned; evaluate named finite-size features,results/stage6_v1/reference_atlas/cache/a9efd13d14de9677a418696e18fc3e906929fdd6a4bba53aaf3988749343085c.npz,PBC
8,0.525,0.225,unlabeled,RN_only,No independent discrete phase label assigned; evaluate named finite-size features,results/stage6_v1/reference_atlas/cache/6043c83eaf7813a1332c2f8594a389b078e548a8cacdaa69eb30c30b24faaf5f.npz,PBC
8,0.525,0.2375,unlabeled,RN_only,No independent discrete phase label assigned; evaluate named finite-size features,results/stage6_v1/reference_atlas/cache/32921c0a1663e3f7dd5b8662e3604a3cefd5cc8849bc35421d42d109943f3b49.npz,PBC
8,0.525,0.25,unlabeled,RN_only,No independent discrete phase label assigned; evaluate named finite-size features,results/stage6_v1/reference_atlas/cache/bafc2c9693e7e002409c695d6a8d71da10437619dcbb5824677cf31eca8b490d.npz,PBC
8,0.525,0.2625,unlabeled,RN_only,No independent discrete phase label assigned; evaluate named finite-size features,results/stage6_v1/reference_atlas/cache/e256dc217f5c3b2d329d4481a42ffb67b729113c0a2cab49053f71716d8f4cc9.npz,PBC
8,0.525,0.275,unlabeled,RN_only,No independent discrete phase label assigned; evaluate named finite-size features,results/stage6_v1/reference_atlas/cache/bb5c86b37bd827de5088c7f4d145a0bda268ff65e60d8112029f498980fc92ac.npz,PBC
8,0.525,0.2875,unlabeled,RN_only,No independent discrete phase label assigned; evaluate named finite-size features,results/stage6_v1/reference_atlas/cache/781839b46317cccefbb41fa35853a8f004371409a9ab6c7e3c6952d80a4d6304.npz,PBC
8,0.525,0.3,unlabeled,RN_only,No independent discrete phase label assigned; evaluate named finite-size features,results/stage6_v1/reference_atlas/cache/f692db1b47b0be536855531c5856c541f4f91eff886042e380ca17bec050a939.npz,PBC
8,0.525,0.35,unlabeled,RN_only,No independent discrete phase label assigned; evaluate named finite-size features,results/stage6_v1/reference_atlas/cache/b5a9dbcf836e8468be998c43314242aede1e6d1fff387def49f26f6321330139.npz,PBC
8,0.525,0.4,unlabeled,RN_only,No independent discrete phase label assigned; evaluate named finite-size features,results/stage6_v1/reference_atlas/cache/5150393b7b42fdacd5ca2bbf552c8f81f4ca1822272a808eedf30435af1b94b2.npz,PBC
8,0.525,0.45,unlabeled,RN_only,No independent discrete phase label assigned; evaluate named finite-size features,results/stage6_v1/reference_atlas/cache/7dbdf316ca3e5ace70bdfb0c0bdd9d49851079baa033455b51dba5c7e177c62e.npz,PBC
8,0.525,0.5,unlabeled,RN_only,No independent discrete phase label assigned; evaluate named finite-size features,results/stage6_v1/reference_atlas/cache/d7992b01c5d2aeb1c5cf5af88b0330c2153482986268b166cc199aba52087de9.npz,PBC
8,0.525,0.55,unlabeled,RN_only,No independent discrete phase label assigned; evaluate named finite-size features,results/stage6_v1/reference_atlas/cache/56dac2fb32dcf07020a18a29a9c6f612d530f542097424acc735715bb109a335.npz,PBC
8,0.525,0.6,unlabeled,RN_only,No independent discrete phase label assigned; evaluate named finite-size features,results/stage6_v1/reference_atlas/cache/b064fad64e32a60b4fbd2b28374f7e6a38ad8f259e756e5032293aaebb188d17.npz,PBC
8,0.525,0.65,unlabeled,RN_only,No independent discrete phase label assigned; evaluate named finite-size features,results/stage6_v1/reference_atlas/cache/01d5b174fa1ae66e5cb266edcb3e5b093a4abb90da86632e49cf342bb428aa85.npz,PBC
8,0.525,0.7,unlabeled,RN_only,No independent discrete phase label assigned; evaluate named finite-size features,results/stage6_v1/reference_atlas/cache/55a0b48b6ac6798803db3fde261c987ba8d997f79a14ddcc0261498fb4e0d9c1.npz,PBC
8,0.525,0.75,unlabeled,RN_only,No independent discrete phase label assigned; evaluate named finite-size features,results/stage6_v1/reference_atlas/cache/2dd8fd82dbb0c4fa8884b541b0ae433a1eca5a14e61e82b1e82a7f84545d2bec.npz,PBC
8,0.525,0.8,unlabeled,RN_only,No independent discrete phase label assigned; evaluate named finite-size features,results/stage6_v1/reference_atlas/cache/55e6e7293f4a9e8b5ee8b72559a100b6d5e1a7d35ad97a525335d25a39d84913.npz,PBC
8,0.525,0.85,unlabeled,RN_only,No independent discrete phase label assigned; evaluate named finite-size features,results/stage6_v1/reference_atlas/cache/3e94f4edf9e7bf6ea21b332201094cb86871f923a7b17a58ad867d6ac766fc08.npz,PBC
8,0.525,0.9,unlabeled,RN_only,No independent discrete phase label assigned; evaluate named finite-size features,results/stage6_v1/reference_atlas/cache/f417ec34e2c57e3a03f3155eece9cf27c74d3415de68e206a20f2abc2ab9823a.npz,PBC
8,0.525,0.95,unlabeled,RN_only,No independent discrete phase label assigned; evaluate named finite-size features,results/stage6_v1/reference_atlas/cache/3285983aa0e1bb4a97d8a3ad835a45cce77e08f13d65ab42d98aab7d308525ff.npz,PBC
8,0.525,1.0,unlabeled,RN_only,No independent discrete phase label assigned; evaluate named finite-size features,results/stage6_v1/reference_atlas/cache/cae50e1c06707af359d0190d41ac5fa5f41fff246bb2d4697cff904f5e0403f1.npz,PBC
8,0.525,1.05,unlabeled,RN_only,No independent discrete phase label assigned; evaluate named finite-size features,results/stage6_v1/reference_atlas/cache/4ed29569108844e1c41cbe51502c3a012fd2bf85d824406809fc81f53b7f5f13.npz,PBC
8,0.525,1.1,unlabeled,RN_only,No independent discrete phase label assigned; evaluate named finite-size features,results/stage6_v1/reference_atlas/cache/30e01948e9b75df54ef6c4b8632d7a593f1af274566137422cbf5b35a1b14527.npz,PBC
8,0.525,1.15,unlabeled,RN_only,No independent discrete phase label assigned; evaluate named finite-size features,results/stage6_v1/reference_atlas/cache/a01e8a797527e3154e82e59c968599c52e08dd3e960a0dc2d354bfb27b8efe6f.npz,PBC
8,0.525,1.2,unlabeled,RN_only,No independent discrete phase label assigned; evaluate named finite-size features,results/stage6_v1/reference_atlas/cache/888c46bfc243cc6de06cfb68e930d9b508573dd843ed240b371625bc78a8f945.npz,PBC
8,0.525,1.25,unlabeled,RN_only,No independent discrete phase label assigned; evaluate named finite-size features,results/stage6_v1/reference_atlas/cache/d8e55a14fbb2422d0dd469b224d6324302431e1858a42c3205f2aa0bc2a51857.npz,PBC
8,0.525,1.3,unlabeled,RN_only,No independent discrete phase label assigned; evaluate named finite-size features,results/stage6_v1/reference_atlas/cache/cffdb4ddedfadf8f569e5cbed105af6eb4481058320154a8a9f89e5b46597fac.npz,PBC
8,0.525,1.35,unlabeled,RN_only,No independent discrete phase label assigned; evaluate named finite-size features,results/stage6_v1/reference_atlas/cache/9b4f94425557a58bff2b7232105e9d4b42a10614a83fc54f83146a83e0c3e18f.npz,PBC
8,0.525,1.4,unlabeled,RN_only,No independent discrete phase label assigned; evaluate named finite-size features,results/stage6_v1/reference_atlas/cache/c9c5caf453d9c1d5d73097be91f1f5635cea7408353cbcfe6258d13e2f1cdcf0.npz,PBC
8,0.525,1.45,unlabeled,RN_only,No independent discrete phase label assigned; evaluate named finite-size features,results/stage6_v1/reference_atlas/cache/a6ca2de090a4e8dfc0660221b3d2f6f114053e8149430823e13d794a0c6fff98.npz,PBC
8,0.525,1.5,unlabeled,RN_only,No independent discrete phase label assigned; evaluate named finite-size features,results/stage6_v1/reference_atlas/cache/3699a1718135969c9e8573bbd516230bf70a97ea1fb37370a7bb7bdc5de484b4.npz,PBC
8,0.525,1.55,unlabeled,RN_only,No independent discrete phase label assigned; evaluate named finite-size features,results/stage6_v1/reference_atlas/cache/c50c43d5fa1007a17d9be74c8432aa3262fc200e054391022cd77896df1d82d7.npz,PBC
8,0.525,1.6,paramagnetic-like,R0_extension,"High-field continuation, transverse polarization and absence of strong order; interior only",results/stage6_v1/reference_atlas/cache/e9b5a6285883e1074cbd5f02f588214affcf909ca086480fcf36870d589ab3f0.npz,PBC
8,0.525,1.65,paramagnetic-like,R0_extension,"High-field continuation, transverse polarization and absence of strong order; interior only",results/stage6_v1/reference_atlas/cache/8029a389c639a6393ee81720ec3c2e0b60fb7480d15c26a34922fcf7fb6c5073.npz,PBC
8,0.525,1.7,paramagnetic-like,R0_extension,"High-field continuation, transverse polarization and absence of strong order; interior only",results/stage6_v1/reference_atlas/cache/3bc981d661f060b5225d344783e5796bd816491c031a131ca85e033f4a8ea90f.npz,PBC
8,0.525,1.75,paramagnetic-like,R0_extension,"High-field continuation, transverse polarization and absence of strong order; interior only",results/stage6_v1/reference_atlas/cache/f51cca4cc10ec9a2d4932d137aa9dbca506b55d9532d0ac68e0f4572716426cd.npz,PBC
8,0.525,1.8,paramagnetic-like,R0_extension,"High-field continuation, transverse polarization and absence of strong order; interior only",results/stage6_v1/reference_atlas/cache/a3ecb819a217a29a5b3267e28f559886e2224de5be5ffe02e70f77c839935268.npz,PBC
8,0.525,1.85,paramagnetic-like,R0_extension,"High-field continuation, transverse polarization and absence of strong order; interior only",results/stage6_v1/reference_atlas/cache/f9a3e3221232ebf02f75c247bdec8014e79f4cd2e1283ad99246218f564efe26.npz,PBC
8,0.525,1.9,paramagnetic-like,R0_extension,"High-field continuation, transverse polarization and absence of strong order; interior only",results/stage6_v1/reference_atlas/cache/34c2c29e8a89e92c01282a10c49e50d76a3af9e38ce01ee00389b21d0bdeabd2.npz,PBC
8,0.525,1.95,paramagnetic-like,R0_extension,"High-field continuation, transverse polarization and absence of strong order; interior only",results/stage6_v1/reference_atlas/cache/c4c51382417ca69c64791e8eb5a712fe4f45c320fdefac2b2a14a26a0bd200ed.npz,PBC
8,0.525,2.0,paramagnetic-like,R0_extension,"High-field continuation, transverse polarization and absence of strong order; interior only",results/stage6_v1/reference_atlas/cache/77a0ab6e8cf42cc2fcba880997a6384cab41aacf48b698d9150e72d21baed7e7.npz,PBC
8,0.55,0.01,unlabeled,RN_only,No independent discrete phase label assigned; evaluate named finite-size features,results/stage6_v1/reference_atlas/cache/3faffe5f106db27122261dfcdf779c11c576749b0eff7680cc9c63e6f9d2f495.npz,PBC
8,0.55,0.02,unlabeled,RN_only,No independent discrete phase label assigned; evaluate named finite-size features,results/stage6_v1/reference_atlas/cache/a597e54eb95d8755d8db84304fc03f644174fe53f8a173dbfcd877f1b3f95cc0.npz,PBC
8,0.55,0.035,unlabeled,RN_only,No independent discrete phase label assigned; evaluate named finite-size features,results/stage6_v1/reference_atlas/cache/205cef1f647306f5ed0a10e45ae303f8f7d2adc01fb53350c75cafb5a1c71c1a.npz,PBC
8,0.55,0.05,unlabeled,RN_only,No independent discrete phase label assigned; evaluate named finite-size features,results/stage6_v1/reference_atlas/cache/b71701df684f2b98fc0e4b30fe7961844d16be046b5772faa78ecf5f960b2194.npz,PBC
8,0.55,0.075,unlabeled,RN_only,No independent discrete phase label assigned; evaluate named finite-size features,results/stage6_v1/reference_atlas/cache/cc3593b5929742fc7f72ab3b09d0dba1274993e8c5ffe393b3552ac14686be20.npz,PBC
8,0.55,0.0875,unlabeled,RN_only,No independent discrete phase label assigned; evaluate named finite-size features,results/stage6_v1/reference_atlas/cache/2ae179f93950bf43772b5f54ecaa03f8d3185c2d7be6ac1daf5d3b7044a23902.npz,PBC
8,0.55,0.1,unlabeled,RN_only,No independent discrete phase label assigned; evaluate named finite-size features,results/stage6_v1/reference_atlas/cache/16be03f31e0844071ecd23dfb2a4612637eadefabda1910f1d4a9250172fba4b.npz,PBC
8,0.55,0.1125,unlabeled,RN_only,No independent discrete phase label assigned; evaluate named finite-size features,results/stage6_v1/reference_atlas/cache/7387770ceff52049d57cd0355226afca91931a02b0890091bac6f49fae5dd58a.npz,PBC
8,0.55,0.125,unlabeled,RN_only,No independent discrete phase label assigned; evaluate named finite-size features,results/stage6_v1/reference_atlas/cache/8ef735f6c25d3eb671f2d1e4c21039bce84a78c59c2c50462452fd26dc051228.npz,PBC
8,0.55,0.1375,unlabeled,RN_only,No independent discrete phase label assigned; evaluate named finite-size features,results/stage6_v1/reference_atlas/cache/503f3794f3aa09ad3ae42345138db3fd1275c4efd351d616d67b278bcb47608e.npz,PBC
8,0.55,0.15,unlabeled,RN_only,No independent discrete phase label assigned; evaluate named finite-size features,results/stage6_v1/reference_atlas/cache/a51376fb1a823c66c6c2d6c619f85a90a89c9e2956ffff7c7343cdef658c70c6.npz,PBC
8,0.55,0.1625,unlabeled,RN_only,No independent discrete phase label assigned; evaluate named finite-size features,results/stage6_v1/reference_atlas/cache/b08adfe9bdd01a1c065b9a02404f7e1991f6b11a81d3a2da522ddfd6a856db04.npz,PBC
8,0.55,0.175,unlabeled,RN_only,No independent discrete phase label assigned; evaluate named finite-size features,results/stage6_v1/reference_atlas/cache/6a78945a188bc3654a90f4c9c5bf17ed37a5dcd439bb722855a54ea922dde8ae.npz,PBC
8,0.55,0.2,unlabeled,RN_only,No independent discrete phase label assigned; evaluate named finite-size features,results/stage6_v1/reference_atlas/cache/9172945bf2a79c7cb2c1f2b730f2ddfe08778f523be205c847ad2f5c3398852a.npz,PBC
8,0.55,0.25,unlabeled,RN_only,No independent discrete phase label assigned; evaluate named finite-size features,results/stage6_v1/reference_atlas/cache/f88ea9ddc14cd15a17fd9a280fb197f95ab39172d6f5e8819125872a8d2121d4.npz,PBC
8,0.55,0.3,unlabeled,RN_only,No independent discrete phase label assigned; evaluate named finite-size features,results/stage6_v1/reference_atlas/cache/8eb03230950974316b52a71026aacceb8b10d14c9afa07e141a3ddfa15de4865.npz,PBC
8,0.55,0.35,unlabeled,RN_only,No independent discrete phase label assigned; evaluate named finite-size features,results/stage6_v1/reference_atlas/cache/b2e882adb669ac99d4bd799b2672b98355f3838ac2b8a59e28d211434817bfcb.npz,PBC
8,0.55,0.4,unlabeled,RN_only,No independent discrete phase label assigned; evaluate named finite-size features,results/stage6_v1/reference_atlas/cache/611cdfb23bcf77e93ddaf3633a414cba8b12c00499a57dcf710174657751a8ed.npz,PBC
8,0.55,0.45,unlabeled,RN_only,No independent discrete phase label assigned; evaluate named finite-size features,results/stage6_v1/reference_atlas/cache/5c06a975ba65b14278b56e9f16be2796cac939735a04dbc353b902fc9b08d66f.npz,PBC
8,0.55,0.5,unlabeled,RN_only,No independent discrete phase label assigned; evaluate named finite-size features,results/stage6_v1/reference_atlas/cache/d71461b6228445ef7a022c5e99a4f20565fae397d2fa790d3c821b7a2a38f14b.npz,PBC
8,0.55,0.55,unlabeled,RN_only,No independent discrete phase label assigned; evaluate named finite-size features,results/stage6_v1/reference_atlas/cache/98d8584644215135a40d5415db662e8ebfaa759fb7b01e94022f9e1c6900e5e0.npz,PBC
8,0.55,0.6,unlabeled,RN_only,No independent discrete phase label assigned; evaluate named finite-size features,results/stage6_v1/reference_atlas/cache/64755fa80d027a347e11f4762264a54ff148c0945d744aa5bd3dd9f31a1b64cf.npz,PBC
8,0.55,0.65,unlabeled,RN_only,No independent discrete phase label assigned; evaluate named finite-size features,results/stage6_v1/reference_atlas/cache/3ef4ab8027ae50338672d1f1a27039f398a89bb3bdf30412c78e16dc8d1c2e5d.npz,PBC
8,0.55,0.7,unlabeled,RN_only,No independent discrete phase label assigned; evaluate named finite-size features,results/stage6_v1/reference_atlas/cache/f7a94736c28881ae32b1ca4b7d6a2b9f2e973093d6f1097875f31e4a3d541f5b.npz,PBC
8,0.55,0.75,unlabeled,RN_only,No independent discrete phase label assigned; evaluate named finite-size features,results/stage6_v1/reference_atlas/cache/355fae2fe2d2253bbdd167876d80d8196b3dcdb5c90edef0178284bab4a1e9b8.npz,PBC
8,0.55,0.8,unlabeled,RN_only,No independent discrete phase label assigned; evaluate named finite-size features,results/stage6_v1/reference_atlas/cache/b503fc8c0ed0a030992a9e04ff65076fdbb22bbe95a949b056a216c9ac3919e0.npz,PBC
8,0.55,0.85,unlabeled,RN_only,No independent discrete phase label assigned; evaluate named finite-size features,results/stage6_v1/reference_atlas/cache/4245c1dd69e1105e2e8be80aaf1bfbad6a197526af947b056acfd123590f1f46.npz,PBC
8,0.55,0.9,unlabeled,RN_only,No independent discrete phase label assigned; evaluate named finite-size features,results/stage6_v1/reference_atlas/cache/7441c9deaa0cf7ccb477871a1758b1497bc64c1a09cc3eb5549319dcebd25a15.npz,PBC
8,0.55,0.95,unlabeled,RN_only,No independent discrete phase label assigned; evaluate named finite-size features,results/stage6_v1/reference_atlas/cache/050912752ac419c73cfb5447f207864b6fa2e1b87739ce49dd310950fc598023.npz,PBC
8,0.55,1.0,unlabeled,RN_only,No independent discrete phase label assigned; evaluate named finite-size features,results/stage6_v1/reference_atlas/cache/db5b4c5bc8bf0644ed97cd04f50be08d154751b7c1073b2105d794fa30ed3d7c.npz,PBC
8,0.55,1.05,unlabeled,RN_only,No independent discrete phase label assigned; evaluate named finite-size features,results/stage6_v1/reference_atlas/cache/edc846a885ea43f19c95b1884a0f4b06cfaceb9bb60ab2e8cb2dfb556c23f271.npz,PBC
8,0.55,1.1,unlabeled,RN_only,No independent discrete phase label assigned; evaluate named finite-size features,results/stage6_v1/reference_atlas/cache/26e03cc29c62031156da99f5c431dfc012a6fbc735aa506530b3171693bc6f2d.npz,PBC
8,0.55,1.15,unlabeled,RN_only,No independent discrete phase label assigned; evaluate named finite-size features,results/stage6_v1/reference_atlas/cache/d2ef696ff6acf134715b7dba9a51843dc1a06138c777dbd5e5f39c63eace9508.npz,PBC
8,0.55,1.2,unlabeled,RN_only,No independent discrete phase label assigned; evaluate named finite-size features,results/stage6_v1/reference_atlas/cache/95e919351d8f8e6ea79d133691a8c2a4516996e44ed366f374c027c566715718.npz,PBC
8,0.55,1.25,unlabeled,RN_only,No independent discrete phase label assigned; evaluate named finite-size features,results/stage6_v1/reference_atlas/cache/41999d6f28b6b53f40d307fae7048a1a0f7e28031090fbf566bcece8dea7738f.npz,PBC
8,0.55,1.3,unlabeled,RN_only,No independent discrete phase label assigned; evaluate named finite-size features,results/stage6_v1/reference_atlas/cache/13e5fe9974dca966027441393838b35bf1fe19a9918b4bca7ca6fd0aff4b2015.npz,PBC
8,0.55,1.35,unlabeled,RN_only,No independent discrete phase label assigned; evaluate named finite-size features,results/stage6_v1/reference_atlas/cache/5f571a44ef0989257a6105823bc59b88a76eafba8cf6e2273fc9635f799a8c51.npz,PBC
8,0.55,1.4,unlabeled,RN_only,No independent discrete phase label assigned; evaluate named finite-size features,results/stage6_v1/reference_atlas/cache/675238f16076dc848e1f224b2be88b3f2fe417286b901f22fca71c4f3c3a8090.npz,PBC
8,0.55,1.45,unlabeled,RN_only,No independent discrete phase label assigned; evaluate named finite-size features,results/stage6_v1/reference_atlas/cache/7adb935696f13212ee4218af790736b7bfae3bb31b681c756c1ed827f106c9e1.npz,PBC
8,0.55,1.5,unlabeled,RN_only,No independent discrete phase label assigned; evaluate named finite-size features,results/stage6_v1/reference_atlas/cache/77a7fd780a90294d068f16e045d506cf53ed800e996d065a288b760da362f8dc.npz,PBC
8,0.55,1.55,unlabeled,RN_only,No independent discrete phase label assigned; evaluate named finite-size features,results/stage6_v1/reference_atlas/cache/3ef6731e83d811e60f038c9e56d1b9abf66c5763b840b0e9557385789bb9ed07.npz,PBC
8,0.55,1.6,paramagnetic-like,R0_extension,"High-field continuation, transverse polarization and absence of strong order; interior only",results/stage6_v1/reference_atlas/cache/97e4d9b3e52ded3ae2ee3d3407649c2e89b4f7141cb12470b5fd2e902043aacb.npz,PBC
8,0.55,1.65,paramagnetic-like,R0_extension,"High-field continuation, transverse polarization and absence of strong order; interior only",results/stage6_v1/reference_atlas/cache/bc4d4d1fcfb181b7cc4983f6b7b14b61f51f954c06e6958635ff741450ce9ff3.npz,PBC
8,0.55,1.7,paramagnetic-like,R0_extension,"High-field continuation, transverse polarization and absence of strong order; interior only",results/stage6_v1/reference_atlas/cache/1257104104d10dca6ffdf5e462e98073aa73092c96bdbe631b8ac16d5c75a014.npz,PBC
8,0.55,1.75,paramagnetic-like,R0_extension,"High-field continuation, transverse polarization and absence of strong order; interior only",results/stage6_v1/reference_atlas/cache/8a318c1f21d3571d0976ad9b660c987d4404fa35c2bf2f0846a07c36aaa79930.npz,PBC
8,0.55,1.8,paramagnetic-like,R0_extension,"High-field continuation, transverse polarization and absence of strong order; interior only",results/stage6_v1/reference_atlas/cache/ef20ea43ec0b1782ad26528b7e3636dfe70da39935b195ce828a3c0ac1e828f9.npz,PBC
8,0.55,1.85,paramagnetic-like,R0_extension,"High-field continuation, transverse polarization and absence of strong order; interior only",results/stage6_v1/reference_atlas/cache/dbec28f75a5c80e30879e5a9820247718b823e4505b06a6672079fa24748ed40.npz,PBC
8,0.55,1.9,paramagnetic-like,R0_extension,"High-field continuation, transverse polarization and absence of strong order; interior only",results/stage6_v1/reference_atlas/cache/ddbfa63d91045d0e1226e824aaa4f35d920c5a1af750eaa1ee6df884ecbc3d93.npz,PBC
8,0.55,1.95,paramagnetic-like,R0_extension,"High-field continuation, transverse polarization and absence of strong order; interior only",results/stage6_v1/reference_atlas/cache/fb989030ef983c7b625178655ed2f792bf52d6fd637722b6a0a6480de9fee8f8.npz,PBC
8,0.55,2.0,paramagnetic-like,R0_extension,"High-field continuation, transverse polarization and absence of strong order; interior only",results/stage6_v1/reference_atlas/cache/e5e415d6709ec295b8a308dcbf32b24d4878298f7e5dace46ccd87d32f196a3e.npz,PBC
8,0.6,0.01,unlabeled,RN_only,No independent discrete phase label assigned; evaluate named finite-size features,results/stage6_v1/reference_atlas/cache/fa0cc89de6fac7cb34ea7c304b9ae291b2c7c5843fdd6de591bf026c6d90d1b2.npz,PBC
8,0.6,0.02,unlabeled,RN_only,No independent discrete phase label assigned; evaluate named finite-size features,results/stage6_v1/reference_atlas/cache/1ee4ad84acb73de64c41aaf4d6035dc33ff5a83df3de0e14a3e476a578ec5b36.npz,PBC
8,0.6,0.035,unlabeled,RN_only,No independent discrete phase label assigned; evaluate named finite-size features,results/stage6_v1/reference_atlas/cache/62f884a161977c5199fc9eb18c3a648df43252bf1cb848b588e70c939524972b.npz,PBC
8,0.6,0.05,unlabeled,RN_only,No independent discrete phase label assigned; evaluate named finite-size features,results/stage6_v1/reference_atlas/cache/59e3e40f9e3293bd7f67f40d3b92d4c9b4feff76c1ab1be92aa5f433a63934f0.npz,PBC
8,0.6,0.075,unlabeled,RN_only,No independent discrete phase label assigned; evaluate named finite-size features,results/stage6_v1/reference_atlas/cache/579b6e3046346f65d956410658df17e6464ab0d03d8b9b99f92360dd5cd362cf.npz,PBC
8,0.6,0.1,unlabeled,RN_only,No independent discrete phase label assigned; evaluate named finite-size features,results/stage6_v1/reference_atlas/cache/7d063c4f1046d6231320d8d9e3668ae7efea835a2f292c6e500b4bbe0bc57118.npz,PBC
8,0.6,0.125,unlabeled,RN_only,No independent discrete phase label assigned; evaluate named finite-size features,results/stage6_v1/reference_atlas/cache/13f1c81a1b69b73a76443e3ec924935f61b0b3dd6b45ecd9a5b991e9555e0d68.npz,PBC
8,0.6,0.15,unlabeled,RN_only,No independent discrete phase label assigned; evaluate named finite-size features,results/stage6_v1/reference_atlas/cache/7bd6f333d4f5198ababcd5e3c2a205d0c303710809fb68d93c84c6aa789a4ed8.npz,PBC
8,0.6,0.2,unlabeled,RN_only,No independent discrete phase label assigned; evaluate named finite-size features,results/stage6_v1/reference_atlas/cache/9bdc240d538a5e35e0053da9bfa790b81b497805a9b30c71a2f1cc9537bb2171.npz,PBC
8,0.6,0.2125,unlabeled,RN_only,No independent discrete phase label assigned; evaluate named finite-size features,results/stage6_v1/reference_atlas/cache/e1a874f5eafc1e7a9f4cb0b5efdb060d6bfc065a3a3d80fccd64a0eaa8873598.npz,PBC
8,0.6,0.225,unlabeled,RN_only,No independent discrete phase label assigned; evaluate named finite-size features,results/stage6_v1/reference_atlas/cache/a9052cac7ce56ad8602c6db634dbae74eae58bb53babab86828cce20e0a1a815.npz,PBC
8,0.6,0.2375,unlabeled,RN_only,No independent discrete phase label assigned; evaluate named finite-size features,results/stage6_v1/reference_atlas/cache/bae4de069f69a00ca9d512a574564afd5d37af0a0261861625e9cb4247609dc0.npz,PBC
8,0.6,0.25,unlabeled,RN_only,No independent discrete phase label assigned; evaluate named finite-size features,results/stage6_v1/reference_atlas/cache/49502a80093d1d628b37cfdc9993ad3ed966385b7c1b3410a9bbbe58dcc89f1f.npz,PBC
8,0.6,0.2625,unlabeled,RN_only,No independent discrete phase label assigned; evaluate named finite-size features,results/stage6_v1/reference_atlas/cache/f790154acdcd317bc1490910d6cc6b23822d35d5b1236ee0fca90c0ce00e6178.npz,PBC
8,0.6,0.275,unlabeled,RN_only,No independent discrete phase label assigned; evaluate named finite-size features,results/stage6_v1/reference_atlas/cache/7e3af42e4f5774510876bd503541b4ac3a58548ec3935f5c619dcc3360877ab6.npz,PBC
8,0.6,0.2875,unlabeled,RN_only,No independent discrete phase label assigned; evaluate named finite-size features,results/stage6_v1/reference_atlas/cache/0d72ff34c90970c54707e69587bcf262c2bd5e2c51fe4a68ecd1d9f673be3417.npz,PBC
8,0.6,0.3,unlabeled,RN_only,No independent discrete phase label assigned; evaluate named finite-size features,results/stage6_v1/reference_atlas/cache/21fcbcbb4d3dc17d513936cb5b6a25788754d78f21d8859aa97aff15424fed10.npz,PBC
8,0.6,0.35,unlabeled,RN_only,No independent discrete phase label assigned; evaluate named finite-size features,results/stage6_v1/reference_atlas/cache/963c64cc7c09581737d7c7cf6340f357c38ef32313677234556a233c049e894c.npz,PBC
8,0.6,0.4,unlabeled,RN_only,No independent discrete phase label assigned; evaluate named finite-size features,results/stage6_v1/reference_atlas/cache/aedfee261f3076ba3926332acd2af9cdcae70075197e414e5235f11d7eea7493.npz,PBC
8,0.6,0.45,unlabeled,RN_only,No independent discrete phase label assigned; evaluate named finite-size features,results/stage6_v1/reference_atlas/cache/5e607fdfcfdf8ce266974cfb27ca550cb29413a539efe696dc3d45e90eae14f8.npz,PBC
8,0.6,0.5,unlabeled,RN_only,No independent discrete phase label assigned; evaluate named finite-size features,results/stage6_v1/reference_atlas/cache/5488d13819acb7867d2915b747226fe90d95112270026ac553abad898f4914b5.npz,PBC
8,0.6,0.55,unlabeled,RN_only,No independent discrete phase label assigned; evaluate named finite-size features,results/stage6_v1/reference_atlas/cache/1465565ad1099e70bd000ffffcc35a6bc9c71a373a43de75a6111280ab9b9776.npz,PBC
8,0.6,0.6,unlabeled,RN_only,No independent discrete phase label assigned; evaluate named finite-size features,results/stage6_v1/reference_atlas/cache/65be1e884741b4d9b6cfe7bdef8b06d97487d833f025e1f7107c1827f675dc3b.npz,PBC
8,0.6,0.65,unlabeled,RN_only,No independent discrete phase label assigned; evaluate named finite-size features,results/stage6_v1/reference_atlas/cache/390be84c8ef0c2ec942b2b531c9eea093742a864536250963946afc1069f14a4.npz,PBC
8,0.6,0.7,unlabeled,RN_only,No independent discrete phase label assigned; evaluate named finite-size features,results/stage6_v1/reference_atlas/cache/f94e6b8a14fe0af98e682c1d1847ecdec0e695409807a1ec97eed32f82ace533.npz,PBC
8,0.6,0.75,unlabeled,RN_only,No independent discrete phase label assigned; evaluate named finite-size features,results/stage6_v1/reference_atlas/cache/30d8c7c6b650d5a2375b8d6d3df2caeb93e06ca6c9e117de906fa411803e4aa8.npz,PBC
8,0.6,0.8,unlabeled,RN_only,No independent discrete phase label assigned; evaluate named finite-size features,results/stage6_v1/reference_atlas/cache/f6df5d8a5141c7db3887ff05cc8ea7e2f6d7d7c871cc479e82d1ce2220403b28.npz,PBC
8,0.6,0.85,unlabeled,RN_only,No independent discrete phase label assigned; evaluate named finite-size features,results/stage6_v1/reference_atlas/cache/d011435dd2b3a12e5d7b3e1aacd9ab3c2a82db2903df45e88fa7c343b7e9f876.npz,PBC
8,0.6,0.9,unlabeled,RN_only,No independent discrete phase label assigned; evaluate named finite-size features,results/stage6_v1/reference_atlas/cache/0972332e3c5e0b99f1f56e8739a96f8e4a4d335bafccf19de60667bc9c9352e3.npz,PBC
8,0.6,0.95,unlabeled,RN_only,No independent discrete phase label assigned; evaluate named finite-size features,results/stage6_v1/reference_atlas/cache/744d2e4e7a3a9e32e3bf6aabc7dfa4d90b099351981fd1778abb36f893d209d3.npz,PBC
8,0.6,1.0,unlabeled,RN_only,No independent discrete phase label assigned; evaluate named finite-size features,results/stage6_v1/reference_atlas/cache/b19a54a2d24edfb1f22bd014f982dfec2f0ccece02691ab731a8910da06f431f.npz,PBC
8,0.6,1.05,unlabeled,RN_only,No independent discrete phase label assigned; evaluate named finite-size features,results/stage6_v1/reference_atlas/cache/fef8210cce756696e51e0274d8b263aa194965b4e77a635936528ca133956a03.npz,PBC
8,0.6,1.1,unlabeled,RN_only,No independent discrete phase label assigned; evaluate named finite-size features,results/stage6_v1/reference_atlas/cache/3d4fa1afcb90d2b1432feb4cdfa0f481e96b2dea71b4d7478dbd0c3fe204368b.npz,PBC
8,0.6,1.15,unlabeled,RN_only,No independent discrete phase label assigned; evaluate named finite-size features,results/stage6_v1/reference_atlas/cache/5686d14ecf5694da49bdc9f85ebaf433fc4d43b2268490df0332871e611e625f.npz,PBC
8,0.6,1.2,unlabeled,RN_only,No independent discrete phase label assigned; evaluate named finite-size features,results/stage6_v1/reference_atlas/cache/8a9d802b7f8bbe732e064c5da235968060cfe55ee0906ab7912dbddea634d735.npz,PBC
8,0.6,1.25,unlabeled,RN_only,No independent discrete phase label assigned; evaluate named finite-size features,results/stage6_v1/reference_atlas/cache/2efa556dbdfcd1e2a13ad5f25a3738484e1af7d1ac4804d0a0d80ec8284beef7.npz,PBC
8,0.6,1.3,unlabeled,RN_only,No independent discrete phase label assigned; evaluate named finite-size features,results/stage6_v1/reference_atlas/cache/bf6bbf2ed0d36f2194809f037e8502e4634bc23bb2031c44a7ebea4628d94916.npz,PBC
8,0.6,1.35,unlabeled,RN_only,No independent discrete phase label assigned; evaluate named finite-size features,results/stage6_v1/reference_atlas/cache/9999917ca7775580bd2479d67775e4cc4dcc121e98e6ebbb5ddbb555b6a88528.npz,PBC
8,0.6,1.4,unlabeled,RN_only,No independent discrete phase label assigned; evaluate named finite-size features,results/stage6_v1/reference_atlas/cache/8282bbf8c3e3717224f23e0a9578663decef409e351b7b8cae55cc428fdc9aa7.npz,PBC
8,0.6,1.45,unlabeled,RN_only,No independent discrete phase label assigned; evaluate named finite-size features,results/stage6_v1/reference_atlas/cache/445623ea8a522a7ba697ce9c80d5deb3a1d53d6acd1ded1d2c026c6f72dfce2c.npz,PBC
8,0.6,1.5,unlabeled,RN_only,No independent discrete phase label assigned; evaluate named finite-size features,results/stage6_v1/reference_atlas/cache/8ed6927db406671a3f9bd00c17100d751addc9b7d2a7874a97946e616422983c.npz,PBC
8,0.6,1.55,unlabeled,RN_only,No independent discrete phase label assigned; evaluate named finite-size features,results/stage6_v1/reference_atlas/cache/06b0ae7915081a92001d7d14859f2e84fd16da357f7922f76c4ffea1863e18c1.npz,PBC
8,0.6,1.6,paramagnetic-like,R0_extension,"High-field continuation, transverse polarization and absence of strong order; interior only",results/stage6_v1/reference_atlas/cache/c12483e7773ffeb1909bd715a644bc6ee5beafbdf75ae43f8ec16e7803a101a5.npz,PBC
8,0.6,1.65,paramagnetic-like,R0_extension,"High-field continuation, transverse polarization and absence of strong order; interior only",results/stage6_v1/reference_atlas/cache/f2aef1ab1f2f8879118d2d8ba11b04502733153ba0884a6dada66d73227ed891.npz,PBC
8,0.6,1.7,paramagnetic-like,R0_extension,"High-field continuation, transverse polarization and absence of strong order; interior only",results/stage6_v1/reference_atlas/cache/cc63adbf37ee374594e843521dedb5d12d4e703ef5e39108bfb5522485b31c59.npz,PBC
8,0.6,1.75,paramagnetic-like,R0_extension,"High-field continuation, transverse polarization and absence of strong order; interior only",results/stage6_v1/reference_atlas/cache/39a4f69b66222f36646d29f9b886ec458f30b8ddcff512c360551e7ad1fcde90.npz,PBC
8,0.6,1.8,paramagnetic-like,R0_extension,"High-field continuation, transverse polarization and absence of strong order; interior only",results/stage6_v1/reference_atlas/cache/f8ad206b4461a73b63cfb381e2fad9e0f71c3d3b37ed46eebac36acfba8364f4.npz,PBC
8,0.6,1.85,paramagnetic-like,R0_extension,"High-field continuation, transverse polarization and absence of strong order; interior only",results/stage6_v1/reference_atlas/cache/2fe141e138e9a37d561f2ffee78cbee3d5e9bf49a351e377d90b555f34d81abb.npz,PBC
8,0.6,1.9,paramagnetic-like,R0_extension,"High-field continuation, transverse polarization and absence of strong order; interior only",results/stage6_v1/reference_atlas/cache/5d13bd3c19f05b3640b4422a6677884a097d842555e3800f5c111dfd7cdf9efc.npz,PBC
8,0.6,1.95,paramagnetic-like,R0_extension,"High-field continuation, transverse polarization and absence of strong order; interior only",results/stage6_v1/reference_atlas/cache/8eac3ac9aabb310d0c7de42fc6de9dc095c4342406ad867ee367462f914d8a4c.npz,PBC
8,0.6,2.0,paramagnetic-like,R0_extension,"High-field continuation, transverse polarization and absence of strong order; interior only",results/stage6_v1/reference_atlas/cache/97aa769f867eeac4a3cd71e296ed3c339895e8ae5355637ba39f2550ea5829a3.npz,PBC
8,0.7,0.05,antiphase-like,R0_extension,Small-field continuation from classical period4; full SF peak and amplitude; requires separate finite-size trend for Rlarge,results/stage6_v1/reference_atlas/cache/87f45b1dae6704fdfb23dff2db2f83f288981da21d8bb0488b6753ba4a9cdfc9.npz,PBC
8,0.7,0.1,antiphase-like,R0_extension,Small-field continuation from classical period4; full SF peak and amplitude; requires separate finite-size trend for Rlarge,results/stage6_v1/reference_atlas/cache/60353ade3999018c84790c25f931e6186b3e227663eb2154cd30dc41b227050e.npz,PBC
8,0.7,0.15,unlabeled,RN_only,No independent discrete phase label assigned; evaluate named finite-size features,results/stage6_v1/reference_atlas/cache/5e09c4cb95337024e69f105bfd0c5179179f3efb901258019d128d609e1dca53.npz,PBC
8,0.7,0.2,unlabeled,RN_only,No independent discrete phase label assigned; evaluate named finite-size features,results/stage6_v1/reference_atlas/cache/51f6542471ff0266ed58eb52a3b5c80c30c30023ca3de3615805ee06bb762a0e.npz,PBC
8,0.7,0.25,unlabeled,RN_only,No independent discrete phase label assigned; evaluate named finite-size features,results/stage6_v1/reference_atlas/cache/9f836f9d018dd3180a9c709676feb509c3e6d378fd6143d9855b72956f05deb3.npz,PBC
8,0.7,0.3,unlabeled,RN_only,No independent discrete phase label assigned; evaluate named finite-size features,results/stage6_v1/reference_atlas/cache/990fe9059899512c8b45cfaf4a17f9211aa145df24ff87de1ad4710b348d3990.npz,PBC
8,0.7,0.35,unlabeled,RN_only,No independent discrete phase label assigned; evaluate named finite-size features,results/stage6_v1/reference_atlas/cache/20ba80c99bbc86b8998cdea4b5c24eef6f2771f170a4f6cc078fc92dbd523966.npz,PBC
8,0.7,0.3625,unlabeled,RN_only,No independent discrete phase label assigned; evaluate named finite-size features,results/stage6_v1/reference_atlas/cache/c05efd97925e68827147faf3a1ffdaac1f324b3bcaa20da36fba6326e11d5e8e.npz,PBC
8,0.7,0.375,unlabeled,RN_only,No independent discrete phase label assigned; evaluate named finite-size features,results/stage6_v1/reference_atlas/cache/00421807d74f87d3a5b5b08392308c9baf5739caa75e399682c76008e1c757fd.npz,PBC
8,0.7,0.3875,unlabeled,RN_only,No independent discrete phase label assigned; evaluate named finite-size features,results/stage6_v1/reference_atlas/cache/23d7685746352786b5e0f74cf1af23c37158bdf43c36bcdb80567efac8e503b3.npz,PBC
8,0.7,0.4,unlabeled,RN_only,No independent discrete phase label assigned; evaluate named finite-size features,results/stage6_v1/reference_atlas/cache/8dfc76cd8790d9d32bbc6d965d8d6f761d297e30abb1becae52d9866e192a14d.npz,PBC
8,0.7,0.4125,unlabeled,RN_only,No independent discrete phase label assigned; evaluate named finite-size features,results/stage6_v1/reference_atlas/cache/1cf073dc73ddaabad21de83db2d1ecf718fdaecd829b55e463efbf2462885334.npz,PBC
8,0.7,0.425,unlabeled,RN_only,No independent discrete phase label assigned; evaluate named finite-size features,results/stage6_v1/reference_atlas/cache/96801983edee77f9e2cbfdbafaf5439617ee42dbe13ca312f4d040a98d35784b.npz,PBC
8,0.7,0.4375,unlabeled,RN_only,No independent discrete phase label assigned; evaluate named finite-size features,results/stage6_v1/reference_atlas/cache/2f20cf86bc609c7b2ca08c0afa01dfcce71b98360cd4a41cb5fcf807830bd16d.npz,PBC
8,0.7,0.45,unlabeled,RN_only,No independent discrete phase label assigned; evaluate named finite-size features,results/stage6_v1/reference_atlas/cache/20a69fd1d79ca1c290861d2f1e04b7fe48c95102d1923b08af042c9a127c6dcb.npz,PBC
8,0.7,0.5,unlabeled,RN_only,No independent discrete phase label assigned; evaluate named finite-size features,results/stage6_v1/reference_atlas/cache/645148b7265500f76e13abdb3b178e07d867ee5236ea797d49ba13b56968afae.npz,PBC
8,0.7,0.55,unlabeled,RN_only,No independent discrete phase label assigned; evaluate named finite-size features,results/stage6_v1/reference_atlas/cache/3caa3e29dec1b035868a3181dd98776c3aa316db3844e1a79cd0d4f76b33eeb8.npz,PBC
8,0.7,0.6,unlabeled,RN_only,No independent discrete phase label assigned; evaluate named finite-size features,results/stage6_v1/reference_atlas/cache/3b90053b98e90f4c5b1d006f3fc47b6b514c60f45bdf7d1b96b91f9c79926d14.npz,PBC
8,0.7,0.65,unlabeled,RN_only,No independent discrete phase label assigned; evaluate named finite-size features,results/stage6_v1/reference_atlas/cache/765ebbfa9209e715dffe3d6d3c7b1dae29898b3f0becfca9e83883ba3af8d1fa.npz,PBC
8,0.7,0.7,unlabeled,RN_only,No independent discrete phase label assigned; evaluate named finite-size features,results/stage6_v1/reference_atlas/cache/34f9b4e1c195551535ebd6fdd57dcc3dbdae87849e945aced484ce89355b88c4.npz,PBC
8,0.7,0.75,unlabeled,RN_only,No independent discrete phase label assigned; evaluate named finite-size features,results/stage6_v1/reference_atlas/cache/bf51a959a6744f5372c0b147be5318be0c07be971a1fcdf2afe700e146f42e4a.npz,PBC
8,0.7,0.8,unlabeled,RN_only,No independent discrete phase label assigned; evaluate named finite-size features,results/stage6_v1/reference_atlas/cache/dea11e782edfc292c53a926dbbd51192e272dfaaf2555ccdcef9a42ea959f7eb.npz,PBC
8,0.7,0.85,unlabeled,RN_only,No independent discrete phase label assigned; evaluate named finite-size features,results/stage6_v1/reference_atlas/cache/90bb54dca29073e07edf2d89d8c61a38dc6563a33e5fb92d04a56aa794a53b4c.npz,PBC
8,0.7,0.9,unlabeled,RN_only,No independent discrete phase label assigned; evaluate named finite-size features,results/stage6_v1/reference_atlas/cache/6f3dbe1e411a92c32a9adb5844984a98513ec72595cbff2c2afd9cb04e2f45dd.npz,PBC
8,0.7,0.95,unlabeled,RN_only,No independent discrete phase label assigned; evaluate named finite-size features,results/stage6_v1/reference_atlas/cache/daa982e85290e0659af40121537f5c7573b26116ba9b35ac005a05be421b092a.npz,PBC
8,0.7,1.0,unlabeled,RN_only,No independent discrete phase label assigned; evaluate named finite-size features,results/stage6_v1/reference_atlas/cache/24bdc4380e898a9f40702335ed5e31063f3308fcd565c4c2526afa65f830abd8.npz,PBC
8,0.7,1.05,unlabeled,RN_only,No independent discrete phase label assigned; evaluate named finite-size features,results/stage6_v1/reference_atlas/cache/c887ba16d0c4673813178898f87f1d874d8f33f8d2e91cc398f7fa42e5e2070f.npz,PBC
8,0.7,1.1,unlabeled,RN_only,No independent discrete phase label assigned; evaluate named finite-size features,results/stage6_v1/reference_atlas/cache/b10f31f8bbad48d5db587e2b376ec523cc447f82a116aead57015af409798f51.npz,PBC
8,0.7,1.15,unlabeled,RN_only,No independent discrete phase label assigned; evaluate named finite-size features,results/stage6_v1/reference_atlas/cache/31ceb2c60d6f5c429af10c3c63dc5c9ff296e653bcdd5b17dacac22e69a424cf.npz,PBC
8,0.7,1.2,unlabeled,RN_only,No independent discrete phase label assigned; evaluate named finite-size features,results/stage6_v1/reference_atlas/cache/03cd6ed920e0f37abd2616543b403a77ad6e30883dd02492f0b5b526cabd6a62.npz,PBC
8,0.7,1.25,unlabeled,RN_only,No independent discrete phase label assigned; evaluate named finite-size features,results/stage6_v1/reference_atlas/cache/04959f6796c089e7a333cd2bca048986a90d285c702e82473a9665a7a3d88f97.npz,PBC
8,0.7,1.3,unlabeled,RN_only,No independent discrete phase label assigned; evaluate named finite-size features,results/stage6_v1/reference_atlas/cache/e23ece7f637b319abd919ad4055d2475e1294797ad8c076cac0cf68f8af5c615.npz,PBC
8,0.7,1.35,unlabeled,RN_only,No independent discrete phase label assigned; evaluate named finite-size features,results/stage6_v1/reference_atlas/cache/8565d3e23751f5e59dbd4e8ba265d7c3c14a42d9474924f9b12aca508368146a.npz,PBC
8,0.7,1.4,unlabeled,RN_only,No independent discrete phase label assigned; evaluate named finite-size features,results/stage6_v1/reference_atlas/cache/3871a4eb4b1db7b1ca7d56c433f41044ff18ccb43fdcac337de9ca520e6df0c5.npz,PBC
8,0.7,1.45,unlabeled,RN_only,No independent discrete phase label assigned; evaluate named finite-size features,results/stage6_v1/reference_atlas/cache/f955f20b8254b2ad077a9af643f62bdfad2c02f3824cf2bbcfe797803eec9ad3.npz,PBC
8,0.7,1.5,unlabeled,RN_only,No independent discrete phase label assigned; evaluate named finite-size features,results/stage6_v1/reference_atlas/cache/ca746b17fc36d587613cabf53fde46df8ca76a6733184906752c0e75f22689fd.npz,PBC
8,0.7,1.55,unlabeled,RN_only,No independent discrete phase label assigned; evaluate named finite-size features,results/stage6_v1/reference_atlas/cache/9171555aa7068761341b989f1b22cb7ee063fcf674ce321a3603bec0b5e1be44.npz,PBC
8,0.7,1.6,paramagnetic-like,R0_extension,"High-field continuation, transverse polarization and absence of strong order; interior only",results/stage6_v1/reference_atlas/cache/b885f7c433bb5f61618cd5bf966fd298da6a95e9acd8ee149de52f4b8dd3a2d5.npz,PBC
8,0.7,1.65,paramagnetic-like,R0_extension,"High-field continuation, transverse polarization and absence of strong order; interior only",results/stage6_v1/reference_atlas/cache/9499747e0aa75026983eb3d0a51736e73a5fa779d46796a506ad03a231a62e48.npz,PBC
8,0.7,1.7,paramagnetic-like,R0_extension,"High-field continuation, transverse polarization and absence of strong order; interior only",results/stage6_v1/reference_atlas/cache/22f81175b4012d8da88eaf404ec504a843e69729f526bf97aef8b0b27fd004cd.npz,PBC
8,0.7,1.75,paramagnetic-like,R0_extension,"High-field continuation, transverse polarization and absence of strong order; interior only",results/stage6_v1/reference_atlas/cache/f391a9be2cb8871a8e07615e5a5847d2057c13af8ffd36b0d45ade9e11f35a0f.npz,PBC
8,0.7,1.8,paramagnetic-like,R0_extension,"High-field continuation, transverse polarization and absence of strong order; interior only",results/stage6_v1/reference_atlas/cache/0ec8e5ef14b6f90912cf720455feb371c7683c59c8178b05abe6813d4c3efec0.npz,PBC
8,0.7,1.85,paramagnetic-like,R0_extension,"High-field continuation, transverse polarization and absence of strong order; interior only",results/stage6_v1/reference_atlas/cache/2899a4486705665d4087a2dc553a430a0527588b63c3e116184a42f6b1614758.npz,PBC
8,0.7,1.9,paramagnetic-like,R0_extension,"High-field continuation, transverse polarization and absence of strong order; interior only",results/stage6_v1/reference_atlas/cache/e81b96500326a7426b93b6b609963a0fcffbdad34c1499eace31314526aa0bc8.npz,PBC
8,0.7,1.95,paramagnetic-like,R0_extension,"High-field continuation, transverse polarization and absence of strong order; interior only",results/stage6_v1/reference_atlas/cache/abaec2367fa0db538334b5b99cb2783df10a17cbea40c8c20855784c7ecc02a6.npz,PBC
8,0.7,2.0,paramagnetic-like,R0_extension,"High-field continuation, transverse polarization and absence of strong order; interior only",results/stage6_v1/reference_atlas/cache/eebd3d6081c59e98b65c77b3633f9aa34d975b65734044e3ea42286cb79825d9.npz,PBC
8,0.8,0.05,antiphase-like,R0_extension,Small-field continuation from classical period4; full SF peak and amplitude; requires separate finite-size trend for Rlarge,results/stage6_v1/reference_atlas/cache/50628abbb7a508d6a8de0998885d2c75e115e24c54cf3bcfd9b51b23654ae69e.npz,PBC
8,0.8,0.1,antiphase-like,R0_extension,Small-field continuation from classical period4; full SF peak and amplitude; requires separate finite-size trend for Rlarge,results/stage6_v1/reference_atlas/cache/d9df2db389285fe8aedc611b79b9541f37f217f7b56d656a854be718d976546a.npz,PBC
8,0.8,0.15,unlabeled,RN_only,No independent discrete phase label assigned; evaluate named finite-size features,results/stage6_v1/reference_atlas/cache/922af7eb7a7c3d26e328f0297d1515188e4c13e851d1a612bcb3660d28142060.npz,PBC
8,0.8,0.2,unlabeled,RN_only,No independent discrete phase label assigned; evaluate named finite-size features,results/stage6_v1/reference_atlas/cache/5da16a459ec8832456b2814aee9e2d0168894a4d2cee3f35d769ebe6b47ab4d6.npz,PBC
8,0.8,0.25,unlabeled,RN_only,No independent discrete phase label assigned; evaluate named finite-size features,results/stage6_v1/reference_atlas/cache/f2d6777c7aba5d17d62b9005c57f08a3b59dc37a91c88c20455c987120a5d998.npz,PBC
8,0.8,0.3,unlabeled,RN_only,No independent discrete phase label assigned; evaluate named finite-size features,results/stage6_v1/reference_atlas/cache/11b6d17bdfb2494b9b42af349ad798bfc0c8733cf221826cc489729253d2a063.npz,PBC
8,0.8,0.35,unlabeled,RN_only,No independent discrete phase label assigned; evaluate named finite-size features,results/stage6_v1/reference_atlas/cache/d9f4583f014d9c016efb01adb49faff920d9be7f9d5c4292d5338b6693c15bce.npz,PBC
8,0.8,0.4,unlabeled,RN_only,No independent discrete phase label assigned; evaluate named finite-size features,results/stage6_v1/reference_atlas/cache/5d0213333f7843069a8e13b9df64d3532074daff2c4b6f937683718655fb0595.npz,PBC
8,0.8,0.45,unlabeled,RN_only,No independent discrete phase label assigned; evaluate named finite-size features,results/stage6_v1/reference_atlas/cache/4cf43d20cbf69787eaf730fd8bcac8ca07c1a46e70cb5f24b7f376630d5b270a.npz,PBC
8,0.8,0.4625,unlabeled,RN_only,No independent discrete phase label assigned; evaluate named finite-size features,results/stage6_v1/reference_atlas/cache/bb4351d99d38b4c02a52674af23aba4461e9c9ada5ea1cb4dcc2b8b28621fbc9.npz,PBC
8,0.8,0.475,unlabeled,RN_only,No independent discrete phase label assigned; evaluate named finite-size features,results/stage6_v1/reference_atlas/cache/e5aecf34244073a5eceb201621a4f6f82c794251f7eca26a07297c34a0e9d6d2.npz,PBC
8,0.8,0.4875,unlabeled,RN_only,No independent discrete phase label assigned; evaluate named finite-size features,results/stage6_v1/reference_atlas/cache/ff38637b2fb7bcd99def5d29b8cbc3e28d1903eca96eebb9747b9a0cae604f13.npz,PBC
8,0.8,0.5,unlabeled,RN_only,No independent discrete phase label assigned; evaluate named finite-size features,results/stage6_v1/reference_atlas/cache/c4b65ad007d85859c0b810566af90be2e3f55808006e90507c7467518fbe644a.npz,PBC
8,0.8,0.5125,unlabeled,RN_only,No independent discrete phase label assigned; evaluate named finite-size features,results/stage6_v1/reference_atlas/cache/d7a9ef741abdb3bc1b049e2992a263b8eef5a1454c4941b050ed8ffd0592a8dc.npz,PBC
8,0.8,0.525,unlabeled,RN_only,No independent discrete phase label assigned; evaluate named finite-size features,results/stage6_v1/reference_atlas/cache/5930035c02e58142d317c0d649f2157d771cb743e89a239bd9ec0d3d1772531d.npz,PBC
8,0.8,0.5375,unlabeled,RN_only,No independent discrete phase label assigned; evaluate named finite-size features,results/stage6_v1/reference_atlas/cache/bfd6828a7edc04ebc55f25a1f44ac3421217ccab1afe41a2dd82f55918e7f259.npz,PBC
8,0.8,0.55,unlabeled,RN_only,No independent discrete phase label assigned; evaluate named finite-size features,results/stage6_v1/reference_atlas/cache/6d4535f03034333bb199bd56227e65a4a663f3aec38636b5da9aa2d5b6441dca.npz,PBC
8,0.8,0.6,unlabeled,RN_only,No independent discrete phase label assigned; evaluate named finite-size features,results/stage6_v1/reference_atlas/cache/8a3133ee36812fd00a6cc504c5c5e851149087e6d26dc2655b7d521729a24da2.npz,PBC
8,0.8,0.65,unlabeled,RN_only,No independent discrete phase label assigned; evaluate named finite-size features,results/stage6_v1/reference_atlas/cache/ad8f21cf5ac445dac83094335af4bb43b120d2df2cf6d02822885e19ffd12089.npz,PBC
8,0.8,0.7,unlabeled,RN_only,No independent discrete phase label assigned; evaluate named finite-size features,results/stage6_v1/reference_atlas/cache/dccc5abc3bdf7e5cadc00fda0568fe2b7c73d8a17c913d3ff9c2457292bd170b.npz,PBC
8,0.8,0.75,unlabeled,RN_only,No independent discrete phase label assigned; evaluate named finite-size features,results/stage6_v1/reference_atlas/cache/d89819f91b912b714885a330226a9b7f710be927899aa7a040349e2514910b3f.npz,PBC
8,0.8,0.8,unlabeled,RN_only,No independent discrete phase label assigned; evaluate named finite-size features,results/stage6_v1/reference_atlas/cache/16d93c2ff206181424c49d4eaac6abec14131a1ec11dcecf72b9c1566b964fc4.npz,PBC
8,0.8,0.85,unlabeled,RN_only,No independent discrete phase label assigned; evaluate named finite-size features,results/stage6_v1/reference_atlas/cache/8e0402faa056be38d7aef21a61c620027ce831612f7d7cb35fc3c3964e072d2a.npz,PBC
8,0.8,0.9,unlabeled,RN_only,No independent discrete phase label assigned; evaluate named finite-size features,results/stage6_v1/reference_atlas/cache/042e026f2b95010957191c5505574a1078036b6bed5ddb58f3b4f1afe5815bca.npz,PBC
8,0.8,0.95,unlabeled,RN_only,No independent discrete phase label assigned; evaluate named finite-size features,results/stage6_v1/reference_atlas/cache/ad6f035edd5ef0fd8f18d95f0ac31e432d0c98f82767cde228b1d3fef478309c.npz,PBC
8,0.8,1.0,unlabeled,RN_only,No independent discrete phase label assigned; evaluate named finite-size features,results/stage6_v1/reference_atlas/cache/f892aa3cf551d028d1218df17261d371992f71e687918c719372c1d326bd1372.npz,PBC
8,0.8,1.05,unlabeled,RN_only,No independent discrete phase label assigned; evaluate named finite-size features,results/stage6_v1/reference_atlas/cache/2a55b9a24cecfb3d1e119ffa59ddac3c94654d82ef59d4b8cedfc3561dcfb350.npz,PBC
8,0.8,1.1,unlabeled,RN_only,No independent discrete phase label assigned; evaluate named finite-size features,results/stage6_v1/reference_atlas/cache/552321ea0924f3e3a3a726e46de5dac864649e9bec9949559ace9c97b19ba8a9.npz,PBC
8,0.8,1.15,unlabeled,RN_only,No independent discrete phase label assigned; evaluate named finite-size features,results/stage6_v1/reference_atlas/cache/c04cdde7348c0e8ff5952ec4c1f652e42bced98050ed83379f083296d27d33bf.npz,PBC
8,0.8,1.2,unlabeled,RN_only,No independent discrete phase label assigned; evaluate named finite-size features,results/stage6_v1/reference_atlas/cache/9be6e33a97da00412d788938a9f3405b191fad8188c2179a6dc380b26f365764.npz,PBC
8,0.8,1.25,unlabeled,RN_only,No independent discrete phase label assigned; evaluate named finite-size features,results/stage6_v1/reference_atlas/cache/44604238a85bf8f300bedefb2035400c26eca9f77f9a854e78e5435668c58720.npz,PBC
8,0.8,1.3,unlabeled,RN_only,No independent discrete phase label assigned; evaluate named finite-size features,results/stage6_v1/reference_atlas/cache/f8c629faf5b49ab389d729aafe12a8bfbeee72dd49630a1ea82534fa9eab1f74.npz,PBC
8,0.8,1.35,unlabeled,RN_only,No independent discrete phase label assigned; evaluate named finite-size features,results/stage6_v1/reference_atlas/cache/3c47f7d5717630e85443cd12c28de4bee5858a06ff797e50386ff1fd66579e21.npz,PBC
8,0.8,1.4,unlabeled,RN_only,No independent discrete phase label assigned; evaluate named finite-size features,results/stage6_v1/reference_atlas/cache/85fd460777251724f597dcd0a64c7a91cf86978e18ef654e54416fa3a341b627.npz,PBC
8,0.8,1.45,unlabeled,RN_only,No independent discrete phase label assigned; evaluate named finite-size features,results/stage6_v1/reference_atlas/cache/f67b0a1e6746e5060d277302269db34b1bbfc9b0915842a34e6c85c41831b8f5.npz,PBC
8,0.8,1.5,unlabeled,RN_only,No independent discrete phase label assigned; evaluate named finite-size features,results/stage6_v1/reference_atlas/cache/10bb791ab0913546d0d611d4b78e9fb6930f1f13c45c637b87a2f8e7188c59ea.npz,PBC
8,0.8,1.55,unlabeled,RN_only,No independent discrete phase label assigned; evaluate named finite-size features,results/stage6_v1/reference_atlas/cache/4f0eb0859fd88f4a9e9a28373a2ed736d8a4b00f0b35eec1071e8740b0d44a06.npz,PBC
8,0.8,1.6,paramagnetic-like,R0_extension,"High-field continuation, transverse polarization and absence of strong order; interior only",results/stage6_v1/reference_atlas/cache/99ffb2edf872398ef75c2ab1273b14f892b3fb5e0183b927c92eb21fee263df5.npz,PBC
8,0.8,1.65,paramagnetic-like,R0_extension,"High-field continuation, transverse polarization and absence of strong order; interior only",results/stage6_v1/reference_atlas/cache/7aa0a3e76f9a308988b67c9f877d98f59a498195ea78057469f050d9ce5d6115.npz,PBC
8,0.8,1.7,paramagnetic-like,R0_extension,"High-field continuation, transverse polarization and absence of strong order; interior only",results/stage6_v1/reference_atlas/cache/e55d05c75be2ad55e2e02f409f7bc466bea8528d567d0471ff952d01e443fde6.npz,PBC
8,0.8,1.75,paramagnetic-like,R0_extension,"High-field continuation, transverse polarization and absence of strong order; interior only",results/stage6_v1/reference_atlas/cache/4effbfa4efd2076f0b1b73f6d56708a292a668a9fb7f4485e7b230f706aefcc5.npz,PBC
8,0.8,1.8,paramagnetic-like,R0_extension,"High-field continuation, transverse polarization and absence of strong order; interior only",results/stage6_v1/reference_atlas/cache/230753e9facf718819ce06fb8dcbc2095d1a9c02aaba50f9c19d572ad96a76d9.npz,PBC
8,0.8,1.85,paramagnetic-like,R0_extension,"High-field continuation, transverse polarization and absence of strong order; interior only",results/stage6_v1/reference_atlas/cache/8fb27ecf1b3c57eac5ff5b48decc771570754f4fb7eedfbe8bd0d6af8b55dd61.npz,PBC
8,0.8,1.9,paramagnetic-like,R0_extension,"High-field continuation, transverse polarization and absence of strong order; interior only",results/stage6_v1/reference_atlas/cache/59d069ae035ec438dba79a77089cd366d9a305d3e8f5263c781da4c813c0ccf3.npz,PBC
8,0.8,1.95,paramagnetic-like,R0_extension,"High-field continuation, transverse polarization and absence of strong order; interior only",results/stage6_v1/reference_atlas/cache/0c0541b7e0e13c2d79c8095cbf5b7920662f8b64c2119860501665b729f52cf4.npz,PBC
8,0.8,2.0,paramagnetic-like,R0_extension,"High-field continuation, transverse polarization and absence of strong order; interior only",results/stage6_v1/reference_atlas/cache/544260a3fb2dd2b7151e2529e1d0a7a6c30ba8bb739fa6910f18989c7ac85ad2.npz,PBC
8,0.9,0.05,antiphase-like,R0_extension,Small-field continuation from classical period4; full SF peak and amplitude; requires separate finite-size trend for Rlarge,results/stage6_v1/reference_atlas/cache/c136ae187a1676fb5320467306ec03e501173c1214cb1b0a5dbb25c964d3871e.npz,PBC
8,0.9,0.1,antiphase-like,R0_extension,Small-field continuation from classical period4; full SF peak and amplitude; requires separate finite-size trend for Rlarge,results/stage6_v1/reference_atlas/cache/1a8cd8683e9d26fd69325e7b6f9d78fdfb73f0ae69725c1569f2227ac9b200c9.npz,PBC
8,0.9,0.15,unlabeled,RN_only,No independent discrete phase label assigned; evaluate named finite-size features,results/stage6_v1/reference_atlas/cache/b9afbd6da3198c15dce7d45d6d357847da07eef764b3eb404d904f036e751bdb.npz,PBC
8,0.9,0.2,unlabeled,RN_only,No independent discrete phase label assigned; evaluate named finite-size features,results/stage6_v1/reference_atlas/cache/1a37a258e00e78f6946d174faf9d48f4a48efcc5bb7deee8c4b82cf72a48068a.npz,PBC
8,0.9,0.25,unlabeled,RN_only,No independent discrete phase label assigned; evaluate named finite-size features,results/stage6_v1/reference_atlas/cache/0e16b01cbc22166dc9ea180edc47cba6e7c998db82552e275936b153b2e483d6.npz,PBC
8,0.9,0.3,unlabeled,RN_only,No independent discrete phase label assigned; evaluate named finite-size features,results/stage6_v1/reference_atlas/cache/35c0fa806851aa3aed6f617c7831441ec57d903b4d66ae3f4fbb21709a700ba3.npz,PBC
8,0.9,0.35,unlabeled,RN_only,No independent discrete phase label assigned; evaluate named finite-size features,results/stage6_v1/reference_atlas/cache/15b77565a1952aa40772a47f8fa06cf1943334f1f5bf47ca69989e56062ffa08.npz,PBC
8,0.9,0.4,unlabeled,RN_only,No independent discrete phase label assigned; evaluate named finite-size features,results/stage6_v1/reference_atlas/cache/f7ade26e0cd787a2ad8b15b4349faf5f25571bc57bd66cb94376f98d7625adcc.npz,PBC
8,0.9,0.45,unlabeled,RN_only,No independent discrete phase label assigned; evaluate named finite-size features,results/stage6_v1/reference_atlas/cache/406af21507d6d67ac067a1ecaa07415961ba6e8a9514d82063a11252a1edddd3.npz,PBC
8,0.9,0.5,unlabeled,RN_only,No independent discrete phase label assigned; evaluate named finite-size features,results/stage6_v1/reference_atlas/cache/160c264ec88d5120529fdf7c76f0df6e2064af3ea5ae786a8f7a54ca061418d6.npz,PBC
8,0.9,0.55,unlabeled,RN_only,No independent discrete phase label assigned; evaluate named finite-size features,results/stage6_v1/reference_atlas/cache/8f28baec32a1b14cc43efb18f8aa145f2dcd4ab0155bc4abd55d58b48c388ca1.npz,PBC
8,0.9,0.5625,unlabeled,RN_only,No independent discrete phase label assigned; evaluate named finite-size features,results/stage6_v1/reference_atlas/cache/cd0c69bf309503aaf235b5553629fac20fba581ad8f3c125e3115c03c35666a5.npz,PBC
8,0.9,0.575,unlabeled,RN_only,No independent discrete phase label assigned; evaluate named finite-size features,results/stage6_v1/reference_atlas/cache/94f47b5fe954b81aae6312d2d6977ffd45a34ef3065f1c54124f3fabe39156a3.npz,PBC
8,0.9,0.5875,unlabeled,RN_only,No independent discrete phase label assigned; evaluate named finite-size features,results/stage6_v1/reference_atlas/cache/2c82400e7740f5b38f4d749f477f681a83d7e95b43af787f794ad244c1812501.npz,PBC
8,0.9,0.6,unlabeled,RN_only,No independent discrete phase label assigned; evaluate named finite-size features,results/stage6_v1/reference_atlas/cache/0f17278fafc654a9888ef6dc6db0b933dcb624cb416fec61cd9f2745e75e349d.npz,PBC
8,0.9,0.6125,unlabeled,RN_only,No independent discrete phase label assigned; evaluate named finite-size features,results/stage6_v1/reference_atlas/cache/27f9116b7fe156817cf154b0780067743f96ddd1568af3483fc9fcdc7caf1144.npz,PBC
8,0.9,0.625,unlabeled,RN_only,No independent discrete phase label assigned; evaluate named finite-size features,results/stage6_v1/reference_atlas/cache/dbc3d0810c519e33c6c7f55e262222aacfad27c4a24f665c99270051468e5156.npz,PBC
8,0.9,0.6375,unlabeled,RN_only,No independent discrete phase label assigned; evaluate named finite-size features,results/stage6_v1/reference_atlas/cache/c73dda84e1390e107557bce13750bdea83086bf11a54267c75309572d6ac5645.npz,PBC
8,0.9,0.65,unlabeled,RN_only,No independent discrete phase label assigned; evaluate named finite-size features,results/stage6_v1/reference_atlas/cache/ed0c103b883472102b1a869348d1d75200131b08534005e1272c04ba4c16d6df.npz,PBC
8,0.9,0.7,unlabeled,RN_only,No independent discrete phase label assigned; evaluate named finite-size features,results/stage6_v1/reference_atlas/cache/8daf1235becd480c87f71504af9ed37305a833b1d0d46e24aabc304d9b781aed.npz,PBC
8,0.9,0.75,unlabeled,RN_only,No independent discrete phase label assigned; evaluate named finite-size features,results/stage6_v1/reference_atlas/cache/5eb6a2301561a0840a8de5571575153f47ceea005416e982c6ff44ec36b95ab4.npz,PBC
8,0.9,0.8,unlabeled,RN_only,No independent discrete phase label assigned; evaluate named finite-size features,results/stage6_v1/reference_atlas/cache/2ceb1051e4ea2ceade3038b91b6ab8ac986ba4a6779261f94d0b6af4e542aff2.npz,PBC
8,0.9,0.85,unlabeled,RN_only,No independent discrete phase label assigned; evaluate named finite-size features,results/stage6_v1/reference_atlas/cache/8dfb5539668573a72b89f54424b98f1870d9529e4113a2e4745c5d7bed6ac377.npz,PBC
8,0.9,0.9,unlabeled,RN_only,No independent discrete phase label assigned; evaluate named finite-size features,results/stage6_v1/reference_atlas/cache/fc37b70a726770945e8c54f23bd37799550ac22f34d015b8abba245861b93be3.npz,PBC
8,0.9,0.95,unlabeled,RN_only,No independent discrete phase label assigned; evaluate named finite-size features,results/stage6_v1/reference_atlas/cache/ba77e29c0a43c911a0e7f9d9a3e8015f749440de9eaa3d9b1b73ee2b5ba6c6b3.npz,PBC
8,0.9,1.0,unlabeled,RN_only,No independent discrete phase label assigned; evaluate named finite-size features,results/stage6_v1/reference_atlas/cache/d115ed26757a05e61bbdb006a47b8848e740cd015dd12550ad0c17e2684a331c.npz,PBC
8,0.9,1.05,unlabeled,RN_only,No independent discrete phase label assigned; evaluate named finite-size features,results/stage6_v1/reference_atlas/cache/8fa985ff85efecc67e85b3ca1a14cb478cb4b1f1be47876b5c30a2517ef9116b.npz,PBC
8,0.9,1.1,unlabeled,RN_only,No independent discrete phase label assigned; evaluate named finite-size features,results/stage6_v1/reference_atlas/cache/8c0899f695d769b6a88148deb2a3a6e000bf19d5b7b17563ea64f9e6b80de11d.npz,PBC
8,0.9,1.15,unlabeled,RN_only,No independent discrete phase label assigned; evaluate named finite-size features,results/stage6_v1/reference_atlas/cache/27ddbe0bc2da2a527e21306ea1d8398ebb689adad8e1f8af756a8417a8551bd5.npz,PBC
8,0.9,1.2,unlabeled,RN_only,No independent discrete phase label assigned; evaluate named finite-size features,results/stage6_v1/reference_atlas/cache/82bdacf0d8aad1dc901375c957e02973f8d2c1631ce388d806dc7b9e7842a49f.npz,PBC
8,0.9,1.25,unlabeled,RN_only,No independent discrete phase label assigned; evaluate named finite-size features,results/stage6_v1/reference_atlas/cache/daf287d7b5e7e16218bd3b3ab5ef9151c2fdf72d304b1930d3b24372fd6e5922.npz,PBC
8,0.9,1.3,unlabeled,RN_only,No independent discrete phase label assigned; evaluate named finite-size features,results/stage6_v1/reference_atlas/cache/80364bfa5cea1c201bb417dc1732423be8055c6e3069aecfdd510008b09c9805.npz,PBC
8,0.9,1.35,unlabeled,RN_only,No independent discrete phase label assigned; evaluate named finite-size features,results/stage6_v1/reference_atlas/cache/2f7ead43f9c9ccc98882577488286500fe0a3a58e4874817ae164d5d10c7616b.npz,PBC
8,0.9,1.4,unlabeled,RN_only,No independent discrete phase label assigned; evaluate named finite-size features,results/stage6_v1/reference_atlas/cache/ecd6fe01a73597d1ef482a119c14c66d511594a8babacf14220003e2d5607527.npz,PBC
8,0.9,1.45,unlabeled,RN_only,No independent discrete phase label assigned; evaluate named finite-size features,results/stage6_v1/reference_atlas/cache/86d0e3a9d1f26c3d9e6d1d5ba612431155f8e03c6aa0f6723c4d7ab1c3a8ca87.npz,PBC
8,0.9,1.5,unlabeled,RN_only,No independent discrete phase label assigned; evaluate named finite-size features,results/stage6_v1/reference_atlas/cache/2c698a9a6eab74a5b5f372a2edf6d2393090242ca8a480654e94af04eb63772f.npz,PBC
8,0.9,1.55,unlabeled,RN_only,No independent discrete phase label assigned; evaluate named finite-size features,results/stage6_v1/reference_atlas/cache/26f6cd94cf75a9493c9ad02b081fb2f60f70b9a9b0d01c623d5b952c427d01b4.npz,PBC
8,0.9,1.6,paramagnetic-like,R0_extension,"High-field continuation, transverse polarization and absence of strong order; interior only",results/stage6_v1/reference_atlas/cache/ceb36267a4978a198da4129b41f71963434653a1dc013693fb5f35475afdf4ed.npz,PBC
8,0.9,1.65,paramagnetic-like,R0_extension,"High-field continuation, transverse polarization and absence of strong order; interior only",results/stage6_v1/reference_atlas/cache/fc9638276a812f759984e28396e3cf5909cccc4f9bfdfe5a60a1d18cd4a9ec3d.npz,PBC
8,0.9,1.7,paramagnetic-like,R0_extension,"High-field continuation, transverse polarization and absence of strong order; interior only",results/stage6_v1/reference_atlas/cache/11e724ebdc6115946ce2c2781ff06bb051ed6cf53da9cc70b643a3b61c183a14.npz,PBC
8,0.9,1.75,paramagnetic-like,R0_extension,"High-field continuation, transverse polarization and absence of strong order; interior only",results/stage6_v1/reference_atlas/cache/155ee59937870601965576dd71104e0149e1685a52b53a9e17619ae52656fdad.npz,PBC
8,0.9,1.8,paramagnetic-like,R0_extension,"High-field continuation, transverse polarization and absence of strong order; interior only",results/stage6_v1/reference_atlas/cache/6324b4f7e5d4c54c24eb894fb77d9516bca398eaef84f0fdce55ae7f3aca9ffe.npz,PBC
8,0.9,1.85,paramagnetic-like,R0_extension,"High-field continuation, transverse polarization and absence of strong order; interior only",results/stage6_v1/reference_atlas/cache/b112e90b54d61f86dee24a299f095ae24f69476c8e7462e0458981f28ca5ef55.npz,PBC
8,0.9,1.9,paramagnetic-like,R0_extension,"High-field continuation, transverse polarization and absence of strong order; interior only",results/stage6_v1/reference_atlas/cache/0d956f4df1170b8745ec7b26cafc84208043d2924077e71a1913ac511b1352b9.npz,PBC
8,0.9,1.95,paramagnetic-like,R0_extension,"High-field continuation, transverse polarization and absence of strong order; interior only",results/stage6_v1/reference_atlas/cache/6f05272fb48cb9bb9353c2e7b910e5ff7bf38c2411b366c9548ab01461e412db.npz,PBC
8,0.9,2.0,paramagnetic-like,R0_extension,"High-field continuation, transverse polarization and absence of strong order; interior only",results/stage6_v1/reference_atlas/cache/886e1bafad05b86ddd556d193832871193f7e09bd91e7c66408fe2a039c5ed87.npz,PBC
8,1.0,0.05,antiphase-like,R0_extension,Small-field continuation from classical period4; full SF peak and amplitude; requires separate finite-size trend for Rlarge,results/stage6_v1/reference_atlas/cache/b94d8578ef39e913f86e0cdcb7961735c5cb0f590b55ab4e24e6a0c2fb3349a8.npz,PBC
8,1.0,0.1,antiphase-like,R0_extension,Small-field continuation from classical period4; full SF peak and amplitude; requires separate finite-size trend for Rlarge,results/stage6_v1/reference_atlas/cache/f9bbbd245038c4129003d063c1de6932b6e25be0be1a7911c22c8fa5199d7c74.npz,PBC
8,1.0,0.15,unlabeled,RN_only,No independent discrete phase label assigned; evaluate named finite-size features,results/stage6_v1/reference_atlas/cache/94d38f1180d674355c3726de199bc2fc35125e1177c01e8bc2c3677d1fedf510.npz,PBC
8,1.0,0.2,unlabeled,RN_only,No independent discrete phase label assigned; evaluate named finite-size features,results/stage6_v1/reference_atlas/cache/1283fa2cee00555b819c3b418e836f95a042396f08317167ae9d2be08678952a.npz,PBC
8,1.0,0.25,unlabeled,RN_only,No independent discrete phase label assigned; evaluate named finite-size features,results/stage6_v1/reference_atlas/cache/8fc8c67c97ab934d92c96e9576646aa281a32e4d50c6c513d472c27970f07ced.npz,PBC
8,1.0,0.3,unlabeled,RN_only,No independent discrete phase label assigned; evaluate named finite-size features,results/stage6_v1/reference_atlas/cache/9f9d2eb850588d2dda1ef0ad89d8254e46221dc06f724b42b785866b117db291.npz,PBC
8,1.0,0.35,unlabeled,RN_only,No independent discrete phase label assigned; evaluate named finite-size features,results/stage6_v1/reference_atlas/cache/fa5c3efd1fa044ee8e7574d1df21d4fc344cbba97ba4023b57eea6166844c32a.npz,PBC
8,1.0,0.4,unlabeled,RN_only,No independent discrete phase label assigned; evaluate named finite-size features,results/stage6_v1/reference_atlas/cache/7447f9b6e719b4b8d630c3a01027321fde07aba774f995d0b5bb9640cc18f83c.npz,PBC
8,1.0,0.45,unlabeled,RN_only,No independent discrete phase label assigned; evaluate named finite-size features,results/stage6_v1/reference_atlas/cache/d019837cc79b30d299653be1ebd406b2c1167d0be37a127c404d38d36d3c586d.npz,PBC
8,1.0,0.5,unlabeled,RN_only,No independent discrete phase label assigned; evaluate named finite-size features,results/stage6_v1/reference_atlas/cache/c439bbb5d33ba4c07ef587838e6b1785d431b8c67a3332ca79dcf4804e9213ed.npz,PBC
8,1.0,0.55,unlabeled,RN_only,No independent discrete phase label assigned; evaluate named finite-size features,results/stage6_v1/reference_atlas/cache/be3902fe1a729f840d0c4cc9b8c68a490777c9b4a833852ff063fa16bbe9370b.npz,PBC
8,1.0,0.6,unlabeled,RN_only,No independent discrete phase label assigned; evaluate named finite-size features,results/stage6_v1/reference_atlas/cache/50fd30d37874eaed5a463790953535e89458dda9c0082ab937622b7bbd1d415f.npz,PBC
8,1.0,0.65,unlabeled,RN_only,No independent discrete phase label assigned; evaluate named finite-size features,results/stage6_v1/reference_atlas/cache/4e562aa0d6bf3ec7dc81412a74b1b70211387eff50cc3c5a5c137988270066cf.npz,PBC
8,1.0,0.6625,unlabeled,RN_only,No independent discrete phase label assigned; evaluate named finite-size features,results/stage6_v1/reference_atlas/cache/fca55f04fc99b029ba8a13382794219c37a9eca9161526c0f927b108d63c2b57.npz,PBC
8,1.0,0.675,unlabeled,RN_only,No independent discrete phase label assigned; evaluate named finite-size features,results/stage6_v1/reference_atlas/cache/3f1d12c08a7c1f9583c64d0d249c8167e64467e254796abf0072df031f8e179b.npz,PBC
8,1.0,0.6875,unlabeled,RN_only,No independent discrete phase label assigned; evaluate named finite-size features,results/stage6_v1/reference_atlas/cache/d7467a28dd030aaffe25d2570e9c242681643180309b334821e29ac4b04f14db.npz,PBC
8,1.0,0.7,unlabeled,RN_only,No independent discrete phase label assigned; evaluate named finite-size features,results/stage6_v1/reference_atlas/cache/00a3749b254428536fe824aa08a3c15b9b44ea02290a278152957a177ac8e4fa.npz,PBC
8,1.0,0.7125,unlabeled,RN_only,No independent discrete phase label assigned; evaluate named finite-size features,results/stage6_v1/reference_atlas/cache/4128f3a6939ae34cea17204f531e6b3cd102f99758287d4726321284c4a97d38.npz,PBC
8,1.0,0.725,unlabeled,RN_only,No independent discrete phase label assigned; evaluate named finite-size features,results/stage6_v1/reference_atlas/cache/e29b66e00b6da7d1569974085ccf6e4b26954a70bcb6028fc0f9912c6d2b019f.npz,PBC
8,1.0,0.7375,unlabeled,RN_only,No independent discrete phase label assigned; evaluate named finite-size features,results/stage6_v1/reference_atlas/cache/cf40c9bf72021e60430f4523d6b23573517f6b3f904087ce4292b52a886aaadf.npz,PBC
8,1.0,0.75,unlabeled,RN_only,No independent discrete phase label assigned; evaluate named finite-size features,results/stage6_v1/reference_atlas/cache/4f1e182c0999fbb826fac8a06140f6580ceed4fa76c4fa97b0b100ec4de823ea.npz,PBC
8,1.0,0.8,unlabeled,RN_only,No independent discrete phase label assigned; evaluate named finite-size features,results/stage6_v1/reference_atlas/cache/d3b13df6d89ce59d475aac6075ee6523dacf52de0e4455355fe2214f17f551a0.npz,PBC
8,1.0,0.85,unlabeled,RN_only,No independent discrete phase label assigned; evaluate named finite-size features,results/stage6_v1/reference_atlas/cache/879a4f65a1d8b59226b5e54e09d1edfbddf9d53dddfafa9dcc02f18cf2579ea3.npz,PBC
8,1.0,0.9,unlabeled,RN_only,No independent discrete phase label assigned; evaluate named finite-size features,results/stage6_v1/reference_atlas/cache/a5d1043011be68fce7804a323a3c4ad4388bcf6bca577e846ebf3a4613322732.npz,PBC
8,1.0,0.95,unlabeled,RN_only,No independent discrete phase label assigned; evaluate named finite-size features,results/stage6_v1/reference_atlas/cache/cc220ac239fc1680a3fa3d3ce542241edd0dd7e33e6e498ef7e6ee6051d483c0.npz,PBC
8,1.0,1.0,unlabeled,RN_only,No independent discrete phase label assigned; evaluate named finite-size features,results/stage6_v1/reference_atlas/cache/b88b2f0b4002d4364124f330497adb5259fc4127c76680289762cdba4ef99eaa.npz,PBC
8,1.0,1.05,unlabeled,RN_only,No independent discrete phase label assigned; evaluate named finite-size features,results/stage6_v1/reference_atlas/cache/fab33c2551eb5ffd8ed46a85cd070e928db76ca944eb00dd9da5e0140105980a.npz,PBC
8,1.0,1.1,unlabeled,RN_only,No independent discrete phase label assigned; evaluate named finite-size features,results/stage6_v1/reference_atlas/cache/1a67524ac7b78e839af14a852ef45718c20ec56699888046f05b05b480b47671.npz,PBC
8,1.0,1.15,unlabeled,RN_only,No independent discrete phase label assigned; evaluate named finite-size features,results/stage6_v1/reference_atlas/cache/b590448f695d2f0d7216a6ec9d1881c0d4be2a709f38d47fb216ab996472df4c.npz,PBC
8,1.0,1.2,unlabeled,RN_only,No independent discrete phase label assigned; evaluate named finite-size features,results/stage6_v1/reference_atlas/cache/9e8d65f14e4b96c410063792649222605eacfe15dbe9b23c40850e9797a94c6d.npz,PBC
8,1.0,1.25,unlabeled,RN_only,No independent discrete phase label assigned; evaluate named finite-size features,results/stage6_v1/reference_atlas/cache/c1fc023cf44426f71e49637546f350deb6869bd1134ad95649e3e1d6f1e2bd2f.npz,PBC
8,1.0,1.3,unlabeled,RN_only,No independent discrete phase label assigned; evaluate named finite-size features,results/stage6_v1/reference_atlas/cache/5a046c5283d33231ffef03251275e675f02d83b583aebe5df044e16d96974fb7.npz,PBC
8,1.0,1.35,unlabeled,RN_only,No independent discrete phase label assigned; evaluate named finite-size features,results/stage6_v1/reference_atlas/cache/ae937cc5a0349595cc47124629e99e9a4727cdb2ee6e76d583dd48887ab30e6c.npz,PBC
8,1.0,1.4,unlabeled,RN_only,No independent discrete phase label assigned; evaluate named finite-size features,results/stage6_v1/reference_atlas/cache/875e77aafcd967b69cf9fc0e0591a690d0f9b53338666280ea1cfad8ea9f884e.npz,PBC
8,1.0,1.45,unlabeled,RN_only,No independent discrete phase label assigned; evaluate named finite-size features,results/stage6_v1/reference_atlas/cache/c5966df9d8155420b2d7dec7182af5cf807a27d6f66433bcb6fb3990a2d3210d.npz,PBC
8,1.0,1.5,unlabeled,RN_only,No independent discrete phase label assigned; evaluate named finite-size features,results/stage6_v1/reference_atlas/cache/5a8d0c697696632d0d1816e71e70fdc20d99393a3942d5bf4caed8337408905c.npz,PBC
8,1.0,1.55,unlabeled,RN_only,No independent discrete phase label assigned; evaluate named finite-size features,results/stage6_v1/reference_atlas/cache/44f7ac9fc04e12ba9465a45167f8230c67fc8541190cd3ecd53928921e273e7b.npz,PBC
8,1.0,1.6,paramagnetic-like,R0_extension,"High-field continuation, transverse polarization and absence of strong order; interior only",results/stage6_v1/reference_atlas/cache/da4b7f0b2e20cbe9a178bf4daae2abc252f3aef791dc6bf3ee819a8e7cbaa8f1.npz,PBC
8,1.0,1.65,paramagnetic-like,R0_extension,"High-field continuation, transverse polarization and absence of strong order; interior only",results/stage6_v1/reference_atlas/cache/e4b22ecbcdcc2d09cc24907f5ebb2f4064b3de4156a72f29aa74eee2f0e11622.npz,PBC
8,1.0,1.7,paramagnetic-like,R0_extension,"High-field continuation, transverse polarization and absence of strong order; interior only",results/stage6_v1/reference_atlas/cache/f6665443e5954affce7827dd6caca04a06b3f7242eab79eb9db34f95f9c94380.npz,PBC
8,1.0,1.75,paramagnetic-like,R0_extension,"High-field continuation, transverse polarization and absence of strong order; interior only",results/stage6_v1/reference_atlas/cache/6cd3bf184ec30802f235e15961a0d9856b8593d7568887f7b270b2bf4a138da8.npz,PBC
8,1.0,1.8,paramagnetic-like,R0_extension,"High-field continuation, transverse polarization and absence of strong order; interior only",results/stage6_v1/reference_atlas/cache/c757b4cc3eadd04da1d898d12872a964ddb6d6fa124cc044b44a746e86cae612.npz,PBC
8,1.0,1.85,paramagnetic-like,R0_extension,"High-field continuation, transverse polarization and absence of strong order; interior only",results/stage6_v1/reference_atlas/cache/945f014abba1525c3dd366877bb44cacf6a8152c12acc1860728e56cc36a54d5.npz,PBC
8,1.0,1.9,paramagnetic-like,R0_extension,"High-field continuation, transverse polarization and absence of strong order; interior only",results/stage6_v1/reference_atlas/cache/5d94849484ed14185fdff73d76d3cf686172797433b2102cf5fd123dd3c05016.npz,PBC
8,1.0,1.95,paramagnetic-like,R0_extension,"High-field continuation, transverse polarization and absence of strong order; interior only",results/stage6_v1/reference_atlas/cache/e76769f2e06d44f07318025e0adf6ff2299bf4af36aa223df9dee791ec69021f.npz,PBC
8,1.0,2.0,paramagnetic-like,R0_extension,"High-field continuation, transverse polarization and absence of strong order; interior only",results/stage6_v1/reference_atlas/cache/c4b1ef5b22a335dfa5445433011be7e0d9a01721b00e11cb6cc29faa6164cd8f.npz,PBC
12,0.0,0.05,ferro-like,R0,"Exact Ising ordered side, away from h=1; PBC finite-size observables retained",results/stage6_v1/reference_atlas/cache/6e6fb951c3c35947f9590227f16c5ff30fa1dcaacc11493d73638ff4f6f0e440.npz,PBC
12,0.0,0.15,ferro-like,R0,"Exact Ising ordered side, away from h=1; PBC finite-size observables retained",results/stage6_v1/reference_atlas/cache/aee3e781f211f3eaaf70eb5e0980d38e5c228eda90946364f6ef5372253307e8.npz,PBC
12,0.0,0.25,ferro-like,R0,"Exact Ising ordered side, away from h=1; PBC finite-size observables retained",results/stage6_v1/reference_atlas/cache/117b3a104256513a0fba1d18252ca4a0711af7a7c40fe43527f2b9567d55667c.npz,PBC
12,0.0,0.35,ferro-like,R0,"Exact Ising ordered side, away from h=1; PBC finite-size observables retained",results/stage6_v1/reference_atlas/cache/5c2e10346bd58b487133e471621454b7fcccfcbf98d8bb99d923eb2a9f694c90.npz,PBC
12,0.0,0.45,ferro-like,R0,"Exact Ising ordered side, away from h=1; PBC finite-size observables retained",results/stage6_v1/reference_atlas/cache/eee5bcb7882e82dea962abda1aab393cf79b4415a6773211ff2ebe4fd7edb890.npz,PBC
12,0.0,0.55,ferro-like,R0,"Exact Ising ordered side, away from h=1; PBC finite-size observables retained",results/stage6_v1/reference_atlas/cache/f3ded388efbf9b973f5ff6c2458f301cf0af73f5cb6459b8ca411dd8d39a8523.npz,PBC
12,0.0,0.65,ferro-like,R0,"Exact Ising ordered side, away from h=1; PBC finite-size observables retained",results/stage6_v1/reference_atlas/cache/c853e32ed0036643c788554708d28226f49ba222ad42a870c9a6681d4fde26b2.npz,PBC
12,0.0,0.75,unlabeled,RN_only,No independent discrete phase label assigned; evaluate named finite-size features,results/stage6_v1/reference_atlas/cache/0ab21bd57d9ac7ca46b0a152bba767ba88d7869e4a784d0f82c04f75d11c8427.npz,PBC
12,0.0,0.85,unlabeled,RN_only,No independent discrete phase label assigned; evaluate named finite-size features,results/stage6_v1/reference_atlas/cache/062af8f551a0502ae3491d3cecdd14aba5a495a3a5ddece8fc4d8d0917b3a800.npz,PBC
12,0.0,0.95,unlabeled,RN_only,No independent discrete phase label assigned; evaluate named finite-size features,results/stage6_v1/reference_atlas/cache/55115f616328be504ca2d094391b90cbe69c85d1a8b7318664353a2ff4e2b001.npz,PBC
12,0.0,1.05,unlabeled,RN_only,No independent discrete phase label assigned; evaluate named finite-size features,results/stage6_v1/reference_atlas/cache/d6559ce42bda636f20462969b77947e402f4d3fee401b435dc1d5da9b980ac64.npz,PBC
12,0.0,1.15,unlabeled,RN_only,No independent discrete phase label assigned; evaluate named finite-size features,results/stage6_v1/reference_atlas/cache/195677bcd804f272691742661ad393143840feeff1ccd67441a81ff551eb9b28.npz,PBC
12,0.0,1.25,unlabeled,RN_only,No independent discrete phase label assigned; evaluate named finite-size features,results/stage6_v1/reference_atlas/cache/b5284325eed3c59d212fdffcc11424511807dd36908b4cddd0eca36489022549.npz,PBC
12,0.0,1.35,paramagnetic-like,R0,"Exact Ising disordered side, away from h=1",results/stage6_v1/reference_atlas/cache/5a8ef1fe2eae982edf1e212976fd24c2c6aef72d80df1f57f93d602d549b8aad.npz,PBC
12,0.0,1.45,paramagnetic-like,R0,"Exact Ising disordered side, away from h=1",results/stage6_v1/reference_atlas/cache/d986a2df1bd5f07b0ce76960064b220165cadd4a82ed0472d73dd3feb8330cbe.npz,PBC
12,0.0,1.55,paramagnetic-like,R0,"Exact Ising disordered side, away from h=1",results/stage6_v1/reference_atlas/cache/8b8c3b4d78a771838c7115413dab79eda830bcd471089dc6b84fb40929e72761.npz,PBC
12,0.0,1.65,paramagnetic-like,R0,"Exact Ising disordered side, away from h=1",results/stage6_v1/reference_atlas/cache/a93e114a8fbe3cc5f891bfbc95c7649b1c328beb88e53352c53ace07a4921918.npz,PBC
12,0.0,1.75,paramagnetic-like,R0,"Exact Ising disordered side, away from h=1",results/stage6_v1/reference_atlas/cache/b5b6db58b90da012b958f76a472a7e0b21ac6e95e700a618c3b711c33fb5db7a.npz,PBC
12,0.0,1.85,paramagnetic-like,R0,"Exact Ising disordered side, away from h=1",results/stage6_v1/reference_atlas/cache/98f3961256371d1e66585fcee0b5cbd40c3fe9a6d2e1db1780252d46a795498c.npz,PBC
12,0.0,1.95,paramagnetic-like,R0,"Exact Ising disordered side, away from h=1",results/stage6_v1/reference_atlas/cache/6a7fe1c6f2a4463e2193c924baa1c8a0e0840991c051f55df7da44b2a47eb333.npz,PBC
12,0.3,0.05,ferro-like,R0_extension,Small-field continuation from classical ferro; m0 and fourth moment consistent; not a proved exact region boundary,results/stage6_v1/reference_atlas/cache/3f6de24cbb56297dac371379e7308ea2df11ce1d5eb142dced0a0517f6f4ba63.npz,PBC
12,0.3,0.15,ferro-like,R0_extension,Small-field continuation from classical ferro; m0 and fourth moment consistent; not a proved exact region boundary,results/stage6_v1/reference_atlas/cache/f58e93976514e16d400353c8375927a4e36ded238af91f741c48ce422f272377.npz,PBC
12,0.3,0.25,unlabeled,RN_only,No independent discrete phase label assigned; evaluate named finite-size features,results/stage6_v1/reference_atlas/cache/c15bd8cf3e3c7ebc92fff7e1a29afb25c7fb66c580f6817c1ac5f6de22a8d5ae.npz,PBC
12,0.3,0.35,unlabeled,RN_only,No independent discrete phase label assigned; evaluate named finite-size features,results/stage6_v1/reference_atlas/cache/5001fb250b7165dc328d6cb968094a1709e0504fd79f7c7fa56cb98c1064be55.npz,PBC
12,0.3,0.45,unlabeled,RN_only,No independent discrete phase label assigned; evaluate named finite-size features,results/stage6_v1/reference_atlas/cache/3acb1f86ea7cf58ecb93eb387a19bb41b985ce037d73c7c23e0c19e0ea19be37.npz,PBC
12,0.3,0.55,unlabeled,RN_only,No independent discrete phase label assigned; evaluate named finite-size features,results/stage6_v1/reference_atlas/cache/685981908faad1a8f68c3d773fe764724a6986c509ac97a95ba2e69a3d0c6fd0.npz,PBC
12,0.3,0.65,unlabeled,RN_only,No independent discrete phase label assigned; evaluate named finite-size features,results/stage6_v1/reference_atlas/cache/e64c0675cf95c1eb395394584d72beab5f29007dedc141e1f88e40302e6c22ae.npz,PBC
12,0.3,0.75,unlabeled,RN_only,No independent discrete phase label assigned; evaluate named finite-size features,results/stage6_v1/reference_atlas/cache/03341ff438273991591236be3ac1210de29f11fad9be0ff6bcf42e61cac70204.npz,PBC
12,0.3,0.85,unlabeled,RN_only,No independent discrete phase label assigned; evaluate named finite-size features,results/stage6_v1/reference_atlas/cache/3755aa2230aee136a478a871d2c1fbbe528725179338461a88db41cdfa5805e0.npz,PBC
12,0.3,0.95,unlabeled,RN_only,No independent discrete phase label assigned; evaluate named finite-size features,results/stage6_v1/reference_atlas/cache/aed946d4b2ab225b97589580ad63beba79e499a760a0ec909e788c027cf03d9b.npz,PBC
12,0.3,1.05,unlabeled,RN_only,No independent discrete phase label assigned; evaluate named finite-size features,results/stage6_v1/reference_atlas/cache/c7529bd2a0be82cc288bd50a802c3daaee94cfd2e231315d3c7e0b2c38e98864.npz,PBC
12,0.3,1.15,unlabeled,RN_only,No independent discrete phase label assigned; evaluate named finite-size features,results/stage6_v1/reference_atlas/cache/014bf0635aee07615b1dcb9e9cb121cbf1be8569c05e9bafa576719b0374f8f7.npz,PBC
12,0.3,1.25,unlabeled,RN_only,No independent discrete phase label assigned; evaluate named finite-size features,results/stage6_v1/reference_atlas/cache/229f42e01083bdb9087f02aaab2ce5e9aad9b6e9e5134ee4805ce5f594a75bea.npz,PBC
12,0.3,1.35,unlabeled,RN_only,No independent discrete phase label assigned; evaluate named finite-size features,results/stage6_v1/reference_atlas/cache/4c88c3cd56f45f83bab42220c75863f19340e199986c6a41713656979601536e.npz,PBC
12,0.3,1.45,unlabeled,RN_only,No independent discrete phase label assigned; evaluate named finite-size features,results/stage6_v1/reference_atlas/cache/bdc1b018fce6f14a3e434518fbb7d15121fc506a52560923311534e23d6d0882.npz,PBC
12,0.3,1.55,unlabeled,RN_only,No independent discrete phase label assigned; evaluate named finite-size features,results/stage6_v1/reference_atlas/cache/e1088ed58dbc499c6a2aafa4d935dc6d88b7225b1ef2b2739cd00047d18befc5.npz,PBC
12,0.3,1.65,paramagnetic-like,R0_extension,"High-field continuation, transverse polarization and absence of strong order; interior only",results/stage6_v1/reference_atlas/cache/3ec47d7cbe41f4bc9751ee63835890b6af2de0118cf88d8643c8472cc70dcda0.npz,PBC
12,0.3,1.75,paramagnetic-like,R0_extension,"High-field continuation, transverse polarization and absence of strong order; interior only",results/stage6_v1/reference_atlas/cache/b6019a5448be9dd852ccf97776e05b40725388a47159bb3987b9b65ffa49c59a.npz,PBC
12,0.3,1.85,paramagnetic-like,R0_extension,"High-field continuation, transverse polarization and absence of strong order; interior only",results/stage6_v1/reference_atlas/cache/3b51da199ff0ec71071ce8322808d54a0f20071f021924cddd3769e2d02a0f19.npz,PBC
12,0.3,1.95,paramagnetic-like,R0_extension,"High-field continuation, transverse polarization and absence of strong order; interior only",results/stage6_v1/reference_atlas/cache/5cd90c43d24bfd55613137bf845195a2e3bb745bb38d87f236f7897ef45a80a5.npz,PBC
12,0.45,0.01,unlabeled,RN_only,No independent discrete phase label assigned; evaluate named finite-size features,results/stage6_v1/reference_atlas/cache/94279f0e507d683065e93c35ff548c80b6e2a685a1f978921c479c0328a0c489.npz,PBC
12,0.45,0.02,unlabeled,RN_only,No independent discrete phase label assigned; evaluate named finite-size features,results/stage6_v1/reference_atlas/cache/eec3f4f03d9216ce59906902093767c1b4ce9eec945f79e72e783bcb71925a78.npz,PBC
12,0.45,0.035,unlabeled,RN_only,No independent discrete phase label assigned; evaluate named finite-size features,results/stage6_v1/reference_atlas/cache/9b34c08af7ecaf31330cdacb8b91e698b13a040ed0f6c755e87a16ea990cf597.npz,PBC
12,0.45,0.05,unlabeled,RN_only,No independent discrete phase label assigned; evaluate named finite-size features,results/stage6_v1/reference_atlas/cache/90e3e2b8e2ea86600711870d57f2f2d9fd34271d0dbb02e94899503121b9d13a.npz,PBC
12,0.45,0.075,unlabeled,RN_only,No independent discrete phase label assigned; evaluate named finite-size features,results/stage6_v1/reference_atlas/cache/2221509a5033f06fb49c15276f868f4a9cba47f790ca677ca834b4d974d9ad83.npz,PBC
12,0.45,0.1,unlabeled,RN_only,No independent discrete phase label assigned; evaluate named finite-size features,results/stage6_v1/reference_atlas/cache/362526eedde33e402dbced38f5c5b82167a27dcdaa7ac820ef73f37b8de25bbb.npz,PBC
12,0.45,0.125,unlabeled,RN_only,No independent discrete phase label assigned; evaluate named finite-size features,results/stage6_v1/reference_atlas/cache/f8399eb0f8a77c2ae6d786430944f3a79463bc47e81b20577b9929d79d7cb6e8.npz,PBC
12,0.45,0.15,unlabeled,RN_only,No independent discrete phase label assigned; evaluate named finite-size features,results/stage6_v1/reference_atlas/cache/031b03cb9d55908402461332f9425de2712d009bf2b997fa3e6cd62489e6e204.npz,PBC
12,0.45,0.2,unlabeled,RN_only,No independent discrete phase label assigned; evaluate named finite-size features,results/stage6_v1/reference_atlas/cache/32a0e1f99f319faddd34c7e1419cac1a68d4b7f7053f72d4a0761c059138d1e5.npz,PBC
12,0.45,0.25,unlabeled,RN_only,No independent discrete phase label assigned; evaluate named finite-size features,results/stage6_v1/reference_atlas/cache/4c77cf7f09eb3e0b9dd4627fbb65f2a5d199c947660852e08c073eb67b44d5f8.npz,PBC
12,0.45,0.3,unlabeled,RN_only,No independent discrete phase label assigned; evaluate named finite-size features,results/stage6_v1/reference_atlas/cache/310927160874950ef5953411dfddfd342aaeeaa7c412ee33deed454c7cb6c728.npz,PBC
12,0.45,0.35,unlabeled,RN_only,No independent discrete phase label assigned; evaluate named finite-size features,results/stage6_v1/reference_atlas/cache/a59a9a41f62063b6dbcdd5a6c794a9df7169b270ed43e031ca665ce00e69fcc5.npz,PBC
12,0.45,0.45,unlabeled,RN_only,No independent discrete phase label assigned; evaluate named finite-size features,results/stage6_v1/reference_atlas/cache/4d755adb9ac8acf07dc1638cd0efed2e48e908aed5e6fdadae012d8a653bfcbb.npz,PBC
12,0.45,0.55,unlabeled,RN_only,No independent discrete phase label assigned; evaluate named finite-size features,results/stage6_v1/reference_atlas/cache/3b9af84443b3598f61660c3b80a91564154c0b7683708a4a280942380d11584c.npz,PBC
12,0.45,0.65,unlabeled,RN_only,No independent discrete phase label assigned; evaluate named finite-size features,results/stage6_v1/reference_atlas/cache/7ea7d7e2a10fb52ae53ec4028b8504526c1c50f7b0517c6174624f9e0a19294b.npz,PBC
12,0.45,0.75,unlabeled,RN_only,No independent discrete phase label assigned; evaluate named finite-size features,results/stage6_v1/reference_atlas/cache/5ebd684c6df26c544e02e0f351d7995b5235bab5540536a1ea49bfaf1cb78721.npz,PBC
12,0.45,0.85,unlabeled,RN_only,No independent discrete phase label assigned; evaluate named finite-size features,results/stage6_v1/reference_atlas/cache/592ef92662da5539395e213197b8cbdd8c8379b7a235b70f8adeaeed05c51014.npz,PBC
12,0.45,0.95,unlabeled,RN_only,No independent discrete phase label assigned; evaluate named finite-size features,results/stage6_v1/reference_atlas/cache/8d24d08eb459beec874e2e1ef7032a415824881c82bbf940ca7eb65f426a52d0.npz,PBC
12,0.45,1.05,unlabeled,RN_only,No independent discrete phase label assigned; evaluate named finite-size features,results/stage6_v1/reference_atlas/cache/4efccecb26eebef9016357e1c5b69f5a9b44b786007f300127ee4498e2c4cd61.npz,PBC
12,0.45,1.15,unlabeled,RN_only,No independent discrete phase label assigned; evaluate named finite-size features,results/stage6_v1/reference_atlas/cache/6ed1e9d26d04ffe888202882ef570c78a868febfacfabe85540204ff3a227bc6.npz,PBC
12,0.45,1.25,unlabeled,RN_only,No independent discrete phase label assigned; evaluate named finite-size features,results/stage6_v1/reference_atlas/cache/7527af51fd07401475c39651f6311eb869119ac0a6356f5c85cf009f30f73692.npz,PBC
12,0.45,1.35,unlabeled,RN_only,No independent discrete phase label assigned; evaluate named finite-size features,results/stage6_v1/reference_atlas/cache/567e138c82927c9f1dd0f1271e1b469f89ae480bad99994bf96c4249a062ce7f.npz,PBC
12,0.45,1.45,unlabeled,RN_only,No independent discrete phase label assigned; evaluate named finite-size features,results/stage6_v1/reference_atlas/cache/ce67c7f3363509584c2137cb21ea23adef08d2086c734ef6df433b3fc4a5b26a.npz,PBC
12,0.45,1.55,unlabeled,RN_only,No independent discrete phase label assigned; evaluate named finite-size features,results/stage6_v1/reference_atlas/cache/f3f8b597f9e0cd23d12f5744b74259daedc208afabd27912a03244510e8b1c49.npz,PBC
12,0.45,1.65,paramagnetic-like,R0_extension,"High-field continuation, transverse polarization and absence of strong order; interior only",results/stage6_v1/reference_atlas/cache/0e8c4ad66fed674d70d416e3ed999f7a3da0b726844e1dd4fca0659d99fbe431.npz,PBC
12,0.45,1.75,paramagnetic-like,R0_extension,"High-field continuation, transverse polarization and absence of strong order; interior only",results/stage6_v1/reference_atlas/cache/3bf058a822bc734efcccdbb0084b945b95f684b90188e22a7a3025dc7e48263b.npz,PBC
12,0.45,1.85,paramagnetic-like,R0_extension,"High-field continuation, transverse polarization and absence of strong order; interior only",results/stage6_v1/reference_atlas/cache/47055112fe98251005f69701283267a5ac06d067fe00763f44c096a96583378c.npz,PBC
12,0.45,1.95,paramagnetic-like,R0_extension,"High-field continuation, transverse polarization and absence of strong order; interior only",results/stage6_v1/reference_atlas/cache/b49ff19c043d57876f98865c44bd139a965e81aa5ea03a22cb2167369a2c9edf.npz,PBC
12,0.5,0.01,unlabeled,RN_only,No independent discrete phase label assigned; evaluate named finite-size features,results/stage6_v1/reference_atlas/cache/435440b7ef29dbab0215080520c6e4dde307e30ff1d83b5635c2d587461b7093.npz,PBC
12,0.5,0.02,unlabeled,RN_only,No independent discrete phase label assigned; evaluate named finite-size features,results/stage6_v1/reference_atlas/cache/96cc21b251c91b6c8434249dae7c272e6ac7f8385c81f873ff34fe0f1584eb1f.npz,PBC
12,0.5,0.035,unlabeled,RN_only,No independent discrete phase label assigned; evaluate named finite-size features,results/stage6_v1/reference_atlas/cache/97cb6b43cc678940b47e5fa0def0faf693b316999c831774f0b9b44b5a513fec.npz,PBC
12,0.5,0.05,unlabeled,RN_only,No independent discrete phase label assigned; evaluate named finite-size features,results/stage6_v1/reference_atlas/cache/e7df12cda410207af25a4df8e0d0a14aa0583563086c34e1abb4c74df085a722.npz,PBC
12,0.5,0.075,unlabeled,RN_only,No independent discrete phase label assigned; evaluate named finite-size features,results/stage6_v1/reference_atlas/cache/77f08a3dbebae31a4dd0467c688fe251355ee05679540d89b72b948b3ce2432d.npz,PBC
12,0.5,0.1,unlabeled,RN_only,No independent discrete phase label assigned; evaluate named finite-size features,results/stage6_v1/reference_atlas/cache/338ce3f69b10a9dd72909daf2466dbf0bc71fed5f4800355955590bcb6b50e5f.npz,PBC
12,0.5,0.125,unlabeled,RN_only,No independent discrete phase label assigned; evaluate named finite-size features,results/stage6_v1/reference_atlas/cache/33f6a0c3d51bb5d3f8fa8f124360908f759dab7df472a3db320f38465ce3c2b1.npz,PBC
12,0.5,0.15,unlabeled,RN_only,No independent discrete phase label assigned; evaluate named finite-size features,results/stage6_v1/reference_atlas/cache/e65bfe15cbd85e4cb78277d5ad67ad9c14f18d037ef3494c6db86c3bd58c9e31.npz,PBC
12,0.5,0.2,unlabeled,RN_only,No independent discrete phase label assigned; evaluate named finite-size features,results/stage6_v1/reference_atlas/cache/329e3fbdd965501f934e1c7bb7fc6ed6efd9c189274c6228e7db1ca1dca8ef0f.npz,PBC
12,0.5,0.25,unlabeled,RN_only,No independent discrete phase label assigned; evaluate named finite-size features,results/stage6_v1/reference_atlas/cache/84010340e8029c9b8033198213647f37fa663101f47618164a0fd6850fb49d13.npz,PBC
12,0.5,0.3,unlabeled,RN_only,No independent discrete phase label assigned; evaluate named finite-size features,results/stage6_v1/reference_atlas/cache/641516b7e28c12175fbbee24b217fe07be3d518d9daef7dd8ec17d15e8c9c521.npz,PBC
12,0.5,0.35,unlabeled,RN_only,No independent discrete phase label assigned; evaluate named finite-size features,results/stage6_v1/reference_atlas/cache/6f3790deb10baff7993d40cd99688d8a6a6db421b1511b82e607a0d64b164ef1.npz,PBC
12,0.5,0.45,unlabeled,RN_only,No independent discrete phase label assigned; evaluate named finite-size features,results/stage6_v1/reference_atlas/cache/16045fc23b16e153b4432af1bac8aa8df390e9f33e545aac5d5d7766cac763eb.npz,PBC
12,0.5,0.55,unlabeled,RN_only,No independent discrete phase label assigned; evaluate named finite-size features,results/stage6_v1/reference_atlas/cache/40d5c00ef7b27bbf83fa8dc5f383ffb8f56bc2ff5978067f99b7a17ffa02e97e.npz,PBC
12,0.5,0.65,unlabeled,RN_only,No independent discrete phase label assigned; evaluate named finite-size features,results/stage6_v1/reference_atlas/cache/c2d957de61a9a85688423d0bf7b7d2bde6b4cb1dad44d62e9d493ebc4e4af6fc.npz,PBC
12,0.5,0.75,unlabeled,RN_only,No independent discrete phase label assigned; evaluate named finite-size features,results/stage6_v1/reference_atlas/cache/b7016ee7cb44ef47e3c059a4b14e48c49dc0a68d3219d4df7db521c8de71f3a5.npz,PBC
12,0.5,0.85,unlabeled,RN_only,No independent discrete phase label assigned; evaluate named finite-size features,results/stage6_v1/reference_atlas/cache/926555369786e200e9e9fa129831bab22a94ea9437bb0b53d83073d88f8f1114.npz,PBC
12,0.5,0.95,unlabeled,RN_only,No independent discrete phase label assigned; evaluate named finite-size features,results/stage6_v1/reference_atlas/cache/d70d498ebb8102b10db8d6ab647f2427f1f2e54091a3afd17b6bb9c80ee4078f.npz,PBC
12,0.5,1.05,unlabeled,RN_only,No independent discrete phase label assigned; evaluate named finite-size features,results/stage6_v1/reference_atlas/cache/e153351a2bfeb1c07764032fe6eb16cba6b8ac64f6cebb6a2bfb0610259bc6cd.npz,PBC
12,0.5,1.15,unlabeled,RN_only,No independent discrete phase label assigned; evaluate named finite-size features,results/stage6_v1/reference_atlas/cache/33d184b5d34058fa03554f156a3aab373d12de6cdab3d37c916fc32a9da0f997.npz,PBC
12,0.5,1.25,unlabeled,RN_only,No independent discrete phase label assigned; evaluate named finite-size features,results/stage6_v1/reference_atlas/cache/a40b68cd79ebf71a350afdff69e6c6a66be900417922e7814b96e2edf40d87d3.npz,PBC
12,0.5,1.35,unlabeled,RN_only,No independent discrete phase label assigned; evaluate named finite-size features,results/stage6_v1/reference_atlas/cache/28503f389bbf1ecb4c20df894b2e7e0a908d8e7a854f2a246cf1ebd54021bda7.npz,PBC
12,0.5,1.45,unlabeled,RN_only,No independent discrete phase label assigned; evaluate named finite-size features,results/stage6_v1/reference_atlas/cache/5579fde5b6c08e929702702407f213aae984db61022f80107f7f2e8f3a73b217.npz,PBC
12,0.5,1.55,unlabeled,RN_only,No independent discrete phase label assigned; evaluate named finite-size features,results/stage6_v1/reference_atlas/cache/7cebd6bf37db93479030a2df51c880cbea5d6e426eef64f7cc96ca20250c89db.npz,PBC
12,0.5,1.65,paramagnetic-like,R0_extension,"High-field continuation, transverse polarization and absence of strong order; interior only",results/stage6_v1/reference_atlas/cache/8d3e7efc2316fd7a74134c2a52c55403c933c24dad368d78e5cd4ab36fb5fb71.npz,PBC
12,0.5,1.75,paramagnetic-like,R0_extension,"High-field continuation, transverse polarization and absence of strong order; interior only",results/stage6_v1/reference_atlas/cache/4bd82d704ed47bef7e8603b59a73740947bcfa8c48f762ae7303c7980f3535b4.npz,PBC
12,0.5,1.85,paramagnetic-like,R0_extension,"High-field continuation, transverse polarization and absence of strong order; interior only",results/stage6_v1/reference_atlas/cache/de8d9ba09a7e49049aa54cb81b1c1ebcf11a103d08d7dd30f51ce627babf1736.npz,PBC
12,0.5,1.95,paramagnetic-like,R0_extension,"High-field continuation, transverse polarization and absence of strong order; interior only",results/stage6_v1/reference_atlas/cache/5c7924939d3a1895fa4ca928ebcbf0fdd46d00a6f5db02ae23159f23e09eeacb.npz,PBC
12,0.55,0.01,unlabeled,RN_only,No independent discrete phase label assigned; evaluate named finite-size features,results/stage6_v1/reference_atlas/cache/f2e4d6819eba2c1697f5dc0085f1b2b0dcabe794cb2dbb9b529fd272aff5a326.npz,PBC
12,0.55,0.02,unlabeled,RN_only,No independent discrete phase label assigned; evaluate named finite-size features,results/stage6_v1/reference_atlas/cache/73304072c01bfca10fbed7e80c8b5b61eb4bbed7f345ad88f0fea05f3ece64ad.npz,PBC
12,0.55,0.035,unlabeled,RN_only,No independent discrete phase label assigned; evaluate named finite-size features,results/stage6_v1/reference_atlas/cache/2fcdf8b503ce04c0c430bcb82abe12243ba6dd2a0053ba8a0e86547ad40dc747.npz,PBC
12,0.55,0.05,unlabeled,RN_only,No independent discrete phase label assigned; evaluate named finite-size features,results/stage6_v1/reference_atlas/cache/a37d5af1316cc2dfb8b8fd6479eaeab5fa0cc2d6a577fd700a0b80984ad8a921.npz,PBC
12,0.55,0.075,unlabeled,RN_only,No independent discrete phase label assigned; evaluate named finite-size features,results/stage6_v1/reference_atlas/cache/26132f91699f0d44535f442955e8ba6f9fc89756d8101dca449e39d0856258ce.npz,PBC
12,0.55,0.1,unlabeled,RN_only,No independent discrete phase label assigned; evaluate named finite-size features,results/stage6_v1/reference_atlas/cache/e157d2e6d72e1db3d4268948aaa2d8ef862e45ab2215f3aebe452c630879efb3.npz,PBC
12,0.55,0.125,unlabeled,RN_only,No independent discrete phase label assigned; evaluate named finite-size features,results/stage6_v1/reference_atlas/cache/d8779ed052755875533f537e958dd2a130afb01060b0961865b940272f4b838b.npz,PBC
12,0.55,0.15,unlabeled,RN_only,No independent discrete phase label assigned; evaluate named finite-size features,results/stage6_v1/reference_atlas/cache/62711ca4bd5e45d0212b84ded989f57509fa1a2c1528f8d1b1a7317453a8e5dc.npz,PBC
12,0.55,0.2,unlabeled,RN_only,No independent discrete phase label assigned; evaluate named finite-size features,results/stage6_v1/reference_atlas/cache/fcc09d02cecb99e032150533920ce67dcd5024b1a4e15702a3c0aca5ec65a089.npz,PBC
12,0.55,0.25,unlabeled,RN_only,No independent discrete phase label assigned; evaluate named finite-size features,results/stage6_v1/reference_atlas/cache/c33dfc66c21ef0202b73d9c04c8722bdf5b12de658920d6f0d955b59a7fead3a.npz,PBC
12,0.55,0.3,unlabeled,RN_only,No independent discrete phase label assigned; evaluate named finite-size features,results/stage6_v1/reference_atlas/cache/d45dde222a9d4d18d7ef40c5e8f7fff5c751d075971951115d5ac4ec269a9028.npz,PBC
12,0.55,0.35,unlabeled,RN_only,No independent discrete phase label assigned; evaluate named finite-size features,results/stage6_v1/reference_atlas/cache/8e25b677831bd715950ce4c8323d7098f198f7fcdaaff7749e8168420e2531c3.npz,PBC
12,0.55,0.45,unlabeled,RN_only,No independent discrete phase label assigned; evaluate named finite-size features,results/stage6_v1/reference_atlas/cache/f562db15827b5a8b1acf0a61b5b17142e5992853d6224b8b1fffc02f81829a41.npz,PBC
12,0.55,0.55,unlabeled,RN_only,No independent discrete phase label assigned; evaluate named finite-size features,results/stage6_v1/reference_atlas/cache/08b1676aadb6e2134c1984acfec483a86d9b473797c0a162c769cfe3e9bcf634.npz,PBC
12,0.55,0.65,unlabeled,RN_only,No independent discrete phase label assigned; evaluate named finite-size features,results/stage6_v1/reference_atlas/cache/c03cc348982317b9fd7fc3adbdc1d1a80d2d36dbb5169d5ce97a6131df6fa2a2.npz,PBC
12,0.55,0.75,unlabeled,RN_only,No independent discrete phase label assigned; evaluate named finite-size features,results/stage6_v1/reference_atlas/cache/f6107dc9da37ec35329496a9f2c4eeeb8c7d61944470b9ff352f34517d44f86f.npz,PBC
12,0.55,0.85,unlabeled,RN_only,No independent discrete phase label assigned; evaluate named finite-size features,results/stage6_v1/reference_atlas/cache/3dace92dc7f786af99a3cc167b93af7a73416da3e863221c9c4a3067befce9a1.npz,PBC
12,0.55,0.95,unlabeled,RN_only,No independent discrete phase label assigned; evaluate named finite-size features,results/stage6_v1/reference_atlas/cache/6b0fd8417a97c3b4666a4014a2569b3a97dd1dd95a9811ab61cfb7375c906f62.npz,PBC
12,0.55,1.05,unlabeled,RN_only,No independent discrete phase label assigned; evaluate named finite-size features,results/stage6_v1/reference_atlas/cache/0a235be4bff5837edcf321ef2743ebd3ec0458696a2e5423e88fa814444ac8ce.npz,PBC
12,0.55,1.15,unlabeled,RN_only,No independent discrete phase label assigned; evaluate named finite-size features,results/stage6_v1/reference_atlas/cache/32f296d353c9174b09835e53cecb8f65d605ef9669e963f9bcb3375c5126be7f.npz,PBC
12,0.55,1.25,unlabeled,RN_only,No independent discrete phase label assigned; evaluate named finite-size features,results/stage6_v1/reference_atlas/cache/5ed384ab9368d46f08461b8f85a85a38a1ea93fbd25f2eee3d15f955fcc9786d.npz,PBC
12,0.55,1.35,unlabeled,RN_only,No independent discrete phase label assigned; evaluate named finite-size features,results/stage6_v1/reference_atlas/cache/7619d7e758163e69a641b4231deb0d13e94e0a74b7735d5edb31455c2b456a15.npz,PBC
12,0.55,1.45,unlabeled,RN_only,No independent discrete phase label assigned; evaluate named finite-size features,results/stage6_v1/reference_atlas/cache/016d05a60e90aba3a8c0591f18f4daf305480d8348a1c39071d9668abcc984b6.npz,PBC
12,0.55,1.55,unlabeled,RN_only,No independent discrete phase label assigned; evaluate named finite-size features,results/stage6_v1/reference_atlas/cache/8ec76a8ceedb59325263d10aebc4182f1f57f11e4bd25deb4f6f78fc24e80ce2.npz,PBC
12,0.55,1.65,paramagnetic-like,R0_extension,"High-field continuation, transverse polarization and absence of strong order; interior only",results/stage6_v1/reference_atlas/cache/a40bbf2a23478688322ba5c0c818ead996860bcf26deb69e75739788f7bf31da.npz,PBC
12,0.55,1.75,paramagnetic-like,R0_extension,"High-field continuation, transverse polarization and absence of strong order; interior only",results/stage6_v1/reference_atlas/cache/2ebde165aa24ab3fdaef6e13ac3a9034bed0034f5358ca8f5438456f463c2a95.npz,PBC
12,0.55,1.85,paramagnetic-like,R0_extension,"High-field continuation, transverse polarization and absence of strong order; interior only",results/stage6_v1/reference_atlas/cache/58cf77ee7f17ae4f7ad2e6c57ac5a849ac168032cc8361f57aab80d0ec30aa5c.npz,PBC
12,0.55,1.95,paramagnetic-like,R0_extension,"High-field continuation, transverse polarization and absence of strong order; interior only",results/stage6_v1/reference_atlas/cache/895d2245e604d1f43d3baea21f4850513623639770c948b8df526b739a8c784d.npz,PBC
12,0.8,0.05,antiphase-like,R0_extension,Small-field continuation from classical period4; full SF peak and amplitude; requires separate finite-size trend for Rlarge,results/stage6_v1/reference_atlas/cache/9b7a7fb6efd0f6eb7db08fbcc1b4f851b47b6d22cb92a70ff6fc59cefd1949a9.npz,PBC
12,0.8,0.15,unlabeled,RN_only,No independent discrete phase label assigned; evaluate named finite-size features,results/stage6_v1/reference_atlas/cache/1f70e6cbd389942c7dfdb1ce027132a0f0f93ea7818db804d345dc6a058ff194.npz,PBC
12,0.8,0.25,unlabeled,RN_only,No independent discrete phase label assigned; evaluate named finite-size features,results/stage6_v1/reference_atlas/cache/8e8142c8a61b52a9dd24c26258e7c8afd6a3dd1765f8640fd682c43655dd0d09.npz,PBC
12,0.8,0.35,unlabeled,RN_only,No independent discrete phase label assigned; evaluate named finite-size features,results/stage6_v1/reference_atlas/cache/25e3408f7b55d8c3ef4af43f44169356faf323d4987af87551c0942ce9ff7cc6.npz,PBC
12,0.8,0.45,unlabeled,RN_only,No independent discrete phase label assigned; evaluate named finite-size features,results/stage6_v1/reference_atlas/cache/a1e1efcfce692038da0c8cd9ac301461683346080308f3f508ab823e16289fec.npz,PBC
12,0.8,0.55,unlabeled,RN_only,No independent discrete phase label assigned; evaluate named finite-size features,results/stage6_v1/reference_atlas/cache/1b929585f58ad89888ac375301b625d97faeea2b645bd9cb9fb363e2162262b6.npz,PBC
12,0.8,0.65,unlabeled,RN_only,No independent discrete phase label assigned; evaluate named finite-size features,results/stage6_v1/reference_atlas/cache/2e633ca8a2830052fa957ed8c29e677f3a833a152b20770fb0a6145e7244c076.npz,PBC
12,0.8,0.75,unlabeled,RN_only,No independent discrete phase label assigned; evaluate named finite-size features,results/stage6_v1/reference_atlas/cache/a67bf6328b97e1257bd898ce717826f42d6ef17365647fcb747ab3d948803aed.npz,PBC
12,0.8,0.85,unlabeled,RN_only,No independent discrete phase label assigned; evaluate named finite-size features,results/stage6_v1/reference_atlas/cache/78ac1afef9af6c1db86b5127cde0b170aff3eb598d1c845fc3b692d6bba3d888.npz,PBC
12,0.8,0.95,unlabeled,RN_only,No independent discrete phase label assigned; evaluate named finite-size features,results/stage6_v1/reference_atlas/cache/01f99521f4bfaed39710fe6b917c76bb151de1a8fe89c6e97baa6ec609ab16e4.npz,PBC
12,0.8,1.05,unlabeled,RN_only,No independent discrete phase label assigned; evaluate named finite-size features,results/stage6_v1/reference_atlas/cache/bd1a7df7098925ba8612f22e9c5bf1d2339f26cb0bff12acf7d3a0ee62fe6d53.npz,PBC
12,0.8,1.15,unlabeled,RN_only,No independent discrete phase label assigned; evaluate named finite-size features,results/stage6_v1/reference_atlas/cache/be893b9f24ef55354a37b30d77b34215824f32c4e7830b7ba339181f3d5deb5b.npz,PBC
12,0.8,1.25,unlabeled,RN_only,No independent discrete phase label assigned; evaluate named finite-size features,results/stage6_v1/reference_atlas/cache/1a7fdecad822c9603cc81fe9e8a82d0ad9e81d38a153e04ba1112686b176e66a.npz,PBC
12,0.8,1.35,unlabeled,RN_only,No independent discrete phase label assigned; evaluate named finite-size features,results/stage6_v1/reference_atlas/cache/de3dddee9f4516f6969d356ec8f15fe1de6b042ed0dd1e7253ece86be8d5228d.npz,PBC
12,0.8,1.45,unlabeled,RN_only,No independent discrete phase label assigned; evaluate named finite-size features,results/stage6_v1/reference_atlas/cache/0f0cc39781437795efcba268c9c10534cc1467084873521a6af02fb9ea2099aa.npz,PBC
12,0.8,1.55,unlabeled,RN_only,No independent discrete phase label assigned; evaluate named finite-size features,results/stage6_v1/reference_atlas/cache/6e503e1fc7e9c2e8f506a9b9bb7ca934f970dcabdeeac573ffda035daf427297.npz,PBC
12,0.8,1.65,paramagnetic-like,R0_extension,"High-field continuation, transverse polarization and absence of strong order; interior only",results/stage6_v1/reference_atlas/cache/190d638102014ca6d2c147ae56dff8c95f29850957d5987d4e7a62072209a292.npz,PBC
12,0.8,1.75,paramagnetic-like,R0_extension,"High-field continuation, transverse polarization and absence of strong order; interior only",results/stage6_v1/reference_atlas/cache/aa0d4acf39a87ce203c3150be5d8b48d1f786a41fd67500d332ecdde63214bb1.npz,PBC
12,0.8,1.85,paramagnetic-like,R0_extension,"High-field continuation, transverse polarization and absence of strong order; interior only",results/stage6_v1/reference_atlas/cache/7560d592343ccc6f274e93b598c1de0fdabc2282f52eb86dd3406b649e8ff50e.npz,PBC
12,0.8,1.95,paramagnetic-like,R0_extension,"High-field continuation, transverse polarization and absence of strong order; interior only",results/stage6_v1/reference_atlas/cache/eb424a19a9f701d433b7332666efff636a035c8791d1b7d87b6876a301c37f86.npz,PBC
16,0.0,0.05,ferro-like,R0,"Exact Ising ordered side, away from h=1; PBC finite-size observables retained",results/stage6_v1/reference_atlas/cache/c71ce59e13c9d6564c58e53a689b89ee52bbbe4be0fccef0f4acfad528f2a8c5.npz,PBC
16,0.0,0.15,ferro-like,R0,"Exact Ising ordered side, away from h=1; PBC finite-size observables retained",results/stage6_v1/reference_atlas/cache/d856b2888765973bde12f0c5d4edb2d2fee745bcd2221ef669e2ba7a7b25fac0.npz,PBC
16,0.0,0.25,ferro-like,R0,"Exact Ising ordered side, away from h=1; PBC finite-size observables retained",results/stage6_v1/reference_atlas/cache/e98a5763ba3f9213848b90bd77aefc986f45c75984b4817e417a035d7d10ee35.npz,PBC
16,0.0,0.35,ferro-like,R0,"Exact Ising ordered side, away from h=1; PBC finite-size observables retained",results/stage6_v1/reference_atlas/cache/24e573a7d8cd7cbca14f26f2996e7f2545102bd346f834732edadb1f49de13a3.npz,PBC
16,0.0,0.45,ferro-like,R0,"Exact Ising ordered side, away from h=1; PBC finite-size observables retained",results/stage6_v1/reference_atlas/cache/a78786ebcbcf9e2d67e68c27de4e95415623eb6942966c42f42c7a56aee8204c.npz,PBC
16,0.0,0.55,ferro-like,R0,"Exact Ising ordered side, away from h=1; PBC finite-size observables retained",results/stage6_v1/reference_atlas/cache/efeed02e291577a1b112a0d9456d98b8cfe444a77c8867ca9578a82bdae1b4ef.npz,PBC
16,0.0,0.65,ferro-like,R0,"Exact Ising ordered side, away from h=1; PBC finite-size observables retained",results/stage6_v1/reference_atlas/cache/cb1c8db699929eca6fd062d929f06e483af940cc1c99a12ff0a6490f18e0a515.npz,PBC
16,0.0,0.75,unlabeled,RN_only,No independent discrete phase label assigned; evaluate named finite-size features,results/stage6_v1/reference_atlas/cache/b4093035537d80dde3a9eff5c074d599c7e03895f91114a5902cdcb3bf96a676.npz,PBC
16,0.0,0.85,unlabeled,RN_only,No independent discrete phase label assigned; evaluate named finite-size features,results/stage6_v1/reference_atlas/cache/17762a9d3146e8ce034c9f1999da490bdf43ecd6e7a1ac418e5e2be95285dd39.npz,PBC
16,0.0,0.95,unlabeled,RN_only,No independent discrete phase label assigned; evaluate named finite-size features,results/stage6_v1/reference_atlas/cache/936b331249664af032698028161ba6f9441ea9f31212470321368a5c3da62b1e.npz,PBC
16,0.0,1.05,unlabeled,RN_only,No independent discrete phase label assigned; evaluate named finite-size features,results/stage6_v1/reference_atlas/cache/39379e17b505a75d9ec51604dfb4df7bbeb719a66ac356aac21022619c9e3587.npz,PBC
16,0.0,1.15,unlabeled,RN_only,No independent discrete phase label assigned; evaluate named finite-size features,results/stage6_v1/reference_atlas/cache/bde33be13782c461bd3613adec10d2418b84de1c9644be1b313ad93855b6cd0e.npz,PBC
16,0.0,1.25,unlabeled,RN_only,No independent discrete phase label assigned; evaluate named finite-size features,results/stage6_v1/reference_atlas/cache/b730d0d8cc9e3a574690747d85e227190a2a45a5f89210915e66fc9db13931e4.npz,PBC
16,0.0,1.35,paramagnetic-like,R0,"Exact Ising disordered side, away from h=1",results/stage6_v1/reference_atlas/cache/9f8af7ec27baf36fccca4b863bbab95a2e82d1043f30765781944bf781be4137.npz,PBC
16,0.0,1.45,paramagnetic-like,R0,"Exact Ising disordered side, away from h=1",results/stage6_v1/reference_atlas/cache/c217fa83eb9bfc3137d4d565743cc5fc6fb4116c5c4ce0c778b71842313c6ee1.npz,PBC
16,0.0,1.55,paramagnetic-like,R0,"Exact Ising disordered side, away from h=1",results/stage6_v1/reference_atlas/cache/c4ff44075be65be91d38e24b75f84bfcd24dca3fb056eb9ca94b66aa35fdfb3b.npz,PBC
16,0.0,1.65,paramagnetic-like,R0,"Exact Ising disordered side, away from h=1",results/stage6_v1/reference_atlas/cache/efcafc46d518a684bb862a67f09ae3d9e84606bf880eade0a987b63d3f3873fe.npz,PBC
16,0.0,1.75,paramagnetic-like,R0,"Exact Ising disordered side, away from h=1",results/stage6_v1/reference_atlas/cache/9d33ea0714260ff8996ea1c1af9ab87c52a60d1ee7dda5c6da90e8ddfd912a55.npz,PBC
16,0.0,1.85,paramagnetic-like,R0,"Exact Ising disordered side, away from h=1",results/stage6_v1/reference_atlas/cache/516743d80c72b40a567fe138b67dd7a6a2956d75a6449cf919a6bdc386075ca8.npz,PBC
16,0.0,1.95,paramagnetic-like,R0,"Exact Ising disordered side, away from h=1",results/stage6_v1/reference_atlas/cache/33d33638f5e01a02936c057f949ae25cd102b59e1f33322d7fba515812dc0f10.npz,PBC
16,0.3,0.05,ferro-like,R0_extension,Small-field continuation from classical ferro; m0 and fourth moment consistent; not a proved exact region boundary,results/stage6_v1/reference_atlas/cache/098bfeccd674d95745c7191d698310e6ef193a6084fb67b7f5cf9c3a81ac1357.npz,PBC
16,0.3,0.15,ferro-like,R0_extension,Small-field continuation from classical ferro; m0 and fourth moment consistent; not a proved exact region boundary,results/stage6_v1/reference_atlas/cache/5b99e0c6f7a2cd2e01dfa616550af9d532d714ec901d9c379d9c9a55ac7389d9.npz,PBC
16,0.3,0.25,unlabeled,RN_only,No independent discrete phase label assigned; evaluate named finite-size features,results/stage6_v1/reference_atlas/cache/94b0655e842e8137762a3b275c2d882efc4d255560484831421f1b0e76985ba5.npz,PBC
16,0.3,0.35,unlabeled,RN_only,No independent discrete phase label assigned; evaluate named finite-size features,results/stage6_v1/reference_atlas/cache/4d72476fd1e3de077c166a8b1fcf09a47e9fc1a5d08a450dda622466a36ee873.npz,PBC
16,0.3,0.45,unlabeled,RN_only,No independent discrete phase label assigned; evaluate named finite-size features,results/stage6_v1/reference_atlas/cache/669cffff22793dfc9d0f94452c1426c8b2f97f597031430b209c8d36a85d2c32.npz,PBC
16,0.3,0.55,unlabeled,RN_only,No independent discrete phase label assigned; evaluate named finite-size features,results/stage6_v1/reference_atlas/cache/af465ab19465ee915c851f07eb437bc1842a5a4a0fe99df8da1a74a3396c38b0.npz,PBC
16,0.3,0.65,unlabeled,RN_only,No independent discrete phase label assigned; evaluate named finite-size features,results/stage6_v1/reference_atlas/cache/a2c0d23cc1105c71bb6c8034c1e21ee0f30cd3d257973b481ed2b8ecd88087d5.npz,PBC
16,0.3,0.75,unlabeled,RN_only,No independent discrete phase label assigned; evaluate named finite-size features,results/stage6_v1/reference_atlas/cache/8c85d2e268e5bd7bc80a50f7689fb911ad19e07bfd909860c03b8542b682d84b.npz,PBC
16,0.3,0.85,unlabeled,RN_only,No independent discrete phase label assigned; evaluate named finite-size features,results/stage6_v1/reference_atlas/cache/d98b563574425fcd9271cd05d16a5e252f2439ac2808375c360be3531651902a.npz,PBC
16,0.3,0.95,unlabeled,RN_only,No independent discrete phase label assigned; evaluate named finite-size features,results/stage6_v1/reference_atlas/cache/6e50dd3e9dccffc4c78e9a80e331651f64bf9104b7732dc50e95a5401234a80f.npz,PBC
16,0.3,1.05,unlabeled,RN_only,No independent discrete phase label assigned; evaluate named finite-size features,results/stage6_v1/reference_atlas/cache/f3b605fbad5639b33ece72b9580c1e9e292bf1fd0580dde361588e1b322e09c8.npz,PBC
16,0.3,1.15,unlabeled,RN_only,No independent discrete phase label assigned; evaluate named finite-size features,results/stage6_v1/reference_atlas/cache/23c1bdfc8e0a827c4516f27555a73e2459460d7693c7f98ecefff599f566569c.npz,PBC
16,0.3,1.25,unlabeled,RN_only,No independent discrete phase label assigned; evaluate named finite-size features,results/stage6_v1/reference_atlas/cache/cdfe9db8c009cb5d3aae1e731787b686782b692a2a91b4b36e8de4586031f908.npz,PBC
16,0.3,1.35,unlabeled,RN_only,No independent discrete phase label assigned; evaluate named finite-size features,results/stage6_v1/reference_atlas/cache/e613d04e495a178301e7f79c52fcbaf3bef820bb391fef8dea177d502a24e28a.npz,PBC
16,0.3,1.45,unlabeled,RN_only,No independent discrete phase label assigned; evaluate named finite-size features,results/stage6_v1/reference_atlas/cache/1816e69fe1ad8fbeb43743fdcfca80f6d75a7e77af3b70f90ec4d6f331837a2b.npz,PBC
16,0.3,1.55,unlabeled,RN_only,No independent discrete phase label assigned; evaluate named finite-size features,results/stage6_v1/reference_atlas/cache/f1747c32130548a527ed28579a911376fdedd47b0acc6112ac07d38310c30510.npz,PBC
16,0.3,1.65,paramagnetic-like,R0_extension,"High-field continuation, transverse polarization and absence of strong order; interior only",results/stage6_v1/reference_atlas/cache/8f888169bc2556e8f5b242c17c046c4d9c401aa76c877a6fb2da9e10bf82e93e.npz,PBC
16,0.3,1.75,paramagnetic-like,R0_extension,"High-field continuation, transverse polarization and absence of strong order; interior only",results/stage6_v1/reference_atlas/cache/7797baa6e3acdeabfbbef991e80c9035e10fce8d530fecc849cdc1f6cdf840c8.npz,PBC
16,0.3,1.85,paramagnetic-like,R0_extension,"High-field continuation, transverse polarization and absence of strong order; interior only",results/stage6_v1/reference_atlas/cache/80f5092000e0b22326d55b30ce376b2db30278af90f129961f1cbe6b85dcd00e.npz,PBC
16,0.3,1.95,paramagnetic-like,R0_extension,"High-field continuation, transverse polarization and absence of strong order; interior only",results/stage6_v1/reference_atlas/cache/478dd89542831ddd4317f98fd57a0d64274108b200b0629e51af261bebe292df.npz,PBC
16,0.45,0.01,unlabeled,RN_only,No independent discrete phase label assigned; evaluate named finite-size features,results/stage6_v1/reference_atlas/cache/f0b6cae824d73fe8e2617e5e61cf66c31964e33ed747bb8c8046e84d82b4c9f6.npz,PBC
16,0.45,0.02,unlabeled,RN_only,No independent discrete phase label assigned; evaluate named finite-size features,results/stage6_v1/reference_atlas/cache/82267ad5b34470db7e2c12b4577cb25a760c8e6bbfbf71a5f1dd2300b54184f6.npz,PBC
16,0.45,0.035,unlabeled,RN_only,No independent discrete phase label assigned; evaluate named finite-size features,results/stage6_v1/reference_atlas/cache/722b4c3ab69be00fbcc2a5881e7ad167d56a1199ab9e52ae2940f860b21254bc.npz,PBC
16,0.45,0.05,unlabeled,RN_only,No independent discrete phase label assigned; evaluate named finite-size features,results/stage6_v1/reference_atlas/cache/470bb5ff3b9342ffb185064b8d35426eec66b1367c86cb399a3b50f28ca95541.npz,PBC
16,0.45,0.075,unlabeled,RN_only,No independent discrete phase label assigned; evaluate named finite-size features,results/stage6_v1/reference_atlas/cache/8af953d0f8f7a04a1b5fe3f76b3891c5e60c34a113fddc143a7b12d5586cda9a.npz,PBC
16,0.45,0.1,unlabeled,RN_only,No independent discrete phase label assigned; evaluate named finite-size features,results/stage6_v1/reference_atlas/cache/cf85328c3c415d51374fb7130120e96e02ff5328970cdb6a8079241bab90772e.npz,PBC
16,0.45,0.125,unlabeled,RN_only,No independent discrete phase label assigned; evaluate named finite-size features,results/stage6_v1/reference_atlas/cache/81d9dde7dcd4a11a8a86bb9a9eaab4d7ccbc88baebe196a400691057991a946f.npz,PBC
16,0.45,0.15,unlabeled,RN_only,No independent discrete phase label assigned; evaluate named finite-size features,results/stage6_v1/reference_atlas/cache/82dd7e6e2446dfba6dca7e7cbaffda7403d971aaa7f4ff414a4f3c8a852edef2.npz,PBC
16,0.45,0.2,unlabeled,RN_only,No independent discrete phase label assigned; evaluate named finite-size features,results/stage6_v1/reference_atlas/cache/756a3940986ac1ae0e1bdbe5a8a4b29ba6b62376a829bb4b193fdcdd447dd9fa.npz,PBC
16,0.45,0.25,unlabeled,RN_only,No independent discrete phase label assigned; evaluate named finite-size features,results/stage6_v1/reference_atlas/cache/c710cd8159057fcfe8367611efbf60d91edd6abc43f01f6a28b0a2780cec0657.npz,PBC
16,0.45,0.3,unlabeled,RN_only,No independent discrete phase label assigned; evaluate named finite-size features,results/stage6_v1/reference_atlas/cache/1807ee5fac83117a4ed19c8875441b47881321b4d65856609e131c035afb110c.npz,PBC
16,0.45,0.35,unlabeled,RN_only,No independent discrete phase label assigned; evaluate named finite-size features,results/stage6_v1/reference_atlas/cache/78445668688b7ad65e06ef3f440b637e6660e3bbd34775d186b43365730611bf.npz,PBC
16,0.45,0.45,unlabeled,RN_only,No independent discrete phase label assigned; evaluate named finite-size features,results/stage6_v1/reference_atlas/cache/a498b133f6eb66a339a112451aa00351b7e3e91f1d1b64db1238de12fe8155ed.npz,PBC
16,0.45,0.55,unlabeled,RN_only,No independent discrete phase label assigned; evaluate named finite-size features,results/stage6_v1/reference_atlas/cache/be8d36e8bdb1fd2dfd2c03bb84c8cb42c19fead8fb6b711b400ce18b1b98a77f.npz,PBC
16,0.45,0.65,unlabeled,RN_only,No independent discrete phase label assigned; evaluate named finite-size features,results/stage6_v1/reference_atlas/cache/5705e438fdf6965b969589800dac7ef91d5f89c6584f5b1fc4045cd4ec8d1ba1.npz,PBC
16,0.45,0.75,unlabeled,RN_only,No independent discrete phase label assigned; evaluate named finite-size features,results/stage6_v1/reference_atlas/cache/673e710b5de00ff067939b7789629ab8c33c7b6f5f6b08d5e2b8c8b269d987f8.npz,PBC
16,0.45,0.85,unlabeled,RN_only,No independent discrete phase label assigned; evaluate named finite-size features,results/stage6_v1/reference_atlas/cache/3133509243de160652393dff45537230330d8c8a03933d37e75e3ccda3165deb.npz,PBC
16,0.45,0.95,unlabeled,RN_only,No independent discrete phase label assigned; evaluate named finite-size features,results/stage6_v1/reference_atlas/cache/2322125fdab3f33bf5fe131f978ac51a148ed4dbac41cc6a03f346c0f587d025.npz,PBC
16,0.45,1.05,unlabeled,RN_only,No independent discrete phase label assigned; evaluate named finite-size features,results/stage6_v1/reference_atlas/cache/aa2ca43bd20a91cb310c38c3398af3fba5f194295ef35efb380af21f96d43d92.npz,PBC
16,0.45,1.15,unlabeled,RN_only,No independent discrete phase label assigned; evaluate named finite-size features,results/stage6_v1/reference_atlas/cache/2b96e43c3ad47da73e22b19cefaef6f116015c1cc4034b23d642c6483aa9ec01.npz,PBC
16,0.45,1.25,unlabeled,RN_only,No independent discrete phase label assigned; evaluate named finite-size features,results/stage6_v1/reference_atlas/cache/d7ce97b1ba9b6308635ec6c34af434384e40ffcfd7f2484a6c373941e4039ec7.npz,PBC
16,0.45,1.35,unlabeled,RN_only,No independent discrete phase label assigned; evaluate named finite-size features,results/stage6_v1/reference_atlas/cache/58bb6874140a13aa4bba53630efe717de9f6f0aa14dab0f2c21ca76684e7ab20.npz,PBC
16,0.45,1.45,unlabeled,RN_only,No independent discrete phase label assigned; evaluate named finite-size features,results/stage6_v1/reference_atlas/cache/f33ca7463138c4f296207a29d83f8871ec22120c740600b3ea48a7d98423a94e.npz,PBC
16,0.45,1.55,unlabeled,RN_only,No independent discrete phase label assigned; evaluate named finite-size features,results/stage6_v1/reference_atlas/cache/373817e1d66211e6a19f15c5537b7946f7ac3eecf2638af90f8a6861551fb93e.npz,PBC
16,0.45,1.65,paramagnetic-like,R0_extension,"High-field continuation, transverse polarization and absence of strong order; interior only",results/stage6_v1/reference_atlas/cache/ca6ad4033dc07b29b9795b8a3d28f45108b814903a9e56e67b15f24d52c08a19.npz,PBC
16,0.45,1.75,paramagnetic-like,R0_extension,"High-field continuation, transverse polarization and absence of strong order; interior only",results/stage6_v1/reference_atlas/cache/134c1eeac36964cf399909e77eb8245197ff21c9806112d1588db0ea3f4795d5.npz,PBC
16,0.45,1.85,paramagnetic-like,R0_extension,"High-field continuation, transverse polarization and absence of strong order; interior only",results/stage6_v1/reference_atlas/cache/4109a900eb4e50e1c558127dcfbd0668f7d86ebeebc83228f4c66575d9d61850.npz,PBC
16,0.45,1.95,paramagnetic-like,R0_extension,"High-field continuation, transverse polarization and absence of strong order; interior only",results/stage6_v1/reference_atlas/cache/c79b208eea274e831ed324b67d45b5553d93c528f8c278f3e9e7f3fe672aa875.npz,PBC
16,0.5,0.01,unlabeled,RN_only,No independent discrete phase label assigned; evaluate named finite-size features,results/stage6_v1/reference_atlas/cache/aff21f296a78855d57bd482a88bedc4354eede5868731a8429df71e2f441bcaf.npz,PBC
16,0.5,0.02,unlabeled,RN_only,No independent discrete phase label assigned; evaluate named finite-size features,results/stage6_v1/reference_atlas/cache/4985fe36e180ad6030ad7848960a17a636a2043769a118d4b124d48b0e49ec39.npz,PBC
16,0.5,0.035,unlabeled,RN_only,No independent discrete phase label assigned; evaluate named finite-size features,results/stage6_v1/reference_atlas/cache/ab13515259438867aae1aa9792369d2a420623bb69c532e16bc76fe02a8f323d.npz,PBC
16,0.5,0.05,unlabeled,RN_only,No independent discrete phase label assigned; evaluate named finite-size features,results/stage6_v1/reference_atlas/cache/ab24fb0cf62e737b529f16a6157365346ecf2533496b7b382dc9fa99870088bd.npz,PBC
16,0.5,0.075,unlabeled,RN_only,No independent discrete phase label assigned; evaluate named finite-size features,results/stage6_v1/reference_atlas/cache/153d224b7d0fd87aef32e7db272a5fb2ae56c6f08e052369ae5276a7ed6546b1.npz,PBC
16,0.5,0.1,unlabeled,RN_only,No independent discrete phase label assigned; evaluate named finite-size features,results/stage6_v1/reference_atlas/cache/608d5202ca7592f4d61674287ab5cc0c030c975f517e73c1b60893392a105598.npz,PBC
16,0.5,0.125,unlabeled,RN_only,No independent discrete phase label assigned; evaluate named finite-size features,results/stage6_v1/reference_atlas/cache/f0f4a7de0e9a3212753ba81aab76eb531437d28ef5c1c075062633e6f03edeee.npz,PBC
16,0.5,0.15,unlabeled,RN_only,No independent discrete phase label assigned; evaluate named finite-size features,results/stage6_v1/reference_atlas/cache/bfc12391af78c931c24fb6fdd947250e2d3b4baba304e94bbb1a19bd7111d169.npz,PBC
16,0.5,0.2,unlabeled,RN_only,No independent discrete phase label assigned; evaluate named finite-size features,results/stage6_v1/reference_atlas/cache/64be65a37d595f513941f9f6efc51d14cc62251f2efa0bced85da0b26bcdcdda.npz,PBC
16,0.5,0.25,unlabeled,RN_only,No independent discrete phase label assigned; evaluate named finite-size features,results/stage6_v1/reference_atlas/cache/4b87772020595502bbcd947b8cea24afbd370701c2de186a1f7b839dcb29abd9.npz,PBC
16,0.5,0.3,unlabeled,RN_only,No independent discrete phase label assigned; evaluate named finite-size features,results/stage6_v1/reference_atlas/cache/cabfa6a8d15a28aaa5be480cc5e666f82234a6a06dcd52aaf0b6dd6b43ae2383.npz,PBC
16,0.5,0.35,unlabeled,RN_only,No independent discrete phase label assigned; evaluate named finite-size features,results/stage6_v1/reference_atlas/cache/851856d34a6d8d72edb53c4fafe0740ba485006d6434608e27db26af784746a8.npz,PBC
16,0.5,0.45,unlabeled,RN_only,No independent discrete phase label assigned; evaluate named finite-size features,results/stage6_v1/reference_atlas/cache/87786d594900e284b0b922a96f9cda93ed5f9f2778cc10210d9b810fd624388c.npz,PBC
16,0.5,0.55,unlabeled,RN_only,No independent discrete phase label assigned; evaluate named finite-size features,results/stage6_v1/reference_atlas/cache/a1a19e83814a86a12b403c92b50fee4bf5084d624e0dd1944e9b42539c2e2d0b.npz,PBC
16,0.5,0.65,unlabeled,RN_only,No independent discrete phase label assigned; evaluate named finite-size features,results/stage6_v1/reference_atlas/cache/017ef3da685305aaac052b8247e790c81743dd7d1561b401f9f97fe8cf7d38a0.npz,PBC
16,0.5,0.75,unlabeled,RN_only,No independent discrete phase label assigned; evaluate named finite-size features,results/stage6_v1/reference_atlas/cache/c12f82c74262a3d2bac3fbeb73a674d035e8c714565fd5a2e5d2265824f9b92e.npz,PBC
16,0.5,0.85,unlabeled,RN_only,No independent discrete phase label assigned; evaluate named finite-size features,results/stage6_v1/reference_atlas/cache/268a85352241c120c2605e3c2f040b4b80764ada52f04087a3891beb94b5bf35.npz,PBC
16,0.5,0.95,unlabeled,RN_only,No independent discrete phase label assigned; evaluate named finite-size features,results/stage6_v1/reference_atlas/cache/f00abce61a3177d6c92c797540c9b17e794cdef1b1907425a7468a3d992e10fc.npz,PBC
16,0.5,1.05,unlabeled,RN_only,No independent discrete phase label assigned; evaluate named finite-size features,results/stage6_v1/reference_atlas/cache/f7a72e0bfcdadf34e0cf9e85f661b08e196bb54f7c9cba8de2e503a78cc4a495.npz,PBC
16,0.5,1.15,unlabeled,RN_only,No independent discrete phase label assigned; evaluate named finite-size features,results/stage6_v1/reference_atlas/cache/557330171a3397284261908596800f84542c58d24b516c1e9331d8eaed180011.npz,PBC
16,0.5,1.25,unlabeled,RN_only,No independent discrete phase label assigned; evaluate named finite-size features,results/stage6_v1/reference_atlas/cache/27dc6a45ad471baf1a1f7caf6578886d7f6f7af7dea850d47e82c2f295e32f0a.npz,PBC
16,0.5,1.35,unlabeled,RN_only,No independent discrete phase label assigned; evaluate named finite-size features,results/stage6_v1/reference_atlas/cache/a211c215ba3e17a8c69c064e34c57a2060a0aa7e39429410bf0fe9461bde80cd.npz,PBC
16,0.5,1.45,unlabeled,RN_only,No independent discrete phase label assigned; evaluate named finite-size features,results/stage6_v1/reference_atlas/cache/c204e3c01fae4a5f469bdbe7aec58018fb9ab3328abb47c9d22a75da1876da70.npz,PBC
16,0.5,1.55,unlabeled,RN_only,No independent discrete phase label assigned; evaluate named finite-size features,results/stage6_v1/reference_atlas/cache/4ce9985bb3408e52721b4839fbd9949ccdb7fba3de431e58c3eb854eeb1be881.npz,PBC
16,0.5,1.65,paramagnetic-like,R0_extension,"High-field continuation, transverse polarization and absence of strong order; interior only",results/stage6_v1/reference_atlas/cache/7ef1cd733d677ca9a54516e4915293ea21660040902750815c0f848f119b7626.npz,PBC
16,0.5,1.75,paramagnetic-like,R0_extension,"High-field continuation, transverse polarization and absence of strong order; interior only",results/stage6_v1/reference_atlas/cache/e0b6b9ba0d17b5e2f80713087eed27cf1e30ca2ac6920ca18d90483509de9014.npz,PBC
16,0.5,1.85,paramagnetic-like,R0_extension,"High-field continuation, transverse polarization and absence of strong order; interior only",results/stage6_v1/reference_atlas/cache/a208dafeb080f44d2f1361ac9461e740c9baa4eeeb97dbb8db7872a6932270a4.npz,PBC
16,0.5,1.95,paramagnetic-like,R0_extension,"High-field continuation, transverse polarization and absence of strong order; interior only",results/stage6_v1/reference_atlas/cache/9a9064db30d46dce4b03b107b5fb3b922cbecbec35b5940d48bc3e7d0c6890ef.npz,PBC
16,0.55,0.01,unlabeled,RN_only,No independent discrete phase label assigned; evaluate named finite-size features,results/stage6_v1/reference_atlas/cache/f7b7269a2ffa573c82a3753f1b4f9d46c7f28ef2d1b3087ef1bd9d589235a6e3.npz,PBC
16,0.55,0.02,unlabeled,RN_only,No independent discrete phase label assigned; evaluate named finite-size features,results/stage6_v1/reference_atlas/cache/641ae147363af90c09e220ece64282389705d8bc40338e4a71990c725f6b0d04.npz,PBC
16,0.55,0.035,unlabeled,RN_only,No independent discrete phase label assigned; evaluate named finite-size features,results/stage6_v1/reference_atlas/cache/0a9187b299e68e911a43078b4e17863bac7f56ff8273be94df8c60f7af142164.npz,PBC
16,0.55,0.05,unlabeled,RN_only,No independent discrete phase label assigned; evaluate named finite-size features,results/stage6_v1/reference_atlas/cache/123b2e4fbb9834d55841bd12153996a069b98519470bd90c7d777d3988a981fb.npz,PBC
16,0.55,0.075,unlabeled,RN_only,No independent discrete phase label assigned; evaluate named finite-size features,results/stage6_v1/reference_atlas/cache/30231fed789202df82b7a667db1cc41a380051347628eab2f8925a62159a72f8.npz,PBC
16,0.55,0.1,unlabeled,RN_only,No independent discrete phase label assigned; evaluate named finite-size features,results/stage6_v1/reference_atlas/cache/5051550be1af44930878d9e42dbaa7b2b31f26d12a259c84cdbe6a65add49247.npz,PBC
16,0.55,0.125,unlabeled,RN_only,No independent discrete phase label assigned; evaluate named finite-size features,results/stage6_v1/reference_atlas/cache/2e74022d711e4e3b7f8746f17dcda307f176f4c63b1440e0b7e060c9a90b66ae.npz,PBC
16,0.55,0.15,unlabeled,RN_only,No independent discrete phase label assigned; evaluate named finite-size features,results/stage6_v1/reference_atlas/cache/47fb75d0034c2a31b5a5e0f5cbb8807e92a4105c11992e1983e44eb3ce2d3465.npz,PBC
16,0.55,0.2,unlabeled,RN_only,No independent discrete phase label assigned; evaluate named finite-size features,results/stage6_v1/reference_atlas/cache/0520c80a676419733b31789d03a9b1a12c054d68ffe8cabc9ead4184860b5309.npz,PBC
16,0.55,0.25,unlabeled,RN_only,No independent discrete phase label assigned; evaluate named finite-size features,results/stage6_v1/reference_atlas/cache/66393c410c14ecff10fb27e361549d8352d3b9c3fdbeded7f7b89ee333ce63df.npz,PBC
16,0.55,0.3,unlabeled,RN_only,No independent discrete phase label assigned; evaluate named finite-size features,results/stage6_v1/reference_atlas/cache/5741a6d50f5988b3fb213ea3b3509e4b4ae85a6c4b937c096d6c1ab71fe7792d.npz,PBC
16,0.55,0.35,unlabeled,RN_only,No independent discrete phase label assigned; evaluate named finite-size features,results/stage6_v1/reference_atlas/cache/08eb43ada44b71262141f92e1f56dbdb5af4bd4ae309eb87fa06b55ea46acfee.npz,PBC
16,0.55,0.45,unlabeled,RN_only,No independent discrete phase label assigned; evaluate named finite-size features,results/stage6_v1/reference_atlas/cache/e77a86a1e1aa2936728eb7f3c97bd6d3046184a65ad5ac45d358f1ab1cb13d05.npz,PBC
16,0.55,0.55,unlabeled,RN_only,No independent discrete phase label assigned; evaluate named finite-size features,results/stage6_v1/reference_atlas/cache/9ac2b14e7b96de465f1538dc9ee4e7c4b39bd9a904e49f06bdc89c1241c68b67.npz,PBC
16,0.55,0.65,unlabeled,RN_only,No independent discrete phase label assigned; evaluate named finite-size features,results/stage6_v1/reference_atlas/cache/a4e3f1ab23c2dd3b93488fd265464be97aba4f7c7152cdadbe30ddb94431c237.npz,PBC
16,0.55,0.75,unlabeled,RN_only,No independent discrete phase label assigned; evaluate named finite-size features,results/stage6_v1/reference_atlas/cache/a57fde89ebb236d718791d2ce469c96eb89e4930a802a4f9f9aaad58aab8f74d.npz,PBC
16,0.55,0.85,unlabeled,RN_only,No independent discrete phase label assigned; evaluate named finite-size features,results/stage6_v1/reference_atlas/cache/d1eada37034cf4717cb8915f1e6073d8238a75acfb39b89ace5cda11e98af7b7.npz,PBC
16,0.55,0.95,unlabeled,RN_only,No independent discrete phase label assigned; evaluate named finite-size features,results/stage6_v1/reference_atlas/cache/5e206a689f651a638e5a8a9fcec075c06d23b61fb57d04dd08e58871fe7aaaca.npz,PBC
16,0.55,1.05,unlabeled,RN_only,No independent discrete phase label assigned; evaluate named finite-size features,results/stage6_v1/reference_atlas/cache/7435e04701e551c63cb5fbb96296638d4146ce51018af52df45a2a1a29cbbd6c.npz,PBC
16,0.55,1.15,unlabeled,RN_only,No independent discrete phase label assigned; evaluate named finite-size features,results/stage6_v1/reference_atlas/cache/931d4bd550131cdd49b62a7e2c7ae2e5a3b6c4c228fc830d1659213b70a36073.npz,PBC
16,0.55,1.25,unlabeled,RN_only,No independent discrete phase label assigned; evaluate named finite-size features,results/stage6_v1/reference_atlas/cache/6525c8da2ebdcd23052a4fd3bd0cedb1543fc88e3061b2401f9acfb820166cf9.npz,PBC
16,0.55,1.35,unlabeled,RN_only,No independent discrete phase label assigned; evaluate named finite-size features,results/stage6_v1/reference_atlas/cache/665e1fc8b20329f9c364b430c653a4ecfb964f57b272ec476f6b426079b572f5.npz,PBC
16,0.55,1.45,unlabeled,RN_only,No independent discrete phase label assigned; evaluate named finite-size features,results/stage6_v1/reference_atlas/cache/27f831dd76ce5ad76e6596773ced5e867ac594f9024b804de09eb0eff15c876d.npz,PBC
16,0.55,1.55,unlabeled,RN_only,No independent discrete phase label assigned; evaluate named finite-size features,results/stage6_v1/reference_atlas/cache/5df62df393947051389f3afa47566e179e8db7e82b49d5699d896280f5a6d371.npz,PBC
16,0.55,1.65,paramagnetic-like,R0_extension,"High-field continuation, transverse polarization and absence of strong order; interior only",results/stage6_v1/reference_atlas/cache/fc3c4f6b636f4454f1420e1ce60f8487df6b628c41e1c7a50344bcf066133222.npz,PBC
16,0.55,1.75,paramagnetic-like,R0_extension,"High-field continuation, transverse polarization and absence of strong order; interior only",results/stage6_v1/reference_atlas/cache/dd89055cd12048d98f88c3e41629cfa1c3389d6f3148647ae1f4c45f134d3e6a.npz,PBC
16,0.55,1.85,paramagnetic-like,R0_extension,"High-field continuation, transverse polarization and absence of strong order; interior only",results/stage6_v1/reference_atlas/cache/042d65d006cc46a4ac6549572db7f5fa396ac57b4bc1e6374e0ce6249cf1b903.npz,PBC
16,0.55,1.95,paramagnetic-like,R0_extension,"High-field continuation, transverse polarization and absence of strong order; interior only",results/stage6_v1/reference_atlas/cache/b903f2363a73cf1d510fc6abfdd552ad63c7b5039e2c1344c8844c24769300fa.npz,PBC
16,0.8,0.05,antiphase-like,R0_extension,Small-field continuation from classical period4; full SF peak and amplitude; requires separate finite-size trend for Rlarge,results/stage6_v1/reference_atlas/cache/4dc9f4e5a509eb91181ddd700c24eb3e35af43b5d82ab14949b91463e50dcdf2.npz,PBC
16,0.8,0.15,unlabeled,RN_only,No independent discrete phase label assigned; evaluate named finite-size features,results/stage6_v1/reference_atlas/cache/a67841e3b87bac3eba798127fac6899fcc3e738e75172901eb2f931120f48c96.npz,PBC
16,0.8,0.25,unlabeled,RN_only,No independent discrete phase label assigned; evaluate named finite-size features,results/stage6_v1/reference_atlas/cache/94e274d9df95a540fd5a7311f0d567f2a54c5d7c234888291cc73ab1eb25893a.npz,PBC
16,0.8,0.35,unlabeled,RN_only,No independent discrete phase label assigned; evaluate named finite-size features,results/stage6_v1/reference_atlas/cache/50eca7200224395626ed0bde6ca476925dd55476b3662e205c9429460b80b542.npz,PBC
16,0.8,0.45,unlabeled,RN_only,No independent discrete phase label assigned; evaluate named finite-size features,results/stage6_v1/reference_atlas/cache/e9b9a215faaddefc34d65de523157fbab11c92ee4e7f5107011d797356bae37c.npz,PBC
16,0.8,0.55,unlabeled,RN_only,No independent discrete phase label assigned; evaluate named finite-size features,results/stage6_v1/reference_atlas/cache/cdc897b83dbb2da53f0d25becb42aab6a9a10c739286db2311b4affaded59f60.npz,PBC
16,0.8,0.65,unlabeled,RN_only,No independent discrete phase label assigned; evaluate named finite-size features,results/stage6_v1/reference_atlas/cache/468e545bf734f0e44a3b920e3fb9aee818963332e1e3f1bb0493b56d3c16d2ab.npz,PBC
16,0.8,0.75,unlabeled,RN_only,No independent discrete phase label assigned; evaluate named finite-size features,results/stage6_v1/reference_atlas/cache/809bc3281df40e05d43618490328ada06ed90227d67f73254c190ca039e82a47.npz,PBC
16,0.8,0.85,unlabeled,RN_only,No independent discrete phase label assigned; evaluate named finite-size features,results/stage6_v1/reference_atlas/cache/efb23d6f453623f8a24cc24906588e8d2ea76bcd837257ea885e24a9d9a3bff7.npz,PBC
16,0.8,0.95,unlabeled,RN_only,No independent discrete phase label assigned; evaluate named finite-size features,results/stage6_v1/reference_atlas/cache/dc3272546824cda3a8eabab1e1f571cd86e3279b6da32949d2de5a9eb8103c7d.npz,PBC
16,0.8,1.05,unlabeled,RN_only,No independent discrete phase label assigned; evaluate named finite-size features,results/stage6_v1/reference_atlas/cache/6ecc1a88edf2b713651902b366288fdfd3ad4c19f87ca2cb9c7c76c5ab650ad3.npz,PBC
16,0.8,1.15,unlabeled,RN_only,No independent discrete phase label assigned; evaluate named finite-size features,results/stage6_v1/reference_atlas/cache/572e86a235c67be27c6c62fb6de57bc1479d99599782dd254a010cf69f57e6cc.npz,PBC
16,0.8,1.25,unlabeled,RN_only,No independent discrete phase label assigned; evaluate named finite-size features,results/stage6_v1/reference_atlas/cache/b8f3be5b1eeb441ef26c61265412624297786f4e1ad9b59f7d3df7cff9ab913e.npz,PBC
16,0.8,1.35,unlabeled,RN_only,No independent discrete phase label assigned; evaluate named finite-size features,results/stage6_v1/reference_atlas/cache/644c3f5b5cd9e13361aeb1c8e58d5cfb500a2503fc0ebe807c65baaf51f50438.npz,PBC
16,0.8,1.45,unlabeled,RN_only,No independent discrete phase label assigned; evaluate named finite-size features,results/stage6_v1/reference_atlas/cache/10279251b480a836bdf96f1c8f5df0fd5e1c2372b6142ded48e2662f059fcc2d.npz,PBC
16,0.8,1.55,unlabeled,RN_only,No independent discrete phase label assigned; evaluate named finite-size features,results/stage6_v1/reference_atlas/cache/f7ec3f06aef2ae667c43dc887e9440a748ed87c1bfe01d28838331fd3c019db6.npz,PBC
16,0.8,1.65,paramagnetic-like,R0_extension,"High-field continuation, transverse polarization and absence of strong order; interior only",results/stage6_v1/reference_atlas/cache/0a31b60edfa8b1ca14d09fd924113e43268733fde1babe7ab55b99da278d8db7.npz,PBC
16,0.8,1.75,paramagnetic-like,R0_extension,"High-field continuation, transverse polarization and absence of strong order; interior only",results/stage6_v1/reference_atlas/cache/81cb696915c940cd6a29bf3f35903a9e62edfa4d28cfac787f882f5bb6438786.npz,PBC
16,0.8,1.85,paramagnetic-like,R0_extension,"High-field continuation, transverse polarization and absence of strong order; interior only",results/stage6_v1/reference_atlas/cache/bcf8c97221ddfd7ab93b05f71669af9a23e84d90fa8d7609f027fcc63903ed6f.npz,PBC
16,0.8,1.95,paramagnetic-like,R0_extension,"High-field continuation, transverse polarization and absence of strong order; interior only",results/stage6_v1/reference_atlas/cache/db82ecd1fbb8fb60dc9f99d02a911fe25053b564f623c699f9086eba8250c98e.npz,PBC
