run_id,point,kappa,h,layers,seed,initialization_source,started_utc,fingerprint,energy,nit,nfev,njev,optimization_success,status,message,gradient_inf,seconds,ed_energy,delta_e,fidelity,epsilon_c,epsilon_sf,epsilon_mx,mx,observable_pass,state_pass,joint_pass,parameters,cnots,high_level_gates,compiled_unitary_gates,unitary_depth,depth_with_channels,archive_sha256
p00_L1_s11,0,0,0.2,1,11,independent_uniform,2026-09-22T03:41:21.199446+00:00,c801c888d20466da9f44228c44681586e38ae6c48856416da8ac0e56c7cf6930,-5.611937116592658,11,15,15,True,0,CONVERGENCE: RELATIVE REDUCTION OF F <= FACTR*EPSMCH,2.2442820934998053e-08,0.005492917000083253,-8.080202559111354,0.308533180314837,0.30459930541030705,0.9526022237985287,0.6113511789392322,0.4173136214377289,0.5178239064267308,False,False,False,3,32,32,64,38,62,bf85c485cb206773b1611b8a94d8a7a392de25e8f1c4043ad38c484be778092a
p00_L1_s23,0,0,0.2,1,23,independent_uniform,2026-09-22T03:41:33.600355+00:00,c801c888d20466da9f44228c44681586e38ae6c48856416da8ac0e56c7cf6930,-5.611937116592656,11,14,14,True,0,CONVERGENCE: RELATIVE REDUCTION OF F <= FACTR*EPSMCH,2.3287382688863545e-07,0.001038416987285018,-8.080202559111354,0.30853318031483734,0.30459930413159925,0.9526022242001667,0.6113511793777837,0.41731361968826075,0.5178239046772627,False,False,False,3,32,32,64,38,62,1baad20e7ab710304642503f918b924303733ca11283527f901a0031b088f0ef
p00_L1_s37,0,0,0.2,1,37,independent_uniform,2026-09-22T03:41:33.604094+00:00,c801c888d20466da9f44228c44681586e38ae6c48856416da8ac0e56c7cf6930,6.106226635438361e-17,9,12,12,True,0,CONVERGENCE: NORM OF PROJECTED GRADIENT <= PGTOL,1.4637240308701394e-09,0.0007527080015279353,-8.080202559111354,1.0100253198889193,0.022774833045161917,0.9899232628911188,0.8661347130332492,0.10051028498900196,-3.469446951953614e-18,False,False,False,3,32,32,64,38,62,90357fb19911c87094eda753b4cc0149866c3e7d2acf700d5514d3e345e68a21
p00_L2_s11,0,0,0.2,2,11,independent_uniform,2026-09-22T03:41:33.606666+00:00,c801c888d20466da9f44228c44681586e38ae6c48856416da8ac0e56c7cf6930,-6.171386785292233,19,24,24,True,0,CONVERGENCE: RELATIVE REDUCTION OF F <= FACTR*EPSMCH,2.577505244794054e-07,0.0024762079992797226,-8.080202559111354,0.23860197172739017,0.47013005674799435,0.7534930912200555,0.47118093874955425,0.29440152573153566,0.3949118107205376,False,False,False,6,64,56,120,75,123,3ff158fb39fdc7d89550574981075d044a89e9a77ef617d236f35b6495253c09
p00_L2_s23,0,0,0.2,2,23,independent_uniform,2026-09-22T03:41:33.611622+00:00,c801c888d20466da9f44228c44681586e38ae6c48856416da8ac0e56c7cf6930,-6.220157611997183,25,29,29,True,0,CONVERGENCE: RELATIVE REDUCTION OF F <= FACTR*EPSMCH,4.4249899033843576e-07,0.003199291997589171,-8.080202559111354,0.23250561838927142,0.4733837140325356,0.7914839852999553,0.4862889113995402,0.29460009434071266,0.3951103793297146,False,False,False,6,64,56,120,75,123,18a77d312a410dab3eebb6f576d9d8c41acbe92e10b82eff44ff29994ca89035
p00_L2_s37,0,0,0.2,2,37,independent_uniform,2026-09-22T03:41:33.617702+00:00,c801c888d20466da9f44228c44681586e38ae6c48856416da8ac0e56c7cf6930,-6.220157611996755,25,31,31,True,0,CONVERGENCE: RELATIVE REDUCTION OF F <= FACTR*EPSMCH,5.217394454692936e-06,0.0031285409932024777,-8.080202559111354,0.23250561838932493,0.4733837163796695,0.7914839864177385,0.4862889139445765,0.2946002236773491,0.39511050866635106,False,False,False,6,64,56,120,75,123,e1474d43db1ccb11118e2d76867cbcca96b64758314c5bbd8140976141d5328c
p00_L4_s11,0,0,0.2,4,11,independent_uniform,2026-09-22T03:41:33.623424+00:00,c801c888d20466da9f44228c44681586e38ae6c48856416da8ac0e56c7cf6930,-5.813205076329509,57,62,62,True,0,CONVERGENCE: RELATIVE REDUCTION OF F <= FACTR*EPSMCH,1.4061856153047003e-05,0.011350874992785975,-8.080202559111354,0.2833746853477307,0.5901622905997408,0.5908108645617217,0.3599943207123949,0.0763271381575041,0.024183146831497863,False,False,False,12,128,104,232,149,245,ef08dd6b27978d6108fce1bc99d7b4738a6dcbd2231f8bba59f562f50f9e3f4f
p00_L4_s23,0,0,0.2,4,23,independent_uniform,2026-09-22T03:41:33.638696+00:00,c801c888d20466da9f44228c44681586e38ae6c48856416da8ac0e56c7cf6930,-6.488074963651967,49,57,57,True,0,CONVERGENCE: RELATIVE REDUCTION OF F <= FACTR*EPSMCH,1.106006748408106e-05,0.011455667001428083,-8.080202559111354,0.1990159494324234,0.6912883658460037,0.4405514967157813,0.274321323034017,0.14132705918816213,-0.04081677419916019,False,False,False,12,128,104,232,149,245,86d2e66ecf6ca4c5d836a20c6fc5afdd664f18bc90bed3d64f2c5b42e101d1e4
p00_L4_s37,0,0,0.2,4,37,independent_uniform,2026-09-22T03:41:33.655647+00:00,c801c888d20466da9f44228c44681586e38ae6c48856416da8ac0e56c7cf6930,-7.460081550398435,64,73,73,True,0,CONVERGENCE: RELATIVE REDUCTION OF F <= FACTR*EPSMCH,9.832048128544102e-06,0.01332758300122805,-8.080202559111354,0.07751512608911493,0.8624969706109207,0.21161311510896608,0.13392784949405023,0.08429155393414133,0.18480183892314328,False,False,False,12,128,104,232,149,245,f34d024e43ec2ec60e92d9df5bee01ceee291a04d80c85c071ef2d3983c170a4
p00_L6_s11,0,0,0.2,6,11,independent_uniform,2026-09-22T03:41:33.672801+00:00,c801c888d20466da9f44228c44681586e38ae6c48856416da8ac0e56c7cf6930,-8.080202558532005,148,163,163,True,0,CONVERGENCE: RELATIVE REDUCTION OF F <= FACTR*EPSMCH,1.9149843607124684e-05,0.04260583297582343,-8.080202559111354,7.241873767327434e-11,0.9999999999293423,6.544574027156358e-08,2.7345372077824948e-08,1.482496166244074e-07,0.10051043323861858,True,True,True,18,192,152,344,223,367,232ab1081bfcfc24b6c278f3156794b4c41df2383600858db381d4123723a97d
p00_L6_s23,0,0,0.2,6,23,independent_uniform,2026-09-22T03:41:33.720730+00:00,c801c888d20466da9f44228c44681586e38ae6c48856416da8ac0e56c7cf6930,-8.080202557534093,130,151,151,True,0,CONVERGENCE: RELATIVE REDUCTION OF F <= FACTR*EPSMCH,1.7950747594142058e-05,0.03951062500709668,-8.080202559111354,1.9715762356042887e-10,0.9999999998078573,3.076678456448434e-08,9.20688533745384e-09,1.2115379505184265e-07,0.1005101638352069,True,True,True,18,192,152,344,223,367,b806a0447c0985cbff3308df1b54accd62aa3be9290cdb036d5b502a1773bb84
p00_L6_s37,0,0,0.2,6,37,independent_uniform,2026-09-22T03:41:33.765519+00:00,c801c888d20466da9f44228c44681586e38ae6c48856416da8ac0e56c7cf6930,-7.94413786968624,338,374,374,True,0,CONVERGENCE: RELATIVE REDUCTION OF F <= FACTR*EPSMCH,1.1375059188800662e-05,0.09701399999903515,-8.080202559111354,0.017008086178139314,0.982691271120625,0.022360001286593656,0.018186513167715357,0.01669089172874734,0.1172011767177493,False,False,False,18,192,152,344,223,367,7b0b03239116061053d533a6c48da504e7d1e73a5c87a46ae7db700525ab8902
p01_L1_s11,1,0,0.9,1,11,independent_uniform,2026-09-22T03:41:33.869628+00:00,c801c888d20466da9f44228c44681586e38ae6c48856416da8ac0e56c7cf6930,-9.266116543242592,15,19,19,True,0,CONVERGENCE: RELATIVE REDUCTION OF F <= FACTR*EPSMCH,3.7385313511606455e-08,0.001174542005173862,-9.773287658015985,0.06339638934667402,0.7040975537760399,0.6151792110859452,0.39655435323076094,0.22108418793752482,0.775185030557188,False,False,False,3,32,32,64,38,62,d34727ab703166be9d1733097ebbc7383181acde3d7ca610cbbede79522c65ff
p01_L1_s23,1,0,0.9,1,23,independent_uniform,2026-09-22T03:41:33.872711+00:00,c801c888d20466da9f44228c44681586e38ae6c48856416da8ac0e56c7cf6930,-9.266116543242596,12,15,15,True,0,CONVERGENCE: NORM OF PROJECTED GRADIENT <= PGTOL,2.1881252365574255e-09,0.0009371250052936375,-9.773287658015985,0.06339638934667358,0.7040975535611678,0.6151792112601976,0.3965543536354606,0.22108418862768775,0.7751850312473509,False,False,False,3,32,32,64,38,62,ba1287931b012037fc318f5795e7193002288c283b8a69d3dfb2622c15dac664
p01_L1_s37,1,0,0.9,1,37,independent_uniform,2026-09-22T03:41:33.875412+00:00,c801c888d20466da9f44228c44681586e38ae6c48856416da8ac0e56c7cf6930,-9.266116543242596,9,12,12,True,0,CONVERGENCE: RELATIVE REDUCTION OF F <= FACTR*EPSMCH,2.1110529502266218e-07,0.0008149589993990958,-9.773287658015985,0.06339638934667358,0.704097555200661,0.6151792112084121,0.39655435308480325,0.22108418754964865,0.7751850301693118,False,False,False,3,32,32,64,38,62,b005b7d886437880fef74af56caa197bed43e7c2936c4932e0c1bab1c86f3739
p01_L2_s11,1,0,0.9,2,11,independent_uniform,2026-09-22T03:41:33.878291+00:00,c801c888d20466da9f44228c44681586e38ae6c48856416da8ac0e56c7cf6930,-9.383589123884919,30,37,37,True,0,CONVERGENCE: RELATIVE REDUCTION OF F <= FACTR*EPSMCH,7.799637099736856e-06,0.0036412919871509075,-9.773287658015985,0.04871231676638321,0.7731410277422436,0.5096990633198525,0.32839246817053686,0.18560446815694176,0.739705310776605,False,False,False,6,64,56,120,75,123,5a973d55950b338578549073515d14a4e8dcb44336d4163b7961b6415c34a43f
p01_L2_s23,1,0,0.9,2,23,independent_uniform,2026-09-22T03:41:33.884694+00:00,c801c888d20466da9f44228c44681586e38ae6c48856416da8ac0e56c7cf6930,-9.304216319956872,23,29,29,True,0,CONVERGENCE: RELATIVE REDUCTION OF F <= FACTR*EPSMCH,1.3552173072639562e-07,0.0029234169924166054,-9.773287658015985,0.05863391725738909,0.7172257504222146,0.6156396936026294,0.39083253231633464,0.2108989723908905,0.7649998150105537,False,False,False,6,64,56,120,75,123,7d3f7078ebb2f41949bb2274d51dbccca5276052b5daab9ffd0a9841ea3e1712
p01_L2_s37,1,0,0.9,2,37,independent_uniform,2026-09-22T03:41:33.889947+00:00,c801c888d20466da9f44228c44681586e38ae6c48856416da8ac0e56c7cf6930,-3.3750538492772844,17,23,23,True,0,CONVERGENCE: RELATIVE REDUCTION OF F <= FACTR*EPSMCH,2.494776158989964e-07,0.0023510830069426447,-9.773287658015985,0.7997792260923375,0.2211033732783951,0.5067374640895161,0.3715638670375733,0.5994228367286486,-0.04532199410898541,False,False,False,6,64,56,120,75,123,334b4f7b8488d4d36d98b6778fa6fb98e6666ae46fdf43cad667aab62c4e53c2
p01_L4_s11,1,0,0.9,4,11,independent_uniform,2026-09-22T03:41:33.894663+00:00,c801c888d20466da9f44228c44681586e38ae6c48856416da8ac0e56c7cf6930,-9.606493763016964,214,250,250,True,0,CONVERGENCE: RELATIVE REDUCTION OF F <= FACTR*EPSMCH,1.1722537420766344e-05,0.04571750000468455,-9.773287658015985,0.020849236874877608,0.9394951152266886,0.21813888175309315,0.15497338569188956,0.10902471576798045,0.6631255583876436,False,False,False,12,128,104,232,149,245,8bbe6440fa47445239223d73d58c395fc60c623c75a80f82927323d28d827939
p01_L4_s23,1,0,0.9,4,23,independent_uniform,2026-09-22T03:41:33.944461+00:00,c801c888d20466da9f44228c44681586e38ae6c48856416da8ac0e56c7cf6930,-9.71699252812931,158,192,192,True,0,CONVERGENCE: RELATIVE REDUCTION OF F <= FACTR*EPSMCH,9.452167752499463e-06,0.0358371670008637,-9.773287658015985,0.007036891235834286,0.9813846810871536,0.11662466123705684,0.07448378983537107,0.047995257970044114,0.6020961005897073,False,False,False,12,128,104,232,149,245,8db32e0e16d22be3fd42ae0540c5914b92d107ddf0cac770236938d4d5862add
p01_L4_s37,1,0,0.9,4,37,independent_uniform,2026-09-22T03:41:33.984639+00:00,c801c888d20466da9f44228c44681586e38ae6c48856416da8ac0e56c7cf6930,-6.00566983440306,41,50,50,True,0,CONVERGENCE: RELATIVE REDUCTION OF F <= FACTR*EPSMCH,3.0570329990098344e-05,0.009089333994779736,-9.773287658015985,0.4709522279516156,0.5671749291402579,0.24179316387235467,0.1636965918456178,0.29606775110052336,0.25803309151913983,False,False,False,12,128,104,232,149,245,ab33eaf231c24266ddb843bcf4385ae15718ac372e828ec0b76939aaa8a97b21
p01_L6_s11,1,0,0.9,6,11,independent_uniform,2026-09-22T03:41:33.998062+00:00,c801c888d20466da9f44228c44681586e38ae6c48856416da8ac0e56c7cf6930,-9.746842833642264,358,383,383,True,0,CONVERGENCE: RELATIVE REDUCTION OF F <= FACTR*EPSMCH,2.4780792625023196e-05,0.10082037499523722,-9.773287658015985,0.003305603046715122,0.9940230217627188,0.05095140871237558,0.0324741734524614,0.020801902964300623,0.5749027455839638,False,True,False,18,192,152,344,223,367,8e155bab5a5995deaddef1be27822cdd3b0df323ad949626e222392023e3693d
p01_L6_s23,1,0,0.9,6,23,independent_uniform,2026-09-22T03:41:34.104716+00:00,c801c888d20466da9f44228c44681586e38ae6c48856416da8ac0e56c7cf6930,-9.765293647223011,400,433,433,False,1,STOP: TOTAL NO. OF ITERATIONS REACHED LIMIT,3.19797524106491e-05,0.12890145799610764,-9.773287658015985,0.0009992513491217103,0.9989630212160134,0.011320735755258826,0.008141211013252936,0.006279621114351652,0.5603804637340148,True,True,True,18,192,152,344,223,367,deba271f0e70958d1684fec27ad5e5d563b69100a81144b828e5eed1289b8528
p01_L6_s37,1,0,0.9,6,37,independent_uniform,2026-09-22T03:41:34.239386+00:00,c801c888d20466da9f44228c44681586e38ae6c48856416da8ac0e56c7cf6930,-9.773287657954766,161,173,173,True,0,CONVERGENCE: RELATIVE REDUCTION OF F <= FACTR*EPSMCH,2.0578473383103812e-05,0.045096708985511214,-9.773287658015985,7.652323219531354e-12,0.9999999999918134,3.5154878530452294e-07,1.682863917107369e-07,1.0515376769326679e-07,0.5541007374658955,True,True,True,18,192,152,344,223,367,702f7929dbebfc7213b6d16050db858e5c5f509924819f5486ca5ef6564088f3
p02_L1_s11,2,0,1.0,1,11,independent_uniform,2026-09-22T03:41:34.290697+00:00,c801c888d20466da9f44228c44681586e38ae6c48856416da8ac0e56c7cf6930,-9.89752043545592,10,12,12,True,0,CONVERGENCE: NORM OF PROJECTED GRADIENT <= PGTOL,2.2844197644644737e-09,0.0008067080052569509,-10.251661790966029,0.04426766943876359,0.8003938978006184,0.48965685841835266,0.314312893598487,0.1620491402875821,0.8027780022229591,False,False,False,3,32,32,64,38,62,16992841f33b27909be25a2faf7360b5507df4ad185a1fbc267cceeb483ec984
p02_L1_s23,2,0,1.0,1,23,independent_uniform,2026-09-22T03:41:34.293394+00:00,c801c888d20466da9f44228c44681586e38ae6c48856416da8ac0e56c7cf6930,-9.897520435455922,10,13,13,True,0,CONVERGENCE: RELATIVE REDUCTION OF F <= FACTR*EPSMCH,1.6999317686838822e-07,0.0008444160048384219,-10.251661790966029,0.04426766943876337,0.8003939000729114,0.4896568571315697,0.31431289027658893,0.1620491352751814,0.8027779972105584,False,False,False,3,32,32,64,38,62,2913851bb248553cf7b7b2438f4d5cd45c701749289298835af37605fa53d7ee
p02_L1_s37,2,0,1.0,1,37,independent_uniform,2026-09-22T03:41:34.296061+00:00,c801c888d20466da9f44228c44681586e38ae6c48856416da8ac0e56c7cf6930,-9.89752043545592,12,19,19,True,0,CONVERGENCE: RELATIVE REDUCTION OF F <= FACTR*EPSMCH,2.687299627268658e-07,0.0012966250069439411,-10.251661790966029,0.04426766943876359,0.8003938996025162,0.4896568580167096,0.3143128939161262,0.162049142802713,0.80277800473809,False,False,False,3,32,32,64,38,62,e4204a59af5d9d8f10d05dd4369a4dd6286ae630756a74c1e5525ac63ce6249a
p02_L2_s11,2,0,1.0,2,11,independent_uniform,2026-09-22T03:41:34.299299+00:00,c801c888d20466da9f44228c44681586e38ae6c48856416da8ac0e56c7cf6930,-10.062037955589243,32,43,43,True,0,CONVERGENCE: RELATIVE REDUCTION OF F <= FACTR*EPSMCH,1.1503488357433866e-06,0.004387083987239748,-10.251661790966029,0.023702979422098203,0.9083820315221948,0.25930437760109104,0.18144293424175206,0.11148082754353328,0.7522096894789103,False,False,False,6,64,56,120,75,123,e64e22d4771bc65092328cb75a535d125c3797e53f1e77f3c914d61f2ab16dbf
p02_L2_s23,2,0,1.0,2,23,independent_uniform,2026-09-22T03:41:34.306326+00:00,c801c888d20466da9f44228c44681586e38ae6c48856416da8ac0e56c7cf6930,-10.062037955589265,42,53,53,True,0,CONVERGENCE: RELATIVE REDUCTION OF F <= FACTR*EPSMCH,5.538707803509624e-08,0.005344082979718223,-10.251661790966029,0.023702979422095538,0.9083820358808441,0.2593043760902799,0.18144294143927248,0.11148083953438359,0.7522097014697606,False,False,False,6,64,56,120,75,123,408c43ad6c3733c0284c5738b4139c4013661a574812ad5ac17f2deca1525dbc
p02_L2_s37,2,0,1.0,2,37,independent_uniform,2026-09-22T03:41:34.314301+00:00,c801c888d20466da9f44228c44681586e38ae6c48856416da8ac0e56c7cf6930,-9.990115131892782,33,38,38,True,0,CONVERGENCE: RELATIVE REDUCTION OF F <= FACTR*EPSMCH,7.147354299519293e-07,0.003947290999349207,-10.251661790966029,0.03269333238415584,0.8520168459925774,0.40112432599155134,0.25782394266393505,0.1349887345948837,0.7757175965302607,False,False,False,6,64,56,120,75,123,622dc9d8fb709c60451a54c194874b378e6dcd46c28d457f82251d36262f1778
p02_L4_s11,2,0,1.0,4,11,independent_uniform,2026-09-22T03:41:34.320800+00:00,c801c888d20466da9f44228c44681586e38ae6c48856416da8ac0e56c7cf6930,-10.156588603588379,160,182,182,True,0,CONVERGENCE: RELATIVE REDUCTION OF F <= FACTR*EPSMCH,4.882902509306675e-05,0.03273195802466944,-10.251661790966029,0.011884148422206309,0.9644990889680193,0.18933645320012693,0.12258608258338843,0.07488131769830475,0.7156101796336818,False,False,False,12,128,104,232,149,245,25ee14915fc7f3dbdcad0c4e71a9eef2ebc6defb08f261b0bc3b78cb1ce505e7
p02_L4_s23,2,0,1.0,4,23,independent_uniform,2026-09-22T03:41:34.357620+00:00,c801c888d20466da9f44228c44681586e38ae6c48856416da8ac0e56c7cf6930,-10.213709144458083,107,127,127,True,0,CONVERGENCE: RELATIVE REDUCTION OF F <= FACTR*EPSMCH,9.810650594133108e-06,0.02274754099198617,-10.251661790966029,0.004744080813493312,0.9880348367457965,0.09981635902878039,0.06258304522704505,0.03654646953192442,0.6772753314673015,False,False,False,12,128,104,232,149,245,9976ae689dc265cb56e5d54886e2c7913df98986c3f6f928d1ca599bc109f816
p02_L4_s37,2,0,1.0,4,37,independent_uniform,2026-09-22T03:41:34.384408+00:00,c801c888d20466da9f44228c44681586e38ae6c48856416da8ac0e56c7cf6930,-10.22680669339022,209,238,238,True,0,CONVERGENCE: RELATIVE REDUCTION OF F <= FACTR*EPSMCH,1.2079941667408889e-05,0.04280725002172403,-10.251661790966029,0.0031068871969761602,0.9944368566271534,0.053139902251353954,0.03685879532215286,0.024211216500079957,0.664940078435457,False,True,False,12,128,104,232,149,245,baf64c648358a171441ed98e5d40c697a49a83fe19dc1fbf435b880b795be49f
p02_L6_s11,2,0,1.0,6,11,independent_uniform,2026-09-22T03:41:34.431413+00:00,c801c888d20466da9f44228c44681586e38ae6c48856416da8ac0e56c7cf6930,-10.251661374710634,400,456,456,False,1,STOP: TOTAL NO. OF ITERATIONS REACHED LIMIT,0.0006398631830943913,0.11989516601897776,-10.251661790966029,5.203192432468029e-08,0.9999999481925466,7.35102887507999e-05,5.418478813679073e-05,4.257516697170338e-05,0.6406862867684053,True,True,True,18,192,152,344,223,367,52503be0c1a16c6dd5726393795e0e35062ca2ba03191bf8f0426dbbd476867b
p02_L6_s23,2,0,1.0,6,23,independent_uniform,2026-09-22T03:41:34.557658+00:00,c801c888d20466da9f44228c44681586e38ae6c48856416da8ac0e56c7cf6930,-10.21936256684746,400,435,435,False,1,STOP: TOTAL NO. OF ITERATIONS REACHED LIMIT,0.0003330643801727762,0.11461212500580586,-10.251661790966029,0.004037403014821139,0.9918943064485986,0.08245369479952913,0.05051163772894873,0.028251320433996252,0.6689801823693733,False,True,False,18,192,152,344,223,367,fbcdc77c4796ea8ede474c0df03e7b6e003643a1aa353eb51428bb56ec6c2de2
p02_L6_s37,2,0,1.0,6,37,independent_uniform,2026-09-22T03:41:34.678694+00:00,c801c888d20466da9f44228c44681586e38ae6c48856416da8ac0e56c7cf6930,-10.24389859884193,400,426,426,False,1,STOP: TOTAL NO. OF ITERATIONS REACHED LIMIT,0.0007614741634087707,0.10931108400109224,-10.251661790966029,0.0009703990155123243,0.9989052839507767,0.02089658416605622,0.01381143897579662,0.009144655901330956,0.649873517836708,False,True,False,18,192,152,344,223,367,3001db2b2cbccd8673c425efd5021b92cd22b0b36e906e39de1a50304c062afc
p02_L8_s11,2,0,1.0,8,11,results/calibration_v1/runs/p02_L6_s11.npz,2026-09-22T03:42:19.841250+00:00,c801c888d20466da9f44228c44681586e38ae6c48856416da8ac0e56c7cf6930,-10.25166161714758,291,313,313,True,0,CONVERGENCE: RELATIVE REDUCTION OF F <= FACTR*EPSMCH,3.0041692951954246e-05,0.11049325001658872,-10.251661790966029,2.1727306176444472e-08,0.9999999804296223,2.1038945972273737e-05,7.246414813977253e-06,1.9668814921214306e-06,0.6407308288168692,True,True,True,24,256,200,456,297,489,6f9e4135d7f0f50cc99eb5d58a8ff8638dd23cc8eca8d513753069b35a0d3c87
p02_L8_s23,2,0,1.0,8,23,results/calibration_v1/runs/p02_L6_s23.npz,2026-09-22T03:42:19.960829+00:00,c801c888d20466da9f44228c44681586e38ae6c48856416da8ac0e56c7cf6930,-10.249621795262769,400,428,428,False,1,STOP: TOTAL NO. OF ITERATIONS REACHED LIMIT,0.004415835927157552,0.1511512919969391,-10.251661790966029,0.0002549994629075236,0.9997757953287145,0.00655244982532166,0.0036873618442847533,0.002302196533927714,0.6430310584693048,True,True,True,24,256,200,456,297,489,935dcc38f1e2538fb7ac5e697cd2115654847e16da255fb8db23b0f534ca07f6
p02_L8_s37,2,0,1.0,8,37,results/calibration_v1/runs/p02_L6_s37.npz,2026-09-22T03:42:20.119848+00:00,c801c888d20466da9f44228c44681586e38ae6c48856416da8ac0e56c7cf6930,-10.24769150264909,400,427,427,False,1,STOP: TOTAL NO. OF ITERATIONS REACHED LIMIT,0.010605977881416706,0.14750458300113678,-10.251661790966029,0.0004962860396173774,0.999518262433882,0.012646481813053667,0.008277679258584802,0.005205290403689666,0.6459341523390667,True,True,True,24,256,200,456,297,489,2222c651b66469cdb0a3c4f4c32466c1bd08dc0cc64d3f2df5a4a82335da11ad
p03_L1_s11,3,0,1.1,1,11,independent_uniform,2026-09-22T03:41:34.794470+00:00,c801c888d20466da9f44228c44681586e38ae6c48856416da8ac0e56c7cf6930,-10.54968571996924,13,21,21,True,0,CONVERGENCE: RELATIVE REDUCTION OF F <= FACTR*EPSMCH,7.189546380459433e-08,0.0013167090073693544,-10.79526767237469,0.030697744050681264,0.8743376692487115,0.3696344890131982,0.23598920599492135,0.11143062630560885,0.8270935594655862,False,False,False,3,32,32,64,38,62,3a980d902604302f518d413016b0d7d06a3f53ca5a0b95288e9425b50ab61a5a
p03_L1_s23,3,0,1.1,1,23,independent_uniform,2026-09-22T03:41:34.797746+00:00,c801c888d20466da9f44228c44681586e38ae6c48856416da8ac0e56c7cf6930,-10.549685719969233,14,20,20,True,0,CONVERGENCE: NORM OF PROJECTED GRADIENT <= PGTOL,9.674565148998227e-09,0.0012884160096291453,-10.79526767237469,0.030697744050682152,0.8743376683261405,0.36963448947249355,0.23598920736292528,0.11143062824171479,0.8270935614016921,False,False,False,3,32,32,64,38,62,1729f5a8983e9a934967042764a6a06a8cba8f7a8d42914c23271a1163716829
p03_L1_s37,3,0,1.1,1,37,independent_uniform,2026-09-22T03:41:34.800993+00:00,c801c888d20466da9f44228c44681586e38ae6c48856416da8ac0e56c7cf6930,-10.54968571996923,11,14,14,True,0,CONVERGENCE: RELATIVE REDUCTION OF F <= FACTR*EPSMCH,1.2397867266145113e-07,0.0009212499717250466,-10.79526767237469,0.030697744050682596,0.8743376691705663,0.369634489332933,0.23598920700954001,0.11143062796048009,0.8270935611204574,False,False,False,3,32,32,64,38,62,2f10b3e310cd1934c32987a1723ebc27b730ff6bfaa0e59bc8f99b97b6fc00ed
p03_L2_s11,3,0,1.1,2,11,independent_uniform,2026-09-22T03:41:34.803712+00:00,c801c888d20466da9f44228c44681586e38ae6c48856416da8ac0e56c7cf6930,-10.623340604757498,34,42,42,True,0,CONVERGENCE: RELATIVE REDUCTION OF F <= FACTR*EPSMCH,8.915078648641384e-07,0.004348708025645465,-10.79526767237469,0.021490883452149,0.9111097243888335,0.29589050502998193,0.18947634523711532,0.09084165829746715,0.8065045914574445,False,False,False,6,64,56,120,75,123,f728d87037d3df574614f58ae8c0370ba50d25811d31deca956779ff57daa699
p03_L2_s23,3,0,1.1,2,23,independent_uniform,2026-09-22T03:41:34.810580+00:00,c801c888d20466da9f44228c44681586e38ae6c48856416da8ac0e56c7cf6930,-10.638223523590462,39,51,51,True,0,CONVERGENCE: RELATIVE REDUCTION OF F <= FACTR*EPSMCH,1.8896993576600352e-06,0.005304749996867031,-10.79526767237469,0.019630518598028557,0.9197289123221752,0.31625163295300224,0.1928037004768155,0.086316644190775,0.8019795773507523,False,False,False,6,64,56,120,75,123,a900af16371083eb7d58ac552a4f1c1aaf45706d6cc7244736be876573234ab3
p03_L2_s37,3,0,1.1,2,37,independent_uniform,2026-09-22T03:41:34.818883+00:00,c801c888d20466da9f44228c44681586e38ae6c48856416da8ac0e56c7cf6930,-10.678395091150975,32,42,42,True,0,CONVERGENCE: RELATIVE REDUCTION OF F <= FACTR*EPSMCH,7.548194574269473e-06,0.004346792004071176,-10.79526767237469,0.014609072652964405,0.9493155362770486,0.17605731574482658,0.1250477163407877,0.07212457774946635,0.7877875109094437,False,False,False,6,64,56,120,75,123,8ec298b4d8b619ac9a947ed89cca20e4b3e32e8f68466de40d9d48542dd32658
p03_L4_s11,3,0,1.1,4,11,independent_uniform,2026-09-22T03:41:34.825884+00:00,c801c888d20466da9f44228c44681586e38ae6c48856416da8ac0e56c7cf6930,-10.780378483807967,201,239,239,True,0,CONVERGENCE: RELATIVE REDUCTION OF F <= FACTR*EPSMCH,5.202819933103342e-06,0.04376495801261626,-10.79526767237469,0.0018611485708404096,0.9968801572186083,0.03410158301788502,0.02437783326107834,0.015239985272055945,0.7309029184320333,False,True,False,12,128,104,232,149,245,edcc700190ec46d5dd01a677dfc3fc7856f2c7f824303533d70e3383905f7c77
p03_L4_s23,3,0,1.1,4,23,independent_uniform,2026-09-22T03:41:34.873649+00:00,c801c888d20466da9f44228c44681586e38ae6c48856416da8ac0e56c7cf6930,-10.723016225809802,157,175,175,True,0,CONVERGENCE: RELATIVE REDUCTION OF F <= FACTR*EPSMCH,3.037847164222285e-05,0.031470042013097554,-10.79526767237469,0.009031430820610975,0.9707739375208643,0.19230323586001158,0.11131397749159033,0.0534462893332468,0.7691092224932241,False,False,False,12,128,104,232,149,245,14b82a3089a8093634040d47450bf1ff0ca0a4a15b1ef92cdffacca10487ca9f
p03_L4_s37,3,0,1.1,4,37,independent_uniform,2026-09-22T03:41:34.909426+00:00,c801c888d20466da9f44228c44681586e38ae6c48856416da8ac0e56c7cf6930,-10.78987520655635,162,189,189,True,0,CONVERGENCE: RELATIVE REDUCTION OF F <= FACTR*EPSMCH,9.031017556893062e-06,0.03418275000876747,-10.79526767237469,0.0006740582272926066,0.9991401780729077,0.013640743345228856,0.008760724278165433,0.005068071986022549,0.7207310051459999,True,True,True,12,128,104,232,149,245,594a05e04008b35910cb0e5882d8edf1c946873016ec3a3c8d003acac31203e0
p03_L6_s11,3,0,1.1,6,11,independent_uniform,2026-09-22T03:41:34.947753+00:00,c801c888d20466da9f44228c44681586e38ae6c48856416da8ac0e56c7cf6930,-10.793031115508981,400,437,437,False,1,STOP: TOTAL NO. OF ITERATIONS REACHED LIMIT,0.0017740213201058452,0.11476779202348553,-10.79526767237469,0.00027956960821362564,0.9997139405676965,0.007668293729661435,0.005123260674567698,0.002957878802572589,0.7186208119625499,True,True,True,18,192,152,344,223,367,9c00d60c96775d3b4e8a0e1a69a595502e32fac10e03a7d3ddfc9f54ee7f20b8
p03_L6_s23,3,0,1.1,6,23,independent_uniform,2026-09-22T03:41:35.068356+00:00,c801c888d20466da9f44228c44681586e38ae6c48856416da8ac0e56c7cf6930,-10.789354091801261,400,438,438,False,1,STOP: TOTAL NO. OF ITERATIONS REACHED LIMIT,0.011669172989826393,0.1133620000036899,-10.79526767237469,0.0007391975716786181,0.9991939512901409,0.014454569547628249,0.009893759286144332,0.005935287311090942,0.7215982204710683,True,True,True,18,192,152,344,223,367,2c60790d80e841e36fde0bbc84c80d2953c2f48b57f893d32e7bb407e1251daf
p03_L6_s37,3,0,1.1,6,37,independent_uniform,2026-09-22T03:41:35.187226+00:00,c801c888d20466da9f44228c44681586e38ae6c48856416da8ac0e56c7cf6930,-10.795267667210135,223,255,255,True,0,CONVERGENCE: RELATIVE REDUCTION OF F <= FACTR*EPSMCH,2.4590903043630874e-05,0.06573441700311378,-10.79526767237469,6.455693757345671e-10,0.9999999995119553,6.291791951884562e-07,2.51715007060227e-07,5.713942052842924e-07,0.7156635045541826,True,True,True,18,192,152,344,223,367,b91ecf8611be553958996bd47972514e64ee4b056be67a58d5dab7fa6d107d8c
p04_L1_s11,4,0,1.8,1,11,independent_uniform,2026-09-22T03:41:35.259083+00:00,c801c888d20466da9f44228c44681586e38ae6c48856416da8ac0e56c7cf6930,-15.50435128462536,9,12,12,True,0,CONVERGENCE: RELATIVE REDUCTION OF F <= FACTR*EPSMCH,8.027937070664848e-08,0.0007932500157039613,-15.537373407725461,0.004127765387512694,0.9932876682476106,0.05346148429539134,0.03237515257896584,0.008831810230768289,0.9251581027583045,False,True,False,3,32,32,64,38,62,fc02e25b510935027d099a91c85dd819b288ff6b9a0fd0812570de0afafca70f
p04_L1_s23,4,0,1.8,1,23,independent_uniform,2026-09-22T03:41:35.261728+00:00,c801c888d20466da9f44228c44681586e38ae6c48856416da8ac0e56c7cf6930,-15.50435128462537,10,14,14,True,0,CONVERGENCE: RELATIVE REDUCTION OF F <= FACTR*EPSMCH,1.0933276151092741e-07,0.0008903749985620379,-15.537373407725461,0.004127765387511362,0.9932876681580393,0.05346148460154465,0.03237515255820189,0.008831809445252636,0.9251581019727888,False,True,False,3,32,32,64,38,62,4b1798f91c7db17287fac187f79faadd91d018b387a295212ad5f188cbe9b1f5
p04_L1_s37,4,0,1.8,1,37,independent_uniform,2026-09-22T03:41:35.264784+00:00,c801c888d20466da9f44228c44681586e38ae6c48856416da8ac0e56c7cf6930,-15.504351284625354,11,13,13,True,0,CONVERGENCE: NORM OF PROJECTED GRADIENT <= PGTOL,7.278657676579314e-09,0.0009913750109262764,-15.537373407725461,0.00412776538751336,0.993287668150097,0.05346148436136522,0.032375152290719744,0.008831809581920425,0.9251581021094566,False,True,False,3,32,32,64,38,62,4ac2568044fbb0b624c3dcf640997d501a7efb6ebdf9bd73edd3481fa6a8d0c7
p04_L2_s11,4,0,1.8,2,11,independent_uniform,2026-09-22T03:41:35.268127+00:00,c801c888d20466da9f44228c44681586e38ae6c48856416da8ac0e56c7cf6930,-15.532674243875515,47,61,61,True,0,CONVERGENCE: RELATIVE REDUCTION OF F <= FACTR*EPSMCH,2.0457269695128844e-05,0.006025290989782661,-15.537373407725461,0.0005873954812432025,0.9992632664269275,0.007491277614401937,0.00418011066998758,0.0023479320534337544,0.9186742245809699,True,True,True,6,64,56,120,75,123,0a95ea56b5f8e7a838c90a832b24396ddff3d087b5a45b7a2fb18a3de14cfdb4
p04_L2_s23,4,0,1.8,2,23,independent_uniform,2026-09-22T03:41:35.276764+00:00,c801c888d20466da9f44228c44681586e38ae6c48856416da8ac0e56c7cf6930,-15.522055995932444,37,41,41,True,0,CONVERGENCE: RELATIVE REDUCTION OF F <= FACTR*EPSMCH,7.355687614563067e-08,0.00421333298436366,-15.537373407725461,0.0019146764741271305,0.9966754186766076,0.04710429598961883,0.026167654450357236,0.00586366287662865,0.9221899554041648,False,True,False,6,64,56,120,75,123,77c511e4c273a8ab70803f90b6ef9ac8316936dcae3bba752a6f18d708e91a40
p04_L2_s37,4,0,1.8,2,37,independent_uniform,2026-09-22T03:41:35.283530+00:00,c801c888d20466da9f44228c44681586e38ae6c48856416da8ac0e56c7cf6930,-15.524212557080347,48,55,55,True,0,CONVERGENCE: RELATIVE REDUCTION OF F <= FACTR*EPSMCH,1.9951377652205338e-06,0.005548583983909339,-15.537373407725461,0.001645106330639301,0.997202271024523,0.02995887383722032,0.019253938788585556,0.0049626511844531596,0.9212889437119893,False,True,False,6,64,56,120,75,123,e9b776927a4f58621e4e671d8059c56227f2cc1a011454408d3aff1e9bbe5b6c
p04_L4_s11,4,0,1.8,4,11,independent_uniform,2026-09-22T03:41:35.291530+00:00,c801c888d20466da9f44228c44681586e38ae6c48856416da8ac0e56c7cf6930,-15.536876758626809,400,441,441,False,1,STOP: TOTAL NO. OF ITERATIONS REACHED LIMIT,0.0029946106698028885,0.07964187499601394,-15.537373407725461,6.208113733152665e-05,0.9999592756765006,0.002172020242059411,0.0012437364748361657,0.00036853615080367774,0.9166948286783398,True,True,True,12,128,104,232,149,245,d30d32807102b7ad6e927c19b43e6f55fbfc2aa0d934ca29816747cad2db22bc
p04_L4_s23,4,0,1.8,4,23,independent_uniform,2026-09-22T03:41:35.376130+00:00,c801c888d20466da9f44228c44681586e38ae6c48856416da8ac0e56c7cf6930,-15.537135414808528,400,452,452,False,1,STOP: TOTAL NO. OF ITERATIONS REACHED LIMIT,0.012206901130472403,0.08201312500750646,-15.537373407725461,2.9749114616617334e-05,0.9999809150587307,0.0005022514335088213,0.00022807919988016012,7.654522532973829e-05,0.9164028377528659,True,True,True,12,128,104,232,149,245,21c12b18c7c20c8a055a7adfab5c27ab29b692e54a1b6edd682a88c9e8d7665e
p04_L4_s37,4,0,1.8,4,37,independent_uniform,2026-09-22T03:41:35.463146+00:00,c801c888d20466da9f44228c44681586e38ae6c48856416da8ac0e56c7cf6930,-15.536998936630486,400,446,446,False,1,STOP: TOTAL NO. OF ITERATIONS REACHED LIMIT,3.37992046093305e-05,0.0809239580121357,-15.537373407725461,4.680888687191853e-05,0.9999701459591608,0.0021097003707932147,0.0010680235078561195,0.00030748337538155646,0.9166337759029177,True,True,True,12,128,104,232,149,245,3dee7eb9610596e7544098779c98443e210d94803b91195349013d14ce4e5b60
p04_L6_s11,4,0,1.8,6,11,independent_uniform,2026-09-22T03:41:35.548736+00:00,c801c888d20466da9f44228c44681586e38ae6c48856416da8ac0e56c7cf6930,-15.537255710288528,400,431,431,False,1,STOP: TOTAL NO. OF ITERATIONS REACHED LIMIT,0.0004496989906312976,0.11296058399602771,-15.537373407725461,1.4712179616571675e-05,0.9999916212812994,0.0001997911516277706,5.459938704352463e-05,6.498929030651635e-05,0.9163912818178427,True,True,True,18,192,152,344,223,367,780d53054ca5bd1ca321d5cfc822e712d3ddbfd34feda9768b6e55bd4001a6c1
p04_L6_s23,4,0,1.8,6,23,independent_uniform,2026-09-22T03:41:35.667645+00:00,c801c888d20466da9f44228c44681586e38ae6c48856416da8ac0e56c7cf6930,-15.537346254286716,400,432,432,False,1,STOP: TOTAL NO. OF ITERATIONS REACHED LIMIT,0.0017515375231855757,0.11284333301591687,-15.537373407725461,3.394179843185796e-06,0.9999982262084216,6.854902586175826e-05,4.001661653590949e-05,2.56234489039997e-05,0.9163519159764402,True,True,True,18,192,152,344,223,367,29b21b411b8188152609133b60902457136009ea3190c15f1f00e0871263e842
p04_L6_s37,4,0,1.8,6,37,independent_uniform,2026-09-22T03:41:35.786324+00:00,c801c888d20466da9f44228c44681586e38ae6c48856416da8ac0e56c7cf6930,-15.53728270617936,400,437,437,False,1,STOP: TOTAL NO. OF ITERATIONS REACHED LIMIT,0.002864749666525057,0.11510237498441711,-15.537373407725461,1.1337693262669646e-05,0.9999930446409331,0.0008884697507354558,0.0003524625310055707,6.723199864211438e-05,0.9163935245261783,True,True,True,18,192,152,344,223,367,a95ab2c0da9aff4fb0ecc72d8b91b39932cd7e31d6d8fb0645c8be1d0ae71309
p05_L1_s11,5,0.3,0.2,1,11,independent_uniform,2026-09-22T03:41:35.907882+00:00,c801c888d20466da9f44228c44681586e38ae6c48856416da8ac0e56c7cf6930,-4.918482245656049,15,22,22,True,0,CONVERGENCE: RELATIVE REDUCTION OF F <= FACTR*EPSMCH,1.7430680232521922e-08,0.0014033750048838556,-5.7166106218794495,0.09976604702792502,0.31270438274347523,0.9546804347976123,0.6183022164396439,0.3726446523175566,0.5216412855093239,False,False,False,3,32,32,64,38,62,b5026a4b862201a09930feaaac02c870f5eb3bd6d1d96695439d5755c99f5508
p05_L1_s23,5,0.3,0.2,1,23,independent_uniform,2026-09-22T03:41:35.911191+00:00,c801c888d20466da9f44228c44681586e38ae6c48856416da8ac0e56c7cf6930,-4.918482245656051,12,33,33,True,0,CONVERGENCE: RELATIVE REDUCTION OF F <= FACTR*EPSMCH,1.568902605608713e-07,0.0019876670266967267,-5.7166106218794495,0.0997660470279248,0.3127043843837275,0.9546804342971897,0.6183022151584492,0.37264464508649553,0.5216412782782628,False,False,False,3,32,32,64,38,62,1c3f2ec70565350751c0cff7de0be050ee8237b8a0c557071f81155314945fc6
p05_L1_s37,5,0.3,0.2,1,37,independent_uniform,2026-09-22T03:41:35.915384+00:00,c801c888d20466da9f44228c44681586e38ae6c48856416da8ac0e56c7cf6930,-4.9184822456560475,11,13,13,True,0,CONVERGENCE: NORM OF PROJECTED GRADIENT <= PGTOL,2.524504605361244e-09,0.0008865840209182352,-5.7166106218794495,0.09976604702792524,0.3127043827155127,0.9546804347975397,0.6183022164086391,0.37264465168873495,0.5216412848805022,False,False,False,3,32,32,64,38,62,49e3cbe6902f880b2f0989795727d4914a767ac17e249e49335f8266fd9a29e7
p05_L2_s11,5,0.3,0.2,2,11,independent_uniform,2026-09-22T03:41:35.918311+00:00,c801c888d20466da9f44228c44681586e38ae6c48856416da8ac0e56c7cf6930,-5.122027142502143,36,48,48,True,0,CONVERGENCE: RELATIVE REDUCTION OF F <= FACTR*EPSMCH,1.5469266045897712e-07,0.0047308329958468676,-5.7166106218794495,0.07432293492216335,0.4394208413539776,0.8191888804661634,0.510022702502591,0.28662382383238694,0.4356204570241542,False,False,False,6,64,56,120,75,123,83a169900b6ae96464d8b5b93208f69ef66b2f29186aec0b187e8f3d0fc2edc2
p05_L2_s23,5,0.3,0.2,2,23,independent_uniform,2026-09-22T03:41:35.925415+00:00,c801c888d20466da9f44228c44681586e38ae6c48856416da8ac0e56c7cf6930,-5.159282620555421,22,25,25,True,0,CONVERGENCE: RELATIVE REDUCTION OF F <= FACTR*EPSMCH,5.780768961294314e-06,0.002596709004137665,-5.7166106218794495,0.0696660001655035,0.47999236751087254,0.7686587488646546,0.47448807571648544,0.2639887618924598,0.41298539508422705,False,False,False,6,64,56,120,75,123,43731a628e6beebdc8554ba9d57af3a1868776cf27cc43ab5ff1cd2b4380493c
p05_L2_s37,5,0.3,0.2,2,37,independent_uniform,2026-09-22T03:41:35.930346+00:00,c801c888d20466da9f44228c44681586e38ae6c48856416da8ac0e56c7cf6930,-5.164609928971343,38,52,52,True,0,CONVERGENCE: RELATIVE REDUCTION OF F <= FACTR*EPSMCH,5.863415092122182e-06,0.005384374991990626,-5.7166106218794495,0.06900008661351331,0.46330557037757,0.8366400091955386,0.5128362102034182,0.2778539827780856,0.42685061596985285,False,False,False,6,64,56,120,75,123,7d679b7a38b5bd4bf39d9d65f268fd9e939e454c274a7a81fb3beb4979085ec7
p05_L4_s11,5,0.3,0.2,4,11,independent_uniform,2026-09-22T03:41:35.938258+00:00,c801c888d20466da9f44228c44681586e38ae6c48856416da8ac0e56c7cf6930,-5.5296087140238015,94,116,116,True,0,CONVERGENCE: RELATIVE REDUCTION OF F <= FACTR*EPSMCH,1.0785684506631199e-05,0.02125483300187625,-5.7166106218794495,0.023375238481955996,0.8811982220293935,0.2223448962398955,0.13378322944741072,0.08021564996726671,0.22921228315903397,False,False,False,12,128,104,232,149,245,390f322ccd29560053eafc14c8f47116a5b7421f40518241bc8bb2ce2fd90f5d
p05_L4_s23,5,0.3,0.2,4,23,independent_uniform,2026-09-22T03:41:35.963520+00:00,c801c888d20466da9f44228c44681586e38ae6c48856416da8ac0e56c7cf6930,-5.389398088227793,92,106,106,True,0,CONVERGENCE: RELATIVE REDUCTION OF F <= FACTR*EPSMCH,1.3351805204897538e-05,0.019597208010964096,-5.7166106218794495,0.04090156670645706,0.7345882106578396,0.40795247213563945,0.25691331770244585,0.13804261478081808,0.28703924797258534,False,False,False,12,128,104,232,149,245,c97a1944f257d97ecac351ab40702569c07540caf75c07aefc1498bf3e040683
p05_L4_s37,5,0.3,0.2,4,37,independent_uniform,2026-09-22T03:41:35.987197+00:00,c801c888d20466da9f44228c44681586e38ae6c48856416da8ac0e56c7cf6930,-5.551832745411625,85,101,101,True,0,CONVERGENCE: RELATIVE REDUCTION OF F <= FACTR*EPSMCH,7.481498488726146e-06,0.018351999984588474,-5.7166106218794495,0.02059723455847806,0.8682141922806763,0.24023878767924156,0.14252001498390932,0.08187496240951245,0.2308715956012797,False,False,False,12,128,104,232,149,245,b2b0546008af577cbc08a817babb9fd74e11ada6afb146a68180d9e042699d23
p05_L6_s11,5,0.3,0.2,6,11,independent_uniform,2026-09-22T03:41:36.009440+00:00,c801c888d20466da9f44228c44681586e38ae6c48856416da8ac0e56c7cf6930,-5.716592402794108,400,432,432,False,1,STOP: TOTAL NO. OF ITERATIONS REACHED LIMIT,0.00010915965684521467,0.11352775001432747,-5.7166106218794495,2.2773856677149595e-06,0.999996307946965,5.057517211493057e-05,2.7411193953108537e-05,5.038737316645503e-05,0.1489462458186008,True,True,True,18,192,152,344,223,367,3d2329e896d6fd1c2eb0f08336e906b93d54eef759c7c9bb9beb4cef701f35a0
p05_L6_s23,5,0.3,0.2,6,23,independent_uniform,2026-09-22T03:41:36.128478+00:00,c801c888d20466da9f44228c44681586e38ae6c48856416da8ac0e56c7cf6930,-5.709106532809743,350,377,377,True,0,CONVERGENCE: RELATIVE REDUCTION OF F <= FACTR*EPSMCH,6.258766796385373e-06,0.09971899999072775,-5.7166106218794495,0.000938011133713279,0.9977940572999434,0.001959549361229107,0.0014848812473465811,0.0008124031778550811,0.14980903636962234,True,True,True,18,192,152,344,223,367,5dea06bdc2f92c2ebbdcc5c4dbece5ead351e5b41e6efc29e500f33b739bd734
p05_L6_s37,5,0.3,0.2,6,37,independent_uniform,2026-09-22T03:41:36.234099+00:00,c801c888d20466da9f44228c44681586e38ae6c48856416da8ac0e56c7cf6930,-5.716603282932726,400,456,456,False,1,STOP: TOTAL NO. OF ITERATIONS REACHED LIMIT,0.0003853576070369513,0.12029074999736622,-5.7166106218794495,9.17368340402902e-07,0.9999985101815436,2.172660039767571e-05,7.380462884287731e-06,1.358532685621916e-05,0.14898304786491104,True,True,True,18,192,152,344,223,367,f29eef7e1712eb08a3f4911e66ab7d34c7d4d4e0f1261be316e7145859c6635b
p06_L1_s11,6,0.3,0.4,1,11,independent_uniform,2026-09-22T03:41:36.360963+00:00,c801c888d20466da9f44228c44681586e38ae6c48856416da8ac0e56c7cf6930,-5.841525891960524,10,13,13,True,0,CONVERGENCE: RELATIVE REDUCTION OF F <= FACTR*EPSMCH,1.9565519870923254e-07,0.0008727079839445651,-6.117272574494557,0.034468335316754084,0.6071026276519429,0.736492649045208,0.4756519921233143,0.24599674489339252,0.6325327121216955,False,False,False,3,32,32,64,38,62,b9c3f151ca62d473ab3498831681629766749bf1ee1ad2adf5889e9094ec62f9
p06_L1_s23,6,0.3,0.4,1,23,independent_uniform,2026-09-22T03:41:36.363843+00:00,c801c888d20466da9f44228c44681586e38ae6c48856416da8ac0e56c7cf6930,-5.841525891960529,12,15,15,True,0,CONVERGENCE: RELATIVE REDUCTION OF F <= FACTR*EPSMCH,8.236843385134307e-08,0.001115124992793426,-6.117272574494557,0.03446833531675342,0.6071026244287624,0.736492650009157,0.475651993234315,0.24599674105921654,0.6325327082875195,False,False,False,3,32,32,64,38,62,a0f16b3890b6739af1f5f7d530598c1a9df5ebae2746a97063a3218132158f01
p06_L1_s37,6,0.3,0.4,1,37,independent_uniform,2026-09-22T03:41:36.367123+00:00,c801c888d20466da9f44228c44681586e38ae6c48856416da8ac0e56c7cf6930,-5.8415258919605275,8,10,10,True,0,CONVERGENCE: RELATIVE REDUCTION OF F <= FACTR*EPSMCH,1.2580457564581593e-08,0.0006962500046938658,-6.117272574494557,0.03446833531675364,0.6071026262272354,0.7364926495380965,0.47565199216495446,0.24599674000563898,0.632532707233942,False,False,False,3,32,32,64,38,62,72a596b2dc64a824345f79877371e74dacc0274b15015f0b18d38f7f7a69af2b
p06_L2_s11,6,0.3,0.4,2,11,independent_uniform,2026-09-22T03:41:36.369681+00:00,c801c888d20466da9f44228c44681586e38ae6c48856416da8ac0e56c7cf6930,-5.955332684617293,27,31,31,True,0,CONVERGENCE: RELATIVE REDUCTION OF F <= FACTR*EPSMCH,6.096783238263015e-07,0.003220957994926721,-6.117272574494557,0.020242486234657964,0.7052206525354604,0.6921662248752043,0.4330547717452362,0.21214228431533666,0.5986782515436396,False,False,False,6,64,56,120,75,123,46a775df2550cdeb56bf107a3e80d7d90d51f1338c077b068deef6a6754604bd
p06_L2_s23,6,0.3,0.4,2,23,independent_uniform,2026-09-22T03:41:36.375289+00:00,c801c888d20466da9f44228c44681586e38ae6c48856416da8ac0e56c7cf6930,-5.953777193541799,39,47,47,True,0,CONVERGENCE: RELATIVE REDUCTION OF F <= FACTR*EPSMCH,1.6648613261338596e-06,0.004848666983889416,-6.117272574494557,0.02043692261909469,0.7158415390454826,0.5637091877375544,0.35976004988234794,0.18732665263416115,0.5738626198624641,False,False,False,6,64,56,120,75,123,1c4013d6587ff8f2c2ef0a7283330415f3bd1150cb7c599621f136a85e351a9c
p06_L2_s37,6,0.3,0.4,2,37,independent_uniform,2026-09-22T03:41:36.382996+00:00,c801c888d20466da9f44228c44681586e38ae6c48856416da8ac0e56c7cf6930,-5.95533268461672,24,26,26,True,0,CONVERGENCE: RELATIVE REDUCTION OF F <= FACTR*EPSMCH,7.299727921683541e-06,0.0026562080020084977,-6.117272574494557,0.020242486234729573,0.7052207067828193,0.69216617204625,0.4330546904114767,0.21214202054842812,0.5986779877767311,False,False,False,6,64,56,120,75,123,fd1d4cf708236669332c86dc4ac913e8f3a8f62124e330927a4b41cd52dfd6e5
p06_L4_s11,6,0.3,0.4,4,11,independent_uniform,2026-09-22T03:41:36.388059+00:00,c801c888d20466da9f44228c44681586e38ae6c48856416da8ac0e56c7cf6930,-6.090261888086163,154,193,193,True,0,CONVERGENCE: RELATIVE REDUCTION OF F <= FACTR*EPSMCH,5.214749697779464e-06,0.0361946250195615,-6.117272574494557,0.003376335801049235,0.9728263522902282,0.13680718306760098,0.08873175273961553,0.05144387130979,0.43797983853809297,False,False,False,12,128,104,232,149,245,f69e3048de869a402fae65eb42fc423de139d5d56c58567a8106900a0d085955
p06_L4_s23,6,0.3,0.4,4,23,independent_uniform,2026-09-22T03:41:36.428263+00:00,c801c888d20466da9f44228c44681586e38ae6c48856416da8ac0e56c7cf6930,-6.07415142797974,147,169,169,True,0,CONVERGENCE: RELATIVE REDUCTION OF F <= FACTR*EPSMCH,8.164597023352371e-06,0.030766375013627112,-6.117272574494557,0.005390143314352058,0.9366457361347896,0.2402724655491888,0.14821328157643532,0.08057276356191168,0.46710873079021464,False,False,False,12,128,104,232,149,245,a2b77284abba90a9a9a061dfcf47db7a27ce6150172dd19621808996a4353293
p06_L4_s37,6,0.3,0.4,4,37,independent_uniform,2026-09-22T03:41:36.462980+00:00,c801c888d20466da9f44228c44681586e38ae6c48856416da8ac0e56c7cf6930,-6.086779510436681,171,195,195,True,0,CONVERGENCE: RELATIVE REDUCTION OF F <= FACTR*EPSMCH,1.137331063105762e-05,0.0358096249983646,-6.117272574494557,0.0038116330072344162,0.9605624171634445,0.2011897572863912,0.12145045815553734,0.06495793804999034,0.4514939052782933,False,False,False,12,128,104,232,149,245,62ad14a3f8bda52b6c7e9455c098567711a7cba061ecb964a0b045f9d3df3dbb
p06_L6_s11,6,0.3,0.4,6,11,independent_uniform,2026-09-22T03:41:36.502672+00:00,c801c888d20466da9f44228c44681586e38ae6c48856416da8ac0e56c7cf6930,-6.10675771133893,400,432,432,False,1,STOP: TOTAL NO. OF ITERATIONS REACHED LIMIT,3.1876796839469534e-05,0.11422370799118653,-6.117272574494557,0.001314357894453333,0.9921131816838797,0.07627636053154119,0.04845063610694178,0.029949270576780485,0.41648523780508345,False,True,False,18,192,152,344,223,367,d5c3e87d77db13e75ee9845cb9ee8cb81efbdd35ff45bd70987bdc373312b23b
p06_L6_s23,6,0.3,0.4,6,23,independent_uniform,2026-09-22T03:41:36.622314+00:00,c801c888d20466da9f44228c44681586e38ae6c48856416da8ac0e56c7cf6930,-6.11699517973755,400,440,440,False,1,STOP: TOTAL NO. OF ITERATIONS REACHED LIMIT,0.00101347841250643,0.1148810830200091,-6.117272574494557,3.467434462578467e-05,0.9999333336490757,0.0008942562303586588,0.0004679547343410251,0.00026158895379208014,0.3862743782745109,True,True,True,18,192,152,344,223,367,f6a2601cc4f943fe45fb272f54e558f0c6a63212991f67530cced9ad20b425c9
p06_L6_s37,6,0.3,0.4,6,37,independent_uniform,2026-09-22T03:41:36.743456+00:00,c801c888d20466da9f44228c44681586e38ae6c48856416da8ac0e56c7cf6930,-5.802316139019355,184,198,198,True,0,CONVERGENCE: RELATIVE REDUCTION OF F <= FACTR*EPSMCH,1.1044114124114657e-05,0.051673917012522,-6.117272574494557,0.039369554434400156,0.8140465054092686,0.49259592690333176,0.3106879691075092,0.11784038886870596,0.5043763560970089,False,False,False,18,192,152,344,223,367,70bd3b07e538ca4e1dad3d0c5ba44a86c00833bb300255852bde7f30aec73edc
p06_L8_s11,6,0.3,0.4,8,11,results/calibration_v1/runs/p06_L6_s11.npz,2026-09-22T03:42:20.276293+00:00,c801c888d20466da9f44228c44681586e38ae6c48856416da8ac0e56c7cf6930,-6.110200863196431,400,433,433,False,1,STOP: TOTAL NO. OF ITERATIONS REACHED LIMIT,0.0019361844795362515,0.1511111670115497,-6.117272574494557,0.0008839639122657506,0.995339019033774,0.056492018717044346,0.03403323826192062,0.019506714540104553,0.4060426817684075,False,True,False,24,256,200,456,297,489,e705fb1849f7bb519c8e24df777719cc7fef2d65fa885bbbcc2b6c81ac1d8fe5
p06_L8_s23,6,0.3,0.4,8,23,results/calibration_v1/runs/p06_L6_s23.npz,2026-09-22T03:42:20.436402+00:00,c801c888d20466da9f44228c44681586e38ae6c48856416da8ac0e56c7cf6930,-6.117256124993344,400,434,434,False,1,STOP: TOTAL NO. OF ITERATIONS REACHED LIMIT,0.0007037917006081917,0.15148487500846386,-6.117272574494557,2.056187651588992e-06,0.9999974624431331,4.621693043072028e-05,2.9760835080328008e-05,2.5202158559389787e-05,0.38656116938686236,True,True,True,24,256,200,456,297,489,9bedfbebc7a4c57b5f7ca6cefc9de356ccc4ee6129c0ce5b911084a7dd1f83ea
p06_L8_s37,6,0.3,0.4,8,37,results/calibration_v1/runs/p06_L6_s37.npz,2026-09-22T03:42:20.595654+00:00,c801c888d20466da9f44228c44681586e38ae6c48856416da8ac0e56c7cf6930,-6.0548528077493895,400,437,437,False,1,STOP: TOTAL NO. OF ITERATIONS REACHED LIMIT,0.0007447566958758145,0.15597037499537691,-6.117272574494557,0.007802470843145892,0.9567506760627565,0.1745390586727874,0.09961906494079398,0.03666787724492082,0.4232038444732238,False,False,False,24,256,200,456,297,489,bf6ac664df7800e6b5dd186f86ecc161f021ce973287cf5ee9e678803ae0f1c2
p07_L1_s11,7,0.3,0.5,1,11,independent_uniform,2026-09-22T03:41:36.801356+00:00,c801c888d20466da9f44228c44681586e38ae6c48856416da8ac0e56c7cf6930,-6.3692914913007295,8,10,10,True,0,CONVERGENCE: NORM OF PROJECTED GRADIENT <= PGTOL,3.876359677690289e-09,0.0006357090023811907,-6.505194342327285,0.016987856378319455,0.8587804954069219,0.35546265061505533,0.23501622842991732,0.10661842634340957,0.6863284294589533,False,False,False,3,32,32,64,38,62,c2c87a4a128d1dd70bd54c658d92850ec0f4c779514daf3f23468bd7440fd2bd
p07_L1_s23,7,0.3,0.5,1,23,independent_uniform,2026-09-22T03:41:36.803838+00:00,c801c888d20466da9f44228c44681586e38ae6c48856416da8ac0e56c7cf6930,-6.3692914913007295,10,16,16,True,0,CONVERGENCE: RELATIVE REDUCTION OF F <= FACTR*EPSMCH,1.328257237531716e-07,0.0009847920155152678,-6.505194342327285,0.016987856378319455,0.8587804948021535,0.3554626510110655,0.23501622867195848,0.10661842399604804,0.6863284271115918,False,False,False,3,32,32,64,38,62,9fb8d09ee741e66a98069933c70acd29783d7fa1ee2cdd5dd2eb66fe8967a9f3
p07_L1_s37,7,0.3,0.5,1,37,independent_uniform,2026-09-22T03:41:36.806580+00:00,c801c888d20466da9f44228c44681586e38ae6c48856416da8ac0e56c7cf6930,-6.369291491300738,11,14,14,True,0,CONVERGENCE: RELATIVE REDUCTION OF F <= FACTR*EPSMCH,2.169668533724689e-08,0.0008896670187823474,-6.505194342327285,0.016987856378318344,0.8587804953887102,0.35546265054880566,0.23501622837940928,0.1066184266179,0.6863284297334438,False,False,False,3,32,32,64,38,62,f5d97578fa86037eb199065e4744f1fe52e4021ff51e562f03d1c743aac26466
p07_L2_s11,7,0.3,0.5,2,11,independent_uniform,2026-09-22T03:41:36.809241+00:00,c801c888d20466da9f44228c44681586e38ae6c48856416da8ac0e56c7cf6930,-6.44681167944314,67,81,81,True,0,CONVERGENCE: RELATIVE REDUCTION OF F <= FACTR*EPSMCH,1.6588163884723173e-06,0.008360583015019074,-6.505194342327285,0.007297832860518105,0.9115366857906475,0.27742798366167837,0.17760500374316923,0.078459836293303,0.6581698394088468,False,False,False,6,64,56,120,75,123,d85fa1ca54347c9784ac4c15b11af386d60a8f11766a516036a4bf04b81224d7
p07_L2_s23,7,0.3,0.5,2,23,independent_uniform,2026-09-22T03:41:21.213949+00:00,c801c888d20466da9f44228c44681586e38ae6c48856416da8ac0e56c7cf6930,-6.441926516392595,30,33,33,True,0,CONVERGENCE: RELATIVE REDUCTION OF F <= FACTR*EPSMCH,3.92145276251199e-07,0.0038219999987632036,-6.505194342327285,0.00790847824183627,0.9096236909029629,0.36033435984214873,0.2296596196062668,0.09764717489012298,0.6773571780056667,False,False,False,6,64,56,120,75,123,06b9baa5f7de4b510ec1a3e0810ea8b884c6811cc0ecda52409a126bb1672a16
p07_L2_s37,7,0.3,0.5,2,37,independent_uniform,2026-09-22T03:41:36.820616+00:00,c801c888d20466da9f44228c44681586e38ae6c48856416da8ac0e56c7cf6930,-6.446811679443087,40,49,49,True,0,CONVERGENCE: RELATIVE REDUCTION OF F <= FACTR*EPSMCH,3.4781450469756336e-06,0.005040499992901459,-6.505194342327285,0.007297832860524767,0.9115366346890693,0.27742819518146794,0.1776050437122712,0.0784597607203198,0.6581697638358636,False,False,False,6,64,56,120,75,123,beacb7984665e362df6a653391ff578a4b703e8f6e707b57943d0f1fadb97165
p07_L4_s11,7,0.3,0.5,4,11,independent_uniform,2026-09-22T03:41:36.828084+00:00,c801c888d20466da9f44228c44681586e38ae6c48856416da8ac0e56c7cf6930,-6.495449439369879,219,263,263,True,0,CONVERGENCE: RELATIVE REDUCTION OF F <= FACTR*EPSMCH,2.0396663142463467e-05,0.047927542007528245,-6.505194342327285,0.0012181128696757693,0.9907741339159132,0.08664166776418714,0.05787243392665875,0.02692782481599787,0.6066378279315416,False,True,False,12,128,104,232,149,245,6236712d232d1f9b93beb6fe7cce08d1ceb6627dcd2dee28278186f4719e1d62
p07_L4_s23,7,0.3,0.5,4,23,independent_uniform,2026-09-22T03:41:36.880167+00:00,c801c888d20466da9f44228c44681586e38ae6c48856416da8ac0e56c7cf6930,-6.4995923904007435,258,296,296,True,0,CONVERGENCE: RELATIVE REDUCTION OF F <= FACTR*EPSMCH,1.9429061262510317e-05,0.05466104199877009,-6.505194342327285,0.000700243990817695,0.9960800418584959,0.05747988388695835,0.036905871000545876,0.016395775313990724,0.5961057784295345,False,True,False,12,128,104,232,149,245,bc814ffa5cb393e7a9f239e39cc7e05d246e8c3e2f8188757e0660f5c8965599
p07_L4_s37,7,0.3,0.5,4,37,independent_uniform,2026-09-22T03:41:36.939129+00:00,c801c888d20466da9f44228c44681586e38ae6c48856416da8ac0e56c7cf6930,-6.501820317488664,400,472,472,False,1,STOP: TOTAL NO. OF ITERATIONS REACHED LIMIT,0.00032774457829454207,0.08550304101663642,-6.505194342327285,0.00042175310482761574,0.998007667262362,0.03411986789349081,0.022453919356078655,0.010516741079029002,0.5902267441945728,False,True,False,12,128,104,232,149,245,826165376f7ce92ff7a3fb65619b75e2b553adee7f50610de025f24423086473
p07_L6_s11,7,0.3,0.5,6,11,independent_uniform,2026-09-22T03:41:37.029897+00:00,c801c888d20466da9f44228c44681586e38ae6c48856416da8ac0e56c7cf6930,-6.502387238892108,400,447,447,False,1,STOP: TOTAL NO. OF ITERATIONS REACHED LIMIT,0.010411577170454933,0.11658391598029993,-6.505194342327285,0.00035088792939719227,0.998027330872215,0.034465363660319215,0.022114885708371612,0.010049210091259475,0.5897592132068032,False,True,False,18,192,152,344,223,367,f7feaaa99345e163b52be8fd2b0a8f38c55d801a7d87dc338f79e3ea4ed43761
p07_L6_s23,7,0.3,0.5,6,23,independent_uniform,2026-09-22T03:41:37.153054+00:00,c801c888d20466da9f44228c44681586e38ae6c48856416da8ac0e56c7cf6930,-6.504122995791008,400,440,440,False,1,STOP: TOTAL NO. OF ITERATIONS REACHED LIMIT,0.0014488536904480043,0.1162051249993965,-6.505194342327285,0.00013391831703468693,0.999516129615303,0.015780104366024394,0.009815131822642709,0.004353903576934104,0.5840639066924779,True,True,True,18,192,152,344,223,367,d6916d14ffb128c40632560236d531f30d52f0e370c9b4fdee4526b55a4829e6
p07_L6_s37,7,0.3,0.5,6,37,independent_uniform,2026-09-22T03:41:37.275445+00:00,c801c888d20466da9f44228c44681586e38ae6c48856416da8ac0e56c7cf6930,-6.504573920312671,400,445,445,False,1,STOP: TOTAL NO. OF ITERATIONS REACHED LIMIT,0.0035693326528223324,0.11609779199352488,-6.505194342327285,7.755275182674826e-05,0.9997341236713841,0.011566151263918245,0.007170537238473607,0.002998015023435552,0.5827080181389793,True,True,True,18,192,152,344,223,367,dabc60526a86d175af1167b2fbaa0382b88e3f938193146019d203f1e7b2db24
p08_L1_s11,8,0.3,1.2,1,11,independent_uniform,2026-09-22T03:41:37.398337+00:00,c801c888d20466da9f44228c44681586e38ae6c48856416da8ac0e56c7cf6930,-10.935274306931031,10,29,29,True,0,CONVERGENCE: RELATIVE REDUCTION OF F <= FACTR*EPSMCH,1.1860633364335627e-06,0.0017034160264302045,-10.968107985688496,0.004104209844683071,0.9922557327889308,0.04134679472279485,0.014949170673320328,0.005178830281363678,0.8964092656697478,False,True,False,3,32,32,64,38,62,96ac62b7269a406ad0ef80fe8b1c3892e3104fd39af966540c04fe31dc2b024e
p08_L1_s23,8,0.3,1.2,1,23,independent_uniform,2026-09-22T03:41:37.402189+00:00,c801c888d20466da9f44228c44681586e38ae6c48856416da8ac0e56c7cf6930,-10.935274306931035,8,13,13,True,0,CONVERGENCE: RELATIVE REDUCTION OF F <= FACTR*EPSMCH,1.4637056555688588e-07,0.0008419170044362545,-10.968107985688496,0.004104209844682627,0.9922557337542284,0.041346794891051385,0.014949170580834892,0.005178842813272522,0.8964092782016566,False,True,False,3,32,32,64,38,62,22e91cba366676eff57cabf3d693f952dd0ba5fb0f2467771be7109a8e80b320
p08_L1_s37,8,0.3,1.2,1,37,independent_uniform,2026-09-22T03:41:37.404927+00:00,c801c888d20466da9f44228c44681586e38ae6c48856416da8ac0e56c7cf6930,-10.935274306931026,12,18,18,True,0,CONVERGENCE: RELATIVE REDUCTION OF F <= FACTR*EPSMCH,3.462306352730593e-08,0.0011559590057004243,-10.968107985688496,0.004104209844683737,0.9922557334462561,0.041346794919885056,0.014949171667096445,0.005178841647822896,0.896409277036207,False,True,False,3,32,32,64,38,62,e75fbf5c91161e5c4e7a3da9982344f4a6ecdd573e39118b23bba6ce42d34f82
p08_L2_s11,8,0.3,1.2,2,11,independent_uniform,2026-09-22T03:41:37.407897+00:00,c801c888d20466da9f44228c44681586e38ae6c48856416da8ac0e56c7cf6930,-10.961072297124677,92,111,111,True,0,CONVERGENCE: RELATIVE REDUCTION OF F <= FACTR*EPSMCH,2.905784827533786e-06,0.011128832993563265,-10.968107985688496,0.0008794610704774275,0.9977677954410713,0.0418442855623831,0.019767424961272873,0.0002551776951732476,0.8914856130835573,False,True,False,6,64,56,120,75,123,6a692042fc584f64c8a687cbf904787576cc0204e667f50046205af7e88b2692
p08_L2_s23,8,0.3,1.2,2,23,independent_uniform,2026-09-22T03:41:37.421515+00:00,c801c888d20466da9f44228c44681586e38ae6c48856416da8ac0e56c7cf6930,-10.961676890766658,62,71,71,True,0,CONVERGENCE: RELATIVE REDUCTION OF F <= FACTR*EPSMCH,1.4427493297830551e-06,0.007365208002738655,-10.968107985688496,0.0008038868652298081,0.9981009671584539,0.03974839708590938,0.015663591611374705,0.0010587567769839712,0.8922891921653681,False,True,False,6,64,56,120,75,123,676adaf81d699c8e6162c640cef8af0685522c79d7ef55d9f541f2d8f8174f8a
p08_L2_s37,8,0.3,1.2,2,37,independent_uniform,2026-09-22T03:41:37.432563+00:00,c801c888d20466da9f44228c44681586e38ae6c48856416da8ac0e56c7cf6930,-10.961676890766128,70,83,83,True,0,CONVERGENCE: RELATIVE REDUCTION OF F <= FACTR*EPSMCH,8.207135476112626e-06,0.010371250013122335,-10.968107985688496,0.0008038868652959774,0.9981009666471834,0.03974840727178542,0.015663616458342522,0.001058688964097998,0.8922891243524821,False,True,False,6,64,56,120,75,123,b21cf08f0234ed924bad74b6adb2c861d9a850a5f27c8024000289ce8eeb9fff
p08_L4_s11,8,0.3,1.2,4,11,independent_uniform,2026-09-22T03:41:37.449448+00:00,c801c888d20466da9f44228c44681586e38ae6c48856416da8ac0e56c7cf6930,-10.96735084459532,400,477,477,False,1,STOP: TOTAL NO. OF ITERATIONS REACHED LIMIT,0.01509908722637654,0.08969266602071002,-10.968107985688496,9.464263664704653e-05,0.9998939769264469,0.005966450901850384,0.002632176846788209,0.00027463971401520126,0.8915050751023993,True,True,True,12,128,104,232,149,245,30be256ab212a8a2d23c1e9abfa7e373adfd968ce882c59bf6274fd82923ae18
p08_L4_s23,8,0.3,1.2,4,23,independent_uniform,2026-09-22T03:41:37.543828+00:00,c801c888d20466da9f44228c44681586e38ae6c48856416da8ac0e56c7cf6930,-10.967945829586624,400,467,467,False,1,STOP: TOTAL NO. OF ITERATIONS REACHED LIMIT,0.0007345099255831045,0.08648274998995475,-10.968107985688496,2.0269512734039097e-05,0.9999846093755825,0.0013601183279228005,0.0004094272169191393,9.691074177897718e-05,0.8913273461301631,True,True,True,12,128,104,232,149,245,51452e2a4d9b7155e19d052d0248ab262dddfcdf781e81f702d8d250d2cbeb02
p08_L4_s37,8,0.3,1.2,4,37,independent_uniform,2026-09-22T03:41:37.634971+00:00,c801c888d20466da9f44228c44681586e38ae6c48856416da8ac0e56c7cf6930,-10.967943965127255,333,365,365,True,0,CONVERGENCE: RELATIVE REDUCTION OF F <= FACTR*EPSMCH,1.2797549615584103e-05,0.06587758398381993,-10.968107985688496,2.0502570155178645e-05,0.9999827361124298,0.0016536924763032729,0.0005132952191314322,8.671453596431622e-05,0.8913171499243484,True,True,True,12,128,104,232,149,245,26ee6c1615917669f9afb131cb8c88382e52a989c2cbaca720b4efe1e8aa5e67
p08_L6_s11,8,0.3,1.2,6,11,independent_uniform,2026-09-22T03:41:37.705317+00:00,c801c888d20466da9f44228c44681586e38ae6c48856416da8ac0e56c7cf6930,-10.968034937688046,400,437,437,False,1,STOP: TOTAL NO. OF ITERATIONS REACHED LIMIT,0.002259571813343797,0.11516829099855386,-10.968107985688496,9.131000056283867e-06,0.9999926474985085,0.00033997801984429754,0.00010299060336632637,3.0594698159691625e-05,0.8912610300865438,True,True,True,18,192,152,344,223,367,ad485baeef2db317ca62313bb754ec70dc3b0f440262335d22e7c0aa8d68b4ea
p08_L6_s23,8,0.3,1.2,6,23,independent_uniform,2026-09-22T03:41:37.825755+00:00,c801c888d20466da9f44228c44681586e38ae6c48856416da8ac0e56c7cf6930,-10.96800894716127,400,453,453,False,1,STOP: TOTAL NO. OF ITERATIONS REACHED LIMIT,0.020280468226165416,0.11892137498944066,-10.968107985688496,1.2379815903296176e-05,0.9999876402516737,0.0020092941990966368,0.0005178861528136736,1.842738402502153e-05,0.8912488627724091,True,True,True,18,192,152,344,223,367,cf2d3c4c1b9aa32480ef4b0d786e210a63f0e8054eaddb57a432ce5473930a3c
p08_L6_s37,8,0.3,1.2,6,37,independent_uniform,2026-09-22T03:41:37.950449+00:00,c801c888d20466da9f44228c44681586e38ae6c48856416da8ac0e56c7cf6930,-10.96800979164782,400,433,433,False,1,STOP: TOTAL NO. OF ITERATIONS REACHED LIMIT,0.0028927684905610818,0.11427704198285937,-10.968107985688496,1.2274255084543384e-05,0.9999893405935926,0.001097294349598807,0.0004134610385549409,4.555949291351613e-05,0.8912759948812976,True,True,True,18,192,152,344,223,367,410dbb87649db066f55418b50ae564a4b5c603c678a47565a2274b7650018f6d
p09_L1_s11,9,0.8,0.2,1,11,independent_uniform,2026-09-22T03:41:38.070921+00:00,c801c888d20466da9f44228c44681586e38ae6c48856416da8ac0e56c7cf6930,-4.497110058889504,16,19,19,True,0,CONVERGENCE: RELATIVE REDUCTION OF F <= FACTR*EPSMCH,1.4137016002280234e-08,0.0012984999921172857,-6.502928201402128,0.25072726781407795,0.2367803898489285,0.8760755259497227,0.2717043782610078,0.5679001874063233,0.7003348087996318,False,False,False,3,32,32,64,38,62,a0dd8ce5cd288096eb3cbfbeb64b97b38aa191a756d05da4e720abf64c01a023
p09_L1_s23,9,0.8,0.2,1,23,independent_uniform,2026-09-22T03:41:38.074280+00:00,c801c888d20466da9f44228c44681586e38ae6c48856416da8ac0e56c7cf6930,-4.497110058889508,11,13,13,True,0,CONVERGENCE: RELATIVE REDUCTION OF F <= FACTR*EPSMCH,3.815997473566313e-08,0.0008576250111218542,-6.502928201402128,0.2507272678140775,0.23678038986061195,0.8760755259236503,0.27170437835898054,0.5679001865748494,0.700334807968158,False,False,False,3,32,32,64,38,62,5ea3e45e5f3bee19101e2e15ddc13f1fbe86703895604834a66bc18595dbd66d
p09_L1_s37,9,0.8,0.2,1,37,independent_uniform,2026-09-22T03:41:38.077018+00:00,c801c888d20466da9f44228c44681586e38ae6c48856416da8ac0e56c7cf6930,-4.497110058889502,10,12,12,True,0,CONVERGENCE: RELATIVE REDUCTION OF F <= FACTR*EPSMCH,2.9109632038171185e-07,0.000782959017669782,-6.502928201402128,0.25072726781407817,0.2367803965316588,0.8760755213894271,0.2717043752364602,0.5679001742982484,0.7003347956915569,False,False,False,3,32,32,64,38,62,427bdb1bcc2263a47a2e776fd1ae4951644da2e05175683d1bc3770758bfe5d0
p09_L2_s11,9,0.8,0.2,2,11,independent_uniform,2026-09-22T03:41:38.079606+00:00,c801c888d20466da9f44228c44681586e38ae6c48856416da8ac0e56c7cf6930,-6.502304646360268,33,45,45,True,0,CONVERGENCE: RELATIVE REDUCTION OF F <= FACTR*EPSMCH,8.657416469934516e-08,0.004609958006767556,-6.502928201402128,7.794438023245309e-05,0.999740324183481,0.0007207560297295412,0.00025930737702811735,0.0017248201163178045,0.13070980127699072,True,True,True,6,64,56,120,75,123,1cb0f539f0655e5fb51c3385f22d2f207115ac5dcdbbbffd81b1f3e7ad9d6cdb
p09_L2_s23,9,0.8,0.2,2,23,independent_uniform,2026-09-22T03:41:38.086939+00:00,c801c888d20466da9f44228c44681586e38ae6c48856416da8ac0e56c7cf6930,-6.502321463718252,18,23,23,True,0,CONVERGENCE: RELATIVE REDUCTION OF F <= FACTR*EPSMCH,5.2558446483885746e-08,0.002408917003776878,-6.502928201402128,7.584221048451134e-05,0.9997484287832693,0.0006999813259938037,0.00025181998239548475,0.0016573747434715513,0.13077724664983698,True,True,True,6,64,56,120,75,123,9b4ba8e136033b1042b1d3304016e560d71c1e4c334264e985b1cd3463b08f83
p09_L2_s37,9,0.8,0.2,2,37,independent_uniform,2026-09-22T03:41:38.091700+00:00,c801c888d20466da9f44228c44681586e38ae6c48856416da8ac0e56c7cf6930,-6.502304646360142,26,34,34,True,0,CONVERGENCE: RELATIVE REDUCTION OF F <= FACTR*EPSMCH,3.344130198534856e-06,0.0034763749863486737,-6.502928201402128,7.794438024821826e-05,0.999740324121807,0.000720757803827965,0.00025930742340302126,0.0017248173775235853,0.13070980401578494,True,True,True,6,64,56,120,75,123,18c88529d6f62b1b98469fcd2bc628fee0263b4b1cd15287f8f3054d49a9e083
p09_L4_s11,9,0.8,0.2,4,11,independent_uniform,2026-09-22T03:41:38.097563+00:00,c801c888d20466da9f44228c44681586e38ae6c48856416da8ac0e56c7cf6930,-6.502665195412995,238,286,286,True,0,CONVERGENCE: RELATIVE REDUCTION OF F <= FACTR*EPSMCH,1.5742917539168788e-05,0.05224979200283997,-6.502928201402128,3.287574864163645e-05,0.9998897550797416,0.00040550948109996376,0.00014456709286064795,0.0007508543465075679,0.13168376704680096,True,True,True,12,128,104,232,149,245,ed4a270b88f292dbf9a1de3075bee13c717239ad126bace707eba3bf0dc5ae7f
p09_L4_s23,9,0.8,0.2,4,23,independent_uniform,2026-09-22T03:41:38.154013+00:00,c801c888d20466da9f44228c44681586e38ae6c48856416da8ac0e56c7cf6930,-6.502476580226393,88,107,107,True,0,CONVERGENCE: RELATIVE REDUCTION OF F <= FACTR*EPSMCH,2.1501933330725365e-05,0.019644791987957433,-6.502928201402128,5.645264696685359e-05,0.9998337702335494,0.0005335349774362452,0.00019509105088538758,0.0011902590630640808,0.13124436233024445,True,True,True,12,128,104,232,149,245,bd78db28ddea3bac77586d43ad3fe63a463f4ec29d18c5bc8336cecd947c1c31
p09_L4_s37,9,0.8,0.2,4,37,independent_uniform,2026-09-22T03:41:38.177531+00:00,c801c888d20466da9f44228c44681586e38ae6c48856416da8ac0e56c7cf6930,-6.50266753496398,400,493,493,False,1,STOP: TOTAL NO. OF ITERATIONS REACHED LIMIT,0.00032907310667523726,0.08910591702442616,-6.502928201402128,3.258330476840765e-05,0.9998930689662717,0.00039921837049461395,0.00014247005452883155,0.0007377358947765478,0.13169688549853198,True,True,True,12,128,104,232,149,245,d0ef2365a6c9a294348bea966b94b83c682b4f856fe2699d852fe1c456636dd9
p09_L6_s11,9,0.8,0.2,6,11,independent_uniform,2026-09-22T03:41:38.270956+00:00,c801c888d20466da9f44228c44681586e38ae6c48856416da8ac0e56c7cf6930,-6.502695727653922,400,443,443,False,1,STOP: TOTAL NO. OF ITERATIONS REACHED LIMIT,0.0015450619633607943,0.11592554199160077,-6.502928201402128,2.9059218525695485e-05,0.9999096145395522,0.0003057335683558371,0.00011046618459503721,0.000592919259770508,0.13184170213353802,True,True,True,18,192,152,344,223,367,476062bd844d1f954cbc5596ddf25423cb1cfa936b8e961be8be2d4046871308
p09_L6_s23,9,0.8,0.2,6,23,independent_uniform,2026-09-22T03:41:38.392222+00:00,c801c888d20466da9f44228c44681586e38ae6c48856416da8ac0e56c7cf6930,-6.502872504673581,400,451,451,False,1,STOP: TOTAL NO. OF ITERATIONS REACHED LIMIT,0.0007499592856916593,0.1952206669957377,-6.502928201402128,6.962091068318799e-06,0.9999757469594858,0.0001429434110284955,4.6516161049559024e-05,0.0002481721616899579,0.13218644923161857,True,True,True,18,192,152,344,223,367,b9a02d798c0f86dfe8b9f33a3b3709ba0caf79cd8a57a7dea33b264ad8fcec0b
p09_L6_s37,9,0.8,0.2,6,37,independent_uniform,2026-09-22T03:41:38.593055+00:00,c801c888d20466da9f44228c44681586e38ae6c48856416da8ac0e56c7cf6930,-6.502825671156745,400,444,444,False,1,STOP: TOTAL NO. OF ITERATIONS REACHED LIMIT,0.0051763964439413,0.1170137079898268,-6.502928201402128,1.2816280672844904e-05,0.9999673913384424,0.00016404580666629087,5.4774082730302265e-05,0.00018402889787602628,0.1322505924954325,True,True,True,18,192,152,344,223,367,d83fab935998e8a0f95c2cc5e8aa809c76b7ea8113f5edcf2449a8f0c413c404
p10_L1_s11,10,0.8,0.4,1,11,independent_uniform,2026-09-22T03:41:38.716654+00:00,c801c888d20466da9f44228c44681586e38ae6c48856416da8ac0e56c7cf6930,-5.689191293510773,14,18,18,True,0,CONVERGENCE: RELATIVE REDUCTION OF F <= FACTR*EPSMCH,3.2932170768162905e-08,0.0011915000213775784,-6.851926927986037,0.145341954309408,0.38250700503974366,0.8179857567686961,0.26084162791164545,0.4625683954719356,0.781824738158175,False,False,False,3,32,32,64,38,62,d6b687ae62e9a392091a7c87e0ce2ba3ec37c47ee6d9c53796cc10b94500fdd2
p10_L1_s23,10,0.8,0.4,1,23,independent_uniform,2026-09-22T03:41:38.720037+00:00,c801c888d20466da9f44228c44681586e38ae6c48856416da8ac0e56c7cf6930,-5.689191293510777,14,22,22,True,0,CONVERGENCE: NORM OF PROJECTED GRADIENT <= PGTOL,1.8493757636406372e-09,0.0013875419972464442,-6.851926927986037,0.14534195430940755,0.382507006612939,0.8179857558250305,0.2608416272181348,0.46256839456070087,0.7818247372469402,False,False,False,3,32,32,64,38,62,728791270fb946b9d49d03f8659f29ea888b986fb01082eabd456a8faed7324d
p10_L1_s37,10,0.8,0.4,1,37,independent_uniform,2026-09-22T03:41:38.723253+00:00,c801c888d20466da9f44228c44681586e38ae6c48856416da8ac0e56c7cf6930,-5.689191293510775,11,14,14,True,0,CONVERGENCE: RELATIVE REDUCTION OF F <= FACTR*EPSMCH,9.057953587188194e-08,0.0009039589785970747,-6.851926927986037,0.14534195430940777,0.38250700777222807,0.8179857551831475,0.26084162676717965,0.4625683916615464,0.7818247343477858,False,False,False,3,32,32,64,38,62,54cbb74aee6e8324c583a3214d4f1425f5b7ccb20afe9a93d050e7779c347e6e
p10_L2_s11,10,0.8,0.4,2,11,independent_uniform,2026-09-22T03:41:38.726004+00:00,c801c888d20466da9f44228c44681586e38ae6c48856416da8ac0e56c7cf6930,-6.836367164576814,41,54,54,True,0,CONVERGENCE: RELATIVE REDUCTION OF F <= FACTR*EPSMCH,2.3322299202988006e-07,0.005606916995020583,-6.851926927986037,0.0019449704261529366,0.9901228037612125,0.02564408237584792,0.008434052016114413,0.024193306644050283,0.2950630360421891,False,True,False,6,64,56,120,75,123,4c183d8c4dc432422be4a8506547a5660f5153b036b08776bb5520d3cd2bf675
p10_L2_s23,10,0.8,0.4,2,23,independent_uniform,2026-09-22T03:41:38.734278+00:00,c801c888d20466da9f44228c44681586e38ae6c48856416da8ac0e56c7cf6930,-6.8346368466283485,46,66,66,True,0,CONVERGENCE: RELATIVE REDUCTION OF F <= FACTR*EPSMCH,3.500497460784402e-06,0.006625707988860086,-6.851926927986037,0.0021612601697110767,0.9888109742218711,0.028061775678289713,0.00929007845265073,0.02797116379679948,0.2912851788894399,False,False,False,6,64,56,120,75,123,46c07d6e717efe105e74e0da1879164d8c823475f5a9e52cbfd622e5d7e7cfcb
p10_L2_s37,10,0.8,0.4,2,37,independent_uniform,2026-09-22T03:41:38.743283+00:00,c801c888d20466da9f44228c44681586e38ae6c48856416da8ac0e56c7cf6930,-6.8363671645768,30,35,35,True,0,CONVERGENCE: RELATIVE REDUCTION OF F <= FACTR*EPSMCH,8.494686643822913e-07,0.003596667025703937,-6.851926927986037,0.001944970426154602,0.9901228030555513,0.025644076155702633,0.008434050211377386,0.024193296610819037,0.29506304607542033,False,True,False,6,64,56,120,75,123,e62c7b72d74a2c7fed75b119c2f7e7454803d1a0b8053274f5a316fd176c711f
p10_L4_s11,10,0.8,0.4,4,11,independent_uniform,2026-09-22T03:41:38.749357+00:00,c801c888d20466da9f44228c44681586e38ae6c48856416da8ac0e56c7cf6930,-6.848976561380097,126,143,143,True,0,CONVERGENCE: RELATIVE REDUCTION OF F <= FACTR*EPSMCH,2.6163510701948667e-05,0.02593616599915549,-6.851926927986037,0.00036879582574256276,0.9983795467434871,0.009589720708028215,0.002847349591675763,0.006339457592907827,0.31291688509333154,True,True,True,12,128,104,232,149,245,d553ba8e91ef520c772391008301e932416b91dfa581d927d6c13901083085db
p10_L4_s23,10,0.8,0.4,4,23,independent_uniform,2026-09-22T03:41:38.779287+00:00,c801c888d20466da9f44228c44681586e38ae6c48856416da8ac0e56c7cf6930,-6.848119414397707,331,374,374,True,0,CONVERGENCE: RELATIVE REDUCTION OF F <= FACTR*EPSMCH,1.0974381253081589e-05,0.06906208299915306,-6.851926927986037,0.0004759391985412753,0.9976242131654307,0.01144087817151973,0.003448255314130788,0.007863586536591916,0.31139275614964745,True,True,True,12,128,104,232,149,245,02f7579d80219fc1db52589289fda53f46d458866f2d41457ae4355019880fc2
p10_L4_s37,10,0.8,0.4,4,37,independent_uniform,2026-09-22T03:41:38.853121+00:00,c801c888d20466da9f44228c44681586e38ae6c48856416da8ac0e56c7cf6930,-6.8437810056301345,196,216,216,True,0,CONVERGENCE: RELATIVE REDUCTION OF F <= FACTR*EPSMCH,3.689979968690693e-06,0.03949737499351613,-6.851926927986037,0.0010182402944878266,0.9957757330765384,0.016719659991687008,0.0053730159802533595,0.013073211520187256,0.3061831311660521,False,True,False,12,128,104,232,149,245,e47ef8723d904a0e2f2214e2582813a132d5e290430009384d682930437ab94b
p10_L6_s11,10,0.8,0.4,6,11,independent_uniform,2026-09-22T03:41:38.897134+00:00,c801c888d20466da9f44228c44681586e38ae6c48856416da8ac0e56c7cf6930,-6.350988630519939,191,213,213,True,0,CONVERGENCE: RELATIVE REDUCTION OF F <= FACTR*EPSMCH,3.220684988369804e-06,0.05641420799656771,-6.851926927986037,0.06261728718326232,0.8821640009060722,0.04335305898481101,0.02026085296155479,0.11882755064582279,0.20042879204041658,False,False,False,18,192,152,344,223,367,ecc552b657fc0f88165fd0b8d3252f0280a7c7b23dc3dc6a7102a4dc47ae4592
p10_L6_s23,10,0.8,0.4,6,23,independent_uniform,2026-09-22T03:41:38.959959+00:00,c801c888d20466da9f44228c44681586e38ae6c48856416da8ac0e56c7cf6930,-6.84384642786497,400,451,451,False,1,STOP: TOTAL NO. OF ITERATIONS REACHED LIMIT,0.0005228261229515141,0.11973987499368377,-6.851926927986037,0.0010100625151333587,0.9952197706339371,0.01748562433118417,0.005597140675933476,0.013196870496427593,0.3060594721898118,False,True,False,18,192,152,344,223,367,6084fd352ff7f394a024d2aec457cd2c3b547a928062959e590e06863d4fd7da
p10_L6_s37,10,0.8,0.4,6,37,independent_uniform,2026-09-22T03:41:39.085351+00:00,c801c888d20466da9f44228c44681586e38ae6c48856416da8ac0e56c7cf6930,-6.849408860932504,297,328,328,True,0,CONVERGENCE: RELATIVE REDUCTION OF F <= FACTR*EPSMCH,1.9416371314529002e-05,0.08587283300585113,-6.851926927986037,0.0003147583816915933,0.9987190944121249,0.008405819951793458,0.0024423785449890767,0.005154604663041185,0.3141017380231982,True,True,True,18,192,152,344,223,367,d40bc1fc8d2676e46b0de62447244c8a44503f4e661b58fb182af32d2c597dbe
p11_L1_s11,11,0.8,0.5,1,11,independent_uniform,2026-09-22T03:41:39.177527+00:00,c801c888d20466da9f44228c44681586e38ae6c48856416da8ac0e56c7cf6930,-6.325955610603163,9,11,11,True,0,CONVERGENCE: NORM OF PROJECTED GRADIENT <= PGTOL,4.6134740472325575e-09,0.0007330829976126552,-7.159576653851674,0.10420263040606381,0.5407485940418085,0.6993796531273543,0.22499788681514504,0.3548226718168993,0.8090797704063409,False,False,False,3,32,32,64,38,62,e3a18bf9cccd61b9b897e64338093cd5875d024c7cfa638691bab39ee6b062a6
p11_L1_s23,11,0.8,0.5,1,23,independent_uniform,2026-09-22T03:41:39.180165+00:00,c801c888d20466da9f44228c44681586e38ae6c48856416da8ac0e56c7cf6930,-6.325955610603165,10,14,14,True,0,CONVERGENCE: RELATIVE REDUCTION OF F <= FACTR*EPSMCH,5.005520620215975e-07,0.0011088330065831542,-7.159576653851674,0.10420263040606359,0.5407486057003589,0.6993796456133443,0.22499788258701042,0.35482266585478606,0.8090797644442277,False,False,False,3,32,32,64,38,62,f4434b428ba95916e7430c6a48a90de73fe9bc7079dd897c9a7d640e2959b383
p11_L1_s37,11,0.8,0.5,1,37,independent_uniform,2026-09-22T03:41:39.183473+00:00,c801c888d20466da9f44228c44681586e38ae6c48856416da8ac0e56c7cf6930,-6.325955610603167,13,16,16,True,0,CONVERGENCE: RELATIVE REDUCTION OF F <= FACTR*EPSMCH,2.387934472380948e-08,0.001028333994327113,-7.159576653851674,0.10420263040606337,0.5407485941728986,0.699379653092721,0.22499788672906257,0.3548226715178868,0.8090797701073285,False,False,False,3,32,32,64,38,62,661dd94fecec7a1da31cc4c543b4befbd15b541ccd9c1af961c21c305851a450
p11_L2_s11,11,0.8,0.5,2,11,independent_uniform,2026-09-22T03:41:39.186611+00:00,c801c888d20466da9f44228c44681586e38ae6c48856416da8ac0e56c7cf6930,-6.555036544217107,38,50,50,True,0,CONVERGENCE: RELATIVE REDUCTION OF F <= FACTR*EPSMCH,3.208984392877312e-06,0.005057833011960611,-7.159576653851674,0.0755675137043208,0.5978516155578797,0.6931314025852311,0.2091038268435179,0.2970377315781694,0.751294830167611,False,False,False,6,64,56,120,75,123,06261d74ece47200b837b2d4747d85cd787df1a6508aa518397105f87bbce654
p11_L2_s23,11,0.8,0.5,2,23,independent_uniform,2026-09-22T03:41:39.194289+00:00,c801c888d20466da9f44228c44681586e38ae6c48856416da8ac0e56c7cf6930,-7.105075172586902,33,45,45,True,0,CONVERGENCE: RELATIVE REDUCTION OF F <= FACTR*EPSMCH,5.958238915582115e-07,0.0046920419845264405,-7.159576653851674,0.00681268515809641,0.9582497081813628,0.09547759758025953,0.03057127827091566,0.06791434051470968,0.38634275807473195,False,False,False,6,64,56,120,75,123,6b0a41d1cb84d67016a42f3966221ee8506c9099b9080a1cf8cb639161312b66
p11_L2_s37,11,0.8,0.5,2,37,independent_uniform,2026-09-22T03:41:39.201464+00:00,c801c888d20466da9f44228c44681586e38ae6c48856416da8ac0e56c7cf6930,-6.555036544217211,26,32,32,True,0,CONVERGENCE: RELATIVE REDUCTION OF F <= FACTR*EPSMCH,1.215706072699163e-06,0.003275291994214058,-7.159576653851674,0.07556751370430781,0.5978515879135508,0.6931314535123548,0.2091038331226281,0.2970377610284278,0.7512948596178695,False,False,False,6,64,56,120,75,123,7ea774ab75b65af12dd276870abe9ca16e990a14b75a41a61d64a6c7c8a41d6c
p11_L4_s11,11,0.8,0.5,4,11,independent_uniform,2026-09-22T03:41:39.207083+00:00,c801c888d20466da9f44228c44681586e38ae6c48856416da8ac0e56c7cf6930,-7.148701895765857,239,276,276,True,0,CONVERGENCE: RELATIVE REDUCTION OF F <= FACTR*EPSMCH,7.697996571742749e-06,0.050498667027568445,-7.159576653851674,0.001359344760727077,0.9956495572926787,0.02752207179759414,0.008005384728622889,0.010222706049672181,0.44403439253976945,False,True,False,12,128,104,232,149,245,482cfd974c31c13e61f64c024ba7a672a5af6b57693b36a1ac3c92ed0be87e9c
p11_L4_s23,11,0.8,0.5,4,23,independent_uniform,2026-09-22T03:41:39.261946+00:00,c801c888d20466da9f44228c44681586e38ae6c48856416da8ac0e56c7cf6930,-6.6999187177550645,66,77,77,True,0,CONVERGENCE: RELATIVE REDUCTION OF F <= FACTR*EPSMCH,7.832205582314344e-06,0.013925457984441891,-7.159576653851674,0.05745724201207614,0.695482934940254,0.6181612069443053,0.18497574170167874,0.2533772133193011,0.7076343119087427,False,False,False,12,128,104,232,149,245,57ad0bafc7c0200b6b3ee8e4d869d5290286c2b2d851542827cc1a05a53d186c
p11_L4_s37,11,0.8,0.5,4,37,independent_uniform,2026-09-22T03:41:39.279941+00:00,c801c888d20466da9f44228c44681586e38ae6c48856416da8ac0e56c7cf6930,-7.148701895744522,125,144,144,True,0,CONVERGENCE: RELATIVE REDUCTION OF F <= FACTR*EPSMCH,1.6740653012270457e-05,0.02614458298194222,-7.159576653851674,0.0013593447633939437,0.995649476878373,0.027522876373587524,0.008005675691847292,0.010223476491188987,0.44403362209825264,False,True,False,12,128,104,232,149,245,4de55c17b9451490e98c34246eddf9476ba14832c5974ecb59a9f5cca3155cc7
p11_L6_s11,11,0.8,0.5,6,11,independent_uniform,2026-09-22T03:41:39.310337+00:00,c801c888d20466da9f44228c44681586e38ae6c48856416da8ac0e56c7cf6930,-7.150914794681245,400,430,430,False,1,STOP: TOTAL NO. OF ITERATIONS REACHED LIMIT,0.0005644669355666654,0.11369716699118726,-7.159576653851674,0.0010827323963036317,0.9959069361937506,0.026206877972449805,0.0074207397824788135,0.010485964148280846,0.4437711344411608,False,True,False,18,192,152,344,223,367,c45a75470368c530bbac673e17d166bf9d1b4359328161fa607757b92c266a42
p11_L6_s23,11,0.8,0.5,6,23,independent_uniform,2026-09-22T03:41:39.429712+00:00,c801c888d20466da9f44228c44681586e38ae6c48856416da8ac0e56c7cf6930,-7.15270137805924,400,442,442,False,1,STOP: TOTAL NO. OF ITERATIONS REACHED LIMIT,0.0020322294345101466,0.1160973749938421,-7.159576653851674,0.0008594094740541625,0.9971827776986534,0.022094419563364776,0.006079451814936021,0.008295371080336456,0.4459617275091052,False,True,False,18,192,152,344,223,367,e4a5cba362dfbfd405c5eb7db7697d1d36626d1a6dc9924b0f20376c3afddf05
p11_L6_s37,11,0.8,0.5,6,37,independent_uniform,2026-09-22T03:41:21.223349+00:00,c801c888d20466da9f44228c44681586e38ae6c48856416da8ac0e56c7cf6930,-7.158328441386168,400,436,436,False,1,STOP: TOTAL NO. OF ITERATIONS REACHED LIMIT,0.004806549332087684,0.11840424998081289,-7.159576653851674,0.00015602655818824918,0.999715377019153,0.004236050717261408,0.0010434909373750398,0.0008141945971946174,0.453442903992247,True,True,True,18,192,152,344,223,367,c5144dd76b6125d53205ca4b71b4d62ddee4c7214681f5294426c366511d6b05
p11_L8_s11,11,0.8,0.5,8,11,results/calibration_v1/runs/p11_L6_s11.npz,2026-09-22T03:42:20.760733+00:00,c801c888d20466da9f44228c44681586e38ae6c48856416da8ac0e56c7cf6930,-7.153802684055963,400,430,430,False,1,STOP: TOTAL NO. OF ITERATIONS REACHED LIMIT,0.017657123090561555,0.15148362499894574,-7.159576653851674,0.0007217462244638595,0.9983054338715437,0.015219167295906666,0.004338223583378986,0.005794184930976276,0.44846291365846536,True,True,True,24,256,200,456,297,489,e0779198a05fbfdef12de8d999c5ec55008b81d8469c81781d9604ff083f65d1
p11_L8_s23,11,0.8,0.5,8,23,results/calibration_v1/runs/p11_L6_s23.npz,2026-09-22T03:42:20.919854+00:00,c801c888d20466da9f44228c44681586e38ae6c48856416da8ac0e56c7cf6930,-7.156500138662473,400,436,436,False,1,STOP: TOTAL NO. OF ITERATIONS REACHED LIMIT,0.04010281902131041,0.15188558399677277,-7.159576653851674,0.00038456439865008907,0.999306097810769,0.007073557078459247,0.0019646282933649672,0.0017742626921434246,0.4524828358972982,True,True,True,24,256,200,456,297,489,a1fd27486e75218337908202a3e95a29649dbd8bbc306ace182df862bc8cc804
p11_L8_s37,11,0.8,0.5,8,37,results/calibration_v1/runs/p11_L6_s37.npz,2026-09-22T03:42:21.079929+00:00,c801c888d20466da9f44228c44681586e38ae6c48856416da8ac0e56c7cf6930,-7.158961929028851,400,432,432,False,1,STOP: TOTAL NO. OF ITERATIONS REACHED LIMIT,0.005249028019314039,0.15076429100008681,-7.159576653851674,7.684060285284566e-05,0.9998961326807445,0.0019396083257490204,0.0005056982506426166,0.0006958040320739212,0.4535612945573677,True,True,True,24,256,200,456,297,489,6de03652cdfb4c6e4d958f5209907e051f6067fad59498d4fe08ce5252af84ad
p12_L1_s11,12,0.8,0.6,1,11,independent_uniform,2026-09-22T03:41:39.553092+00:00,c801c888d20466da9f44228c44681586e38ae6c48856416da8ac0e56c7cf6930,-6.982371277694974,10,14,14,True,0,CONVERGENCE: RELATIVE REDUCTION OF F <= FACTR*EPSMCH,4.2191604165964236e-07,0.0009094590204767883,-7.580609036552337,0.07477971985717036,0.7126734909177188,0.5172748123680724,0.16909204855857685,0.23595772634332035,0.8312471895400283,False,False,False,3,32,32,64,38,62,ac07d4eceb675495482504ed08cc483168c0ddf79ff71609d220d4787b008bda
p12_L1_s23,12,0.8,0.6,1,23,independent_uniform,2026-09-22T03:41:39.556133+00:00,c801c888d20466da9f44228c44681586e38ae6c48856416da8ac0e56c7cf6930,-6.98237127769497,10,12,12,True,0,CONVERGENCE: RELATIVE REDUCTION OF F <= FACTR*EPSMCH,5.5518416530730974e-08,0.0007936659967526793,-7.580609036552337,0.07477971985717091,0.7126734927056492,0.5172748116779519,0.16909204736640762,0.23595771618951022,0.8312471793862182,False,False,False,3,32,32,64,38,62,b68d8fea1ada9d0a3f4fa20e107777f268a90385905264c46d81f60cb23785e8
p12_L1_s37,12,0.8,0.6,1,37,independent_uniform,2026-09-22T03:41:39.558720+00:00,c801c888d20466da9f44228c44681586e38ae6c48856416da8ac0e56c7cf6930,-6.982371277694971,10,13,13,True,0,CONVERGENCE: RELATIVE REDUCTION OF F <= FACTR*EPSMCH,2.4730019276830717e-07,0.0008534589724149555,-7.580609036552337,0.0747797198571708,0.7126734937426812,0.5172748109412407,0.16909204688148946,0.2359577195916821,0.83124718278839,False,False,False,3,32,32,64,38,62,accba92e3ab1d8f12af12eceafc67a34eafc4614d5f093861430477b74c4f322
p12_L2_s11,12,0.8,0.6,2,11,independent_uniform,2026-09-22T03:41:39.561578+00:00,c801c888d20466da9f44228c44681586e38ae6c48856416da8ac0e56c7cf6930,-7.486249605002385,38,49,49,True,0,CONVERGENCE: RELATIVE REDUCTION OF F <= FACTR*EPSMCH,3.639817813538837e-07,0.005153582984348759,-7.580609036552337,0.01179492894374401,0.9387440363940243,0.15129132692477587,0.04502516807878065,0.05856643062257272,0.5367230325741352,False,False,False,6,64,56,120,75,123,0cbca89d71624881a6b3582d9926866f8bc65257addf4909097fc6c975672fd7
p12_L2_s23,12,0.8,0.6,2,23,independent_uniform,2026-09-22T03:41:39.569506+00:00,c801c888d20466da9f44228c44681586e38ae6c48856416da8ac0e56c7cf6930,-7.3182886697067175,34,40,40,True,0,CONVERGENCE: RELATIVE REDUCTION OF F <= FACTR*EPSMCH,4.385085659919241e-06,0.004078792000655085,-7.580609036552337,0.03279004585570244,0.8692112841755927,0.3732299293296989,0.10738668357889658,0.15086057133405206,0.74615003453076,False,False,False,6,64,56,120,75,123,391ca107684f59f3ff28c692df09434c71c3fab96df801d823cd4a8afb1404f8
p12_L2_s37,12,0.8,0.6,2,37,independent_uniform,2026-09-22T03:41:39.576045+00:00,c801c888d20466da9f44228c44681586e38ae6c48856416da8ac0e56c7cf6930,-7.318288669706995,49,58,58,True,0,CONVERGENCE: RELATIVE REDUCTION OF F <= FACTR*EPSMCH,4.0684262681001115e-07,0.005978959001367912,-7.580609036552337,0.032790045855667804,0.8692112993240142,0.373229971917594,0.10738669633105724,0.15086052611086342,0.7461499893075714,False,False,False,6,64,56,120,75,123,ac049c6296236da5f6766d85fe28295b7486ff5c8398b2b0995c8e9d4cc05a51
p12_L4_s11,12,0.8,0.6,4,11,independent_uniform,2026-09-22T03:41:39.584755+00:00,c801c888d20466da9f44228c44681586e38ae6c48856416da8ac0e56c7cf6930,-7.562423443871982,197,227,227,True,0,CONVERGENCE: RELATIVE REDUCTION OF F <= FACTR*EPSMCH,1.057492241685054e-05,0.04155716599780135,-7.580609036552337,0.0022731990850444195,0.9941538075949695,0.0387645398516282,0.010464663099922777,0.006401449459420783,0.5888880137372872,False,True,False,12,128,104,232,149,245,71688f1454b9a3f44d1e6b1c49eb166c768b1e2edb34b585b62e222ba4dc9f9a
p12_L4_s23,12,0.8,0.6,4,23,independent_uniform,2026-09-22T03:41:39.630819+00:00,c801c888d20466da9f44228c44681586e38ae6c48856416da8ac0e56c7cf6930,-7.559751127556609,168,197,197,True,0,CONVERGENCE: RELATIVE REDUCTION OF F <= FACTR*EPSMCH,8.537684403009393e-06,0.03604591698967852,-7.580609036552337,0.0026072386244659906,0.9932599287075292,0.038983816013647865,0.011296650886421011,0.009767137320868202,0.5855223258758397,False,True,False,12,128,104,232,149,245,0ac47dff6fd475fa4499004624436f8ea0520a16700daf5dde8be3534924f8b1
p12_L4_s37,12,0.8,0.6,4,37,independent_uniform,2026-09-22T03:41:39.670994+00:00,c801c888d20466da9f44228c44681586e38ae6c48856416da8ac0e56c7cf6930,-7.557279556445142,119,137,137,True,0,CONVERGENCE: RELATIVE REDUCTION OF F <= FACTR*EPSMCH,1.0022961589140067e-05,0.02499000000534579,-7.580609036552337,0.0029161850133994083,0.9908366432349429,0.04907717591414751,0.013313471220340212,0.009713688181931746,0.5855757750147762,False,True,False,12,128,104,232,149,245,bf3ab906c74ad43713cc711f5b4422e309947d8eaa3b6d5c6a25321174a8e346
p12_L6_s11,12,0.8,0.6,6,11,independent_uniform,2026-09-22T03:41:39.700240+00:00,c801c888d20466da9f44228c44681586e38ae6c48856416da8ac0e56c7cf6930,-7.5683942907263795,400,441,441,False,1,STOP: TOTAL NO. OF ITERATIONS REACHED LIMIT,0.0003518601057580506,0.116157916985685,-7.580609036552337,0.0015268432282447009,0.9962418162461,0.033817647388128314,0.00854967949333632,0.005069746125941577,0.5902197170707664,False,True,False,18,192,152,344,223,367,27102ced14216f09fe9753cbaea611514a3f7fc6d25abaf55577910fc772ac22
p12_L6_s23,12,0.8,0.6,6,23,independent_uniform,2026-09-22T03:41:39.822004+00:00,c801c888d20466da9f44228c44681586e38ae6c48856416da8ac0e56c7cf6930,-7.550682335443124,298,332,332,True,0,CONVERGENCE: RELATIVE REDUCTION OF F <= FACTR*EPSMCH,9.364886324525479e-06,0.08823983301408589,-7.580609036552337,0.0037408376386516284,0.9887836752677244,0.06805975509747242,0.020561369872397817,0.02172953600933769,0.5735599271873703,False,False,False,18,192,152,344,223,367,cd2d9917eaf31242fde1c6464dd55ca1eb59ab5dbaf4ac94cbfc138ae4f23059
p12_L6_s37,12,0.8,0.6,6,37,independent_uniform,2026-09-22T03:41:39.915987+00:00,c801c888d20466da9f44228c44681586e38ae6c48856416da8ac0e56c7cf6930,-7.519736582870014,367,399,399,True,0,CONVERGENCE: RELATIVE REDUCTION OF F <= FACTR*EPSMCH,2.1424342034670474e-05,0.10625083398190327,-7.580609036552337,0.0076090567102904405,0.9647741446012436,0.12099541507564249,0.03463418329533202,0.03894907408638748,0.5563403891103205,False,False,False,18,192,152,344,223,367,4913915a67a764050eeb366eed72db66e70b9356c170a089a548d95b715bb0a0
p12_L8_s11,12,0.8,0.6,8,11,results/calibration_v1/runs/p12_L6_s11.npz,2026-09-22T03:42:21.239660+00:00,c801c888d20466da9f44228c44681586e38ae6c48856416da8ac0e56c7cf6930,-7.576497528052943,400,430,430,False,1,STOP: TOTAL NO. OF ITERATIONS REACHED LIMIT,0.013872122552081478,0.15576787499594502,-7.580609036552337,0.0005139385624242099,0.9992997861378311,0.003442056618516709,0.0012346034489741364,0.0014147448706315346,0.5967042080673395,True,True,True,24,256,200,456,297,489,bee0723f5aeae8c44b1a171523e8cb605dce38e72d423933bc4167f867f729dc
p12_L8_s23,12,0.8,0.6,8,23,results/calibration_v1/runs/p12_L6_s23.npz,2026-09-22T03:42:21.403042+00:00,c801c888d20466da9f44228c44681586e38ae6c48856416da8ac0e56c7cf6930,-7.578429932312515,343,364,364,True,0,CONVERGENCE: RELATIVE REDUCTION OF F <= FACTR*EPSMCH,4.4087124834391034e-05,0.12842279201140627,-7.580609036552337,0.0002723880299777548,0.9996673194431828,0.0024868031190150575,0.00077345004097433,4.258056058703552e-05,0.5952468826361209,True,True,True,24,256,200,456,297,489,59a4512ae198eed75d8bd82e3faa675dffe50c8fe4d31f3e3061f45822619565
p12_L8_s37,12,0.8,0.6,8,37,results/calibration_v1/runs/p12_L6_s37.npz,2026-09-22T03:42:21.539314+00:00,c801c888d20466da9f44228c44681586e38ae6c48856416da8ac0e56c7cf6930,-7.574348715309223,400,429,429,False,1,STOP: TOTAL NO. OF ITERATIONS REACHED LIMIT,0.011621002763570587,0.1503402499947697,-7.580609036552337,0.0007825401553892553,0.9986630755599695,0.014416537864183843,0.0035988173350477437,0.0016466413403757318,0.5936428218563322,True,True,True,24,256,200,456,297,489,d1fb7227a9edb68465c312ebc78cc4d901d582e5b982553e89f754cc7bdd1e2a
p13_L1_s11,13,0.8,0.8,1,11,independent_uniform,2026-09-22T03:41:40.028793+00:00,c801c888d20466da9f44228c44681586e38ae6c48856416da8ac0e56c7cf6930,-8.341123771048693,10,13,13,True,0,CONVERGENCE: RELATIVE REDUCTION OF F <= FACTR*EPSMCH,8.73587175931334e-08,0.0007945840188767761,-8.692088665878881,0.0438706118537735,0.8969151676887916,0.2318321809193782,0.08125897381721492,0.09722465525216428,0.8652813875250567,False,False,False,3,32,32,64,38,62,fa0b3e04ce7011cc86bcd03a0a82ada6b093e896d1c02677b94dac1b45d1576d
p13_L1_s23,13,0.8,0.8,1,23,independent_uniform,2026-09-22T03:41:40.032038+00:00,c801c888d20466da9f44228c44681586e38ae6c48856416da8ac0e56c7cf6930,-8.341123771048702,10,12,12,True,0,CONVERGENCE: RELATIVE REDUCTION OF F <= FACTR*EPSMCH,6.55937864024736e-08,0.000823125010356307,-8.692088665878881,0.04387061185377239,0.8969151658061888,0.23183218277910572,0.08125897554194225,0.09722465524515456,0.865281387518047,False,False,False,3,32,32,64,38,62,0cf483f2882ab8fa740fed7cd3916bd8c7c97e6d7912788fa9ad655cba4460c5
p13_L1_s37,13,0.8,0.8,1,37,independent_uniform,2026-09-22T03:41:40.034864+00:00,c801c888d20466da9f44228c44681586e38ae6c48856416da8ac0e56c7cf6930,-8.3411237710487,9,27,27,True,0,CONVERGENCE: RELATIVE REDUCTION OF F <= FACTR*EPSMCH,3.873627179018513e-07,0.0016590830055065453,-8.692088665878881,0.04387061185377261,0.8969151625579821,0.23183218604692657,0.08125897780345923,0.09722466018296028,0.8652813924558527,False,False,False,3,32,32,64,38,62,3387bdabcc443feeb54a3388c75a9c2105a4bf90bb1b858fd732ed4ed794a197
p13_L2_s11,13,0.8,0.8,2,11,independent_uniform,2026-09-22T03:41:40.038363+00:00,c801c888d20466da9f44228c44681586e38ae6c48856416da8ac0e56c7cf6930,-8.575371195400624,43,54,54,True,0,CONVERGENCE: RELATIVE REDUCTION OF F <= FACTR*EPSMCH,8.544124008302845e-07,0.00553841597866267,-8.692088665878881,0.014589683809782095,0.9666254715188001,0.15535677283036364,0.04478645065672343,0.04904447241259058,0.817101204685483,False,False,False,6,64,56,120,75,123,e8215c1d1d1ed101176bb711a8b4effb1b153f997d54a9d759dd1732b2e13fd3
p13_L2_s23,13,0.8,0.8,2,23,independent_uniform,2026-09-22T03:41:40.046328+00:00,c801c888d20466da9f44228c44681586e38ae6c48856416da8ac0e56c7cf6930,-8.487293747774999,29,31,31,True,0,CONVERGENCE: RELATIVE REDUCTION OF F <= FACTR*EPSMCH,1.0568624556839268e-05,0.003370583988726139,-8.692088665878881,0.0255993647629853,0.9455570301492985,0.139724759818058,0.05026878996496914,0.0660774142156294,0.8341341464885218,False,False,False,6,64,56,120,75,123,8987e0e4708e3c39c6e9a89626be9b77d52ea673db2f2145d48845735ec4bdfe
p13_L2_s37,13,0.8,0.8,2,37,independent_uniform,2026-09-22T03:41:40.053077+00:00,c801c888d20466da9f44228c44681586e38ae6c48856416da8ac0e56c7cf6930,-8.575371195400173,48,57,57,True,0,CONVERGENCE: RELATIVE REDUCTION OF F <= FACTR*EPSMCH,6.225712462004651e-06,0.00564741701236926,-8.692088665878881,0.014589683809838494,0.9666254910969747,0.1553567307261938,0.04478642087314205,0.049044363798131374,0.8171010960710238,False,False,False,6,64,56,120,75,123,79738d15ef163114c1826195696480deea254fc3e0f1ac35cfe9f8fc7298eacc
p13_L4_s11,13,0.8,0.8,4,11,independent_uniform,2026-09-22T03:41:40.061747+00:00,c801c888d20466da9f44228c44681586e38ae6c48856416da8ac0e56c7cf6930,-8.653927820694491,72,78,78,True,0,CONVERGENCE: RELATIVE REDUCTION OF F <= FACTR*EPSMCH,8.99621784977711e-06,0.014263042015954852,-8.692088665878881,0.004770105648048695,0.9912973999417685,0.05020906612762399,0.014781236330466838,0.00260538819513656,0.770662120468029,False,True,False,12,128,104,232,149,245,a7bc32d94afef476a7e48a044795b3ba19bdacde52c519053a9759b7a6f84e33
p13_L4_s23,13,0.8,0.8,4,23,independent_uniform,2026-09-22T03:41:40.079997+00:00,c801c888d20466da9f44228c44681586e38ae6c48856416da8ac0e56c7cf6930,-8.675935372842348,245,293,293,True,0,CONVERGENCE: RELATIVE REDUCTION OF F <= FACTR*EPSMCH,2.217337037890843e-05,0.05359995798789896,-8.692088665878881,0.0020191616295666126,0.9970663842770763,0.006623243757020683,0.002528605367145907,0.008211851739783227,0.7762685840126756,False,True,False,12,128,104,232,149,245,d48d27d37849d8b1b5841a1a27150682e260e64276e438bbc4f39024f85c6853
p13_L4_s37,13,0.8,0.8,4,37,independent_uniform,2026-09-22T03:41:40.138036+00:00,c801c888d20466da9f44228c44681586e38ae6c48856416da8ac0e56c7cf6930,-8.655466252392305,399,451,451,True,0,CONVERGENCE: RELATIVE REDUCTION OF F <= FACTR*EPSMCH,0.00012990976454219094,0.08238708399585448,-8.692088665878881,0.004577801685822003,0.9922892608588512,0.02145918779004527,0.007936237605139992,0.01357252518040708,0.7816292574532995,False,True,False,12,128,104,232,149,245,4bdecdffc4bf74fa9f14e1509bb4350e83cf81c690a607384d68d473504e9918
p13_L6_s11,13,0.8,0.8,6,11,independent_uniform,2026-09-22T03:41:40.225034+00:00,c801c888d20466da9f44228c44681586e38ae6c48856416da8ac0e56c7cf6930,-8.607926459052536,400,441,441,False,1,STOP: TOTAL NO. OF ITERATIONS REACHED LIMIT,0.014842304670446893,0.11704579202341847,-8.692088665878881,0.010520275853293182,0.9689806681642456,0.14897462949967197,0.043776281171996084,0.04686822907693344,0.8149249613498258,False,False,False,18,192,152,344,223,367,4f08391bf9fc0486e614538e38723f7da934b5f3f1bb291642ded886807a7ee0
p13_L6_s23,13,0.8,0.8,6,23,independent_uniform,2026-09-22T03:41:40.348661+00:00,c801c888d20466da9f44228c44681586e38ae6c48856416da8ac0e56c7cf6930,-8.682647617201127,400,439,439,False,1,STOP: TOTAL NO. OF ITERATIONS REACHED LIMIT,0.004112994734869702,0.11631520799710415,-8.692088665878881,0.0011801310847192603,0.9984961926334207,0.007386087512631312,0.002604342292501005,0.006381585473851148,0.7744383177467435,False,True,False,18,192,152,344,223,367,2fcaf8fbde66edbbc5fc199cf0513801db611edd9429521c6f54d3a0befb775a
p13_L6_s37,13,0.8,0.8,6,37,independent_uniform,2026-09-22T03:41:40.470604+00:00,c801c888d20466da9f44228c44681586e38ae6c48856416da8ac0e56c7cf6930,-8.686903603494134,400,439,439,False,1,STOP: TOTAL NO. OF ITERATIONS REACHED LIMIT,0.0014870658295045303,0.11625508300494403,-8.692088665878881,0.0006481327980933926,0.9991784485794883,0.01117302949142679,0.0032303334389991445,0.001181636266280206,0.7692383685391726,True,True,True,18,192,152,344,223,367,c181046afe9cd1c5338a8c91d38ec2c7db83bf02eaba47652771ecf55291291a
p13_L8_s11,13,0.8,0.8,8,11,results/calibration_v1/runs/p13_L6_s11.npz,2026-09-22T03:42:21.698507+00:00,c801c888d20466da9f44228c44681586e38ae6c48856416da8ac0e56c7cf6930,-8.684092653457085,400,427,427,False,1,STOP: TOTAL NO. OF ITERATIONS REACHED LIMIT,0.027029912147257695,0.1509460420056712,-8.692088665878881,0.0009995015527244355,0.9988645396079916,0.008149155010566511,0.0029273878222756955,0.006215515040406072,0.7742722473132985,True,True,True,24,256,200,456,297,489,13d077e3eba37f121a353524c8dfe31ec1be301b6b7d1678a054487ccc041cc1
p13_L8_s23,13,0.8,0.8,8,23,results/calibration_v1/runs/p13_L6_s23.npz,2026-09-22T03:42:21.857312+00:00,c801c888d20466da9f44228c44681586e38ae6c48856416da8ac0e56c7cf6930,-8.690548495327898,400,436,436,False,1,STOP: TOTAL NO. OF ITERATIONS REACHED LIMIT,0.011879306109268128,0.15802195799187757,-8.692088665878881,0.00019252131887292911,0.999803537842051,0.0026134053768482324,0.0008861559500261407,0.0010581984102583375,0.7691149306831507,True,True,True,24,256,200,456,297,489,2e4d7852957e928c1e045c893548c1d034d3aafd734750343555f6ba50f0934a
p13_L8_s37,13,0.8,0.8,8,37,results/calibration_v1/runs/p13_L6_s37.npz,2026-09-22T03:42:22.023100+00:00,c801c888d20466da9f44228c44681586e38ae6c48856416da8ac0e56c7cf6930,-8.689886747432016,400,436,436,False,1,STOP: TOTAL NO. OF ITERATIONS REACHED LIMIT,0.007183755873192865,0.15454662500997074,-8.692088665878881,0.00027523980585808516,0.9997157309406284,0.004347598899970051,0.001327285210881074,0.0005232282846334702,0.7685799605575259,True,True,True,24,256,200,456,297,489,c36af90b47958074337f980daa973e1e97e422fde43264f5611703632193a159
p14_L1_s11,14,0.8,1.2,1,11,independent_uniform,2026-09-22T03:41:40.593444+00:00,c801c888d20466da9f44228c44681586e38ae6c48856416da8ac0e56c7cf6930,-11.186033888485635,10,13,13,True,0,CONVERGENCE: RELATIVE REDUCTION OF F <= FACTR*EPSMCH,6.272429686760006e-08,0.0008893340127542615,-11.36164869412628,0.021951850705080656,0.9713250904935289,0.08065235868751322,0.02902014084228169,0.031105345032742204,0.9086765309045536,False,False,False,3,32,32,64,38,62,aa77ee05518b854e4d1c81bd8b9552bd783f0a31e7907acdfc427c76acb87b8a
p14_L1_s23,14,0.8,1.2,1,23,independent_uniform,2026-09-22T03:41:40.596449+00:00,c801c888d20466da9f44228c44681586e38ae6c48856416da8ac0e56c7cf6930,-11.186033888485632,9,11,11,True,0,CONVERGENCE: RELATIVE REDUCTION OF F <= FACTR*EPSMCH,4.283037924324162e-08,0.0007527080015279353,-11.36164869412628,0.0219518507050811,0.9713250905629377,0.08065235751909924,0.029020140524901705,0.0311053454626663,0.9086765313344777,False,False,False,3,32,32,64,38,62,487e09c8ec2a764f0f6c05bcfdc93a7eb5dec7bf2e6ad8df82ffd570e0f9c1e2
p14_L1_s37,14,0.8,1.2,1,37,independent_uniform,2026-09-22T03:41:40.599652+00:00,c801c888d20466da9f44228c44681586e38ae6c48856416da8ac0e56c7cf6930,-11.186033888485627,9,11,11,True,0,CONVERGENCE: RELATIVE REDUCTION OF F <= FACTR*EPSMCH,5.805298570749073e-07,0.0007493330049328506,-11.36164869412628,0.021951850705081766,0.9713250912410231,0.08065235738311927,0.029020140357120916,0.031105340469038012,0.9086765263408494,False,False,False,3,32,32,64,38,62,124b01f37a0aa872f8cf19b6e1392226887d1dd58ae2346975978238240a1a8c
p14_L2_s11,14,0.8,1.2,2,11,independent_uniform,2026-09-22T03:41:40.602367+00:00,c801c888d20466da9f44228c44681586e38ae6c48856416da8ac0e56c7cf6930,-11.317117518131543,27,34,34,True,0,CONVERGENCE: RELATIVE REDUCTION OF F <= FACTR*EPSMCH,1.3555413218568901e-06,0.0032979999959934503,-11.36164869412628,0.005566396999342249,0.9941505158512098,0.03342551653472087,0.010142338483854735,0.009925817057289121,0.8874970029291005,False,True,False,6,64,56,120,75,123,6a03872a68278e31089073f241808aa47ed33cbb3d2193a34b147c724867772d
p14_L2_s23,14,0.8,1.2,2,23,independent_uniform,2026-09-22T03:41:40.608098+00:00,c801c888d20466da9f44228c44681586e38ae6c48856416da8ac0e56c7cf6930,-11.317117518131516,61,80,80,True,0,CONVERGENCE: RELATIVE REDUCTION OF F <= FACTR*EPSMCH,2.4332085826195282e-06,0.008167416002834216,-11.36164869412628,0.00556639699934558,0.9941505152478087,0.0334255386520477,0.010142345270904213,0.009925787752124937,0.8874969736239363,False,True,False,6,64,56,120,75,123,67d0b170ccbf4ea4118b584dba2595fb40562864a10f30b4b8f73e2621b5531a
p14_L2_s37,14,0.8,1.2,2,37,independent_uniform,2026-09-22T03:41:40.619278+00:00,c801c888d20466da9f44228c44681586e38ae6c48856416da8ac0e56c7cf6930,-11.317117518131559,29,38,38,True,0,CONVERGENCE: RELATIVE REDUCTION OF F <= FACTR*EPSMCH,4.922897751669097e-07,0.003933625004719943,-11.36164869412628,0.005566396999340251,0.9941505164270067,0.03342551311266652,0.010142334994135943,0.009925803411835687,0.8874969892836471,False,True,False,6,64,56,120,75,123,2470f3eae6285a0330fa9b8711ceb6297e0420e2e687f7a4df6681c7d483a3b9
p14_L4_s11,14,0.8,1.2,4,11,independent_uniform,2026-09-22T03:41:40.625950+00:00,c801c888d20466da9f44228c44681586e38ae6c48856416da8ac0e56c7cf6930,-11.358410648503735,319,352,352,True,0,CONVERGENCE: RELATIVE REDUCTION OF F <= FACTR*EPSMCH,1.20069802991285e-05,0.06446224998217076,-11.36164869412628,0.0004047557028181714,0.9995812367550926,0.0038090403726807748,0.0010782382949214298,0.0016762470647784244,0.8792474329365898,True,True,True,12,128,104,232,149,245,97873b906745357b7c2d13ac39ea00d55d7a7a2522be953f26663fa0acf00d10
p14_L4_s23,14,0.8,1.2,4,23,independent_uniform,2026-09-22T03:41:40.695578+00:00,c801c888d20466da9f44228c44681586e38ae6c48856416da8ac0e56c7cf6930,-11.359256771758194,228,261,261,True,0,CONVERGENCE: RELATIVE REDUCTION OF F <= FACTR*EPSMCH,4.025213380742798e-05,0.04767045800690539,-11.36164869412628,0.00029899029601088145,0.9997549824533613,0.0019315083069825767,0.000825691592930014,0.0011988209374007575,0.8787700068092121,True,True,True,12,128,104,232,149,245,7e0bbfa386eee8d440f73a47582e18ff2b3dbd68375b3b7fa02a98f5ccefacc7
p14_L4_s37,14,0.8,1.2,4,37,independent_uniform,2026-09-22T03:41:40.747663+00:00,c801c888d20466da9f44228c44681586e38ae6c48856416da8ac0e56c7cf6930,-11.359177937229422,209,243,243,True,0,CONVERGENCE: RELATIVE REDUCTION OF F <= FACTR*EPSMCH,9.909645939387701e-06,0.04448250000132248,-11.36164869412628,0.0003088446121073396,0.9997259500767479,0.0023274592552803564,0.0008082680606089077,0.001343469376700046,0.8789146552485114,True,True,True,12,128,104,232,149,245,7515d4004bc17d1e452eee02350e8689fc89281c935d8e18750d51c7b900e1ba
p14_L6_s11,14,0.8,1.2,6,11,independent_uniform,2026-09-22T03:41:40.796311+00:00,c801c888d20466da9f44228c44681586e38ae6c48856416da8ac0e56c7cf6930,-11.330244981537476,400,433,433,False,1,STOP: TOTAL NO. OF ITERATIONS REACHED LIMIT,0.030786833097868005,0.11594129202421755,-11.36164869412628,0.003925464073600615,0.9951165481403141,0.03868542201562489,0.014255173231374818,0.010973257428435357,0.8885444433002467,False,True,False,18,192,152,344,223,367,17a35b10b6b731149f9a3552f3543ff31e9334d0aefef71631d938a9cca3aa8e
p14_L6_s23,14,0.8,1.2,6,23,independent_uniform,2026-09-22T03:41:40.918032+00:00,c801c888d20466da9f44228c44681586e38ae6c48856416da8ac0e56c7cf6930,-11.360212698496552,400,442,442,False,1,STOP: TOTAL NO. OF ITERATIONS REACHED LIMIT,0.016905372272830732,0.11988183300127275,-11.36164869412628,0.0001794994537160921,0.9998402089509241,0.0034586709306419355,0.0009450701372406001,0.0007662568759185806,0.87833744274773,True,True,True,18,192,152,344,223,367,a98834db814f62af7d89a8aff4c7bd7bdb46a223f851bc61a5b1cc3762d36e6a
p14_L6_s37,14,0.8,1.2,6,37,independent_uniform,2026-09-22T03:41:41.047273+00:00,c801c888d20466da9f44228c44681586e38ae6c48856416da8ac0e56c7cf6930,-11.35960655480087,400,443,443,False,1,STOP: TOTAL NO. OF ITERATIONS REACHED LIMIT,0.005414584355214913,0.11805408299551345,-11.36164869412628,0.00025526741567638567,0.9998075685840128,0.003090012192179137,0.00111509921054892,0.0007613979267854232,0.8783325837985968,True,True,True,18,192,152,344,223,367,3224510c974f66f3d6b5eae1d94c850166ddcd83f3a185c76fbc424b03aea3da
