dataset,n,kappa,h,label,nearest_control,margin,ferro_score,antiphase_score,transverse_score,distance_ferro_like,distance_antiphase_like,distance_paramagnetic_like,distance_degraded
grid_n8,8,0.0,0.0,ferro_like,ferro_like,0.9100137361600648,1.0,-0.3333333333333333,0.0,0.0,1.4142135623730951,1.352081728298996,0.9100137361600648
grid_n8,8,0.0,0.1,ferro_like,ferro_like,0.8589959701196221,0.997491922518144,-0.3324968691005347,0.05006275644111617,0.05011476105927943,1.4131056780487377,1.3139089803568607,0.9091107311789016
grid_n8,8,0.0,0.2,ferro_like,ferro_like,0.8054500465118428,0.9898682434369007,-0.32994949211590985,0.10051028498900196,0.10093241075869758,1.40974501798375,1.2729919830343706,0.9063824572705405
grid_n8,8,0.0,0.30000000000000004,ferro_like,ferro_like,0.7485130210676005,0.9768033977568583,-0.32557204345018925,0.15179089015195635,0.1532524952431952,1.4040122287743977,1.2286575056147109,0.9017655163107957
grid_n8,8,0.0,0.4,ferro_like,ferro_like,0.6869378241023564,0.9576156032603566,-0.31913660708589814,0.20457538615832682,0.20818226623413827,1.3956618760677146,1.1798682993484317,0.8951200903364946
grid_n8,8,0.0,0.5,ferro_like,ferro_like,0.6185900427584892,0.9309124079109191,-0.3102281053067671,0.2600619132918739,0.2675572675140189,1.384205824003001,1.1247814138397971,0.886147310272508
grid_n8,8,0.0,0.6000000000000001,ferro_like,ferro_like,0.5397401380755535,0.893923052094016,-0.29810095881952764,0.32035082914181334,0.33457129732300095,1.368742025505981,1.0600560493601525,0.8743114353985545
grid_n8,8,0.0,0.7000000000000001,ferro_like,ferro_like,0.44489234867944144,0.8418184038915547,-0.28156310929289213,0.3884757276276253,0.41421975015334717,1.3480003235039153,0.9803683711267048,0.8591120988327886
grid_n8,8,0.0,0.8,uncertain,ferro_like,0.3295087613516938,0.7685882759734061,-0.2592824257508701,0.46699093866501684,0.5120208064409822,1.3214077447208488,0.8798807510903364,0.8415295677926761
grid_n8,8,0.0,0.9,uncertain,ferro_like,0.1297219292576517,0.6723619165838072,-0.23113797785270926,0.5541008426196632,0.6285616596487982,1.2916772355279698,0.7582835889064499,0.8265565234417863
grid_n8,8,0.0,1.0,uncertain,paramagnetic_like,0.12509529902001137,0.5628839496768866,-0.19986600889875858,0.640728861935377,0.7528890290184302,1.2655780557907141,0.6277937299984189,0.8219383743907336
grid_n8,8,0.0,1.1,uncertain,paramagnetic_like,0.32235087106822047,0.45830624000918757,-0.16999323633016425,0.7156629331599773,0.8670870204219113,1.2485454238815152,0.5078562082933255,0.8302070793615459
grid_n8,8,0.0,1.2000000000000002,paramagnetic_like,paramagnetic_like,0.4357948050310958,0.3714945291561044,-0.14455814210933657,0.773873567623883,0.9598760902570392,1.2402881712869502,0.4105487479711267,0.8463435530022225
grid_n8,8,0.0,1.3,paramagnetic_like,paramagnetic_like,0.5277409803717313,0.30481142182168736,-0.1240828756345201,0.8169071624099314,1.0305258511717819,1.2375491228929292,0.3366270534892677,0.864368033860999
grid_n8,8,0.0,1.4000000000000001,paramagnetic_like,paramagnetic_like,0.5996590267367079,0.25490977897016875,-0.10779551224790662,0.8485717731452621,1.0833886004852415,1.2375444401034759,0.2814537786420395,0.8811128053787474
grid_n8,8,0.0,1.5,paramagnetic_like,paramagnetic_like,0.6557060317714776,0.2174435823615439,-0.09471371679969627,0.8722858606428571,1.123287837486833,1.2386978688034025,0.23991034544415007,0.8956163772156277
grid_n8,8,0.0,1.6,paramagnetic_like,paramagnetic_like,0.6998686838620483,0.18884861641169298,-0.08403137223429513,0.890490021888213,1.153988012354628,1.2402501641725714,0.20801321436395495,0.9078818982260032
grid_n8,8,0.0,1.7000000000000002,paramagnetic_like,paramagnetic_like,0.7352294723600461,0.16656790168593646,-0.07516092748309074,0.904811460202695,1.1781282398399986,1.2418620570270749,0.1829772564168904,0.9182067287769364
grid_n8,8,0.0,1.8,paramagnetic_like,paramagnetic_like,0.7640164245165987,0.14884067318216745,-0.06768550703687544,0.9163262925275362,1.1975069244067946,1.2433914398234882,0.16290977532416698,0.9269261998407656
grid_n8,8,0.0,1.9000000000000001,paramagnetic_like,paramagnetic_like,0.7878157432417724,0.13445990012150535,-0.06130704879266191,0.9257577826413539,1.2133535691257236,1.2447860386876772,0.1465202504288318,0.9343359936706042
grid_n8,8,0.0,2.0,paramagnetic_like,paramagnetic_like,0.8077636228710515,0.12258910861341661,-0.0558080521283543,0.933604322746598,1.2265224206714436,1.2460338144190743,0.13291423937625613,0.9406778622473077
grid_n8,8,0.05,0.0,ferro_like,ferro_like,0.9100137361600648,1.0,-0.3333333333333333,0.0,0.0,1.4142135623730951,1.352081728298996,0.9100137361600648
grid_n8,8,0.05,0.1,ferro_like,ferro_like,0.8562337463167861,0.9972179844176338,-0.3324053205109823,0.05271735299922378,0.05277811455588374,1.4129844241439489,1.3118185305935979,0.9090118608726698
grid_n8,8,0.05,0.2,ferro_like,ferro_like,0.7995098966020642,0.9887241842891399,-0.32956463183309076,0.1059628285589751,0.10645870056705412,1.4092365753066647,1.2684058664081581,0.9059685971691183
grid_n8,8,0.05,0.30000000000000004,ferro_like,ferro_like,0.7386549472334228,0.9740254620083787,-0.3246312476050295,0.16036955140165737,0.1621034803711455,1.4027718874680393,1.2209122171955442,0.9007584276045684
grid_n8,8,0.05,0.4,ferro_like,ferro_like,0.6718093261726985,0.9520424192992218,-0.317249685171944,0.21694088283214935,0.2212910748446234,1.3931685114649424,1.1677955988241275,0.8931004010173219
grid_n8,8,0.05,0.5,ferro_like,ferro_like,0.5955563985303065,0.9204519194872641,-0.3067446331972075,0.2775513193676977,0.2868400173153799,1.3795597139783442,1.10612874294176,0.8823964158456864
grid_n8,8,0.05,0.6000000000000001,ferro_like,ferro_like,0.5038150843770994,0.8745180619462438,-0.29188123753838263,0.34547185371287353,0.3638305189288209,1.3603680058048688,1.0304684301376474,0.8676456033059203
grid_n8,8,0.05,0.7000000000000001,uncertain,ferro_like,0.3886308990056712,0.8064875046654861,-0.2708299422508362,0.42484168854258814,0.45973730487641756,1.3337752569439452,0.9327621520371339,0.8483682038820888
grid_n8,8,0.05,0.8,uncertain,ferro_like,0.22793197206869464,0.7098117560902352,-0.24233863620674842,0.5167047859644447,0.5797534279022467,1.3006892652099653,0.8076853999709414,0.8281094597063294
grid_n8,8,0.05,0.9,uncertain,paramagnetic_like,0.05068143478374998,0.5910933119776839,-0.20851729652611986,0.6125715086024615,0.7155579275036091,1.2685473536149083,0.6648764927198592,0.8168254206232712
grid_n8,8,0.05,1.0,uncertain,paramagnetic_like,0.2921380954443321,0.4731252787983199,-0.17509616980871864,0.6973239494507977,0.8443223966583312,1.2463923146862734,0.5293784633279577,0.8215165587722898
grid_n8,8,0.05,1.1,paramagnetic_like,paramagnetic_like,0.4174693894436535,0.37549032846372643,-0.146670961276011,0.7625037857009085,0.9484800005198708,1.2356086872921022,0.4200629904227964,0.8375323798664499
grid_n8,8,0.05,1.2000000000000002,paramagnetic_like,paramagnetic_like,0.5177049553161059,0.3024261616689377,-0.12417749523721444,0.8095490676560511,1.0259323199729073,1.2320913728053835,0.3390731641141863,0.8567781194302923
grid_n8,8,0.05,1.3,paramagnetic_like,paramagnetic_like,0.5945882470745162,0.24940863118259152,-0.10659869316999619,0.8434013407676613,1.0823985577538864,1.2320510468938461,0.2802506605334988,0.874838907608015
grid_n8,8,0.05,1.4000000000000001,paramagnetic_like,paramagnetic_like,0.6534941205912601,0.21066721946555017,-0.09266525707931694,0.8683620905487983,1.1241232709290678,1.23341746701105,0.23693374254849703,0.8904278631397572
grid_n8,8,0.05,1.5,paramagnetic_like,paramagnetic_like,0.6993319911583518,0.1817253583562176,-0.08139110568827057,0.8873434486643477,1.1557357593221151,1.2352453930420677,0.2042103515085127,0.9035423426668645
grid_n8,8,0.05,1.6,paramagnetic_like,paramagnetic_like,0.7357162367487808,0.15953731090099518,-0.07209118015897797,0.9021976931121782,1.1803262993453278,1.2371326675993344,0.17881690797753375,0.9145331447263146
grid_n8,8,0.05,1.7000000000000002,paramagnetic_like,paramagnetic_like,0.7651582101090688,0.14209654620266296,-0.06429602907400382,0.9141070765640469,1.1999186747181498,1.2389180059241318,0.15862540806833764,0.9237836181774065
grid_n8,8,0.05,1.8,paramagnetic_like,paramagnetic_like,0.789393968342572,0.1280755583690682,-0.057677439261647256,0.9238469101131803,1.2158550284053753,1.2405449754591633,0.14222998399785028,0.9316239523404223
grid_n8,8,0.05,1.9000000000000001,paramagnetic_like,paramagnetic_like,0.8096411223598395,0.11657995103239761,-0.05199899173555692,0.9319429798802039,1.2290469918440041,1.2420023792532875,0.1286787485157528,0.9383198708755923
grid_n8,8,0.05,2.0,paramagnetic_like,paramagnetic_like,0.8267718096127965,0.10699315042628002,-0.04708520756020126,0.9387638013361859,1.2401305780475722,1.2432979028353977,0.11730925948769269,0.9440810691004892
grid_n8,8,0.1,0.0,ferro_like,ferro_like,0.9100137361600648,1.0,-0.3333333333333333,0.0,0.0,1.4142135623730951,1.352081728298996,0.9100137361600648
grid_n8,8,0.1,0.1,ferro_like,ferro_like,0.8531476394245741,0.9968953872627936,-0.3322974227720108,0.055675855284203324,0.05574750267965971,1.4128414086240975,1.3094803048432109,0.9088951421042337
grid_n8,8,0.1,0.2,ferro_like,ferro_like,0.7927818297724383,0.9873543037011958,-0.32910266089178664,0.1120971160247839,0.11268657974339996,1.4086242536847924,1.2632018083353007,0.9054684095158383
grid_n8,8,0.1,0.30000000000000004,ferro_like,ferro_like,0.7272031682369666,0.9705961292258847,-0.3234669579256944,0.17019478471472893,0.1722874673475959,1.4012232635946666,1.2118967918411463,0.8994906355845625
grid_n8,8,0.1,0.4,ferro_like,ferro_like,0.6534433375440724,0.9448020001900045,-0.3148067136945924,0.23155933259952852,0.23695044945254637,1.3898773637879567,1.15311856750428,0.8903937869966188
grid_n8,8,0.1,0.5,ferro_like,ferro_like,0.5655992165378065,0.9057902346880338,-0.30195107418281436,0.29931224469277523,0.3113472098602921,1.3729517861403835,1.0818551406666446,0.8769464263980986
grid_n8,8,0.1,0.6000000000000001,ferro_like,ferro_like,0.4532672970898858,0.8449521887623251,-0.2827568000768061,0.3787040590894897,0.4040558394700424,1.3476136879162064,0.9887339593146247,0.8573231365599282
grid_n8,8,0.1,0.7000000000000001,uncertain,ferro_like,0.3068636766613697,0.7505483819862852,-0.2546686939534955,0.4743236461462956,0.5254575217300775,1.3120854837048375,0.8626188526801298,0.8323211983914472
grid_n8,8,0.1,0.8,uncertain,ferro_like,0.03366149423052023,0.6225240137700983,-0.21835459346426064,0.5802703624625167,0.673232851835219,1.272867387862634,0.7068943460657392,0.81255174692123
grid_n8,8,0.1,0.9,uncertain,paramagnetic_like,0.259443107482095,0.4879593971177759,-0.18071802507411505,0.6769454002632698,0.8198123806924887,1.2438240720069567,0.552298492890877,0.8117416003729719
grid_n8,8,0.1,1.0,paramagnetic_like,paramagnetic_like,0.39877280986472063,0.3769935244025537,-0.14875236183293206,0.7503675050058912,0.9377543850622565,1.2297359461109356,0.4284585704831544,0.827231380347875
grid_n8,8,0.1,1.1,paramagnetic_like,paramagnetic_like,0.508152198786966,0.296864028645014,-0.12402484861308465,0.8017523412523504,1.0227292476003287,1.2253670621269104,0.3397466607415267,0.8478988595284928
grid_n8,8,0.1,1.2000000000000002,paramagnetic_like,paramagnetic_like,0.5900208646152243,0.2409890759632692,-0.10509840826572221,0.8377790730784171,1.082704842719801,1.225409430265335,0.27747622593742466,0.867497090552649
grid_n8,8,0.1,1.3,paramagnetic_like,paramagnetic_like,0.6515695103607853,0.20147700917910832,-0.0902964664583239,0.8639337215944637,1.125965785920709,1.2271220056762755,0.23276458730333924,0.8843340976641245
grid_n8,8,0.1,1.4000000000000001,paramagnetic_like,paramagnetic_like,0.6988779173480235,0.1726691342566762,-0.07841536881238675,0.8836720690583978,1.1582234552093886,1.2293395016694688,0.1995440032062084,0.898421920554232
grid_n8,8,0.1,1.5,paramagnetic_like,paramagnetic_like,0.7361464928795756,0.15096458288043144,-0.06866772138546791,0.8990705267016321,1.1830634209074573,1.2315959808347106,0.17403424243867266,0.9101807353182482
grid_n8,8,0.1,1.6,paramagnetic_like,paramagnetic_like,0.7661622658321262,0.13411223144738502,-0.06053433747420297,0.9114042785514246,1.202728089395776,1.233715027170311,0.15388642199816885,0.920048687830295
grid_n8,8,0.1,1.7000000000000002,paramagnetic_like,paramagnetic_like,0.7907925645521902,0.12068136842179886,-0.053659738570153416,0.9214901706448546,1.2186564685658452,1.2356397496725147,0.13760085191362248,0.9283934164658126
grid_n8,8,0.1,1.8,paramagnetic_like,paramagnetic_like,0.8113208933874769,0.10973718831585913,-0.04779012357859225,0.9298750969684113,1.2318039087047683,1.2373625719331367,0.12418551249704539,0.9355064058845223
grid_n8,8,0.1,1.9000000000000001,paramagnetic_like,paramagnetic_like,0.8286551645729859,0.10065025301105991,-0.042737454130474584,0.9369400786473832,1.2428266210905206,1.238895529920238,0.11296060383437986,0.9416157684073658
grid_n8,8,0.1,2.0,paramagnetic_like,paramagnetic_like,0.8434553010581484,0.0929842379014668,-0.03835818129664655,0.9429596934067036,1.2521896149251472,1.2402574410173581,0.10344504427881071,0.9469003453369591
grid_n8,8,0.15000000000000002,0.0,ferro_like,ferro_like,0.9100137361600648,1.0,-0.3333333333333333,0.0,0.0,1.4142135623730951,1.352081728298996,0.9100137361600648
grid_n8,8,0.15000000000000002,0.1,ferro_like,ferro_like,0.8496726753898566,0.9965109880315597,-0.33216870465514087,0.05899739532462245,0.059082786979573816,1.4126705425382151,1.3068441757673455,0.9087554623694304
grid_n8,8,0.15000000000000002,0.2,ferro_like,ferro_like,0.7850524443217541,0.9856791319538581,-0.3285359476126956,0.11908290477903558,0.11979442404389011,1.4078682844535928,1.2572120130006086,0.9048468683656442
grid_n8,8,0.15000000000000002,0.30000000000000004,ferro_like,ferro_like,0.7135175727616203,0.9661932962846415,-0.32197044140216086,0.18170196880867584,0.18429123812897016,1.3991987675282138,1.2011064579359418,0.8978088108905905
grid_n8,8,0.15000000000000002,0.4,ferro_like,ferro_like,0.6298649482828769,0.9347062971460132,-0.3114411772895577,0.24958518434790425,0.2565665916115341,1.3851802055584752,1.1342797301476246,0.8864315398944109
grid_n8,8,0.15000000000000002,0.5,ferro_like,ferro_like,0.5228307609514016,0.8828782986650016,-0.294736123020269,0.3283575700397127,0.34519433756109325,1.3624611326120089,1.047259486263171,0.8680250985124949
grid_n8,8,0.15000000000000002,0.6000000000000001,uncertain,ferro_like,0.3744858711451607,0.7943323716688911,-0.2680575764965846,0.4262621520084383,0.4652757212858633,1.3261408341437635,0.9234041520945272,0.839761592431024
grid_n8,8,0.15000000000000002,0.7000000000000001,uncertain,ferro_like,0.12982855723266162,0.6576561957425285,-0.2295321405754073,0.5429286658790221,0.6249503956381566,1.278968158485904,0.7547789528708182,0.809659557749313
grid_n8,8,0.15000000000000002,0.8,uncertain,paramagnetic_like,0.2178636865252721,0.501824868848748,-0.18678814692395226,0.6544085385800936,0.7939408881372081,1.2404506740404218,0.576077201611936,0.8004261486091183
grid_n8,8,0.15000000000000002,0.9,paramagnetic_like,paramagnetic_like,0.3803909298531697,0.3741098921514773,-0.15060888381006532,0.7376154148208669,0.928860651382625,1.2220424487991968,0.43446563020674556,0.8148565600599152
grid_n8,8,0.15000000000000002,1.0,paramagnetic_like,paramagnetic_like,0.4995383155374063,0.2865199439478489,-0.1234958363239187,0.7934904783795753,1.0218313564695851,1.2168783741438935,0.33775429989407196,0.8372926154314783
grid_n8,8,0.15000000000000002,1.1,paramagnetic_like,paramagnetic_like,0.586009670506279,0.22857950222376575,-0.10323707925840737,0.8315258468467982,1.0848188134318706,1.2172516608142019,0.2727295946247476,0.8587392651310265
grid_n8,8,0.15000000000000002,1.2000000000000002,paramagnetic_like,paramagnetic_like,0.6497381511214253,0.18920177014501163,-0.08758127977784509,0.858769292416463,1.1290586644638978,1.2195279763996962,0.22730612270529613,0.8770442738267215
grid_n8,8,0.15000000000000002,1.3,paramagnetic_like,paramagnetic_like,0.6982123711862631,0.1612588453263568,-0.07508216224330944,0.8792491514459285,1.1615512393743554,1.2223041783362232,0.19406544398081033,0.8922778151670735
grid_n8,8,0.15000000000000002,1.4000000000000001,paramagnetic_like,paramagnetic_like,0.7362070731403826,0.14057826659792647,-0.06486082701495903,0.8952292825928243,1.1863701175622134,1.2250621465515088,0.1687417302199318,0.9049488033603144
grid_n8,8,0.15000000000000002,1.5,paramagnetic_like,paramagnetic_like,0.7667317607409104,0.1247062980995065,-0.0563601261167069,0.9080473974697654,1.205934082352123,1.2276209601614227,0.1488246696537929,0.9155564303947034
grid_n8,8,0.15000000000000002,1.6,paramagnetic_like,paramagnetic_like,0.7917428778574378,0.1121513459751854,-0.04920414401364156,0.9185447885150299,1.2217438515217358,1.229930530643175,0.13276582478455634,0.9245087026419941
grid_n8,8,0.15000000000000002,1.7000000000000002,paramagnetic_like,paramagnetic_like,0.8125636967043549,0.10197004829405262,-0.04312454937623581,0.9272813305815051,1.2347750017656278,1.2319917668410987,0.11956164221292978,0.9321253389172847
grid_n8,8,0.15000000000000002,1.8,paramagnetic_like,paramagnetic_like,0.8301232885426924,0.0935422625365011,-0.03792128748323679,0.9346473011086173,1.2456892594101072,1.233824388506498,0.108532028027204,0.9386553165698963
grid_n8,8,0.15000000000000002,1.9000000000000001,paramagnetic_like,paramagnetic_like,0.8450952090107136,0.08644568541326156,-0.03344042717192811,0.9409249227865439,1.2549521993250572,1.2354536060985448,0.09919825097369633,0.9442934599844099
grid_n8,8,0.15000000000000002,2.0,paramagnetic_like,paramagnetic_like,0.8579809635046094,0.08038357903795114,-0.029560826994481298,0.9463242644839209,1.2629016531421144,1.2369046403491346,0.0912125104688894,0.9491934739734987
grid_n8,8,0.2,0.0,ferro_like,ferro_like,0.9100137361600648,1.0,-0.3333333333333333,0.0,0.0,1.4142135623730951,1.352081728298996,0.9100137361600648
grid_n8,8,0.2,0.1,ferro_like,ferro_like,0.8457214998433409,0.9960459517791277,-0.33201271277852756,0.06276055234494707,0.06286364700209418,1.4124628571738334,1.3038427299249886,0.9085851468454351
grid_n8,8,0.2,0.2,ferro_like,ferro_like,0.7759829478063989,0.9835639991321037,-0.32781768736762923,0.127179211672929,0.12805659693257215,1.406898013912372,1.250171618261264,0.9040395447389711
grid_n8,8,0.2,0.30000000000000004,ferro_like,ferro_like,0.6963501956576914,0.9601522194738544,-0.319925051391794,0.19568461457441222,0.1990208282249197,1.3963392321474999,1.187568962738489,0.8953710238826111
grid_n8,8,0.2,0.4,ferro_like,ferro_like,0.5963617105220909,0.9187718966337916,-0.306297840514471,0.2735412393544065,0.28335057497296073,1.3775286306347136,1.1076151075812004,0.8797122854950516
grid_n8,8,0.2,0.5,ferro_like,ferro_like,0.4517468699178358,0.8403992698019922,-0.28227606874853134,0.3718206652076168,0.3990228789521096,1.3428820064337423,0.9900342595976143,0.8507697488699454
grid_n8,8,0.2,0.6000000000000001,uncertain,ferro_like,0.2394324348832262,0.6970330650286611,-0.24219970979751881,0.4993591802212584,0.5694798226858807,1.2874061895698565,0.8097040694000693,0.8089122575691069
grid_n8,8,0.2,0.7000000000000001,uncertain,paramagnetic_like,0.16859683626930333,0.5125713302542897,-0.193062807158595,0.6298249650676989,0.7678863581564285,1.235412278442157,0.5992895218871251,0.7866370581018268
grid_n8,8,0.2,0.8,paramagnetic_like,paramagnetic_like,0.3635721755798555,0.36345622359367585,-0.1518888659229305,0.7245624028759333,0.9239758658092091,1.2114508206160108,0.43586954693454566,0.7994417225144012
grid_n8,8,0.2,0.9,paramagnetic_like,paramagnetic_like,0.49231159029616495,0.26898427108626877,-0.12244028554634312,0.784625342431455,1.0245937516958223,1.2058918934691474,0.33198485407008854,0.8242964443662535
grid_n8,8,0.2,1.0,paramagnetic_like,paramagnetic_like,0.5822734112948063,0.21078443849249387,-0.10099535455361212,0.8242727288494647,1.0893428828538332,1.207076516057115,0.2657713079408814,0.8480447192356876
grid_n8,8,0.2,1.1,paramagnetic_like,paramagnetic_like,0.6474181132395364,0.1730573200782278,-0.08453600509358954,0.8524693636024567,1.1336151835066495,1.2102634845578453,0.22071402391280828,0.8681321371523446
grid_n8,8,0.2,1.2000000000000002,paramagnetic_like,paramagnetic_like,0.6967029721832718,0.14704060178006376,-0.07139835677092554,0.8737210018434516,1.1657633059076427,1.213846231477536,0.18806218912538622,0.884765161308658
grid_n8,8,0.2,1.3,paramagnetic_like,paramagnetic_like,0.7353141461052406,0.12810238536517884,-0.060654516804933056,0.890381543879637,1.1902250075937821,1.2172906465992752,0.16324736547529606,0.8985615115805367
grid_n8,8,0.2,1.4000000000000001,paramagnetic_like,paramagnetic_like,0.7663577296349049,0.11370160210525533,-0.05173478987707177,0.9037999102033152,1.2094944066087003,1.2204330002575057,0.14372899373013034,0.9100867233650353
grid_n8,8,0.2,1.5,paramagnetic_like,paramagnetic_like,0.7918087367649718,0.10236559502168026,-0.04425419888642357,0.9148198286841865,1.2250722682323936,1.2232428834902893,0.12798455759600474,0.9197932943609766
grid_n8,8,0.2,1.6,paramagnetic_like,paramagnetic_like,0.8129952511145347,0.09319331312126902,-0.037933449389350914,0.9240064564755996,1.2379194170285868,1.2257377187239704,0.11503857763005672,0.9280338287445915
grid_n8,8,0.2,1.7000000000000002,paramagnetic_like,paramagnetic_like,0.8308517245991802,0.08560592470697626,-0.03256033615510449,0.9317578822995092,1.2486835821307218,1.2279501458742845,0.10423109876382712,0.9350828233630073
grid_n8,8,0.2,1.8,paramagnetic_like,paramagnetic_like,0.8460591528925612,0.0792155205950631,-0.027968925738105572,0.9383649787341197,1.2578199848945826,1.2299153076731448,0.09509610925241971,0.9411552621449809
grid_n8,8,0.2,1.9000000000000001,paramagnetic_like,paramagnetic_like,0.8591274931741555,0.07375252434548761,-0.024027092994673243,0.9440461560984411,1.2656594057233361,1.2316660620446442,0.08729336673594758,0.946420859910103
grid_n8,8,0.2,2.0,paramagnetic_like,paramagnetic_like,0.8704468783770601,0.0690236766569282,-0.02062835259830335,0.9489689021951813,1.2724487584546835,1.23323144865023,0.08056783233889438,0.9510147107159546
grid_n8,8,0.25,0.0,ferro_like,ferro_like,0.9100137361600648,1.0,-0.3333333333333333,0.0,0.0,1.4142135623730951,1.352081728298996,0.9100137361600648
grid_n8,8,0.25,0.1,ferro_like,ferro_like,0.8411693711132086,0.9954711719692586,-0.33181937507475306,0.0670754874520759,0.06720203487815367,1.4122038546364675,1.3003798046411565,0.9083714059913622
grid_n8,8,0.25,0.2,ferro_like,ferro_like,0.7649528094895329,0.9807417342331473,-0.32685614337366103,0.13683306833787856,0.13795232264362825,1.4055650441339493,1.2416003950372456,0.9029051321331611
grid_n8,8,0.25,0.30000000000000004,ferro_like,ferro_like,0.672650002290239,0.9507348186830243,-0.31680092379913566,0.2139086681204575,0.2185609239209729,1.3916738827251107,1.1689480650385333,0.8912109262112119
grid_n8,8,0.25,0.4,ferro_like,ferro_like,0.5381649189047477,0.8870625610996633,-0.2968240123831005,0.31042468764073616,0.3269230853098851,1.36179080779964,1.0618511570623184,0.8650880042146328
grid_n8,8,0.25,0.5,uncertain,ferro_like,0.30614543238034064,0.7412359357890318,-0.2564755597026828,0.4479577411710951,0.505226933148881,1.2988958700234032,0.8731607144176236,0.8113723655292217
grid_n8,8,0.25,0.6000000000000001,uncertain,paramagnetic_like,0.12665832084032602,0.515174476632715,-0.19887091001115498,0.6039879855917736,0.7449403701692263,1.2267020234074155,0.6182820493289003,0.7682764240206073
grid_n8,8,0.25,0.7000000000000001,paramagnetic_like,paramagnetic_like,0.3503830867671666,0.3388954625094221,-0.15200151309289742,0.7117001999291775,0.9271657474129598,1.1961210859301272,0.42900485742572464,0.7793879441928913
grid_n8,8,0.25,0.8,paramagnetic_like,paramagnetic_like,0.4863577961540159,0.24083590441685837,-0.12076882834363693,0.7746577252440263,1.032842270714474,1.1913770315981371,0.3215447013305563,0.8079024974845722
grid_n8,8,0.25,0.9,paramagnetic_like,paramagnetic_like,0.5776027459329105,0.18596566672417797,-0.09847682853344934,0.8152674415811152,1.096827240966431,1.1942299427218859,0.2570191651127284,0.8346219110456389
grid_n8,8,0.25,1.0,paramagnetic_like,paramagnetic_like,0.6432224926310852,0.15224324264350608,-0.0812730080524507,0.8443533330163104,1.1397012108298508,1.1988553026415822,0.2137452391328159,0.8569677317639012
grid_n8,8,0.25,1.1,paramagnetic_like,paramagnetic_like,0.693112200761097,0.12959567403400543,-0.06742764904692271,0.8665439379296479,1.1707735703588582,1.2035965504190853,0.18228170903494162,0.8753939097960386
grid_n8,8,0.25,1.2000000000000002,paramagnetic_like,paramagnetic_like,0.7324423667581065,0.11329943560315939,-0.05605794002110043,0.8841074579633006,1.194510488463655,1.207980227233401,0.1581988602940272,0.8906412270521337
grid_n8,8,0.25,1.3,paramagnetic_like,paramagnetic_like,0.7642054473188344,0.10095195110037831,-0.04662304724740973,0.8983381925952227,1.2132994736732206,1.2118977259292512,0.13914217716243193,0.9033476244812664
grid_n8,8,0.25,1.4000000000000001,paramagnetic_like,paramagnetic_like,0.790306607648296,0.09122692200460358,-0.03874304400387222,0.910063061167165,1.2285503796704162,1.2153590888713461,0.12371248471757217,0.9140190923658681
grid_n8,8,0.25,1.5,paramagnetic_like,paramagnetic_like,0.8120466019298438,0.08333779649430625,-0.03212965673014608,0.9198506761829275,1.2411642644017116,1.2184105876871296,0.1110045089971475,0.9230511109269913
grid_n8,8,0.25,1.6,paramagnetic_like,paramagnetic_like,0.8303570626875068,0.076789092292164,-0.026555819015273558,0.9281107382558713,1.2517523922842788,1.221105520265801,0.10039574084977988,0.9307528035372866
grid_n8,8,0.25,1.7000000000000002,paramagnetic_like,paramagnetic_like,0.8459275882952545,0.07125260945390766,-0.02183955260113239,0.9351477329185753,1.260748275114159,1.2234940165972878,0.09143925753141964,0.9373668458266742
grid_n8,8,0.25,1.8,paramagnetic_like,paramagnetic_like,0.8592808302359998,0.06650170178778213,-0.017833776583666843,0.9411929991683659,1.2684698351038048,1.2256199923191498,0.0838040650145234,0.9430848952505232
grid_n8,8,0.25,1.9000000000000001,paramagnetic_like,paramagnetic_like,0.8708200817296394,0.06237433040493778,-0.014419027958566163,0.9464253088006612,1.2751563403962185,1.2275207992531805,0.07723926312684161,0.948059344856481
grid_n8,8,0.25,2.0,paramagnetic_like,paramagnetic_like,0.8808610461338691,0.05875123488376304,-0.011497913349621506,0.9509847453103433,1.2809916147867828,1.229227826005036,0.07155118765773834,0.9524122337916074
grid_n8,8,0.30000000000000004,0.0,ferro_like,ferro_like,0.9100137361600648,1.0,-0.3333333333333333,0.0,0.0,1.4142135623730951,1.352081728298996,0.9100137361600648
grid_n8,8,0.30000000000000004,0.1,ferro_like,ferro_like,0.835818083426271,0.9947351670021854,-0.3315706623431098,0.0721116339473335,0.07227072293839315,1.4118659968858684,1.296303210036191,0.9080888063646642
grid_n8,8,0.30000000000000004,0.2,ferro_like,ferro_like,0.7505131334751342,0.9765225006475957,-0.32542389392568566,0.14899663319176726,0.1505230659814859,1.4034626501671812,1.230395451205707,0.9010361994566201
grid_n8,8,0.30000000000000004,0.30000000000000004,ferro_like,ferro_like,0.6314832395657345,0.9311947640628527,-0.31077506849371533,0.24188428459020522,0.24983762951566477,1.381366092305936,1.1370830686884679,0.8813208690813993
grid_n8,8,0.30000000000000004,0.4,ferro_like,ferro_like,0.38836605923019824,0.7907925073554267,-0.27238794143753625,0.38653596722830297,0.43012681080744325,1.3143355254286035,0.9470262107491267,0.8184928700376415
grid_n8,8,0.30000000000000004,0.5,uncertain,paramagnetic_like,0.11139424778260398,0.49657098606869454,-0.2024062368522602,0.5797100031155438,0.7346744858508503,1.209278785499364,0.6232802380682463,0.7402015005371829
grid_n8,8,0.30000000000000004,0.6000000000000001,paramagnetic_like,paramagnetic_like,0.34308363041707457,0.28986802883461465,-0.15018931214774978,0.6992526573430203,0.9454716053727259,1.173230401604169,0.4092281186434392,0.7523117490605138
grid_n8,8,0.30000000000000004,0.7000000000000001,paramagnetic_like,paramagnetic_like,0.47911560727418456,0.1980671752002401,-0.11873305301681499,0.7621062547098667,1.0483708715210966,1.1720915580190594,0.30750484832087355,0.7866204555950581
grid_n8,8,0.30000000000000004,0.8,paramagnetic_like,paramagnetic_like,0.5686127816608443,0.15269432854970752,-0.09608415389105773,0.8030522760991821,1.1073469539953213,1.1779467654870024,0.24866136134357167,0.8172741430044159
grid_n8,8,0.30000000000000004,0.9,paramagnetic_like,paramagnetic_like,0.6342795912828798,0.12620578561273676,-0.07808931042378868,0.8333090410760564,1.147003813189471,1.1847412535778263,0.20835250405862296,0.8426320953415027
grid_n8,8,0.30000000000000004,1.0,paramagnetic_like,paramagnetic_like,0.6852277575953628,0.1086821353943335,-0.06332887598191113,0.8569115303140604,1.1762456670641088,1.1911091134736735,0.17825166752308205,0.8634794251184449
grid_n8,8,0.30000000000000004,1.1,paramagnetic_like,paramagnetic_like,0.7259126162459171,0.09604767165142311,-0.051116344750715026,0.8758220823373692,1.1989497271690932,1.1967616265551406,0.154767277232186,0.880679893478103
grid_n8,8,0.30000000000000004,1.2000000000000002,paramagnetic_like,paramagnetic_like,0.7589826469873141,0.08638563772563959,-0.040989545228353186,0.8912304353883841,1.217138505716881,1.2017010135475135,0.135975580712024,0.8949582276993381
grid_n8,8,0.30000000000000004,1.3,paramagnetic_like,paramagnetic_like,0.7862161834574501,0.07868616688940411,-0.03258301920222029,0.9039480773131343,1.2320218578225632,1.2060071222892292,0.1206794463714697,0.9068956298289198
grid_n8,8,0.30000000000000004,1.4000000000000001,paramagnetic_like,paramagnetic_like,0.8088878898648311,0.07236550229415219,-0.025594401571633136,0.914560995269335,1.2443942766594902,1.2097720228022768,0.10806341296437544,0.9169513028292066
grid_n8,8,0.30000000000000004,1.5,paramagnetic_like,paramagnetic_like,0.8279440418327734,0.06706000399918034,-0.01977270224577225,0.9235050108712802,1.2548103740872736,1.2130800201488225,0.09754203012236588,0.9254860719551392
grid_n8,8,0.30000000000000004,1.6,paramagnetic_like,paramagnetic_like,0.8441019927794446,0.06252919677668792,-0.014910952666080632,0.931110207789442,1.2636733601108456,1.2160028307582837,0.08868136945849668,0.9327833622379413
grid_n8,8,0.30000000000000004,1.7000000000000002,paramagnetic_like,paramagnetic_like,0.857913520697819,0.058606296499418065,-0.010839609672267714,0.9376300054605835,1.271284808682278,1.2185998105074196,0.08115293591117423,0.9390664566089932
grid_n8,8,0.30000000000000004,1.8,paramagnetic_like,paramagnetic_like,0.8698079887817926,0.055171138675849045,-0.007420380764928495,0.9432612384646886,1.2778750872614804,1.2209196543891268,0.07470415382293774,0.9445121426047303
grid_n8,8,0.30000000000000004,1.9000000000000001,paramagnetic_like,paramagnetic_like,0.8801228921619639,0.05213444684809684,-0.004540674416236771,0.9481584239722479,1.2836231296400122,1.2230023027596244,0.0691383804016315,0.9492612725635954
grid_n8,8,0.30000000000000004,2.0,paramagnetic_like,paramagnetic_like,0.8891259723009757,0.049428207274485256,-0.002108817570939836,0.9524440748361966,1.2886698580904479,1.224880644078277,0.06430087446232646,0.9534268467633021
grid_n8,8,0.35000000000000003,0.0,ferro_like,ferro_like,0.9100137361600648,1.0,-0.3333333333333333,0.0,0.0,1.4142135623730951,1.352081728298996,0.9100137361600648
grid_n8,8,0.35000000000000003,0.1,ferro_like,ferro_like,0.8292786719467228,0.9937195001334389,-0.3312248464709205,0.07818107083958675,0.07838992527987987,1.4113792457469692,1.291317211498451,0.9076685972266026
grid_n8,8,0.35000000000000003,0.2,ferro_like,ferro_like,0.7272428146139642,0.9679691038027833,-0.3226536894293881,0.1667342754197425,0.169263076498786,1.3987767709197874,1.2125404166296403,0.8965058911127503
grid_n8,8,0.35000000000000003,0.30000000000000004,ferro_like,ferro_like,0.4905455882302549,0.8458944442127968,-0.2897434152268264,0.3121849575517967,0.34162948594434656,1.3347812951488467,1.0335112186008966,0.8321750741746015
grid_n8,8,0.35000000000000003,0.4,uncertain,paramagnetic_like,0.10234865828627637,0.4189992772577994,-0.19882920700138854,0.5653998393513804,0.7670066179351143,1.170381005339498,0.5878163566795567,0.690165014965833
grid_n8,8,0.35000000000000003,0.5,paramagnetic_like,paramagnetic_like,0.3374786684136936,0.2036821450242572,-0.1466146703429615,0.6846878311353021,0.9868678228058438,1.1402955138894648,0.37851845842170834,0.715997126835402
grid_n8,8,0.35000000000000003,0.6000000000000001,paramagnetic_like,paramagnetic_like,0.4611363519278911,0.1388493854105944,-0.11758350131864666,0.7434103688132256,1.0708009619210872,1.1471601355075218,0.29728083831478175,0.7584171902426728
grid_n8,8,0.35000000000000003,0.7000000000000001,paramagnetic_like,paramagnetic_like,0.548008414795229,0.1109794655528149,-0.0947851596303921,0.7851223260503715,1.1196176706829797,1.1575558442980605,0.24628401875473652,0.7942924335499655
grid_n8,8,0.35000000000000003,0.8,paramagnetic_like,paramagnetic_like,0.6155588531045821,0.09516256119632979,-0.0755696553013343,0.8176757568687397,1.1544730806449577,1.1673461607335835,0.20829755823403162,0.8238564113386138
grid_n8,8,0.35000000000000003,0.9,paramagnetic_like,paramagnetic_like,0.6695745403791233,0.08447470098400459,-0.05938632594432839,0.8437073598384162,1.1814366765560589,1.1758838532569134,0.1785347561285294,0.8481092965076528
grid_n8,8,0.35000000000000003,1.0,paramagnetic_like,paramagnetic_like,0.7132523196763775,0.0764594367370778,-0.04590632154491211,0.8647529056533596,1.203033869177926,1.1831965124173018,0.15476776849681928,0.8680200881731968
grid_n8,8,0.35000000000000003,1.1,paramagnetic_like,paramagnetic_like,0.748860171824343,0.070067698048398,-0.034777754023232244,0.8819239639140044,1.2206642533769438,1.1894563136541991,0.1355769598405444,0.8844371316648874
grid_n8,8,0.35000000000000003,1.2000000000000002,paramagnetic_like,paramagnetic_like,0.7781264819715115,0.06477662862439115,-0.025638265023183966,0.8960657701714714,1.2352479980789048,1.1948448076572131,0.11993597616975556,0.8980624581412671
grid_n8,8,0.35000000000000003,1.3,paramagnetic_like,paramagnetic_like,0.8023855752894804,0.06028938001971129,-0.0181489596863319,0.9078246000380561,1.2474432697381517,1.1995184724625976,0.10707233151685897,0.9094579068063393
grid_n8,8,0.35000000000000003,1.4000000000000001,paramagnetic_like,paramagnetic_like,0.8226681345011359,0.05641893303391177,-0.012013034261455058,0.9176944255662303,1.2577400023835577,1.203604003731011,0.09639731074855593,0.9190654452496918
grid_n8,8,0.35000000000000003,1.5,paramagnetic_like,paramagnetic_like,0.8397707221854799,0.05303790659099878,-0.006980680328619056,0.9260535569727899,1.266510666927329,1.2072019824651896,0.0874597340827592,0.9272304562682391
grid_n8,8,0.35000000000000003,1.6,paramagnetic_like,paramagnetic_like,0.8543107105712721,0.050054534935927944,-0.0028464501197161818,0.9331931831245885,1.274042342017819,1.2103920854713557,0.07991212937098859,0.9342228399422606
grid_n8,8,0.35000000000000003,1.7000000000000002,paramagnetic_like,paramagnetic_like,0.8667689593776147,0.047400014204167694,0.0005564768944870865,0.939339058455599,1.2805587158224858,1.2132377896292617,0.07348537726946139,0.940254336647076
grid_n8,8,0.35000000000000003,1.8,paramagnetic_like,paramagnetic_like,0.8775223951660062,0.04502123981636633,0.0033627070342236256,0.9446677006211193,1.286235795423615,1.215790126031761,0.06796968822760786,0.945492083393614
grid_n8,8,0.35000000000000003,1.9000000000000001,paramagnetic_like,paramagnetic_like,0.886868611736378,0.04287632308278466,0.005680614417533499,0.9493183882318813,1.2912133531804668,1.2180905414623815,0.06320036615179829,0.9500689778881762
grid_n8,8,0.35000000000000003,2.0,paramagnetic_like,paramagnetic_like,0.8950443588830401,0.04093165591862845,0.007597487271849761,0.9534020328957415,1.2956033702199574,1.2201730450535027,0.05904716362607853,0.9540915225091187
grid_n8,8,0.4,0.0,ferro_like,ferro_like,0.9100137361600648,1.0,-0.3333333333333333,0.0,0.0,1.4142135623730951,1.352081728298996,0.9100137361600648
grid_n8,8,0.4,0.1,ferro_like,ferro_like,0.8203106820570294,0.9919412010503417,-0.3306183938077531,0.08615349198437558,0.08646556103210175,1.4104258171893775,1.2844984122458416,0.9067762430891312
grid_n8,8,0.4,0.2,ferro_like,ferro_like,0.6172737853710257,0.9055461540378997,-0.30780978580710144,0.22156209258127932,0.23724828340626153,1.361141872200027,1.134497148901158,0.8545220687772873
grid_n8,8,0.4,0.30000000000000004,uncertain,paramagnetic_like,0.12901706848369715,0.2048483138342194,-0.18152754398550483,0.5708444719354783,0.9071411327797502,1.097123921883517,0.484600763993604,0.6136178324773012
grid_n8,8,0.4,0.4,paramagnetic_like,paramagnetic_like,0.30303920148373514,0.08874131660018425,-0.14574493913063277,0.657404170814865,1.042949402700974,1.1007534552935048,0.3678989102764612,0.6709381117601964
grid_n8,8,0.4,0.5,paramagnetic_like,paramagnetic_like,0.41379841644264825,0.07018963918447911,-0.12016192388854001,0.7127548175798212,1.0933890501470265,1.1173962454684843,0.30725166603488163,0.7210500824775299
grid_n8,8,0.4,0.6000000000000001,paramagnetic_like,paramagnetic_like,0.5050749015671343,0.06426373364414235,-0.09620891314917934,0.7581493039668058,1.1299564898050634,1.1329503839328527,0.2585734818045031,0.7636483833716374
grid_n8,8,0.4,0.7000000000000001,paramagnetic_like,paramagnetic_like,0.5804096848173219,0.06082244562363342,-0.07457958840078564,0.795376237144908,1.160003302955422,1.146261892112804,0.2187050618736473,0.7991147466909692
grid_n8,8,0.4,0.8,paramagnetic_like,paramagnetic_like,0.6417632198716358,0.057868014173409844,-0.05596187809602889,0.8255672226840893,1.1850804154845178,1.1574227547065365,0.18641954507460576,0.8281827649462415
grid_n8,8,0.4,0.9,paramagnetic_like,paramagnetic_like,0.6914061214132281,0.05502411131352623,-0.040468405873032166,0.8499675968467217,1.205975887574882,1.1667787472439852,0.16046485711770467,0.8518709785309327
grid_n8,8,0.4,1.0,paramagnetic_like,paramagnetic_like,0.7315968475051645,0.05227271464745696,-0.027837031653759725,0.8697562320702243,1.2233753820202173,1.1746829884895764,0.13961139769640116,0.8712082452015657
grid_n8,8,0.4,1.1,paramagnetic_like,paramagnetic_like,0.7643074262407933,0.04965314526503369,-0.01765493860789306,0.8859267699290907,1.237902334208752,1.1814303200634073,0.12278285648386801,0.8870902827246613
grid_n8,8,0.4,1.2000000000000002,paramagnetic_like,paramagnetic_like,0.7911408917130439,0.04719505690650599,-0.009492335721088948,0.8992668110634244,1.2500938993529132,1.1872508624412073,0.10910175001354475,0.9002426417265886
grid_n8,8,0.4,1.3,paramagnetic_like,paramagnetic_like,0.8133539947107525,0.044910551615268836,-0.002962516327099096,0.910382977191267,1.2603932360009868,1.1923205731574074,0.0978794194815616,0.9112334141923142
grid_n8,8,0.4,1.4000000000000001,paramagnetic_like,paramagnetic_like,0.8319162520030038,0.042798867465591375,0.0022595203240932302,0.9197377508068172,1.2691569582431845,1.1967740481125657,0.08858514959410645,0.9205014015971102
grid_n8,8,0.4,1.5,paramagnetic_like,paramagnetic_like,0.8475720984906298,0.040851803604455714,0.006437636419530213,0.927683753866062,1.2766687028508459,1.2007152778728867,0.08081262103617301,0.9283847195268028
grid_n8,8,0.4,1.6,paramagnetic_like,paramagnetic_like,0.860894175960216,0.039057573544840754,0.009782357612836115,0.9344913749916534,1.2831532991419174,1.20422572899893,0.07425068687361837,0.9351448628338344
grid_n8,8,0.4,1.7000000000000002,paramagnetic_like,paramagnetic_like,0.8723253749285733,0.037403148903506045,0.012460326173515371,0.9403697260757085,1.2887892425993608,1.2073701723832242,0.06866009854232971,0.940985473470903
grid_n8,8,0.4,1.8,paramagnetic_like,paramagnetic_like,0.8822107627526858,0.035875560922550544,0.014603123908445795,0.9454821278782239,1.2937188755318731,1.2102008406290459,0.06385573073730273,0.9460664934899886
grid_n8,8,0.4,1.9000000000000001,paramagnetic_like,paramagnetic_like,0.8908214252687455,0.03446256119537061,0.016314728168218107,0.9499574479578983,1.2980563964619194,1.212760404298918,0.0596932680227538,0.9505146932914993
grid_n8,8,0.4,2.0,paramagnetic_like,paramagnetic_like,0.8983721695306907,0.03315291187843937,0.01767752253644191,0.9538984006756814,1.3018940518071602,1.2150841263523569,0.0560593091484019,0.9544314786790925
grid_n8,8,0.45,0.0,ferro_like,ferro_like,0.9100137361600648,1.0,-0.3333333333333333,0.0,0.0,1.4142135623730951,1.352081728298996,0.9100137361600648
grid_n8,8,0.45,0.1,ferro_like,ferro_like,0.7681391041754272,0.9646808649746722,-0.3244698885072496,0.1132817750857813,0.11760962196633197,1.3923822641952943,1.2481935970394122,0.8857487261417591
grid_n8,8,0.45,0.2,uncertain,paramagnetic_like,0.08788931738294009,-0.006431877183045086,-0.1747895876684161,0.545444035092531,1.0426666522092618,1.0431118559682682,0.47311516661731096,0.561004484000251
grid_n8,8,0.45,0.30000000000000004,paramagnetic_like,paramagnetic_like,0.20937944079943183,-0.0013021235025676425,-0.154305656183738,0.6075828758206296,1.0746188915878325,1.0648875669776483,0.40912804227014,0.6185074830695718
grid_n8,8,0.45,0.4,paramagnetic_like,paramagnetic_like,0.32655225487725015,0.010431273336529236,-0.12909417949767468,0.6666973119606472,1.1034874921053233,1.0860850071786896,0.3472005557596217,0.6737528106368719
grid_n8,8,0.45,0.5,paramagnetic_like,paramagnetic_like,0.4330147227959037,0.020136649294141114,-0.10180466446855303,0.719755426521343,1.1328292839131722,1.105101044908929,0.29099368868740993,0.7240084114833136
grid_n8,8,0.45,0.6000000000000001,paramagnetic_like,paramagnetic_like,0.5237995118929286,0.02672713807664914,-0.07580457974512167,0.7646137336833424,1.1606833089589388,1.1214566888416553,0.2432815733126452,0.7670810852055738
grid_n8,8,0.45,0.7000000000000001,paramagnetic_like,paramagnetic_like,0.5980500456337419,0.03065736113340905,-0.05316982207499066,0.8011678902973828,1.185504962522346,1.1352652250734454,0.20455806775582702,0.8026081133895688
grid_n8,8,0.45,0.8,paramagnetic_like,paramagnetic_like,0.6575528871451187,0.03270555944649819,-0.03454461395859724,0.8304982296360963,1.2067758255647403,1.146891251661084,0.17384203183405392,0.8313949189791726
grid_n8,8,0.45,0.9,paramagnetic_like,paramagnetic_like,0.7049948526269795,0.03353771773948244,-0.019705565596737196,0.8540073672671137,1.2246587069452153,1.1567360558640534,0.14964434954203257,0.854639202169012
grid_n8,8,0.45,1.0,paramagnetic_like,paramagnetic_like,0.7429747640200537,0.03362087124445926,-0.008084292721325529,0.8729806456359965,1.2396002724998527,1.1651488314123226,0.13052246233231668,0.8734972263523704
grid_n8,8,0.45,1.1,paramagnetic_like,paramagnetic_like,0.7736499308315133,0.0332564337187607,0.0009402696379932074,0.8884542791935318,1.2520990233992635,1.1724079149119688,0.11528104366256635,0.8889309744940797
grid_n8,8,0.45,1.2000000000000002,paramagnetic_like,paramagnetic_like,0.7986974019594366,0.03263227174316235,0.007921208135035199,0.9012205646032944,1.2626069755710034,1.1787285684620263,0.10299494458490213,0.9016923465443387
grid_n8,8,0.45,1.3,paramagnetic_like,paramagnetic_like,0.8193857737597877,0.03186404010179168,0.013311246756880038,0.9118739449590709,1.2715014819954273,1.1842766647871534,0.09296893389979725,0.9123547076595849
grid_n8,8,0.45,1.4000000000000001,paramagnetic_like,paramagnetic_like,0.8366668126070484,0.03102275387684455,0.017466799755092726,0.9208594664515248,1.2790864215221391,1.1891811020085,0.08468578856585193,0.9213526011729004
grid_n8,8,0.45,1.5,paramagnetic_like,paramagnetic_like,0.8512557937131371,0.030152016614599875,0.020663546680019868,0.9285124070413003,1.2856030046306741,1.1935433777500244,0.07776063830058999,0.9290164320137271
grid_n8,8,0.45,1.6,paramagnetic_like,paramagnetic_like,0.8636939551129345,0.029278538058817385,0.02311330821922497,0.9350879399404812,1.2912420396770128,1.1974445641879816,0.07190546549911732,0.9355994206120518
grid_n8,8,0.45,1.7000000000000002,paramagnetic_like,paramagnetic_like,0.8743947086972809,0.028418531725282494,0.024978728707235092,0.9407825809860259,1.2961548149848245,1.2009503078257386,0.06690288390957921,0.9412975926068601
grid_n8,8,0.45,1.8,paramagnetic_like,paramagnetic_like,0.8836771597741299,0.02758162953019383,0.026385017904825503,0.9457495256481724,1.300461924969115,1.2041144227667804,0.06258718320735189,0.9462643429814818
grid_n8,8,0.45,1.9000000000000001,paramagnetic_like,paramagnetic_like,0.8917902884202442,0.026773302450134935,0.02742898826338669,0.9501096239346691,1.304260155297317,1.206981503416203,0.058830719907564916,0.9506210083278092
grid_n8,8,0.45,2.0,paramagnetic_like,paramagnetic_like,0.8989304314397306,0.02599637593093442,0.028185889041867956,0.9539592866682072,1.307627764899337,1.209588854054124,0.055534137724142736,0.9544645691638733
grid_n8,8,0.5,0.0,degraded,degraded,0.7548191135393006,0.03105590062111799,-0.04347826086956519,0.0,0.8752531364868433,0.797266122647489,1.0009004688690233,0.04244700910818831
grid_n8,8,0.5,0.1,uncertain,degraded,0.02404822873001855,-0.05170356883521902,-0.18531452635328502,0.48747236947119266,1.0472804048023605,1.016998913643122,0.5329618794474548,0.5089136507174362
grid_n8,8,0.5,0.2,uncertain,paramagnetic_like,0.09134425315719136,-0.04016207320374562,-0.16812608516791058,0.5472240917417857,1.069188891343297,1.0368560097801522,0.47131816136561916,0.5626624145228105
grid_n8,8,0.5,0.30000000000000004,paramagnetic_like,paramagnetic_like,0.21505437616739048,-0.026665224870990194,-0.14202801729975179,0.6101758061784234,1.0954000389445304,1.0565411150282196,0.4047888509661984,0.6198432271335889
grid_n8,8,0.5,0.4,paramagnetic_like,paramagnetic_like,0.3369863377894408,-0.01361540176042981,-0.11020523837687494,0.6711236979386576,1.1247342976701988,1.0754106865938404,0.33931287173349295,0.6762992095229338
grid_n8,8,0.5,0.5,paramagnetic_like,paramagnetic_like,0.44629883738280907,-0.0028049878601568473,-0.0780449365625117,0.7250540796920095,1.1542482069085758,1.0929078640215537,0.28111826215619595,0.727417099539005
grid_n8,8,0.5,0.6000000000000001,paramagnetic_like,paramagnetic_like,0.5373769499070307,0.005236249332017907,-0.049678527019207386,0.7697511278789391,1.1812720101088978,1.1086409647521411,0.2332890064505673,0.7706659563575979
grid_n8,8,0.5,0.7000000000000001,paramagnetic_like,paramagnetic_like,0.610176087482577,0.010846858246118434,-0.026705663889711406,0.8055652172095478,1.2045446000050442,1.1224830471622214,0.19569398210018288,0.8058700695827599
grid_n8,8,0.5,0.8,paramagnetic_like,paramagnetic_like,0.6674706790723622,0.01462700941975102,-0.008971282156845136,0.8339869258828925,1.223971580866728,1.1345310134541184,0.1666415854053923,0.8341122644777546
grid_n8,8,0.5,0.9,paramagnetic_like,paramagnetic_like,0.7125992642039743,0.01711887533476061,0.004383387106261072,0.856639956137223,1.2400091473850374,1.1449915444120131,0.1441779491310162,0.8567772133349906
grid_n8,8,0.5,1.0,paramagnetic_like,paramagnetic_like,0.7484771877472243,0.01872594935407276,0.014316335509520309,0.874891162885611,1.2532509031717982,1.1540943351417488,0.1266332683857614,0.8751104561329857
grid_n8,8,0.5,1.1,paramagnetic_like,paramagnetic_like,0.7773716258289609,0.01972742567957031,0.0216552058822758,0.8897878392825264,1.264247690558,1.1620509494841742,0.11273181841065408,0.890103444239615
grid_n8,8,0.5,1.2000000000000002,paramagnetic_like,paramagnetic_like,0.8009671865854163,0.020312027378878956,0.027049826022309615,0.9021058265749853,1.2734552496721125,1.16904216425116,0.10154174970441614,0.9025089362898324
grid_n8,8,0.5,1.3,paramagnetic_like,paramagnetic_like,0.8204979740063258,0.020607211211265377,0.03099032473423935,0.9124160217784356,1.2812337529378852,1.1752178786019438,0.09239213441812659,0.9128901084244524
grid_n8,8,0.5,1.4000000000000001,paramagnetic_like,paramagnetic_like,0.8368689859962741,0.020699855153038977,0.03384065102230519,0.9211409944763985,1.2878631720353562,1.1807011983856583,0.0847995872743436,0.9216685732706177
grid_n8,8,0.5,1.5,paramagnetic_like,paramagnetic_like,0.8507495271688741,0.020649965175521232,0.03587006961363152,0.9285971618706608,1.293560563678859,1.1855932129283984,0.07841295322681678,0.9291624803956908
grid_n8,8,0.5,1.6,paramagnetic_like,paramagnetic_like,0.8626405352136822,0.020499575247669766,0.037278260287520425,0.9350247342298658,1.298494919452042,1.1899772779742084,0.0729740664428649,0.9356146016565471
grid_n8,8,0.5,1.7000000000000002,paramagnetic_like,paramagnetic_like,0.8729219421619645,0.020278527823192918,0.038214087807620034,0.9406086680783483,1.3027988029653452,1.1939225322386264,0.06829053852948005,0.9412124806914446
grid_n8,8,0.5,1.8,paramagnetic_like,paramagnetic_like,0.8818858083686315,0.020008265363236712,0.03878927310317115,0.9454933377734055,1.3065771381226827,1.19748668994514,0.06421698561763876,0.9461027939862703
grid_n8,8,0.5,1.9000000000000001,paramagnetic_like,paramagnetic_like,0.8897595938310975,0.019704352757592986,0.039088257578755815,0.9497928930999828,1.3099137559864082,1.200718234674594,0.06064202742722624,0.9504016212583237
grid_n8,8,0.5,2.0,paramagnetic_like,paramagnetic_like,0.8967226462909353,0.019378182151481318,0.03917531467491645,0.9535986579396692,1.3128762609594617,1.2036581422246164,0.057479206048106815,0.9542018523390422
grid_n8,8,0.55,0.0,antiphase_like,antiphase_like,0.7603453162872774,-0.14285714285714285,1.0,0.0,1.4142135623730951,0.0,1.2562344526401112,0.7603453162872774
grid_n8,8,0.55,0.1,antiphase_like,antiphase_like,0.6320397689415117,-0.1386521241651493,0.968346350231896,0.109833417191117,1.3992145149896704,0.11243005079125132,1.1552352479519912,0.744469819732763
grid_n8,8,0.55,0.2,uncertain,paramagnetic_like,0.09848994843953168,-0.04559930867132649,-0.1292666582142612,0.5503262362992757,1.0785750664330682,1.013619934234557,0.4617334260803793,0.560223374519911
grid_n8,8,0.55,0.30000000000000004,paramagnetic_like,paramagnetic_like,0.22952606121060015,-0.03534239012469493,-0.10529061910738997,0.6164926157156999,1.109060173158513,1.037352984103897,0.3927724322579469,0.622298493468547
grid_n8,8,0.55,0.4,paramagnetic_like,paramagnetic_like,0.3537561304700882,-0.02537414146670791,-0.07031194153762903,0.6781969449048396,1.141856859530007,1.0558883711810803,0.3268501519072084,0.6806062823772966
grid_n8,8,0.55,0.5,paramagnetic_like,paramagnetic_like,0.4615582765404498,-0.016558780832729627,-0.03755473141138869,0.7313668043701536,1.1727311144857389,1.0736165505164166,0.2704940836170163,0.7320523601574661
grid_n8,8,0.55,0.6000000000000001,paramagnetic_like,paramagnetic_like,0.5490553778485603,-0.009357425099667986,-0.011044161453259408,0.7746342894200896,1.199377308556223,1.0902736704768392,0.22566646361499043,0.7747218414635507
grid_n8,8,0.55,0.7000000000000001,paramagnetic_like,paramagnetic_like,0.617874715913624,-0.003729199702318886,0.008841934770368098,0.8089919453063307,1.2213409244721904,1.1053889144350844,0.19115098899785832,0.8090257049114823
grid_n8,8,0.55,0.8,paramagnetic_like,paramagnetic_like,0.6716661621073001,0.0005805037723167127,0.023178998833438325,0.8362030213334587,1.2391392944983561,1.1188000601185544,0.16471769893301474,0.8363838610403148
grid_n8,8,0.55,0.9,paramagnetic_like,paramagnetic_like,0.7140285383231924,0.0038550559282234226,0.03329281765369618,0.857937884858865,1.2535545566084974,1.1305777937796997,0.14427925854450613,0.8583077968676985
grid_n8,8,0.55,1.0,paramagnetic_like,paramagnetic_like,0.7478458169555605,0.006337532981103003,0.04031914919884446,0.8755232925621649,1.265316774254572,1.1408937277979307,0.1282170835474472,0.8760629005030077
grid_n8,8,0.55,1.1,paramagnetic_like,paramagnetic_like,0.7752591721357567,0.00821814348632872,0.04512132754488629,0.8899484317260447,1.2750163130038341,1.1499418934057655,0.11536147258903268,0.8906206447247893
grid_n8,8,0.55,1.2000000000000002,paramagnetic_like,paramagnetic_like,0.7978185348937141,0.00964069497609245,0.04832588307608954,0.9019373246544211,1.2831058594222604,1.1579045893672606,0.10488615353564418,0.9027046884293584
grid_n8,8,0.55,1.3,paramagnetic_like,paramagnetic_like,0.8166434537486228,0.010712816837819565,0.05038022894240801,0.9120207255221685,1.289926732253148,1.1649412262572978,0.09620778797195066,0.9128512417205734
grid_n8,8,0.55,1.4000000000000001,paramagnetic_like,paramagnetic_like,0.8325496965222385,0.011515122816769743,0.051603151890981115,0.9205918046279928,1.2957362055031583,1.1711870266292221,0.08891037537766949,0.9214600718999081
grid_n8,8,0.55,1.5,paramagnetic_like,paramagnetic_like,0.8461398061482588,0.012108331665096474,0.0522227531116756,0.9279459399250417,1.3007296512055415,1.1767553170781488,0.08269278155018661,0.9288325876984453
grid_n8,8,0.55,1.6,paramagnetic_like,paramagnetic_like,0.8578657129517204,0.01253852496916173,0.05240340354158309,0.9343084032187416,1.3050570525360452,1.181740759962915,0.07733333024978178,0.9351990432015022
grid_n8,8,0.55,1.7000000000000002,paramagnetic_like,paramagnetic_like,0.8680716798204727,0.012840961724220255,0.05226450641889343,0.9398535483941686,1.3088349463589544,1.1862225087223275,0.07266603577488606,0.9407377155953588
grid_n8,8,0.55,1.8,paramagnetic_like,paramagnetic_like,0.8770238846632864,0.013042837811086219,0.05189349870581994,0.9447181998392487,1.3121549887679378,1.1902669585682273,0.06856455537399023,0.9455884400372766
grid_n8,8,0.55,1.9000000000000001,paramagnetic_like,paramagnetic_like,0.8849310107555336,0.01316529016839972,0.051354889976826655,0.9490111046879139,1.3150901136421809,1.1939300355669356,0.06493122863945176,0.9498622393949854
grid_n8,8,0.55,2.0,paramagnetic_like,paramagnetic_like,0.8919587698437481,0.013224862884060455,0.050696591340600484,0.9528196998722863,1.3176989954654559,1.1972590637313534,0.06168948406812482,0.9536482539118729
grid_n8,8,0.6000000000000001,0.0,antiphase_like,antiphase_like,0.7603453162872774,-0.14285714285714285,1.0,0.0,1.4142135623730951,0.0,1.2562344526401112,0.7603453162872774
grid_n8,8,0.6000000000000001,0.1,antiphase_like,antiphase_like,0.6721938402710834,-0.14166642144194191,0.9920285810364259,0.08685548621551517,1.411927694080136,0.08706723971973032,1.1843844034593611,0.7592610799908137
grid_n8,8,0.6000000000000001,0.2,antiphase_like,antiphase_like,0.47258402636597363,-0.12881729807509018,0.8950281381769597,0.23398252407664033,1.3707915441384073,0.24717803014125694,1.0247401474687314,0.7197620565072306
grid_n8,8,0.6000000000000001,0.30000000000000004,paramagnetic_like,paramagnetic_like,0.1742725558622067,-0.0553456039791569,0.15263994637796388,0.5898703868999806,1.1547774174819858,0.870457441461611,0.4285524170292154,0.6028249728914221
grid_n8,8,0.6000000000000001,0.4,paramagnetic_like,paramagnetic_like,0.35701476847515423,-0.03788207134971185,0.04523578597515702,0.6794255429941148,1.1691724216638486,0.9913711957458603,0.3240643826404691,0.6810791511156233
grid_n8,8,0.6000000000000001,0.5,paramagnetic_like,paramagnetic_like,0.4671046188368088,-0.02883502721140276,0.042056984275344954,0.7345250626736133,1.1954951284674173,1.0323089790156603,0.26853020746535333,0.7356348263021621
grid_n8,8,0.6000000000000001,0.6000000000000001,paramagnetic_like,paramagnetic_like,0.5508722904963154,-0.021808721873562895,0.05045946197366232,0.7768531873857548,1.2189089952385532,1.0591905789017533,0.2271362152826659,0.7780085057789813
grid_n8,8,0.6000000000000001,0.7000000000000001,paramagnetic_like,paramagnetic_like,0.6158324109128231,-0.016074237293303595,0.05865229705761784,0.8100249611682165,1.2381464371077757,1.0802306415173435,0.19550803086898616,0.8113404417818093
grid_n8,8,0.6000000000000001,0.8,paramagnetic_like,paramagnetic_like,0.6667442169201683,-0.011382296780399434,0.06468413709743315,0.8363033674877334,1.2536613293894376,1.097598061129229,0.17102426867114817,0.8377684855913164
grid_n8,8,0.6000000000000001,0.9,paramagnetic_like,paramagnetic_like,0.7072172800144744,-0.007554494405866656,0.06861503318541533,0.8573971333823966,1.2661932153755786,1.1122510254770532,0.1517482615875343,0.8589655416020087
grid_n8,8,0.6000000000000001,1.0,paramagnetic_like,paramagnetic_like,0.7399058935029084,-0.004437881792378489,0.07089377892202342,0.8745710857825637,1.2764099736928334,1.1247735147232274,0.13628857540921688,0.8761944689121253
grid_n8,8,0.6000000000000001,1.1,paramagnetic_like,paramagnetic_like,0.7667209676830338,-0.0019018414597342184,0.07196136928948049,0.8887467454671237,1.2848381714501655,1.135578641189878,0.12366457723367931,0.8903855449167131
grid_n8,8,0.6000000000000001,1.2000000000000002,paramagnetic_like,paramagnetic_like,0.7890351602377887,0.0001624161564517073,0.07216809957686714,0.9005954437017971,1.2918750492888913,1.1449773892455977,0.1131853257707126,0.9022204860085014
grid_n8,8,0.6000000000000001,1.3,paramagnetic_like,paramagnetic_like,0.8078433159251761,0.0018438409780913315,0.07177374228859239,0.910610843156328,1.297817084333858,1.1532108621876604,0.10435864226627416,0.9122019581914502
grid_n8,8,0.6000000000000001,1.4000000000000001,paramagnetic_like,paramagnetic_like,0.823876780276985,0.0032143887804225407,0.07096596051059767,0.9191609845280484,1.3028863621824833,1.1604693500308176,0.09682820525836747,0.9207049855353524
grid_n8,8,0.6000000000000001,1.5,paramagnetic_like,paramagnetic_like,0.8376819470398177,0.004331972918178518,0.06987901730813754,0.9265244640364523,1.3072509242584052,1.1669050542435153,0.09033135082550083,0.9280132978653185
grid_n8,8,0.6000000000000001,1.6,paramagnetic_like,paramagnetic_like,0.8496737392907303,0.0052431373906791645,0.0686087026580348,0.9329153946408226,1.3110395358270237,1.1726410793367994,0.08467092684390981,0.9343446661346401
grid_n8,8,0.6000000000000001,1.7000000000000002,paramagnetic_like,paramagnetic_like,0.8601721824896341,0.005985320255034525,0.06722334330265389,0.9385007127618943,1.3143521875081965,1.1777779792048715,0.07969639380686457,0.9398685762964987
grid_n8,8,0.6000000000000001,1.8,paramagnetic_like,paramagnetic_like,0.8694276936952693,0.006588702931422663,0.06577168259763844,0.9434123103315412,1.3172675431371288,1.1823986157113258,0.07529096844291128,0.9447186621381806
grid_n8,8,0.6000000000000001,1.9000000000000001,paramagnetic_like,paramagnetic_like,0.8776388191592324,0.00707769220699309,0.06428846150406797,0.9477556575055132,1.3198482534933444,1.1865718188780516,0.0713627379403143,0.9490015570995467
grid_n8,8,0.6000000000000001,2.0,paramagnetic_like,paramagnetic_like,0.8849648689040809,0.0074720958980039375,0.06279836608431417,0.9516160225379908,1.3221447862830333,1.190355180015798,0.06783841376113357,0.9528032826652144
grid_n8,8,0.65,0.0,antiphase_like,antiphase_like,0.7603453162872774,-0.14285714285714285,1.0,0.0,1.4142135623730951,0.0,1.2562344526401112,0.7603453162872774
grid_n8,8,0.65,0.1,antiphase_like,antiphase_like,0.6804349521545314,-0.14193764193295969,0.9936614259758721,0.07906807748004732,1.4125006266902564,0.07921494842439332,1.1911892446162682,0.7596499005789248
grid_n8,8,0.65,0.2,antiphase_like,antiphase_like,0.5772266613717939,-0.137731086876965,0.9655423588756021,0.1756675628903633,1.403883906698597,0.17761498568314435,1.1038345828736682,0.7548416470549383
grid_n8,8,0.65,0.30000000000000004,antiphase_like,antiphase_like,0.3278522933721753,-0.11737760477878288,0.8098305046403267,0.3547340385704236,1.3478992351951116,0.38298274493272794,0.8920865286176481,0.7108350383049032
grid_n8,8,0.65,0.4,uncertain,paramagnetic_like,0.184154328949573,-0.06985099552919889,0.3881564656507199,0.6076304511176874,1.2402994379414674,0.7641130512599178,0.4923807287043625,0.6765350576539355
grid_n8,8,0.65,0.5,paramagnetic_like,paramagnetic_like,0.40660495747571085,-0.04667246053811103,0.2048621654541635,0.7152632133059933,1.2301593562643676,0.9350518636320786,0.3261136273578316,0.7327185848335425
grid_n8,8,0.65,0.6000000000000001,paramagnetic_like,paramagnetic_like,0.5185830415867307,-0.03564970813911276,0.15022189689745172,0.7688112310400084,1.242491164074208,1.0030276457869223,0.25906563608071026,0.7776486776674411
grid_n8,8,0.65,0.7000000000000001,paramagnetic_like,paramagnetic_like,0.5922162462870619,-0.028283273151625488,0.12913133082379913,0.8050859299200195,1.2561900548834795,1.0415472767652536,0.21905155346577404,0.811267799752836
grid_n8,8,0.65,0.8,paramagnetic_like,paramagnetic_like,0.6466505267520963,-0.022618083841046736,0.11860212501400902,0.8324261720557091,1.268255546964812,1.0681700698691052,0.19074865801294644,0.8373991847650427
grid_n8,8,0.65,0.9,paramagnetic_like,paramagnetic_like,0.6890624567508536,-0.018035195528079386,0.1119794684309876,0.8539825325257483,1.2784061586435072,1.0884812867647415,0.16918495084421517,0.8582474075950688
grid_n8,8,0.65,1.0,paramagnetic_like,paramagnetic_like,0.7231361135519254,-0.014254296362312171,0.1069891655626402,0.8714290819484187,1.2868783140279967,1.1048199075584821,0.15206841495827314,0.8752045285101986
grid_n8,8,0.65,1.1,paramagnetic_like,paramagnetic_like,0.7511056506660674,-0.011107406205231445,0.10276904159898637,0.8858135733244309,1.293975495060785,1.1183832342091726,0.13810803313913755,0.8892136838052049
grid_n8,8,0.65,1.2000000000000002,paramagnetic_like,paramagnetic_like,0.7744493715053375,-0.008475410738049503,0.09897001400535059,0.8978468377630345,1.2999655349915658,1.1298776050379506,0.1264910617205571,0.9009404332258947
grid_n8,8,0.65,1.3,paramagnetic_like,paramagnetic_like,0.7941977203580576,-0.006266615763411666,0.09544417878281249,0.9080341773039731,1.3050642134106285,1.1397630259685183,0.1166701507922117,0.9108678711502692
grid_n8,8,0.65,1.4000000000000001,paramagnetic_like,paramagnetic_like,0.8110952027882934,-0.004407838409782221,0.09212624164985206,0.9167464298851711,1.3094406478433849,1.148360453225644,0.10825944425539767,0.9193546470436911
grid_n8,8,0.65,1.5,paramagnetic_like,paramagnetic_like,0.8256946521588291,-0.0028397496408712713,0.08898560572162495,0.9242624675991546,1.3132267029425633,1.1559050146389336,0.10097756849861683,0.9266722206574459
grid_n8,8,0.65,1.6,paramagnetic_like,paramagnetic_like,0.8384157690534824,-0.0015139002594333842,0.08600624884601478,0.9307962130253624,1.3165256179053355,1.1625751605285548,0.09461381220935877,0.9330295812628411
grid_n8,8,0.65,1.7000000000000002,paramagnetic_like,paramagnetic_like,0.849583146820011,-0.0003905628514329708,0.0831781138321334,0.9365145415344294,1.319418870969644,1.168509949179981,0.08900692079071275,0.9385900676107237
grid_n8,8,0.65,1.8,paramagnetic_like,paramagnetic_like,0.8594518344430363,0.0005629379189066189,0.0804934376984936,0.9415495215663046,1.3219713805476325,1.1738199673703629,0.08403122875333291,0.9434830631963692
grid_n8,8,0.65,1.9000000000000001,paramagnetic_like,paramagnetic_like,0.8682250083159936,0.0013735530919931943,0.07794524055873649,0.9460069993369771,1.324235381585408,1.1785945880223339,0.07958727995908456,0.9478122882750781
grid_n8,8,0.65,2.0,paramagnetic_like,paramagnetic_like,0.8760664815562907,0.0020635763825497095,0.07552676014000159,0.9499727513721979,1.3262533077549252,1.1829069932967424,0.0755953032255501,0.9516617847818408
grid_n8,8,0.7000000000000001,0.0,antiphase_like,antiphase_like,0.7603453162872774,-0.14285714285714285,1.0,0.0,1.4142135623730951,0.0,1.2562344526401112,0.7603453162872774
grid_n8,8,0.7000000000000001,0.1,antiphase_like,antiphase_like,0.6867338858307496,-0.14209007581413688,0.9946579523269653,0.07294581668588902,1.4127923259111448,0.0730588460642146,1.1964085264108724,0.7597927318949642
grid_n8,8,0.7000000000000001,0.2,antiphase_like,antiphase_like,0.5999491750410947,-0.13919420459179402,0.9748219533130872,0.15639435677640948,1.4073552654576769,0.15756286112589277,1.1229584904995538,0.7575120361669875
grid_n8,8,0.7000000000000001,0.30000000000000004,antiphase_like,antiphase_like,0.46908148903962543,-0.13085806502824648,0.9166868729188682,0.2716970472203104,1.3899157519775243,0.27898722984666047,1.0080737640349282,0.7480687188862859
grid_n8,8,0.7000000000000001,0.4,uncertain,antiphase_like,0.22078204875871854,-0.10707551740784367,0.7325241307708664,0.45657545912986963,1.3363580654944065,0.499684428006243,0.7784092920067036,0.7204664767649616
grid_n8,8,0.7000000000000001,0.5,uncertain,paramagnetic_like,0.22761026740822832,-0.07400669600782105,0.4580769889329532,0.6401057698373737,1.2826485348093033,0.7606313577780868,0.5017460513664972,0.7293563187747255
grid_n8,8,0.7000000000000001,0.6000000000000001,paramagnetic_like,paramagnetic_like,0.42243155772383073,-0.05350754832029419,0.2988006978420035,0.736636214429674,1.2716739678934104,0.9084687249951153,0.34896068073956527,0.771392238463396
grid_n8,8,0.7000000000000001,0.7000000000000001,paramagnetic_like,paramagnetic_like,0.5335409871367014,-0.04187465232193453,0.22541624811694913,0.7882271945203462,1.2759323259738249,0.9831573051786607,0.2734451627154241,0.8069861498521255
grid_n8,8,0.7000000000000001,0.8,paramagnetic_like,paramagnetic_like,0.6051661203139075,-0.03409590279594269,0.18746965046673858,0.821705351360345,1.2831579038859626,1.0274346211375252,0.22901535647858462,0.8341814767924921
grid_n8,8,0.7000000000000001,0.9,paramagnetic_like,paramagnetic_like,0.6566561354916526,-0.028254626215864626,0.1647538866472975,0.8461752875636739,1.2903739185552785,1.0575861306952712,0.19885087546847102,0.8555070109601236
grid_n8,8,0.7000000000000001,1.0,paramagnetic_like,paramagnetic_like,0.6962223788965453,-0.023593856717432655,0.14940919085544846,0.8652323027172751,1.2968775675295514,1.0800409203463943,0.17648025401572245,0.8727026329122677
grid_n8,8,0.7000000000000001,1.1,paramagnetic_like,paramagnetic_like,0.7279002808587196,-0.01975754968375863,0.13805241882652522,0.8806279557728104,1.3025641101436707,1.097733538181287,0.15896208502516992,0.8868623658838896
grid_n8,8,0.7000000000000001,1.2000000000000002,paramagnetic_like,paramagnetic_like,0.7539612788221149,-0.016545986617884662,0.12907217703873894,0.8933633098926295,1.3074944576898193,1.1121951333961986,0.14474815614083883,0.8987094349629537
grid_n8,8,0.7000000000000001,1.3,paramagnetic_like,paramagnetic_like,0.7758206922646003,-0.01383007168610154,0.1216307952751204,0.9040761035228452,1.3117680974758164,1.1243161135516846,0.1329266301841701,0.9087473224487703
grid_n8,8,0.7000000000000001,1.4000000000000001,paramagnetic_like,paramagnetic_like,0.7944271189275599,-0.011517721889336181,0.1152585590078458,0.9132032503120731,1.3154838520658252,1.1346602633510328,0.12291376306503606,0.917340881992596
grid_n8,8,0.7000000000000001,1.5,paramagnetic_like,paramagnetic_like,0.8104506771482374,-0.009539054319857259,0.1096738455903572,0.9210593925638297,1.3187287017520841,1.1436088821705834,0.11431200581484152,0.9247626829630788
grid_n8,8,0.7000000000000001,1.6,paramagnetic_like,paramagnetic_like,0.8243834933612969,-0.007839019945573298,0.10469736320614942,0.9278793403788683,1.321575950779457,1.1514333085179744,0.10683773877672785,0.9312212321380248
grid_n8,8,0.7000000000000001,1.7000000000000002,paramagnetic_like,paramagnetic_like,0.8365977909327023,-0.0063732721677259374,0.10020864913622922,0.9338430447923517,1.3240863811965273,1.1583343838772342,0.10028129861791825,0.9368790895506205
grid_n8,8,0.7000000000000001,1.8,paramagnetic_like,paramagnetic_like,0.8473816678552291,-0.005105583201879245,0.09612279108143729,0.9390912846239736,1.3263101595175724,1.1644654061044852,0.09448332687921353,0.9418649947344426
grid_n8,8,0.7000000000000001,1.9000000000000001,paramagnetic_like,paramagnetic_like,0.8569622768361043,-0.004006080987428321,0.09237736681913751,0.9437360280524738,1.3282887259766951,1.169946258423901,0.08931998310942346,0.9462822599455277
grid_n8,8,0.7000000000000001,2.0,paramagnetic_like,paramagnetic_like,0.8655214679425254,-0.003049967895318132,0.08892479701747254,0.947867550815859,1.3300564327013062,1.1748725355659264,0.08469327197096706,0.9502147399134925
grid_n8,8,0.75,0.0,antiphase_like,antiphase_like,0.7603453162872774,-0.14285714285714285,1.0,0.0,1.4142135623730951,0.0,1.2562344526401112,0.7603453162872774
grid_n8,8,0.75,0.1,antiphase_like,antiphase_like,0.6919768909452794,-0.14219934122599748,0.9953993408161965,0.06781191551846848,1.412996302704228,0.06790208454847405,1.2007465287730377,0.7598789754937534
grid_n8,8,0.75,0.2,antiphase_like,antiphase_like,0.6143959344760593,-0.13990340593350079,0.9794062900073919,0.14304980178144555,1.4087756662004058,0.14390442065372186,1.135306049057725,0.7583003551297812
grid_n8,8,0.75,0.30000000000000004,antiphase_like,antiphase_like,0.5134617561869089,-0.13454403332180623,0.9419849510532344,0.23683686502863147,1.3987377625032507,0.24091044676308124,1.0466153498427004,0.7543722029499902
grid_n8,8,0.75,0.4,antiphase_like,antiphase_like,0.35969078855685516,-0.12210483794826403,0.8513363051109376,0.3680528339318063,1.3743770546212104,0.38499917427626434,0.9046863947693589,0.7446899628331195
grid_n8,8,0.75,0.5,uncertain,antiphase_like,0.09797450933582963,-0.09879947937692775,0.6695937019136956,0.5356440575656743,1.333078211069898,0.5914455808011015,0.6894200901369312,0.7393160189092097
grid_n8,8,0.75,0.6000000000000001,uncertain,paramagnetic_like,0.27689991733923797,-0.0741894584370741,0.47262874566378016,0.6730675738728874,1.304548769177025,0.7829896681315409,0.4865685517579496,0.7634684690971876
grid_n8,8,0.75,0.7000000000000001,paramagnetic_like,paramagnetic_like,0.43758743807353684,-0.05728967259723659,0.3445537196421409,0.7535371680678528,1.2969838258483586,0.9028175552147121,0.36060401044111867,0.7981914485146555
grid_n8,8,0.75,0.8,paramagnetic_like,paramagnetic_like,0.5397199457118853,-0.04634038415372594,0.2714309474524928,0.8008888461087728,1.298221645727868,0.973209817042869,0.28763071930645884,0.8273506650183442
grid_n8,8,0.75,0.9,paramagnetic_like,paramagnetic_like,0.6084999694640713,-0.038642661435593376,0.22743189090273455,0.8321867825143778,1.302058796883457,1.018127996214231,0.24166094244015016,0.8501609119042214
grid_n8,8,0.75,1.0,paramagnetic_like,paramagnetic_like,0.6584286820033771,-0.03279340392045628,0.1985809425766373,0.8549482660942564,1.3064262300113643,1.0495187581629744,0.20986950482086608,0.8682981868242432
grid_n8,8,0.75,1.1,paramagnetic_like,paramagnetic_like,0.6968094178396472,-0.028116123184701802,0.1781355204105716,0.8725631476768506,1.3106485867168698,1.0730299258053535,0.18626537179166644,0.8830747896313137
grid_n8,8,0.75,1.2000000000000002,paramagnetic_like,paramagnetic_like,0.727518437881779,-0.024257626359589342,0.16271624879980986,0.8867472020235879,1.3145159860029063,1.0915251065038298,0.16783858241467425,0.8953570202964531
grid_n8,8,0.75,1.3,paramagnetic_like,paramagnetic_like,0.7527909790273347,-0.021012531980331768,0.15051565771771366,0.8984746066090519,1.3179840251297759,1.1065877610723582,0.15293418859155183,0.9057251676188866
grid_n8,8,0.75,1.4000000000000001,paramagnetic_like,paramagnetic_like,0.7740198832751177,-0.0182487863189237,0.14050243054783898,0.9083531371392936,1.3210683287116045,1.119165987351741,0.140564537988759,0.9145844212638767
grid_n8,8,0.75,1.5,paramagnetic_like,paramagnetic_like,0.792130778101757,-0.015874310456935024,0.13205257000221735,0.916790456553808,1.3238046433546917,1.1298671760275543,0.13009830522267882,0.9222290833244359
grid_n8,8,0.75,1.6,paramagnetic_like,paramagnetic_like,0.8077711682917257,-0.013820935805098498,0.12476837321353769,0.9240752895051934,1.326233145831786,1.1391027871196024,0.12110875354760513,0.9288799218393308
grid_n8,8,0.75,1.7000000000000002,paramagnetic_like,paramagnetic_like,0.8214126459659143,-0.012036030735298226,0.11838446845944588,0.9304206409897838,1.3283923371160922,1.14716452387302,0.11329418163995901,0.9347068276058733
grid_n8,8,0.75,1.8,paramagnetic_like,paramagnetic_like,0.8334097671650179,-0.01047777125693851,0.11271648847170956,0.9359885965529235,1.3303168956076865,1.1542669580006462,0.10643344972022085,0.9398432168852388
grid_n8,8,0.75,1.9000000000000001,paramagnetic_like,paramagnetic_like,0.8440359128554559,-0.009112255316114481,0.1076317215853712,0.9409054825855501,1.3320371865913514,1.1605727195143551,0.10035967688164608,0.9443955897371019
grid_n8,8,0.75,2.0,paramagnetic_like,paramagnetic_like,0.8535062066094139,-0.007911614970030139,0.10303162826121463,0.9452716349769488,1.3335794450143008,1.1662081150357666,0.09494390549128931,0.9484501121007032
grid_n8,8,0.8,0.0,antiphase_like,antiphase_like,0.7603453162872774,-0.14285714285714285,1.0,0.0,1.4142135623730951,0.0,1.2562344526401112,0.7603453162872774
grid_n8,8,0.8,0.1,antiphase_like,antiphase_like,0.6964696868259574,-0.14228412256599557,0.995984399706428,0.06339811514310432,1.4131533734123636,0.06347158999591124,1.2044561071003972,0.7599412768218687
grid_n8,8,0.8,0.2,antiphase_like,antiphase_like,0.6255832188377187,-0.1403649313127138,0.9824949781268125,0.13243462139330853,1.4096443330946578,0.13310164851877124,1.1448726938699856,0.75868486735649
grid_n8,8,0.8,0.30000000000000004,antiphase_like,antiphase_like,0.5391954349423124,-0.13632174661586852,0.9539272049397232,0.2142684502379952,1.4023521504239163,0.21711215951951615,1.069328890923951,0.7563075944618285
grid_n8,8,0.8,0.4,antiphase_like,antiphase_like,0.42317524705127507,-0.1282299175721099,0.8956183457743707,0.31925634268623937,1.3878209654289104,0.3289637634623075,0.9629124600730185,0.7521390105135826
grid_n8,8,0.8,0.5,uncertain,antiphase_like,0.26546612263495484,-0.11319661383340017,0.7826208441413293,0.45425709858944163,1.3622145987732401,0.48332522455433213,0.8075730830374821,0.748791347189287
grid_n8,8,0.8,0.6000000000000001,uncertain,paramagnetic_like,0.039582719104315434,-0.09240147921679896,0.6201748796331348,0.595289463196708,1.333954203653754,0.6614143250387161,0.6218316059344007,0.7597719871990357
grid_n8,8,0.8,0.7000000000000001,uncertain,paramagnetic_like,0.32103366325120425,-0.07322260106379853,0.47015910845426107,0.7013073942650915,1.317890042387136,0.808366222253335,0.46654324745268244,0.7875769107038867
grid_n8,8,0.8,0.8,paramagnetic_like,paramagnetic_like,0.45418458866057404,-0.05922928773713265,0.3660208008224776,0.7680567322728924,1.3130245624959815,0.9062841976687364,0.36310107410480835,0.8172856627653824
grid_n8,8,0.8,0.9,paramagnetic_like,paramagnetic_like,0.5453600055064634,-0.049345993691818454,0.29882612685830506,0.8104944481680699,1.3132939547068372,0.9696114336276075,0.2966584984808675,0.8420185039873309
grid_n8,8,0.8,1.0,paramagnetic_like,paramagnetic_like,0.6098482985628264,-0.04204117562057238,0.25424121858653664,0.8395729829592042,1.3154604607133156,1.0126708934714583,0.2518913468992678,0.8617396454620943
grid_n8,8,0.8,1.1,paramagnetic_like,paramagnetic_like,0.6578255448132101,-0.03635809339405497,0.22302485552169626,0.8609696679438683,1.3182155768315318,1.043804751991074,0.21981883400488797,0.8776443788180981
grid_n8,8,0.8,1.2000000000000002,paramagnetic_like,paramagnetic_like,0.6951350523829014,-0.03176083050467066,0.19998308610902127,0.8775711858718114,1.3210420637887021,1.0675186423442018,0.19559481985556432,0.8907298722384657
grid_n8,8,0.8,1.3,paramagnetic_like,paramagnetic_like,0.7251594987941166,-0.027940330695885512,0.18219267638099282,0.8909413177673942,1.323735899831212,1.0863204588024014,0.17653105094065902,0.9016905497347756
grid_n8,8,0.8,1.4000000000000001,paramagnetic_like,paramagnetic_like,0.7499530614873157,-0.024706335639416488,0.16794580776498247,0.9019963813321031,1.3262227661400663,1.101685992654784,0.16105219155378725,0.9110052530411029
grid_n8,8,0.8,1.5,paramagnetic_like,paramagnetic_like,0.7708327938715271,-0.021933279417370093,0.156198799625226,0.9113139480098366,1.3284841834317007,1.1145352337229881,0.14818044959174576,0.919013243463273
grid_n8,8,0.8,1.6,paramagnetic_like,paramagnetic_like,0.7886866800425523,-0.019533002452846886,0.14628509815774424,0.9192812496143644,1.3305258644510927,1.125472644911563,0.13727619942846186,0.9259628794710141
grid_n8,8,0.8,1.7000000000000002,paramagnetic_like,paramagnetic_like,0.8041399184103913,-0.01744041904149702,0.13776137637573238,0.9261712309322147,1.3323634719201438,1.134913927758789,0.1279015310482193,0.9320414494586107
grid_n8,8,0.8,1.8,paramagnetic_like,paramagnetic_like,0.8176489021708607,-0.015605583051552019,0.1303218163716624,0.932184098936766,1.3340160247488508,1.143156270764858,0.1197448379936789,0.9373937401645396
grid_n8,8,0.8,1.9000000000000001,paramagnetic_like,paramagnetic_like,0.829556884203068,-0.013989040057862088,0.12374848834564738,0.9374714132372282,1.3355028373988347,1.150419174075523,0.11257709139813037,0.9421339756011983
grid_n8,8,0.8,2.0,paramagnetic_like,paramagnetic_like,0.8401284381786295,-0.012558946349411761,0.11788155466541461,0.9421508205983029,1.3368421494181546,1.1568692425470386,0.10622533439475863,0.9463537725733882
grid_n8,8,0.8500000000000001,0.0,antiphase_like,antiphase_like,0.7603453162872774,-0.14285714285714285,1.0,0.0,1.4142135623730951,0.0,1.2562344526401112,0.7603453162872774
grid_n8,8,0.8500000000000001,0.1,antiphase_like,antiphase_like,0.7003826814582966,-0.14235241333849677,0.9964596179303804,0.05954643330072184,1.4132795808147323,0.059607242092929995,1.2076803456618623,0.7599899235512266
grid_n8,8,0.8500000000000001,0.2,antiphase_like,antiphase_like,0.6348386907589673,-0.14070362900201427,0.9848163105232649,0.12355028816892089,1.4102672520355946,0.12408829769807046,1.1527660636359083,0.7589269884570378
grid_n8,8,0.8500000000000001,0.30000000000000004,antiphase_like,antiphase_like,0.5578492900667875,-0.13742742673859418,0.9614562208447183,0.19715409402546613,1.404425256022768,0.1993187690484761,1.0858154915516,0.7571680591152636
grid_n8,8,0.8500000000000001,0.4,antiphase_like,antiphase_like,0.46129381960358773,-0.13144560287278712,0.9181915667547994,0.28686659354790267,1.3940853268127313,0.29352468937890575,0.9980069110014966,0.7548185089824935
grid_n8,8,0.8500000000000001,0.5,antiphase_like,antiphase_like,0.3369169545662324,-0.12100001274703229,0.8406729519424729,0.39843219167227284,1.3770085512322328,0.41640497108665353,0.8778550793410188,0.7533219256528859
grid_n8,8,0.8500000000000001,0.6000000000000001,uncertain,antiphase_like,0.15872665631890837,-0.10529198496645877,0.7203656704755051,0.5251536632221699,1.3548657288861041,0.5664376964022728,0.7251643527211812,0.7590590654895505
grid_n8,8,0.8500000000000001,0.7000000000000001,uncertain,paramagnetic_like,0.1445545696270698,-0.08746057376306515,0.5813775222627523,0.6404204985153599,1.336482482151092,0.7148868005616358,0.570332230934566,0.7785369937732688
grid_n8,8,0.8500000000000001,0.8,paramagnetic_like,paramagnetic_like,0.3585210926240119,-0.07197937949966507,0.4622301417416785,0.724601393972195,1.3269798532897927,0.831604716376758,0.44720578605449435,0.8057268786785062
grid_n8,8,0.8500000000000001,0.9,paramagnetic_like,paramagnetic_like,0.4706814283512033,-0.060189134302881565,0.37558909543252356,0.7806364828983688,1.3238779315194316,0.9132021404844276,0.36089373654712664,0.8315751648983299
grid_n8,8,0.8500000000000001,1.0,paramagnetic_like,paramagnetic_like,0.5516519871919221,-0.051363058684892486,0.3151595266453513,0.8184394970659988,1.323893186661295,0.9695713109522215,0.3014210832920488,0.8530730704839709
grid_n8,8,0.8500000000000001,1.1,paramagnetic_like,paramagnetic_like,0.6113588918520201,-0.044567765418736006,0.27227214884468903,0.8453042215331199,1.3252285624616034,1.0098657980218098,0.25913481642498415,0.8704937082770042
grid_n8,8,0.8500000000000001,1.2000000000000002,paramagnetic_like,paramagnetic_like,0.656968186071611,-0.039150399187518045,0.24072427988725784,0.865437348055285,1.3270632322402718,1.0399505776501854,0.22776407210053745,0.8847322581721484
grid_n8,8,0.8500000000000001,1.3,paramagnetic_like,paramagnetic_like,0.6930018580906524,-0.03470301527409703,0.21663202935872605,0.8811910893613708,1.3290291902651437,1.0633156952707246,0.20355688813228187,0.8965587462229343
grid_n8,8,0.8500000000000001,1.4000000000000001,paramagnetic_like,paramagnetic_like,0.7222794426923236,-0.030970093351274493,0.19760568329864134,0.893927869555382,1.3309605451488633,1.0820581243307899,0.18425565649679762,0.9065350991891212
grid_n8,8,0.8500000000000001,1.5,paramagnetic_like,paramagnetic_like,0.746606112713399,-0.02778526692398074,0.18214667025199724,0.9044804656677514,1.332784482035128,1.0974836003597876,0.16845578914450257,0.9150619018579016
grid_n8,8,0.8500000000000001,1.6,paramagnetic_like,paramagnetic_like,0.7671815988735896,-0.02503489171802101,0.16928625196902777,0.9133867239235796,1.3344726353035865,1.1104399019821023,0.15524736421380955,0.9224289630873992
grid_n8,8,0.8500000000000001,1.7000000000000002,paramagnetic_like,paramagnetic_like,0.7848341563653911,-0.022637657725624333,0.1583773784082186,0.9210117976662434,1.3360183104132404,1.121500315259554,0.1440170133405017,0.9288511697058928
grid_n8,8,0.8500000000000001,1.8,paramagnetic_like,paramagnetic_like,0.8001558972583642,-0.020532997194006426,0.14897398520556493,0.9276144650357132,1.3374253193513588,1.1310670899395072,0.13433599058051648,0.9344918878388807
grid_n8,8,0.8500000000000001,1.9000000000000001,paramagnetic_like,paramagnetic_like,0.813583278246696,-0.018674273253938365,0.14075942409160183,0.9333848153160674,1.3387023221623848,1.1394317851592375,0.1258948441215251,0.939478122368221
grid_n8,8,0.8500000000000001,2.0,paramagnetic_like,paramagnetic_like,0.825446587447298,-0.017024615166630612,0.1335028526886838,0.9384666751240092,1.339859904232784,1.1468117576115338,0.11846392273813545,0.9439105101854335
grid_n8,8,0.9,0.0,antiphase_like,antiphase_like,0.7603453162872774,-0.14285714285714285,1.0,0.0,1.4142135623730951,0.0,1.2562344526401112,0.7603453162872774
grid_n8,8,0.9,0.1,antiphase_like,antiphase_like,0.7038296585971269,-0.14240867292813453,0.9968528501716657,0.05614883509442682,1.4133834829448302,0.05619979519113151,1.2105152210678,0.7600294537882584
grid_n8,8,0.9,0.2,antiphase_like,antiphase_like,0.6427422855289593,-0.1409677139916455,0.986652944783145,0.11591652875843886,1.4107489136873657,0.11635970440829281,1.1594838393051532,0.7591019899372521
grid_n8,8,0.9,0.30000000000000004,antiphase_like,antiphase_like,0.5726943999251066,-0.1382084830461051,0.9668678033136677,0.18324190605878776,1.4058371782517443,0.1849638382323442,1.09889134755456,0.7576582381574508
grid_n8,8,0.9,0.4,antiphase_like,antiphase_like,0.48836787309756796,-0.13345816151477255,0.9323075074546378,0.26264997548204944,1.3977278770516137,0.2676381408813065,1.0228612526673044,0.7560060139788745
grid_n8,8,0.9,0.5,antiphase_like,antiphase_like,0.38438534904600585,-0.12562284196373866,0.8742298404962788,0.358353206627775,1.3851811655904767,0.3708667244787959,0.9239584846236126,0.7552520735248017
grid_n8,8,0.9,0.6000000000000001,uncertain,antiphase_like,0.26193953926330454,-0.11375344854076674,0.7841721749344904,0.46915377987017426,1.3683138339626122,0.49694662778349324,0.7984990011231271,0.7588861670467978
grid_n8,8,0.9,0.7000000000000001,uncertain,antiphase_like,0.0252006070848253,-0.09873249627480345,0.6679734371680236,0.5811900763261627,1.3513051138164214,0.6334694044651802,0.6586700115500055,0.7721569379132781
grid_n8,8,0.9,0.8,uncertain,paramagnetic_like,0.22605221967188505,-0.08359021508185206,0.5504710593651897,0.6751660196510149,1.339475953863349,0.7564432335192792,0.5303910138473942,0.7947620190170743
grid_n8,8,0.9,0.9,paramagnetic_like,paramagnetic_like,0.3901024075167504,-0.07073976941850978,0.45276343622342957,0.7437831219753007,1.3336362711530423,0.8518485504580343,0.4298696305608364,0.8199720380775868
grid_n8,8,0.9,1.0,paramagnetic_like,paramagnetic_like,0.48621246622413583,-0.06062734051500666,0.379102796301028,0.7915472100045751,1.3316633342874509,0.9211814129327446,0.3565230036055622,0.842735469829698
grid_n8,8,0.9,1.1,paramagnetic_like,paramagnetic_like,0.5583822930553131,-0.05273817611491997,0.3248934537314594,0.825287751951314,1.3316605454159498,0.9714359574460921,0.3033626987446025,0.8617449917999155
grid_n8,8,0.9,1.2000000000000002,paramagnetic_like,paramagnetic_like,0.6134209504640863,-0.0464659062052328,0.28450624326077234,0.8500532022579305,1.3325690006939837,1.0087940527482537,0.2639469207911872,0.8773678712552735
grid_n8,8,0.9,1.3,paramagnetic_like,paramagnetic_like,0.6564899989512455,-0.04135461842760012,0.25364660873056866,0.8689803298267369,1.3338636607065737,1.037473744250614,0.2338051923265213,0.8902951912777668
grid_n8,8,0.9,1.4000000000000001,paramagnetic_like,paramagnetic_like,0.6910772566976678,-0.03709566548261751,0.22940833666827146,0.8839575686928818,1.3352878974118128,1.0601716131728258,0.21005420150008033,0.9011314581977482
grid_n8,8,0.9,1.5,paramagnetic_like,paramagnetic_like,0.7194918985079737,-0.03348247537443526,0.20987562989935257,0.8961445029449432,1.3367155912852535,1.0786105855362231,0.19084329819471535,0.910335196702689
grid_n8,8,0.9,1.6,paramagnetic_like,paramagnetic_like,0.7432835969946333,-0.030373734920778266,0.1937762088921192,0.9062804276652149,1.338085515634876,1.09391704333661,0.17496037234024095,0.9182439693348743
grid_n8,8,0.9,1.7000000000000002,paramagnetic_like,paramagnetic_like,0.763519246351705,-0.02766953249696066,0.18024811976117427,0.9148567048189514,1.3393697213982525,1.1068502107724378,0.16158844146200105,0.925107687813706
grid_n8,8,0.9,1.8,paramagnetic_like,paramagnetic_like,0.7809546396009617,-0.02529674807668138,0.168693171934423,0.9222131857324374,1.3405577076758508,1.117938236475211,0.15015995197265616,0.9311145915736179
grid_n8,8,0.9,1.9000000000000001,paramagnetic_like,paramagnetic_like,0.7961402356560274,-0.023200138249551853,0.15868589053191343,0.9285934970617628,1.3416481766874058,1.1275596446636666,0.1402690815576291,0.9364093172136565
grid_n8,8,0.9,2.0,paramagnetic_like,paramagnetic_like,0.8094872428945841,-0.02133679939095317,0.14991643134774724,0.9341778061242076,1.3426445987953424,1.1359931657886488,0.131617896211299,0.9411051391058831
grid_n8,8,0.9500000000000001,0.0,antiphase_like,antiphase_like,0.7603453162872774,-0.14285714285714285,1.0,0.0,1.4142135623730951,0.0,1.2562344526401112,0.7603453162872774
grid_n8,8,0.9500000000000001,0.1,antiphase_like,antiphase_like,0.7068932005439442,-0.14245575966067428,0.997182772142125,0.05312598770015825,1.4134704439682704,0.05316914850260265,1.2130304196671404,0.7600623490465469
grid_n8,8,0.9500000000000001,0.2,antiphase_like,antiphase_like,0.6496205370962689,-0.14118107993972223,0.9881499793569976,0.1092473046563022,1.4111371199213232,0.10961802903645412,1.165310512692076,0.759238566132723
grid_n8,8,0.9500000000000001,0.30000000000000004,antiphase_like,antiphase_like,0.5850743195455321,-0.13880102926490606,0.9710304167299126,0.17150672257564514,1.4068925506157872,0.17291391693481786,1.1097444397208307,0.75798823648035
grid_n8,8,0.9500000000000001,0.4,antiphase_like,antiphase_like,0.509439127832119,-0.13486280768040404,0.9422445207803891,0.24328108024653447,1.400174145561502,0.24720627679650706,1.0420892993657254,0.7566454046286261
grid_n8,8,0.9500000000000001,0.5,antiphase_like,antiphase_like,0.4190343535678765,-0.12864805071658658,0.8960576470254177,0.32770042922289533,1.390266149396532,0.33707477933792024,0.9572356880192908,0.7561091329057967
grid_n8,8,0.9500000000000001,0.6000000000000001,antiphase_like,antiphase_like,0.3133505295221836,-0.11939115308686607,0.8259922543973511,0.42520887392264795,1.377018099245997,0.4452594144462491,0.8515111856238253,0.7586099439684327
grid_n8,8,0.9500000000000001,0.7000000000000001,uncertain,antiphase_like,0.16222113908905134,-0.10711726662388643,0.7314820242802629,0.5289921664647012,1.362367882869275,0.566893283838779,0.7291144229278304,0.7678490572051159
grid_n8,8,0.9500000000000001,0.8,uncertain,paramagnetic_like,0.08101144728936271,-0.09341706373890545,0.6250587438369749,0.62510864169111,1.3501025911722322,0.6868107667992898,0.605799319509927,0.7856272009680614
grid_n8,8,0.9500000000000001,0.9,uncertain,paramagnetic_like,0.29070857843501335,-0.08050105630310334,0.5253744018515834,0.7025044371598835,1.3424388147859005,0.7894324037787956,0.4987238253437823,0.808538390112246
grid_n8,8,0.9500000000000001,1.0,paramagnetic_like,paramagnetic_like,0.4168495643135206,-0.06959195091741675,0.4431976671207091,0.7597253516794487,1.338755376850116,0.8693006063834035,0.4146425637505613,0.8314921280640819
grid_n8,8,0.9500000000000001,1.1,paramagnetic_like,paramagnetic_like,0.5004805398665089,-0.060781740767716794,0.37941377630983286,0.801041923669394,1.337515791736176,0.9292253668165738,0.3512654824176554,0.8517460222841643
grid_n8,8,0.9500000000000001,1.2000000000000002,paramagnetic_like,paramagnetic_like,0.5652249957193496,-0.05369447021114669,0.3305929009161485,0.8313111444651692,1.3375646328097357,0.9742815161439293,0.3035454869681487,0.8687704826874983
grid_n8,8,0.9500000000000001,1.3,paramagnetic_like,paramagnetic_like,0.6159594776783388,-0.0479149284116428,0.2928703538112058,0.8541505520854917,1.338244885118674,1.0088323533219528,0.26697781099892753,0.8829372886772664
grid_n8,8,0.9500000000000001,1.4000000000000001,paramagnetic_like,paramagnetic_like,0.6565002286574693,-0.04311553543036945,0.26317313196926,0.8719346435212405,1.3392115865694225,1.0359902454389969,0.23829141495883316,0.8947916436163024
grid_n8,8,0.9500000000000001,1.5,paramagnetic_like,paramagnetic_like,0.6895605914474594,-0.03906089160089077,0.23929954859423264,0.8861782464952103,1.3402856092949484,1.0578561486753404,0.2152549662749033,0.9048155577223627
grid_n8,8,0.9500000000000001,1.6,paramagnetic_like,paramagnetic_like,0.7170254331271613,-0.03558489963382654,0.21971786131650065,0.8978584938008966,1.341373611420904,1.0758405081992457,0.1963608979827225,0.9133863311098838
grid_n8,8,0.9500000000000001,1.7000000000000002,paramagnetic_like,paramagnetic_like,0.7402115815455484,-0.0325690509314935,0.2033621878420321,0.9076227681731491,1.3424273728372162,1.0909042718999082,0.18057833567934112,0.9207899172248896
grid_n8,8,0.9500000000000001,1.8,paramagnetic_like,paramagnetic_like,0.7600551491164076,-0.029926867719035726,0.18948138867889033,0.9159138189519361,1.3434230219465337,1.1037170445224211,0.16718774190330743,0.927242891019715
grid_n8,8,0.9500000000000001,1.9000000000000001,paramagnetic_like,paramagnetic_like,0.7772360232827875,-0.027593604119855484,0.17753672991207878,0.9230442305720913,1.3443500975309954,1.1147570509549296,0.15567512184628549,0.932911145129073
grid_n8,8,0.9500000000000001,2.0,paramagnetic_like,paramagnetic_like,0.7922589583375088,-0.025519557034919198,0.1671343641756519,0.9292413270614015,1.345205590275825,1.1243741855070954,0.14566474422775924,0.937923702565268
grid_n8,8,1.0,0.0,antiphase_like,antiphase_like,0.7603453162872774,-0.14285714285714285,1.0,0.0,1.4142135623730951,0.0,1.2562344526401112,0.7603453162872774
grid_n8,8,1.0,0.1,antiphase_like,antiphase_like,0.709636055077836,-0.14249565409473489,0.9974626837255935,0.05041721857196728,1.4135441406586469,0.05045411119241125,1.2152788255033482,0.7600901662702473
grid_n8,8,1.0,0.2,antiphase_like,antiphase_like,0.6556851598892666,-0.1413575578185888,0.989394754013008,0.10335094928912339,1.4114582043752297,0.10366487108034868,1.170431788253937,0.7593500309696153
grid_n8,8,1.0,0.30000000000000004,antiphase_like,antiphase_like,0.5956840744137097,-0.13927076754942808,0.9743624777514159,0.1613798028068021,1.4077253175109508,0.16255156019763245,1.1190003002595044,0.7582356346113422
grid_n8,8,1.0,0.4,antiphase_like,antiphase_like,0.5267158427150841,-0.13591338363807184,0.9497497007783967,0.2271521804532222,1.4019730259196737,0.23033756287706444,1.0577454788427252,0.7570534055921485
grid_n8,8,1.0,0.5,antiphase_like,antiphase_like,0.4460999005029008,-0.13078879107441807,0.9115479130925999,0.3030815096839227,1.393762187979509,0.31043643894088324,0.9829466992320361,0.7565363394437841
grid_n8,8,1.0,0.6000000000000001,antiphase_like,antiphase_like,0.35296615951922256,-0.12332092347253817,0.8549746867587249,0.39005571327578853,1.3829461338591036,0.4052978694007808,0.8915452377767594,0.7582640289200033
grid_n8,8,1.0,0.7000000000000001,uncertain,antiphase_like,0.2515893896645103,-0.11327175667010765,0.7777018470080742,0.48475489100545177,1.370486249673535,0.5132779128887504,0.7845458613135357,0.7648673025532606
grid_n8,8,1.0,0.8,uncertain,antiphase_like,0.04508669024585776,-0.10134828457902863,0.6850757554424763,0.578155144905577,1.35880200297292,0.6255955179716404,0.6706822082174981,0.7785402457359886
grid_n8,8,1.0,0.9,uncertain,paramagnetic_like,0.1658731066429081,-0.08911646989489397,0.5900058726081369,0.6598029452268817,1.3502100836245716,0.7294550285611877,0.5635819219182796,0.7982671690398303
grid_n8,8,1.0,1.0,uncertain,paramagnetic_like,0.3431152672293855,-0.0779888855500919,0.5046006444245608,0.7244850763247158,1.3451880358936559,0.8161797201363983,0.47306445290701277,0.8202195616136224
grid_n8,8,1.0,1.1,paramagnetic_like,paramagnetic_like,0.4397157613924933,-0.06855757353743153,0.4340672278340835,0.773136687613582,1.3428331819521486,0.884377950375348,0.401308589999759,0.8410243513922523
grid_n8,8,1.0,1.2000000000000002,paramagnetic_like,paramagnetic_like,0.5134567540074771,-0.06077923552181203,0.37798950547079535,0.8093476068091054,1.3420800691510721,0.9369263533721219,0.34575197678395486,0.859208730791432
grid_n8,8,1.0,1.3,paramagnetic_like,paramagnetic_like,0.5719523917772766,-0.054372400886339115,0.33375931982190005,0.836669214205158,1.3421926711069094,0.9775942333551056,0.30265533891270596,0.8746077306899825
grid_n8,8,1.0,1.4000000000000001,paramagnetic_like,paramagnetic_like,0.6188169243410295,-0.04904036054974327,0.29860471799488425,0.8577725818232408,1.3427453615809728,1.0095728790398646,0.2687473182393832,0.8875642425804128
grid_n8,8,1.0,1.5,paramagnetic_like,paramagnetic_like,0.65694308554174,-0.04454108196874218,0.27025892054549233,0.8744867277580126,1.3435053138596678,1.0352155592462986,0.24157285833458758,0.8985159438763276
grid_n8,8,1.0,1.6,paramagnetic_like,paramagnetic_like,0.6884691072668918,-0.040692589007048384,0.2470265790085331,0.8880337197597832,1.3443463535660498,1.056179539222002,0.2193836474797641,0.9078527547466559
grid_n8,8,1.0,1.7000000000000002,paramagnetic_like,paramagnetic_like,0.7149390214947342,-0.03736093082947572,0.22767676364496583,0.8992350338668234,1.345200057920742,1.0736230350597626,0.2009487904836056,0.9158878119783398
grid_n8,8,1.0,1.8,paramagnetic_like,paramagnetic_like,0.7374688114385006,-0.034447090626919766,0.21131941952883793,0.9086537005612776,1.3460296696908038,1.0883631442664565,0.1853957408345558,0.9228645522730564
grid_n8,8,1.0,1.9000000000000001,paramagnetic_like,paramagnetic_like,0.7568745737009576,-0.03187676079137969,0.19730611078730398,0.9166852016542568,1.3468161605644595,1.1009860456843772,0.1720967330951957,0.9289713067961533
grid_n8,8,1.0,2.0,paramagnetic_like,paramagnetic_like,0.7737628035082427,-0.029593102182989224,0.18515836329493798,0.9236145176092138,1.347550605525572,1.1119204830785778,0.16059195272679241,0.934354756235035
slices_n8,8,0.0,0.0,ferro_like,ferro_like,0.9100137361600648,1.0,-0.3333333333333333,0.0,0.0,1.4142135623730951,1.352081728298996,0.9100137361600648
slices_n8,8,0.0,0.05,ferro_like,ferro_like,0.8847739832183251,0.9993744971469114,-0.3331248046034112,0.025007819997207574,0.02501429740364755,1.4139371598436792,1.333303819676022,0.9097882806219727
slices_n8,8,0.0,0.1,ferro_like,ferro_like,0.8589959701196221,0.997491922518144,-0.3324968691005347,0.05006275644111617,0.05011476105927943,1.4131056780487377,1.3139089803568607,0.9091107311789016
slices_n8,8,0.0,0.15000000000000002,ferro_like,ferro_like,0.8325878436896548,0.9943338052269748,-0.33144243608014534,0.07521309211896862,0.0753896638508117,1.411712227999376,1.2938303482147344,0.9079775075404665
slices_n8,8,0.0,0.2,ferro_like,ferro_like,0.8054500465118428,0.9898682434369007,-0.32994949211590985,0.10051028498900196,0.10093241075869758,1.40974501798375,1.2729919830343706,0.9063824572705405
slices_n8,8,0.0,0.25,ferro_like,ferro_like,0.7774699311341269,0.984047518150679,-0.32800062861631235,0.1260125875545643,0.12684638735411952,1.4071865923440816,1.2513044508731705,0.9043163184882465
slices_n8,8,0.0,0.30000000000000004,ferro_like,ferro_like,0.7485130210676005,0.9768033977568583,-0.32557204345018925,0.15179089015195635,0.1532524952431952,1.4040122287743977,1.2286575056147109,0.9017655163107957
slices_n8,8,0.0,0.35000000000000003,ferro_like,ferro_like,0.7184098642984791,0.9680389472209067,-0.32263173389508054,0.17793715059968343,0.18030014473303346,1.4001870948805235,1.2049088675638728,0.8987100090315125
slices_n8,8,0.0,0.4,ferro_like,ferro_like,0.6869378241023564,0.9576156032603566,-0.31913660708589814,0.20457538615832682,0.20818226623413827,1.3956618760677146,1.1798682993484317,0.8951200903364946
slices_n8,8,0.0,0.45,ferro_like,ferro_like,0.6537980809818238,0.9453345577727934,-0.31502834061606294,0.2318745907215231,0.2371544423619372,1.3903669359411868,1.1532767306286764,0.890952523343761
slices_n8,8,0.0,0.5,ferro_like,ferro_like,0.6185900427584892,0.9309124079109191,-0.3102281053067671,0.2600619132918739,0.2675572675140189,1.384205824003001,1.1247814138397971,0.886147310272508
slices_n8,8,0.0,0.55,ferro_like,ferro_like,0.580789080981984,0.9139531661034551,-0.30463085041154253,0.2894326685356679,0.29983896849736963,1.3770503706574886,1.093910610817207,0.8806280494793536
slices_n8,8,0.0,0.6000000000000001,ferro_like,ferro_like,0.5397401380755535,0.893923052094016,-0.29810095881952764,0.32035082914181334,0.33457129732300095,1.368742025505981,1.0600560493601525,0.8743114353985545
slices_n8,8,0.0,0.65,ferro_like,ferro_like,0.49468997018176597,0.8701421799366674,-0.2904729185370698,0.3532294089149476,0.372444776619982,1.3591075396473529,1.0224792669198903,0.867134746801748
slices_n8,8,0.0,0.7000000000000001,ferro_like,ferro_like,0.44489234867944144,0.8418184038915547,-0.28156310929289213,0.3884757276276253,0.41421975015334717,1.3480003235039153,0.9803683711267048,0.8591120988327886
slices_n8,8,0.0,0.75,uncertain,ferro_like,0.3898228398786397,0.808158721189805,-0.27120059691214515,0.4263864438631119,0.460602076682697,1.3353774486993517,0.9329789123994885,0.8504249165613367
slices_n8,8,0.0,0.8,uncertain,ferro_like,0.3295087613516938,0.7685882759734061,-0.2592824257508701,0.46699093866501684,0.5120208064409822,1.3214077447208488,0.8798807510903364,0.8415295677926761
slices_n8,8,0.0,0.8500000000000001,uncertain,ferro_like,0.2529474220043447,0.7230621336872234,-0.24584707926937166,0.5098789839247249,0.568331905714269,1.3065720446686095,0.8212793277186137,0.8332212803255733
slices_n8,8,0.0,0.9,uncertain,ferro_like,0.1297219292576517,0.6723619165838072,-0.23113797785270926,0.5541008426196632,0.6285616596487982,1.2916772355279698,0.7582835889064499,0.8265565234417863
slices_n8,8,0.0,0.9500000000000001,uncertain,ferro_like,0.002048157165931097,0.6181854080915234,-0.21561224715622762,0.5982458816910255,0.6908748364085303,1.2777131424842672,0.6929229935744614,0.8225776792536035
slices_n8,8,0.0,1.0,uncertain,paramagnetic_like,0.12509529902001137,0.5628839496768866,-0.19986600889875858,0.640728861935377,0.7528890290184302,1.2655780557907141,0.6277937299984189,0.8219383743907336
slices_n8,8,0.0,1.05,uncertain,paramagnetic_like,0.24678489534993542,0.5089180149422928,-0.18450003205000245,0.6801678585321767,0.8122362567401755,1.2558201746218718,0.5654513613902401,0.824664149313179
slices_n8,8,0.0,1.1,uncertain,paramagnetic_like,0.32235087106822047,0.45830624000918757,-0.16999323633016425,0.7156629331599773,0.8670870204219113,1.2485454238815152,0.5078562082933255,0.8302070793615459
slices_n8,8,0.0,1.1500000000000001,uncertain,paramagnetic_like,0.3816025463218284,0.4123227404794468,-0.15664009740533125,0.746865585203568,0.9164002813665243,1.2435089133720247,0.4561168032068768,0.8377193495287052
slices_n8,8,0.0,1.2000000000000002,paramagnetic_like,paramagnetic_like,0.4357948050310958,0.3714945291561044,-0.14455814210933657,0.773873567623883,0.9598760902570392,1.2402881712869502,0.4105487479711267,0.8463435530022225
slices_n8,8,0.0,1.25,paramagnetic_like,paramagnetic_like,0.48448150685528557,0.3357835345433985,-0.13373514655195518,0.7970578061226365,0.9977434320870038,1.238432824803846,0.3709050569270289,0.8553865637823145
slices_n8,8,0.0,1.3,paramagnetic_like,paramagnetic_like,0.5277409803717313,0.30481142182168736,-0.1240828756345201,0.8169071624099314,1.0305258511717819,1.2375491228929292,0.3366270534892677,0.864368033860999
slices_n8,8,0.0,1.35,paramagnetic_like,paramagnetic_like,0.5659586584103586,0.27804362237388425,-0.11547932391397242,0.8339245493493943,1.058860920283009,1.2373284824685142,0.30703646856935757,0.8729951269797162
slices_n8,8,0.0,1.4000000000000001,paramagnetic_like,paramagnetic_like,0.5996590267367079,0.25490977897016875,-0.10779551224790662,0.8485717731452621,1.0833886004852415,1.2375444401034759,0.2814537786420395,0.8811128053787474
slices_n8,8,0.0,1.4500000000000002,paramagnetic_like,paramagnetic_like,0.6293983489217403,0.23486984850881282,-0.10090974651235958,0.8612478088967703,1.104694441590629,1.2380374242890209,0.2592581762624762,0.8886565251842165
slices_n8,8,0.0,1.5,paramagnetic_like,paramagnetic_like,0.6557060317714776,0.2174435823615439,-0.09471371679969627,0.8722858606428571,1.123287837486833,1.2386978688034025,0.23991034544415007,0.8956163772156277
slices_n8,8,0.0,1.55,paramagnetic_like,paramagnetic_like,0.6790580107624709,0.20221876131740832,-0.0891140103689662,0.8819591934036567,1.1395995070740825,1.2394518483516839,0.22295488752620415,0.902012898288675
slices_n8,8,0.0,1.6,paramagnetic_like,paramagnetic_like,0.6998686838620483,0.18884861641169298,-0.08403137223429513,0.890490021888213,1.153988012354628,1.2402501641725714,0.20801321436395495,0.9078818982260032
slices_n8,8,0.0,1.6500000000000001,paramagnetic_like,paramagnetic_like,0.7184924396593138,0.17704461244201258,-0.07939905164644163,0.8980586202740719,1.1667495680662887,1.2410605157791685,0.19477299916563084,0.9132654388249446
slices_n8,8,0.0,1.7000000000000002,paramagnetic_like,paramagnetic_like,0.7352294723600461,0.16656790168593646,-0.07516092748309074,0.904811460202695,1.1781282398399986,1.2418620570270749,0.1829772564168904,0.9182067287769364
slices_n8,8,0.0,1.75,paramagnetic_like,paramagnetic_like,0.7503329968928786,0.1572210465005391,-0.07126973351220434,0.910868020534269,1.1883252461744305,1.2426416709332462,0.1724144052798654,0.922747402172744
slices_n8,8,0.0,1.8,paramagnetic_like,paramagnetic_like,0.7640164245165987,0.14884067318216745,-0.06768550703687544,0.9163262925275362,1.1975069244067946,1.2433914398234882,0.16290977532416698,0.9269261998407656
slices_n8,8,0.0,1.85,paramagnetic_like,paramagnetic_like,0.776459865013093,0.14129124254341022,-0.06437428751098473,0.921267149309852,1.2058113250383504,1.2441069316213085,0.15431858582897406,0.9307784508420671
slices_n8,8,0.0,1.9000000000000001,paramagnetic_like,paramagnetic_like,0.7878157432417724,0.13445990012150535,-0.06130704879266191,0.9257577826413539,1.2133535691257236,1.2447860386876772,0.1465202504288318,0.9343359936706042
slices_n8,8,0.0,1.9500000000000002,paramagnetic_like,paramagnetic_like,0.7982135232901681,0.1282522795137124,-0.058458833107965104,0.9298543970868495,1.220230157452248,1.245428189807378,0.13941380277109655,0.9376273260612646
slices_n8,8,0.0,2.0,paramagnetic_like,paramagnetic_like,0.8077636228710515,0.12258910861341661,-0.0558080521283543,0.933604322746598,1.2265224206714436,1.2460338144190743,0.13291423937625613,0.9406778622473077
slices_n8,8,0.3,0.0,ferro_like,ferro_like,0.9100137361600648,1.0,-0.3333333333333333,0.0,0.0,1.4142135623730951,1.352081728298996,0.9100137361600648
slices_n8,8,0.3,0.05,ferro_like,ferro_like,0.8737316700492623,0.9987146248582884,-0.33290437032016423,0.035797881339428794,0.03581698997686197,1.4136442288472917,1.3250218874707167,0.9095486600261243
slices_n8,8,0.3,0.1,ferro_like,ferro_like,0.8358180834262712,0.9947351670021854,-0.3315706623431098,0.07211163394733328,0.07227072293839293,1.4118659968858684,1.2963032100361913,0.9080888063646642
slices_n8,8,0.3,0.15000000000000002,ferro_like,ferro_like,0.7952902412728864,0.9876446719955133,-0.3291798621760407,0.10954822012647811,0.1101244397044955,1.4086430922971362,1.2651795541647113,0.9054146809773819
slices_n8,8,0.3,0.2,ferro_like,ferro_like,0.7505131334751345,0.976522500647596,-0.32542389392568555,0.14899663319176695,0.15052306598148557,1.4034626501671814,1.2303954512057074,0.9010361994566201
slices_n8,8,0.3,0.25,ferro_like,ferro_like,0.6982549405412785,0.9593136161954944,-0.31969916102521617,0.19205644056700383,0.1955956072303329,1.3952079455936817,1.1894771627137706,0.8938505477716113
slices_n8,8,0.3,0.30000000000000004,ferro_like,ferro_like,0.6314832395657346,0.9311947640628527,-0.3107750684937154,0.24188428459020533,0.24983762951566488,1.3813660923059363,1.1370830686884676,0.8813208690813995
slices_n8,8,0.3,0.35000000000000003,ferro_like,ferro_like,0.5354762539368016,0.8812670875387788,-0.2962138897921634,0.30431162516898597,0.32275998738911577,1.356728509076348,1.0620481135933846,0.8582362413259175
slices_n8,8,0.3,0.4,ferro_like,ferro_like,0.38836605923019435,0.790792507355424,-0.2723879414375357,0.38653596722830436,0.4301268108074456,1.3143355254286022,0.947026210749124,0.8184928700376399
slices_n8,8,0.3,0.45,uncertain,ferro_like,0.19148098410145054,0.650968581833858,-0.23851689581759183,0.48585049873660324,0.5782545735061178,1.2575168840681152,0.787903440259165,0.7697355576075683
slices_n8,8,0.3,0.5,uncertain,paramagnetic_like,0.11139424778260698,0.49657098606869327,-0.20240623685225975,0.5797100031155448,0.7346744858508517,1.2092787854993639,0.6232802380682447,0.740201500537183
slices_n8,8,0.3,0.55,uncertain,paramagnetic_like,0.24320983388153727,0.37332332475588625,-0.1726186524067128,0.650166784159881,0.8590255093327003,1.183287210535623,0.49583222268173655,0.7390420565632738
slices_n8,8,0.3,0.6000000000000001,paramagnetic_like,paramagnetic_like,0.3430836304170743,0.28986802883461477,-0.15018931214774986,0.6992526573430202,0.9454716053727258,1.173230401604169,0.4092281186434394,0.7523117490605137
slices_n8,8,0.3,0.65,paramagnetic_like,paramagnetic_like,0.4193379003835713,0.23506981280762482,-0.13286532686193256,0.7347476116713535,1.0052067412799086,1.1709443861348905,0.350136427420465,0.7694743278040364
slices_n8,8,0.3,0.7000000000000001,paramagnetic_like,paramagnetic_like,0.47911560727418495,0.19806717520024023,-0.11873305301681485,0.7621062547098669,1.0483708715210966,1.1720915580190596,0.3075048483208734,0.7866204555950583
slices_n8,8,0.3,0.75,paramagnetic_like,paramagnetic_like,0.527765834563731,0.1719540325292912,-0.10667521361197752,0.7843332653245727,1.0812192304474795,1.1747201375790175,0.27486598744708907,0.8026318220108201
slices_n8,8,0.3,0.8,paramagnetic_like,paramagnetic_like,0.5686127816608453,0.15269432854970746,-0.09608415389105755,0.8030522760991826,1.1073469539953218,1.1779467654870026,0.24866136134357114,0.8172741430044164
slices_n8,8,0.3,0.8500000000000001,paramagnetic_like,paramagnetic_like,0.6036875965827584,0.13792133858798578,-0.08662221259711389,0.8191880444922057,1.1288504262034775,1.1813547080214386,0.2268867012236111,0.8305742978063695
slices_n8,8,0.3,0.9,paramagnetic_like,paramagnetic_like,0.6342795912828797,0.12620578561273682,-0.07808931042378882,0.8333090410760564,1.147003813189471,1.1847412535778266,0.20835250405862302,0.8426320953415027
slices_n8,8,0.3,0.9500000000000001,paramagnetic_like,paramagnetic_like,0.6612544092379049,0.11665292472696352,-0.07035578528968305,0.845793500480572,1.162620456738457,1.188007837782836,0.19230843958960359,0.8535628488275085
slices_n8,8,0.3,1.0,paramagnetic_like,paramagnetic_like,0.6852277575953626,0.10868213539433366,-0.06332887598191128,0.8569115303140603,1.1762456670641086,1.1911091134736735,0.17825166752308227,0.8634794251184449
slices_n8,8,0.3,1.05,paramagnetic_like,paramagnetic_like,0.7066605843903923,0.10190367870290865,-0.056935991988376844,0.8668673462265691,1.188262166634946,1.1940278063632486,0.1658260812185707,0.8724866656089629
slices_n8,8,0.3,1.1,paramagnetic_like,paramagnetic_like,0.725912616245917,0.09604767165142324,-0.05111634475071517,0.8758220823373692,1.1989497271690932,1.1967616265551408,0.1547672772321861,0.880679893478103
slices_n8,8,0.3,1.1500000000000001,paramagnetic_like,paramagnetic_like,0.7432736434266285,0.09092184372757314,-0.045816755621972106,0.8839068110506245,1.2085201424720247,1.1993161779600967,0.14487121600041838,0.8881448594270469
slices_n8,8,0.3,1.2000000000000002,paramagnetic_like,paramagnetic_like,0.7589826469873141,0.08638563772563954,-0.04098954522835315,0.8912304353883841,1.217138505716881,1.2017010135475135,0.13597558071202395,0.8949582276993381
slices_n8,8,0.3,1.25,paramagnetic_like,paramagnetic_like,0.77324008378789,0.08233387329447364,-0.03659144794820753,0.8978847799267083,1.224936635823466,1.2039274114207015,0.1279481863561743,0.9011882701440643
slices_n8,8,0.3,1.3,paramagnetic_like,paramagnetic_like,0.7862161834574504,0.07868616688940408,-0.03258301920222014,0.9039480773131344,1.2320218578225635,1.2060071222892292,0.12067944637146959,0.9068956298289199
slices_n8,8,0.3,1.35,paramagnetic_like,paramagnetic_like,0.7980568264798863,0.0753799100739152,-0.028928270241273275,0.909487486770928,1.238482945618951,1.2079516772537946,0.11407726192496755,0.9121340884048539
slices_n8,8,0.3,1.4000000000000001,paramagnetic_like,paramagnetic_like,0.8088878898648302,0.07236550229415216,-0.025594401571633323,0.9145609952693345,1.24439427665949,1.2097720228022764,0.1080634129643758,0.916951302829206
slices_n8,8,0.3,1.4500000000000002,paramagnetic_like,paramagnetic_like,0.8188185768158284,0.06960304508014377,-0.022551575433422417,0.9192189025554844,1.2498188246340922,1.211478347495377,0.10257091627395488,0.9213894930897832
slices_n8,8,0.3,1.5,paramagnetic_like,paramagnetic_like,0.8279440418327733,0.06706000399918037,-0.019772702245772322,0.9235050108712802,1.2548103740872736,1.2130800201488225,0.09754203012236591,0.9254860719551392
slices_n8,8,0.3,1.55,paramagnetic_like,paramagnetic_like,0.8363475064132748,0.06470952434642248,-0.01723323246458471,0.9274575956336334,1.2594151987564763,1.2145855915339732,0.09292670725484037,0.9292742136681151
slices_n8,8,0.3,1.6,paramagnetic_like,paramagnetic_like,0.8441019927794446,0.06252919677668799,-0.014910952666080593,0.931110207789442,1.2636733601108454,1.2160028307582837,0.08868136945849671,0.9327833622379413
slices_n8,8,0.3,1.6500000000000001,paramagnetic_like,paramagnetic_like,0.8512717623851752,0.06050013809814635,-0.0127857874822207,0.9344923432761676,1.267619730055624,1.2173387790263563,0.08476791989058828,0.9360396822757635
slices_n8,8,0.3,1.7000000000000002,paramagnetic_like,paramagnetic_like,0.857913520697819,0.05860629649941813,-0.01083960967226775,0.9376300054605835,1.271284808682278,1.2185998105074196,0.08115293591117427,0.9390664566089932
slices_n8,8,0.3,1.75,paramagnetic_like,paramagnetic_like,0.8640774334666999,0.05683391910570257,-0.009056060345833802,0.9405461801522801,1.2746953865973747,1.2197916943340614,0.07780700205228941,0.9418844355189893
slices_n8,8,0.3,1.8,paramagnetic_like,paramagnetic_like,0.8698079887817922,0.05517113867584895,-0.007420380764928754,0.9432612384646883,1.2778750872614804,1.2209196543891268,0.07470415382293788,0.94451214260473
slices_n8,8,0.3,1.85,paramagnetic_like,paramagnetic_like,0.8751447316288958,0.05360764895399609,-0.005919256530021714,0.9457932796831552,1.2808448152355338,1.2219884251416926,0.07182141051944585,0.9469661421483416
slices_n8,8,0.3,1.9000000000000001,paramagnetic_like,paramagnetic_like,0.8801228921619638,0.052134446848096906,-0.004540674416236771,0.9481584239722479,1.2836231296400122,1.2230023027596244,0.06913838040163155,0.9492612725635954
slices_n8,8,0.3,1.9500000000000002,paramagnetic_like,paramagnetic_like,0.8847739248224495,0.0507436255955923,-0.0032737917068667763,0.950371062961546,1.2862265574748648,1.2239651912968066,0.06663692530328201,0.9514108501257316
slices_n8,8,0.3,2.0,paramagnetic_like,paramagnetic_like,0.8891259723009755,0.049428207274485256,-0.002108817570939836,0.9524440748361965,1.2886698580904479,1.2248806440782767,0.06430087446232655,0.953426846763302
slices_n8,8,0.8,0.0,antiphase_like,antiphase_like,0.7603453162872774,-0.14285714285714285,1.0,0.0,1.4142135623730951,0.0,1.2562344526401112,0.7603453162872774
slices_n8,8,0.8,0.05,antiphase_like,antiphase_like,0.7288745106045851,-0.14271671564972205,0.9990167135807176,0.0313613952810716,1.413953117618965,0.031370305486247835,1.2309546660339856,0.7602448160908329
slices_n8,8,0.8,0.1,antiphase_like,antiphase_like,0.6964696868259574,-0.14228412256599557,0.995984399706428,0.06339811514310432,1.4131533734123636,0.06347158999591124,1.2044561071003972,0.7599412768218687
slices_n8,8,0.8,0.15000000000000002,antiphase_like,antiphase_like,0.6623433737713067,-0.14152312292590652,0.990641225971259,0.09682284183084222,1.4117551476024692,0.09708394668967917,1.1760459903425837,0.7594273204609858
slices_n8,8,0.8,0.2,antiphase_like,antiphase_like,0.6255832188377187,-0.1403649313127138,0.9824949781268125,0.13243462139330853,1.4096443330946578,0.13310164851877124,1.1448726938699856,0.75868486735649
slices_n8,8,0.8,0.25,antiphase_like,antiphase_like,0.585043269628891,-0.13869344089407917,0.9707133563675465,0.17118733240561193,1.406621623802999,0.17262918766601226,1.1098166009445312,0.7576724572949032
slices_n8,8,0.8,0.30000000000000004,antiphase_like,antiphase_like,0.5391954349423124,-0.13632174661586852,0.9539272049397232,0.2142684502379952,1.4023521504239163,0.21711215951951615,1.069328890923951,0.7563075944618285
slices_n8,8,0.8,0.35000000000000003,antiphase_like,antiphase_like,0.48601466509203367,-0.13296431080897855,0.9299542939058821,0.2631255174492541,1.3963125737174293,0.2684582253291116,1.0212630941544538,0.7544728904211453
slices_n8,8,0.8,0.4,antiphase_like,antiphase_like,0.42317524705127507,-0.1282299175721099,0.8956183457743707,0.31925634268623937,1.3878209654289104,0.3289637634623075,0.9629124600730185,0.7521390105135826
slices_n8,8,0.8,0.45,antiphase_like,antiphase_like,0.3491371937128639,-0.12170288890829076,0.8472341046436056,0.3834349324199345,1.3763442436730204,0.40061485810806075,0.891772546319866,0.7497520518209246
slices_n8,8,0.8,0.5,uncertain,antiphase_like,0.26546612263495484,-0.11319661383340017,0.7826208441413293,0.45425709858944163,1.3622145987732401,0.48332522455433213,0.8075730830374821,0.748791347189287
slices_n8,8,0.8,0.55,uncertain,antiphase_like,0.14180779157906176,-0.10309780237045647,0.7042579552063749,0.5270637257463764,1.34722407202683,0.5728914498320709,0.7146992414111326,0.7516132364230963
slices_n8,8,0.8,0.6000000000000001,uncertain,paramagnetic_like,0.039582719104315434,-0.09240147921679896,0.6201748796331348,0.595289463196708,1.333954203653754,0.6614143250387161,0.6218316059344007,0.7597719871990357
slices_n8,8,0.8,0.65,uncertain,paramagnetic_like,0.20362231063433456,-0.08221455825558348,0.5400190729615071,0.6538872844150636,1.3241236349580712,0.741214755833317,0.5375924451989824,0.7725155053234518
slices_n8,8,0.8,0.7000000000000001,uncertain,paramagnetic_like,0.32103366325120425,-0.07322260106379853,0.47015910845426107,0.7013073942650915,1.317890042387136,0.808366222253335,0.46654324745268244,0.7875769107038867
slices_n8,8,0.8,0.75,paramagnetic_like,paramagnetic_like,0.3938738998221339,-0.06560217060859687,0.41247874024698117,0.7386681972867266,1.314490988971091,0.862765698872342,0.409013831276782,0.8028877310989159
slices_n8,8,0.8,0.8,paramagnetic_like,paramagnetic_like,0.45418458866057404,-0.05922928773713265,0.3660208008224776,0.7680567322728924,1.3130245624959815,0.9062841976687364,0.36310107410480835,0.8172856627653824
slices_n8,8,0.8,0.8500000000000001,paramagnetic_like,paramagnetic_like,0.5039695959918133,-0.053882404288338175,0.32880527789795,0.7914746337875683,1.3127843952491838,0.9412230044246944,0.32637277775019674,0.8303423737420101
slices_n8,8,0.8,0.9,paramagnetic_like,paramagnetic_like,0.5453600055064634,-0.049345993691818454,0.29882612685830506,0.8104944481680699,1.3132939547068372,0.9696114336276075,0.2966584984808675,0.8420185039873309
slices_n8,8,0.8,0.9500000000000001,paramagnetic_like,paramagnetic_like,0.5801766090989429,-0.04544382012645349,0.2744050615580987,0.8262581776994862,1.3142494625455101,0.9930344265143685,0.2722545624030403,0.8524311715019831
slices_n8,8,0.8,1.0,paramagnetic_like,paramagnetic_like,0.6098482985628264,-0.04204117562057238,0.25424121858653664,0.8395729829592042,1.3154604607133156,1.0126708934714583,0.2518913468992678,0.8617396454620943
slices_n8,8,0.8,1.05,paramagnetic_like,paramagnetic_like,0.6354594847597852,-0.039037533568083545,0.23735702311686305,0.8510081999251035,1.3168075588080268,1.0293837615362476,0.2346393831793721,0.8700988679391573
slices_n8,8,0.8,1.1,paramagnetic_like,paramagnetic_like,0.6578255448132101,-0.03635809339405497,0.22302485552169626,0.8609696679438683,1.3182155768315318,1.043804751991074,0.21981883400488797,0.8776443788180981
slices_n8,8,0.8,1.1500000000000001,paramagnetic_like,paramagnetic_like,0.6775613891540946,-0.033946748470925936,0.2107024848466618,0.8697515427959647,1.3196370404407598,1.05640019945527,0.2069285927505306,0.8844899819046252
slices_n8,8,0.8,1.2000000000000002,paramagnetic_like,paramagnetic_like,0.6951350523829014,-0.03176083050467066,0.19998308610902127,0.8775711858718114,1.3210420637887021,1.0675186423442018,0.19559481985556432,0.8907298722384657
slices_n8,8,0.8,1.25,paramagnetic_like,paramagnetic_like,0.7109071868058565,-0.029767346986528862,0.19055848488395025,0.8845924552502069,1.322412080943156,1.0774243023396388,0.1855346852192096,0.8964418720250661
slices_n8,8,0.8,1.3,paramagnetic_like,paramagnetic_like,0.7251594987941166,-0.027940330695885512,0.18219267638099282,0.8909413177673942,1.323735899831212,1.0863204588024014,0.17653105094065902,0.9016905497347756
slices_n8,8,0.8,1.35,paramagnetic_like,paramagnetic_like,0.7381150930034364,-0.026258977995950054,0.1747028563665658,0.8967164254619586,1.3250071755697759,1.0943658068802375,0.16841476536728156,0.9065298583707179
slices_n8,8,0.8,1.4000000000000001,paramagnetic_like,paramagnetic_like,0.7499530614873157,-0.024706335639416488,0.16794580776498247,0.9019963813321031,1.3262227661400663,1.101685992654784,0.16105219155378725,0.9110052530411029
slices_n8,8,0.8,1.4500000000000002,paramagnetic_like,paramagnetic_like,0.7608190203614121,-0.023268366762810966,0.16180807269742914,0.906844809036192,1.327381646633769,1.1083818317435163,0.15433633363761542,0.9151553539990276
slices_n8,8,0.8,1.5,paramagnetic_like,paramagnetic_like,0.7708327938715271,-0.021933279417370093,0.156198799625226,0.9113139480098366,1.3284841834317007,1.1145352337229881,0.14818044959174576,0.919013243463273
slices_n8,8,0.8,1.55,paramagnetic_like,paramagnetic_like,0.7800940804815462,-0.020691037906828136,0.1510444893332917,0.915447244607326,1.329531644166549,1.1202135254063488,0.14251339702196525,0.9226074775035114
slices_n8,8,0.8,1.6,paramagnetic_like,paramagnetic_like,0.7886866800425523,-0.019533002452846886,0.14628509815774424,0.9192812496143644,1.3305258644510927,1.125472644911563,0.13727619942846186,0.9259628794710141
slices_n8,8,0.8,1.6500000000000001,paramagnetic_like,paramagnetic_like,0.7966816850661841,-0.0184516598127176,0.14187111943760367,0.9228470293916564,1.3314690202052013,1.130359530387362,0.13241948159376235,0.9291011666599465
slices_n8,8,0.8,1.7000000000000002,paramagnetic_like,paramagnetic_like,0.8041399184103913,-0.01744041904149702,0.13776137637573238,0.9261712309322147,1.3323634719201438,1.134913927758789,0.1279015310482193,0.9320414494586107
slices_n8,8,0.8,1.75,paramagnetic_like,paramagnetic_like,0.8111138167755011,-0.016493454436414336,0.13392133706985798,0.9292768970901049,1.3332116583939768,1.139169774532798,0.12368681575031273,0.9348006325258138
slices_n8,8,0.8,1.8,paramagnetic_like,paramagnetic_like,0.8176489021708607,-0.015605583051552019,0.1303218163716624,0.932184098936766,1.3340160247488508,1.143156270764858,0.1197448379936789,0.9373937401645396
slices_n8,8,0.8,1.85,paramagnetic_like,paramagnetic_like,0.8237849437123594,-0.01477216784440075,0.1269379669299194,0.9349104324480032,1.3347789743426022,1.1468987166373972,0.11604923886275348,0.939834182575113
slices_n8,8,0.8,1.9000000000000001,paramagnetic_like,paramagnetic_like,0.829556884203068,-0.013989040057862088,0.12374848834564738,0.9374714132372282,1.3355028373988347,1.150419174075523,0.11257709139813037,0.9421339756011983
slices_n8,8,0.8,1.9500000000000002,paramagnetic_like,paramagnetic_like,0.8349955862017104,-0.013252436214718768,0.12073500225182343,0.9398807937240824,1.3361898513550283,1.1537369943408593,0.10930833736630641,0.9443039235680168
slices_n8,8,0.8,2.0,paramagnetic_like,paramagnetic_like,0.8401284381786295,-0.012558946349411761,0.11788155466541461,0.9421508205983029,1.3368421494181546,1.1568692425470386,0.10622533439475863,0.9463537725733882
slices_n12,12,0.0,0.0,ferro_like,ferro_like,0.9316949906249123,1.0,-0.19999999999999998,0.0,0.0,1.4142135623730951,1.366768288904727,0.9316949906249123
slices_n12,12,0.0,0.05,ferro_like,ferro_like,0.90643334224422,0.9993744666293463,-0.19987488276367357,0.025007819833770647,0.025014610088230946,1.4139555830404023,1.348176415843555,0.9314479523324509
slices_n12,12,0.0,0.1,ferro_like,ferro_like,0.880587896963131,0.9974914322531413,-0.19949812187528138,0.050062735604904235,0.05011726457309618,1.4131794775603879,1.3289419199123664,0.9307051615362272
slices_n12,12,0.0,0.15000000000000002,ferro_like,ferro_like,0.8540635893158322,0.9943313368882228,-0.19886547221479256,0.07521273857766421,0.0753979520258034,1.4118786854717422,1.3089970510577327,0.9294615413416355
slices_n12,12,0.0,0.2,ferro_like,ferro_like,0.8267577924036584,0.9898606998913833,-0.19796979980343016,0.10050766355720181,0.1009506702948966,1.4100420752491425,1.2882653704295992,0.927708462698555
slices_n12,12,0.0,0.25,ferro_like,ferro_like,0.7985577121588634,0.9840307077946716,-0.1968009918742609,0.12600026430812336,0.12687576409294637,1.407653630547954,1.2666596189786987,0.9254334762518098
slices_n12,12,0.0,0.30000000000000004,ferro_like,ferro_like,0.7693370999335056,0.976775007129164,-0.19534582137014644,0.1517475633009062,0.1532827833519536,1.404691956869014,1.2440789052274224,0.9226198832854592
slices_n12,12,0.0,0.35000000000000003,ferro_like,ferro_like,0.7389516786447785,0.9680063113511549,-0.19358773556401004,0.1778128000840964,0.18029434408026052,1.4011294898251905,1.2204047075161624,0.919246022725039
slices_n12,12,0.0,0.4,ferro_like,ferro_like,0.7072320231573787,0.9576109739537753,-0.19150648548144264,0.2042686453347875,0.20805194655738204,1.3969311151654216,1.19549464848122,0.9152839697147607
slices_n12,12,0.0,0.45,ferro_like,ferro_like,0.6739714581094592,0.9454397942355978,-0.18907740671479864,0.23120289993084678,0.23672554287720823,1.3920515854691242,1.169172026583093,0.9106970009866675
slices_n12,12,0.0,0.5,ferro_like,ferro_like,0.6389047098809966,0.9312918047710464,-0.18626998331114722,0.25872864371389964,0.2665299607683093,1.38643060924543,1.1412075426433257,0.9054346706493059
slices_n12,12,0.0,0.55,ferro_like,ferro_like,0.601670705512203,0.9148855357677311,-0.1830450757545443,0.287001578062888,0.2977530960860193,1.379983882053419,1.111287549986781,0.8994238015982223
slices_n12,12,0.0,0.6000000000000001,ferro_like,ferro_like,0.561750954564371,0.8958095816717485,-0.17934993722940093,0.3162476339120333,0.3308027362278352,1.372588034362956,1.0789609924008943,0.8925536907922061
slices_n12,12,0.0,0.65,ferro_like,ferro_like,0.5183763965469046,0.873442864130341,-0.17511011544518684,0.34680251959065966,0.366279517148603,1.3640586966831316,1.0435569205630875,0.8846559136955076
slices_n12,12,0.0,0.7000000000000001,ferro_like,ferro_like,0.4704088519012258,0.8468401916742714,-0.1702182008746933,0.37915862621512014,0.4050782391948586,1.354126680212451,1.0040719069098802,0.8754870910960844
slices_n12,12,0.0,0.75,ferro_like,ferro_like,0.4162482613828547,0.814604982169458,-0.16452271949403213,0.41399676631273863,0.4484961833629177,1.3424340429328974,0.959056527058336,0.8647444447457724
slices_n12,12,0.0,0.8,uncertain,ferro_like,0.35392756921482826,0.774847571984882,-0.15782912634853472,0.4521402510031078,0.49825948395344943,1.3286076443289792,0.9066103195868759,0.8521870531682777
slices_n12,12,0.0,0.8500000000000001,uncertain,ferro_like,0.28173497590531815,0.7254785195253222,-0.14994013320493588,0.49430980914404804,0.5562441088735773,1.3125109586061408,0.8447421667223551,0.8379790847788955
slices_n12,12,0.0,0.9,uncertain,ferro_like,0.14887919978028186,0.6652021361906025,-0.14077019443452227,0.5405604500827295,0.6235609331447616,1.2947261529314507,0.7724401329250434,0.8232767815982167
slices_n12,12,0.0,0.9500000000000001,uncertain,paramagnetic_like,0.007681257788547113,0.5951857325269169,-0.13051918441087218,0.5895611164266291,0.6990243028626371,1.2769785144277346,0.69134304507409,0.8106031327509001
slices_n12,12,0.0,1.0,uncertain,paramagnetic_like,0.17156415375804024,0.52011763361153,-0.11975832910774951,0.6384414646283672,0.7781927534972977,1.2617699889691043,0.6066285997392574,0.8030449472341796
slices_n12,12,0.0,1.05,uncertain,paramagnetic_like,0.2769496305332445,0.4468277106987443,-0.10925174518083564,0.6838494754555109,0.8546892266858455,1.2510385229061782,0.5253624142740828,0.8023120448073273
slices_n12,12,0.0,1.1,uncertain,paramagnetic_like,0.3544943221904871,0.3811045278069872,-0.09961511532038761,0.7234903136213225,0.923195095153372,1.245126235994581,0.45320105663736737,0.8076953788278545
slices_n12,12,0.0,1.1500000000000001,paramagnetic_like,paramagnetic_like,0.4245100239068487,0.3256855688132696,-0.09112668809988896,0.7567342335362461,0.9813014276648481,1.24308239801761,0.39252277673922137,0.8170328006460701
slices_n12,12,0.0,1.2000000000000002,paramagnetic_like,paramagnetic_like,0.4852285258068804,0.2805824693887912,-0.08378273493925871,0.7841383985980607,1.0291491662132588,1.2435917437389414,0.3429621891931683,0.8281907150000487
slices_n12,12,0.0,1.25,paramagnetic_like,paramagnetic_like,0.5368849088330183,0.24440461194922922,-0.07744199265129124,0.8067165070569099,1.0681561119172525,1.2455665066220218,0.30284666548740813,0.8397315743204264
slices_n12,12,0.0,1.3,paramagnetic_like,paramagnetic_like,0.5806234269424229,0.21540863720445017,-0.07193191859594557,0.8254804550895561,1.1000314045790107,1.2482807337540192,0.27025894211453383,0.8508823690569567
slices_n12,12,0.0,1.35,paramagnetic_like,paramagnetic_like,0.6177851795635707,0.19200461586456627,-0.06709690820788138,0.8412690226699405,1.1263128095701378,1.2512995329256504,0.24351467727345094,0.8612998568370217
slices_n12,12,0.0,1.4000000000000001,paramagnetic_like,paramagnetic_like,0.6495914672851133,0.172907258442094,-0.06281126707818502,0.8547273049296583,1.148236896947983,1.254377690511732,0.22128179784380503,0.8708732651289183
slices_n12,12,0.0,1.4500000000000002,paramagnetic_like,paramagnetic_like,0.6770522940571286,0.15713034947942162,-0.05897760493243652,0.8663383205760181,1.1667521721989225,1.2573831079921125,0.2025521770411965,0.8796044710983252
slices_n12,12,0.0,1.5,paramagnetic_like,paramagnetic_like,0.7009703896307781,0.1439326707423272,-0.055521201475336984,0.8764626452158898,1.182574025517393,1.260248609593192,0.1865740744273302,0.8875444640581083
slices_n12,12,0.0,1.55,paramagnetic_like,paramagnetic_like,0.7219751795996017,0.1327597547089895,-0.052384378394958166,0.8853718567065871,1.1962412740098791,1.262943664593235,0.17278679413443568,0.8947619737340373
slices_n12,12,0.0,1.6,paramagnetic_like,paramagnetic_like,0.7405600286333532,0.12319528084171395,-0.04952199051482131,0.8932734769424436,1.2081624367012866,1.2654582065496414,0.16076873492273303,0.9013287635560863
slices_n12,12,0.0,1.6500000000000001,paramagnetic_like,paramagnetic_like,0.7571141027302803,0.11492409589684514,-0.046898094579258975,0.9003287095253859,1.2186505471998335,1.2677934201990881,0.15019906093250873,0.9073131636627891
slices_n12,12,0.0,1.7000000000000002,paramagnetic_like,paramagnetic_like,0.7719473022898937,0.10770514839514442,-0.04448356503011947,0.9066648618585927,1.2279484563519374,1.2699564790043276,0.1408302649413815,0.9127775672312752
slices_n12,12,0.0,1.75,paramagnetic_like,paramagnetic_like,0.7853090683113727,0.10135197505953561,-0.04225440255661191,0.9123840495483688,1.2362470045712914,1.271957526091834,0.13246871500671828,0.917777783318091
slices_n12,12,0.0,1.8,paramagnetic_like,paramagnetic_like,0.7974023781037493,0.09571867485486725,-0.04019053004712982,0.9175693507918896,1.2436980673977407,1.273807940845616,0.12496084439337807,0.9223632224971273
slices_n12,12,0.0,1.85,paramagnetic_like,paramagnetic_like,0.8083941449087197,0.09068979302659197,-0.03827492659254483,0.9222892165708595,1.2504239746162917,1.2755193508913136,0.1181832778122078,0.9265774227209276
slices_n12,12,0.0,1.9000000000000001,paramagnetic_like,paramagnetic_like,0.8184229829587307,0.08617297428187226,-0.03649299564221526,0.9266006804703809,1.2565243731973532,1.277103080945097,0.11203569897483093,0.9304586819335616
slices_n12,12,0.0,1.9500000000000002,paramagnetic_like,paramagnetic_like,0.8276050536725202,0.08209357960137077,-0.03483209634058155,0.9305517331491693,1.262081282245647,1.278569859712392,0.10643563657101249,0.9340406902435328
slices_n12,12,0.0,2.0,paramagnetic_like,paramagnetic_like,0.836038511606286,0.07839070293608102,-0.03328118979817731,0.9341831073950603,1.2671628597442532,1.2799296796419501,0.10131460426134332,0.9373531158676293
slices_n12,12,0.3,0.0,ferro_like,ferro_like,0.9316949906249123,1.0,-0.19999999999999998,0.0,0.0,1.4142135623730951,1.366768288904727,0.9316949906249123
slices_n12,12,0.3,0.05,ferro_like,ferro_like,0.8953673841161434,0.9987141562111264,-0.19974262246812827,0.035797868470061736,0.035817910319608244,1.4136819231591462,1.3399665352661887,0.9311852944357516
slices_n12,12,0.3,0.1,ferro_like,ferro_like,0.8573063174775591,0.9947276834041654,-0.19894246928489973,0.07210996596288888,0.07227711470475424,1.4120182422189809,1.3114516481601874,0.9295834321823134
slices_n12,12,0.3,0.15000000000000002,ferro_like,ferro_like,0.8165210322535695,0.9876129559719595,-0.1975098044411555,0.10951923218706801,0.1101258361342915,1.4089953133828355,1.280482703639098,0.926646868387861
slices_n12,12,0.3,0.2,ferro_like,ferro_like,0.7714917503107892,0.9764908931137318,-0.19527362180922733,0.14877637636037574,0.15038060462074893,1.4041499207598844,1.2459116686452008,0.9218723549315382
slices_n12,12,0.3,0.25,ferro_like,ferro_like,0.7195595603534675,0.9596096257201838,-0.19193488064097466,0.1910110243961114,0.19468229683577315,1.396570911765629,1.2057429761954281,0.9142418571892406
slices_n12,12,0.3,0.30000000000000004,ferro_like,ferro_like,0.6549809999852481,0.9329670188184874,-0.18693287976176617,0.23836539590675174,0.246398781544332,1.384210976326719,1.155748553421898,0.9013797815295801
slices_n12,12,0.3,0.35000000000000003,ferro_like,ferro_like,0.5615592065425348,0.8849953470950868,-0.1789772030432897,0.29614138846656607,0.3148336228912781,1.3613377066385803,1.0843346414045214,0.8763928294338129
slices_n12,12,0.3,0.4,ferro_like,ferro_like,0.3903055627531093,0.7794720445329153,-0.16474423724850154,0.377873402764578,0.4295536716512935,1.3120424919009372,0.9572995135844463,0.8198592344044028
slices_n12,12,0.3,0.45,uncertain,ferro_like,0.09351134198796163,0.5689172559548993,-0.14097772074794687,0.4925527822895419,0.6333863036169103,1.2298330700167075,0.7370716536448965,0.7268976456048719
slices_n12,12,0.3,0.5,uncertain,paramagnetic_like,0.15347962417752603,0.3580037287661375,-0.11757846222648013,0.59337387631359,0.8385334581201509,1.1784633922339962,0.5316398136365823,0.6851194378141083
slices_n12,12,0.3,0.55,paramagnetic_like,paramagnetic_like,0.28096115858667103,0.24072720927601324,-0.10162949272248897,0.6565975685894586,0.9603418235052391,1.1688906947116744,0.41688318364527477,0.6978443422319458
slices_n12,12,0.3,0.6000000000000001,paramagnetic_like,paramagnetic_like,0.37153974303408027,0.18070834043702494,-0.08999188898247935,0.6995133125104487,1.0304125185067914,1.1731872814690982,0.3512206288293734,0.7227603718634537
slices_n12,12,0.3,0.65,paramagnetic_like,paramagnetic_like,0.4409863543015852,0.14635569523552425,-0.08043463537232173,0.7324803223825967,1.0764630773501087,1.1808821238592768,0.3066893991690323,0.7476757534706175
slices_n12,12,0.3,0.7000000000000001,paramagnetic_like,paramagnetic_like,0.49740214600704946,0.12426342873402867,-0.0721375177740712,0.759433386150178,1.1101863170726354,1.189072106413711,0.27287565969215843,0.7702778056992079
slices_n12,12,0.3,0.75,paramagnetic_like,paramagnetic_like,0.5446717864057365,0.10875345912249172,-0.0647814263658461,0.7821135905148601,1.1365952278281406,1.1968844684942155,0.24561564670800973,0.7902874331137463
slices_n12,12,0.3,0.8,paramagnetic_like,paramagnetic_like,0.5849884544856274,0.09716635452336,-0.05820647760304317,0.8015031740668963,1.1581394817916757,1.20406374633956,0.22290598579558557,0.807894440281213
slices_n12,12,0.3,0.8500000000000001,paramagnetic_like,paramagnetic_like,0.6197924339693691,0.08811800638180085,-0.052307527137038984,0.818261762986174,1.176186814623407,1.2105691415565611,0.20360111783741644,0.8233935518067855
slices_n12,12,0.3,0.9,paramagnetic_like,paramagnetic_like,0.6501204046620969,0.08081879756992211,-0.04700267449634551,0.8328741471570335,1.19158749117072,1.2164372851980343,0.18695902483048996,0.8370794294925868
slices_n12,12,0.3,0.9500000000000001,paramagnetic_like,paramagnetic_like,0.6767558012293069,0.07478312640073012,-0.04222331285384073,0.8457119080835868,1.2049131166214453,1.2217297321547065,0.1724591065533846,0.8492149077826915
slices_n12,12,0.3,1.0,paramagnetic_like,paramagnetic_like,0.7003070489859486,0.06969399593047403,-0.037910442025971644,0.8570660961586897,1.216569782972357,1.2265120325910233,0.15971724815700097,0.8600242971429496
slices_n12,12,0.3,1.05,paramagnetic_like,paramagnetic_like,0.7212552597725003,0.06533452479368981,-0.034012815009618655,0.8671679680121701,1.2268576650930143,1.2308456649266033,0.1484403637779942,0.8696956235504945
slices_n12,12,0.3,1.1,paramagnetic_like,paramagnetic_like,0.7399862905566312,0.06155070672473618,-0.030485683647749017,0.8762034498009118,1.2360053388125822,1.2347853926822552,0.13839931361159796,0.8783856041682292
slices_n12,12,0.3,1.1500000000000001,paramagnetic_like,paramagnetic_like,0.7568134227630807,0.05822985915537478,-0.027289813657021544,0.8843236461887704,1.244190969960412,1.2383788869368373,0.1294115098989803,0.886224932662061
slices_n12,12,0.3,1.2000000000000002,paramagnetic_like,paramagnetic_like,0.7719938443514951,0.05528747931825234,-0.02439067690233866,0.8916526152646812,1.2515561048011388,1.2416672355019385,0.1213291635570794,0.8933230079085744
slices_n12,12,0.3,1.25,paramagnetic_like,paramagnetic_like,0.7857408300412272,0.052658870820501254,-0.021757784114374377,0.8982931819027377,1.2582150110640964,1.2446857370819486,0.11403105512678806,0.8997718851680152
slices_n12,12,0.3,1.3,paramagnetic_like,paramagnetic_like,0.7982328611569032,0.05029361324573956,-0.01936413268311179,0.9043313241051437,1.264261205823693,1.2474647257430382,0.10741661733332457,0.9056494784902277
slices_n12,12,0.3,1.35,paramagnetic_like,paramagnetic_like,0.8096205369332442,0.04815179808520856,-0.017185747711928444,0.9098395139255283,1.2697721349072024,1.250030326537277,0.10140158663028102,0.9110221235635252
slices_n12,12,0.3,1.4000000000000001,paramagnetic_like,paramagnetic_like,0.8200318744425376,0.04620140121932922,-0.0152012977064788,0.9148792877439837,1.2748126002063789,1.252405111798036,0.09591474751707893,0.9159466219596165
slices_n12,12,0.3,1.4500000000000002,paramagnetic_like,paramagnetic_like,0.8295764205569359,0.044416408688216585,-0.013391769747430626,0.9195032442785996,1.2794373174485194,1.2546086566949783,0.09089545415954284,0.9204718747164787
slices_n12,12,0.3,1.5,paramagnetic_like,paramagnetic_like,0.8383484786840766,0.042775454465297666,-0.011740192284738403,0.9237566139761327,1.2836928571293742,1.2566580037700201,0.08629171515135711,0.9246401938354337
slices_n12,12,0.3,1.55,paramagnetic_like,paramagnetic_like,0.8464296685108508,0.04126081386069457,-0.0102313964693029,0.9276785042742758,1.2876191396075565,1.2585680493629054,0.0820586931088782,0.928488361619729
slices_n12,12,0.3,1.6,paramagnetic_like,paramagnetic_like,0.8538909774952549,0.039857648653142605,-0.008851809112714326,0.9313028972580422,1.2912506024853894,1.2603518646807195,0.07815751459267768,0.9320484920879326
slices_n12,12,0.3,1.6500000000000001,paramagnetic_like,paramagnetic_like,0.8607944207050207,0.03855343340624661,-0.00758927199635776,0.9346594562092284,1.2946171233735415,1.2620209628623575,0.0745543155335743,0.9353487362385949
slices_n12,12,0.3,1.7000000000000002,paramagnetic_like,paramagnetic_like,0.8671943955520641,0.03733751415762218,-0.0064328834429748455,0.9377741831541045,1.2977447574694125,1.2635855216670575,0.07121946778303602,0.9384138633351001
slices_n12,12,0.3,1.75,paramagnetic_like,paramagnetic_like,0.8731387963654581,0.03620076513534011,-0.005372858926567558,0.9406699590987061,1.30065633310371,1.2650545697591566,0.0681269466974276,0.9412657430628857
slices_n12,12,0.3,1.8,paramagnetic_like,paramagnetic_like,0.8786699380674085,0.03513531896871656,-0.004400408122973065,0.9433669910439556,1.3033719370377643,1.2664361431086222,0.06525380979617093,0.9439237478635794
slices_n12,12,0.3,1.85,paramagnetic_like,paramagnetic_like,0.8838253267262984,0.03413435262928483,-0.0035076262640899134,0.9458831842813146,1.3059093132304114,1.2677374168082929,0.06257976381459661,0.946405090540895
slices_n12,12,0.3,1.9000000000000001,paramagnetic_like,paramagnetic_like,0.8886383062518737,0.03319191607789891,-0.0026873980046265068,0.948234454314648,1.3082841929957447,1.2689648166096066,0.06008680277441736,0.948725109026291
slices_n12,12,0.3,1.9500000000000002,paramagnetic_like,paramagnetic_like,0.8931386041297805,0.03230279395905116,-0.0019333122767571263,0.9504349896359036,1.3105105702501054,1.2701241136689934,0.0577589036056952,0.9508975077354758
slices_n12,12,0.3,2.0,paramagnetic_like,paramagnetic_like,0.8973527942770165,0.0314623931025863,-0.0012395868192310643,0.9524974742191832,1.312600932432401,1.2712205053448447,0.05558176877465802,0.9529345630516746
slices_n12,12,0.8,0.0,antiphase_like,antiphase_like,0.8374896350934076,-0.09090909090909091,1.0,0.0,1.4142135623730951,0.0,1.3043729868748772,0.8374896350934076
slices_n12,12,0.8,0.05,antiphase_like,antiphase_like,0.8059579600262795,-0.09081999037085157,0.999020343676008,0.031285174460985186,1.4139247942383382,0.03129593086466249,1.2800092690641154,0.837253890890942
slices_n12,12,0.8,0.1,antiphase_like,antiphase_like,0.773657816264742,-0.09054874007263101,0.9960427940184445,0.06279007124348719,1.4130455018486392,0.06287747448364513,1.25467571514735,0.8365352907483871
slices_n12,12,0.8,0.15000000000000002,antiphase_like,antiphase_like,0.7402127067625752,-0.09008279437657743,0.9909397103518437,0.09478025260492191,1.4115330376645499,0.095083521925272,1.2280713678163402,0.8352962286878473
slices_n12,12,0.8,0.2,antiphase_like,antiphase_like,0.7050821591856619,-0.08939836695139802,0.9834511155323131,0.12762661583809523,1.4093010751971606,0.12837700438080168,1.1997503680585886,0.8334591635664635
slices_n12,12,0.8,0.25,antiphase_like,antiphase_like,0.6673984673019908,-0.08845362228109009,0.9730754047294681,0.16190609245591994,1.406181374296632,0.16346888191432504,1.1689860422955904,0.8308673492163159
slices_n12,12,0.8,0.30000000000000004,antiphase_like,antiphase_like,0.6255550765987075,-0.0871706559331169,0.9587661112507685,0.19862494152566554,1.401808611553117,0.20160438684665535,1.1344350553980116,0.8271594634453628
slices_n12,12,0.8,0.35000000000000003,antiphase_like,antiphase_like,0.5758930866206123,-0.08538115058992163,0.93791502410168,0.23984306674861824,1.395212393768667,0.2454121855329057,1.0930947884652675,0.821305272153518
slices_n12,12,0.8,0.4,antiphase_like,antiphase_like,0.5077914455466703,-0.08263866882398553,0.902354728979348,0.2906798743945831,1.3832096568105798,0.30194952152827614,1.0364944210994593,0.8097409670749465
slices_n12,12,0.8,0.45,antiphase_like,antiphase_like,0.38621269347400117,-0.07759885090942718,0.8229516666923322,0.3650715659673434,1.3548843439061087,0.3939470110823489,0.9372865264574993,0.7801597045563501
slices_n12,12,0.8,0.5,uncertain,antiphase_like,0.14661974709202286,-0.06779221189324017,0.6337041911767086,0.4828061511616548,1.2937744341285142,0.571599725308223,0.7417728144193327,0.7182194724002459
slices_n12,12,0.8,0.55,uncertain,paramagnetic_like,0.16620739928183026,-0.05643914829471537,0.393356647595365,0.6001744424970444,1.2419772087336916,0.7853499448110243,0.519603778665651,0.6858111779474813
slices_n12,12,0.8,0.6000000000000001,paramagnetic_like,paramagnetic_like,0.30473531278352267,-0.04923334720494129,0.2526367345903106,0.6672177304544286,1.229841944365233,0.913521855564394,0.3963634011513349,0.7010987139348576
slices_n12,12,0.8,0.65,paramagnetic_like,paramagnetic_like,0.38820533892998055,-0.04480204871016126,0.18748324029188998,0.7056854559946452,1.232686031244131,0.9788968426257323,0.33573408281044426,0.7239394217404248
slices_n12,12,0.8,0.7000000000000001,paramagnetic_like,paramagnetic_like,0.4457510000387035,-0.0415188896842127,0.1553634870929299,0.7327855243166815,1.2394242056155345,1.0170784557855368,0.2993566975449147,0.7451076975836182
slices_n12,12,0.8,0.75,paramagnetic_like,paramagnetic_like,0.49085012784812265,-0.03875367248684178,0.13777489238327914,0.7545939150706314,1.2471206411515496,1.043058007361804,0.27325446904614725,0.7641045968942699
slices_n12,12,0.8,0.8,paramagnetic_like,paramagnetic_like,0.5287898931079855,-0.03627505964556298,0.12714141953968727,0.7732968198075821,1.2548522617939384,1.0628174303926108,0.25243947741971123,0.7812293705276967
slices_n12,12,0.8,0.8500000000000001,paramagnetic_like,paramagnetic_like,0.5618616004549744,-0.033991777603977105,0.12008779610446985,0.7898102633669161,1.262269435935644,1.0789776996996803,0.23487284809487297,0.7967344485498473
slices_n12,12,0.8,0.9,paramagnetic_like,paramagnetic_like,0.5912185341418823,-0.031864779583307565,0.11497872792221664,0.8045927315634058,1.2692312261967726,1.0928088868202002,0.2195855618690947,0.810804096010977
slices_n12,12,0.8,0.9500000000000001,paramagnetic_like,paramagnetic_like,0.6175385457225421,-0.02987555698146338,0.1109704335154989,0.8179187421546085,1.2756884256964698,1.1049849391722149,0.20604675661043137,0.8235853023329734
slices_n12,12,0.8,1.0,paramagnetic_like,paramagnetic_like,0.6412786164567797,-0.028013765303235374,0.10760821062772981,0.8299801130800698,1.2816369088227642,1.1158946688440727,0.19392659902622922,0.835205215483009
slices_n12,12,0.8,1.05,paramagnetic_like,paramagnetic_like,0.6627805355568182,-0.026272153993543157,0.104640004168791,0.8409264426537971,1.2870956226806018,1.1257809967547354,0.18299786579491079,0.845778401351729
slices_n12,12,0.8,1.1,paramagnetic_like,paramagnetic_like,0.6823180903574755,-0.024644484487257857,0.10192371474478364,0.8508823463631053,1.2920949777011614,1.134807627720496,0.17309134818145205,0.8554094385389275
slices_n12,12,0.8,1.1500000000000001,paramagnetic_like,paramagnetic_like,0.7001198026264588,-0.023124730186998246,0.09937856491926966,0.8599552944747364,1.2966703351826783,1.1430927395744463,0.1640739556700827,0.8641937582965414
slices_n12,12,0.8,1.2000000000000002,paramagnetic_like,paramagnetic_like,0.7163809015313768,-0.021706831631166924,0.0969585527460439,0.8682395130376078,1.3008582736208576,1.1507267857665542,0.15583708996081339,0.8722179914921901
slices_n12,12,0.8,1.25,paramagnetic_like,paramagnetic_like,0.7312703296877254,-0.020384682410167342,0.09463754992841765,0.875818199246274,1.3046944728168086,1.1577822908903876,0.14828996515116905,0.8795602948388944
slices_n12,12,0.8,1.3,paramagnetic_like,paramagnetic_like,0.7449353318216647,-0.01915219853516257,0.09240077817656293,0.8827649981246125,1.3082125719233075,1.164319460341301,0.14135545641120736,0.8862907882328721
slices_n12,12,0.8,1.35,paramagnetic_like,paramagnetic_like,0.7575047811293344,-0.01800340565506425,0.09023987928895193,0.8891451388224995,1.3114436197859594,1.1703895328884149,0.1349673225206259,0.8924721036499603
slices_n12,12,0.8,1.4000000000000001,paramagnetic_like,paramagnetic_like,0.7690917813056062,-0.01693251700923849,0.08815005154261986,0.8950163947264579,1.3144158826421475,1.176036880992244,0.1290682244998516,0.8981600058054577
slices_n12,12,0.8,1.4500000000000002,paramagnetic_like,paramagnetic_like,0.7797958037319954,-0.015933993048054984,0.08612839062422815,0.9004299325797932,1.3171548620246714,1.1813003960015491,0.12360823738659972,0.9034040411185952
slices_n12,12,0.8,1.5,paramagnetic_like,paramagnetic_like,0.7897044920553006,-0.015002581783607326,0.08417293852073172,0.9054310754506366,1.3196834303880447,1.1862144517903404,0.1185436881849736,0.9082481802402742
slices_n12,12,0.8,1.55,paramagnetic_like,paramagnetic_like,0.7988952076202811,-0.014133342239913185,0.08228214977460786,0.9100599892280082,1.322022026733297,1.1908096106307227,0.11383622280020976,0.9127314304204909
slices_n12,12,0.8,1.6,paramagnetic_like,paramagnetic_like,0.8074363616204897,-0.01332165437967174,0.0804546032188048,0.914352297585015,1.3241888767812273,1.195113164654456,0.10945204198406669,0.9168884036045564
slices_n12,12,0.8,1.6500000000000001,paramagnetic_like,paramagnetic_like,0.8153885663798781,-0.012563218855241396,0.07868885685181927,0.9183396295539038,1.3262002165152644,1.1991495673868877,0.10536126701384602,0.9207498333937241
slices_n12,12,0.8,1.7000000000000002,paramagnetic_like,paramagnetic_like,0.8228056310895172,-0.011854049488218475,0.07698338475608059,0.9220501042654043,1.3280705069975403,1.2029407880557417,0.10153740790333217,0.9243430389928494
slices_n12,12,0.8,1.75,paramagnetic_like,paramagnetic_like,0.8297354230961088,-0.011190460828546644,0.07533655964253598,0.9255087579543008,1.3298126340854257,1.2065066089817562,0.09795691436286537,0.9276923374589742
slices_n12,12,0.8,1.8,paramagnetic_like,paramagnetic_like,0.8362206128777327,-0.010569052609573814,0.0737466594483522,0.9287379186537609,1.331438090206509,1.2098648791723052,0.09459879454624454,0.9308194074239773
slices_n12,12,0.8,1.85,paramagnetic_like,paramagnetic_like,0.8422993185042794,-0.00998669245775877,0.07221188537376957,0.931757534056212,1.3329571374828741,1.2130317329887532,0.09144428991893316,0.9337436084232126
slices_n12,12,0.8,1.9000000000000001,paramagnetic_like,paramagnetic_like,0.8480056633696287,-0.009440497843392919,0.07073038414355337,0.9345854578430485,1.3343789527252954,1.21602178017396,0.08847659695034721,0.936482260319976
slices_n12,12,0.8,1.9500000000000002,paramagnetic_like,paramagnetic_like,0.8533702592026501,-0.008927817968193202,0.06930027052018711,0.9372376994573325,1.335711755481699,1.2188482719039873,0.08568062810139505,0.9390508873040452
slices_n12,12,0.8,2.0,paramagnetic_like,paramagnetic_like,0.8584206247736993,-0.008446216064630455,0.06791964802384229,0.9397286418771246,1.3369629206356775,1.2215232464685726,0.08304280594083246,0.9414634307145318
slices_n16,16,0.0,0.0,ferro_like,ferro_like,0.9457966219013473,1.0,-0.14285714285714285,0.0,0.0,1.4142135623730951,1.3764197215965774,0.9457966219013473
slices_n16,16,0.0,0.05,ferro_like,ferro_like,0.9205209280875088,0.9993744523832641,-0.14276777340262412,0.025007819833769637,0.02501481745796533,1.4139647954477748,1.3579477922352894,0.9455357455454741
slices_n16,16,0.0,0.1,ferro_like,ferro_like,0.8946322178505508,0.9974912023014675,-0.14249865848236848,0.05006273560323046,0.050118936353436505,1.4132163898145946,1.338816369844388,0.9447511542039874
slices_n16,16,0.0,0.15000000000000002,ferro_like,ferro_like,0.868033224246188,0.9943301554312709,-0.14204676587088036,0.07521273843394695,0.0754036679279951,1.4119619665007515,1.3189570473094974,0.9434368921741831
slices_n16,16,0.0,0.2,ferro_like,ferro_like,0.8406183285953069,0.9898568875296989,-0.14140699995877398,0.10050766018922569,0.10096446937164781,1.4101906743846868,1.2982922802854633,0.9415827979669548
slices_n16,16,0.0,0.25,ferro_like,ferro_like,0.8122707819323021,0.9840211524932364,-0.140572138477108,0.12600022565383084,0.12690334849761542,1.4078868431517018,1.2767331733612666,0.9391741304299175
slices_n16,16,0.0,0.30000000000000004,ferro_like,ferro_like,0.7828592846995813,0.9767545946640924,-0.13953274201884694,0.15174728150595085,0.153331715099595,1.4050294581906597,1.2541766323341699,0.9361909997991763
slices_n16,16,0.0,0.35000000000000003,ferro_like,ferro_like,0.7522336196629348,0.9679674205991875,-0.13827703137776298,0.17781130188923217,0.18037392672391442,1.4015914069286977,1.230501617958804,0.9326075463868492
slices_n16,16,0.0,0.4,ferro_like,ferro_like,0.7202188429639973,0.9575436168590862,-0.1367907192439464,0.20426234126410114,0.20817191886446967,1.3975384030828664,1.205564068857495,0.9283907618284669
slices_n16,16,0.0,0.45,ferro_like,ferro_like,0.6866070982368363,0.9453339531580218,-0.1350567609527211,0.23118078639462347,0.23689162949242873,1.3928273898664294,1.1791896909862825,0.923498727729265
slices_n16,16,0.0,0.5,ferro_like,ferro_like,0.6511450522796296,0.9311452094920026,-0.13305493337973,0.2586617065897705,0.2667326772373004,1.3874039506640488,1.151162939450195,0.91787772951693
slices_n16,16,0.0,0.55,ferro_like,ferro_like,0.6135124617253824,0.9147221919362374,-0.13076101781749147,0.2868226058534922,0.29794446549628223,1.3811975946912594,1.1212085080275545,0.9114569272216647
slices_n16,16,0.0,0.6000000000000001,ferro_like,ferro_like,0.5732820616943972,0.895714952272035,-0.1281450730381461,0.3158183759894997,0.33085554856365185,1.3741123707114262,1.0889573298821844,0.9041376102580491
slices_n16,16,0.0,0.65,ferro_like,ferro_like,0.5298409867717646,0.8736153174096823,-0.12516773354064567,0.345870633277623,0.36593020855706554,1.3660077493828144,1.0538808129127293,0.8957711953288301
slices_n16,16,0.0,0.7000000000000001,ferro_like,ferro_like,0.4822389976749869,0.8476327318408053,-0.12177262027853779,0.3773229383806853,0.40387802845094767,1.35666168205429,1.0151637834501879,0.8861170261259346
slices_n16,16,0.0,0.75,ferro_like,ferro_like,0.4289190342063424,0.8164636754938464,-0.11787226555969024,0.41073437290415865,0.44585550449331374,1.345709101985792,0.9714740077577367,0.8747745386996562
slices_n16,16,0.0,0.8,uncertain,ferro_like,0.36733429970798936,0.7779244031134727,-0.11332689456515618,0.4470037691540673,0.4937869409151995,1.3325749000882372,0.9206097179284418,0.8611212406231888
slices_n16,16,0.0,0.8500000000000001,uncertain,ferro_like,0.2937476023922001,0.7285954835497157,-0.10792852467286045,0.4874209064913169,0.5506848509631398,1.316527726602641,0.8591998343209131,0.8444324533553399
slices_n16,16,0.0,0.9,uncertain,ferro_like,0.16299330239739984,0.6642768337316587,-0.10144409156149001,0.5332800255589426,0.6202920491349512,1.2972310702798882,0.783285351532351,0.8246793274012899
slices_n16,16,0.0,0.9500000000000001,uncertain,paramagnetic_like,0.012981814362336364,0.5830153131055198,-0.09382008027383863,0.5844727130948867,0.7044645515336501,1.2761697210479388,0.6914827371713137,0.8044214082156849
slices_n16,16,0.0,1.0,uncertain,paramagnetic_like,0.19949635089223805,0.49048738083462395,-0.08550033333320803,0.6376435773361739,0.7982949847618498,1.2576026022134164,0.5902071882513595,0.7897035391435976
slices_n16,16,0.0,1.05,uncertain,paramagnetic_like,0.2925624712511687,0.40011183134669465,-0.07737194057808068,0.6870768381588325,0.8897449825997483,1.2458959482429182,0.4931611281156782,0.7857235993668469
slices_n16,16,0.0,1.1,paramagnetic_like,paramagnetic_like,0.38018613718398914,0.3236348320189294,-0.07015977854691546,0.7287494567739881,0.9680883892832913,1.2416883876229623,0.41158446354612727,0.7917706007301164
slices_n16,16,0.0,1.1500000000000001,paramagnetic_like,paramagnetic_like,0.45531373795618924,0.2645317021610566,-0.06406521483673945,0.7621722795382971,1.0300835262557593,1.242651656169087,0.34814890555252953,0.8034626435087188
slices_n16,16,0.0,1.2000000000000002,paramagnetic_like,paramagnetic_like,0.517088159995808,0.22048574669735566,-0.058951276034643785,0.788807884241585,1.077807400588319,1.2462922213033014,0.2999832787486708,0.8170714387444789
slices_n16,16,0.0,1.25,paramagnetic_like,paramagnetic_like,0.5675561890134492,0.18769921718001167,-0.05460290158969393,0.810368764297689,1.1147160199540649,1.2510327394343912,0.2630730724890673,0.8306292615025165
slices_n16,16,0.0,1.3,paramagnetic_like,paramagnetic_like,0.6092038167743031,0.16290281198357104,-0.050838137013195554,0.8281991730683745,1.1437981773982298,1.2560588293793409,0.23413268918344318,0.8433365059577463
slices_n16,16,0.0,1.35,paramagnetic_like,paramagnetic_like,0.6440952623026807,0.14373196720822257,-0.047525300567576534,0.8432404186029268,1.1672284030630773,1.2609872558538637,0.2108555567650261,0.8549508190677068
slices_n16,16,0.0,1.4000000000000001,paramagnetic_like,paramagnetic_like,0.6737688028615474,0.1285694695763615,-0.04457243033491313,0.8561381176525273,1.186508310410588,1.265650614986286,0.19169174537207864,0.8654605482336261
slices_n16,16,0.0,1.4500000000000002,paramagnetic_like,paramagnetic_like,0.6993408013247231,0.11632024012583096,-0.04191454919235776,0.8673424205716918,1.2026691851564295,1.2699858582863783,0.17559913870364585,0.874939940028369
slices_n16,16,0.0,1.5,paramagnetic_like,paramagnetic_like,0.7216257825748911,0.1062356227420013,-0.0395043367391804,0.8771766546996854,1.2164293754989552,1.2739799085980894,0.16186335422286738,0.8834891367977584
slices_n16,16,0.0,1.55,paramagnetic_like,paramagnetic_like,0.7412286434051809,0.09779463846300614,-0.037306099050425,0.885880586451917,1.2283002674857542,1.2776432082400608,0.1499815698420129,0.8912102132471938
slices_n16,16,0.0,1.6,paramagnetic_like,paramagnetic_like,0.758608270226394,0.09062720297069339,-0.03529199800745849,0.8936373054109312,1.2386546919343082,1.2809966619527071,0.13958989868563917,0.8981981689120332
slices_n16,16,0.0,1.6500000000000001,paramagnetic_like,paramagnetic_like,0.7741201722113068,0.08446486170047361,-0.0334396861715767,0.9005901734481636,1.2477708576288862,1.2840650994542968,0.13041793323578932,0.9045381054470961
slices_n16,16,0.0,1.7000000000000002,paramagnetic_like,paramagnetic_like,0.7880450900794561,0.07910893030580848,-0.031730792723803206,0.9068538023795765,1.2558608788155796,1.2868739948143666,0.12225984476433086,0.9103049348437869
slices_n16,16,0.0,1.75,paramagnetic_like,paramagnetic_like,0.8006084773511808,0.07440958206555516,-0.030149925790434913,0.912521392810797,1.2630896386467665,1.2894478553873343,0.11495559741261496,0.9155640747637958
slices_n16,16,0.0,1.8,paramagnetic_like,paramagnetic_like,0.8119940374779688,0.07025187399700024,-0.028683993260293455,0.9176698003399619,1.2695875274149697,1.2918094835220653,0.10837843361930247,0.9203724710972713
slices_n16,16,0.0,1.85,paramagnetic_like,paramagnetic_like,0.822353339098584,0.06654623299885418,-0.027321724823116105,0.9223631399383216,1.2754592329937742,1.2939796985820033,0.10242632791806378,0.9247796670166478
slices_n16,16,0.0,1.9000000000000001,paramagnetic_like,paramagnetic_like,0.8318127946327915,0.06322185715484653,-0.026053324764500636,0.9266554206544894,1.2807899366557172,1.2959773000873778,0.09701600951294242,0.9288288041457339
slices_n16,16,0.0,1.9500000000000002,paramagnetic_like,paramagnetic_like,0.8404788286555115,0.060222056449341275,-0.0248702123065802,0.9305925175354837,1.2856497684398702,1.297819153221481,0.09207868680072771,0.9325575154562392
slices_n16,16,0.0,2.0,paramagnetic_like,paramagnetic_like,0.8484417767481157,0.057500906788367195,-0.023764822347696835,0.9342136777268218,1.2900970711768045,1.2995203316591961,0.08755692552740277,0.9359987022755185
slices_n16,16,0.3,0.0,ferro_like,ferro_like,0.9457966219013473,1.0,-0.14285714285714285,0.0,0.0,1.4142135623730951,1.3764197215965774,0.9457966219013473
slices_n16,16,0.3,0.05,ferro_like,ferro_like,0.9094398195942685,0.99871393663296,-0.14267330176294202,0.0357978684713635,0.03581852786239244,1.4137007732226001,1.3497842814664018,0.9452583474566609
slices_n16,16,0.3,0.1,ferro_like,ferro_like,0.8712834021044832,0.9947239631046462,-0.14210176384511966,0.07210996378262076,0.07228242851235835,1.4120942840411952,1.3213994661503419,0.9435658306168415
slices_n16,16,0.3,0.15000000000000002,ferro_like,ferro_like,0.8303133085366077,0.9875922400553531,-0.14107844133882733,0.10951903496454697,0.11014604445190374,1.4091681494964097,1.2905137444810402,0.9404593529885114
slices_n16,16,0.3,0.2,ferro_like,ferro_like,0.7849646529635648,0.9764182067258496,-0.1394814815676395,0.14877144209896193,0.15043412834536635,1.4044597385918072,1.2559570039919001,0.9353987813089312
slices_n16,16,0.3,0.25,ferro_like,ferro_like,0.7325469788183554,0.959439251381244,-0.1371013579479922,0.19095039921320286,0.19476491828831377,1.3970717040097378,1.2157329295898684,0.9273118971066692
slices_n16,16,0.3,0.30000000000000004,ferro_like,ferro_like,0.6676518724006342,0.9328898682418422,-0.13356976003529722,0.23790344478381437,0.2462163272487809,1.3851130144573414,1.1659108871448256,0.9138681996494151
slices_n16,16,0.3,0.35000000000000003,ferro_like,ferro_like,0.5756709120881738,0.8863723488537484,-0.12810939251940295,0.2938488170332718,0.3128280997837723,1.36345187338023,1.096235768450784,0.8884990118719461
slices_n16,16,0.3,0.4,ferro_like,ferro_like,0.39801990078641214,0.777888706726886,-0.11833028106557908,0.3727546508408883,0.42751147515742816,1.3127777338030056,0.967467183415517,0.8255313759438403
slices_n16,16,0.3,0.45,uncertain,ferro_like,0.017065526598455616,0.5097713383477139,-0.09993870155979742,0.49627039105309584,0.6774341044816197,1.210219382197469,0.6998492376677773,0.6944996310800753
slices_n16,16,0.3,0.5,uncertain,paramagnetic_like,0.17169753679277833,0.27351357695766887,-0.08314988436587359,0.5976115450028207,0.9076014195082764,1.1649423123611513,0.4826599407333637,0.654357477526142
slices_n16,16,0.3,0.55,paramagnetic_like,paramagnetic_like,0.2942947069454311,0.17642928923166312,-0.07251660176967523,0.6569338863760913,1.0156204495069345,1.167987100897509,0.3861068392545441,0.6804015461999752
slices_n16,16,0.3,0.6000000000000001,paramagnetic_like,paramagnetic_like,0.3819461197231559,0.13228473400124724,-0.06437244107620532,0.6990967624603711,1.074805614601957,1.1793611649175109,0.3302961772881054,0.7122422970112613
slices_n16,16,0.3,0.65,paramagnetic_like,paramagnetic_like,0.45048367242021015,0.10740406254929476,-0.057500242486560126,0.7322923609872982,1.1144860155509317,1.1912544314670983,0.2904091744898263,0.7408928469100364
slices_n16,16,0.3,0.7000000000000001,paramagnetic_like,paramagnetic_like,0.5063715512881946,0.09126957487236549,-0.05151893051593413,0.7594772131827058,1.14410919571454,1.202195671680422,0.2592387721461631,0.7656103234343576
slices_n16,16,0.3,0.75,paramagnetic_like,paramagnetic_like,0.5530710975212447,0.07985937269952842,-0.04624015077760567,0.7822472237781443,1.167557877150252,1.211960388860968,0.23379164975530162,0.7868627472765464
slices_n16,16,0.3,0.8,paramagnetic_like,paramagnetic_like,0.5927795610487363,0.07131213140219786,-0.041541850273089355,0.8016357407463525,1.1868029916806973,1.2206186240670265,0.21245998516711959,0.8052395462158559
slices_n16,16,0.3,0.8500000000000001,paramagnetic_like,paramagnetic_like,0.6269986909689412,0.06463969613068482,-0.03733641464249365,0.818358483070666,1.202991962980402,1.2283028205067508,0.19425049140703274,0.821249182375974
slices_n16,16,0.3,0.9,paramagnetic_like,paramagnetic_like,0.6568009788680598,0.059265304486633065,-0.033557446132504096,0.8329309620911282,1.2168551576551678,1.2351455182917932,0.1784972966577421,0.8352982755258018
slices_n16,16,0.3,0.9500000000000001,paramagnetic_like,paramagnetic_like,0.6829796684982372,0.05482871327200121,-0.030152376637980444,0.8457366836930389,1.2288879507627823,1.2412639090988742,0.16472828561564756,0.8477079541138848
slices_n16,16,0.3,1.0,paramagnetic_like,paramagnetic_like,0.7061391792252317,0.05109307536658504,-0.027078030810307352,0.8570690624831738,1.2394430282540958,1.24675783154471,0.15259426956447464,0.8587334487897064
slices_n16,16,0.3,1.05,paramagnetic_like,paramagnetic_like,0.7267516173632169,0.047896180574826926,-0.024297931775809762,0.8671579376777067,1.2487812971238281,1.2517114073266802,0.14182834760196544,0.8685799649651823
slices_n16,16,0.3,1.1,paramagnetic_like,paramagnetic_like,0.7451932894313157,0.04512312675700499,-0.02178063975149897,0.8761868586603861,1.2571017849534503,1.256195398800544,0.1322211844243069,0.8774144738556225
slices_n16,16,0.3,1.1500000000000001,paramagnetic_like,paramagnetic_like,0.7617691215229627,0.042690172069838536,-0.019498692548683114,0.8843047311774078,1.2645601226335295,1.2602694506914263,0.12360521221473056,0.8853743337376933
slices_n16,16,0.3,1.2000000000000002,paramagnetic_like,paramagnetic_like,0.7767295507050087,0.040534776700339996,-0.017427895100435947,0.8916339258714348,1.2712804827557505,1.2639840143667143,0.11584409054678212,0.8925736412517908
slices_n16,16,0.3,1.25,paramagnetic_like,paramagnetic_like,0.7902825754960333,0.03860923682804846,-0.015546813948841942,0.8982760959895179,1.2773635919782116,1.2673819430521105,0.10882540510173218,0.8991079805977655
slices_n16,16,0.3,1.3,paramagnetic_like,paramagnetic_like,0.8026025876486604,0.03687648693288894,-0.013836395788908749,0.9043164617407007,1.282892291007968,1.2704997977006647,0.10245544452011474,0.9050580321687751
slices_n16,16,0.3,1.35,paramagnetic_like,paramagnetic_like,0.8138369949421661,0.035307255736250626,-0.012279664663909142,0.9098270356086341,1.2879355061043363,1.2733689118050369,0.09665536087601483,0.9104923558181809
slices_n16,16,0.3,1.4000000000000001,paramagnetic_like,paramagnetic_like,0.8241112841003337,0.03387809241778132,-0.010861472027116625,0.9148690954383505,1.2925511576896707,1.276016259526383,0.09135828206719919,0.9154695661675329
slices_n16,16,0.3,1.4500000000000002,paramagnetic_like,paramagnetic_like,0.8335329545235973,0.032569967155987145,-0.009568284667953422,0.9194951101784293,1.2967883368964008,1.2784651646786969,0.08650709806815363,0.9200400525917509
slices_n16,16,0.3,1.5,paramagnetic_like,paramagnetic_like,0.8421946170389238,0.03136725965232718,-0.008388001443266457,0.9237502591211068,1.3006889648630195,1.2807358813159968,0.08205273607589815,0.924247353114822
slices_n16,16,0.3,1.55,paramagnetic_like,paramagnetic_like,0.8501764639178874,0.03025701533606265,-0.007309793059848976,0.9276736439699494,1.3042890782483243,1.2828460707535088,0.07795279789865947,0.9281292618165469
slices_n16,16,0.3,1.6,paramagnetic_like,paramagnetic_like,0.8575482580595335,0.02922838980183434,-0.006323961023708421,0.9312992653484359,1.3076198392459337,1.284811194946359,0.0741704706413737,0.9317187287009072
slices_n16,16,0.3,1.6500000000000001,paramagnetic_like,paramagnetic_like,0.8643709494836305,0.028272227921478935,-0.005421812955911535,0.9346568163624358,1.310708338972722,1.2866448421682846,0.07067364682178764,0.9350445963054181
slices_n16,16,0.3,1.7000000000000002,paramagnetic_like,paramagnetic_like,0.8706979995611484,0.027380740840619373,-0.004595552127202703,0.9377723324997299,1.313578243485554,1.2883589977399001,0.06743420716417263,0.9381322067253209
slices_n16,16,0.3,1.75,paramagnetic_like,paramagnetic_like,0.8765764736797705,0.026547255151928885,-0.003838179476354992,0.9406687276087792,1.3162503182941467,1.2899642700101934,0.06442743126252326,0.9410039049422938
slices_n16,16,0.3,1.8,paramagnetic_like,paramagnetic_like,0.8820479487464217,0.025766015995674074,-0.003143406655229941,0.9433662387508961,1.3187428579162652,1.2914700797709948,0.06163150981108332,0.943679458557505
slices_n16,16,0.3,1.85,paramagnetic_like,paramagnetic_like,0.8871492714065101,0.025032030944194674,-0.0025055788443702565,0.9458827975838185,1.3210720404100336,1.2928848196769664,0.05902713826529498,0.946176409671805
slices_n16,16,0.3,1.9000000000000001,paramagnetic_like,paramagnetic_like,0.8919131950069467,0.024340945077408922,-0.0019196062381338244,0.9482343420877405,1.323252222050349,1.29421598896709,0.056597176335750364,0.948510371342697
slices_n16,16,0.3,1.9500000000000002,paramagnetic_like,paramagnetic_like,0.8963689173971355,0.023688940161058745,-0.0013809032252691017,0.9504350795298127,1.3252961838258672,1.295470307768423,0.05432636110738925,0.9506952785045247
slices_n16,16,0.3,2.0,paramagnetic_like,paramagnetic_like,0.9005425371303882,0.023072652630004006,-0.0008853343989321567,0.9524977093313662,1.3272153388425871,1.2966538144541249,0.05220106413911848,0.9527436012695067
slices_n16,16,0.8,0.0,antiphase_like,antiphase_like,0.8772293029761374,-0.06666666666666667,1.0,0.0,1.4142135623730951,0.0,1.3302372908620477,0.8772293029761374
slices_n16,16,0.8,0.05,antiphase_like,antiphase_like,0.8456313488083169,-0.0666013269014581,0.9990202760859008,0.03128493933147623,1.4139103426893245,0.03129674221516193,1.3063050938288232,0.8769280910234788
slices_n16,16,0.8,0.1,antiphase_like,antiphase_like,0.8131318086065302,-0.06640245134289952,0.996042408338201,0.06278250336155644,1.412987086483888,0.06287842006951361,1.2813387194734818,0.8760102286760438
slices_n16,16,0.8,0.15000000000000002,antiphase_like,antiphase_like,0.7793757138058208,-0.0660612262256861,0.9909439383201608,0.09472217080979836,1.4114007558726578,0.09505473394033132,1.255063451115496,0.8744304477461521
slices_n16,16,0.8,0.2,antiphase_like,antiphase_like,0.7439043365241212,-0.0655619393367039,0.9834943712750367,0.1273775267564092,1.4090700751172436,0.12819785724917754,1.2271133537173256,0.8721021937732988
slices_n16,16,0.8,0.25,antiphase_like,antiphase_like,0.7060486535525728,-0.06487941283856934,0.9732891927063555,0.16112402107602086,1.405850273781181,0.16281893619042642,1.1969473030813709,0.8688675897429993
slices_n16,16,0.8,0.30000000000000004,antiphase_like,antiphase_like,0.6646164785529981,-0.06397117866770302,0.9595391221288906,0.19659449228222495,1.4014451809999844,0.1997728000018452,1.1636063940680768,0.8643892785548433
slices_n16,16,0.8,0.35000000000000003,antiphase_like,antiphase_like,0.6163555103343071,-0.0627428044177573,0.9399757305590801,0.2353297476937088,1.3949022866740635,0.2411474706623443,1.1245674132886503,0.8575029809966515
slices_n16,16,0.8,0.4,antiphase_like,antiphase_like,0.5373998833050802,-0.060704129857586886,0.896989840044523,0.2859480703490243,1.3778512718561737,0.2998694112355991,1.0626023390161523,0.8372692945406792
slices_n16,16,0.8,0.45,uncertain,degraded,0.022106179039647622,-0.049375744369940223,0.39746592040133527,0.48649611490179645,1.1950080439971225,0.7175648708108933,0.6219178198734604,0.5998116408338128
slices_n16,16,0.8,0.5,paramagnetic_like,paramagnetic_like,0.1981022149816521,-0.042090789429548844,0.06651815806280036,0.6000654890546209,1.1610741316203013,1.0137880115327522,0.4060693883294189,0.604171603311071
slices_n16,16,0.8,0.55,paramagnetic_like,paramagnetic_like,0.26051080303983476,-0.039886158934303806,0.039117051904971945,0.6309716269928173,1.1721328683962329,1.0515008665423247,0.372493910464624,0.6330047135044587
slices_n16,16,0.8,0.6000000000000001,paramagnetic_like,paramagnetic_like,0.31218813089595815,-0.0378989781725296,0.03691265067772826,0.6568895453776555,1.1844976420259086,1.0688203502953244,0.3464540132614627,0.6586421441574208
slices_n16,16,0.8,0.65,paramagnetic_like,paramagnetic_like,0.3612798334099229,-0.0358717437778614,0.04020442071714309,0.6816214008851986,1.1972293073143843,1.0820077441746845,0.3220767701661918,0.6833566035761147
slices_n16,16,0.8,0.7000000000000001,paramagnetic_like,paramagnetic_like,0.4083250359856592,-0.03379750405239141,0.045003902618325764,0.7054105306169953,1.2099355992836962,1.093991318399599,0.2988939015606595,0.7072189375463187
slices_n16,16,0.8,0.75,paramagnetic_like,paramagnetic_like,0.4528870509179036,-0.031710309472637484,0.049909225097859125,0.7280280832833252,1.2222951603155292,1.1055349314916811,0.27705526705711137,0.729942317975015
slices_n16,16,0.8,0.8,paramagnetic_like,paramagnetic_like,0.4944631570488878,-0.029651895049259143,0.054300426932421174,0.7492069153822225,1.234047478989376,1.1168035324312584,0.25676333359311004,0.7512264906419979
slices_n16,16,0.8,0.8500000000000001,paramagnetic_like,paramagnetic_like,0.5327197616609671,-0.02765980406056224,0.05791266107160523,0.7687591728090174,1.245010558776153,1.127759727058581,0.23814397307396523,0.7708637347349324
slices_n16,16,0.8,0.9,paramagnetic_like,paramagnetic_like,0.5675413927060601,-0.025762258253339547,0.06067845543922891,0.7866049458837842,1.2550854484357465,1.1383092513159578,0.2212232116987516,0.7887646044048117
slices_n16,16,0.8,0.9500000000000001,paramagnetic_like,paramagnetic_like,0.5990002872536524,-0.02397700354429536,0.06264132566134774,0.802760966991709,1.2642451622268052,1.1483625858852111,0.2059436323350072,0.8049439195886596
slices_n16,16,0.8,1.0,paramagnetic_like,paramagnetic_like,0.6272975232285528,-0.02231251421834126,0.06389959940663299,0.8173133019055103,1.2725153310177315,1.1578579379846947,0.19219302821517073,0.8194905514437235
slices_n16,16,0.8,1.05,paramagnetic_like,paramagnetic_like,0.6527047810024142,-0.020770197795911525,0.06457044838050534,0.8303885975902089,1.2799541734476612,1.1667648780250746,0.17983142675657818,0.8325362077589924
slices_n16,16,0.8,1.1,paramagnetic_like,paramagnetic_like,0.6755194965973401,-0.019346678081492968,0.06476906340209185,0.8421309294890592,1.2866361598873683,1.1750794550043218,0.16871109556654368,0.8442305921638837
slices_n16,16,0.8,1.1500000000000001,paramagnetic_like,paramagnetic_like,0.696035607018113,-0.018035699269208286,0.06459838488883493,0.8526860237109593,1.2926406273603717,1.182816842041653,0.15868906630454682,0.8547246733226598
slices_n16,16,0.8,1.2000000000000002,paramagnetic_like,paramagnetic_like,0.7145271715630669,-0.016829524682520126,0.06414540689437358,0.8621919327305285,1.2980448130592621,1.1900044184225431,0.1496337683641655,0.8641609399272324
slices_n16,16,0.8,1.25,paramagnetic_like,paramagnetic_like,0.7312409340826443,-0.01571987520644876,0.06348109973586762,0.870774394100031,1.302920152390804,1.196676327565736,0.14142772572044457,0.8726686598030889
slices_n16,16,0.8,1.3,paramagnetic_like,paramagnetic_like,0.7463943841654941,-0.014698512080288198,0.06266203552707128,0.878545193809629,1.3073307120136055,1.2028696181428333,0.13396792309005975,0.8803623072555539
slices_n16,16,0.8,1.35,paramagnetic_like,paramagnetic_like,0.7601768435512364,-0.013757570249666402,0.06173260825043579,0.8856022666303511,1.3113328885688755,1.2086217092150893,0.12716494946491388,0.8873417930161502
slices_n16,16,0.8,1.4000000000000001,paramagnetic_like,paramagnetic_like,0.7727519948420052,-0.01288972809263036,0.0607272752834227,0.8920306884798296,1.3149757850079735,1.2139688394838084,0.1209416039524926,0.8936935987944977
slices_n16,16,0.8,1.4500000000000002,paramagnetic_like,paramagnetic_like,0.7842609239844083,-0.012088275444600716,0.05967256491428403,0.897904044900157,1.3183018999831277,1.2189451974721839,0.1152313518268757,0.899492275811284
slices_n16,16,0.8,1.5,paramagnetic_like,paramagnetic_like,0.7948251754478519,-0.011347121635437444,0.05858876610504936,0.9032858839593733,1.3213479201809986,1.2235824992277262,0.10997683125382339,0.9048020067016753
slices_n16,16,0.8,1.55,paramagnetic_like,paramagnetic_like,0.8045495773439877,-0.010660770324104582,0.05749130081669618,0.9082311025282425,1.3241455034251628,1.2279098474457166,0.10512850134763664,0.9096780786916243
slices_n16,16,0.8,1.6,paramagnetic_like,paramagnetic_like,0.8135247403068158,-0.010024277689593457,0.056391814738588994,0.9127871977603891,1.3267219987798955,1.2319537595161607,0.10064346191103421,0.91416820221785
slices_n16,16,0.8,1.6500000000000001,paramagnetic_like,paramagnetic_like,0.8218292119309505,-0.009433203868475518,0.055299032895259934,0.9169953616973104,1.3291010828853127,1.2357382909446541,0.09648444440114295,0.9183136563320934
slices_n16,16,0.8,1.7000000000000002,paramagnetic_like,paramagnetic_like,0.8295313066339801,-0.008883563279741246,0.05421942559648239,0.9208914208680689,1.3313033092909556,1.239285207442456,0.09261895953859407,0.9221502661725742
slices_n16,16,0.8,1.75,paramagnetic_like,paramagnetic_like,0.8366906467030557,-0.008371776940432103,0.053157724521300756,0.9245066339515323,1.3333465761791474,1.2426141768598444,0.08901858184363945,0.9257092285466951
slices_n16,16,0.8,1.8,paramagnetic_like,paramagnetic_like,0.8433594545166736,-0.00789462826068569,0.052117321840064665,0.9278683647614127,1.335246521424229,1.245742963763635,0.0856583507935925,0.9290178053102661
slices_n16,16,0.8,1.85,paramagnetic_like,paramagnetic_like,0.8495836344145009,-0.007449222934290815,0.05110057870797702,0.9310006483472538,1.3370168548906205,1.2486876168685472,0.08251626982326563,0.9320999042377666
slices_n16,16,0.8,1.9000000000000001,paramagnetic_like,paramagnetic_like,0.8554036787048608,-0.007032953022511782,0.050109063803768325,0.9339246667927038,1.338669637486277,1.251462644170347,0.07957288671572871,0.9349765654205895
slices_n16,16,0.8,1.9500000000000002,paramagnetic_like,paramagnetic_like,0.8608554275490818,-0.0066434650461375455,0.04914373795565722,0.9366591493720304,1.3402155155207107,1.2540811734726491,0.07681094140270622,0.9376663689517881
slices_n16,16,0.8,2.0,paramagnetic_like,paramagnetic_like,0.8659707077889403,-0.006278631778387471,0.04820509721992102,0.9392207096433546,1.3416639177783543,1.2565550976972812,0.0742150695064611,0.9401857772954013
