task,n,kappa,h,region,method,seed,candidate_pool_exists,search_seconds_standalone,search_nfev,search_pool_gradient_evaluations,state_energy_residual,energy_variance,parity_real,parity_imag,translation_real,translation_imag,energy,ed_energy,delta_e,epsilon_c,epsilon_sf,epsilon_mx,fidelity,observable_pass,state_pass,joint_pass,reference_numerical_ambiguous,ed_source,basis,reference,source_stop,optimizer_success,reported_optimizer_success,optimization_applicable,candidate_exists,parameter_count,gate_count,pool_gradient_evaluations,cnots,depth,nfev,seconds,source
windows,8,0.0,0.875,boundary_window,C0,631,True,4.355559541960247,11509,7296,0.00017439335076481325,3.0413040790979194e-08,0.9999999999999993,0.0,0.999999999572015,0.0,-9.664688636092695,-9.664688639250251,3.946944993060697e-10,1.3850731457321075e-06,7.516902255089164e-07,3.352923770849614e-07,0.999999999660591,True,True,True,False,results/stage6_v1/reference_atlas/cache/5d1f24156e7a34acde7c33262ae8dcfe78807c738e1586ba0768877337d3f61a.npz,physical,plus,budget,True,True,True,True,53,317,2544,128,132,3401,1.3240989159676246,results/stage6_v1/domain_wall_candidates/cache/66860f668732f55f1474bc0c31fec04b214be8a1760207def7e7becc030e1beb.npz
windows,8,0.0,0.875,boundary_window,H6,631,True,4.355559541960247,11509,7296,0.00017439335076481325,3.0413040790979194e-08,0.9999999999999993,0.0,0.999999999572015,0.0,-9.664688636092695,-9.664688639250251,3.946944993060697e-10,1.3850731457321075e-06,7.516902255089164e-07,3.352923770849614e-07,0.999999999660591,True,True,True,False,results/stage6_v1/reference_atlas/cache/5d1f24156e7a34acde7c33262ae8dcfe78807c738e1586ba0768877337d3f61a.npz,physical,plus,budget,True,True,True,True,53,317,2544,128,132,3401,1.3240989159676246,results/stage6_v1/domain_wall_candidates/cache/66860f668732f55f1474bc0c31fec04b214be8a1760207def7e7becc030e1beb.npz
windows,8,0.0,0.875,boundary_window,B3,631,True,2.9441573749645613,7792,6432,0.025502891671558243,0.0006503974836112348,0.999999999999999,0.0,0.9999926585593392,0.0,-9.664596069147844,-9.664688639250251,1.1571262800824655e-05,0.0004375118745786333,6.586387986151632e-05,3.064649009332232e-05,0.9999861785721835,True,True,True,False,results/stage6_v1/reference_atlas/cache/5d1f24156e7a34acde7c33262ae8dcfe78807c738e1586ba0768877337d3f61a.npz,physical,plus,pool_gradient,True,True,True,True,40,240,2016,96,128,2262,0.7893699170090258,results/stage6_v1/legacy_b3/adaptive/cache/88c063317cdb49927a3123e251bdf87919d174faa60d57fcf60d54800a832672.npz
windows,8,0.0,0.8875,boundary_window,C0,631,True,3.2059064169297926,8948,7344,3.413703791108349e-05,1.1653373573427514e-09,0.9999999999999997,0.0,0.9999999999804243,0.0,-9.718433103189177,-9.7184331033274,1.7277734798426536e-11,8.311608733491127e-07,4.778131159621779e-07,4.519363639987617e-07,0.9999999999816718,True,True,True,False,results/stage6_v1/reference_atlas/cache/d8b105dc5e3a9b7a4f8db274dda19a98e534c79b085f81fb3530bb3981bdb584.npz,physical,ghz,budget,True,True,True,True,49,297,2352,127,123,2409,0.8046713329968043,results/stage6_v1/domain_wall_candidates/cache/21c565632ff9f233841adb918b368589e30cec4a559d609209bac5da7718c80b.npz
windows,8,0.0,0.8875,boundary_window,H6,631,True,3.2059064169297926,8948,7344,3.413703791108349e-05,1.1653373573427514e-09,0.9999999999999997,0.0,0.9999999999804243,0.0,-9.718433103189177,-9.7184331033274,1.7277734798426536e-11,8.311608733491127e-07,4.778131159621779e-07,4.519363639987617e-07,0.9999999999816718,True,True,True,False,results/stage6_v1/reference_atlas/cache/d8b105dc5e3a9b7a4f8db274dda19a98e534c79b085f81fb3530bb3981bdb584.npz,physical,ghz,budget,True,True,True,True,49,297,2352,127,123,2409,0.8046713329968043,results/stage6_v1/domain_wall_candidates/cache/21c565632ff9f233841adb918b368589e30cec4a559d609209bac5da7718c80b.npz
windows,8,0.0,0.8875,boundary_window,B3,631,True,2.9964659179677255,8624,6384,0.006446191051564657,4.155337907327226e-05,0.9999999999999988,0.0,0.9999995451096271,0.0,-9.718428786180347,-9.7184331033274,5.396433815363366e-07,3.497937345964264e-05,8.888701334558435e-06,3.890069572021204e-07,0.9999995400263597,True,True,True,False,results/stage6_v1/reference_atlas/cache/d8b105dc5e3a9b7a4f8db274dda19a98e534c79b085f81fb3530bb3981bdb584.npz,physical,plus,pool_gradient,True,True,True,True,39,239,2256,96,96,3021,1.0892448339727707,results/stage6_v1/legacy_b3/adaptive/cache/6dd5b7e849e33ce6256b74ffe632e8a2da1f1e52d73e8a035e2481791cc299ab.npz
windows,8,0.0,0.9,boundary_window,C0,631,True,4.691851707990281,11980,7344,3.364023779226909e-05,1.1316655987204094e-09,1.0,0.0,0.9999999999856737,0.0,-9.773287657866753,-9.773287658015985,1.865396725975188e-11,1.0288059825169782e-06,3.164099184882474e-07,1.91810022642791e-07,0.999999999977971,True,True,True,False,results/stage6_v1/reference_atlas/cache/9697841750af6fa601fde93ab5b38b1a3cc7fdd0e496e8825a8a9ebd234e89f1.npz,physical,ghz,budget,True,True,True,True,50,298,2400,127,128,2608,0.9124036249704659,results/stage6_v1/domain_wall_candidates/cache/46f3bdb105a1eee77e5cf2009792404b1e1dbba1bed3d169f662a7bd5c710234.npz
windows,8,0.0,0.9,boundary_window,H6,631,True,4.691851707990281,11980,7344,3.364023779226909e-05,1.1316655987204094e-09,1.0,0.0,0.9999999999856737,0.0,-9.773287657866753,-9.773287658015985,1.865396725975188e-11,1.0288059825169782e-06,3.164099184882474e-07,1.91810022642791e-07,0.999999999977971,True,True,True,False,results/stage6_v1/reference_atlas/cache/9697841750af6fa601fde93ab5b38b1a3cc7fdd0e496e8825a8a9ebd234e89f1.npz,physical,ghz,budget,True,True,True,True,50,298,2400,127,128,2608,0.9124036249704659,results/stage6_v1/domain_wall_candidates/cache/46f3bdb105a1eee77e5cf2009792404b1e1dbba1bed3d169f662a7bd5c710234.npz
windows,8,0.0,0.9,boundary_window,B3,631,True,2.8140263749519363,7838,6720,0.025427207588780643,0.000646542885762944,0.9999999999999994,0.0,0.9999857694183607,0.0,-9.773192096921077,-9.773287658015985,1.194513686342269e-05,0.0003874030678308049,0.0001715333599404678,7.262926366558009e-05,0.9999850517142063,True,True,True,False,results/stage6_v1/reference_atlas/cache/9697841750af6fa601fde93ab5b38b1a3cc7fdd0e496e8825a8a9ebd234e89f1.npz,physical,ghz,pool_gradient,True,True,True,True,35,219,1968,95,94,1880,0.506053916993551,results/stage6_v1/legacy_b3/adaptive/cache/352c971597ab2bb7c6e09b20dbb97c621afff845e000d068371ea39dd9507965.npz
windows,8,0.0,0.9125,boundary_window,C0,631,True,3.2987435000250116,9298,7440,3.818919281698168e-05,1.4584144480126048e-09,0.9999999999999996,0.0,0.999999999974807,0.0,-9.829253143160262,-9.829253143351817,2.3944402016695676e-11,1.4221391355651036e-06,6.552617139998773e-07,5.118786130520192e-07,0.9999999999718994,True,True,True,False,results/stage6_v1/reference_atlas/cache/bcb12c12f1422c6c7af6f4322505bb2b1de71295154ddadba3af5f25dace9fcb.npz,physical,ghz,budget,True,True,True,True,51,299,2448,127,129,2712,0.907465707976371,results/stage6_v1/domain_wall_candidates/cache/ddd731fb952c9e5bdde143600afd119e6da8920457282d579d2ebdd4f4508160.npz
windows,8,0.0,0.9125,boundary_window,H6,631,True,3.2987435000250116,9298,7440,3.818919281698168e-05,1.4584144480126048e-09,0.9999999999999996,0.0,0.999999999974807,0.0,-9.829253143160262,-9.829253143351817,2.3944402016695676e-11,1.4221391355651036e-06,6.552617139998773e-07,5.118786130520192e-07,0.9999999999718994,True,True,True,False,results/stage6_v1/reference_atlas/cache/bcb12c12f1422c6c7af6f4322505bb2b1de71295154ddadba3af5f25dace9fcb.npz,physical,ghz,budget,True,True,True,True,51,299,2448,127,129,2712,0.907465707976371,results/stage6_v1/domain_wall_candidates/cache/ddd731fb952c9e5bdde143600afd119e6da8920457282d579d2ebdd4f4508160.npz
windows,8,0.0,0.9125,boundary_window,B3,631,True,3.092841707926709,8623,6384,0.03236300109960827,0.001047363840173246,0.9999999999999993,0.0,0.9999855138637179,0.0,-9.82914456255384,-9.829253143351817,1.3572599747213587e-05,0.00017916286975605544,3.9189890528396054e-05,2.3215066762727332e-05,0.9999880396082932,True,True,True,False,results/stage6_v1/reference_atlas/cache/bcb12c12f1422c6c7af6f4322505bb2b1de71295154ddadba3af5f25dace9fcb.npz,physical,plus,pool_gradient,True,True,True,True,40,240,2160,96,104,2910,1.0481632909504697,results/stage6_v1/legacy_b3/adaptive/cache/a9c29daabee149cdac17bb1bebe8f965897854dffd00e6fb2ad6fbbb7596ac2b.npz
windows,8,0.0,0.925,boundary_window,C0,631,True,3.769307665992528,9248,7344,7.531474542366304e-05,5.672310878231173e-09,0.9999999999999989,0.0,0.9999999999256044,0.0,-9.88632791769608,-9.886327918322106,7.825318171228446e-11,2.6846098855060063e-07,1.0014043308470555e-07,1.57788946686388e-07,0.9999999999258249,True,True,True,False,results/stage6_v1/reference_atlas/cache/36f7e7c412f6616c8a692ae5cb0c4c9a1f59bde2c1213230e58651300ef96a90.npz,physical,ghz,budget,True,True,True,True,50,298,2400,127,140,2950,1.2348934580222704,results/stage6_v1/domain_wall_candidates/cache/d4d80f1edd058e701558bc57c8a405e518d93924359e5bba31a87b39da2a1135.npz
windows,8,0.0,0.925,boundary_window,H6,631,True,3.769307665992528,9248,7344,7.531474542366304e-05,5.672310878231173e-09,0.9999999999999989,0.0,0.9999999999256044,0.0,-9.88632791769608,-9.886327918322106,7.825318171228446e-11,2.6846098855060063e-07,1.0014043308470555e-07,1.57788946686388e-07,0.9999999999258249,True,True,True,False,results/stage6_v1/reference_atlas/cache/36f7e7c412f6616c8a692ae5cb0c4c9a1f59bde2c1213230e58651300ef96a90.npz,physical,ghz,budget,True,True,True,True,50,298,2400,127,140,2950,1.2348934580222704,results/stage6_v1/domain_wall_candidates/cache/d4d80f1edd058e701558bc57c8a405e518d93924359e5bba31a87b39da2a1135.npz
windows,8,0.0,0.925,boundary_window,B3,631,True,2.689845749991946,7805,6480,0.021781678961085467,0.00047444153836379325,1.0,0.0,0.9999915616724193,0.0,-9.886264958090035,-9.886327918322106,7.870029008927304e-06,0.00036307667011159506,7.51383683297302e-05,7.026601073523153e-05,0.9999910776908209,True,True,True,False,results/stage6_v1/reference_atlas/cache/36f7e7c412f6616c8a692ae5cb0c4c9a1f59bde2c1213230e58651300ef96a90.npz,physical,ghz,pool_gradient,True,True,True,True,36,220,2112,95,95,2360,0.6886989580234513,results/stage6_v1/legacy_b3/adaptive/cache/5c9bcaa86baf87baeea0bdeb4fd88c1c351b1f7a20452c648c7186d345bae89b.npz
windows,8,0.0,0.9375,boundary_window,C0,631,True,3.789111500023864,9919,7392,0.00011769000956138184,1.385093835055815e-08,0.9999999999999992,0.0,0.9999999998004394,0.0,-9.944507804228277,-9.944507805765936,1.9220736113823023e-10,9.107106861971914e-07,4.336138967886427e-07,2.969085566295604e-07,0.9999999998185078,True,True,True,False,results/stage6_v1/reference_atlas/cache/bd28ed3326af839e930483e6693206a82be98989873250db52015deca4e05cd8.npz,physical,ghz,budget,True,True,True,True,51,299,2448,127,147,3221,1.1535440410370938,results/stage6_v1/domain_wall_candidates/cache/edd472003c36694bb6ed89363d3313a8e0d4aaf808ef723938c5508286755fcd.npz
windows,8,0.0,0.9375,boundary_window,H6,631,True,3.789111500023864,9919,7392,0.00011769000956138184,1.385093835055815e-08,0.9999999999999992,0.0,0.9999999998004394,0.0,-9.944507804228277,-9.944507805765936,1.9220736113823023e-10,9.107106861971914e-07,4.336138967886427e-07,2.969085566295604e-07,0.9999999998185078,True,True,True,False,results/stage6_v1/reference_atlas/cache/bd28ed3326af839e930483e6693206a82be98989873250db52015deca4e05cd8.npz,physical,ghz,budget,True,True,True,True,51,299,2448,127,147,3221,1.1535440410370938,results/stage6_v1/domain_wall_candidates/cache/edd472003c36694bb6ed89363d3313a8e0d4aaf808ef723938c5508286755fcd.npz
windows,8,0.0,0.9375,boundary_window,B3,631,True,3.380513250012882,9447,6576,0.020799879898538157,0.0004326350037936117,0.9999999999999989,0.0,0.9999926433838133,0.0,-9.944451688936681,-9.944507805765936,7.014603656818608e-06,0.00035594328163846,7.560274681805979e-05,6.665895541069222e-05,0.9999922485052891,True,True,True,False,results/stage6_v1/reference_atlas/cache/bd28ed3326af839e930483e6693206a82be98989873250db52015deca4e05cd8.npz,physical,ghz,pool_gradient,True,True,True,True,36,220,2112,95,100,2338,0.695009040995501,results/stage6_v1/legacy_b3/adaptive/cache/039c3f5adce547a63b86c970bd54c26aa31306a1f4429ebca4f1720747748d10.npz
windows,8,0.0,0.95,boundary_window,C0,631,True,3.6301610419759527,9875,7392,0.00010724937943771331,1.1502429389774602e-08,0.9999999999999999,0.0,0.9999999998488154,0.0,-10.003786076622948,-10.003786077878125,1.5689716192923697e-10,4.0702766024303116e-07,1.2058139407800095e-07,2.3783952307621092e-07,0.9999999998557356,True,True,True,False,results/stage6_v1/reference_atlas/cache/d5f619445c5e0f811160c4becafcb1bdd41f912f6b735118d22baa319d580d6f.npz,physical,ghz,budget,True,True,True,True,49,297,2352,127,134,3477,1.2321246669744141,results/stage6_v1/domain_wall_candidates/cache/ad77fde5bd8e77cd5127e69b8ab514d79c9a18240fe12d991ca5f29006c26356.npz
windows,8,0.0,0.95,boundary_window,H6,631,True,3.6301610419759527,9875,7392,0.00010724937943771331,1.1502429389774602e-08,0.9999999999999999,0.0,0.9999999998488154,0.0,-10.003786076622948,-10.003786077878125,1.5689716192923697e-10,4.0702766024303116e-07,1.2058139407800095e-07,2.3783952307621092e-07,0.9999999998557356,True,True,True,False,results/stage6_v1/reference_atlas/cache/d5f619445c5e0f811160c4becafcb1bdd41f912f6b735118d22baa319d580d6f.npz,physical,ghz,budget,True,True,True,True,49,297,2352,127,134,3477,1.2321246669744141,results/stage6_v1/domain_wall_candidates/cache/ad77fde5bd8e77cd5127e69b8ab514d79c9a18240fe12d991ca5f29006c26356.npz
windows,8,0.0,0.95,boundary_window,B3,631,True,2.250521792040672,6797,6240,0.020992547191978777,0.00044068703760745604,0.9999999999999989,0.0,0.9999950167161455,0.0,-10.003728825107608,-10.003786077878125,7.15659631467247e-06,0.00040152529696513284,6.889220844186195e-05,5.401526127379874e-06,0.9999921439079396,True,True,True,False,results/stage6_v1/reference_atlas/cache/d5f619445c5e0f811160c4becafcb1bdd41f912f6b735118d22baa319d580d6f.npz,physical,antiphase,pool_gradient,True,True,True,True,37,231,2064,96,105,1960,0.695180042006541,results/stage6_v1/legacy_b3/adaptive/cache/ff7dcf76f59998aec9cb33694346ca3cbc66c212c9dd86bdf5a1171ecb2e719e.npz
windows,8,0.0,0.9625,boundary_window,C0,631,True,4.278427127050236,11634,7392,0.0062875580585386795,3.9533386339494686e-05,0.9999999999999994,0.0,0.9999995959440859,0.0,-10.06414942928436,-10.06415348294749,5.067078912013301e-07,5.620217492074975e-05,1.940274234191186e-05,5.9214968591847494e-06,0.9999995701325315,True,True,True,False,results/stage6_v1/reference_atlas/cache/1835dd8fe7528e7d4170a4de90f8fafa469111c09b432093e4a88edcc9306b60.npz,physical,ghz,budget,False,False,True,True,50,298,2400,127,135,3622,1.3153129590209574,results/stage6_v1/domain_wall_candidates/cache/91813606ac0ba47929e8ecabe8df770d701c6477bcf518ccf10cc0cb12982dcb.npz
windows,8,0.0,0.9625,boundary_window,H6,631,True,4.278427127050236,11634,7392,0.0062875580585386795,3.9533386339494686e-05,0.9999999999999994,0.0,0.9999995959440859,0.0,-10.06414942928436,-10.06415348294749,5.067078912013301e-07,5.620217492074975e-05,1.940274234191186e-05,5.9214968591847494e-06,0.9999995701325315,True,True,True,False,results/stage6_v1/reference_atlas/cache/1835dd8fe7528e7d4170a4de90f8fafa469111c09b432093e4a88edcc9306b60.npz,physical,ghz,budget,False,False,True,True,50,298,2400,127,135,3622,1.3153129590209574,results/stage6_v1/domain_wall_candidates/cache/91813606ac0ba47929e8ecabe8df770d701c6477bcf518ccf10cc0cb12982dcb.npz
windows,8,0.0,0.9625,boundary_window,B3,631,True,2.689315751020331,7981,6288,0.060026049595988784,0.0036031266301001052,0.9999999999999997,0.0,0.999956353437114,0.0,-10.063752556625179,-10.06415348294749,5.011579028879609e-05,0.0006360273457818311,0.00010510907441591,2.6369812035298423e-05,0.9999519901471363,True,True,True,False,results/stage6_v1/reference_atlas/cache/1835dd8fe7528e7d4170a4de90f8fafa469111c09b432093e4a88edcc9306b60.npz,physical,ghz,pool_gradient,True,True,True,True,36,220,2208,95,90,3314,1.0511901249992661,results/stage6_v1/legacy_b3/adaptive/cache/e59562d5d8b51421208ba227b43a5d19c6d48d873680d9968696745512a0541f.npz
windows,8,0.0,0.975,boundary_window,C0,631,True,4.251445248955861,11483,7440,0.0064077511498287715,4.1059274798131943e-05,1.0000000000000002,0.0,0.9999995869747291,0.0,-10.12559413405867,-10.125598312433832,5.222968952889318e-07,4.4005938380053955e-05,1.0822238023955322e-05,3.4114132518858753e-07,0.9999995607032909,True,True,True,False,results/stage6_v1/reference_atlas/cache/d22646d9c553eac1ace85d192631c89821e01bd02303df0f0a65877cd790e985.npz,physical,ghz,budget,False,False,True,True,50,298,2400,127,135,3768,1.3564219580148347,results/stage6_v1/domain_wall_candidates/cache/2cd630d7d95245dc7db211f3cf07ccd77e3888ab0fdbc6ad17c1f2c05805eecc.npz
windows,8,0.0,0.975,boundary_window,H6,631,True,4.251445248955861,11483,7440,0.0064077511498287715,4.1059274798131943e-05,1.0000000000000002,0.0,0.9999995869747291,0.0,-10.12559413405867,-10.125598312433832,5.222968952889318e-07,4.4005938380053955e-05,1.0822238023955322e-05,3.4114132518858753e-07,0.9999995607032909,True,True,True,False,results/stage6_v1/reference_atlas/cache/d22646d9c553eac1ace85d192631c89821e01bd02303df0f0a65877cd790e985.npz,physical,ghz,budget,False,False,True,True,50,298,2400,127,135,3768,1.3564219580148347,results/stage6_v1/domain_wall_candidates/cache/2cd630d7d95245dc7db211f3cf07ccd77e3888ab0fdbc6ad17c1f2c05805eecc.npz
windows,8,0.0,0.975,boundary_window,B3,631,True,4.945399542048108,12762,7392,0.06640522513207336,0.004409653924841348,0.9999999999999998,0.0,0.9999403128824622,0.0,-10.12513294357278,-10.125598312433832,5.8171107631510566e-05,0.0008551660160841523,0.00023564208888227078,7.704252281814927e-05,0.9999456200556353,True,True,True,False,results/stage6_v1/reference_atlas/cache/d22646d9c553eac1ace85d192631c89821e01bd02303df0f0a65877cd790e985.npz,physical,ghz,budget,True,True,True,True,39,223,2400,95,114,3607,1.1995210000313818,results/stage6_v1/legacy_b3/adaptive/cache/a563febacfa9b91237395a6940c7b53c32c960f54fa73284d9ceb06b232d75b1.npz
windows,8,0.0,0.9875,boundary_window,C0,631,True,4.563916875980794,12297,7440,0.0001180005700037538,1.3924134521210801e-08,1.0,0.0,0.9999999998397686,0.0,-10.188106504625553,-10.188106506020585,1.743789557195896e-10,1.0836309661810262e-06,5.623755011674447e-07,7.80761327257018e-07,0.9999999998493063,True,True,True,False,results/stage6_v1/reference_atlas/cache/65b4ecfd5391fa926edad405b71557dcd7a91c70afeb45747860f193173a65de.npz,physical,ghz,budget,True,True,True,True,51,299,2448,127,136,2697,0.9407007920090109,results/stage6_v1/domain_wall_candidates/cache/5506f69b2c2c401194e4bd799e91ee04d8e1356e7c5a44cd50b99b306b006dd4.npz
windows,8,0.0,0.9875,boundary_window,H6,631,True,4.563916875980794,12297,7440,0.0001180005700037538,1.3924134521210801e-08,1.0,0.0,0.9999999998397686,0.0,-10.188106504625553,-10.188106506020585,1.743789557195896e-10,1.0836309661810262e-06,5.623755011674447e-07,7.80761327257018e-07,0.9999999998493063,True,True,True,False,results/stage6_v1/reference_atlas/cache/65b4ecfd5391fa926edad405b71557dcd7a91c70afeb45747860f193173a65de.npz,physical,ghz,budget,True,True,True,True,51,299,2448,127,136,2697,0.9407007920090109,results/stage6_v1/domain_wall_candidates/cache/5506f69b2c2c401194e4bd799e91ee04d8e1356e7c5a44cd50b99b306b006dd4.npz
windows,8,0.0,0.9875,boundary_window,B3,631,True,3.4726878750370815,9408,6672,0.04912547628774012,0.0024133124204973166,0.999999999999998,0.0,0.9999641040108346,0.0,-10.187834925634132,-10.188106506020585,3.394754830665647e-05,0.0007087862928392141,0.00011981799729104958,5.069290690318251e-05,0.9999661193290676,True,True,True,False,results/stage6_v1/reference_atlas/cache/65b4ecfd5391fa926edad405b71557dcd7a91c70afeb45747860f193173a65de.npz,physical,plus,budget,True,True,True,True,39,239,2544,96,101,5219,2.0870858330163173,results/stage6_v1/legacy_b3/adaptive/cache/def40c4bbf3408e8135018812b5422ce7608575fbd7d0b8e122efc28d90ed84f.npz
windows,8,0.0,1.0,boundary_window,C0,631,True,5.5200430829427205,14566,7440,9.155022397260681e-05,8.38144350943447e-09,1.0000000000000009,0.0,0.9999999998941002,0.0,-10.251661790106464,-10.251661790966033,1.074460520555931e-10,6.212310567077495e-07,1.9727709621442102e-07,7.458001749505172e-08,0.9999999999069951,True,True,True,False,results/stage6_v1/reference_atlas/cache/6752a1b26484b1e4feb31344db99d00479fbf009363072002add6c7d42d8903d.npz,physical,ghz,budget,True,True,True,True,50,298,2400,127,123,3738,1.3658159999758936,results/stage6_v1/domain_wall_candidates/cache/6b484f66c100c3059cda81672011ba1d9832d74b9fd512256c4f1ef6d4322c00.npz
windows,8,0.0,1.0,boundary_window,H6,631,True,5.5200430829427205,14566,7440,9.155022397260681e-05,8.38144350943447e-09,1.0000000000000009,0.0,0.9999999998941002,0.0,-10.251661790106464,-10.251661790966033,1.074460520555931e-10,6.212310567077495e-07,1.9727709621442102e-07,7.458001749505172e-08,0.9999999999069951,True,True,True,False,results/stage6_v1/reference_atlas/cache/6752a1b26484b1e4feb31344db99d00479fbf009363072002add6c7d42d8903d.npz,physical,ghz,budget,True,True,True,True,50,298,2400,127,123,3738,1.3658159999758936,results/stage6_v1/domain_wall_candidates/cache/6b484f66c100c3059cda81672011ba1d9832d74b9fd512256c4f1ef6d4322c00.npz
windows,8,0.0,1.0,boundary_window,B3,631,True,5.378394626022782,14043,7200,0.041122110921386144,0.0016910280066307856,0.9999999999999991,0.0,0.999979077559432,0.0,-10.251477458085649,-10.251661790966033,2.3041610047958017e-05,0.00032076097196986897,6.1876245142721e-05,6.144253047268844e-05,0.9999784498075907,True,True,True,False,results/stage6_v1/reference_atlas/cache/6752a1b26484b1e4feb31344db99d00479fbf009363072002add6c7d42d8903d.npz,physical,plus,budget,True,True,True,True,41,241,2592,96,107,6780,2.7572685420163907,results/stage6_v1/legacy_b3/adaptive/cache/83cb3d8f392bbc07eadd214819f619eff372837d7c18531cca86960a59eb7bf8.npz
windows,8,0.0,1.0125,boundary_window,C0,631,True,4.625308209040668,12268,7440,0.00012469616988016832,1.5549134782783796e-08,1.0000000000000007,0.0,0.9999999997985861,0.0,-10.316245849416259,-10.316245850994525,1.9728330080681644e-10,7.941418793677713e-07,4.01030728403029e-07,2.0026271108086746e-07,0.9999999998318221,True,True,True,False,results/stage6_v1/reference_atlas/cache/4968dfffef6538b8d83f176539bba946c08e2f9fbf9794ecb47ca283dd5b64f8.npz,physical,ghz,budget,True,True,True,True,50,298,2400,127,136,3687,1.3102022079983726,results/stage6_v1/domain_wall_candidates/cache/c161e1bacd007f7d4bb008e618ee69fcbe55a409cace67fc7b1180315ad6a9e9.npz
windows,8,0.0,1.0125,boundary_window,H6,631,True,4.625308209040668,12268,7440,0.00012469616988016832,1.5549134782783796e-08,1.0000000000000007,0.0,0.9999999997985861,0.0,-10.316245849416259,-10.316245850994525,1.9728330080681644e-10,7.941418793677713e-07,4.01030728403029e-07,2.0026271108086746e-07,0.9999999998318221,True,True,True,False,results/stage6_v1/reference_atlas/cache/4968dfffef6538b8d83f176539bba946c08e2f9fbf9794ecb47ca283dd5b64f8.npz,physical,ghz,budget,True,True,True,True,50,298,2400,127,136,3687,1.3102022079983726,results/stage6_v1/domain_wall_candidates/cache/c161e1bacd007f7d4bb008e618ee69fcbe55a409cace67fc7b1180315ad6a9e9.npz
windows,8,0.0,1.0125,boundary_window,B3,631,True,4.45098095893627,11580,7344,0.04841193512408057,0.002343715462458186,1.0000000000000009,0.0,0.9999640235102734,0.0,-10.315989140754137,-10.316245850994525,3.2088780048455945e-05,0.000506951006323253,7.826713362790727e-05,3.2867056380947446e-06,0.9999694249007626,True,True,True,False,results/stage6_v1/reference_atlas/cache/4968dfffef6538b8d83f176539bba946c08e2f9fbf9794ecb47ca283dd5b64f8.npz,physical,ghz,pool_gradient,True,True,True,True,38,222,2304,95,100,3665,1.1772642079740763,results/stage6_v1/legacy_b3/adaptive/cache/409d344c63891499ed14081aeb3bd5872ae76a2ed6686d51996881cb799e5b76.npz
windows,8,0.0,1.025,boundary_window,C0,631,True,5.184356499987189,13421,7536,8.284494078277999e-05,6.863284213302323e-09,1.0000000000000004,0.0,0.9999999999231749,0.0,-10.381838518490419,-10.381838519176672,8.578160404226765e-11,9.592322574025758e-07,5.826600368852297e-07,4.389900699619531e-07,0.9999999999254565,True,True,True,False,results/stage6_v1/reference_atlas/cache/33244ade8478306a0ba6d134e7b838fc76ae14db2d96e275fdf6c031dd68e33f.npz,physical,antiphase,budget,True,True,True,True,51,309,2448,128,116,2892,1.0363652909873053,results/stage6_v1/domain_wall_candidates/cache/0594d808e6d3d5e8d3029df4e011b5bdc2cba963b6b48d31ba408792a1861f87.npz
windows,8,0.0,1.025,boundary_window,H6,631,True,5.184356499987189,13421,7536,8.284494078277999e-05,6.863284213302323e-09,1.0000000000000004,0.0,0.9999999999231749,0.0,-10.381838518490419,-10.381838519176672,8.578160404226765e-11,9.592322574025758e-07,5.826600368852297e-07,4.389900699619531e-07,0.9999999999254565,True,True,True,False,results/stage6_v1/reference_atlas/cache/33244ade8478306a0ba6d134e7b838fc76ae14db2d96e275fdf6c031dd68e33f.npz,physical,antiphase,budget,True,True,True,True,51,309,2448,128,116,2892,1.0363652909873053,results/stage6_v1/domain_wall_candidates/cache/0594d808e6d3d5e8d3029df4e011b5bdc2cba963b6b48d31ba408792a1861f87.npz
windows,8,0.0,1.025,boundary_window,B3,631,True,4.092168458038941,10613,7056,0.053508249701456456,0.002863132786113415,0.9999999999999976,0.0,0.9999614600464071,0.0,-10.381534122193038,-10.381838519176672,3.804962295417269e-05,0.0004887543712986941,0.00010397693622907211,1.1503070523444237e-05,0.9999653712476844,True,True,True,False,results/stage6_v1/reference_atlas/cache/33244ade8478306a0ba6d134e7b838fc76ae14db2d96e275fdf6c031dd68e33f.npz,physical,plus,budget,True,True,True,True,39,239,2592,96,93,4385,1.797788500029128,results/stage6_v1/legacy_b3/adaptive/cache/a5b2100176890bd3d4cfb244379df1ca9fb1cf2ff328d0b5363d45a5c1f04b74.npz
windows,8,0.0,1.0375,boundary_window,C0,631,True,6.215605584031437,15792,7584,0.007430500283802133,5.5212334467583586e-05,0.999999999999999,0.0,0.9999994624077322,0.0,-10.448412220129757,-10.448417988772736,7.210803723012305e-07,7.65244664983622e-05,2.867727784172658e-05,1.650175022516187e-06,0.9999993610075703,True,True,True,False,results/stage6_v1/reference_atlas/cache/53c542b138bf149e05ac6ea2773375efbcbdf5316b46f891be2b523e087e77ca.npz,physical,plus,budget,True,True,True,True,55,319,2640,128,121,5672,2.3536844580085017,results/stage6_v1/domain_wall_candidates/cache/d8a6838d8b38570493b38307d6eb1b87fdea175e1c6de9983eff24214d6b720e.npz
windows,8,0.0,1.0375,boundary_window,H6,631,True,6.215605584031437,15792,7584,0.007430500283802133,5.5212334467583586e-05,0.999999999999999,0.0,0.9999994624077322,0.0,-10.448412220129757,-10.448417988772736,7.210803723012305e-07,7.65244664983622e-05,2.867727784172658e-05,1.650175022516187e-06,0.9999993610075703,True,True,True,False,results/stage6_v1/reference_atlas/cache/53c542b138bf149e05ac6ea2773375efbcbdf5316b46f891be2b523e087e77ca.npz,physical,plus,budget,True,True,True,True,55,319,2640,128,121,5672,2.3536844580085017,results/stage6_v1/domain_wall_candidates/cache/d8a6838d8b38570493b38307d6eb1b87fdea175e1c6de9983eff24214d6b720e.npz
windows,8,0.0,1.0375,boundary_window,B3,631,True,5.631095624936279,14013,7440,0.026698468078134585,0.0007128081977191714,0.9999999999999989,0.0,0.9999887661204614,0.0,-10.44833859157827,-10.448417988772736,9.924649308157285e-06,0.00010517834120998826,3.709706423493664e-05,1.949429710046413e-05,0.999990456894281,True,True,True,False,results/stage6_v1/reference_atlas/cache/53c542b138bf149e05ac6ea2773375efbcbdf5316b46f891be2b523e087e77ca.npz,physical,antiphase,pool_gradient,True,True,True,True,39,233,2352,96,84,3930,1.8560606249957345,results/stage6_v1/legacy_b3/adaptive/cache/10909ea6df4895177116f0094e332a17522db63fb63938de357f7c2ece4b4d0b.npz
windows,8,0.0,1.05,boundary_window,C0,631,True,6.385592792008538,15933,7584,0.004777592285231249,2.282538804390115e-05,0.9999999999999987,0.0,0.9999998047852621,0.0,-10.515958842191717,-10.515961035861046,2.7420866621774564e-07,1.6840188656774835e-05,9.87719662304265e-06,7.968586083872964e-06,0.9999997821780572,True,True,True,False,results/stage6_v1/reference_atlas/cache/916fa41ff4b1f1075da9d4caa641b47fe256c0e1a68ebd06a8fa42f42e8f3f80.npz,physical,antiphase,budget,False,False,True,True,51,309,2448,128,131,4125,1.6621760840062052,results/stage6_v1/domain_wall_candidates/cache/ed9661973566ad8537e9464c389191321a43767a09f5cc694409c92779c3952e.npz
windows,8,0.0,1.05,boundary_window,H6,631,True,6.385592792008538,15933,7584,0.004777592285231249,2.282538804390115e-05,0.9999999999999987,0.0,0.9999998047852621,0.0,-10.515958842191717,-10.515961035861046,2.7420866621774564e-07,1.6840188656774835e-05,9.87719662304265e-06,7.968586083872964e-06,0.9999997821780572,True,True,True,False,results/stage6_v1/reference_atlas/cache/916fa41ff4b1f1075da9d4caa641b47fe256c0e1a68ebd06a8fa42f42e8f3f80.npz,physical,antiphase,budget,False,False,True,True,51,309,2448,128,131,4125,1.6621760840062052,results/stage6_v1/domain_wall_candidates/cache/ed9661973566ad8537e9464c389191321a43767a09f5cc694409c92779c3952e.npz
windows,8,0.0,1.05,boundary_window,B3,631,True,6.52888029202586,15951,7680,0.0004244344913031811,1.801446374077901e-07,1.0000000000000002,0.0,0.9999999985115555,0.0,-10.515961019222836,-10.515961035861046,2.0797763511382072e-09,3.034186828898555e-06,4.449002399264934e-07,6.128577023645221e-08,0.9999999984052392,True,True,True,False,results/stage6_v1/reference_atlas/cache/916fa41ff4b1f1075da9d4caa641b47fe256c0e1a68ebd06a8fa42f42e8f3f80.npz,physical,antiphase,budget,False,False,True,True,53,311,2544,128,115,4330,1.8240389590500854,results/stage6_v1/legacy_b3/adaptive/cache/4ee59cede345d87efadd873f1ecd3f29b78490ac6284584ee7755dd6aca2f767.npz
windows,8,0.0,1.0625,boundary_window,C0,631,True,5.959654874983244,15556,7536,3.9173613719816916e-05,1.534572011869428e-09,1.0,0.0,0.9999999999679372,0.0,-10.584443247513006,-10.584443247717138,2.5516477819564898e-11,6.401866036731541e-07,3.235951198110598e-07,1.9256444250270732e-07,0.999999999970393,True,True,True,False,results/stage6_v1/reference_atlas/cache/0b16fd0cc31745155cb952a5bdc75c59fe1e7a0044b24f98068f4289f5657052.npz,physical,antiphase,budget,True,True,True,True,49,307,2352,128,148,2597,0.8539740419946611,results/stage6_v1/domain_wall_candidates/cache/fc7958fc4faba0ebe5921e8dfd5a874c5aa673353e07b0b47bd414c58999ba0a.npz
windows,8,0.0,1.0625,boundary_window,H6,631,True,5.959654874983244,15556,7536,3.9173613719816916e-05,1.534572011869428e-09,1.0,0.0,0.9999999999679372,0.0,-10.584443247513006,-10.584443247717138,2.5516477819564898e-11,6.401866036731541e-07,3.235951198110598e-07,1.9256444250270732e-07,0.999999999970393,True,True,True,False,results/stage6_v1/reference_atlas/cache/0b16fd0cc31745155cb952a5bdc75c59fe1e7a0044b24f98068f4289f5657052.npz,physical,antiphase,budget,True,True,True,True,49,307,2352,128,148,2597,0.8539740419946611,results/stage6_v1/domain_wall_candidates/cache/fc7958fc4faba0ebe5921e8dfd5a874c5aa673353e07b0b47bd414c58999ba0a.npz
windows,8,0.0,1.0625,boundary_window,B3,631,True,6.165137999982107,15794,7536,0.08080657715420508,0.006529702911378499,0.9999999999999987,0.0,0.9999436572879032,0.0,-10.583769286380718,-10.584443247717138,8.424516705241025e-05,0.0023958917015600156,0.0005482782639212314,0.00011381368731278041,0.9999226297521563,True,True,True,False,results/stage6_v1/reference_atlas/cache/0b16fd0cc31745155cb952a5bdc75c59fe1e7a0044b24f98068f4289f5657052.npz,physical,plus,budget,True,True,True,True,41,241,2640,96,91,5875,2.48160800000187,results/stage6_v1/legacy_b3/adaptive/cache/38b4dbaf2f6e416594fb6045a4907b38a40da81bc57334dc3f4e9976df2e8913.npz
windows,8,0.0,1.075,boundary_window,C0,631,True,6.410087709024083,17209,7728,0.002942279413105098,8.657008144782082e-06,1.0000000000000009,0.0,0.9999999248783625,0.0,-10.653838462023511,-10.65383925131121,9.866096228883237e-08,2.027089897660428e-06,5.226533130175959e-07,1.550731177912823e-07,0.9999999264578645,True,True,True,False,results/stage6_v1/reference_atlas/cache/22779313cc81dfa4cf664c20b0944ae960f5093d8f93560430f6b4a385195e1d.npz,physical,antiphase,budget,True,True,True,True,53,311,2544,128,129,4453,1.6127352920011617,results/stage6_v1/domain_wall_candidates/cache/6f132771c5ce283ab6a82ec008e88d5fa08e5f0a6717977481b5b5be2dc23841.npz
windows,8,0.0,1.075,boundary_window,H6,631,True,6.410087709024083,17209,7728,0.002942279413105098,8.657008144782082e-06,1.0000000000000009,0.0,0.9999999248783625,0.0,-10.653838462023511,-10.65383925131121,9.866096228883237e-08,2.027089897660428e-06,5.226533130175959e-07,1.550731177912823e-07,0.9999999264578645,True,True,True,False,results/stage6_v1/reference_atlas/cache/22779313cc81dfa4cf664c20b0944ae960f5093d8f93560430f6b4a385195e1d.npz,physical,antiphase,budget,True,True,True,True,53,311,2544,128,129,4453,1.6127352920011617,results/stage6_v1/domain_wall_candidates/cache/6f132771c5ce283ab6a82ec008e88d5fa08e5f0a6717977481b5b5be2dc23841.npz
windows,8,0.0,1.075,boundary_window,B3,631,True,4.852852165990043,12578,7104,0.08054886112818532,0.006488119029047685,0.999999999999999,0.0,0.999945044927899,0.0,-10.65317718926807,-10.65383925131121,8.275775539257069e-05,0.0024278137158072477,0.000567174297576245,0.00012454789000659883,0.9999248164482876,True,True,True,False,results/stage6_v1/reference_atlas/cache/22779313cc81dfa4cf664c20b0944ae960f5093d8f93560430f6b4a385195e1d.npz,physical,plus,budget,True,True,True,True,41,241,2640,96,85,5782,2.412470666982699,results/stage6_v1/legacy_b3/adaptive/cache/093daee6454b027170a5bae21ed8740505d6d64cda6140a5108a4704a7ddb764.npz
windows,8,0.3,0.375,boundary_window,C0,631,True,5.039250917034224,14898,7152,0.018849812635644652,0.0003553154363989088,1.0000000000000002,0.0,0.9999939374108981,0.0,-6.044368089861745,-6.044443051042989,9.370147655451966e-06,0.0004375747372793448,0.0002363599743341327,0.0001194307236443426,0.9999809945247626,True,True,True,False,results/stage6_v1/reference_atlas/cache/e62f68e82c1cff6c78ca2da151e6139dd5b39351d13b4189a101b6708065b998.npz,physical,antiphase,budget,True,True,True,True,51,309,2448,128,114,5469,1.9314302090206183,results/stage6_v1/domain_wall_candidates/cache/6f3da8c1bb72fc3866a30dc2bcbcfd6864292b4539749dfc88494e772c0e3fbf.npz
windows,8,0.3,0.375,boundary_window,H6,631,True,5.039250917034224,14898,7152,0.018849812635644652,0.0003553154363989088,1.0000000000000002,0.0,0.9999939374108981,0.0,-6.044368089861745,-6.044443051042989,9.370147655451966e-06,0.0004375747372793448,0.0002363599743341327,0.0001194307236443426,0.9999809945247626,True,True,True,False,results/stage6_v1/reference_atlas/cache/e62f68e82c1cff6c78ca2da151e6139dd5b39351d13b4189a101b6708065b998.npz,physical,antiphase,budget,True,True,True,True,51,309,2448,128,114,5469,1.9314302090206183,results/stage6_v1/domain_wall_candidates/cache/6f3da8c1bb72fc3866a30dc2bcbcfd6864292b4539749dfc88494e772c0e3fbf.npz
windows,8,0.3,0.375,boundary_window,B3,631,True,4.384125332988333,12231,7056,0.060484543222854216,0.0036583799688773198,0.9999999999999993,0.0,0.9997869738788878,0.0,-6.043646803944913,-6.044443051042989,9.953088725944692e-05,0.00010329442800294242,3.9877087336881445e-05,0.0002334712892527735,0.9997776478892986,True,True,True,False,results/stage6_v1/reference_atlas/cache/e62f68e82c1cff6c78ca2da151e6139dd5b39351d13b4189a101b6708065b998.npz,physical,ghz,budget,True,True,True,True,34,218,2208,95,108,3882,1.1790482079959475,results/stage6_v1/legacy_b3/adaptive/cache/509ac9f4d8afe7953f95fde3f0523371bc6b1211908da22a0773d16601bb8a20.npz
windows,8,0.3,0.3875,boundary_window,C0,631,True,6.889921458961908,18891,7344,0.01470741223111403,0.00021630797453592258,0.9999999999999998,0.0,0.9999952761949764,0.0,-6.079709873536726,-6.079760558992811,6.335682010694121e-06,0.0002996691564585152,0.00012724717180712108,5.6302769622318394e-05,0.9999863802729202,True,True,True,False,results/stage6_v1/reference_atlas/cache/6c0814a018d72640c2c922d80ad5675e78a705f680843326967e86bfdc8b833d.npz,physical,plus,budget,False,False,True,True,55,319,2640,128,152,7796,2.986906500009354,results/stage6_v1/domain_wall_candidates/cache/72a8dd78b46e893a335b4019896784b1a5057dc443802786a16dcd6731af6999.npz
windows,8,0.3,0.3875,boundary_window,H6,631,True,6.889921458961908,18891,7344,0.01470741223111403,0.00021630797453592258,0.9999999999999998,0.0,0.9999952761949764,0.0,-6.079709873536726,-6.079760558992811,6.335682010694121e-06,0.0002996691564585152,0.00012724717180712108,5.6302769622318394e-05,0.9999863802729202,True,True,True,False,results/stage6_v1/reference_atlas/cache/6c0814a018d72640c2c922d80ad5675e78a705f680843326967e86bfdc8b833d.npz,physical,plus,budget,False,False,True,True,55,319,2640,128,152,7796,2.986906500009354,results/stage6_v1/domain_wall_candidates/cache/72a8dd78b46e893a335b4019896784b1a5057dc443802786a16dcd6731af6999.npz
windows,8,0.3,0.3875,boundary_window,B3,631,True,6.471033665991854,16630,7248,0.028834866581269377,0.0008314495307596055,0.9999999999999987,0.0,0.9999535957441186,0.0,-6.079539628081019,-6.079760558992811,2.7616363974081182e-05,0.001019858441226651,0.00023499289016981617,2.994496306502059e-05,0.9999240847287365,True,True,True,False,results/stage6_v1/reference_atlas/cache/6c0814a018d72640c2c922d80ad5675e78a705f680843326967e86bfdc8b833d.npz,physical,plus,budget,True,True,True,True,43,243,2640,96,112,7674,3.1588094999897294,results/stage6_v1/legacy_b3/adaptive/cache/f9f6c7ac5a31115a26ee084ff9b74a82487f0490b2c1edd000522e6af0927291.npz
windows,8,0.3,0.4,boundary_window,C0,631,True,5.098592458001804,14121,7344,0.017659350349166148,0.00031185265475459456,0.999999999999998,0.0,0.9999906928287698,0.0,-6.117208345622937,-6.11727257449456,8.028608952881378e-06,0.000187780172937968,9.267250618205658e-05,3.867669277296537e-05,0.9999842755828887,True,True,True,False,results/stage6_v1/reference_atlas/cache/2973750c722b39ab9647b2ce3e4d3dc3a64007a9375afbb956f8d50f6a3c9fca.npz,physical,plus,budget,True,True,True,True,55,319,2640,128,127,4864,1.8746244999929331,results/stage6_v1/domain_wall_candidates/cache/f2a3e42ff106d2708d602de4c728849ed574f6122e3b1ad95b41a3a1fc53e514.npz
windows,8,0.3,0.4,boundary_window,H6,631,True,5.098592458001804,14121,7344,0.017659350349166148,0.00031185265475459456,0.999999999999998,0.0,0.9999906928287698,0.0,-6.117208345622937,-6.11727257449456,8.028608952881378e-06,0.000187780172937968,9.267250618205658e-05,3.867669277296537e-05,0.9999842755828887,True,True,True,False,results/stage6_v1/reference_atlas/cache/2973750c722b39ab9647b2ce3e4d3dc3a64007a9375afbb956f8d50f6a3c9fca.npz,physical,plus,budget,True,True,True,True,55,319,2640,128,127,4864,1.8746244999929331,results/stage6_v1/domain_wall_candidates/cache/f2a3e42ff106d2708d602de4c728849ed574f6122e3b1ad95b41a3a1fc53e514.npz
windows,8,0.3,0.4,boundary_window,B3,631,True,4.494209833035711,11962,7200,0.03545586210624834,0.001257118157697297,0.9999999999999982,0.0,0.9999552371803337,0.0,-6.1170056682283445,-6.11727257449456,3.3363283276965916e-05,0.000855189864181094,0.000303637919844002,1.047507757789834e-05,0.9999241955311654,True,True,True,False,results/stage6_v1/reference_atlas/cache/2973750c722b39ab9647b2ce3e4d3dc3a64007a9375afbb956f8d50f6a3c9fca.npz,physical,plus,budget,True,True,True,True,40,240,2496,96,120,3999,1.5936167500331067,results/stage6_v1/legacy_b3/adaptive/cache/e14d679a7dc25a73fc24585af98ad50c2a5a0f24bc3b0ae435d0fcf43757930d.npz
windows,8,0.3,0.4125,boundary_window,C0,631,True,4.572995792084839,12143,7248,0.020156025414007125,0.0004062653604901011,0.9999999999999987,0.0,0.9999888981590772,0.0,-6.157024050284408,-6.157108042386868,1.0499012807585473e-05,0.0002020203053615388,4.57152088306767e-05,2.841680706244798e-06,0.999979161159947,True,True,True,False,results/stage6_v1/reference_atlas/cache/5328f544987bd2a0685fd869e58b00b9950b19a238db714e7dc7fb2a3a4ed7cd.npz,physical,plus,budget,False,False,True,True,53,317,2544,128,148,4930,2.006411875016056,results/stage6_v1/domain_wall_candidates/cache/86d4c8365a78c2703f5fc5df4267eab870184c2b8759013b49c6aa5b5a6db40c.npz
windows,8,0.3,0.4125,boundary_window,H6,631,True,4.572995792084839,12143,7248,0.020156025414007125,0.0004062653604901011,0.9999999999999987,0.0,0.9999888981590772,0.0,-6.157024050284408,-6.157108042386868,1.0499012807585473e-05,0.0002020203053615388,4.57152088306767e-05,2.841680706244798e-06,0.999979161159947,True,True,True,False,results/stage6_v1/reference_atlas/cache/5328f544987bd2a0685fd869e58b00b9950b19a238db714e7dc7fb2a3a4ed7cd.npz,physical,plus,budget,False,False,True,True,53,317,2544,128,148,4930,2.006411875016056,results/stage6_v1/domain_wall_candidates/cache/86d4c8365a78c2703f5fc5df4267eab870184c2b8759013b49c6aa5b5a6db40c.npz
windows,8,0.3,0.4125,boundary_window,B3,631,True,5.029654832964297,12386,7248,0.0532144716934476,0.0028317799976127355,0.9999999999999994,0.0,0.9997952063479212,0.0,-6.156393727326018,-6.157108042386868,8.92893826063279e-05,0.004136215799353304,0.001797724584183924,0.00043113698599073214,0.9997464591282604,True,True,True,False,results/stage6_v1/reference_atlas/cache/5328f544987bd2a0685fd869e58b00b9950b19a238db714e7dc7fb2a3a4ed7cd.npz,physical,ghz,budget,True,True,True,True,34,218,2256,95,89,2927,0.9255279579665512,results/stage6_v1/legacy_b3/adaptive/cache/0480983902a460ea6fe1316f2318cd6d462f69f8aeef78ecb2f8d4b07f3e33af.npz
windows,8,0.3,0.425,boundary_window,C0,631,True,4.326868666976225,11485,7440,0.01797239618983118,0.0003230070248042583,0.9999999999999984,0.0,0.9999928003306409,0.0,-6.1993099085543015,-6.199375038917651,8.141295418706562e-06,0.0002960772538391776,0.0001230728940184722,4.1179045793426905e-05,0.999983314260313,True,True,True,False,results/stage6_v1/reference_atlas/cache/bc5a8c53489c00671de764cd93a11135c3f733126f0b25455da4e9fc821f7a96.npz,physical,plus,budget,True,True,True,True,54,318,2592,128,132,4196,1.5876277909846976,results/stage6_v1/domain_wall_candidates/cache/082589940d1b3f8c5b3a377680a21be6c9a95998fb6aeb2c4c3a43b6300a07c2.npz
windows,8,0.3,0.425,boundary_window,H6,631,True,4.326868666976225,11485,7440,0.01797239618983118,0.0003230070248042583,0.9999999999999984,0.0,0.9999928003306409,0.0,-6.1993099085543015,-6.199375038917651,8.141295418706562e-06,0.0002960772538391776,0.0001230728940184722,4.1179045793426905e-05,0.999983314260313,True,True,True,False,results/stage6_v1/reference_atlas/cache/bc5a8c53489c00671de764cd93a11135c3f733126f0b25455da4e9fc821f7a96.npz,physical,plus,budget,True,True,True,True,54,318,2592,128,132,4196,1.5876277909846976,results/stage6_v1/domain_wall_candidates/cache/082589940d1b3f8c5b3a377680a21be6c9a95998fb6aeb2c4c3a43b6300a07c2.npz
windows,8,0.3,0.425,boundary_window,B3,631,True,4.491417458979413,10742,7344,0.05547546963290507,0.0030775277309913725,1.0000000000000007,0.0,0.9997885642181994,0.0,-6.198597753184328,-6.199375038917651,9.716071666543424e-05,0.006981010388283915,0.0032226090932475637,0.0009512782604463865,0.9997043832841233,True,True,True,False,results/stage6_v1/reference_atlas/cache/bc5a8c53489c00671de764cd93a11135c3f733126f0b25455da4e9fc821f7a96.npz,physical,ghz,budget,True,True,True,True,34,218,2256,95,107,2472,0.8098003339837305,results/stage6_v1/legacy_b3/adaptive/cache/ec953a4106e87f5e0452a47b6893efb014943cedaf1c973b1d6d257ac16e50bf.npz
windows,8,0.3,0.4375,boundary_window,C0,631,True,4.801073248963803,12684,7392,0.01943687714024894,0.0003777921929651318,0.9999999999999991,0.0,0.9999935475470696,0.0,-6.24407593794488,-6.244149245855981,9.16348888768681e-06,0.000339707331153849,0.00014689792998756612,4.799235153651882e-05,0.9999825955897361,True,True,True,False,results/stage6_v1/reference_atlas/cache/6e1efb849192b420b9b92f3a5b39f4d1d17ee036d83d92ce83bb0f7a2575d147.npz,physical,plus,budget,False,False,True,True,54,318,2592,128,151,5557,2.1785757080069743,results/stage6_v1/domain_wall_candidates/cache/d30124d7caa60b18661879a433ddee205156e7e1363a7e29816bc65e7da177ed.npz
windows,8,0.3,0.4375,boundary_window,H6,631,True,4.801073248963803,12684,7392,0.01943687714024894,0.0003777921929651318,0.9999999999999991,0.0,0.9999935475470696,0.0,-6.24407593794488,-6.244149245855981,9.16348888768681e-06,0.000339707331153849,0.00014689792998756612,4.799235153651882e-05,0.9999825955897361,True,True,True,False,results/stage6_v1/reference_atlas/cache/6e1efb849192b420b9b92f3a5b39f4d1d17ee036d83d92ce83bb0f7a2575d147.npz,physical,plus,budget,False,False,True,True,54,318,2592,128,151,5557,2.1785757080069743,results/stage6_v1/domain_wall_candidates/cache/d30124d7caa60b18661879a433ddee205156e7e1363a7e29816bc65e7da177ed.npz
windows,8,0.3,0.4375,boundary_window,B3,631,True,5.18607420794433,13171,7344,0.042697381775638435,0.001823066410494621,0.9999999999999981,0.0,0.9999519958236509,0.0,-6.243726250984592,-6.244149245855981,5.287435892364911e-05,0.006512529293759894,0.00279192375388293,0.0008379473465408016,0.9998471836115626,True,True,True,False,results/stage6_v1/reference_atlas/cache/6e1efb849192b420b9b92f3a5b39f4d1d17ee036d83d92ce83bb0f7a2575d147.npz,physical,plus,budget,True,True,True,True,42,242,2640,96,108,5959,2.4937989579630084,results/stage6_v1/legacy_b3/adaptive/cache/dca37b28829fcaadbc74ffda13f85deb4250553dfec6e4e838087cf4103ccc8e.npz
windows,8,0.3,0.45,boundary_window,C0,631,True,5.1519862919230945,13575,7440,0.014370332680088473,0.00020650646133641876,0.9999999999999989,0.0,0.9999946670749819,0.0,-6.291419360027053,-6.291464361051791,5.625128092212606e-06,0.0003876050866711278,0.00021326548990874272,9.075640924244288e-05,0.9999878251699079,True,True,True,False,results/stage6_v1/reference_atlas/cache/8367a0bb2eaa1501763df69b228bdf0fd815849e44a15c893123bc56d7752a81.npz,physical,plus,budget,False,False,True,True,54,318,2592,128,138,6167,2.3861421249457635,results/stage6_v1/domain_wall_candidates/cache/11d48bea4fdd24dc3dd3ab782cab6dff6c95caf2ef3312e9e58258c0aa1394d3.npz
windows,8,0.3,0.45,boundary_window,H6,631,True,5.1519862919230945,13575,7440,0.014370332680088473,0.00020650646133641876,0.9999999999999989,0.0,0.9999946670749819,0.0,-6.291419360027053,-6.291464361051791,5.625128092212606e-06,0.0003876050866711278,0.00021326548990874272,9.075640924244288e-05,0.9999878251699079,True,True,True,False,results/stage6_v1/reference_atlas/cache/8367a0bb2eaa1501763df69b228bdf0fd815849e44a15c893123bc56d7752a81.npz,physical,plus,budget,False,False,True,True,54,318,2592,128,138,6167,2.3861421249457635,results/stage6_v1/domain_wall_candidates/cache/11d48bea4fdd24dc3dd3ab782cab6dff6c95caf2ef3312e9e58258c0aa1394d3.npz
windows,8,0.3,0.45,boundary_window,B3,631,True,5.0660931669408455,13405,7392,0.038254805276217364,0.0014634301267213079,0.9999999999999996,0.0,0.9999490562576827,0.0,-6.291127773567766,-6.291464361051791,4.207343550310938e-05,0.005910071351267421,0.0028263729963931006,0.0009381644964043812,0.9998756039809906,True,True,True,False,results/stage6_v1/reference_atlas/cache/8367a0bb2eaa1501763df69b228bdf0fd815849e44a15c893123bc56d7752a81.npz,physical,antiphase,budget,True,True,True,True,41,235,2592,96,94,4124,1.7543728749733418,results/stage6_v1/legacy_b3/adaptive/cache/2e1211c8158706451b22b12871f917e7e650978f2d3b168883926b7f0ed00172.npz
windows,8,0.3,0.4625,boundary_window,C0,631,True,5.531977207981981,14629,7488,0.013516756567075325,0.00018270270809357393,0.9999999999999976,0.0,0.9999977076359217,0.0,-6.341267157804848,-6.3413067341246485,4.9470399751117e-06,0.0007009566858331429,0.00034661099424870834,0.00012530803748866948,0.9999888870335252,True,True,True,False,results/stage6_v1/reference_atlas/cache/cb32aa4c018ac14b7c9670c94dbb7202abf61f80d055bae0c562cdbf34c54bc3.npz,physical,plus,budget,True,True,True,True,55,319,2640,128,133,6943,2.6959653749945574,results/stage6_v1/domain_wall_candidates/cache/b5d2fab37c0ffa6535414d3761d5dd7eef447afd1cd32bd77ccecd4ff4c15e6d.npz
windows,8,0.3,0.4625,boundary_window,H6,631,True,5.531977207981981,14629,7488,0.013516756567075325,0.00018270270809357393,0.9999999999999976,0.0,0.9999977076359217,0.0,-6.341267157804848,-6.3413067341246485,4.9470399751117e-06,0.0007009566858331429,0.00034661099424870834,0.00012530803748866948,0.9999888870335252,True,True,True,False,results/stage6_v1/reference_atlas/cache/cb32aa4c018ac14b7c9670c94dbb7202abf61f80d055bae0c562cdbf34c54bc3.npz,physical,plus,budget,True,True,True,True,55,319,2640,128,133,6943,2.6959653749945574,results/stage6_v1/domain_wall_candidates/cache/b5d2fab37c0ffa6535414d3761d5dd7eef447afd1cd32bd77ccecd4ff4c15e6d.npz
windows,8,0.3,0.4625,boundary_window,B3,631,True,5.052151500945911,12867,7488,0.02541614482882913,0.0006459804179600176,0.9999999999999998,0.0,0.999983436351838,0.0,-6.341156952240994,-6.3413067341246485,1.8722735456777606e-05,0.0030280440854435486,0.001328447020049639,0.0004318497333564153,0.9999521589900098,True,True,True,False,results/stage6_v1/reference_atlas/cache/cb32aa4c018ac14b7c9670c94dbb7202abf61f80d055bae0c562cdbf34c54bc3.npz,physical,antiphase,budget,True,True,True,True,40,234,2544,96,105,4693,1.9802426669630222,results/stage6_v1/legacy_b3/adaptive/cache/48f10dac5aefaab581973a3ee851233907eb17f8569ef901ee202de745db85b8.npz
windows,8,0.3,0.475,boundary_window,C0,631,True,7.676631458976772,20408,7536,0.013459907787121072,0.00018116911763780245,0.9999999999999982,0.0,0.9999968041255601,0.0,-6.393582118924252,-6.393615656734763,4.192226313870506e-06,0.0007877727076119889,0.0003803911829205475,0.00012695612650637234,0.999991559471514,True,True,True,False,results/stage6_v1/reference_atlas/cache/cbc81c5056a8f5e32cae20bc0e96379f18675956b0a05314421a47988a00e8e6.npz,physical,plus,budget,False,False,True,True,56,320,2688,128,131,9998,3.8786821250105277,results/stage6_v1/domain_wall_candidates/cache/be6762bc1b6c2ef9a5c0b9daae06d27778ae544502ff38221472d376004b037b.npz
windows,8,0.3,0.475,boundary_window,H6,631,True,7.676631458976772,20408,7536,0.013459907787121072,0.00018116911763780245,0.9999999999999982,0.0,0.9999968041255601,0.0,-6.393582118924252,-6.393615656734763,4.192226313870506e-06,0.0007877727076119889,0.0003803911829205475,0.00012695612650637234,0.999991559471514,True,True,True,False,results/stage6_v1/reference_atlas/cache/cbc81c5056a8f5e32cae20bc0e96379f18675956b0a05314421a47988a00e8e6.npz,physical,plus,budget,False,False,True,True,56,320,2688,128,131,9998,3.8786821250105277,results/stage6_v1/domain_wall_candidates/cache/be6762bc1b6c2ef9a5c0b9daae06d27778ae544502ff38221472d376004b037b.npz
windows,8,0.3,0.475,boundary_window,B3,631,True,8.433099167014007,21673,7584,0.04152370183431947,0.0017242178140254663,0.9999999999999992,0.0,0.9999260156180251,0.0,-6.393248890789007,-6.393615656734763,4.584574321953028e-05,0.009837510419464068,0.005325510632867347,0.0017719773110498327,0.9998478979146904,True,True,True,False,results/stage6_v1/reference_atlas/cache/cbc81c5056a8f5e32cae20bc0e96379f18675956b0a05314421a47988a00e8e6.npz,physical,ghz,budget,True,True,True,True,37,221,2352,95,86,5862,1.9653791249729693,results/stage6_v1/legacy_b3/adaptive/cache/f571f5fe08d447d20f613dc4eec9df5bfe5f2d1a472c70d8a9f8511579b0fab9.npz
windows,8,0.3,0.4875,boundary_window,C0,631,True,7.129727958003059,18570,7632,0.009680220472674275,9.370666839958216e-05,0.9999999999999996,0.0,0.9999980801928575,0.0,-6.448271616573814,-6.4482892396581795,2.202885545643518e-06,0.0007422978242485057,0.00033130092163691227,0.00010161927218121924,0.9999955652873922,True,True,True,False,results/stage6_v1/reference_atlas/cache/ad2de586262f96cea086c6f82b463421e3e778d843e071e36c1ff1e1a527f102.npz,physical,plus,budget,False,False,True,True,57,321,2736,128,135,9382,3.626914458000101,results/stage6_v1/domain_wall_candidates/cache/5ee224c16bf73e5179ee721a5ec510d14cad867dbcd3fe38e62965fadc6ee716.npz
windows,8,0.3,0.4875,boundary_window,H6,631,True,7.129727958003059,18570,7632,0.009680220472674275,9.370666839958216e-05,0.9999999999999996,0.0,0.9999980801928575,0.0,-6.448271616573814,-6.4482892396581795,2.202885545643518e-06,0.0007422978242485057,0.00033130092163691227,0.00010161927218121924,0.9999955652873922,True,True,True,False,results/stage6_v1/reference_atlas/cache/ad2de586262f96cea086c6f82b463421e3e778d843e071e36c1ff1e1a527f102.npz,physical,plus,budget,False,False,True,True,57,321,2736,128,135,9382,3.626914458000101,results/stage6_v1/domain_wall_candidates/cache/5ee224c16bf73e5179ee721a5ec510d14cad867dbcd3fe38e62965fadc6ee716.npz
windows,8,0.3,0.4875,boundary_window,B3,631,True,7.591278124018572,18624,7632,0.01950950725486634,0.0003806208733276823,0.9999999999999989,0.0,0.9999882025926247,0.0,-6.448209514825429,-6.4482892396581795,9.965604093831182e-06,0.003101613773355383,0.0015365712134612908,0.00047676737476887165,0.9999730594015351,True,True,True,False,results/stage6_v1/reference_atlas/cache/ad2de586262f96cea086c6f82b463421e3e778d843e071e36c1ff1e1a527f102.npz,physical,plus,budget,True,True,True,True,42,242,2736,96,96,9437,3.8620319580077194,results/stage6_v1/legacy_b3/adaptive/cache/8467bcc2e954cde72596d42e55a681baa1e2b5f64f3016f4491114c265b503db.npz
windows,8,0.3,0.5,boundary_window,C0,631,True,6.516138457984198,16897,7584,0.009496457194495832,9.018269924689166e-05,1.0000000000000004,0.0,0.9999985139855777,0.0,-6.505175627854875,-6.5051943423272816,2.339309050802818e-06,0.0009679485605200155,0.00046756634145195264,0.00013717558647086125,0.9999945248308783,True,True,True,False,results/stage6_v1/reference_atlas/cache/5b06fe27c7ac3524f2a877acc6f6bf2ea24fbc5a178247998ffb16b1094ad1b1.npz,physical,ghz,budget,True,True,True,True,48,296,2304,127,143,3329,1.1733925000298768,results/stage6_v1/domain_wall_candidates/cache/1986fd2c20366fada3575c554e23cdbca9282498847cf54207bf824bdbfad1a0.npz
windows,8,0.3,0.5,boundary_window,H6,631,True,6.516138457984198,16897,7584,0.009496457194495832,9.018269924689166e-05,1.0000000000000004,0.0,0.9999985139855777,0.0,-6.505175627854875,-6.5051943423272816,2.339309050802818e-06,0.0009679485605200155,0.00046756634145195264,0.00013717558647086125,0.9999945248308783,True,True,True,False,results/stage6_v1/reference_atlas/cache/5b06fe27c7ac3524f2a877acc6f6bf2ea24fbc5a178247998ffb16b1094ad1b1.npz,physical,ghz,budget,True,True,True,True,48,296,2304,127,143,3329,1.1733925000298768,results/stage6_v1/domain_wall_candidates/cache/1986fd2c20366fada3575c554e23cdbca9282498847cf54207bf824bdbfad1a0.npz
windows,8,0.3,0.5,boundary_window,B3,631,True,7.983914835029282,20281,7536,0.018589185190708162,0.00034555780605444365,1.0,0.0,0.9999909422770401,0.0,-6.505126794512641,-6.5051943423272816,8.443476830044538e-06,0.0033136793412002485,0.0016247380049307925,0.00047318711323385276,0.9999778157480715,True,True,True,False,results/stage6_v1/reference_atlas/cache/5b06fe27c7ac3524f2a877acc6f6bf2ea24fbc5a178247998ffb16b1094ad1b1.npz,physical,antiphase,budget,True,True,True,True,42,236,2544,96,88,6487,2.68912395904772,results/stage6_v1/legacy_b3/adaptive/cache/92d4006dfe874297edc7a86979571ad76a32dcb093b21030c29203d7a99dfd8e.npz
windows,8,0.3,0.5125,boundary_window,C0,631,True,7.103099750063848,18891,7488,0.0064299601717445285,4.1344387810220924e-05,0.9999999999999998,0.0,0.9999990819787818,0.0,-6.564170021441264,-6.564178232671068,1.0264037255680591e-06,0.0007894641376178235,0.00037193132821600194,0.00010099045735822987,0.9999975989671777,True,True,True,False,results/stage6_v1/reference_atlas/cache/64706e03de6b34558ea8f5bb466ff1904eb990bd8eb106c041566a429897ffe1.npz,physical,ghz,budget,True,True,True,True,48,296,2304,127,127,4195,1.515920959005598,results/stage6_v1/domain_wall_candidates/cache/ca0bd30d23514939fde3084ba3d59b7436e02be950e875b0d703c48b2b3b359e.npz
windows,8,0.3,0.5125,boundary_window,H6,631,True,7.103099750063848,18891,7488,0.0064299601717445285,4.1344387810220924e-05,0.9999999999999998,0.0,0.9999990819787818,0.0,-6.564170021441264,-6.564178232671068,1.0264037255680591e-06,0.0007894641376178235,0.00037193132821600194,0.00010099045735822987,0.9999975989671777,True,True,True,False,results/stage6_v1/reference_atlas/cache/64706e03de6b34558ea8f5bb466ff1904eb990bd8eb106c041566a429897ffe1.npz,physical,ghz,budget,True,True,True,True,48,296,2304,127,127,4195,1.515920959005598,results/stage6_v1/domain_wall_candidates/cache/ca0bd30d23514939fde3084ba3d59b7436e02be950e875b0d703c48b2b3b359e.npz
windows,8,0.3,0.5125,boundary_window,B3,631,True,6.4215720419888385,15478,7440,0.006320946681535464,3.99543669508142e-05,0.9999999999999991,0.0,0.9999993056637873,0.0,-6.564170429407904,-6.564178232671068,9.754078955648282e-07,0.000702225696372738,0.00033863521020327525,9.268737324796827e-05,0.9999977878220423,True,True,True,False,results/stage6_v1/reference_atlas/cache/64706e03de6b34558ea8f5bb466ff1904eb990bd8eb106c041566a429897ffe1.npz,physical,ghz,budget,False,False,True,True,48,296,2304,127,128,4032,1.500445417012088,results/stage6_v1/legacy_b3/adaptive/cache/09b0b53e2c24a27769939feb504abd0f82c4ab313b2c839a137665b6ebf145e7.npz
windows,8,0.3,0.525,boundary_window,C0,631,True,6.498111207969487,16505,7632,0.004410273887447921,1.9450515762304998e-05,0.9999999999999996,0.0,0.9999992125890433,0.0,-6.625075456898589,-6.625079756067465,5.373961095012092e-07,0.0010859794917922883,0.0005387043797381308,0.0001362720775549553,0.9999982603873833,True,True,True,False,results/stage6_v1/reference_atlas/cache/2f9babf1915fa2f220b8a922dceaf10f36bbd1f5e73eb19958e852d7c4e5caaa.npz,physical,plus,budget,True,True,True,True,45,245,2688,96,102,7337,2.7440473329625092,results/stage6_v1/domain_wall_candidates/cache/135af5934ef5f399167b617c9d1ce83553d674bc7d3caa48e3319920d1a7148a.npz
windows,8,0.3,0.525,boundary_window,H6,631,True,6.498111207969487,16505,7632,0.004410273887447921,1.9450515762304998e-05,0.9999999999999996,0.0,0.9999992125890433,0.0,-6.625075456898589,-6.625079756067465,5.373961095012092e-07,0.0010859794917922883,0.0005387043797381308,0.0001362720775549553,0.9999982603873833,True,True,True,False,results/stage6_v1/reference_atlas/cache/2f9babf1915fa2f220b8a922dceaf10f36bbd1f5e73eb19958e852d7c4e5caaa.npz,physical,plus,budget,True,True,True,True,45,245,2688,96,102,7337,2.7440473329625092,results/stage6_v1/domain_wall_candidates/cache/135af5934ef5f399167b617c9d1ce83553d674bc7d3caa48e3319920d1a7148a.npz
windows,8,0.3,0.525,boundary_window,B3,631,True,6.907312208029907,13403,6864,0.008438978298938984,7.121635472996311e-05,0.9999999999999996,0.0,0.9999958278435093,0.0,-6.625057259296607,-6.625079756067465,2.8120963572186852e-06,0.0044241810266149595,0.0023993106426990485,0.0006890209315010276,0.9999840895516237,True,True,True,False,results/stage6_v1/reference_atlas/cache/2f9babf1915fa2f220b8a922dceaf10f36bbd1f5e73eb19958e852d7c4e5caaa.npz,physical,ghz,pool_gradient,True,True,True,True,24,144,1776,63,74,1190,0.4296146249980666,results/stage6_v1/legacy_b3/adaptive/cache/ecd8f72e2615a8dd2e0fe2d9bc64e80c7127717dd334340690db274e946414c6.npz
windows,8,0.3,0.5375,boundary_window,C0,631,True,6.426949791959487,17383,7536,0.005644946077790339,3.186541622116053e-05,0.9999999999999983,0.0,0.999998971626872,0.0,-6.687733122362134,-6.687738513064615,6.738378101056597e-07,0.0007817307229993076,0.000369127815985304,7.966233399481215e-05,0.9999986197804154,True,True,True,False,results/stage6_v1/reference_atlas/cache/ee7ef5bf36430843698dc8b774caeaa1441809888c44dbd79b301091904a3e8d.npz,physical,plus,budget,False,False,True,True,46,246,2736,96,99,9148,3.5133400000049733,results/stage6_v1/domain_wall_candidates/cache/e91a38f5c08983de154237462afe886b4fb96a5c4ebfeb0d60f38682a72603c7.npz
windows,8,0.3,0.5375,boundary_window,H6,631,True,6.426949791959487,17383,7536,0.005644946077790339,3.186541622116053e-05,0.9999999999999983,0.0,0.999998971626872,0.0,-6.687733122362134,-6.687738513064615,6.738378101056597e-07,0.0007817307229993076,0.000369127815985304,7.966233399481215e-05,0.9999986197804154,True,True,True,False,results/stage6_v1/reference_atlas/cache/ee7ef5bf36430843698dc8b774caeaa1441809888c44dbd79b301091904a3e8d.npz,physical,plus,budget,False,False,True,True,46,246,2736,96,99,9148,3.5133400000049733,results/stage6_v1/domain_wall_candidates/cache/e91a38f5c08983de154237462afe886b4fb96a5c4ebfeb0d60f38682a72603c7.npz
windows,8,0.3,0.5375,boundary_window,B3,631,True,7.427924040996004,16219,7200,0.049270528112655726,0.002427584940499998,0.9999999999999994,0.0,0.9999122306604413,0.0,-6.6873008379948935,-6.687738513064615,5.470938371521239e-05,0.008847418760367265,0.0050716369068752876,0.001880115906678026,0.9998607690018242,True,True,True,False,results/stage6_v1/reference_atlas/cache/ee7ef5bf36430843698dc8b774caeaa1441809888c44dbd79b301091904a3e8d.npz,physical,ghz,budget,True,True,True,True,34,218,2256,95,98,3632,1.3913222080445848,results/stage6_v1/legacy_b3/adaptive/cache/9a83923b0c7e4b47dc9034bf884d3fc33c40ea938bddeb5a07d52ac39cd7096b.npz
windows,8,0.3,0.55,boundary_window,C0,631,True,7.018879667040892,17935,7584,0.0053272511617338475,2.8379604940194628e-05,0.9999999999999988,0.0,0.999999495895227,0.0,-6.75199579878972,-6.752001426819998,7.035037847824555e-07,0.0008919699381537971,0.000385454572944699,8.205975454655956e-05,0.9999982770863758,True,True,True,False,results/stage6_v1/reference_atlas/cache/0add3495754b886fbb1933b859723c34326c839fa4a1e90cf6f138438092e44f.npz,physical,ghz,budget,True,True,True,True,49,297,2352,127,118,3544,1.2841820410103537,results/stage6_v1/domain_wall_candidates/cache/f187a1f983e7b5853a15b026794d54fa3ffad4c48f99c9f0379e58faa7702064.npz
windows,8,0.3,0.55,boundary_window,H6,631,True,7.018879667040892,17935,7584,0.0053272511617338475,2.8379604940194628e-05,0.9999999999999988,0.0,0.999999495895227,0.0,-6.75199579878972,-6.752001426819998,7.035037847824555e-07,0.0008919699381537971,0.000385454572944699,8.205975454655956e-05,0.9999982770863758,True,True,True,False,results/stage6_v1/reference_atlas/cache/0add3495754b886fbb1933b859723c34326c839fa4a1e90cf6f138438092e44f.npz,physical,ghz,budget,True,True,True,True,49,297,2352,127,118,3544,1.2841820410103537,results/stage6_v1/domain_wall_candidates/cache/f187a1f983e7b5853a15b026794d54fa3ffad4c48f99c9f0379e58faa7702064.npz
windows,8,0.3,0.55,boundary_window,B3,631,True,9.084259126044344,18663,7488,0.040015753389067106,0.0016012605192946357,0.9999999999999984,0.0,0.9999421355816246,0.0,-6.75173225131268,-6.752001426819998,3.364693841478861e-05,0.0011354845488789622,0.0005661080153702702,0.000528575795234687,0.9999386670341489,True,True,True,False,results/stage6_v1/reference_atlas/cache/0add3495754b886fbb1933b859723c34326c839fa4a1e90cf6f138438092e44f.npz,physical,antiphase,budget,True,True,True,True,41,235,2496,96,112,5472,2.7407733339932747,results/stage6_v1/legacy_b3/adaptive/cache/6cdbbb18dddb4d8b0d2b68d9ead549c58db7bc125bef9b0708a314e967bc21d2.npz
windows,8,0.3,0.5625,boundary_window,C0,631,True,7.497896916989703,19931,7488,0.00907622472474651,8.237785525409987e-05,1.0,0.0,0.999998677026388,0.0,-6.817711331147548,-6.817726776330504,1.930647869574642e-06,0.0014871383545921046,0.0006264600369809692,0.00012104746910757136,0.9999954711552662,True,True,True,False,results/stage6_v1/reference_atlas/cache/cc8660c02d7dade4fe93cf7cb13ff3ea819d2c0fafb5256ca6dbc246924ee3a5.npz,physical,ghz,budget,False,False,True,True,49,297,2352,127,113,4018,1.400162875012029,results/stage6_v1/domain_wall_candidates/cache/d97bd0529cea15b6c414f012f8bf1114fa6ab4a09d5b6c4f1189f1e96023ddc7.npz
windows,8,0.3,0.5625,boundary_window,H6,631,True,7.497896916989703,19931,7488,0.00907622472474651,8.237785525409987e-05,1.0,0.0,0.999998677026388,0.0,-6.817711331147548,-6.817726776330504,1.930647869574642e-06,0.0014871383545921046,0.0006264600369809692,0.00012104746910757136,0.9999954711552662,True,True,True,False,results/stage6_v1/reference_atlas/cache/cc8660c02d7dade4fe93cf7cb13ff3ea819d2c0fafb5256ca6dbc246924ee3a5.npz,physical,ghz,budget,False,False,True,True,49,297,2352,127,113,4018,1.400162875012029,results/stage6_v1/domain_wall_candidates/cache/d97bd0529cea15b6c414f012f8bf1114fa6ab4a09d5b6c4f1189f1e96023ddc7.npz
windows,8,0.3,0.5625,boundary_window,B3,631,True,8.18653125106357,19817,7488,0.05576876749805517,0.0031101554282521346,1.0000000000000004,0.0,0.9999194356671013,0.0,-6.817036723990967,-6.817726776330504,8.625654244220904e-05,0.020506862041723584,0.012047175677057764,0.0038679209247338697,0.9996031680905387,False,True,False,False,results/stage6_v1/reference_atlas/cache/cc8660c02d7dade4fe93cf7cb13ff3ea819d2c0fafb5256ca6dbc246924ee3a5.npz,physical,ghz,budget,True,True,True,True,36,220,2352,95,87,3932,1.2950185000081547,results/stage6_v1/legacy_b3/adaptive/cache/b439009de70cb4544a54f4dbf76a4ed677507c16e4f36e0f22d1ab55d7cd73ff.npz
windows,8,0.3,0.575,boundary_window,C0,631,True,8.08079433295643,20261,7584,0.012277964731379199,0.0001507484179449915,0.9999999999999994,0.0,0.9999968524340709,0.0,-6.884761210035168,-6.884786157023902,3.118373591792789e-06,0.0011660325425428553,0.0004346428849132389,5.0397936019130896e-05,0.999994389257872,True,True,True,False,results/stage6_v1/reference_atlas/cache/2967d8b79e4dcd0ed4608d4dd184217a7dd4e730aabcafe3a140693de61e59c1.npz,physical,antiphase,budget,False,False,True,True,53,311,2544,128,134,6595,2.6336226249695756,results/stage6_v1/domain_wall_candidates/cache/e32f97e8828491d96fc2a26c22030af1d6fa9670de0a07a19b203f45c4a4ea3f.npz
windows,8,0.3,0.575,boundary_window,H6,631,True,8.08079433295643,20261,7584,0.012277964731379199,0.0001507484179449915,0.9999999999999994,0.0,0.9999968524340709,0.0,-6.884761210035168,-6.884786157023902,3.118373591792789e-06,0.0011660325425428553,0.0004346428849132389,5.0397936019130896e-05,0.999994389257872,True,True,True,False,results/stage6_v1/reference_atlas/cache/2967d8b79e4dcd0ed4608d4dd184217a7dd4e730aabcafe3a140693de61e59c1.npz,physical,antiphase,budget,False,False,True,True,53,311,2544,128,134,6595,2.6336226249695756,results/stage6_v1/domain_wall_candidates/cache/e32f97e8828491d96fc2a26c22030af1d6fa9670de0a07a19b203f45c4a4ea3f.npz
windows,8,0.3,0.575,boundary_window,B3,631,True,8.320377290947363,19660,7584,0.06446365125120262,0.0041555623326366775,0.9999999999999988,0.0,0.9999373508059937,0.0,-6.884040667983789,-6.884786157023902,9.318613001418896e-05,0.007339335372623906,0.005280923874403209,0.002456122407327621,0.9997918474154559,True,True,True,False,results/stage6_v1/reference_atlas/cache/2967d8b79e4dcd0ed4608d4dd184217a7dd4e730aabcafe3a140693de61e59c1.npz,physical,plus,budget,True,True,True,True,31,167,2640,64,54,6552,2.9545408329577185,results/stage6_v1/legacy_b3/adaptive/cache/3be8c780198eb0bdfff18465fb4b13d44275abc235b2c5a903bd2011dfd556ee.npz
windows,8,0.45,0.0125,boundary_window,C0,631,True,3.588219125987962,11262,7536,0.0001338841356678385,1.7924961783524185e-08,0.999999999999998,0.0,0.9999999998394072,0.0,-4.4005685166539825,-4.40056852117418,5.650246936994563e-10,1.2312653008272889e-08,8.44983860659454e-09,6.582510999296465e-08,0.9999999951320122,True,True,True,False,results/stage6_v1/reference_atlas/cache/95f4d83d0003cc24b554ebb8249622dd811cbf8c2bdd1930712691613e972659.npz,physical,ghz,budget,True,True,True,True,20,140,2448,63,58,856,0.31422016699798405,results/stage6_v1/domain_wall_candidates/cache/071ce8c3298b0ecc8b5f0de505850f058bd4ae649471b15155cdc918e6e6c37b.npz
windows,8,0.45,0.0125,boundary_window,H6,631,True,5.790142625919543,19663,12789,0.0001940277142664546,3.7646753903464946e-08,1.0000000000000004,0.0,0.999999893714292,0.0,-4.400568475039458,-4.40056852117418,5.766840227572345e-09,1.5408549058903986e-07,1.1772397756626418e-07,1.8535334537807258e-06,0.9999998916187256,True,True,True,False,results/stage6_v1/reference_atlas/cache/95f4d83d0003cc24b554ebb8249622dd811cbf8c2bdd1930712691613e972659.npz,wall,empty,energy_stagnation,True,True,True,True,25,141,1275,41,53,894,0.15292620798572898,results/stage6_v1/domain_wall_candidates/cache/0c08b4ea4c5d2b5905e3feca0b74ed0dfeb3971d90ca479ca108eb000c5f674a.npz
windows,8,0.45,0.0125,boundary_window,B3,631,True,0.06248095800401643,309,2064,0.035355339059327376,0.00125,0.9999999999999998,0.0,0.9999999999999998,0.0,-4.3999999999999995,-4.40056852117418,7.106514677257536e-05,0.00013028842343532077,0.00011387527883344184,0.011377240908759188,0.9997404565904487,True,True,True,False,results/stage6_v1/reference_atlas/cache/95f4d83d0003cc24b554ebb8249622dd811cbf8c2bdd1930712691613e972659.npz,physical,ghz,pool_gradient,,True,False,True,0,8,768,7,8,107,0.018216833006590605,results/stage6_v1/legacy_b3/adaptive/cache/926eaead11ef8c8f6b4a0ac2ff86ae59858354fe004fb63bc71bf74b7b3c75bc.npz
windows,8,0.45,0.025,boundary_window,C0,631,True,1.7117753340280615,5349,7200,0.0005009235348773298,2.509243877939995e-07,0.9999999999999999,0.0,0.9999999940479533,0.0,-4.402278086056876,-4.402278232549556,1.8311585026076216e-08,1.0959892012829542e-06,7.777015237353524e-07,4.0837057705342406e-06,0.9999996865411277,True,True,True,False,results/stage6_v1/reference_atlas/cache/1baaa170ce1c5bb652b5d7d78d02c6643d3659755b7d0c3c7411b5a63930eaa3.npz,physical,ghz,budget,True,True,True,True,20,140,2256,63,59,1547,0.5390842920169234,results/stage6_v1/domain_wall_candidates/cache/243ebbb20783d0947b8af65e198f21b85b8cb4f3de87ff1aadfdb9943a52f899.npz
windows,8,0.45,0.025,boundary_window,H6,631,True,23.64092500100378,42534,24132,0.0005009235348773298,2.509243877939995e-07,0.9999999999999999,0.0,0.9999999940479533,0.0,-4.402278086056876,-4.402278232549556,1.8311585026076216e-08,1.0959892012829542e-06,7.777015237353524e-07,4.0837057705342406e-06,0.9999996865411277,True,True,True,False,results/stage6_v1/reference_atlas/cache/1baaa170ce1c5bb652b5d7d78d02c6643d3659755b7d0c3c7411b5a63930eaa3.npz,physical,ghz,budget,True,True,True,True,20,140,2256,63,59,1547,0.5390842920169234,results/stage6_v1/domain_wall_candidates/cache/243ebbb20783d0947b8af65e198f21b85b8cb4f3de87ff1aadfdb9943a52f899.npz
windows,8,0.45,0.025,boundary_window,B3,631,True,0.09251229104120284,449,2352,0.0014294278053302298,2.0432638506511976e-06,1.0000000000000004,0.0,0.9999966878211162,0.0,-4.402274055862128,-4.402278232549556,5.220859286003687e-07,1.474732431017145e-05,1.123009555514809e-05,8.463871980953636e-05,0.9999893337993613,True,True,True,False,results/stage6_v1/reference_atlas/cache/1baaa170ce1c5bb652b5d7d78d02c6643d3659755b7d0c3c7411b5a63930eaa3.npz,physical,ghz,pool_gradient,True,True,True,True,10,66,768,31,36,102,0.018560875032562762,results/stage6_v1/legacy_b3/adaptive/cache/90a506bc0f9bb80cb81a208f3d54a3973ce5717d0006303bbf4a816070907961.npz
windows,8,0.45,0.0375,boundary_window,C0,631,True,4.517733373970259,13736,6768,0.0012335069262932802,1.521539337213496e-06,0.9999999999999992,0.0,0.9999999237438453,0.0,-4.405140693581195,-4.405142214382113,1.9010011464981602e-07,1.3620041684814232e-05,9.498859131706894e-06,3.0289797023005938e-05,0.9999958301774027,True,True,True,False,results/stage6_v1/reference_atlas/cache/23cd722244ee7f14de4afd269478fb2c18063134d64c673d55561de0a966b364.npz,physical,ghz,budget,True,True,True,True,20,140,2064,63,58,3687,1.1618262499687262,results/stage6_v1/domain_wall_candidates/cache/86394c4cff44dd54171dc6368c676695a2fc150f4c7c746cb0083f21966889a8.npz
windows,8,0.45,0.0375,boundary_window,H6,631,True,44.37841053993907,69231,28341,0.0012335069262932802,1.521539337213496e-06,0.9999999999999992,0.0,0.9999999237438453,0.0,-4.405140693581195,-4.405142214382113,1.9010011464981602e-07,1.3620041684814232e-05,9.498859131706894e-06,3.0289797023005938e-05,0.9999958301774027,True,True,True,False,results/stage6_v1/reference_atlas/cache/23cd722244ee7f14de4afd269478fb2c18063134d64c673d55561de0a966b364.npz,physical,ghz,budget,True,True,True,True,20,140,2064,63,58,3687,1.1618262499687262,results/stage6_v1/domain_wall_candidates/cache/86394c4cff44dd54171dc6368c676695a2fc150f4c7c746cb0083f21966889a8.npz
windows,8,0.45,0.0375,boundary_window,B3,631,True,0.18430500000249594,812,3024,0.0032261412460532217,1.0407987339485834e-05,1.0,0.0,0.9999833764327954,0.0,-4.405120328061203,-4.405142214382113,2.7357901136726426e-06,8.26154914549404e-05,6.232883399959199e-05,0.0003012962270479147,0.9999409644528264,True,True,True,False,results/stage6_v1/reference_atlas/cache/23cd722244ee7f14de4afd269478fb2c18063134d64c673d55561de0a966b364.npz,physical,ghz,pool_gradient,True,True,True,True,10,66,1152,31,30,304,0.060202958004083484,results/stage6_v1/legacy_b3/adaptive/cache/9b59a90fb5457d58e28c56111ca7b4c57702f81bcaabf05ed8db90414a1ad54d.npz
windows,8,0.45,0.05,boundary_window,C0,631,True,7.029540374991484,19928,6864,0.001586082260283326,2.5156569363854648e-06,0.9999999999999989,0.0,0.9999964642240021,0.0,-4.409179203191028,-4.409184908542796,7.131689709893863e-07,6.740432124374696e-05,4.578396624954628e-05,9.482803674818602e-05,0.99998018979914,True,True,True,False,results/stage6_v1/reference_atlas/cache/faac805876fb4a7a867f6e2f3f7f6d25f206f417404d35fb1d9d37ec0d5362b1.npz,physical,ghz,budget,True,True,True,True,32,216,2016,95,85,5147,1.7646968750050291,results/stage6_v1/domain_wall_candidates/cache/710e446dbbf1005320615aa686231dabaf2296731b578a908a917f14782c4e10.npz
windows,8,0.45,0.05,boundary_window,H6,631,True,62.61642170895357,104757,28845,0.003043090585908507,9.26040031404498e-06,0.9999999999999978,0.0,0.9999977543521197,0.0,-4.409181468149301,-4.409184908542796,4.300491869280165e-07,2.3306683000989814e-05,1.7176605666913147e-05,5.196507934209643e-05,0.9999947166535281,True,True,True,False,results/stage6_v1/reference_atlas/cache/faac805876fb4a7a867f6e2f3f7f6d25f206f417404d35fb1d9d37ec0d5362b1.npz,wall,uniform,parameter_cap160,False,False,True,True,35,212,8160,63,77,31252,23.459197750024032,results/stage6_v1/domain_wall_candidates/cache/cfbd56fcf5b5fd1944ce48d1e41cefc08e4faf683590a36e32128acba0f4697f.npz
windows,8,0.45,0.05,boundary_window,B3,631,True,4.8064366249600425,13016,5520,0.005759164237674348,3.316797271650715e-05,0.9999999999999999,0.0,0.999948072780906,0.0,-4.409111908442544,-4.409184908542796,9.125012531585597e-06,0.00030736961083277503,0.00022825216340072174,0.0007779427055339544,0.9997840183321419,True,True,True,False,results/stage6_v1/reference_atlas/cache/faac805876fb4a7a867f6e2f3f7f6d25f206f417404d35fb1d9d37ec0d5362b1.npz,physical,ghz,pool_gradient,True,True,True,True,10,66,1200,31,33,397,0.08435691695194691,results/stage6_v1/legacy_b3/adaptive/cache/431d91ed20192fbc86f73b711eb2c99b29f37da204bd68717523a4a742e4b1d5.npz
windows,8,0.45,0.0625,boundary_window,C0,631,True,9.229241748980712,25315,7152,0.0021000747139981956,4.410313804374603e-06,0.9999999999999976,0.0,0.9999948234706499,0.0,-4.414444739422327,-4.414448533917471,4.743118929839696e-07,8.332997975490919e-05,5.183470175562643e-05,6.816651719512151e-05,0.9999890734374669,True,True,True,False,results/stage6_v1/reference_atlas/cache/d44e836a337e8bed04278b42a24344a81f01ca548f7bffe13f5299be1299471a.npz,physical,plus,budget,False,False,True,True,40,240,2640,96,89,9779,3.8403608750086278,results/stage6_v1/domain_wall_candidates/cache/e41df1ab560c4f8a3fc8c830d9c58b6848b3ee4ef7e92e4814bc8d76c6ae4ab2.npz
windows,8,0.45,0.0625,boundary_window,H6,631,True,58.63200795801822,113623,26175,0.0018334150201795266,3.3614106362198937e-06,0.9999999999999982,0.0,0.9999998200628595,0.0,-4.414447719513195,-4.414448533917471,1.0180053455766114e-07,5.944381837763579e-06,4.453923611924537e-06,9.62531504117986e-06,0.9999997640919128,True,True,True,False,results/stage6_v1/reference_atlas/cache/d44e836a337e8bed04278b42a24344a81f01ca548f7bffe13f5299be1299471a.npz,wall,uniform,parameter_cap160,False,False,True,True,53,318,8160,95,146,36220,23.72452962503303,results/stage6_v1/domain_wall_candidates/cache/3fcb66fd5faf9022ddc844c17ecd66eb3a41d14706d4780db95e912afe83b9d4.npz
windows,8,0.45,0.0625,boundary_window,B3,631,True,9.839322666055523,25244,6912,0.009045215543512168,8.181592422859413e-05,0.9999999999999998,0.0,0.9998751549431815,0.0,-4.414255344618354,-4.414448533917471,2.414866238964475e-05,0.000962752910707132,0.0006977286885943013,0.001734233166255296,0.9993373331873592,True,True,True,False,results/stage6_v1/reference_atlas/cache/d44e836a337e8bed04278b42a24344a81f01ca548f7bffe13f5299be1299471a.npz,physical,ghz,budget,True,True,True,True,10,66,2064,31,33,5776,1.9015968330204487,results/stage6_v1/legacy_b3/adaptive/cache/a28c70560db9118e19794c474b2b3bab180ff21827f2c6b9a7165afbcc9dff9b.npz
windows,8,0.45,0.075,boundary_window,C0,631,True,8.977734000014607,26199,7056,0.0025320377153315965,6.411214991861651e-06,0.9999999999999991,0.0,0.9999997837681822,0.0,-4.4210088316179785,-4.42101058772124,2.1951290762878273e-07,3.030393119196617e-05,1.8191072710838085e-05,2.4019240186204383e-05,0.9999992883643101,True,True,True,False,results/stage6_v1/reference_atlas/cache/b0c8e7bd8e207abb5f8d41c8fd88f785d7497dd006d19631cc69556eb34de60d.npz,physical,antiphase,budget,False,False,True,True,50,308,2400,128,138,8984,3.0293496250524186,results/stage6_v1/domain_wall_candidates/cache/c1d37d84a6a04f5ac4b3d67f7e3ece8621a88b2d92306a919f553cc073a6d931.npz
windows,8,0.45,0.075,boundary_window,H6,631,True,68.93466241698479,127394,28221,0.0028913587690271177,8.35995553123001e-06,0.9999999999999973,0.0,0.9999995429377706,0.0,-4.421008750269774,-4.42101058772124,2.2968143320589718e-07,3.759666931335559e-06,1.751830470464455e-06,1.1637090423344265e-05,0.9999994442667667,True,True,True,False,results/stage6_v1/reference_atlas/cache/b0c8e7bd8e207abb5f8d41c8fd88f785d7497dd006d19631cc69556eb34de60d.npz,wall,uniform,energy_stagnation,False,False,True,True,53,320,7344,95,148,34160,20.800025000004098,results/stage6_v1/domain_wall_candidates/cache/c3da80c3f79a54b519e99e485fd4bf9dacb6b939303c33a52f18c2515a4a894b.npz
windows,8,0.45,0.075,boundary_window,B3,631,True,11.35759616602445,28968,7248,0.01310361741320384,0.00017170478931161892,0.9999999999999999,0.0,0.9997459398402404,0.0,-4.42055870420265,-4.42101058772124,5.6485439823728e-05,0.002891883587307076,0.0020258701848366867,0.0036775714702333706,0.9980529686024696,True,True,True,False,results/stage6_v1/reference_atlas/cache/b0c8e7bd8e207abb5f8d41c8fd88f785d7497dd006d19631cc69556eb34de60d.npz,physical,ghz,budget,True,True,True,True,10,66,2256,31,31,8648,3.121943290985655,results/stage6_v1/legacy_b3/adaptive/cache/4d78e51885540fa7a6d51931a81c7423da65989b861fd61f0fda02ce04aa1f4d.npz
windows,8,0.45,0.0875,boundary_window,C0,631,True,10.97058779199142,30584,7344,0.0036239152000514755,1.3132761377164126e-05,0.9999999999999977,0.0,0.9999992949854293,0.0,-4.429035119394332,-4.429038814986393,4.619490077129029e-07,0.0001037274152895229,6.505875383433501e-05,5.96886893710763e-05,0.9999985363815243,True,True,True,False,results/stage6_v1/reference_atlas/cache/973630dbee60e1592e8af288d78517f70fd47654a29b1278cf609660f6aa275b.npz,physical,plus,budget,False,False,True,True,55,319,2640,128,121,11341,4.31177191704046,results/stage6_v1/domain_wall_candidates/cache/9517e9ccc3a7ca60b8f41bd876b084f945827b51e387093574c538887a31e808.npz
windows,8,0.45,0.0875,boundary_window,H6,631,True,88.85487145895604,151290,30702,0.006092508514641638,3.711866000098086e-05,0.9999999999999984,0.0,0.9999963826678335,0.0,-4.429029249362371,-4.429038814986393,1.1957030028320048e-06,8.70280401821244e-05,6.320304840223834e-05,9.386528193706944e-05,0.9999960343102187,True,True,True,False,results/stage6_v1/reference_atlas/cache/973630dbee60e1592e8af288d78517f70fd47654a29b1278cf609660f6aa275b.npz,wall,uniform,energy_stagnation,True,True,True,True,54,319,7038,95,137,40597,25.593949583999347,results/stage6_v1/domain_wall_candidates/cache/f61f4ba944c666745b8728fd2981c710959d96b92c007f51f9dc0461c1474904.npz
windows,8,0.45,0.0875,boundary_window,B3,631,True,9.98834079207154,26930,7200,0.010697626245529532,0.00011443920728904227,1.0000000000000004,0.0,0.9999904498816421,0.0,-4.428620767481417,-4.429038814986393,5.225593812208107e-05,0.0072895662822933804,0.004709645245286054,0.0047819661884526965,0.9966715866103528,True,True,True,False,results/stage6_v1/reference_atlas/cache/973630dbee60e1592e8af288d78517f70fd47654a29b1278cf609660f6aa275b.npz,physical,ghz,budget,True,True,True,True,20,140,2208,63,58,8212,2.5678465830278583,results/stage6_v1/legacy_b3/adaptive/cache/5aea443df783d5b96e2fc2a2ef9fac595480126485500629288e1e7ce735f357.npz
windows,8,0.45,0.1,boundary_window,C0,631,True,9.123704708006699,25790,7344,0.0028296397716408342,8.006861237251592e-06,0.9999999999999987,0.0,0.9999993182782054,0.0,-4.439008524510433,-4.439011048584526,3.15509261716862e-07,0.00019431079995124723,9.77770541694678e-05,3.378360354991394e-05,0.9999984371217416,True,True,True,False,results/stage6_v1/reference_atlas/cache/d8ce3add3da91bb8b0b4ccc109d42c1862ef23d7e4f7bf9f7d31f3226e9b2e33.npz,physical,plus,budget,False,False,True,True,54,318,2592,128,136,8758,3.377794250031002,results/stage6_v1/domain_wall_candidates/cache/5b9c6d02929dd3c022fb39ad779ce7692395c38f2264335c9c308f05193c4f66.npz
windows,8,0.45,0.1,boundary_window,H6,631,True,80.57407570903888,139065,30141,0.005222808231932365,2.7277725827540473e-05,0.9999999999999991,0.0,0.999993540798132,0.0,-4.439002634936946,-4.439011048584526,1.0517059475523283e-06,0.0007568716715772306,0.00043336555520534503,0.00017889798487108477,0.9999903717399765,True,True,True,False,results/stage6_v1/reference_atlas/cache/d8ce3add3da91bb8b0b4ccc109d42c1862ef23d7e4f7bf9f7d31f3226e9b2e33.npz,wall,alternating,parameter_cap160,True,True,True,True,50,303,8160,95,142,35531,22.72534058400197,results/stage6_v1/domain_wall_candidates/cache/d556d701460d320e544c6939464955a5670f0b5b464e794f6095ef8182590bf7.npz
windows,8,0.45,0.1,boundary_window,B3,631,True,10.025125165935606,26424,7344,0.015457167205241311,0.00023892401801078747,0.9999999999999991,0.0,0.9994088316350416,0.0,-4.438755093659474,-4.439011048584526,3.1994365631504706e-05,0.007204261793248734,0.0044272106431548774,0.0031842361992356766,0.999116474171639,True,True,True,False,results/stage6_v1/reference_atlas/cache/d8ce3add3da91bb8b0b4ccc109d42c1862ef23d7e4f7bf9f7d31f3226e9b2e33.npz,physical,ghz,budget,True,True,True,True,34,218,2304,95,125,6169,2.010237540991511,results/stage6_v1/legacy_b3/adaptive/cache/31bec6567cfbef5fd443191e1c097210b18692d541a1bcae672ba5ea67fb827b.npz
windows,8,0.45,0.1125,boundary_window,C0,631,True,8.855666791088879,24986,7488,0.010989229342220687,0.00012076316153592412,1.0,0.0,0.9999764761628743,0.0,-4.452910211468284,-4.452967592518384,7.172631262486462e-06,0.013450012884126061,0.007655170008598833,0.00350863694873782,0.9997772840218697,True,True,True,False,results/stage6_v1/reference_atlas/cache/c0a22247d1270813b00e5ffd351947f8618e573c98ab0586a5c0e62cb2a44090.npz,physical,plus,budget,False,False,True,True,56,320,2688,128,122,10366,3.9468005830422044,results/stage6_v1/domain_wall_candidates/cache/27cb1a9779497337bbf740baa79c8311a5bcd48bde7ecac1c80f373dca399771.npz
windows,8,0.45,0.1125,boundary_window,H6,631,True,85.6784864582005,141877,30846,0.005742866796613025,3.298051904364034e-05,0.9999999999999982,0.0,0.9999972521712492,0.0,-4.452961237518922,-4.452967592518384,7.943749327221639e-07,0.001584934922415182,0.0009278928715302781,0.0004336559559610653,0.9999950527613198,True,True,True,False,results/stage6_v1/reference_atlas/cache/c0a22247d1270813b00e5ffd351947f8618e573c98ab0586a5c0e62cb2a44090.npz,wall,uniform,parameter_cap160,True,True,True,True,160,677,8160,127,354,42178,29.544286792050116,results/stage6_v1/domain_wall_candidates/cache/db31014e50c8944b4cb08879980ff89db052614b68205e91f3627a854b93cd58.npz
windows,8,0.45,0.1125,boundary_window,B3,631,True,9.570019665930886,25907,7536,0.013484662217858944,0.0001818361151297525,1.0,0.0,0.9999223888622224,0.0,-4.452827793725669,-4.452967592518384,1.747484908931618e-05,0.029138863513822555,0.016553238794101865,0.007589063152716874,0.9989736578356665,False,True,False,False,results/stage6_v1/reference_atlas/cache/c0a22247d1270813b00e5ffd351947f8618e573c98ab0586a5c0e62cb2a44090.npz,physical,antiphase,budget,True,True,True,True,40,234,2544,96,96,8047,3.0761245419853367,results/stage6_v1/legacy_b3/adaptive/cache/25de747a919b49b27629f613ff515b21528222f29be92aa13b34ac5538d5d630.npz
windows,8,0.45,0.125,boundary_window,C0,631,False,7.526210623967927,19783,7632,0.06583913370479609,0.004334791526998017,0.9999999999999977,0.0,0.9998038433496923,0.0,-4.477741857257633,-4.480265370167197,0.0003154391136954704,0.25668574984868975,0.14547978075679985,0.05643821371659902,0.9723197622442519,False,False,False,False,results/stage6_v1/reference_atlas/cache/43954ab5149209f1eff76f79c16e262f10bff44b6d6d466553428c3f63f713fa.npz,physical,plus,budget,False,False,True,False,58,322,2784,128,121,7090,2.8470847079879604,results/stage6_v1/domain_wall_candidates/cache/bdec43d6da365c227e62d778279a2af0a083a078f5448f37efc552b5a23b1809.npz
windows,8,0.45,0.125,boundary_window,H6,631,True,71.48531737399753,119030,29664,0.029080008334661966,0.0008456468847440094,0.9999999999999989,0.0,0.9999046385736142,0.0,-4.480063809102763,-4.480265370167197,2.519513305421217e-05,0.017891286436564485,0.01049975407217435,0.004201723751003694,0.9997627264624249,True,True,True,False,results/stage6_v1/reference_atlas/cache/43954ab5149209f1eff76f79c16e262f10bff44b6d6d466553428c3f63f713fa.npz,wall,empty,energy_stagnation,True,True,True,True,112,538,5712,127,250,27040,14.863971166021656,results/stage6_v1/domain_wall_candidates/cache/f516512b8aa7e873923dc9f90d7bd50dcc1295d409039c67d4e6971697f22c88.npz
windows,8,0.45,0.125,boundary_window,B3,631,False,7.811302667018026,19430,7776,0.06375246971449963,0.004064377394698193,0.9999999999999996,0.0,0.9994442271285768,0.0,-4.477066926357518,-4.480265370167197,0.00039980547620988016,0.3017523008110923,0.1709889041635137,0.06695294567385962,0.9611879605867555,False,False,False,False,results/stage6_v1/reference_atlas/cache/43954ab5149209f1eff76f79c16e262f10bff44b6d6d466553428c3f63f713fa.npz,physical,ghz,budget,True,True,True,False,48,296,2304,127,131,3340,1.0154031670535915,results/stage6_v1/legacy_b3/adaptive/cache/1dd250af23dcf5051d4815773a8d58f143201dcc5b7098b5bf551610fd6d431b.npz
windows,8,0.45,0.1375,boundary_window,C0,631,False,6.739926082955208,17522,7872,0.09670350602559533,0.009351568077642352,0.9999999999999987,0.0,0.998999372515159,0.0,-4.5150506382521405,-4.524391682006751,0.0011676304693263306,0.46664629023351656,0.264842182080928,0.09135324866258865,0.8909313075785659,False,False,False,False,results/stage6_v1/reference_atlas/cache/8e781b53db871d411f15bd3cad81767bd881dd04e212a093f9e94ad576c44f76.npz,physical,plus,budget,True,True,True,False,59,323,2832,128,130,7705,3.14485549996607,results/stage6_v1/domain_wall_candidates/cache/5d9c20ea68eff42d7fbe4f6cca5b971b2e7f93035a852abcfd51db0ceaa6e7b8.npz
windows,8,0.45,0.1375,boundary_window,H6,631,True,70.08912179194158,114511,29547,0.05414396905011816,0.0029315693845001533,1.0000000000000022,0.0,0.999773284738257,0.0,-4.523797695660164,-4.524391682006751,7.424829332336458e-05,0.018183209151590662,0.010230579420807018,0.0031653201143728715,0.9995039400528193,True,True,True,False,results/stage6_v1/reference_atlas/cache/8e781b53db871d411f15bd3cad81767bd881dd04e212a093f9e94ad576c44f76.npz,wall,alternating,energy_stagnation,True,True,True,True,107,520,5457,127,218,31293,16.907639499986544,results/stage6_v1/domain_wall_candidates/cache/83c05b145e46da975969f861ccb71266abfbf74f4cd46bf1819f90473594d0ac.npz
windows,8,0.45,0.1375,boundary_window,B3,631,False,9.395945875090547,23521,7968,0.1217780849314806,0.014829901969578901,1.0,0.0,0.9979947400624496,0.0,-4.516078337645926,-4.524391682006751,0.0010391680451031782,0.3071441285568335,0.16894176228517502,0.05389719811855104,0.9450711687819839,False,False,False,False,results/stage6_v1/reference_atlas/cache/8e781b53db871d411f15bd3cad81767bd881dd04e212a093f9e94ad576c44f76.npz,physical,antiphase,budget,False,False,True,False,56,314,2688,128,122,10225,4.1989311670186,results/stage6_v1/legacy_b3/adaptive/cache/d12f9e0c609fc34bf44da69288095d582f309fe9f7e411961e73d9db66044b4b.npz
windows,8,0.45,0.15,boundary_window,C0,631,False,7.080845165939536,18409,7872,0.1515413845162217,0.02296479122109336,0.999999999999999,0.0,0.9956214064227946,0.0,-4.56614060190477,-4.5738144322412895,0.0009592287920648923,0.09434130868585539,0.04532007585856021,0.007017659559059641,0.9878974938669957,False,False,False,False,results/stage6_v1/reference_atlas/cache/2017e196d1a35015e4c972e526e6e52ea3c4d49fee235934e0a6dd7e503f09b7.npz,physical,plus,budget,True,True,True,False,58,322,2784,128,114,8410,3.409167042002082,results/stage6_v1/domain_wall_candidates/cache/80c1017613355b1f2214ba202c42d32c092a2dbe5f382ea8555d2394462f0f31.npz
windows,8,0.45,0.15,boundary_window,H6,631,True,56.22950433299411,103099,26028,0.06087250824368,0.003705462259876889,0.9999999999999987,0.0,0.9993154290600863,0.0,-4.572769501858,-4.5738144322412895,0.00013061629791122353,0.006712178898919452,0.0041507274843686215,0.0010334471650477184,0.9992856044325965,True,True,True,False,results/stage6_v1/reference_atlas/cache/2017e196d1a35015e4c972e526e6e52ea3c4d49fee235934e0a6dd7e503f09b7.npz,wall,alternating,energy_stagnation,True,True,True,True,123,568,6273,127,234,33248,18.520608916995116,results/stage6_v1/domain_wall_candidates/cache/3b91f7de83754de62c787de7c34207b538d26f8b3b89b0e899aaa99cb8431401.npz
windows,8,0.45,0.15,boundary_window,B3,631,False,7.2968469170155,18434,7728,0.1515428510928915,0.022965235717362288,0.9999999999999993,0.0,0.9956207533628009,0.0,-4.566140601916493,-4.5738144322412895,0.0009592287905995089,0.09432476437991111,0.04531203473330528,0.007015159095246359,0.9878993845158488,False,False,False,False,results/stage6_v1/reference_atlas/cache/2017e196d1a35015e4c972e526e6e52ea3c4d49fee235934e0a6dd7e503f09b7.npz,physical,plus,budget,True,True,True,False,58,322,2784,128,115,8312,3.501813792041503,results/stage6_v1/legacy_b3/adaptive/cache/d06e5cae3c7e7aee7cdc1ab07d8099c5af2c211f2fb31dc1b9ca46a3abac92d9.npz
windows,8,0.45,0.1625,boundary_window,C0,631,False,6.3876906669465825,17025,7872,0.14427867137183473,0.02081633501282188,0.9999999999999996,0.0,0.9836375762648636,0.0,-4.610878367802256,-4.625059887595976,0.0017726899742149804,0.18504787802705308,0.09940524377092369,0.02513509406281078,0.948699011845254,False,False,False,False,results/stage6_v1/reference_atlas/cache/ac6c7b394507a14c06a7ad4bcd794ada00391714067fbce2a30a5e650a0bdca3.npz,physical,plus,budget,False,False,True,False,58,322,2784,128,119,8216,3.1813588750083,results/stage6_v1/domain_wall_candidates/cache/f6f51db1c0381b9c8e4354aa031b7ceee5f319c03ba7acd6885875385f3ca15b.npz
windows,8,0.45,0.1625,boundary_window,H6,631,True,39.140870291914325,82235,22203,0.05802871930915349,0.003367332264660523,0.9999999999999986,0.0,0.9994640910183611,0.0,-4.624064050036031,-4.625059887595976,0.00012447969499307376,0.01217730596315425,0.007429824440681354,0.0015925872731150648,0.9989858554973644,True,True,True,False,results/stage6_v1/reference_atlas/cache/ac6c7b394507a14c06a7ad4bcd794ada00391714067fbce2a30a5e650a0bdca3.npz,wall,alternating,energy_stagnation,True,True,True,True,87,458,4437,127,212,21198,9.901402209012304,results/stage6_v1/domain_wall_candidates/cache/6c0f6a5e1d98eba724e73f3a4992ab6530c43f3736c22a3874e4bdc0ef3c8324.npz
windows,8,0.45,0.1625,boundary_window,B3,631,False,6.864205041958485,16737,7968,0.14667727513796824,0.021514223041899237,0.999999999999999,0.0,0.9955509089248422,0.0,-4.617616545154718,-4.625059887595976,0.0009304178051572354,0.05638762809367048,0.02263574977379021,0.0013068700094899244,0.9924805292051498,False,True,False,False,results/stage6_v1/reference_atlas/cache/ac6c7b394507a14c06a7ad4bcd794ada00391714067fbce2a30a5e650a0bdca3.npz,physical,plus,budget,True,True,True,False,59,323,2832,128,134,7038,3.0202609580010176,results/stage6_v1/legacy_b3/adaptive/cache/d7998d632e59ca6b48407db4bd8df0e64c24b98283c0d43b72832d1528df519b.npz
windows,8,0.45,0.175,boundary_window,C0,631,False,6.679009125044104,17006,7920,0.1682131596180872,0.02829566706870008,0.9999999999999986,0.0,0.9957107089480509,0.0,-4.669641248613917,-4.67743101918485,0.0009737213213665274,0.07133787295435196,0.03434695323450346,0.0019127256177451368,0.9898933874089305,False,False,False,False,results/stage6_v1/reference_atlas/cache/ffd797a2ab5aa820441a78a28a51c4a0a54cc213908bd9029ad3a893c73c6834.npz,physical,plus,budget,True,True,True,False,61,325,2928,128,119,7600,3.1186767920153216,results/stage6_v1/domain_wall_candidates/cache/af0388ab966bfcfaf4bd2843319f2cf83ae06d4a98429f5e1d586bbb0495167f.npz
windows,8,0.45,0.175,boundary_window,H6,631,True,60.21323550102534,103441,27198,0.040558219986910296,0.0016449692085066098,1.0000000000000002,0.0,0.9999033543436711,0.0,-4.677082434467883,-4.67743101918485,4.357308962077422e-05,0.004490613723911248,0.0029230870724223923,0.0008134427779278308,0.9997455015635509,True,True,True,False,results/stage6_v1/reference_atlas/cache/ffd797a2ab5aa820441a78a28a51c4a0a54cc213908bd9029ad3a893c73c6834.npz,wall,alternating,energy_stagnation,True,True,True,True,90,467,4590,127,191,22058,10.978457042016089,results/stage6_v1/domain_wall_candidates/cache/2b156eb9199ad26da8720ac85d229bb09e9fb3e2322ab1ade21c9c71d43434df.npz
windows,8,0.45,0.175,boundary_window,B3,631,False,6.9739832920604385,16871,7920,0.16821187480292255,0.028295234824714088,0.9999999999999988,0.0,0.995709877421602,0.0,-4.6696412489996835,-4.67743101918485,0.0009737212731457667,0.0713166767954625,0.03433781588905624,0.0019124181360758996,0.9898955338084088,False,False,False,False,results/stage6_v1/reference_atlas/cache/ffd797a2ab5aa820441a78a28a51c4a0a54cc213908bd9029ad3a893c73c6834.npz,physical,plus,budget,True,True,True,False,61,325,2928,128,119,7389,3.200090625032317,results/stage6_v1/legacy_b3/adaptive/cache/9230dca72934a5430e6c248f407efc9d1086343bba98aa30432dd3e333150f23.npz
windows,8,0.45,0.1875,boundary_window,C0,631,False,5.915919708961155,14260,7968,0.16299557243792115,0.0265675566343656,0.9999999999999981,0.0,0.9925805286988372,0.0,-4.721230026598228,-4.730723487693042,0.0011866826368517325,0.0567517822965764,0.027637168930241457,0.0013761336450762718,0.9878301744861088,False,False,False,False,results/stage6_v1/reference_atlas/cache/ac5b975eaffcb28bf804f83c9cde676eda1bd3f90a37538575339bae25bcd388.npz,physical,plus,budget,True,True,True,False,58,322,2784,128,149,4969,2.1714780000038445,results/stage6_v1/domain_wall_candidates/cache/8732de5a0e737a62b9c27065c5ab0b8e7a3a5fe1c155edd80997f26314015e85.npz
windows,8,0.45,0.1875,boundary_window,H6,631,True,62.99173600092763,104438,28878,0.08694294620519666,0.00755907589483972,0.9999999999999969,0.0,0.9991915456717471,0.0,-4.728996615653451,-4.730723487693042,0.00021585900494880406,0.0158472143254198,0.008179471424776263,0.0010403198110741085,0.9988315533509605,True,True,True,False,results/stage6_v1/reference_atlas/cache/ac5b975eaffcb28bf804f83c9cde676eda1bd3f90a37538575339bae25bcd388.npz,wall,uniform,energy_stagnation,True,True,True,True,98,499,4998,127,219,22074,11.183473415963817,results/stage6_v1/domain_wall_candidates/cache/a6e0c7ea6e1e13ffc0b40782aded4c66d66d9b1852dc3876847671042c6ac059.npz
windows,8,0.45,0.1875,boundary_window,B3,631,False,6.98442516697105,16738,8160,0.17597194119809823,0.03096612408902694,0.9999999999999993,0.0,0.9949797531155167,0.0,-4.720874885553315,-4.730723487693042,0.0012310752674657977,0.06625901628256092,0.030356158122859495,0.0011009910993425853,0.9886360325653162,False,False,False,False,results/stage6_v1/reference_atlas/cache/ac5b975eaffcb28bf804f83c9cde676eda1bd3f90a37538575339bae25bcd388.npz,physical,plus,budget,True,True,True,False,62,326,2976,128,138,8380,3.7470229999744333,results/stage6_v1/legacy_b3/adaptive/cache/5f0a605c637dfa86d346e43472a735b8e8e7be3bf5b24ed3eb425a0079ed3350.npz
windows,8,0.45,0.2,boundary_window,C0,631,False,4.822526624018792,13930,8016,0.1293493457566704,0.016731253247678667,0.9999999999999988,0.0,0.9980371019488077,0.0,-4.7804414881114,-4.7848595531796425,0.0005522581335303256,0.027850746892389755,0.010201614371732795,0.001295439635814466,0.9973301421884359,False,True,False,False,results/stage6_v1/reference_atlas/cache/52bcf8fdf793ad3222e0b3cae34d5d564a6eea1c82c21820575ffe95621da30b.npz,physical,plus,budget,True,True,True,False,61,325,2928,128,146,5965,2.1628852499998175,results/stage6_v1/domain_wall_candidates/cache/57628c663d138a20653ef911c2c04a3aed5b16d640ae583c5ad82417dffeb81b.npz
windows,8,0.45,0.2,boundary_window,H6,631,True,74.48707124899374,118702,31629,0.05281149702463845,0.0027890542179833957,0.9999999999999977,0.0,0.9994955297904629,0.0,-4.783956842091436,-4.7848595531796425,0.00011283888602586778,0.0025083244856282105,0.001109882496716147,0.00022061287958441422,0.9993717338723124,True,True,True,False,results/stage6_v1/reference_atlas/cache/52bcf8fdf793ad3222e0b3cae34d5d564a6eea1c82c21820575ffe95621da30b.npz,wall,uniform,parameter_cap160,True,True,True,True,160,683,8160,127,262,36958,24.29850808402989,results/stage6_v1/domain_wall_candidates/cache/27c5bbfa6afa32ebc36a2272171b285153137cf1ccce2370f0e91346afab4c01.npz
windows,8,0.45,0.2,boundary_window,B3,631,False,6.273154333990533,15731,8208,0.12934964592110867,0.016731330899916186,0.9999999999999989,0.0,0.9980370496022228,0.0,-4.780441488103038,-4.7848595531796425,0.0005522581345756006,0.02784923843514886,0.010201042810171021,0.0012951711880626604,0.9973301958803129,False,True,False,False,results/stage6_v1/reference_atlas/cache/52bcf8fdf793ad3222e0b3cae34d5d564a6eea1c82c21820575ffe95621da30b.npz,physical,plus,budget,True,True,True,False,61,325,2928,128,147,5916,2.405424583994318,results/stage6_v1/legacy_b3/adaptive/cache/55ac2a08d3b3ea7c32890728c5ba21aec38ec64ed0be738227d1f7aa22a2f7c2.npz
windows,8,0.45,0.2125,boundary_window,C0,631,False,6.604395126050804,17520,8016,0.15664238766869007,0.024536837614548185,0.9999999999999981,0.0,0.9973607575507248,0.0,-4.83336090245829,-4.839804621289762,0.0008054648539339571,0.03382164045492814,0.013145447646631891,0.0018920170814431536,0.9953258248067267,False,True,False,False,results/stage6_v1/reference_atlas/cache/31b0816d110a99213900e2f8b37ba5c71a704569ecd39e22430dd7a49cb5a31a.npz,physical,plus,budget,True,True,True,False,60,324,2880,128,130,7596,2.9421272090403363,results/stage6_v1/domain_wall_candidates/cache/5b574f36bfe4902e224b629c35e01353eac63256a71f11be909e44986dc2214d.npz
windows,8,0.45,0.2125,boundary_window,H6,631,True,77.6973335010698,121624,32037,0.06382782390960395,0.00407399110503541,0.9999999999999977,0.0,0.9997288032682705,0.0,-4.838941402471957,-4.839804621289762,0.0001079023522255751,0.002968275406556642,0.0018362675191305466,0.00011979001630035846,0.9996174673415512,True,True,True,False,results/stage6_v1/reference_atlas/cache/31b0816d110a99213900e2f8b37ba5c71a704569ecd39e22430dd7a49cb5a31a.npz,wall,uniform,energy_stagnation,True,True,True,True,160,677,8160,127,247,38813,26.629244542040396,results/stage6_v1/domain_wall_candidates/cache/c8421bad8402df319c8e93342f815b9d0a221ee9b19c105252cf6111f3e78161.npz
windows,8,0.45,0.2125,boundary_window,B3,631,False,7.371902666985989,16213,8112,0.13715370071422098,0.0188111376196061,0.9999999999999986,0.0,0.9980931602109128,0.0,-4.834415838615822,-4.839804621289762,0.0006735978342424787,0.031146511925306375,0.011115318053827039,0.001619126322355724,0.9963376427968913,False,True,False,False,results/stage6_v1/reference_atlas/cache/31b0816d110a99213900e2f8b37ba5c71a704569ecd39e22430dd7a49cb5a31a.npz,physical,plus,budget,True,True,True,False,62,326,2976,128,134,6294,3.0262377919862047,results/stage6_v1/legacy_b3/adaptive/cache/2dc65d23b3883df1d483367ec5e9b99b83689f7a3cfc0ab2110f7f7596b4299d.npz
windows,8,0.5,0.05,boundary_window,C0,631,False,9.035954333026893,24660,7632,0.08988474722432582,0.00807926778358095,1.0000000000000007,0.0,0.822203748664438,0.0,-4.165590836772424,-4.178485264259902,0.001611803435934811,0.03949076473986046,0.011260134620305576,0.025463203131697587,0.8157135411125008,False,False,False,False,results/stage6_v1/reference_atlas/cache/5727d6fcd6fd7ced6fab312df1ff8ebc5cdd7c3ab599ebb0636d8a6518bd5d07.npz,physical,ghz,budget,False,False,True,False,51,299,2448,127,145,6071,2.1811792500084266,results/stage6_v1/domain_wall_candidates/cache/b7215ea46e8bfd01f1b6a00529834efab32441f7a4a3eab76a1fe35df305369c.npz
windows,8,0.5,0.05,boundary_window,H6,631,True,57.79264458199032,114684,24105,0.014178009259072,0.00020101594655033136,0.9999999999999988,0.0,0.9993472111316075,0.0,-4.17831287631255,-4.178485264259902,2.154849341906573e-05,0.0028961044967890093,0.00039165775010252535,0.00042336595691488954,0.9994359942743192,True,True,True,False,results/stage6_v1/reference_atlas/cache/5727d6fcd6fd7ced6fab312df1ff8ebc5cdd7c3ab599ebb0636d8a6518bd5d07.npz,wall,uniform,energy_stagnation,True,True,True,True,132,615,6732,127,268,34746,21.255319457966834,results/stage6_v1/domain_wall_candidates/cache/3e82e07356762ba9d24c9400f4d8ec1b471dcf0e0ee007d08d6b1395ebeaf673.npz
windows,8,0.5,0.05,boundary_window,B3,631,False,6.610326708061621,14672,5664,0.09096281488097074,0.008274233691069752,1.0,0.0,0.8238348534222515,0.0,-4.165590118832409,-4.178485264259902,0.0016118931784366852,0.040761654514745005,0.01159328506162069,0.025228827898892858,0.817039564563787,False,False,False,False,results/stage6_v1/reference_atlas/cache/5727d6fcd6fd7ced6fab312df1ff8ebc5cdd7c3ab599ebb0636d8a6518bd5d07.npz,physical,ghz,budget,False,False,True,False,51,299,2448,127,146,6394,2.703331833006814,results/stage6_v1/legacy_b3/adaptive/cache/6fa977c60e11fca58c76abf64cfb5895219a60117465435c5d725d3001613645.npz
windows,8,0.5,0.0625,boundary_window,C0,631,False,8.489310958015267,23051,7680,0.1154929377420771,0.013338618668295296,0.9999999999999996,0.0,0.9300416658826112,0.0,-4.214300571855228,-4.224787158045554,0.0013108232737907288,0.051430143529960004,0.014427150376436423,0.011822737659918592,0.9286554754943597,False,False,False,False,results/stage6_v1/reference_atlas/cache/9219f45db915be4cc059d7ce1f2b2afab98917941b37d43c5010edc9422877c5.npz,physical,ghz,budget,True,True,True,False,52,300,2496,127,147,5249,1.854762999981176,results/stage6_v1/domain_wall_candidates/cache/3d8f9589ec635f5ee1472cba60192aba7b3df5d27404ac312a264d4fabf14242.npz
windows,8,0.5,0.0625,boundary_window,H6,631,True,67.63547429197934,119158,28182,0.02900669686061922,0.000841388462763857,1.0000000000000004,0.0,0.9984819385355037,0.0,-4.2241127326789325,-4.224787158045554,8.430317082763761e-05,0.01094258995663766,0.001594397283829152,0.0011328416277380793,0.9982918555324286,True,True,True,False,results/stage6_v1/reference_atlas/cache/9219f45db915be4cc059d7ce1f2b2afab98917941b37d43c5010edc9422877c5.npz,wall,uniform,energy_stagnation,True,True,True,True,117,554,5967,127,289,28823,15.673469999979716,results/stage6_v1/domain_wall_candidates/cache/e74c18016a096540c5a3d4dc4838b8f5d191d57e3fddd7e3bc214eafa926cd61.npz
windows,8,0.5,0.0625,boundary_window,B3,631,False,10.388393456989434,22875,7728,0.11550150400419867,0.013340597427231923,1.0000000000000016,0.0,0.930050725496044,0.0,-4.214300572141497,-4.224787158045554,0.0013108232380071305,0.051433006104997014,0.014427930892683252,0.011821713489937102,0.9286637425020428,False,False,False,False,results/stage6_v1/reference_atlas/cache/9219f45db915be4cc059d7ce1f2b2afab98917941b37d43c5010edc9422877c5.npz,physical,ghz,budget,True,True,True,False,52,300,2496,127,153,5328,2.0702322910074145,results/stage6_v1/legacy_b3/adaptive/cache/b51e7961ee454584b47e5c9b4b72c63ed0db3d5d055fafd572530fb517807e91.npz
windows,8,0.5,0.075,boundary_window,C0,631,False,7.950034208013676,21570,7872,0.12699813374613617,0.01612852597500149,0.999999999999999,0.0,0.9764329497563777,0.0,-4.2633864731914155,-4.271777136195414,0.0010488328754998388,0.01851229540864019,0.0067216854533933,0.005763375762627476,0.9778044975129095,False,False,False,False,results/stage6_v1/reference_atlas/cache/c7fe8c1b2e357670efdf9eb62c8559cc659baad1f56805ea181217cd7cc62685.npz,physical,ghz,budget,True,True,True,False,54,302,2592,127,132,6879,2.5699783749878407,results/stage6_v1/domain_wall_candidates/cache/3a29eb5fd833f4e512b141e52bbf2847ee98fa76a8b49ee58fc9dbdd5bfca78c.npz
windows,8,0.5,0.075,boundary_window,H6,631,True,66.48466374893906,118451,27303,0.033933859247152975,0.0011515068034055895,1.0000000000000004,0.0,0.9993183749861836,0.0,-4.271181740785329,-4.271777136195414,7.442442626059975e-05,0.013614861370555231,0.0024644429896386877,0.0009666970190795321,0.9988917490133165,True,True,True,False,results/stage6_v1/reference_atlas/cache/c7fe8c1b2e357670efdf9eb62c8559cc659baad1f56805ea181217cd7cc62685.npz,wall,alternating,energy_stagnation,True,True,True,True,107,520,5457,127,229,32432,17.499511417001486,results/stage6_v1/domain_wall_candidates/cache/dfbde043efed92623202bf29a1cda3814cd2019be341bfc63cddcff0f6b11f56.npz
windows,8,0.5,0.075,boundary_window,B3,631,False,9.119698208000045,23659,7920,0.16567967695106461,0.02744975535460913,0.9999999999999979,0.0,0.9889507596889244,0.0,-4.26003186541278,-4.271777136195414,0.0014681588478292484,0.06150904039681415,0.019301587677174215,0.0038049432888996315,0.9785588261537393,False,False,False,False,results/stage6_v1/reference_atlas/cache/c7fe8c1b2e357670efdf9eb62c8559cc659baad1f56805ea181217cd7cc62685.npz,physical,plus,budget,True,True,True,False,55,319,2640,128,126,7129,2.8676566250505857,results/stage6_v1/legacy_b3/adaptive/cache/cdec9da5d143785e578ebdb23ea02e60a87796d27c119b4f0be2d59eb108bdd3.npz
windows,8,0.5,0.0875,boundary_window,C0,631,True,7.5799159580492415,20633,7872,0.1072014520062029,0.011492151312238224,1.0000000000000004,0.0,0.9976058331514028,0.0,-4.316069698402817,-4.31946366339411,0.00042424562391163434,0.01818212614179804,0.005101420949089608,0.00031697768682209526,0.9962366332798716,True,True,True,False,results/stage6_v1/reference_atlas/cache/b45dba41f66bdb88eb385ba41842047b2559a35f9925eecd485a2d1edc3dfb52.npz,physical,ghz,budget,True,True,True,True,54,302,2592,127,136,5468,1.9656933750375174,results/stage6_v1/domain_wall_candidates/cache/4d8ed49c1c920357a353d63f2a9ecd933d25cf283d6b55811756e020982207ac.npz
windows,8,0.5,0.0875,boundary_window,H6,631,True,63.06056462507695,112975,27252,0.05968182346228604,0.003561920051783476,1.0000000000000004,0.0,0.997395509400391,0.0,-4.317925173177526,-4.31946366339411,0.00019231127707297624,0.010038841361031281,0.002571364885167668,0.0012149068584558775,0.9974059632250857,True,True,True,False,results/stage6_v1/reference_atlas/cache/b45dba41f66bdb88eb385ba41842047b2559a35f9925eecd485a2d1edc3dfb52.npz,wall,alternating,energy_stagnation,True,True,True,True,113,532,5763,127,225,26652,14.528764625021722,results/stage6_v1/domain_wall_candidates/cache/f5e5a48205537cd16dda34dc1374f4ac0e873349b3a637ba46c53edcf5458de7.npz
windows,8,0.5,0.0875,boundary_window,B3,631,True,7.417403126950376,18903,7968,0.10720218734220367,0.011492308970952934,0.9999999999999997,0.0,0.9976055499644576,0.0,-4.316069698299725,-4.31946366339411,0.000424245636798104,0.018178180112952025,0.005100484113022261,0.0003167790713655694,0.996236671719139,True,True,True,False,results/stage6_v1/reference_atlas/cache/b45dba41f66bdb88eb385ba41842047b2559a35f9925eecd485a2d1edc3dfb52.npz,physical,ghz,budget,True,True,True,True,54,302,2592,127,139,5388,1.8898130839806981,results/stage6_v1/legacy_b3/adaptive/cache/7af7ae9f9651bac3b6c1751a5ab6eb3acb4868ebe6cc4a65b3d2e9efe93b6be9.npz
windows,8,0.5,0.1,boundary_window,C0,631,False,9.529599041910842,24738,7920,0.1201845020908657,0.014444314542829302,0.999999999999999,0.0,0.9696915900055173,0.0,-4.358395823713616,-4.367855389038037,0.0011824456655525895,0.04898917078348941,0.012769330959633729,0.004930879695798973,0.9661871918438175,False,False,False,False,results/stage6_v1/reference_atlas/cache/16dabc86e9c6ef1399d638a5d00e25f67f4a3cac90cf606bae7e7a2c63e38b4f.npz,physical,plus,budget,True,True,True,False,55,319,2640,128,123,9166,3.556827540975064,results/stage6_v1/domain_wall_candidates/cache/d2e40eb1065beb58ae833c52edd2a00b4984252d409a1f1bfc17460924f6ca63.npz
windows,8,0.5,0.1,boundary_window,H6,631,True,65.54879445786355,115499,26586,0.0332710541652587,0.0011069630452675782,1.0,0.0,0.9993944753479331,0.0,-4.3674391561348145,-4.367855389038037,5.2029112902807206e-05,0.0033753486564651602,0.0008615596519033486,9.961377503342472e-05,0.9994900545338576,True,True,True,False,results/stage6_v1/reference_atlas/cache/16dabc86e9c6ef1399d638a5d00e25f67f4a3cac90cf606bae7e7a2c63e38b4f.npz,wall,empty,parameter_cap160,True,True,True,True,160,688,8160,127,311,36251,26.07431124994764,results/stage6_v1/domain_wall_candidates/cache/2ae90a8d60460d9745a9af49f7189794d6af0a45452984cfdbfaacd57e5f19f3.npz
windows,8,0.5,0.1,boundary_window,B3,631,False,7.73583104100544,19107,8112,0.10887122168079817,0.011852942910269499,0.9999999999999974,0.0,0.9895161102340657,0.0,-4.362997185405666,-4.367855389038037,0.0006072754540463743,0.022013954194769147,0.005837448719995003,0.002019416008773256,0.9872416464256477,False,False,False,False,results/stage6_v1/reference_atlas/cache/16dabc86e9c6ef1399d638a5d00e25f67f4a3cac90cf606bae7e7a2c63e38b4f.npz,physical,plus,budget,False,False,True,False,59,323,2832,128,126,5615,2.5222903750254773,results/stage6_v1/legacy_b3/adaptive/cache/03abb218500e5b90519b3761152a485483624015542837490cf3461c77bb23da.npz
windows,8,0.5,0.1125,boundary_window,C0,631,False,7.614258249988779,21106,7872,0.1593186377799618,0.025382428344062673,0.999999999999999,0.0,0.9849870090631313,0.0,-4.406700080085727,-4.416961060006886,0.0012826224901448802,0.04456243927779213,0.012468790751544931,0.0006583840452894507,0.9814869861655566,False,False,False,False,results/stage6_v1/reference_atlas/cache/469b396e58e663bb30d9b9d572b6c16aade3477b614825a3ea5bc39d382dd3b2.npz,physical,plus,budget,True,True,True,False,56,320,2688,128,118,7274,2.4002967919805087,results/stage6_v1/domain_wall_candidates/cache/aa58ed9d0264b633d0da9c23067fbc4c714350bfc97476ec4f3bb6e7798807a4.npz
windows,8,0.5,0.1125,boundary_window,H6,631,True,52.58893387491116,105935,26997,0.05986653385142844,0.0035840018753842276,0.9999999999999988,0.0,0.9990812438558665,0.0,-4.415941837302575,-4.416961060006886,0.00012740283803891472,0.005541787097069095,0.000983504658743084,0.0004121824632229987,0.998988983460217,True,True,True,False,results/stage6_v1/reference_atlas/cache/469b396e58e663bb30d9b9d572b6c16aade3477b614825a3ea5bc39d382dd3b2.npz,wall,alternating,energy_stagnation,True,True,True,True,148,641,7548,127,303,31398,17.95741370797623,results/stage6_v1/domain_wall_candidates/cache/216337171475f626ab34824e528281fa61c51b138965ffcb7834e54123ecb4ff.npz
windows,8,0.5,0.1125,boundary_window,B3,631,False,7.816282709012739,19603,7920,0.15931642990295802,0.02538172483702414,0.9999999999999992,0.0,0.9849863365734639,0.0,-4.406700080153746,-4.416961060006886,0.0012826224816425702,0.04456227343780439,0.012468667740493974,0.0006583874722964067,0.9814863707616865,False,False,False,False,results/stage6_v1/reference_atlas/cache/469b396e58e663bb30d9b9d572b6c16aade3477b614825a3ea5bc39d382dd3b2.npz,physical,plus,budget,True,True,True,False,56,320,2688,128,118,7142,2.911266874987632,results/stage6_v1/legacy_b3/adaptive/cache/f2f149c164c6eeffbc98ab5017fce4e2ab1db1d519238b545b1e1ae63e2d2a63.npz
windows,8,0.5,0.125,boundary_window,C0,631,False,5.808182998967823,17094,7920,0.17383350374427656,0.030218087024011412,0.9999999999999991,0.0,0.9887076248882419,0.0,-4.455605240650408,-4.4667894271602275,0.0013980233137274034,0.06291704136016896,0.017963330917103185,0.000881243977423174,0.9799795025656541,False,False,False,False,results/stage6_v1/reference_atlas/cache/38bfd37381274089c6dc83c7e57b1fc9f8e34587678798a9c72f06841f480ca0.npz,physical,plus,budget,True,True,True,False,57,321,2736,128,120,5857,1.9936747499741614,results/stage6_v1/domain_wall_candidates/cache/2c51c8cf37b372e48f8445e4c4f393ba63baa7e4052f6447f8744ac5a5af52a4.npz
windows,8,0.5,0.125,boundary_window,H6,631,True,77.73465754196513,121647,30717,0.025375001701805296,0.0006438907113666217,0.9999999999999994,0.0,0.999886410988835,0.0,-4.466536665677417,-4.4667894271602275,3.159518535134076e-05,0.0012293831380547626,0.0005782061168803643,0.0003789682190749044,0.9997331259318538,True,True,True,False,results/stage6_v1/reference_atlas/cache/38bfd37381274089c6dc83c7e57b1fc9f8e34587678798a9c72f06841f480ca0.npz,wall,uniform,parameter_cap160,True,True,True,True,160,691,8160,127,276,37843,23.415900333959144,results/stage6_v1/domain_wall_candidates/cache/2e9ade65b7a9ae42a4df3be80bc3c738ea10ffdd8465852d1c20d1fb0779cdc6.npz
windows,8,0.5,0.125,boundary_window,B3,631,True,7.234541291021742,17775,7968,0.13791432296878667,0.019020360479938797,0.9999999999999989,0.0,0.9938258100489417,0.0,-4.4607186321943955,-4.4667894271602275,0.0007588493707290089,0.006381314903646684,0.002304432356053057,0.000620014892002585,0.9930046784602712,True,True,True,False,results/stage6_v1/reference_atlas/cache/38bfd37381274089c6dc83c7e57b1fc9f8e34587678798a9c72f06841f480ca0.npz,physical,plus,budget,True,True,True,True,57,321,2736,128,135,5751,2.403068165993318,results/stage6_v1/legacy_b3/adaptive/cache/3c114058ddcdce495c962835e9fb6dd07f55225ebbf0235f9ada37cec4817da1.npz
windows,8,0.5,0.1375,boundary_window,C0,631,True,4.470735665992834,13862,7920,0.11380915156939878,0.012952522980946384,0.9999999999999991,0.0,0.9933731679403645,0.0,-4.512273104978007,-4.517349146386316,0.00063450517603858,0.006308478890027502,0.0010370105957582532,0.001434369751257214,0.9927367273598616,True,True,True,False,results/stage6_v1/reference_atlas/cache/28942b617a8648a130ea3949a239df6c5dc7bc962ac7824d2beaea42bbb3c9cd.npz,physical,antiphase,budget,True,True,True,True,54,312,2592,128,128,4814,1.4975775830098428,results/stage6_v1/domain_wall_candidates/cache/52ef6afb8efd9cb8908daeeeadfe7c380adb5e116c71303f5e786cdd339727f0.npz
windows,8,0.5,0.1375,boundary_window,H6,631,True,55.62487020797562,101392,27504,0.07316015004623738,0.005352407554787967,0.9999999999999993,0.0,0.998609310483061,0.0,-4.515691838240112,-4.517349146386316,0.00020716351827543278,0.0015108282544446067,0.0008005666506474274,0.0003460067303862058,0.9986509013608392,True,True,True,False,results/stage6_v1/reference_atlas/cache/28942b617a8648a130ea3949a239df6c5dc7bc962ac7824d2beaea42bbb3c9cd.npz,wall,alternating,energy_stagnation,True,True,True,True,127,590,6477,127,276,29666,17.14976216701325,results/stage6_v1/domain_wall_candidates/cache/aaee315654152d2294fbc8c4f65298c3ebf981345b0686cb5fcc4becf1166379.npz
windows,8,0.5,0.1375,boundary_window,B3,631,True,6.4880157090956345,15961,8112,0.13084946993577035,0.01712158378247207,1.0,0.0,0.9976300199543885,0.0,-4.512673480232097,-4.517349146386316,0.0005844582692773326,0.014303712938167013,0.0028542464390262645,0.00015950957186561254,0.9961988073017627,True,True,True,False,results/stage6_v1/reference_atlas/cache/28942b617a8648a130ea3949a239df6c5dc7bc962ac7824d2beaea42bbb3c9cd.npz,physical,plus,budget,True,True,True,True,61,325,2928,128,136,7097,3.070396625029389,results/stage6_v1/legacy_b3/adaptive/cache/2f8c9f8d1ebbc730f325eb40ad8940dfada97edd91a23928d215711852a1cccd.npz
windows,8,0.5,0.15,boundary_window,C0,631,False,6.12793687498197,16659,7920,0.17213285995104627,0.02962972147492651,0.9999999999999973,0.0,0.9933601451744667,0.0,-4.556655309357984,-4.568648675267192,0.0014991707386510233,0.06937767142517481,0.02012198634039561,0.0015366858871049827,0.9843893417136907,False,False,False,False,results/stage6_v1/reference_atlas/cache/d0fd98a4e68cde3f9743ff7f6d5c2913790820b3f76aec4723fe478510569c51.npz,physical,plus,budget,True,True,True,False,58,322,2784,128,133,7422,2.9792375409742817,results/stage6_v1/domain_wall_candidates/cache/1e465657b34dfd71406ff4979f2f32ee844fe9704de49cf3284d11dc2bc119e8.npz
windows,8,0.5,0.15,boundary_window,H6,631,True,60.44661075004842,110707,29544,0.03246309169548983,0.0010538523224297809,0.9999999999999998,0.0,0.999900167023325,0.0,-4.568358278490226,-4.568648675267192,3.629959712070363e-05,0.0010443689730220108,0.00037971062041564085,0.00025215911406117897,0.9997830205708389,True,True,True,False,results/stage6_v1/reference_atlas/cache/d0fd98a4e68cde3f9743ff7f6d5c2913790820b3f76aec4723fe478510569c51.npz,wall,empty,energy_stagnation,True,True,True,True,114,538,5814,127,239,25686,12.474349541997071,results/stage6_v1/domain_wall_candidates/cache/361fbedc2dd405bb61d7ae57645815c6677e1c07e6501987c4620556703fd149.npz
windows,8,0.5,0.15,boundary_window,B3,631,False,6.250437123933807,15348,7968,0.17074278562774436,0.02915309884392187,0.9999999999999989,0.0,0.9951275149762981,0.0,-4.561084799811695,-4.568648675267192,0.0009454844319370936,0.02663248673330021,0.006449566797997103,0.004629684143618196,0.9939769980750655,False,True,False,False,results/stage6_v1/reference_atlas/cache/d0fd98a4e68cde3f9743ff7f6d5c2913790820b3f76aec4723fe478510569c51.npz,physical,plus,budget,True,True,True,False,59,323,2832,128,131,5782,2.460884415952023,results/stage6_v1/legacy_b3/adaptive/cache/890587812d00c17a5a6b1aa1f8d706bf45bffbd464b9887779397f9fe99f83c4.npz
windows,8,0.5,0.1625,boundary_window,C0,631,False,4.86256737500662,15057,8016,0.16406971577618054,0.026918871634876666,0.9999999999999991,0.0,0.9907455961296491,0.0,-4.610141322521451,-4.620696166655111,0.0013193555167074766,0.04466626523758571,0.013116427261350427,5.168938594468653e-05,0.9890461042942646,False,False,False,False,results/stage6_v1/reference_atlas/cache/e2d7ad8999d128439c8e30e84e145bce5a1a49c60204a28002e2ffc32149523f.npz,physical,ghz,budget,True,True,True,False,56,304,2688,127,134,4364,1.4275139580131508,results/stage6_v1/domain_wall_candidates/cache/e1a2b116848acd19e7807b0a1defb0e5402616d4dbb0ee22a1427028704a15b1.npz
windows,8,0.5,0.1625,boundary_window,H6,631,True,37.731685666018166,84596,23469,0.058414055786801145,0.0034122019134635163,1.0000000000000002,0.0,0.9995549038151994,0.0,-4.619823890029554,-4.620696166655111,0.00010903457819455564,0.0013439314661447084,0.0005669710717897125,0.00018754626500117055,0.9994346466359565,True,True,True,False,results/stage6_v1/reference_atlas/cache/e2d7ad8999d128439c8e30e84e145bce5a1a49c60204a28002e2ffc32149523f.npz,wall,uniform,energy_stagnation,True,True,True,True,115,550,5865,127,251,26484,12.829420083027799,results/stage6_v1/domain_wall_candidates/cache/78fa15874cf6f7b12b54bf8c444bcbeddb306f57e3778f9b46de40bf55be62ee.npz
windows,8,0.5,0.1625,boundary_window,B3,631,False,7.836807584040798,18800,8160,0.18636650719985354,0.03473247500587306,1.000000000000002,0.0,0.9897011752661891,0.0,-4.609243747092614,-4.620696166655111,0.0014315524453121231,0.03302567495073805,0.010460671318119383,0.0019164266641561456,0.9887676925124117,False,False,False,False,results/stage6_v1/reference_atlas/cache/e2d7ad8999d128439c8e30e84e145bce5a1a49c60204a28002e2ffc32149523f.npz,physical,ghz,budget,True,True,True,False,56,304,2688,127,136,6514,2.4745857089874335,results/stage6_v1/legacy_b3/adaptive/cache/d6146eb3a703c8b548f77f83049411747cff81c2d3e0a4f816b7bc9d1f64a730.npz
windows,8,0.5,0.175,boundary_window,C0,631,True,6.913797790941317,17074,8112,0.11954657593891276,0.014291383818718233,0.999999999999998,0.0,0.9976440812743286,0.0,-4.669765551380182,-4.673499360669813,0.00046672616120380095,0.005896917872899032,0.002221960535316536,0.0007513330675503749,0.997468455936716,True,True,True,False,results/stage6_v1/reference_atlas/cache/af2a97d7744e752a3a91ec2cf7bc229053f9288fcb7337f438088b08dcbb9676.npz,physical,plus,budget,True,True,True,True,61,325,2928,128,146,7517,3.3130619999719784,results/stage6_v1/domain_wall_candidates/cache/403a72c5cb74ac8582321920ac449ead4ed6d75244cfea01351bdf720f6dc630.npz
windows,8,0.5,0.175,boundary_window,H6,631,True,56.06478629086632,97469,25758,0.033239770131951195,0.0011048823184249548,0.9999999999999991,0.0,0.999896894464594,0.0,-4.6731190281191495,-4.673499360669813,4.75415688329095e-05,0.004910310773314053,0.001005150332235201,0.000691253788503543,0.9996591362122088,True,True,True,False,results/stage6_v1/reference_atlas/cache/af2a97d7744e752a3a91ec2cf7bc229053f9288fcb7337f438088b08dcbb9676.npz,wall,alternating,parameter_cap160,True,True,True,True,160,685,8160,127,319,40006,28.027652582968585,results/stage6_v1/domain_wall_candidates/cache/99be568e8ad082063e6eae3181253f99863e8f9210f89ddf3859524ef04791f7.npz
windows,8,0.5,0.175,boundary_window,B3,631,True,8.367239292012528,19110,8304,0.11954421430319402,0.014290819173367978,0.9999999999999976,0.0,0.9976440387671544,0.0,-4.669765551310382,-4.673499360669813,0.00046672616992882165,0.0058979232291956896,0.0022222055969466775,0.0007511338946155632,0.9974682978595432,True,True,True,False,results/stage6_v1/reference_atlas/cache/af2a97d7744e752a3a91ec2cf7bc229053f9288fcb7337f438088b08dcbb9676.npz,physical,plus,budget,True,True,True,True,61,325,2928,128,149,7827,3.708210958982818,results/stage6_v1/legacy_b3/adaptive/cache/2b0a770b19f0421e14ce93108ab9acfcd03747a40143c755b97fc86ddec5f01b.npz
windows,8,0.5,0.1875,boundary_window,C0,631,False,5.389355874969624,14631,7872,0.15957560647361296,0.025464374181421386,0.9999999999999991,0.0,0.9947085730075544,0.0,-4.7170297049733065,-4.727065476811061,0.0012544714797193546,0.03841672457825157,0.012728064326446784,0.0024594311701267024,0.9905121117914242,False,True,False,False,results/stage6_v1/reference_atlas/cache/14e0260ddcfb685f0631d7fa7790ebf16f356888affed186963b969db98838ee.npz,physical,ghz,budget,True,True,True,False,53,301,2544,127,116,3931,1.3865592500078492,results/stage6_v1/domain_wall_candidates/cache/5d1404974a27a874abe3d22f03c38d796590a7d548655af0a8fe9d8bca0ba08b.npz
windows,8,0.5,0.1875,boundary_window,H6,631,True,84.09449704096187,128644,32301,0.05718735139970608,0.003270393160113465,0.999999999999998,0.0,0.9996611703667574,0.0,-4.726090204199197,-4.727065476811061,0.00012190907648301774,0.0026653412720139547,0.0016958401093838532,0.00039408085129677417,0.9992999601997923,True,True,True,False,results/stage6_v1/reference_atlas/cache/14e0260ddcfb685f0631d7fa7790ebf16f356888affed186963b969db98838ee.npz,wall,uniform,parameter_cap160,True,True,True,True,160,685,8160,127,275,37088,25.977309583046008,results/stage6_v1/domain_wall_candidates/cache/42c8d5de579db32072c77a60bc15d8d6119ab99bdc352a27b3d21e3413931f60.npz
windows,8,0.5,0.1875,boundary_window,B3,631,False,6.916450751014054,17055,7968,0.1437121660550239,0.020653186672226764,0.9999999999999993,0.0,0.996814212560271,0.0,-4.720158370565887,-4.727065476811061,0.0008633882806468041,0.02967424715701472,0.009807839180388717,0.0016380145970189552,0.9945967047243147,False,True,False,False,results/stage6_v1/reference_atlas/cache/14e0260ddcfb685f0631d7fa7790ebf16f356888affed186963b969db98838ee.npz,physical,plus,budget,True,True,True,False,59,323,2832,128,134,8387,3.6109340420225635,results/stage6_v1/legacy_b3/adaptive/cache/db9da3233b641b7dc0bcb2d4e01977191e39458ff62b0d94ee8bebdd183d3c51.npz
windows,8,0.5,0.2,boundary_window,C0,631,False,6.327239583013579,16156,8112,0.1759290945450712,0.030951046307448597,0.9999999999999992,0.0,0.9942721574263872,0.0,-4.77225142804594,-4.781401108024922,0.0011437099973727882,0.013285213904424553,0.006345371439504727,0.0015135318145813592,0.9929356718253549,False,True,False,False,results/stage6_v1/reference_atlas/cache/ebb450fe5b86d008146c212fe2eda29af5b756ce8da85d985bbb3b915a724b4a.npz,physical,antiphase,budget,True,True,True,False,54,312,2592,128,138,5802,2.202363750024233,results/stage6_v1/domain_wall_candidates/cache/8bb3f490ef21dd6be69f4dd6d1ecf16c161527bf5cfd7ece0a57fb5a1d21f262.npz
windows,8,0.5,0.2,boundary_window,H6,631,True,58.67043908202322,101570,26880,0.09303199741484182,0.008654952542995135,0.999999999999999,0.0,0.9990197314759351,0.0,-4.7792526902503365,-4.781401108024922,0.00026855222182320393,0.0021237926556985733,0.0007668224214202324,0.00017372629308420873,0.9989018574967199,True,True,True,False,results/stage6_v1/reference_atlas/cache/ebb450fe5b86d008146c212fe2eda29af5b756ce8da85d985bbb3b915a724b4a.npz,wall,alternating,parameter_cap160,True,True,True,True,160,683,8160,127,319,33245,24.183540500001982,results/stage6_v1/domain_wall_candidates/cache/894566784189d6679bee6735a927f91ce6a85db099cc0d8d636a95e2e0d81d7e.npz
windows,8,0.5,0.2,boundary_window,B3,631,False,6.1821138330269605,15078,8112,0.1525240201119573,0.02326357671111275,0.9999999999999989,0.0,0.9953055775402377,0.0,-4.771971271784417,-4.781401108024922,0.0011787295300631495,0.05463267309759545,0.01611620589833407,0.0030331950439416167,0.9909950698506776,False,True,False,False,results/stage6_v1/reference_atlas/cache/ebb450fe5b86d008146c212fe2eda29af5b756ce8da85d985bbb3b915a724b4a.npz,physical,ghz,budget,True,True,True,False,55,303,2640,127,140,4027,1.4259993330342695,results/stage6_v1/legacy_b3/adaptive/cache/22ac08f5e50192fb32a26e3a96905e210b98f8186414755241ad9c7f5e591e58.npz
windows,8,0.5,0.2125,boundary_window,C0,631,True,5.8739872490405105,14997,8064,0.09344569138049143,0.00873209723757805,0.9999999999999993,0.0,0.9987802593706743,0.0,-4.83367539202116,-4.836512118653338,0.0003545908290222277,0.014086754077067498,0.0027973364147797497,0.0005557615161794205,0.9981336378183318,True,True,True,False,results/stage6_v1/reference_atlas/cache/ec45ab3bdf02fe453bc0e6cf584d332ee5a406933c1ddbfa995f458b9917d7b1.npz,physical,plus,budget,True,True,True,True,60,324,2880,128,144,6348,2.6276374170556664,results/stage6_v1/domain_wall_candidates/cache/d0cd26afaaeaa11d67ddfe2c4ef482147867aea9c837b4d2058277ac4e141a5e.npz
windows,8,0.5,0.2125,boundary_window,H6,631,True,63.985013124125544,101980,28362,0.08112331855824842,0.0065809928139030525,1.0,0.0,0.9995292219412901,0.0,-4.8350378613434,-4.836512118653338,0.00018428216374222206,0.0023703301523770315,0.0014844153113920122,0.00043730385431606233,0.999279857170801,True,True,True,False,results/stage6_v1/reference_atlas/cache/ec45ab3bdf02fe453bc0e6cf584d332ee5a406933c1ddbfa995f458b9917d7b1.npz,wall,uniform,parameter_cap160,True,True,True,True,160,689,8160,127,338,29566,21.928565000009257,results/stage6_v1/domain_wall_candidates/cache/65ca6e7784c61cc04c294ffabd772670fa8404964c2b672808d86f6730210972.npz
windows,8,0.5,0.2125,boundary_window,B3,631,True,6.464290916046593,14836,8064,0.09344393569364995,0.008731769117918987,0.9999999999999982,0.0,0.9987800364585981,0.0,-4.833675392025396,-4.836512118653338,0.00035459082849276236,0.01408654310930868,0.002797207952503322,0.0005556656685854477,0.9981335200993948,True,True,True,False,results/stage6_v1/reference_atlas/cache/ec45ab3bdf02fe453bc0e6cf584d332ee5a406933c1ddbfa995f458b9917d7b1.npz,physical,plus,budget,True,True,True,True,60,324,2880,128,142,6198,2.945908791036345,results/stage6_v1/legacy_b3/adaptive/cache/31d55a7c1c3a4a28b8391bb75d9d45b1ea82ab806c8ca8a6c5e263d4d338a199.npz
windows,8,0.5,0.225,boundary_window,C0,631,True,5.436348917079158,13949,8160,0.12690196785388516,0.016104109445188503,0.9999999999999997,0.0,0.9975155691464817,0.0,-4.888177370067924,-4.892403548225631,0.0005282722697134146,0.00951525991156299,0.0028888852308531915,0.0016732816153667285,0.997443088423653,True,True,True,False,results/stage6_v1/reference_atlas/cache/65280afcc240a0212c02ce7a0e0363a1e1247b3d5cdabdd5a253a84c6036c2bd.npz,physical,plus,budget,True,True,True,True,61,325,2928,128,154,5854,2.470191667031031,results/stage6_v1/domain_wall_candidates/cache/25471975fdccbbaacb446eb0f8fb8af2233a78760e7fa61b5894ff828cf4f4f4.npz
windows,8,0.5,0.225,boundary_window,H6,631,True,71.28300950012635,108789,32079,0.06559953918099454,0.004303299540758837,0.999999999999998,0.0,0.9995480758877685,0.0,-4.891285219163377,-4.892403548225631,0.00013979113278173028,0.002826410357906449,0.0018408372620510871,2.9593584171316856e-05,0.9994045299993604,True,True,True,False,results/stage6_v1/reference_atlas/cache/65280afcc240a0212c02ce7a0e0363a1e1247b3d5cdabdd5a253a84c6036c2bd.npz,wall,uniform,parameter_cap160,True,True,True,True,160,693,8160,127,308,32737,22.975155625026673,results/stage6_v1/domain_wall_candidates/cache/3f4c4131833ca66b754b957a4f1e29687ead2fdf02d9b62602001d256236d891.npz
windows,8,0.5,0.225,boundary_window,B3,631,True,7.737304498965386,16398,8256,0.1520640819081255,0.023123485006561105,0.9999999999999992,0.0,0.9971826449538572,0.0,-4.887002876646205,-4.892403548225631,0.0006750839474282122,0.008970792292460672,0.003932687882138644,0.002724378517286352,0.9974234668443784,True,True,True,False,results/stage6_v1/reference_atlas/cache/65280afcc240a0212c02ce7a0e0363a1e1247b3d5cdabdd5a253a84c6036c2bd.npz,physical,plus,budget,True,True,True,True,63,327,3024,128,150,7815,4.250137499999255,results/stage6_v1/legacy_b3/adaptive/cache/9ca3d915aaf24d470c740ea2e5849405806d595c89d0cb2dfaa0c66153a1ab11.npz
windows,8,0.5,0.2375,boundary_window,C0,631,True,5.648324167006649,14247,8160,0.15237747119620582,0.023218893728150534,0.9999999999999991,0.0,0.9964156775125717,0.0,-4.942935933704872,-4.949079523010939,0.0007679486632583554,0.00930837879888713,0.004166451606890317,0.00257576046168817,0.9966875634063417,True,True,True,False,results/stage6_v1/reference_atlas/cache/bd54964d719505c0d3fd6bacef59316389543b2a5d75001238736a9029860a8d.npz,physical,plus,budget,True,True,True,True,60,324,2880,128,132,6273,2.5983134590205736,results/stage6_v1/domain_wall_candidates/cache/ac03c69797bc1a9b09b0f0f5a720a1734697c569c1978fb7d9eff9786329c786.npz
windows,8,0.5,0.2375,boundary_window,H6,631,True,47.48828550102189,85900,25500,0.09194553888520737,0.008453982120891181,0.999999999999999,0.0,0.9995458866070366,0.0,-4.947613574845057,-4.949079523010939,0.0001832435207351768,0.0018357053126905826,0.0006092764467077322,0.0005339044424337303,0.9994887351236043,True,True,True,False,results/stage6_v1/reference_atlas/cache/bd54964d719505c0d3fd6bacef59316389543b2a5d75001238736a9029860a8d.npz,wall,alternating,energy_stagnation,True,True,True,True,89,470,4539,127,192,23101,10.781352334015537,results/stage6_v1/domain_wall_candidates/cache/5ab70bfc92bb957c1bade7df3de40ef7c087507c4df1f1f56444123c18d66146.npz
windows,8,0.5,0.2375,boundary_window,B3,631,True,5.86389458499616,14411,8160,0.15902201609322703,0.025288001602354556,0.9999999999999987,0.0,0.997511213603003,0.0,-4.942482792698215,-4.949079523010939,0.0008245912890905149,0.013503770647696367,0.004359628394589407,0.0025881372699162464,0.996724213576436,True,True,True,False,results/stage6_v1/reference_atlas/cache/bd54964d719505c0d3fd6bacef59316389543b2a5d75001238736a9029860a8d.npz,physical,ghz,budget,True,True,True,True,55,303,2640,127,142,3611,1.2438276669709012,results/stage6_v1/legacy_b3/adaptive/cache/d17dbb84d204ba0087e590ccd9572d6491dd895675a7f998aab22bf1959fde50.npz
windows,8,0.5,0.25,boundary_window,C0,631,False,4.873919875011779,12993,8256,0.18766487565501738,0.03521810555461313,0.9999999999999999,0.0,0.9970053154138189,0.0,-4.99778351672084,-5.006543177138653,0.0010949575522265498,0.02854475750690194,0.008358312651357405,0.003273246522024431,0.9952818929714358,False,True,False,False,results/stage6_v1/reference_atlas/cache/1d7519981795cc09293db2d405ccd0e97341bf70c8049bc0aed79cb86683070e.npz,physical,ghz,budget,True,True,True,False,55,303,2640,127,146,3957,1.6039233750198036,results/stage6_v1/domain_wall_candidates/cache/dcd982f1cdd58ffdb10ad67de5a405642bcfe8662533749903ed246810a283be.npz
windows,8,0.5,0.25,boundary_window,H6,631,True,55.02573720901273,101233,28095,0.07189250581535578,0.005168532392410965,1.0,0.0,0.9996893663092559,0.0,-5.005562281247476,-5.006543177138653,0.00012261198639706983,0.003539991499568851,0.001088738571762421,0.00012360054785931496,0.9995960444546504,True,True,True,False,results/stage6_v1/reference_atlas/cache/1d7519981795cc09293db2d405ccd0e97341bf70c8049bc0aed79cb86683070e.npz,wall,empty,parameter_cap160,True,True,True,True,160,674,8160,127,261,36058,22.17300837498624,results/stage6_v1/domain_wall_candidates/cache/a8a394c3d785ca21d865fe4326700639e45cd3d9371de0e228d6c5e19f9a7fbc.npz
windows,8,0.5,0.25,boundary_window,B3,631,False,5.411333540047053,13175,8256,0.18766716717435866,0.03521896563524868,1.0000000000000007,0.0,0.9970051798410984,0.0,-4.997783516755376,-5.006543177138653,0.0010949575479095586,0.028542845915211223,0.008357734727598501,0.0032734070761358813,0.9952819436394861,False,True,False,False,results/stage6_v1/reference_atlas/cache/1d7519981795cc09293db2d405ccd0e97341bf70c8049bc0aed79cb86683070e.npz,physical,ghz,budget,True,True,True,False,55,303,2640,127,143,3977,1.4285815409966744,results/stage6_v1/legacy_b3/adaptive/cache/cc187e168d5ae8596842ec65d452bbf549dc3aa231773a733de8afa7c403fbab.npz
windows,8,0.55,0.0125,boundary_window,C0,631,True,3.7811977070523426,9498,7536,0.00028492176963253874,8.118041481053747e-08,0.9999999999999981,0.0,0.9999999539466925,0.0,-4.400568361287161,-4.400568467858123,1.332137022913571e-08,3.584747360063645e-07,1.3407261539866155e-07,4.1972057750021274e-06,0.9999997425418322,True,True,True,False,results/stage6_v1/reference_atlas/cache/5666afce640352c7f337cf409229cd4477b63f8d97cfa5857ef171a761611fae.npz,physical,antiphase,budget,True,True,True,True,25,155,2544,64,75,605,0.22144937503617257,results/stage6_v1/domain_wall_candidates/cache/e2f1210f5e98c6649a942d369524633038253da6508f3b9ffc2076d9607feac6.npz
windows,8,0.55,0.0125,boundary_window,H6,631,True,33.69096862402512,53380,18042,0.00021920099199753014,4.804907489270127e-08,1.0000000000000002,0.0,4.8100347546247566e-08,0.0,-4.4005683588572255,-4.400568467858123,1.3625112149640017e-08,1.0860804611212416e-07,3.466664921791818e-08,4.412081518417529e-06,0.5000000167757752,True,False,False,False,results/stage6_v1/reference_atlas/cache/5666afce640352c7f337cf409229cd4477b63f8d97cfa5857ef171a761611fae.npz,wall,alternating,energy_stagnation,True,True,True,False,20,125,1020,39,41,618,0.10964508296456188,results/stage6_v1/domain_wall_candidates/cache/826b23201c9ff55f9d09684f0f148d32c912ab99ce084e37ac09608b478412fa.npz
windows,8,0.55,0.0125,boundary_window,B3,631,True,3.003144707996398,7647,3456,0.03535533905932737,0.0012499999999999994,0.9999999999999996,0.0,0.9999999999999996,0.0,-4.399999999999999,-4.400568467858123,7.105848226551803e-05,0.00012981971549597127,4.8675715725254864e-05,0.011375104113671033,0.9997409447793293,True,True,True,False,results/stage6_v1/reference_atlas/cache/5666afce640352c7f337cf409229cd4477b63f8d97cfa5857ef171a761611fae.npz,physical,antiphase,pool_gradient,,True,False,True,0,14,384,6,7,37,0.010632791032548994,results/stage6_v1/legacy_b3/adaptive/cache/206a172cca482a4466d016ecad1ec7ef7af86618b6a13bee7a0489be6de2c7d0.npz
windows,8,0.55,0.025,boundary_window,C0,631,True,3.4010510409716517,9110,6912,0.0010079911189626168,1.0160460959075085e-06,0.9999999999999994,0.0,0.9999983113528343,0.0,-4.402275946777882,-4.4022773689949055,1.7777712790767453e-07,4.961053297836138e-06,1.8300312068508795e-06,2.8688239432701768e-05,0.9999964341898946,True,True,True,False,results/stage6_v1/reference_atlas/cache/2ac05bea56e3b695a0c42eb747e01ffb950ace20e92280434ab75bb45f844673.npz,physical,antiphase,budget,True,True,True,True,25,155,2256,64,66,873,0.28919858299195766,results/stage6_v1/domain_wall_candidates/cache/7a76f5d07b4b5e15adaaf589650de980c1a4c4f4b10d9152e4dd297acbceddbf.npz
windows,8,0.55,0.025,boundary_window,H6,631,True,58.7515767919831,89982,25119,0.0008715069676833241,7.595243947205824e-07,1.0000000000000004,0.0,8.875720499530476e-07,0.0,-4.402275580906308,-4.4022773689949055,2.2351107464846365e-07,2.126367801946749e-06,6.860892799442908e-07,3.6551163171583134e-05,0.5000003135166513,True,False,False,False,results/stage6_v1/reference_atlas/cache/2ac05bea56e3b695a0c42eb747e01ffb950ace20e92280434ab75bb45f844673.npz,wall,alternating,energy_stagnation,True,True,True,False,37,206,1887,57,77,2188,0.5434528340119869,results/stage6_v1/domain_wall_candidates/cache/540ab4ef942c48b86cd81a3b668d2e96dbbaab25faef64795510a5bb09f9ef35.npz
windows,8,0.55,0.025,boundary_window,B3,631,True,3.1558427079580724,7425,3984,0.0014642156822309818,2.1439275640911394e-06,0.9999999999999993,0.0,0.9999999999712703,0.0,-4.402274487317807,-4.4022773689949055,3.6020963734006983e-07,9.969150413735584e-06,3.70788861120408e-06,5.854529386476251e-05,0.9999927836845613,True,True,True,False,results/stage6_v1/reference_atlas/cache/2ac05bea56e3b695a0c42eb747e01ffb950ace20e92280434ab75bb45f844673.npz,physical,antiphase,energy_stagnation,True,True,True,True,13,79,624,32,29,132,0.03344608296174556,results/stage6_v1/legacy_b3/adaptive/cache/70d4767918af15cf4922e05f9565fbb39ce14e24a37d558e718c515221a68680.npz
windows,8,0.55,0.0375,boundary_window,C0,631,True,3.1412290830048732,8946,6672,0.0024005763838966777,5.762766974922449e-06,0.9999999999999999,0.0,0.9999914189679999,0.0,-4.405129742212285,-4.405137741105146,9.998616076201117e-07,3.245074556001981e-05,1.174891852934179e-05,0.00011380401182293359,0.9999786098366045,True,True,True,False,results/stage6_v1/reference_atlas/cache/fe2532f6fea6d66bc76fb3d68dfc505883f452de99c5e5e9cdeda71482993fcb.npz,physical,antiphase,budget,True,True,True,True,25,155,2160,64,74,1621,0.5413443750003353,results/stage6_v1/domain_wall_candidates/cache/0f4b33f6fdda4dadc7217c1ee8d680b691eff01d35063c1ffcc025c9fec1e22a.npz
windows,8,0.55,0.0375,boundary_window,H6,631,True,42.20496054296382,64498,24063,0.0019765122304662647,3.906600597182729e-06,0.9999999999999987,0.0,4.982722741661391e-06,0.0,-4.405128199493156,-4.405137741105146,1.1927014987866968e-06,1.5482823985335514e-05,5.0257928807528884e-06,0.000133733119288236,0.5000014798668819,True,False,False,False,results/stage6_v1/reference_atlas/cache/fe2532f6fea6d66bc76fb3d68dfc505883f452de99c5e5e9cdeda71482993fcb.npz,wall,uniform,energy_stagnation,True,True,True,False,27,168,1377,53,69,1661,0.34621420898474753,results/stage6_v1/domain_wall_candidates/cache/5605e2c6894a515bd0362c15b4bf8879945c86b4d90171f726766a0dc9da2291.npz
windows,8,0.55,0.0375,boundary_window,B3,631,True,2.3333932909881696,5937,4416,0.003303611876024768,1.0913851427411887e-05,0.9999999999999988,0.0,0.9999999996707438,0.0,-4.405122541193517,-4.405137741105146,1.8999889536130965e-06,5.6272501709808687e-05,2.067914926900949e-05,0.00021047829212117453,0.9999593670314585,True,True,True,False,results/stage6_v1/reference_atlas/cache/fe2532f6fea6d66bc76fb3d68dfc505883f452de99c5e5e9cdeda71482993fcb.npz,physical,antiphase,energy_stagnation,True,True,True,True,13,79,624,32,32,143,0.03815158299403265,results/stage6_v1/legacy_b3/adaptive/cache/4bdbd047f0a22a5af3c2c3a2349a141c41ff2cdd595006ca551f0bb41df406fe.npz
windows,8,0.55,0.05,boundary_window,C0,631,True,5.650076790945604,14840,6912,0.0022956972176601995,5.270225715172781e-06,0.9999999999999994,0.0,0.9999986426077616,0.0,-4.409165275085545,-4.409170220850394,6.182206060412199e-07,5.616225652649298e-05,1.8245961396101684e-05,7.99314216326924e-05,0.9999843268854852,True,True,True,False,results/stage6_v1/reference_atlas/cache/b71701df684f2b98fc0e4b30fe7961844d16be046b5772faa78ecf5f960b2194.npz,physical,antiphase,budget,False,False,True,True,46,304,2208,128,156,2741,0.9631180000142194,results/stage6_v1/domain_wall_candidates/cache/236f930a225db6f7d0c7d0dd411d964ecff67f4a2a54008bcc20a194916b497f.npz
windows,8,0.55,0.05,boundary_window,H6,631,True,54.305014206969645,95455,25782,0.0022956972176601995,5.270225715172781e-06,0.9999999999999994,0.0,0.9999986426077616,0.0,-4.409165275085545,-4.409170220850394,6.182206060412199e-07,5.616225652649298e-05,1.8245961396101684e-05,7.99314216326924e-05,0.9999843268854852,True,True,True,False,results/stage6_v1/reference_atlas/cache/b71701df684f2b98fc0e4b30fe7961844d16be046b5772faa78ecf5f960b2194.npz,physical,antiphase,budget,False,False,True,True,46,304,2208,128,156,2741,0.9631180000142194,results/stage6_v1/domain_wall_candidates/cache/236f930a225db6f7d0c7d0dd411d964ecff67f4a2a54008bcc20a194916b497f.npz
windows,8,0.55,0.05,boundary_window,B3,631,True,4.307863875001203,11791,5280,0.00589576623024575,3.476005944170618e-05,0.9999999999999989,0.0,0.9999999981055964,0.0,-4.409119028636681,-4.409170220850394,6.39902671406567e-06,0.00021204362615356853,7.639699760225716e-05,0.0005513751009258924,0.9998477373180744,True,True,True,False,results/stage6_v1/reference_atlas/cache/b71701df684f2b98fc0e4b30fe7961844d16be046b5772faa78ecf5f960b2194.npz,physical,antiphase,energy_stagnation,True,True,True,True,13,79,624,32,30,136,0.029973500000778586,results/stage6_v1/legacy_b3/adaptive/cache/9acb6ed1478fba7c68b414321d357f04c1edbbf1bb36687ba2e73d648b619bfe.npz
windows,8,0.55,0.0625,boundary_window,C0,631,True,7.848534125019796,21273,7200,0.004451778320889992,1.9818330218346112e-05,0.999999999999999,0.0,0.9999959064319245,0.0,-4.414388691483028,-4.414410415750111,2.7155333853778885e-06,0.00028249915564526606,8.989825980260102e-05,0.00030438261772913755,0.9999116307900036,True,True,True,False,results/stage6_v1/reference_atlas/cache/26b3fe10b6b38dfb097b0d0382a0bd60df89bbc1c5ca864e8080793e085b9502.npz,physical,antiphase,budget,True,True,True,True,46,304,2208,128,145,3883,1.3855522500234656,results/stage6_v1/domain_wall_candidates/cache/a3417f6efb2722c82c8521affaf94538bf573585cdbec9df5549be9e90783206.npz
windows,8,0.55,0.0625,boundary_window,H6,631,True,118.01866245799465,171347,31680,0.004451778320889992,1.9818330218346112e-05,0.999999999999999,0.0,0.9999959064319245,0.0,-4.414388691483028,-4.414410415750111,2.7155333853778885e-06,0.00028249915564526606,8.989825980260102e-05,0.00030438261772913755,0.9999116307900036,True,True,True,False,results/stage6_v1/reference_atlas/cache/26b3fe10b6b38dfb097b0d0382a0bd60df89bbc1c5ca864e8080793e085b9502.npz,physical,antiphase,budget,True,True,True,True,46,304,2208,128,145,3883,1.3855522500234656,results/stage6_v1/domain_wall_candidates/cache/a3417f6efb2722c82c8521affaf94538bf573585cdbec9df5549be9e90783206.npz
windows,8,0.55,0.0625,boundary_window,B3,631,True,7.412901250063442,19993,7104,0.009257472685112162,8.570080051559779e-05,1.0,0.0,0.9999999927543034,0.0,-4.414273120683355,-4.414410415750111,1.716188334444091e-05,0.0006771593779065777,0.0002369549296492579,0.0012536275036304223,0.9995186778120463,True,True,True,False,results/stage6_v1/reference_atlas/cache/26b3fe10b6b38dfb097b0d0382a0bd60df89bbc1c5ca864e8080793e085b9502.npz,physical,antiphase,budget,True,True,True,True,13,79,2208,32,29,3588,1.4506195000139996,results/stage6_v1/legacy_b3/adaptive/cache/ab12c1fb92732f433ad51489ae2ff0acfae88ae16336e67ddff05ee2ffe83319.npz
windows,8,0.55,0.075,boundary_window,C0,631,True,7.130136374966241,19167,7296,0.008544392019415656,7.300663498145396e-05,1.0000000000000013,0.0,0.9999914235762799,0.0,-4.420846668518676,-4.420923465343212,9.59960306701202e-06,0.0012071884871948102,0.0003752796287252447,0.0009772240526605969,0.99959300141941,True,True,True,False,results/stage6_v1/reference_atlas/cache/cc3593b5929742fc7f72ab3b09d0dba1274993e8c5ffe393b3552ac14686be20.npz,physical,antiphase,budget,True,True,True,True,47,305,2256,128,154,4511,1.617111457977444,results/stage6_v1/domain_wall_candidates/cache/334bb5d5538c15ff12540d478e91e16da003f12cb89f2e5c0885c41e289dfb79.npz
windows,8,0.55,0.075,boundary_window,H6,631,True,81.15608695801347,136323,28512,0.008544392019415656,7.300663498145396e-05,1.0000000000000013,0.0,0.9999914235762799,0.0,-4.420846668518676,-4.420923465343212,9.59960306701202e-06,0.0012071884871948102,0.0003752796287252447,0.0009772240526605969,0.99959300141941,True,True,True,False,results/stage6_v1/reference_atlas/cache/cc3593b5929742fc7f72ab3b09d0dba1274993e8c5ffe393b3552ac14686be20.npz,physical,antiphase,budget,True,True,True,True,47,305,2256,128,154,4511,1.617111457977444,results/stage6_v1/domain_wall_candidates/cache/334bb5d5538c15ff12540d478e91e16da003f12cb89f2e5c0885c41e289dfb79.npz
windows,8,0.55,0.075,boundary_window,B3,631,True,8.257831582974177,20320,7296,0.013410239048536821,0.00017983451133890175,1.0,0.0,0.9999999779733932,0.0,-4.42059654791997,-4.420923465343212,4.086467790531678e-05,0.0020902909237302536,0.0007036896482529587,0.0027274656696597427,0.9985371323916867,True,True,True,False,results/stage6_v1/reference_atlas/cache/cc3593b5929742fc7f72ab3b09d0dba1274993e8c5ffe393b3552ac14686be20.npz,physical,antiphase,budget,True,True,True,True,13,79,2256,32,28,4154,1.8366614579572342,results/stage6_v1/legacy_b3/adaptive/cache/729f23a23ab5a553a3cc247ae090542a7d21fdc8aee6ccc75b46a9e405a20e66.npz
windows,8,0.55,0.0875,boundary_window,C0,631,True,7.6607262079487555,20583,7392,0.012689186582961235,0.00016101545613720342,0.9999999999999993,0.0,0.9999723890542621,0.0,-4.428580917966499,-4.428849975525984,3.3632194935573345e-05,0.005188887859234881,0.0015837109082428302,0.0032767685694312376,0.9979598453964222,True,True,True,False,results/stage6_v1/reference_atlas/cache/2ae179f93950bf43772b5f54ecaa03f8d3185c2d7be6ac1daf5d3b7044a23902.npz,physical,antiphase,budget,False,False,True,True,46,304,2208,128,151,4971,1.758332707977388,results/stage6_v1/domain_wall_candidates/cache/89eb865cbfae20bbc11981162c4b08e58e5e8dd947cc4d32068d9f91f12ac0e7.npz
windows,8,0.55,0.0875,boundary_window,H6,631,True,113.23642949893838,169582,31617,0.012689186582961235,0.00016101545613720342,0.9999999999999993,0.0,0.9999723890542621,0.0,-4.428580917966499,-4.428849975525984,3.3632194935573345e-05,0.005188887859234881,0.0015837109082428302,0.0032767685694312376,0.9979598453964222,True,True,True,False,results/stage6_v1/reference_atlas/cache/2ae179f93950bf43772b5f54ecaa03f8d3185c2d7be6ac1daf5d3b7044a23902.npz,physical,antiphase,budget,False,False,True,True,46,304,2208,128,151,4971,1.758332707977388,results/stage6_v1/domain_wall_candidates/cache/89eb865cbfae20bbc11981162c4b08e58e5e8dd947cc4d32068d9f91f12ac0e7.npz
windows,8,0.55,0.0875,boundary_window,B3,631,True,8.651016457006335,21132,7392,0.018379949545004076,0.00033782254527689557,0.9999999999999996,0.0,0.9999999432828142,0.0,-4.4281035534940365,-4.428849975525984,9.330275399344057e-05,0.006933957969494586,0.002230726836053132,0.0061988608978336135,0.9952430735222043,True,True,True,False,results/stage6_v1/reference_atlas/cache/2ae179f93950bf43772b5f54ecaa03f8d3185c2d7be6ac1daf5d3b7044a23902.npz,physical,antiphase,budget,True,True,True,True,13,79,2208,32,34,4778,2.088258958014194,results/stage6_v1/legacy_b3/adaptive/cache/af13a54685ec050fd2cad2bede9719e53990e97f0f27d4fee55e07154ffa14e2.npz
windows,8,0.55,0.1,boundary_window,C0,631,False,7.279901292000432,20116,7200,0.01968393842172566,0.0003874574317902876,0.9999999999999989,0.0,0.9998639937561689,0.0,-4.437662091054214,-4.438594081268919,0.00011649877683805876,0.02485677194364233,0.007439998684927729,0.012048948294506576,0.9887224275157789,False,False,False,False,results/stage6_v1/reference_atlas/cache/16be03f31e0844071ecd23dfb2a4612637eadefabda1910f1d4a9250172fba4b.npz,physical,antiphase,budget,True,True,True,False,46,304,2208,128,141,4688,1.6209527920000255,results/stage6_v1/domain_wall_candidates/cache/483c01491fa7f0fe186e8a5ad81e81c71435edb03de887aa1942b35941ca7942.npz
windows,8,0.55,0.1,boundary_window,H6,631,False,130.38564291695366,183218,31680,0.01968393842172566,0.0003874574317902876,0.9999999999999989,0.0,0.9998639937561689,0.0,-4.437662091054214,-4.438594081268919,0.00011649877683805876,0.02485677194364233,0.007439998684927729,0.012048948294506576,0.9887224275157789,False,False,False,False,results/stage6_v1/reference_atlas/cache/16be03f31e0844071ecd23dfb2a4612637eadefabda1910f1d4a9250172fba4b.npz,physical,antiphase,budget,True,True,True,False,46,304,2208,128,141,4688,1.6209527920000255,results/stage6_v1/domain_wall_candidates/cache/483c01491fa7f0fe186e8a5ad81e81c71435edb03de887aa1942b35941ca7942.npz
windows,8,0.55,0.1,boundary_window,B3,631,False,7.975721959082875,18684,7248,0.02051643179711126,0.000420923973685518,1.0000000000000007,0.0,0.9995166597792651,0.0,-4.437216137640389,-4.438594081268919,0.0001722429535662151,0.026760470576430495,0.008125135846079545,0.014546251285286207,0.984438632708212,False,False,False,False,results/stage6_v1/reference_atlas/cache/16be03f31e0844071ecd23dfb2a4612637eadefabda1910f1d4a9250172fba4b.npz,physical,antiphase,budget,True,True,True,False,25,155,2208,64,69,4658,2.0306777500081807,results/stage6_v1/legacy_b3/adaptive/cache/3735846ad66536ade0626f8af1d1ff13013c831fb7d7799e52f5a1e5c54b6fc1.npz
windows,8,0.55,0.1125,boundary_window,C0,631,False,4.642260291031562,13801,7392,0.029641898030049692,0.0008786421188238638,0.9999999999999994,0.0,0.999585461531073,0.0,-4.4482677046847074,-4.451986277676202,0.00046482162393679527,0.16454293036930623,0.04807452713151239,0.05890857602955203,0.9152419060621847,False,False,False,False,results/stage6_v1/reference_atlas/cache/7387770ceff52049d57cd0355226afca91931a02b0890091bac6f49fae5dd58a.npz,physical,antiphase,budget,False,False,True,False,47,305,2256,128,139,5780,1.9446175000048243,results/stage6_v1/domain_wall_candidates/cache/941ca5c4370c4fbef974a643644e1c2caf7b9cbbd2fe67a936d1f8ef842d7f48.npz
windows,8,0.55,0.1125,boundary_window,H6,631,False,70.13996254105587,132766,26517,0.03975577330605482,0.001580521511162421,1.0000000000000016,0.0,0.026085796053412956,0.0,-4.448526728053375,-4.451986277676202,0.00043244370285333567,0.13167323942343157,0.03843151732647482,0.04928582962748307,0.5048348447338465,False,False,False,False,results/stage6_v1/reference_atlas/cache/7387770ceff52049d57cd0355226afca91931a02b0890091bac6f49fae5dd58a.npz,wall,alternating,energy_stagnation,True,True,True,False,126,585,6426,127,218,42218,22.944790292007383,results/stage6_v1/domain_wall_candidates/cache/e019098d3c908d136b967641ac44731df695fe396acc01d6b8f4ff3bb1d406fc.npz
windows,8,0.55,0.1125,boundary_window,B3,631,False,4.983975040959194,13472,7344,0.029810029291151452,0.0008886378463393075,0.9999999999999999,0.0,0.9998935685296557,0.0,-4.447950585542358,-4.451986277676202,0.0005044615167304478,0.16773080664301854,0.04916644176850904,0.06123195056237195,0.9050212851785483,False,False,False,False,results/stage6_v1/reference_atlas/cache/7387770ceff52049d57cd0355226afca91931a02b0890091bac6f49fae5dd58a.npz,physical,antiphase,budget,True,True,True,False,36,230,2208,96,104,5500,2.180025540990755,results/stage6_v1/legacy_b3/adaptive/cache/a19cc3c84a7cfd98513be9f2e2168b6414b72c249772dc3ec472c873fc721180.npz
windows,8,0.55,0.125,boundary_window,C0,631,False,3.986093208019156,11807,7440,0.04908400366873475,0.002409239416152366,0.9999999999999986,0.0,0.9981067649019597,0.0,-4.460637296637342,-4.479024272158671,0.002298371940166022,0.9066555362810093,0.2604302536280043,0.2542763739639234,0.47534340864778457,False,False,False,False,results/stage6_v1/reference_atlas/cache/8ef735f6c25d3eb671f2d1e4c21039bce84a78c59c2c50462452fd26dc051228.npz,physical,antiphase,budget,False,False,True,False,49,307,2352,128,161,4359,1.4788482079748064,results/stage6_v1/domain_wall_candidates/cache/7c3a7f34c489693dc33a8ad56b9f435ef8a77976587a0fb5869d97570e46a0bd.npz
windows,8,0.55,0.125,boundary_window,H6,631,False,82.45333862502594,130022,31920,0.08857557838679529,0.007845633086555318,0.9999999999999987,0.0,0.9836812504669974,0.0,-4.468221345051546,-4.479024272158671,0.0013503658883905478,0.5795843071702987,0.16203189631216725,0.11421056103741312,0.7265114032177086,False,False,False,False,results/stage6_v1/reference_atlas/cache/8ef735f6c25d3eb671f2d1e4c21039bce84a78c59c2c50462452fd26dc051228.npz,wall,uniform,parameter_cap160,True,True,True,False,160,685,8160,127,361,37636,24.790068249974865,results/stage6_v1/domain_wall_candidates/cache/1f647acb4c5f33baef2304b8b0b1bfca4be0c04eecb761365645bcb151f96bc7.npz
windows,8,0.55,0.125,boundary_window,B3,631,False,5.31607283296762,13315,7344,0.0722205598787219,0.005215809269196056,0.9999999999999988,0.0,0.07582299843538035,0.0,-4.461157931384632,-4.479024272158671,0.0022332925967548656,0.7992100475961075,0.22931352142437167,0.22534381883700538,0.39763401006604876,False,False,False,False,results/stage6_v1/reference_atlas/cache/8ef735f6c25d3eb671f2d1e4c21039bce84a78c59c2c50462452fd26dc051228.npz,physical,plus,budget,False,False,True,False,52,316,2496,128,139,4101,1.6836514999740757,results/stage6_v1/legacy_b3/adaptive/cache/3186708950b017c004af6a081e9bad7225945ad4168f4cf9a6f54f11d20d1f21.npz
windows,8,0.55,0.1375,boundary_window,C0,631,False,3.8155189589597285,10595,7440,0.16428386205645681,0.02698918733218493,0.9999999999999989,0.0,0.9922037693785772,0.0,-4.505557750721025,-4.523968418307457,0.002301333448303966,0.12922019879892394,0.04630924145750932,0.024534317974591324,0.8888906046451152,False,False,False,False,results/stage6_v1/reference_atlas/cache/503f3794f3aa09ad3ae42345138db3fd1275c4efd351d616d67b278bcb47608e.npz,physical,ghz,budget,True,True,True,False,51,299,2448,127,132,3361,1.1298195829731412,results/stage6_v1/domain_wall_candidates/cache/b2ba7610222296dfc9c9d9537e1665731d36b9a021a6d1fd6eb405f5b1f87a17.npz
windows,8,0.55,0.1375,boundary_window,H6,631,False,74.45512504101498,116083,30543,0.10408539482160475,0.010833769415169345,0.9999999999999989,0.0,0.9961019740502077,0.0,-4.516968983748717,-4.523968418307457,0.0008749293198425656,0.17884013318579056,0.0507075692532241,0.0257664161175139,0.9267593311213773,False,False,False,False,results/stage6_v1/reference_atlas/cache/503f3794f3aa09ad3ae42345138db3fd1275c4efd351d616d67b278bcb47608e.npz,wall,empty,parameter_cap160,True,True,True,False,160,682,8160,127,282,33637,24.346533916017506,results/stage6_v1/domain_wall_candidates/cache/399307e2c0f795dad7bbd8ead67616c75237be015030af671492371b2fbfcd21.npz
windows,8,0.55,0.1375,boundary_window,B3,631,False,3.9455084989895113,10528,7440,0.16428227097554537,0.02698866455688252,0.999999999999999,0.0,0.9922038371028057,0.0,-4.505557750708146,-4.523968418307457,0.0023013334499139004,0.12922025549246036,0.04630924291810648,0.024534175411582815,0.8888901376921311,False,False,False,False,results/stage6_v1/reference_atlas/cache/503f3794f3aa09ad3ae42345138db3fd1275c4efd351d616d67b278bcb47608e.npz,physical,ghz,budget,True,True,True,False,51,299,2448,127,127,3292,1.054085333016701,results/stage6_v1/legacy_b3/adaptive/cache/ff478f50316e8833ec794f8d796654fa3ee86b68be3df8c3c94b2e0ac7ce9211.npz
windows,8,0.55,0.15,boundary_window,C0,631,False,3.818806042021606,10546,7488,0.19187156525012913,0.03681469755153456,0.9999999999999999,0.0,0.9918924550171561,0.0,-4.55447338734694,-4.573939357487971,0.0024332462676288635,0.06343509227561016,0.02270664412920685,0.008405635219470908,0.9424712219837599,False,False,False,False,results/stage6_v1/reference_atlas/cache/a51376fb1a823c66c6c2d6c619f85a90a89c9e2956ffff7c7343cdef658c70c6.npz,physical,ghz,budget,True,True,True,False,51,299,2448,127,121,3121,1.0354542499990202,results/stage6_v1/domain_wall_candidates/cache/6cd25a054c10532bd056d25c11549278cc20c59ee836372fe94fac40c2241ace.npz
windows,8,0.55,0.15,boundary_window,H6,631,False,56.800079167995136,97421,25287,0.09260612327609023,0.008575894068226422,0.9999999999999989,0.0,0.9937330628977254,0.0,-4.569270293798754,-4.573939357487971,0.0005836329611521585,0.09164121956381932,0.0248883055982254,0.008558061343510115,0.9709363598165139,False,False,False,False,results/stage6_v1/reference_atlas/cache/a51376fb1a823c66c6c2d6c619f85a90a89c9e2956ffff7c7343cdef658c70c6.npz,wall,empty,energy_stagnation,True,True,True,False,82,448,4182,127,222,21954,10.502147541963495,results/stage6_v1/domain_wall_candidates/cache/72a2e4332904200cc8b4f045f006e0162544c7ddcef57496d4d213d62c7ea709.npz
windows,8,0.55,0.15,boundary_window,B3,631,False,4.266741543018725,10844,7488,0.19187210453736459,0.036814904499597366,0.9999999999999997,0.0,0.9918925320511613,0.0,-4.554473387347173,-4.573939357487971,0.0024332462675997757,0.06343501451932779,0.022706618566629116,0.008405783205921669,0.9424715900662769,False,False,False,False,results/stage6_v1/reference_atlas/cache/a51376fb1a823c66c6c2d6c619f85a90a89c9e2956ffff7c7343cdef658c70c6.npz,physical,ghz,budget,True,True,True,False,51,299,2448,127,122,3113,1.001453417004086,results/stage6_v1/legacy_b3/adaptive/cache/0a4cbb8a0ee602dfba0ed971f8a2b6084125ccf55a44f8c6fb573e326ea81449.npz
windows,8,0.55,0.1625,boundary_window,C0,631,False,4.208425166958477,11457,7584,0.1692277762343893,0.028638040249236538,0.999999999999999,0.0,0.9873119338158074,0.0,-4.609233693743312,-4.625615644546967,0.002047743850456807,0.044168314058461874,0.01840879979775946,0.003705088811394641,0.9576430300766567,False,False,False,False,results/stage6_v1/reference_atlas/cache/b08adfe9bdd01a1c065b9a02404f7e1991f6b11a81d3a2da522ddfd6a856db04.npz,physical,ghz,budget,True,True,True,False,54,302,2592,127,129,3607,1.3199729170300998,results/stage6_v1/domain_wall_candidates/cache/108fc3774f057066858b64e8e5a95389465957076c6074ffb72d7e0b341da535.npz
windows,8,0.55,0.1625,boundary_window,H6,631,False,71.76820875093108,108840,30075,0.08851773996430988,0.007835390288389182,1.0000000000000009,0.0,0.9941376112873683,0.0,-4.62223181889109,-4.625615644546967,0.0004229782069845589,0.05477136948656408,0.014994405842863073,0.0036412710616176014,0.9853709801499995,False,False,False,False,results/stage6_v1/reference_atlas/cache/b08adfe9bdd01a1c065b9a02404f7e1991f6b11a81d3a2da522ddfd6a856db04.npz,wall,alternating,parameter_cap160,True,True,True,False,160,687,8160,127,360,33458,24.345583707967307,results/stage6_v1/domain_wall_candidates/cache/d62566ad16c14e9afa28316ebb86881fec5a3180e06114806d6bee6dcd04125e.npz
windows,8,0.55,0.1625,boundary_window,B3,631,False,4.348107501049526,10988,7584,0.16922688561404012,0.028637738814627417,1.0000000000000004,0.0,0.9873121057828469,0.0,-4.609233693652206,-4.625615644546967,0.0020477438618451416,0.04416844405528638,0.018408837238793732,0.003705556098093199,0.957642662532707,False,False,False,False,results/stage6_v1/reference_atlas/cache/b08adfe9bdd01a1c065b9a02404f7e1991f6b11a81d3a2da522ddfd6a856db04.npz,physical,ghz,budget,True,True,True,False,54,302,2592,127,125,3524,1.2139040419715457,results/stage6_v1/legacy_b3/adaptive/cache/2048f8bf2dcb1b408abdea0f1a73f6d227f186d8f4212ba9c4df483b28ceec60.npz
windows,8,0.55,0.175,boundary_window,C0,631,False,4.468690626032185,11985,7632,0.1663374502310237,0.027668147349358286,0.9999999999999996,0.0,0.9917520535976803,0.0,-4.666163134875399,-4.678399729178939,0.0015295742879425367,0.062043190761215894,0.01617668748751553,0.003865932520129123,0.9759305654393726,False,False,False,False,results/stage6_v1/reference_atlas/cache/6a78945a188bc3654a90f4c9c5bf17ed37a5dcd439bb722855a54ea922dde8ae.npz,physical,plus,budget,True,True,True,False,54,318,2592,128,157,3355,1.3108308750088327,results/stage6_v1/domain_wall_candidates/cache/cca561313375eb1d81c8b812d0213e3c5e5c988d8389af0a532ab993eac6e247.npz
windows,8,0.55,0.175,boundary_window,H6,631,False,51.63877425098326,93879,26145,0.10505024541823083,0.011035554062430527,0.9999999999999986,0.0,0.9966485216935401,0.0,-4.675221731300866,-4.678399729178939,0.00039724973475918635,0.041436553183355596,0.010758228897249186,0.0019499318982008074,0.9926388959405422,False,True,False,False,results/stage6_v1/reference_atlas/cache/6a78945a188bc3654a90f4c9c5bf17ed37a5dcd439bb722855a54ea922dde8ae.npz,wall,empty,parameter_cap160,True,True,True,False,160,678,8160,127,350,35165,23.101922667003237,results/stage6_v1/domain_wall_candidates/cache/a6a5684d2f1ba95efd87c6dd79d078c50d6416dd485fcf47adf32902dc19838f.npz
windows,8,0.55,0.175,boundary_window,B3,631,False,5.403080665972084,12744,7776,0.18179491357491015,0.03304939060170905,0.9999999999999991,0.0,0.9860102690077629,0.0,-4.665354631963935,-4.678399729178939,0.0016306371518755025,0.04108660530217978,0.011767477082431102,0.003678351641005273,0.9812119382069895,False,False,False,False,results/stage6_v1/reference_atlas/cache/6a78945a188bc3654a90f4c9c5bf17ed37a5dcd439bb722855a54ea922dde8ae.npz,physical,plus,budget,True,True,True,False,57,321,2736,128,163,4212,2.0020396249601617,results/stage6_v1/legacy_b3/adaptive/cache/a10bd8ec487b2859488a82b1468d7b6062704013b45b12d384928dad6afd4bdb.npz
windows,8,0.55,0.1875,boundary_window,C0,631,False,5.358372999995481,14350,7728,0.17487863339315993,0.03058253641745923,0.9999999999999983,0.0,0.9911841776079179,0.0,-4.718716163346099,-4.732124131416643,0.0016759960088179593,0.029632093356865934,0.01321331317123639,0.003593521978608294,0.9784211212431578,False,False,False,False,results/stage6_v1/reference_atlas/cache/40c8e6a4dd0fe28cfce22868ca351fed71204e5da65672d6b165891bdfc62332.npz,physical,plus,budget,True,True,True,False,57,321,2736,128,136,4858,1.8953253750223666,results/stage6_v1/domain_wall_candidates/cache/72e93cd8adb287b719cfbc25e8c6f058784a452503ff484c8abc892ffb30ddfb.npz
windows,8,0.55,0.1875,boundary_window,H6,631,False,48.96511875104625,89544,25170,0.1000220586297769,0.010004412212538526,0.9999999999999992,0.0,0.9952246644238971,0.0,-4.728301811963545,-4.732124131416643,0.00047778993163716255,0.038798430166501585,0.010194955475306952,0.0014433740230014314,0.9907128946528203,False,True,False,False,results/stage6_v1/reference_atlas/cache/40c8e6a4dd0fe28cfce22868ca351fed71204e5da65672d6b165891bdfc62332.npz,wall,empty,energy_stagnation,True,True,True,False,140,620,7140,127,245,28238,18.202666833996773,results/stage6_v1/domain_wall_candidates/cache/e12972e77ef8c1b663786dea6ee4a299c3cb426ed1e0127c360826fc12726786.npz
windows,8,0.55,0.1875,boundary_window,B3,631,False,6.506827707984485,15080,7728,0.17487743659030083,0.03058211782839469,0.9999999999999987,0.0,0.9911838373762741,0.0,-4.718716163289249,-4.732124131416643,0.0016759960159241638,0.029632351003940505,0.013213346123592082,0.003593387121800795,0.9784205770223114,False,False,False,False,results/stage6_v1/reference_atlas/cache/40c8e6a4dd0fe28cfce22868ca351fed71204e5da65672d6b165891bdfc62332.npz,physical,plus,budget,True,True,True,False,57,321,2736,128,135,4819,2.051736749999691,results/stage6_v1/legacy_b3/adaptive/cache/100e58898364a9e3343a790bba558940db7169daa492e8f9560d7e558f5d6872.npz
windows,8,0.55,0.2,boundary_window,C0,631,False,6.8059676249395125,17783,7920,0.14180680172790774,0.02010916901629814,0.9999999999999986,0.0,0.9969468599770466,0.0,-4.7788166145565505,-4.786727513038566,0.00098886231025197,0.045591494603005045,0.012308389691914237,0.0008794572339375639,0.9862934533983135,False,False,False,False,results/stage6_v1/reference_atlas/cache/9172945bf2a79c7cb2c1f2b730f2ddfe08778f523be205c847ad2f5c3398852a.npz,physical,plus,budget,True,True,True,False,60,324,2880,128,137,6407,2.7777502079843543,results/stage6_v1/domain_wall_candidates/cache/2f6118a85b54f79aab5749559a6555c2d6bf09f7ff0100fd7b6d960488321d87.npz
windows,8,0.55,0.2,boundary_window,H6,631,False,53.65438445791369,99530,26637,0.09364657364467753,0.008769680755388013,0.9999999999999991,0.0,0.9992578300879773,0.0,-4.783216664196589,-4.786727513038566,0.0004388561052471873,0.04502188533846496,0.011532981862087899,0.00048769935439363366,0.9919147496303333,False,True,False,False,results/stage6_v1/reference_atlas/cache/9172945bf2a79c7cb2c1f2b730f2ddfe08778f523be205c847ad2f5c3398852a.npz,wall,uniform,energy_stagnation,True,True,True,False,107,528,5457,127,209,27286,14.17901941598393,results/stage6_v1/domain_wall_candidates/cache/561b09481548fbd1b9fc5613c5186b3fd70cfd02ea97bff7972ad29db10491ed.npz
windows,8,0.55,0.2,boundary_window,B3,631,False,8.02024620899465,16358,7968,0.15400811955246405,0.02371850088808606,0.9999999999999993,0.0,0.9946662097951667,0.0,-4.776096714883003,-4.786727513038566,0.0013288497694453616,0.06058305570649325,0.014661473601587496,0.00018254507485382376,0.9811859674191915,False,False,False,False,results/stage6_v1/reference_atlas/cache/9172945bf2a79c7cb2c1f2b730f2ddfe08778f523be205c847ad2f5c3398852a.npz,physical,plus,budget,True,True,True,False,61,325,2928,128,140,7128,3.5919786249869503,results/stage6_v1/legacy_b3/adaptive/cache/9b5a40d2da1eeefbbcbb233ff28d281c031b88d6cb1a0574144429ea16a39a47.npz
windows,8,0.55,0.2125,boundary_window,C0,631,False,5.916822708037216,16022,8112,0.13642457479247908,0.018611664607308717,0.9999999999999977,0.0,0.9969375243045135,0.0,-4.8353022896195235,-4.842183746338566,0.000860182089880368,0.02152687050732966,0.007647157395840265,0.001498063982449671,0.9914055509897849,False,True,False,False,results/stage6_v1/reference_atlas/cache/b25a81da1d2510dc821eab591ec8d03a77f0661d7fb122af642ecea6ce11cac7.npz,physical,plus,budget,True,True,True,False,62,326,2976,128,134,5179,2.0327577080461197,results/stage6_v1/domain_wall_candidates/cache/43b03c13c7756b1cc05f91797caafb78d85e2bf9b819a03e8666aab001f86b8a.npz
windows,8,0.55,0.2125,boundary_window,H6,631,False,62.93553591606906,108443,29277,0.09900627773129127,0.009802243030205582,0.9999999999999986,0.0,0.9993543401042332,0.0,-4.8388253912533905,-4.842183746338566,0.0004197943856469877,0.034689723849301524,0.009431541359139928,0.0010125492641075429,0.9941964945612405,False,True,False,False,results/stage6_v1/reference_atlas/cache/b25a81da1d2510dc821eab591ec8d03a77f0661d7fb122af642ecea6ce11cac7.npz,wall,uniform,energy_stagnation,True,True,True,False,102,509,5202,127,215,22591,11.310476290993392,results/stage6_v1/domain_wall_candidates/cache/ba8cedb627853eee328b359eb48e2c28099b8df16f2f64912b2c9f7daea70caf.npz
windows,8,0.55,0.2125,boundary_window,B3,631,False,5.976970166026149,13716,7920,0.173377911047895,0.03005990003933179,1.0000000000000007,0.0,0.9950537066214968,0.0,-4.830461449097628,-4.842183746338566,0.0014652871551172897,0.025979721812871497,0.010138545770704277,0.00167871809276543,0.9833365891173632,False,False,False,False,results/stage6_v1/reference_atlas/cache/b25a81da1d2510dc821eab591ec8d03a77f0661d7fb122af642ecea6ce11cac7.npz,physical,ghz,budget,True,True,True,False,54,302,2592,127,131,3468,1.2949931250186637,results/stage6_v1/legacy_b3/adaptive/cache/4760d57d71c431a7d86e1b6ae967066655a5d16e8a25029bbde53ebac6edc3fa.npz
windows,8,0.8,0.475,boundary_window,C0,631,False,2.5476707089692354,7948,6816,0.16349630523606684,0.026731041825845136,0.9999999999999989,0.0,0.9994251422770934,0.0,-7.065180079386776,-7.072343186459025,0.0008953883840311372,0.02368252254019565,0.006725697106707229,0.01095296138573032,0.9961939176354262,False,True,False,False,results/stage6_v1/reference_atlas/cache/e5aecf34244073a5eceb201621a4f6f82c794251f7eca26a07297c34a0e9d6d2.npz,physical,plus,budget,True,True,True,False,51,315,2448,128,169,2440,0.8443662920035422,results/stage6_v1/domain_wall_candidates/cache/5db14889bcc3283413acebabe2c9dc7dc51dc309cdc9c2e8ba82d0ae142a64df.npz
windows,8,0.8,0.475,boundary_window,H6,631,False,2.5476707089692354,7948,6816,0.16349630523606684,0.026731041825845136,0.9999999999999989,0.0,0.9994251422770934,0.0,-7.065180079386776,-7.072343186459025,0.0008953883840311372,0.02368252254019565,0.006725697106707229,0.01095296138573032,0.9961939176354262,False,True,False,False,results/stage6_v1/reference_atlas/cache/e5aecf34244073a5eceb201621a4f6f82c794251f7eca26a07297c34a0e9d6d2.npz,physical,plus,budget,True,True,True,False,51,315,2448,128,169,2440,0.8443662920035422,results/stage6_v1/domain_wall_candidates/cache/5db14889bcc3283413acebabe2c9dc7dc51dc309cdc9c2e8ba82d0ae142a64df.npz
windows,8,0.8,0.475,boundary_window,B3,631,False,3.2891060410183854,8851,6864,0.16349240528472503,0.026729766585784784,0.9999999999999988,0.0,0.9994251303023012,0.0,-7.065180079468988,-7.072343186459025,0.0008953883737546908,0.023682693930735854,0.0067257647200150705,0.01095305542844055,0.9961938617558107,False,True,False,False,results/stage6_v1/reference_atlas/cache/e5aecf34244073a5eceb201621a4f6f82c794251f7eca26a07297c34a0e9d6d2.npz,physical,plus,budget,True,True,True,False,51,315,2448,128,167,2491,1.0352603750070557,results/stage6_v1/legacy_b3/adaptive/cache/fbf3e57350899148772a562876aec121e4fc5e3628583a1a15f69cec2eedc266.npz
windows,8,0.8,0.4875,boundary_window,C0,631,False,2.894211001053918,8924,6912,0.18719590428638017,0.03504230658159561,0.9999999999999993,0.0,0.9983705188076599,0.0,-7.106619289149068,-7.11505888191285,0.001054949095472768,0.026001119538903716,0.0073272253931309095,0.011318436935579046,0.9953835486672735,False,True,False,False,results/stage6_v1/reference_atlas/cache/ff38637b2fb7bcd99def5d29b8cbc3e28d1903eca96eebb9747b9a0cae604f13.npz,physical,plus,budget,True,True,True,False,50,314,2400,128,124,1936,0.659037959005218,results/stage6_v1/domain_wall_candidates/cache/c82bdcf7c990d143c0a182e647818de879bf47293bcd35babe28b8f751ccb062.npz
windows,8,0.8,0.4875,boundary_window,H6,631,False,2.894211001053918,8924,6912,0.18719590428638017,0.03504230658159561,0.9999999999999993,0.0,0.9983705188076599,0.0,-7.106619289149068,-7.11505888191285,0.001054949095472768,0.026001119538903716,0.0073272253931309095,0.011318436935579046,0.9953835486672735,False,True,False,False,results/stage6_v1/reference_atlas/cache/ff38637b2fb7bcd99def5d29b8cbc3e28d1903eca96eebb9747b9a0cae604f13.npz,physical,plus,budget,True,True,True,False,50,314,2400,128,124,1936,0.659037959005218,results/stage6_v1/domain_wall_candidates/cache/c82bdcf7c990d143c0a182e647818de879bf47293bcd35babe28b8f751ccb062.npz
windows,8,0.8,0.4875,boundary_window,B3,631,False,2.8854886250919662,8383,6912,0.17496879228574552,0.030614078273932362,1.0000000000000002,0.0,0.9993161415129759,0.0,-7.106677931307133,-7.11505888191285,0.0010476188257145802,0.025400089697388273,0.007007831921772234,0.011082736596324583,0.9957726164467173,False,True,False,False,results/stage6_v1/reference_atlas/cache/ff38637b2fb7bcd99def5d29b8cbc3e28d1903eca96eebb9747b9a0cae604f13.npz,physical,antiphase,budget,True,True,True,False,47,305,2256,128,126,2151,0.8116505410289392,results/stage6_v1/legacy_b3/adaptive/cache/7f93abab0349201032cdd95a9c1597e5aab007bdd0096046d08046cb396325a6.npz
windows,8,0.8,0.5,boundary_window,C0,631,False,3.1293920000316575,9579,6912,0.19565032551357908,0.038279049873569455,0.999999999999999,0.0,0.9989395621296098,0.0,-7.15036400280626,-7.159576653851679,0.0011515813806773911,0.02762264449216567,0.007775581453413061,0.011228115385506277,0.9955773760090665,False,True,False,False,results/stage6_v1/reference_atlas/cache/c4b65ad007d85859c0b810566af90be2e3f55808006e90507c7467518fbe644a.npz,physical,plus,budget,True,True,True,False,50,314,2400,128,137,2093,0.6959259170107543,results/stage6_v1/domain_wall_candidates/cache/6e31ab193c23b023f99dd5b0aecc0ee7477ca2f914fc939c9bafa013643ae676.npz
windows,8,0.8,0.5,boundary_window,H6,631,False,3.1293920000316575,9579,6912,0.19565032551357908,0.038279049873569455,0.999999999999999,0.0,0.9989395621296098,0.0,-7.15036400280626,-7.159576653851679,0.0011515813806773911,0.02762264449216567,0.007775581453413061,0.011228115385506277,0.9955773760090665,False,True,False,False,results/stage6_v1/reference_atlas/cache/c4b65ad007d85859c0b810566af90be2e3f55808006e90507c7467518fbe644a.npz,physical,plus,budget,True,True,True,False,50,314,2400,128,137,2093,0.6959259170107543,results/stage6_v1/domain_wall_candidates/cache/6e31ab193c23b023f99dd5b0aecc0ee7477ca2f914fc939c9bafa013643ae676.npz
windows,8,0.8,0.5,boundary_window,B3,631,False,3.3161366239655763,9345,6816,0.19564850644415605,0.03827833807382897,0.9999999999999983,0.0,0.9989395744679712,0.0,-7.1503640028190185,-7.159576653851679,0.0011515813790825558,0.02762338580719259,0.007775795024588472,0.01122863939192048,0.9955772757219034,False,True,False,False,results/stage6_v1/reference_atlas/cache/c4b65ad007d85859c0b810566af90be2e3f55808006e90507c7467518fbe644a.npz,physical,plus,budget,True,True,True,False,50,314,2400,128,139,2119,0.8143369579920545,results/stage6_v1/legacy_b3/adaptive/cache/647bd64a6399ef7643b40eb97f2f69376329698296bbff1a70587734f8435747.npz
windows,8,0.8,0.5125,boundary_window,C0,631,False,2.854212583042681,8666,6912,0.2112271282296082,0.044616899700127347,0.999999999999999,0.0,0.9963180411250427,0.0,-7.195441908713767,-7.205914819401876,0.00130911383601362,0.028702957802591356,0.007997147989915077,0.010938149124266994,0.994227331445598,False,True,False,False,results/stage6_v1/reference_atlas/cache/d7a9ef741abdb3bc1b049e2992a263b8eef5a1454c4941b050ed8ffd0592a8dc.npz,physical,plus,budget,True,True,True,False,51,315,2448,128,122,2081,0.7072872500284575,results/stage6_v1/domain_wall_candidates/cache/94bb4d03ac66d57973af16d99db1224db169b7da5b29e3979e3dc20a18b20543.npz
windows,8,0.8,0.5125,boundary_window,H6,631,False,2.854212583042681,8666,6912,0.2112271282296082,0.044616899700127347,0.999999999999999,0.0,0.9963180411250427,0.0,-7.195441908713767,-7.205914819401876,0.00130911383601362,0.028702957802591356,0.007997147989915077,0.010938149124266994,0.994227331445598,False,True,False,False,results/stage6_v1/reference_atlas/cache/d7a9ef741abdb3bc1b049e2992a263b8eef5a1454c4941b050ed8ffd0592a8dc.npz,physical,plus,budget,True,True,True,False,51,315,2448,128,122,2081,0.7072872500284575,results/stage6_v1/domain_wall_candidates/cache/94bb4d03ac66d57973af16d99db1224db169b7da5b29e3979e3dc20a18b20543.npz
windows,8,0.8,0.5125,boundary_window,B3,631,False,3.1533174589276314,8821,6912,0.19298732165936594,0.03724410632125558,0.9999999999999987,0.0,0.9989783340128673,0.0,-7.196105324043522,-7.205914819401876,0.0012261869197942588,0.030386619359382916,0.00850307258599553,0.01176051032896741,0.9952431309120704,False,True,False,False,results/stage6_v1/reference_atlas/cache/d7a9ef741abdb3bc1b049e2992a263b8eef5a1454c4941b050ed8ffd0592a8dc.npz,physical,antiphase,budget,True,True,True,False,49,307,2352,128,129,2470,0.9877060829894617,results/stage6_v1/legacy_b3/adaptive/cache/b59d9985cf5292aa25754fe02e00e565a308ddfa771ef2cf97329e050efc907c.npz
windows,8,0.8,0.525,boundary_window,C0,631,False,3.1483982909703627,9515,6960,0.23342016423233033,0.05448497307024806,0.9999999999999983,0.0,0.9983405665908682,0.0,-7.241668416602496,-7.254081794857338,0.0015516722818552653,0.033758682877630175,0.00953661667270439,0.012404358766975043,0.9943106124563831,False,True,False,False,results/stage6_v1/reference_atlas/cache/5930035c02e58142d317c0d649f2157d771cb743e89a239bd9ec0d3d1772531d.npz,physical,plus,budget,True,True,True,False,50,314,2400,128,122,2011,0.6755104159819894,results/stage6_v1/domain_wall_candidates/cache/8246d1c53f98fddfbd854c1248dfce9bf2fb27d4d2626814d64ca2e2085d3933.npz
windows,8,0.8,0.525,boundary_window,H6,631,False,3.1483982909703627,9515,6960,0.23342016423233033,0.05448497307024806,0.9999999999999983,0.0,0.9983405665908682,0.0,-7.241668416602496,-7.254081794857338,0.0015516722818552653,0.033758682877630175,0.00953661667270439,0.012404358766975043,0.9943106124563831,False,True,False,False,results/stage6_v1/reference_atlas/cache/5930035c02e58142d317c0d649f2157d771cb743e89a239bd9ec0d3d1772531d.npz,physical,plus,budget,True,True,True,False,50,314,2400,128,122,2011,0.6755104159819894,results/stage6_v1/domain_wall_candidates/cache/8246d1c53f98fddfbd854c1248dfce9bf2fb27d4d2626814d64ca2e2085d3933.npz
windows,8,0.8,0.525,boundary_window,B3,631,False,3.24780854198616,8910,6960,0.2052718935429322,0.0421365502787009,0.9999999999999988,0.0,0.9988290971458637,0.0,-7.243493748016498,-7.254081794857338,0.0013235058551051004,0.03072203992981337,0.008555762449663495,0.010828140606074621,0.9952131356495669,False,True,False,False,results/stage6_v1/reference_atlas/cache/5930035c02e58142d317c0d649f2157d771cb743e89a239bd9ec0d3d1772531d.npz,physical,antiphase,budget,True,True,True,False,49,307,2352,128,136,2453,0.9891500829835422,results/stage6_v1/legacy_b3/adaptive/cache/57cf7c859032c26ef6b4900f002ee3ca9dfe0b0cd06922658207fc342f0112e1.npz
windows,8,0.8,0.5375,boundary_window,C0,631,False,2.8918704579700716,8723,7008,0.237787365299168,0.05654283109591996,1.0000000000000004,0.0,0.9987776182203569,0.0,-7.290568170120608,-7.304075343273527,0.001688396644114909,0.036972944146136166,0.010425856363962094,0.012562947662190238,0.9938363195305209,False,True,False,False,results/stage6_v1/reference_atlas/cache/bfd6828a7edc04ebc55f25a1f44ac3421217ccab1afe41a2dd82f55918e7f259.npz,physical,antiphase,budget,True,True,True,False,49,307,2352,128,140,2367,0.7751312500331551,results/stage6_v1/domain_wall_candidates/cache/2a203d4b79b195164c90bd327fca0793006ade4931fa1c84020ac027f9496fb6.npz
windows,8,0.8,0.5375,boundary_window,H6,631,False,2.8918704579700716,8723,7008,0.237787365299168,0.05654283109591996,1.0000000000000004,0.0,0.9987776182203569,0.0,-7.290568170120608,-7.304075343273527,0.001688396644114909,0.036972944146136166,0.010425856363962094,0.012562947662190238,0.9938363195305209,False,True,False,False,results/stage6_v1/reference_atlas/cache/bfd6828a7edc04ebc55f25a1f44ac3421217ccab1afe41a2dd82f55918e7f259.npz,physical,antiphase,budget,True,True,True,False,49,307,2352,128,140,2367,0.7751312500331551,results/stage6_v1/domain_wall_candidates/cache/2a203d4b79b195164c90bd327fca0793006ade4931fa1c84020ac027f9496fb6.npz
windows,8,0.8,0.5375,boundary_window,B3,631,False,3.899029167019762,10332,7104,0.23778502754617323,0.05654171932513436,0.9999999999999986,0.0,0.9987777284438639,0.0,-7.290568170116487,-7.304075343273527,0.0016883966446300525,0.03697504362430637,0.01042641415664125,0.01256383421775209,0.9938360876663218,False,True,False,False,results/stage6_v1/reference_atlas/cache/bfd6828a7edc04ebc55f25a1f44ac3421217ccab1afe41a2dd82f55918e7f259.npz,physical,antiphase,budget,True,True,True,False,49,307,2352,128,143,2386,0.9589911670191213,results/stage6_v1/legacy_b3/adaptive/cache/066c630279904ccaba153442e029895ba32e1389111ad5adb8c35cd7a26ac693.npz
windows,8,0.8,0.55,boundary_window,C0,631,False,2.9732214169343933,8896,7008,0.2173034554113152,0.047220791733697455,0.9999999999999974,0.0,0.9990591465565258,0.0,-7.345697978616922,-7.3558822186910575,0.0012730300092669289,0.032686208490884106,0.00865581483730743,0.009448115668199808,0.9957963606244317,False,True,False,False,results/stage6_v1/reference_atlas/cache/6d4535f03034333bb199bd56227e65a4a663f3aec38636b5da9aa2d5b6441dca.npz,physical,plus,budget,True,True,True,False,52,316,2496,128,129,2578,0.9381449169595726,results/stage6_v1/domain_wall_candidates/cache/06dc6960b02d32b12e89c7d345eb802e0275e157c0702c18e5e3e4d34fcf96e1.npz
windows,8,0.8,0.55,boundary_window,H6,631,False,2.9732214169343933,8896,7008,0.2173034554113152,0.047220791733697455,0.9999999999999974,0.0,0.9990591465565258,0.0,-7.345697978616922,-7.3558822186910575,0.0012730300092669289,0.032686208490884106,0.00865581483730743,0.009448115668199808,0.9957963606244317,False,True,False,False,results/stage6_v1/reference_atlas/cache/6d4535f03034333bb199bd56227e65a4a663f3aec38636b5da9aa2d5b6441dca.npz,physical,plus,budget,True,True,True,False,52,316,2496,128,129,2578,0.9381449169595726,results/stage6_v1/domain_wall_candidates/cache/06dc6960b02d32b12e89c7d345eb802e0275e157c0702c18e5e3e4d34fcf96e1.npz
windows,8,0.8,0.55,boundary_window,B3,631,False,3.789971125021111,10022,7008,0.27475124281640534,0.07548824542915933,0.9999999999999994,0.0,0.9983181990226351,0.0,-7.341576196194369,-7.3558822186910575,0.0017882528120860552,0.036251483716073674,0.009897386979061895,0.011058415769961694,0.9945936256794659,False,True,False,False,results/stage6_v1/reference_atlas/cache/6d4535f03034333bb199bd56227e65a4a663f3aec38636b5da9aa2d5b6441dca.npz,physical,ghz,budget,True,True,True,False,49,297,2352,127,120,6287,2.2416800840292126,results/stage6_v1/legacy_b3/adaptive/cache/f0b5cde7df1c6a9b432731c82f85f7287aaff5bb5f6886962ed735d6def1a682.npz
windows,8,0.8,0.5625,boundary_window,C0,631,False,2.810507166024763,8980,6960,0.24476140680716543,0.05990814626222273,0.9999999999999973,0.0,0.9980231858456967,0.0,-7.395987327443613,-7.409478246013336,0.0016863648212153137,0.03441101444253836,0.009504173482224765,0.009979394483853432,0.9947031109650284,False,True,False,False,results/stage6_v1/reference_atlas/cache/85ea1cf49f915f048efa252d7d8ba1be82712d831499ed31eb5388e345d7c309.npz,physical,plus,budget,True,True,True,False,51,315,2448,128,111,2586,0.888919832999818,results/stage6_v1/domain_wall_candidates/cache/48919cfa1db6d3e3fefd86dff33e2eb24386ddaaac4cf422f675f04ab855210a.npz
windows,8,0.8,0.5625,boundary_window,H6,631,False,2.810507166024763,8980,6960,0.24476140680716543,0.05990814626222273,0.9999999999999973,0.0,0.9980231858456967,0.0,-7.395987327443613,-7.409478246013336,0.0016863648212153137,0.03441101444253836,0.009504173482224765,0.009979394483853432,0.9947031109650284,False,True,False,False,results/stage6_v1/reference_atlas/cache/85ea1cf49f915f048efa252d7d8ba1be82712d831499ed31eb5388e345d7c309.npz,physical,plus,budget,True,True,True,False,51,315,2448,128,111,2586,0.888919832999818,results/stage6_v1/domain_wall_candidates/cache/48919cfa1db6d3e3fefd86dff33e2eb24386ddaaac4cf422f675f04ab855210a.npz
windows,8,0.8,0.5625,boundary_window,B3,631,False,3.4351765429601073,8466,7008,0.2497984741509125,0.0623992776881241,0.9999999999999989,0.0,0.9958006816633698,0.0,-7.395448938217063,-7.409478246013336,0.001753663474534095,0.03920480647835867,0.010622457961100451,0.011396812446688775,0.9928344723075122,False,True,False,False,results/stage6_v1/reference_atlas/cache/85ea1cf49f915f048efa252d7d8ba1be82712d831499ed31eb5388e345d7c309.npz,physical,plus,budget,True,True,True,False,51,315,2448,128,135,2135,0.9072511249687523,results/stage6_v1/legacy_b3/adaptive/cache/5d8d727e02537b375d9bbdaf9490e20c72b6920989552954e50e3cde880e0bd1.npz
windows,8,0.8,0.575,boundary_window,C0,631,False,3.5055837499094196,11147,7056,0.2536032233028119,0.06431459486957586,0.9999999999999983,0.0,0.9979471662867235,0.0,-7.453342869392278,-7.464828835560391,0.0014357457710141297,0.019930780566236872,0.005192198460275299,0.004120093246431478,0.9968435916694075,False,True,False,False,results/stage6_v1/reference_atlas/cache/3a3997cb2b00ed271d28fac61208b9d53e8e3dd35d00f09b68195e0f73fa02bb.npz,physical,plus,budget,True,True,True,False,50,314,2400,128,102,1859,0.5909329159767367,results/stage6_v1/domain_wall_candidates/cache/9618db344d62fd5183e2c0c6181a2776607796fc262aaee1d128b42a96b17c91.npz
windows,8,0.8,0.575,boundary_window,H6,631,False,3.5055837499094196,11147,7056,0.2536032233028119,0.06431459486957586,0.9999999999999983,0.0,0.9979471662867235,0.0,-7.453342869392278,-7.464828835560391,0.0014357457710141297,0.019930780566236872,0.005192198460275299,0.004120093246431478,0.9968435916694075,False,True,False,False,results/stage6_v1/reference_atlas/cache/3a3997cb2b00ed271d28fac61208b9d53e8e3dd35d00f09b68195e0f73fa02bb.npz,physical,plus,budget,True,True,True,False,50,314,2400,128,102,1859,0.5909329159767367,results/stage6_v1/domain_wall_candidates/cache/9618db344d62fd5183e2c0c6181a2776607796fc262aaee1d128b42a96b17c91.npz
windows,8,0.8,0.575,boundary_window,B3,631,False,6.462773499020841,11860,7104,0.2330229823695918,0.054299710312419085,0.9999999999999996,0.0,0.9987118705226631,0.0,-7.454472482588562,-7.464828835560391,0.001294544121478669,0.02406891395137678,0.006555603703323476,0.0056753837550309605,0.9965562794779206,False,True,False,False,results/stage6_v1/reference_atlas/cache/3a3997cb2b00ed271d28fac61208b9d53e8e3dd35d00f09b68195e0f73fa02bb.npz,physical,antiphase,budget,False,False,True,False,49,307,2352,128,138,3743,2.2804709160118364,results/stage6_v1/legacy_b3/adaptive/cache/7a246b03cf9591ef1e69efc66a367fcbd0a96b4ab158d65df0f834995104cfe3.npz
windows,8,0.8,0.5875,boundary_window,C0,631,False,2.9536406259867363,9477,7008,0.265021787638762,0.07023654792324506,1.0,0.0,0.9980536103810198,0.0,-7.507107984634452,-7.521889891128799,0.001847738311793412,0.03523934132537632,0.009184859711870275,0.007275297237989808,0.9947209339648493,False,True,False,False,results/stage6_v1/reference_atlas/cache/68a981fa19d378d18fb07169e6283cb01f589ce809cbf44ef465480b9a61910d.npz,physical,antiphase,budget,True,True,True,False,49,307,2352,128,125,2927,0.9448303329991177,results/stage6_v1/domain_wall_candidates/cache/41d0e26d679673c10f511c04bd86bdc5cc29ee8179009f0218b3072e884c1d33.npz
windows,8,0.8,0.5875,boundary_window,H6,631,False,2.9536406259867363,9477,7008,0.265021787638762,0.07023654792324506,1.0,0.0,0.9980536103810198,0.0,-7.507107984634452,-7.521889891128799,0.001847738311793412,0.03523934132537632,0.009184859711870275,0.007275297237989808,0.9947209339648493,False,True,False,False,results/stage6_v1/reference_atlas/cache/68a981fa19d378d18fb07169e6283cb01f589ce809cbf44ef465480b9a61910d.npz,physical,antiphase,budget,True,True,True,False,49,307,2352,128,125,2927,0.9448303329991177,results/stage6_v1/domain_wall_candidates/cache/41d0e26d679673c10f511c04bd86bdc5cc29ee8179009f0218b3072e884c1d33.npz
windows,8,0.8,0.5875,boundary_window,B3,631,False,4.54230891604675,10282,7056,0.2553505901855692,0.06520392390811852,0.9999999999999991,0.0,0.9978151094325713,0.0,-7.5093683211317845,-7.521889891128799,0.0015651962496268101,0.02422329845784077,0.006582817656575701,0.00509053623676714,0.9960545262164084,False,True,False,False,results/stage6_v1/reference_atlas/cache/68a981fa19d378d18fb07169e6283cb01f589ce809cbf44ef465480b9a61910d.npz,physical,antiphase,budget,True,True,True,False,49,307,2352,128,142,3680,1.8141650829929858,results/stage6_v1/legacy_b3/adaptive/cache/6a0cac50df6591ea1d50ca419658fb483abe753976aa07a2da70a26594a0f6ee.npz
windows,8,0.8,0.6,boundary_window,C0,631,False,2.9155007500667125,9428,7056,0.27537775862744895,0.07583290994667753,0.9999999999999999,0.0,0.9978067703367253,0.0,-7.567582646148351,-7.580609036552339,0.0016282988004985288,0.02128576515135161,0.005679810618932343,0.003979912237316863,0.9964605918243985,False,True,False,False,results/stage6_v1/reference_atlas/cache/8a3133ee36812fd00a6cc504c5c5e851149087e6d26dc2655b7d521729a24da2.npz,physical,antiphase,budget,True,True,True,False,49,307,2352,128,121,2495,0.7808132080244832,results/stage6_v1/domain_wall_candidates/cache/d5a883d8613888ab992c680173d06f917b8f07635701ab7d0d561b5aeeb1e935.npz
windows,8,0.8,0.6,boundary_window,H6,631,False,2.9155007500667125,9428,7056,0.27537775862744895,0.07583290994667753,0.9999999999999999,0.0,0.9978067703367253,0.0,-7.567582646148351,-7.580609036552339,0.0016282988004985288,0.02128576515135161,0.005679810618932343,0.003979912237316863,0.9964605918243985,False,True,False,False,results/stage6_v1/reference_atlas/cache/8a3133ee36812fd00a6cc504c5c5e851149087e6d26dc2655b7d521729a24da2.npz,physical,antiphase,budget,True,True,True,False,49,307,2352,128,121,2495,0.7808132080244832,results/stage6_v1/domain_wall_candidates/cache/d5a883d8613888ab992c680173d06f917b8f07635701ab7d0d561b5aeeb1e935.npz
windows,8,0.8,0.6,boundary_window,B3,631,False,3.1624077920569107,7580,7008,0.27538088340817174,0.07583463094666508,1.0000000000000007,0.0,0.9978067306410466,0.0,-7.567582646279447,-7.580609036552339,0.001628298784111526,0.0212806896030594,0.005678660058431623,0.003978877602053621,0.9964608335177142,False,True,False,False,results/stage6_v1/reference_atlas/cache/8a3133ee36812fd00a6cc504c5c5e851149087e6d26dc2655b7d521729a24da2.npz,physical,antiphase,budget,True,True,True,False,49,307,2352,128,118,2575,1.2151473330450244,results/stage6_v1/legacy_b3/adaptive/cache/4f88da5da5f965990e6d8c9e0fa35583de1dd6507ca312e66023af1519f7a173.npz
windows,8,0.8,0.6125,boundary_window,C0,631,False,2.274387208977714,7559,6912,0.30494299760919186,0.09299023179087959,0.9999999999999999,0.0,0.9973363773946444,0.0,-7.624338278529917,-7.640927063285048,0.002073598094391338,0.0244985428839688,0.006988128586399162,0.00252827472785222,0.9951326409845536,False,True,False,False,results/stage6_v1/reference_atlas/cache/644688c6e1809b6e52697df33d40a137ab8cafa03c18b66df5ffb5ad0690f7f1.npz,physical,antiphase,budget,True,True,True,False,49,307,2352,128,118,2260,0.7040827079908922,results/stage6_v1/domain_wall_candidates/cache/d0f817d44b4ac34a3a209c181e832a27c8441072e1ea387a27061a21ed0f809d.npz
windows,8,0.8,0.6125,boundary_window,H6,631,False,2.274387208977714,7559,6912,0.30494299760919186,0.09299023179087959,0.9999999999999999,0.0,0.9973363773946444,0.0,-7.624338278529917,-7.640927063285048,0.002073598094391338,0.0244985428839688,0.006988128586399162,0.00252827472785222,0.9951326409845536,False,True,False,False,results/stage6_v1/reference_atlas/cache/644688c6e1809b6e52697df33d40a137ab8cafa03c18b66df5ffb5ad0690f7f1.npz,physical,antiphase,budget,True,True,True,False,49,307,2352,128,118,2260,0.7040827079908922,results/stage6_v1/domain_wall_candidates/cache/d0f817d44b4ac34a3a209c181e832a27c8441072e1ea387a27061a21ed0f809d.npz
windows,8,0.8,0.6125,boundary_window,B3,631,False,3.3808080840390176,8100,6864,0.24838941335619028,0.061697300667432356,1.0000000000000004,0.0,0.9988889364880997,0.0,-7.630463175740768,-7.640927063285048,0.0013079859430349394,0.0226032621578679,0.0060191412273798706,0.002901534165360764,0.9970774720223631,False,True,False,False,results/stage6_v1/reference_atlas/cache/644688c6e1809b6e52697df33d40a137ab8cafa03c18b66df5ffb5ad0690f7f1.npz,physical,antiphase,budget,True,True,True,False,49,307,2352,128,123,2783,1.2442872920073569,results/stage6_v1/legacy_b3/adaptive/cache/f57842317c385866c1651df7e723efb551e6ee3b49efa46654a637a308a626d2.npz
windows,8,0.8,0.625,boundary_window,C0,631,False,2.630983999930322,8459,7056,0.3090528946552014,0.09551369169475903,0.9999999999999998,0.0,0.9972839711412513,0.0,-7.685978208639287,-7.702779492779345,0.002100160517507277,0.024289885189750726,0.007028244094942196,0.0017329418800843266,0.9951567513941958,False,True,False,False,results/stage6_v1/reference_atlas/cache/6a9cd7d8797f7dfbd447d1755cfa180174a33f74f22d3e54fa26bf81e70bba87.npz,physical,antiphase,budget,True,True,True,False,49,307,2352,128,124,2341,0.7263068749452941,results/stage6_v1/domain_wall_candidates/cache/541b1f435280868f900cdc5dfa6c6ef55663a20373603d8a4a618c43f6255d44.npz
windows,8,0.8,0.625,boundary_window,H6,631,False,2.630983999930322,8459,7056,0.3090528946552014,0.09551369169475903,0.9999999999999998,0.0,0.9972839711412513,0.0,-7.685978208639287,-7.702779492779345,0.002100160517507277,0.024289885189750726,0.007028244094942196,0.0017329418800843266,0.9951567513941958,False,True,False,False,results/stage6_v1/reference_atlas/cache/6a9cd7d8797f7dfbd447d1755cfa180174a33f74f22d3e54fa26bf81e70bba87.npz,physical,antiphase,budget,True,True,True,False,49,307,2352,128,124,2341,0.7263068749452941,results/stage6_v1/domain_wall_candidates/cache/541b1f435280868f900cdc5dfa6c6ef55663a20373603d8a4a618c43f6255d44.npz
windows,8,0.8,0.625,boundary_window,B3,631,False,3.330769542022608,8946,7104,0.24054181530650517,0.05786036491094885,0.9999999999999994,0.0,0.998602683541606,0.0,-7.692820981179303,-7.702779492779345,0.001244813950005197,0.017766720478929243,0.0049168432072787815,0.001231134976345638,0.9973622139379603,False,True,False,False,results/stage6_v1/reference_atlas/cache/6a9cd7d8797f7dfbd447d1755cfa180174a33f74f22d3e54fa26bf81e70bba87.npz,physical,antiphase,budget,True,True,True,False,50,308,2400,128,125,3044,1.2416708749951795,results/stage6_v1/legacy_b3/adaptive/cache/afc3af4977a7304d6fd78aca393a0d4bcc1e45102e0a501fb3a6840031411a8d.npz
windows,8,0.8,0.6375,boundary_window,C0,631,False,2.306169166986365,7415,7008,0.3223831405406398,0.10393088930484592,0.9999999999999983,0.0,0.9978881668504938,0.0,-7.749842361621212,-7.76609815188077,0.002031973782444685,0.023637732951054202,0.006860801401585306,0.0010176306660282242,0.9958678132127452,False,True,False,False,results/stage6_v1/reference_atlas/cache/632988f014021bdc69674e6460847f57acffed3f306a76cb1c0bbda550edde0e.npz,physical,plus,budget,True,True,True,False,51,315,2448,128,115,2213,0.717342332995031,results/stage6_v1/domain_wall_candidates/cache/d6573c024f5b6ce8f6bf5f61023dce1efb85e9e1a4f1658b8ecbfbfc9badfb99.npz
windows,8,0.8,0.6375,boundary_window,H6,631,False,2.306169166986365,7415,7008,0.3223831405406398,0.10393088930484592,0.9999999999999983,0.0,0.9978881668504938,0.0,-7.749842361621212,-7.76609815188077,0.002031973782444685,0.023637732951054202,0.006860801401585306,0.0010176306660282242,0.9958678132127452,False,True,False,False,results/stage6_v1/reference_atlas/cache/632988f014021bdc69674e6460847f57acffed3f306a76cb1c0bbda550edde0e.npz,physical,plus,budget,True,True,True,False,51,315,2448,128,115,2213,0.717342332995031,results/stage6_v1/domain_wall_candidates/cache/d6573c024f5b6ce8f6bf5f61023dce1efb85e9e1a4f1658b8ecbfbfc9badfb99.npz
windows,8,0.8,0.6375,boundary_window,B3,631,False,2.7026454999577254,7571,7008,0.3223814833184212,0.10392982078658548,0.9999999999999986,0.0,0.9978881041538658,0.0,-7.749842361671045,-7.76609815188077,0.0020319737762155565,0.02363705236716529,0.006860648758015106,0.0010174130316341623,0.9958677991433307,False,True,False,False,results/stage6_v1/reference_atlas/cache/632988f014021bdc69674e6460847f57acffed3f306a76cb1c0bbda550edde0e.npz,physical,plus,budget,True,True,True,False,51,315,2448,128,117,2248,0.8555422920035198,results/stage6_v1/legacy_b3/adaptive/cache/36cd11fff7e6eb0906488b8b6463733efe2538d09437fad208981428e127eb53.npz
windows,8,0.8,0.65,boundary_window,C0,631,False,2.837180375063326,8976,7200,0.2702580464756698,0.0730394116848453,0.9999999999999986,0.0,0.9984691145287621,0.0,-7.819188022622599,-7.8308126742712965,0.0014530814560871352,0.01727147010501756,0.00526616278232217,0.0006643377708704934,0.997128178131868,False,True,False,False,results/stage6_v1/reference_atlas/cache/ad8f21cf5ac445dac83094335af4bb43b120d2df2cf6d02822885e19ffd12089.npz,physical,plus,budget,True,True,True,False,52,316,2496,128,122,2762,0.9126227910164744,results/stage6_v1/domain_wall_candidates/cache/db2bb69625060481ed320f5f7c8d3facedf230838c7aa9a834d84cfabf5bb429.npz
windows,8,0.8,0.65,boundary_window,H6,631,False,2.837180375063326,8976,7200,0.2702580464756698,0.0730394116848453,0.9999999999999986,0.0,0.9984691145287621,0.0,-7.819188022622599,-7.8308126742712965,0.0014530814560871352,0.01727147010501756,0.00526616278232217,0.0006643377708704934,0.997128178131868,False,True,False,False,results/stage6_v1/reference_atlas/cache/ad8f21cf5ac445dac83094335af4bb43b120d2df2cf6d02822885e19ffd12089.npz,physical,plus,budget,True,True,True,False,52,316,2496,128,122,2762,0.9126227910164744,results/stage6_v1/domain_wall_candidates/cache/db2bb69625060481ed320f5f7c8d3facedf230838c7aa9a834d84cfabf5bb429.npz
windows,8,0.8,0.65,boundary_window,B3,631,False,3.165431999019347,8335,7200,0.3026616681843707,0.0916040853881461,0.9999999999999991,0.0,0.9985183009228207,0.0,-7.81510851989656,-7.8308126742712965,0.0019630192968420612,0.020464877481330968,0.00627033312607099,0.0003814733901661427,0.9959687428540169,False,True,False,False,results/stage6_v1/reference_atlas/cache/ad8f21cf5ac445dac83094335af4bb43b120d2df2cf6d02822885e19ffd12089.npz,physical,antiphase,budget,True,True,True,False,49,307,2352,128,122,2542,1.0630574999959208,results/stage6_v1/legacy_b3/adaptive/cache/578f6e09a9da7829d91bd0eaac44be6353b0091a52d5eeb52688a2f596b00c35.npz
windows,8,0.8,0.6625,boundary_window,C0,631,False,2.8581032080110162,9122,7200,0.25922110909437035,0.06719558340011546,0.9999999999999989,0.0,0.9987295108904448,0.0,-7.886632482460712,-7.89685186208764,0.0012774224533660394,0.012609805385741968,0.003998196245350152,0.0010630953413768296,0.9977499221003604,False,True,False,False,results/stage6_v1/reference_atlas/cache/b9e4ea68af92683dd45c891a1e69a6472da5dec343b2ede211b651431aad0430.npz,physical,plus,budget,True,True,True,False,52,316,2496,128,125,2780,0.9339262910070829,results/stage6_v1/domain_wall_candidates/cache/000e16d24583d1ee11cbe9d96363784ed605f7137b3d49dfe12c0834ca84fc9e.npz
windows,8,0.8,0.6625,boundary_window,H6,631,False,2.8581032080110162,9122,7200,0.25922110909437035,0.06719558340011546,0.9999999999999989,0.0,0.9987295108904448,0.0,-7.886632482460712,-7.89685186208764,0.0012774224533660394,0.012609805385741968,0.003998196245350152,0.0010630953413768296,0.9977499221003604,False,True,False,False,results/stage6_v1/reference_atlas/cache/b9e4ea68af92683dd45c891a1e69a6472da5dec343b2ede211b651431aad0430.npz,physical,plus,budget,True,True,True,False,52,316,2496,128,125,2780,0.9339262910070829,results/stage6_v1/domain_wall_candidates/cache/000e16d24583d1ee11cbe9d96363784ed605f7137b3d49dfe12c0834ca84fc9e.npz
windows,8,0.8,0.6625,boundary_window,B3,631,False,3.713912791979965,9235,7200,0.2592204500193874,0.06719524170825374,0.9999999999999981,0.0,0.9987295611248493,0.0,-7.8866324824951,-7.89685186208764,0.001277422449067478,0.012609212187170094,0.003998100464644119,0.0010634322380924655,0.9977499336087794,False,True,False,False,results/stage6_v1/reference_atlas/cache/b9e4ea68af92683dd45c891a1e69a6472da5dec343b2ede211b651431aad0430.npz,physical,plus,budget,True,True,True,False,52,316,2496,128,125,2817,1.2976671669748612,results/stage6_v1/legacy_b3/adaptive/cache/18737f508182d4ffd8bcde2e0cfdcc7e5012f66c40fd4c47bc73d33c4ac63012.npz
windows,8,0.8,0.675,boundary_window,C0,631,False,2.8454069169820286,9016,7248,0.2696819709421567,0.07272836545124624,0.9999999999999983,0.0,0.9984593214272146,0.0,-7.954114435040415,-7.964144865035654,0.0012538037494048693,0.00523993170030098,0.0018823740782918236,0.003631691848215546,0.9980456115484081,False,True,False,False,results/stage6_v1/reference_atlas/cache/711fb8eac38c09c9a83c8aa6f8a9c53c495e1a658e4c477fb997e73915e8b261.npz,physical,plus,budget,True,True,True,False,53,317,2544,128,131,2793,0.9229905839893036,results/stage6_v1/domain_wall_candidates/cache/2d02455241648791c80824f432e476698577e918828b15e11fc108d8554a99fb.npz
windows,8,0.8,0.675,boundary_window,H6,631,False,2.8454069169820286,9016,7248,0.2696819709421567,0.07272836545124624,0.9999999999999983,0.0,0.9984593214272146,0.0,-7.954114435040415,-7.964144865035654,0.0012538037494048693,0.00523993170030098,0.0018823740782918236,0.003631691848215546,0.9980456115484081,False,True,False,False,results/stage6_v1/reference_atlas/cache/711fb8eac38c09c9a83c8aa6f8a9c53c495e1a658e4c477fb997e73915e8b261.npz,physical,plus,budget,True,True,True,False,53,317,2544,128,131,2793,0.9229905839893036,results/stage6_v1/domain_wall_candidates/cache/2d02455241648791c80824f432e476698577e918828b15e11fc108d8554a99fb.npz
windows,8,0.8,0.675,boundary_window,B3,631,False,3.273473749984987,8348,7392,0.26968137456570374,0.0727280437876474,0.9999999999999983,0.0,0.9984589972161352,0.0,-7.9541144349823245,-7.964144865035654,0.001253803756666172,0.005239793448848465,0.001882305183582858,0.003631740723907928,0.9980454653074077,False,True,False,False,results/stage6_v1/reference_atlas/cache/711fb8eac38c09c9a83c8aa6f8a9c53c495e1a658e4c477fb997e73915e8b261.npz,physical,plus,budget,True,True,True,False,53,317,2544,128,133,2825,1.1363185420050286,results/stage6_v1/legacy_b3/adaptive/cache/af085e753f682a57f2f25b9cc6412cd6070f4f4f6cf01ea7e1ace4cdd85827d2.npz
